# format	twist_snake_sector_blocks_v2
# status	NON-CANONICAL floating-point engineering diagnostic
# L	10
# k	2
# chain	1
# kind	4
# kind_name	class0
# base	0
# restriction	0
# schedule	up_only
# seed	202609310241
# seam_size	100
# start_twist	1
# chain_initial	hot1C0
# warmup_sweeps	512
# dwell_sweeps	16384
# dwell_long_sweeps	32768
# visit_sweeps	2048
# equilibration_sweeps	32
# post_forcing_sweeps	512
# block_length	512
# segments	100
# seam_order	x2_fastest_then_x3
# class_rule	class0_if_2W_ge_minus_n_else_classMinus
# action_density	minus_sum_logW_divided_by_6L4
# sampling	every_production_sweep_after_full_heatbath_sweep
L	k	chain	kind	segment	n	phase	block	count	sumFn	sumFn2	sumFi	sumFi2	sumBn	sumBn2	sumBi	sumBi2	sumPFi	sumPFi2	sumY	sumY2	sumS	sumS2	hF0	hF1	hF2	hF3	hF4	hB0	hB1	hB2	hB3	hB4	sec0	secMinus	secPlus	secOther	untMinus	untPlus	untOther	pure0	pureMinus	purePlus	flips	classMinus	sumW	minW	maxW	forced
10	2	1	4	0	1	up	0	512	320.687807377214	1440.6570792127	294.724240926049	452.092383590877	1213.96999002435	9558.11687133196	1188.67751464892	5156.67011871938	505.259115584803	502.106954008483	17.4219721150438	50.6367795578299	-593.678228228719	688.388846562048	259	81	4	10	152	106	298	81	8	19	472	0	39	1	4551	4559	457	0	0	0	0	0	41	0	2	0
10	2	1	4	0	1	up	1	512	276.907910677525	1255.16763737386	270.739666787579	384.490672899188	1095.6305964856	8228.77363903576	1108.71794354018	4367.53330587182	506.080656412718	503.119567798844	34.9858052300907	47.1027210702605	-593.508758848738	687.995793160153	304	69	3	9	123	106	316	70	5	15	456	0	54	2	4572	4708	475	0	0	0	0	0	59	0	3	0
10	2	1	4	0	1	up	2	512	279.300519806901	982.523348788095	285.496582345603	389.633016070089	865.2595701528	5950.52184788158	962.211158187204	3396.91879901303	502.931437896931	498.811314342068	4.41873394355057	48.1373197121411	-593.622537193763	688.259550183419	258	72	1	7	164	133	309	51	1	18	461	0	49	2	4492	4449	424	0	0	0	0	0	53	0	2	0
10	2	1	4	0	1	up	3	512	298.377534133154	1259.42312884686	283.65420817096	411.053965363034	1017.16659114936	7454.36355568676	1080.74194665573	4243.82495858591	500.665932343036	496.257306192366	-1.87698739595826	52.2235799376201	-593.696414584449	688.430992850497	258	87	5	8	143	110	309	63	5	25	463	0	44	5	4603	4543	477	0	0	0	0	0	54	0	2	0
10	2	1	4	1	2	up	0	512	259.775168261271	965.164531753841	262.078924845685	350.651440225423	824.691942694988	5741.78945032575	801.031641097506	2915.09504518704	469.294688435334	453.682050201604	4.50367555302442	43.2797825403718	-593.531655862432	688.048842862884	256	56	1	7	147	116	226	40	24	29	775	161	83	5	4663	4562	478	0	0	0	0	0	-80	-1	2	0
10	2	1	4	1	2	up	1	512	261.2447917169	1260.66614120183	239.88966425855	335.247042246049	842.432075981866	5995.64360892998	831.135539673502	3074.95387719168	470.588907604525	456.097807683227	17.1855026408489	50.7730350883359	-593.695424831456	688.42866300263	274	72	1	10	113	102	229	44	20	40	782	152	82	8	4547	4457	436	0	0	0	0	0	-66	-1	2	0
10	2	1	4	1	2	up	2	512	262.488693752834	1027.59005824595	251.872150852671	324.306548842131	723.204138623121	4605.7198901188	786.098271291328	2633.67120277027	470.723377255593	456.639084266231	13.7857787526583	49.3556084117243	-593.702006701763	688.443714940217	273	57	5	6	131	102	249	32	18	41	781	162	78	3	4531	4549	447	0	0	0	0	0	-86	-1	2	0
10	2	1	4	1	2	up	3	512	250.257947334397	797.778557071195	259.033016487011	334.5466230431	811.583295574679	5667.59807243242	823.225144999195	3022.85695206691	464.764212446966	448.319613351279	15.9114499619791	55.962651289481	-593.674103005233	688.379225007233	250	57	2	5	152	99	230	41	20	39	772	172	78	2	4631	4651	431	0	0	0	0	0	-94	-1	2	0
10	2	1	4	2	3	up	0	512	324.295198247838	1444.59017152191	296.958769327527	407.529759780234	971.063265588112	7151.01721777055	928.610826866518	3407.05185819877	507.8229671165	506.606056829666	25.2451598081551	50.5837446311518	-593.534535258863	688.055885368559	261	77	4	10	156	142	256	56	16	37	1206	205	114	11	4437	4559	444	0	0	0	0	0	-80	-1	4	1
10	2	1	4	2	3	up	1	512	270.950483150029	1011.8425856939	270.315896853556	341.533614621304	951.360383214675	6835.63432038893	929.672946253835	3434.44130216277	508.559700742035	507.270345633173	16.6103817432982	46.804678206462	-593.701144239521	688.441958947255	272	82	2	7	146	143	254	51	21	39	1197	223	108	8	4473	4459	446	0	0	0	0	0	-115	-1	3	1
10	2	1	4	2	3	up	2	512	216.812715735035	539.800239773319	245.244072941863	236.880464482668	894.64153616405	6200.83493018533	896.38283676533	3012.84382582548	508.445969012171	506.693046754662	24.8490700303163	53.9486264445209	-593.647309195061	688.317218763108	280	94	4	2	128	133	293	50	9	25	1196	187	145	8	4521	4525	439	0	0	0	0	0	-34	-1	3	1
10	2	1	4	2	3	up	3	512	312.401332868777	1412.08260570481	302.625839520401	558.14820785168	940.87760414155	6450.31519675909	926.490658404041	3223.72634503382	509.441819361263	508.299319937326	24.7201203277777	41.847549659727	-593.742284310813	688.537577313426	276	80	6	9	139	117	292	48	19	33	1226	159	141	10	4441	4496	450	0	0	0	0	0	-10	-1	3	1
10	2	1	4	3	4	up	0	512	316.576351197213	1613.68435013706	279.038789479277	434.158980723508	944.699776753421	6872.19651301171	896.837715331942	3307.58953227921	494.123361773161	488.528746803421	33.7529781376531	48.0305858940771	-593.598160336593	688.203247791796	267	76	1	13	137	123	244	51	22	28	1563	300	163	22	4345	4554	464	0	0	0	0	0	-157	-2	3	0
10	2	1	4	3	4	up	1	512	267.178420508773	1090.4381472051	263.988844867369	330.581229771916	763.769253581563	5119.86587310952	789.825721024724	2726.41858766459	477.92068252519	468.954816518049	24.2812929021066	54.8990754017591	-593.450190233577	687.859880768683	272	65	4	7	131	113	230	36	20	61	1565	319	129	35	4458	4480	463	0	0	0	0	0	-236	-2	2	0
10	2	1	4	3	4	up	2	512	242.467704076904	588.888207148435	282.703457081748	360.568492863265	890.660013340609	6458.94426875367	828.624078972745	3014.61326303988	495.853267998185	490.22548899802	26.4804732680761	52.3828899804108	-593.655047632496	688.334788841026	254	76	2	3	162	134	238	49	18	23	1589	279	163	17	4383	4458	445	0	0	0	0	0	-122	-2	3	0
10	2	1	4	3	4	up	3	512	308.918553795651	1330.84552139997	284.129644623628	355.45508450787	847.543532161867	5917.9627891978	843.827997265683	2897.30391915417	493.623024291369	487.542312723829	29.7697196953315	49.4046828557562	-593.495440656348	687.96498946213	250	78	4	9	152	130	245	44	18	41	1527	330	165	26	4539	4446	441	0	0	0	0	0	-169	-2	3	0
10	2	1	4	4	5	up	0	512	247.55003996222	889.067615665562	270.634184042495	416.521952061632	840.424538483755	5710.00575813618	919.176106555478	3245.06148976526	506.530135085486	504.709390075267	21.8182805154078	49.0402805779801	-593.62209012755	688.25855916056	287	91	7	4	117	128	240	40	23	80	1874	427	222	37	4418	4350	431	0	0	0	0	0	-215	-2	4	0
10	2	1	4	4	5	up	1	512	316.31397198472	1532.76362366993	290.747548668688	433.035566515937	892.410789745613	6357.7407232512	888.528284911151	3233.35822950818	511.743329674967	511.542032124273	11.9321846219857	48.9292354142759	-593.707526698835	688.456440919535	263	100	4	11	134	166	246	48	18	31	1921	416	198	25	4496	4175	467	0	0	0	0	0	-243	-2	3	0
10	2	1	4	4	5	up	2	512	297.700962994711	1219.2040835633	281.156179152268	350.286566510032	1001.01004999748	7185.2419928713	982.110286384872	3724.39668679583	509.763219476429	508.781240385769	34.7324047233268	49.0305011587139	-593.738173494963	688.527920328019	283	65	4	8	150	140	275	54	21	22	1965	357	209	29	4382	4307	437	0	0	0	0	0	-173	-2	3	0
10	2	1	4	4	5	up	3	512	265.836514470657	926.912599004702	271.626209569863	303.725163769187	896.673465518428	6047.85028837146	907.147400275855	3096.17135819647	508.151751503448	507.281400669831	34.1999086553575	51.8121338855244	-593.575649115271	688.151162357992	254	91	0	7	155	127	281	44	20	39	1923	385	227	25	4346	4377	415	0	0	0	0	0	-168	-2	3	0
10	2	1	4	5	6	up	0	512	305.430453163462	1268.13424016644	305.463431050489	560.288802655336	797.69223925531	5311.22440695387	805.620435877964	2661.99315676372	498.752409681272	494.906457016616	42.5682276235453	60.9933300722452	-593.48933630921	687.950773005693	259	73	5	8	152	137	249	38	19	51	2313	460	259	40	4368	4328	426	0	0	0	0	0	-205	-3	4	0
10	2	1	4	5	6	up	1	512	258.979603444715	724.900318119596	282.337141744727	350.305353310213	980.434588481236	7125.12969027789	949.004878944421	3624.17143621322	505.772387026026	503.734378946722	21.3972960639938	48.8636566719127	-593.462929420875	687.889544957189	267	74	5	3	157	136	246	52	25	38	2357	435	244	36	4507	4118	424	0	0	0	0	0	-236	-3	4	0
10	2	1	4	5	6	up	2	512	253.33244916128	816.797020877341	272.528937623448	420.837149042847	807.562305898749	5517.05420202082	851.258997825713	2825.19742584205	503.118563843261	500.392615492923	32.078640763194	53.3138079867646	-593.573941224666	688.146963267451	276	81	5	4	139	132	251	42	14	56	2258	523	246	45	4448	4361	468	0	0	0	0	0	-336	-3	2	0
10	2	1	4	5	6	up	3	512	234.146787714718	835.240784623668	256.062894455278	355.958663014617	912.379156951557	6579.55555659789	878.722637920497	3187.89113979972	493.070712100414	487.095301529316	31.1880413976268	50.8052695078325	-593.773665187709	688.610123336191	279	81	1	6	126	133	217	46	28	62	2295	501	238	38	4299	4264	405	0	0	0	0	0	-304	-3	4	0
10	2	1	4	6	7	up	0	512	276.767334202838	1097.71478331941	265.936291545241	314.88710685682	1052.30716762404	7694.29368397091	979.994854735108	3577.64888761596	510.732335806291	510.494601267298	47.1087812262554	51.3930209856543	-593.619393155722	688.252491608655	293	69	4	7	138	125	267	57	25	35	2671	578	301	34	4156	4273	421	0	0	0	0	0	-321	-3	4	1
10	2	1	4	6	7	up	1	512	306.091059624717	1286.11916517022	292.696406692733	423.11650375708	810.509090308119	5323.36711441063	859.191459932063	2737.9093934682	510.998619116176	510.353555814522	56.8511536929823	53.0353594525572	-593.535961815074	688.058785193322	259	86	3	9	154	142	277	40	14	35	2717	548	277	42	4385	4455	456	0	0	0	0	0	-325	-3	3	1
10	2	1	4	6	7	up	2	512	325.738213908152	1386.94585461716	303.404129392498	432.621911341579	809.159053651247	5204.79278249769	858.778306501633	2792.49293268356	511.339232329769	511.014683059645	35.803701146431	48.7621611303744	-593.658759745091	688.343506916604	254	82	5	9	161	140	268	36	21	47	2675	590	283	36	4336	4265	376	0	0	0	0	0	-348	-3	4	1
10	2	1	4	6	7	up	3	512	284.995568121904	1166.20428179624	285.227428019233	439.157532569244	958.880413201243	6745.71960692889	945.224516623688	3290.72687754891	509.240056190742	508.62797182703	45.9174930964941	50.6387659017823	-593.541327461969	688.071353535309	282	85	8	6	128	124	258	48	26	56	2635	627	267	55	4336	4356	455	0	0	0	0	0	-411	-3	5	1
10	2	1	4	7	8	up	0	512	309.974281885652	1290.96104288935	309.673234796989	536.407536572292	884.174721768113	5957.3851817509	900.321535865085	3189.53598049063	507.498634179381	505.538864795776	44.3130541009792	57.9479377348374	-593.548973343622	688.089013454202	258	79	3	9	159	138	269	42	23	31	3069	684	291	52	4277	4120	420	0	0	0	0	0	-445	-4	3	0
10	2	1	4	7	8	up	1	512	351.364081955335	1652.0703248197	319.287372495065	521.310256597058	848.615224929057	5957.21209774977	846.817161319232	3013.62095908827	505.313573734866	502.387547111667	32.7983227541932	50.917530989973	-593.562281946493	688.119645429702	257	72	6	11	160	141	237	44	19	49	3053	701	281	61	4395	4132	441	0	0	0	0	0	-488	-4	5	0
10	2	1	4	7	8	up	2	512	248.611089611284	731.933941878936	277.212859800652	334.583087303395	816.432372542188	5429.72601640186	864.907563257143	2937.71867229919	504.667703004898	501.871182579793	59.2580896824604	60.2615555344714	-593.671731421996	688.373637261972	256	94	3	4	148	139	242	37	24	63	2978	706	337	75	4290	4253	409	0	0	0	0	0	-423	-4	6	0
10	2	1	4	7	8	up	3	512	292.061939330031	1231.25600121484	290.002590736348	430.767569638731	984.039466852489	7090.64654463605	953.910373458369	3599.9032778118	506.971713418341	506.113407700538	54.4981289508991	57.0488703222272	-593.621178606861	688.256487501823	260	91	2	9	146	144	227	48	34	52	3034	696	316	50	4151	4217	418	0	0	0	0	0	-420	-4	4	0
10	2	1	4	8	9	up	0	512	403.393202250021	2081.28603793132	406.112183842271	892.0964820067	876.845971347494	5830.31850061204	907.730312600371	3255.8958361381	511.99994250271	511.999885008726	59.2274482289896	54.428197737254	-593.545684836051	688.081705722253	240	71	3	16	182	132	267	40	25	48	3413	795	329	71	4202	4249	438	0	0	0	0	0	-573	-4	4	0
10	2	1	4	8	9	up	1	512	395.605471491898	2131.17667104399	376.663303791105	826.12876082535	878.485291572496	6165.04799078079	864.94951469197	2970.04694851999	511.519807157507	511.10556048992	49.2378150131288	53.4410392232418	-593.613793950157	688.239324517483	246	78	2	17	169	148	241	45	21	56	3402	807	329	70	4241	4212	407	0	0	0	0	0	-557	-4	3	0
10	2	1	4	8	9	up	2	512	354.899780058769	1556.47750078163	350.904702190005	537.963326915006	834.493125630929	5468.23332734804	870.103813937439	2997.64972495621	511.711740303111	511.464583342938	52.5182839537042	57.7398371031578	-593.612189815768	688.235733945894	252	57	1	12	190	139	281	40	17	33	3559	648	349	52	4223	4198	449	0	0	0	0	0	-356	-4	5	0
10	2	1	4	8	9	up	3	512	377.891946000336	1837.39859539564	358.841057328902	617.458078401472	950.612415869364	6794.69515843464	936.245505549286	3423.56999760377	511.53719497966	511.187456837811	57.4938683686243	59.975058671812	-593.597376162859	688.201112865814	245	76	5	13	173	138	260	51	20	43	3443	748	350	67	4216	4216	414	0	0	0	0	0	-478	-4	5	0
10	2	1	4	9	10	up	0	512	340.2447917169	1481.12512153933	325.152169552109	477.696752666999	746.042275912182	4762.817032759	728.156386767353	2303.38858282606	508.691175769177	508.062786926634	56.6522604841991	56.3650279627706	-593.579248588799	688.159860660719	242	77	2	11	177	175	249	33	19	31	3907	771	375	67	4256	4260	431	0	0	0	0	0	-444	-5	4	0
10	2	1	4	9	10	up	1	512	388.950186589707	2009.21306059546	368.452608548145	786.79931971078	757.119290238435	4853.90528332403	743.244336710864	2475.43441252697	501.281792214503	499.081020286879	48.8881639154272	57.1527708789456	-593.568280203058	688.133669412725	255	67	9	13	157	159	246	33	21	44	3799	896	353	72	4213	4188	422	0	0	0	0	0	-633	-5	3	0
10	2	1	4	9	10	up	2	512	332.49933687096	1414.33778566892	342.944911797095	672.292308578518	793.538210602804	5462.8533373535	747.62210809705	2408.4512360629	508.836187753071	507.445360980162	66.4989242695016	58.4102683742491	-593.641780004071	688.304126784222	259	65	3	10	173	173	244	42	13	28	3849	819	391	61	4167	4142	403	0	0	0	0	0	-519	-5	3	0
10	2	1	4	9	10	up	3	512	403.350629777517	2122.80565808161	336.504336671189	576.33577706224	774.777087639997	5225.10275918143	746.920760084711	2422.05702599298	510.184068083704	509.358485246643	56.2012585201056	53.5005923923298	-593.576422658734	688.152651073909	268	58	9	14	161	172	241	39	15	42	3914	739	409	58	4228	4084	423	0	0	0	0	0	-392	-5	6	0
10	2	1	4	10	11	up	0	512	355.95550814877	1440.05810057258	381.36880741641	675.520958151249	840.694751754681	5514.28199778461	858.912950740883	2934.77247113617	511.78740806685	511.619585012722	73.6946025321777	64.675924579729	-593.57049922649	688.13880381256	240	60	3	10	199	135	280	40	18	38	4230	885	412	105	4153	4182	414	0	0	0	0	0	-602	-5	4	0
10	2	1	4	10	11	up	1	512	324.380046632525	1306.75732747292	339.570470013588	531.419406077533	890.264891711863	6159.91400548527	875.389778389742	3116.97909485745	511	511	90.4872664119186	64.6649106549402	-593.502426108789	687.981162174859	252	72	3	9	175	162	252	44	23	30	4257	795	501	79	3852	4167	421	0	0	0	0	0	-384	-5	5	0
10	2	1	4	10	11	up	2	512	359.798966996894	1425.28298894929	387.542431507055	696.061274834281	730.514411867182	4606.482664219	747.314076882342	2313.36828524616	511.920851747696	511.847780363902	80.2546855094804	62.8248819664002	-593.526767747085	688.037666762014	242	56	5	9	200	175	265	34	13	25	4254	874	427	77	4017	4154	420	0	0	0	0	0	-527	-5	4	0
10	2	1	4	10	11	up	3	512	336.631782726891	1380.01236584208	350.735316472565	538.131589358519	879.734515167492	6008.7044186567	850.782757375726	2848.18108739907	511.880960802181	511.771010726305	78.6468109189071	65.5570234403587	-593.526337055904	688.036500424661	270	44	2	10	186	136	273	45	17	41	4258	837	452	85	4098	4227	442	0	0	0	0	0	-496	-5	5	0
10	2	1	4	11	12	up	0	512	466.255138274704	2798.86638285136	428.02816197414	939.481197136106	673.225424859374	4269.21534496474	649.664016231202	1973.94977888413	511.661007663539	511.363134856763	90.052437415131	63.2184150075769	-593.649113770736	688.321066028399	243	65	2	23	179	202	225	30	16	35	4759	854	440	91	3939	4079	429	0	0	0	0	0	-522	-6	4	0
10	2	1	4	11	12	up	1	512	361.199410184703	1643.32237084481	376.107779067138	736.146262927637	730.986844382504	4549.51340891025	766.762194131112	2654.48263221904	508.255144124001	507.291916696676	67.1261974103245	59.7636949460539	-593.463329378944	687.89064263365	263	47	3	12	183	156	239	29	24	61	4485	1069	494	96	4143	4062	454	0	0	0	0	0	-658	-6	4	0
10	2	1	4	11	12	up	2	512	422.395714749391	2123.26158943708	420.430280665294	880.866685254621	749.098004002183	5000.73798577806	706.596170735535	2256.60112428112	509.939536589611	509.476204098115	96.142241736744	68.4424040249827	-593.613430325406	688.238443903816	238	58	6	15	193	187	236	37	15	34	4694	873	505	72	3939	4114	405	0	0	0	0	0	-401	-6	5	0
10	2	1	4	11	12	up	3	512	437.334665100327	2120.40745915183	442.899348347183	997.868192200977	752.92830723281	5357.12096811666	676.170995245614	2121.29428871486	511.788592775795	511.589392644238	89.8517892713512	63.4628564022608	-593.648533191374	688.319944914247	229	55	8	14	206	197	216	43	9	42	4790	789	474	91	3981	4028	412	0	0	0	0	0	-394	-6	6	0
10	2	1	4	12	13	up	0	512	389.971176265637	1577.85116626018	407.630626860462	817.147925496871	650.493422191252	4123.76861719335	624.825684943364	1698.74215659356	512	512	85.5086566167693	66.7041770959725	-593.503122903783	687.982717416396	246	37	8	9	212	196	236	32	8	40	5067	960	549	80	4046	3979	456	0	0	0	0	0	-475	-6	5	0
10	2	1	4	12	13	up	1	512	467.560089959701	2683.27968509634	433.271342581219	950.667907116355	713.580783075309	4646.44014838448	694.512424643166	2101.15697428345	511.995600221667	511.991219801384	87.2361631530261	67.5307204784727	-593.52798672208	688.040386766562	243	55	4	21	189	193	242	35	12	30	5052	955	552	97	4054	3968	382	0	0	0	0	0	-483	-6	5	0
10	2	1	4	12	13	up	2	512	371.228530479389	1595.4621425955	404.266751271282	793.075685068359	643.005321559063	4115.78072816451	603.132249179773	1703.10289040001	512	512	88.5552819016603	63.7976133033707	-593.535676852418	688.058100812649	258	41	4	11	198	209	228	32	8	35	5190	860	520	86	4154	3982	396	0	0	0	0	0	-415	-6	5	0
10	2	1	4	12	13	up	3	512	511.178123948451	3065.23711262384	459.029970083635	1085.63688177979	710.944271909999	4603.55575483083	674.166764470837	2013.37455162327	511.989275103475	511.978646497935	96.7170147838608	69.2265984266954	-593.462871066904	687.889209801284	227	61	5	24	195	180	246	35	11	40	5240	805	524	87	3886	4083	412	0	0	0	0	0	-316	-6	4	0
10	2	1	4	13	14	up	0	512	389.878493822517	1811.96375204349	417.30099630291	828.706487988283	588.193792065318	3445.48306068487	593.324934132738	1547.31770929095	511.277088560398	510.780150692007	108.771299224489	75.4356540086133	-593.613948114599	688.239719302187	244	55	4	13	195	189	247	27	5	42	5674	915	507	72	4023	4034	365	0	0	0	0	0	-470	-7	5	0
10	2	1	4	13	14	up	1	512	398.525648105953	2135.77214759823	402.525139051578	847.462437197816	569.565114958442	3152.32502336097	607.529876475989	1722.41385958235	510.420279208421	509.518758171317	100.20684824793	67.1365589963859	-593.451844571245	687.86390568847	267	50	2	17	174	199	236	21	13	38	5456	985	644	83	3931	3999	429	0	0	0	0	0	-399	-7	5	0
10	2	1	4	13	14	up	2	512	471.255138274704	2608.97281403262	444.01094749256	1052.40266714094	610.83311229032	3647.23084474582	632.638214665348	1716.18231780011	511.820946419418	511.669336803007	112.438376913942	78.9060181089373	-593.505789781799	687.989054864257	227	66	7	19	193	177	245	28	7	53	5458	1016	611	83	3943	4194	407	0	0	0	0	0	-455	-7	4	0
10	2	1	4	13	14	up	3	512	375.552255901268	1599.59601461506	397.427083698246	743.437334561852	693.32875042062	4486.74405542314	646.871647249402	1838.97925720888	511.749642864752	511.533633882792	97.6138786358484	70.2715719380768	-593.447992323731	687.854924367215	240	55	4	11	202	206	239	34	11	22	5636	912	541	79	4011	4203	421	0	0	0	0	0	-446	-7	4	0
10	2	1	4	14	15	up	0	512	423.568220578457	2201.80574303858	396.740781069408	738.624490079105	645.416407864999	3942.51019001427	636.553263990761	1786.41205205245	512	512	112.445597211922	73.8009525216825	-593.561437580916	688.117831478599	231	68	3	17	193	200	243	29	11	29	5966	976	636	102	3914	3916	367	0	0	0	0	0	-433	-7	6	0
10	2	1	4	14	15	up	1	512	439.469920015952	2180.39221424167	454.220150657822	929.214757174827	616.824981671564	3693.98749256297	635.930758819113	1765.83668296392	512	512	107.327470818368	73.391707136845	-593.455786022452	687.87294043626	223	51	2	17	219	197	245	28	8	34	5968	1044	586	82	3880	3957	419	0	0	0	0	0	-538	-7	5	0
10	2	1	4	14	15	up	2	512	424.695344875325	2105.74171441588	427.849022002757	820.449873777878	581.875388202502	3498.81728762992	570.052602403159	1534.74013521694	511.766207079736	511.570976728585	107.732614173244	75.7476285997818	-593.552748943934	688.097857879627	241	45	3	16	207	224	222	26	9	31	6005	974	612	89	3854	4049	382	0	0	0	0	0	-471	-7	5	0
10	2	1	4	14	15	up	3	512	462.313378864075	2462.06388702775	444.708232973787	1009.95149998964	625.190983005625	3742.89018000882	627.809300308802	1742.27526548944	511.161723993382	510.836230623594	111.242601796407	74.435933032256	-593.499035108529	687.973266986383	233	51	6	18	203	198	247	28	9	30	5952	1048	580	100	3829	4090	389	0	0	0	0	0	-550	-7	5	0
10	2	1	4	15	16	up	0	512	398.721952670641	1880.54728754051	391.00505753422	672.786451116294	682.501256249685	4376.20616969965	648.701224156097	1908.43345853182	511	511	117.057308985698	75.621508619007	-593.542186624135	688.073314440398	242	51	3	14	201	199	238	33	11	31	6414	1007	673	98	3880	3898	404	0	0	0	0	0	-432	-8	5	0
10	2	1	4	15	16	up	1	512	385.676867698766	1650.46829719755	408.350293240763	811.426064862001	722.047597471245	4792.4492103736	651.318694323902	1932.15050927926	512	512	130.941350860124	88.4635047393932	-593.590634119761	688.185843601904	240	50	5	11	206	192	247	38	8	27	6484	978	646	84	3838	4026	376	0	0	0	0	0	-431	-7	5	0
10	2	1	4	15	16	up	2	512	466.103918681891	2622.65970340987	425.887008144747	920.639771814448	600.092979003442	3616.54686275565	612.409594538669	1791.34600187531	512	512	114.782871112068	76.2063528596518	-593.673060154939	688.376712897017	234	62	5	20	191	203	230	27	9	43	6474	961	669	88	3889	3816	374	0	0	0	0	0	-376	-6	5	0
10	2	1	4	15	16	up	3	512	447.865041644698	2348.33434022101	438.819001123293	934.458716603709	620.472135955	3579.72604472085	616.960789177513	1600.45706321298	510.999876429474	510.999752874218	122.456307181676	78.9853133110866	-593.589311069084	688.182616475336	247	42	6	17	199	180	272	28	5	26	6377	1002	706	107	3864	3850	375	0	0	0	0	0	-391	-8	5	0
10	2	1	4	16	17	up	0	512	477.106431181261	2635.35864712031	453.562127149755	974.552730586713	541.676571138443	2923.46792905067	582.987372684168	1438.19426051973	512	512	116.523519908846	78.1451793098521	-593.646871927467	688.316058218973	236	47	5	20	204	203	242	21	8	38	6919	1002	697	86	3882	3772	366	0	0	0	0	0	-382	-7	5	0
10	2	1	4	16	17	up	1	512	468.138360535639	2468.09129954706	457.127168849181	942.583623421774	629.488100632189	3866.03610636156	617.138269350617	1787.0475706075	512	512	135.8361221498	87.1348331702568	-593.596598135756	688.199560995351	222	57	6	18	209	207	229	28	12	36	6914	1017	695	78	3694	3925	395	0	0	0	0	0	-403	-8	6	0
10	2	1	4	16	17	up	2	512	447.385071631265	2248.77827388129	432.014130928624	860.793036212789	531.928603793132	2892.25215930107	566.476271163164	1420.88394169398	512	512	106.54261372581	70.7997355066517	-593.419071311658	687.78777660239	224	57	6	16	209	202	242	22	5	41	6810	1081	707	106	4054	3780	369	0	0	0	0	0	-485	-8	5	0
10	2	1	4	16	17	up	3	512	407.81212261439	1969.54118957644	414.633953317173	863.138773471754	553.334368540005	2857.2369143909	568.426811943741	1327.61053738965	512	512	124.013509631045	81.6692830019821	-593.537507755405	688.062415995854	246	51	5	14	196	180	270	21	6	35	6900	1011	681	112	3816	3775	376	0	0	0	0	0	-388	-7	5	0
10	2	1	4	17	18	up	0	512	429.846564468139	1954.24329554487	442.487195448999	818.983471489092	549.018773736882	2911.06978675888	576.631956694523	1382.20047969622	512	512	123.949948756027	81.4898392084266	-593.706028689574	688.453138590222	218	48	4	14	228	182	261	22	5	41	7350	1092	687	87	3700	3652	398	0	0	0	0	0	-459	-9	6	0
10	2	1	4	17	18	up	1	512	440.273615451264	2280.81164276971	455.180820526493	1042.31271529467	646.981522823441	3925.68056486126	642.159955029178	1868.95023049011	511.867047870684	511.751626097342	125.112995614327	82.4584585151917	-593.523205604725	688.029325810826	244	51	7	16	194	195	226	26	18	46	7098	1274	735	109	3748	3777	399	0	0	0	0	0	-612	-9	5	0
10	2	1	4	17	18	up	2	512	441.233852038452	2085.29498664449	456.991599677189	1001.71482779226	515.506874369071	2580.79326392054	564.688728469104	1415.74729087073	511.41811588563	511.174820893816	136.812669390256	88.430248453165	-593.501788175404	687.979801147422	219	53	7	14	218	197	244	17	10	42	7246	1154	703	113	3745	3960	371	0	0	0	0	0	-580	-9	6	0
10	2	1	4	17	18	up	3	512	434.745751406263	1999.21896032659	455.885064177602	943.637754486348	643.482779073126	3997.65004672194	625.368552248946	1697.80384538121	512	512	143.015655335375	92.246525795588	-593.470422462015	687.906900692893	220	47	5	14	226	190	251	32	5	34	7212	1156	741	107	3797	3962	389	0	0	0	0	0	-487	-8	6	0
10	2	1	4	18	19	up	0	512	599.891352879691	3675.22158452376	581.688788170909	1628.63920557688	613.684405196877	3495.17599138821	609.596920271321	1749.1120845153	511.999303707792	511.998607900407	144.195151251338	94.2588601237807	-593.539499986492	688.067008818951	211	39	8	28	226	190	250	24	13	35	7651	1152	812	113	3792	3836	383	0	0	0	0	0	-427	-9	6	0
10	2	1	4	18	19	up	1	512	655.241389536563	4227.43117135232	623.793784849503	1872.83243087413	579.716334551255	3437.25509500714	599.347030127732	1670.43527529733	512	512	141.655295020643	87.2958521458041	-593.652958016302	688.330067293521	205	36	8	33	230	212	223	25	10	42	7709	1124	780	115	3648	3683	372	0	0	0	0	0	-420	-8	5	0
10	2	1	4	18	19	up	2	512	558.535994663756	3256.99678110402	564.399244957073	1606.96849670511	569.917960675006	3150.76884374528	587.780080291953	1473.36351237375	512	512	152.666187112306	91.8945547394201	-593.460978719371	687.885007775324	220	43	11	23	215	188	250	23	8	43	7680	1173	768	107	3663	3882	354	0	0	0	0	0	-488	-8	6	0
10	2	1	4	18	19	up	3	512	635.870066643439	3952.07258086999	615.796487048165	1894.24068036465	594.313082303753	3452.34012667618	596.324097091485	1502.56543898027	512	512	140.260316129778	90.9983360528144	-593.585838491064	688.174453235632	211	38	14	28	221	192	254	27	5	34	7724	1120	767	117	3850	3749	367	0	0	0	0	0	-428	-9	5	0
10	2	1	4	19	20	up	0	512	355.88130288221	1596.64477000861	353.676856436541	603.870149205324	462.382262571573	2540.35556981928	433.96272224171	940.703468472614	512	512	141.487594188616	91.3491679537101	-593.619114225151	688.251659895841	247	68	2	12	183	245	203	20	3	41	8250	1103	784	103	3646	3611	381	0	0	0	0	0	-391	-7	6	0
10	2	1	4	19	20	up	1	512	355.655878022836	1635.74815220783	354.13832832511	626.441499048581	406.151516153136	1948.00304898203	445.57738884623	964.53701122405	512	512	157.414040996395	97.3217637399312	-593.569042239522	688.135623111447	249	73	3	12	175	254	206	15	2	35	8189	1122	825	104	3729	3660	379	0	0	0	0	0	-394	-8	8	0
10	2	1	4	19	20	up	2	512	388.870659764084	1771.80280733251	380.232720893303	765.814703997106	457.093275563765	2435.81774073378	432.39416958677	867.852041682093	511.96779121947	511.936619844482	151.210212057967	102.722722907806	-593.561485952604	688.118167780118	237	70	8	11	186	224	208	19	3	56	8165	1156	807	112	3642	3706	417	0	0	0	0	0	-406	-10	6	0
10	2	1	4	19	20	up	3	512	356.257947334397	1577.94263572118	358.87518433094	626.877187009854	528.159350211569	3005.69891539144	490.729725101177	1147.90904488716	512	512	145.136867447128	89.5386118338008	-593.530673318509	688.046522502951	250	67	4	11	180	217	230	24	3	38	8186	1143	800	111	3842	3726	375	0	0	0	0	0	-422	-8	7	0
10	2	1	4	20	21	up	0	512	422.862529145328	2063.82386701683	438.567523833427	899.876944243166	713.405764746873	4685.55569819285	726.952039325622	2367.50083394139	512	512	149.554696032975	92.9342431534643	-593.634390559242	688.287012101335	229	53	2	16	212	194	234	35	13	36	8514	1239	901	98	3702	3610	387	0	0	0	0	0	-406	-8	6	0
10	2	1	4	20	21	up	1	512	415.172802389388	1879.61713093737	427.048638505954	876.614376618065	838.251736094366	5883.26666791747	785.424431104691	2622.49392693391	512	512	155.811323719116	101.630117899887	-593.414281607186	687.776631296644	234	44	5	13	216	166	257	47	10	32	8522	1231	865	134	3682	3801	348	0	0	0	0	0	-520	-10	6	0
10	2	1	4	20	21	up	2	512	408.894458499706	2048.09144114201	408.408087042446	826.448506308237	840.991869381244	5984.12692448577	807.967858889494	2760.63473485384	511.866303942092	511.743164500456	150.21177828707	98.0027376296828	-593.722510731309	688.491344457815	235	63	2	16	196	164	248	48	10	42	8484	1351	789	128	3558	3594	351	0	0	0	0	0	-690	-10	6	0
10	2	1	4	20	21	up	3	512	497.281449509697	2559.34343052913	488.463310750873	1092.89664638595	712.85410196625	4273.58624465116	747.385445543217	2362.53173167317	512	512	154.317058203974	99.5602168325844	-593.531512518205	688.048379442791	207	43	5	19	238	160	261	28	20	43	8532	1284	820	116	3726	3690	346	0	0	0	0	0	-565	-10	7	0
10	2	1	4	21	22	up	0	512	461.655581462514	2382.03048982033	490.553154602927	1113.10582089547	573.68721425657	3489.11532325644	556.432252358471	1570.50777039428	512	512	159.194790969385	102.663630259435	-593.553876976518	688.100816521375	220	53	4	18	217	217	212	26	9	48	8952	1284	912	116	3615	3750	359	0	0	0	0	0	-430	-10	8	0
10	2	1	4	21	22	up	1	512	435.806801055327	2217.16122790089	454.694612394882	1086.96711358493	624.695048315003	4094.35220932835	558.630518106801	1425.02516183211	511	511	161.977594886657	102.611330220963	-593.481996909851	687.934075453131	241	54	8	15	193	212	222	34	3	40	8905	1332	899	128	3613	3807	400	0	0	0	0	0	-512	-11	6	0
10	2	1	4	21	22	up	2	512	450.499040310637	2232.25537819704	465.40155104201	969.113988057576	556.474945014692	3117.14265081878	563.266809095262	1408.60477888274	511.969804070324	511.940519934817	174.570471283014	108.462965647107	-593.626861020675	688.269670862562	222	46	3	17	224	211	232	22	10	37	8986	1275	897	106	3615	3646	347	0	0	0	0	0	-393	-10	6	0
10	2	1	4	21	22	up	3	512	428.337177599698	1932.74165777789	459.60003048348	926.255010190059	623.334368540005	3643.04234592058	603.214751973317	1621.56012170823	512	512	163.05345131504	101.446980752176	-593.655806154867	688.336966098556	223	35	1	15	238	184	241	25	14	48	8819	1427	901	117	3469	3662	394	0	0	0	0	0	-605	-8	9	0
10	2	1	4	22	23	up	0	512	512.658093961884	2948.89351218076	486.42808362675	1110.14315103074	548.058537149694	3106.5864428841	547.980972901912	1332.90630279457	512	512	175.89191845358	111.734182566976	-593.562105633955	688.119248962659	222	44	2	24	220	207	237	24	5	39	9418	1325	892	141	3543	3615	345	0	0	0	0	0	-509	-10	6	0
10	2	1	4	22	23	up	1	512	483.663415520947	2623.55617961569	485.238818616348	1219.91559077028	475.220399860633	2338.94218261733	505.506728036932	1130.71825106869	512	512	164.878360742661	100.219006157203	-593.5499973501	688.091394365069	235	43	7	19	208	218	237	17	5	35	9436	1311	915	114	3617	3539	372	0	0	0	0	0	-497	-8	6	0
10	2	1	4	22	23	up	2	512	566.326534481572	3479.58649952208	501.702340344946	1193.5756059443	628.83562478969	3826.74741591407	612.628722695537	1787.97153303277	512	512	165.673294914766	105.053641806919	-593.497452472138	687.969456027506	209	53	4	28	218	207	221	26	16	42	9403	1349	906	118	3603	3544	372	0	0	0	0	0	-501	-8	5	0
10	2	1	4	22	23	up	3	512	436.228530479389	2099.003162258	451.157805308297	949.636753812901	494.591722753757	2734.11840055747	505.05701272761	1206.53384985376	512	512	190.982853264693	130.831865288991	-593.498107074541	687.970973395912	226	50	5	15	216	240	209	20	7	36	9389	1283	969	135	3499	3731	361	0	0	0	0	0	-407	-9	8	0
10	2	1	4	23	24	up	0	512	454.59453181345	2276.26449682415	456.812167537689	990.757023791041	520.496231250945	2781.56826226786	541.170327166024	1269.43271321694	512	512	179.828227093224	110.670740235382	-593.608949193873	688.228228454893	223	47	4	17	221	207	241	21	5	38	9913	1307	925	143	3471	3458	369	0	0	0	0	0	-452	-8	5	0
10	2	1	4	23	24	up	1	512	502.254841714382	2958.24905368105	470.327607985972	1064.55305353155	510.445824720007	2673.56219262279	545.822118838414	1358.35523304628	512	512	175.278119444047	112.036784656304	-593.525854608822	688.035556619787	250	36	5	23	198	220	227	18	10	37	9780	1417	947	144	3592	3576	376	0	0	0	0	0	-581	-9	7	0
10	2	1	4	23	24	up	2	512	492.658093961884	2730.53486506045	491.205180412307	1088.35838732464	478.387584130636	2283.3009430136	515.103771861095	1084.18446982308	512	512	184.389463214664	118.730102814107	-593.594886843476	688.195585084466	226	41	2	22	221	202	244	16	6	44	9886	1285	997	120	3525	3552	411	0	0	0	0	0	-377	-8	6	0
10	2	1	4	23	24	up	3	512	526.101109622198	3102.33733256507	499.156809752319	1211.50900915126	497.207244243137	2401.94839385736	528.700814810597	1216.85885297788	512	512	171.428625493679	106.075641817073	-593.539364724179	688.06691890708	227	53	8	23	201	186	253	17	6	50	9857	1339	963	129	3524	3506	337	0	0	0	0	0	-456	-9	7	0
10	2	1	4	24	25	up	0	512	516.37694101251	3031.96951017967	496.549529698585	1175.48835427501	547.732299228444	3007.8539603713	557.228982243136	1338.56832381733	512	512	187.6296464007	117.522615624603	-593.536593947491	688.06036842269	228	47	4	24	209	195	248	23	5	41	10316	1387	984	113	3420	3564	347	0	0	0	0	0	-447	-9	4	0
10	2	1	4	24	25	up	1	512	518.538803723449	2916.58966178008	512.204348436119	1265.57920876509	606.851589466879	3742.60459518134	573.161642347364	1634.46298704287	512	512	196.875636199896	121.089248031662	-593.48726410919	687.945788638601	211	54	6	22	219	214	215	27	12	44	10241	1402	1022	135	3430	3557	355	0	0	0	0	0	-486	-11	6	0
10	2	1	4	24	25	up	2	512	479.369106954076	2520.00313393901	476.925285015758	1088.16005086863	496.201922684074	2480.02131455524	533.093081432452	1213.92131528046	512	512	189.565572302002	116.968020242122	-593.509325130407	687.997269835009	217	56	7	18	214	201	237	17	8	49	10241	1434	999	126	3468	3467	315	0	0	0	0	0	-557	-9	6	0
10	2	1	4	24	25	up	3	512	435.324021982201	2000.93024156011	482.323156644529	1224.32926249917	557.90731755688	3196.54994005667	552.924092907474	1355.75810580961	512	512	197.528028393367	130.907755444749	-593.515966769391	688.012642318787	227	51	10	12	212	210	233	24	7	38	10300	1402	975	123	3431	3506	372	0	0	0	0	0	-514	-10	6	0
10	2	1	4	25	26	up	0	512	452.936734411888	2215.59584470112	468.889493934542	960.748902485984	512.130229916884	2870.47710431576	518.360666819242	1233.29274062868	512	512	184.562754138464	115.491322808385	-593.544896817927	688.079688418849	218	50	5	16	223	222	220	22	5	43	10586	1538	1048	140	3418	3441	343	0	0	0	0	0	-607	-10	6	0
10	2	1	4	25	26	up	1	512	477.483075633448	2537.56837554382	453.526651384321	924.263608685102	456.578567136261	2259.49545484594	491.924362973924	1118.11163768967	512	512	199.897316357356	127.122652595385	-593.466992016206	687.899245077839	227	45	5	19	216	228	220	16	6	42	10598	1525	1041	148	3469	3588	354	0	0	0	0	0	-571	-9	8	0
10	2	1	4	25	26	up	2	512	628.559793399379	4118.72610135883	551.66143396578	1499.40179692629	436.376941012509	2020.72339220468	474.638886785756	947.107979055976	512	512	188.735734067726	116.662046230311	-593.673485872264	688.377856546452	214	44	6	33	215	228	232	15	3	34	10687	1476	1021	128	3533	3434	346	0	0	0	0	0	-544	-11	6	0
10	2	1	4	25	26	up	3	512	469.016261237512	2371.19456847032	469.219589741703	1015.68507082984	511.249520155319	2595.44060148833	538.458559526254	1319.32091409311	512	512	200.888220523155	131.019182286313	-593.477228887008	687.922617463733	220	47	6	17	222	209	243	18	8	34	10588	1487	1079	158	3479	3575	354	0	0	0	0	0	-529	-9	7	0
10	2	1	4	26	27	up	0	512	481.376941012509	2443.71729424062	486.877147282254	1024.47571689362	572.554471840316	3369.82341391298	555.177663670931	1396.77800315977	512	512	199.595019950606	126.582022529088	-593.58472493318	688.171981291231	216	41	5	18	232	213	234	26	6	33	11042	1574	1050	158	3264	3344	306	0	0	0	0	0	-630	-9	8	0
10	2	1	4	26	27	up	1	512	491.554768400638	2690.36480172236	488.08261689697	1201.7492136579	628.559793399379	3786.7504932151	605.545935658921	1718.80120247531	512	512	202.969871728872	133.827336665419	-593.45610128842	687.873616076924	218	56	6	20	212	198	228	26	15	45	11077	1446	1155	146	3488	3405	363	0	0	0	0	0	-452	-11	7	0
10	2	1	4	26	27	up	2	512	414.621139608765	1740.89989333473	455.73185472111	940.324184429013	627.554471840316	3745.00578645517	612.803874496047	1735.84519376341	512	512	208.143073580787	137.02878347806	-593.559220490316	688.112613492945	212	50	4	12	234	185	249	28	9	41	11217	1460	1010	137	3416	3445	378	0	0	0	0	0	-519	-8	6	0
10	2	1	4	26	27	up	3	512	455.90229255814	2277.35271907019	478.774556491874	1012.83223251854	441.124908357821	1848.76288737616	498.886196997297	988.034414285348	512	512	204.71207771435	129.004195614492	-593.584047541313	688.170271300591	214	55	4	17	222	205	264	14	1	28	11180	1403	1097	144	3474	3322	362	0	0	0	0	0	-388	-8	8	0
10	2	1	4	27	28	up	0	512	615.896674438754	3811.23680111494	576.544300445221	1598.16163027496	635.846267907816	4009.21853554173	570.505420013439	1531.50269702048	512	512	227.683474043522	148.534217805797	-593.61194092073	688.234816156407	208	44	11	28	221	197	231	31	8	45	11534	1479	1173	150	3301	3389	331	0	0	0	0	0	-385	-10	8	0
10	2	1	4	27	28	up	1	512	523.512195928134	2981.14883373982	510.864063448616	1280.81124189166	580.419216924691	3535.27934526845	536.538623352746	1325.15461856044	512	512	218.693207846467	143.874763000713	-593.517391731777	688.015570792833	218	45	5	23	221	215	227	28	5	37	11460	1582	1139	155	3256	3452	344	0	0	0	0	0	-551	-9	5	0
10	2	1	4	27	28	up	2	512	452.81212261439	2313.44695432331	467.673219018751	1004.7482145431	620.822469172194	3875.01194105722	572.335030876464	1618.19757541655	512	512	203.617563208607	132.246362599302	-593.369596649818	687.673383196607	222	57	5	17	211	199	222	29	10	52	11392	1648	1157	139	3452	3475	327	0	0	0	0	0	-581	-11	8	0
10	2	1	4	27	28	up	3	512	516.05070309126	2991.96041987155	492.590567682085	1071.48048301762	539.618330549072	3096.82364046491	535.183861341255	1379.31301926951	512	512	206.913159050328	139.108440376839	-593.620214243747	688.254172624927	220	49	3	24	216	205	227	24	5	51	11515	1561	1117	143	3287	3376	298	0	0	0	0	0	-538	-10	8	0
10	2	1	4	28	29	up	0	512	572.053215590631	3389.29461849761	568.879140725973	1455.77082946581	559.167480830325	3334.66565977899	548.344480315375	1417.05172085025	512	512	213.173008605566	137.63398241132	-593.580126413231	688.161200838371	214	42	9	25	222	201	214	25	8	64	11850	1711	1149	138	3310	3226	291	0	0	0	0	0	-627	-11	6	0
10	2	1	4	28	29	up	1	512	669.286474508438	4341.06337728591	628.529615661187	1753.50326099265	562.631486166569	3339.36454685144	553.46614325324	1481.65222812045	512	512	220.205394679928	141.778900891206	-593.504744618437	687.986438339095	199	37	8	34	234	217	219	25	8	43	11830	1699	1157	162	3272	3338	349	0	0	0	0	0	-627	-8	7	0
10	2	1	4	28	29	up	2	512	653.633998665939	3990.60451022437	650.548590742782	1967.85582685491	494.843755408446	2634.72635622975	507.411960748108	1128.92441678577	512	512	237.021069500331	165.39083543287	-593.6056669129	688.220315739345	187	40	12	29	244	215	235	21	2	39	11916	1485	1298	149	3263	3391	339	0	0	0	0	0	-307	-10	7	0
10	2	1	4	28	29	up	3	512	759.612712429687	5265.41891878621	697.000968040623	2086.24377778544	539.265484832508	3058.3798200806	516.556357425727	1208.04472703621	512	512	235.81279330016	165.158199427369	-593.547939426089	688.086658866352	179	48	9	42	234	216	220	22	9	45	11877	1566	1241	164	3210	3454	330	0	0	0	0	0	-414	-8	6	0
10	2	1	4	29	30	up	0	512	406.987437503148	1986.59008656494	391.647211618822	758.895480512786	423.188767066577	2124.19770240933	399.957577932506	800.059085641771	512	512	226.230029226538	153.488650110997	-593.447363698782	687.853396362035	218	79	3	15	197	245	194	15	6	52	12202	1732	1252	174	3316	3299	324	0	0	0	0	0	-572	-13	10	0
10	2	1	4	29	30	up	1	512	345.350629777517	1429.00022655193	351.603659699698	557.124995430093	455.9764978247	2513.83589303102	436.413512584921	1006.51213849153	512	512	233.334490740209	157.014821617201	-593.50779409245	687.993699371308	264	47	3	10	188	247	192	19	5	49	12249	1641	1308	162	3156	3348	316	0	0	0	0	0	-473	-10	7	0
10	2	1	4	29	30	up	2	512	353.443608780959	1495.85751909516	364.028740261388	598.371997725046	344.97398532533	1388.97896863467	383.406932063347	691.044672912348	512	512	231.529740798238	153.637998409148	-593.505211886987	687.987630033535	243	64	2	11	192	257	195	10	2	48	12307	1677	1231	145	3214	3251	361	0	0	0	0	0	-533	-9	6	0
10	2	1	4	29	30	up	3	512	288.669033640332	894.489725028755	332.302016871194	492.0514096459	375.249816715641	1482.07622455084	411.288598617932	811.709335020785	512	512	229.042609040322	162.066324744388	-593.522307087771	688.027031323032	269	50	1	6	186	238	210	9	6	49	12363	1727	1126	144	3167	3283	321	0	0	0	0	0	-709	-10	7	0
10	2	1	4	30	31	up	0	512	565.169993329695	3340.72325060973	519.383837267791	1256.22577550707	667.92830723281	4025.98128132294	717.31559950508	2194.42899414907	512	512	238.703904201986	163.305905400678	-593.55989669441	688.114443405275	199	47	3	27	236	181	264	30	10	27	12481	1875	1321	195	3084	3358	344	0	0	0	0	0	-662	-8	6	0
10	2	1	4	30	31	up	1	512	480.849076967509	2541.47106298967	480.460597141898	1091.5769026629	662.628677106876	3941.77776413945	679.477332795653	1961.31497506889	512	512	247.772043072102	169.170160789834	-593.571737814122	688.142094502827	228	40	5	19	220	174	258	28	13	39	12831	1687	1230	124	3180	3341	333	0	0	0	0	0	-551	-11	7	0
10	2	1	4	30	31	up	2	512	416.026904355638	1684.06092300269	475.95746186063	949.068688618602	708.254545154059	4678.87784248573	695.667346215757	2063.96367441987	512	512	254.237894573281	170.719073226728	-593.502805339758	687.982150579827	214	42	5	11	240	193	243	37	8	31	12767	1722	1206	177	3073	3438	315	0	0	0	0	0	-620	-10	8	0
10	2	1	4	30	31	up	3	512	564.390096630006	3264.61684774746	529.849639799913	1477.87935027467	764.108647120309	4978.32163455105	738.062503827314	2435.34046474615	512	512	239.869138773762	160.07931714529	-593.58347214739	688.169032492395	224	44	16	21	207	173	245	35	19	40	12751	1707	1243	171	3050	3175	309	0	0	0	0	0	-554	-9	7	0
10	2	1	4	31	32	up	0	512	561.098300562505	3357.01496172026	521.582921636988	1307.28602465228	557.026607795315	3176.77175113236	551.339693578486	1395.04498689386	512	512	235.20401622202	155.031723517116	-593.609136115055	688.228732336256	220	39	6	26	221	221	229	23	9	30	13103	1844	1266	171	3087	3155	331	0	0	0	0	0	-703	-10	7	0
10	2	1	4	31	32	up	1	512	505.520029986567	2903.40401370393	485.933022306877	1134.06720528786	599.387287570313	3616.37651622765	583.748228104989	1604.75080878768	512	512	231.341998625367	154.006955883372	-593.556768266774	688.107021868525	249	29	6	22	206	217	230	27	9	29	13153	1769	1269	193	3230	3118	317	0	0	0	0	0	-604	-9	6	0
10	2	1	4	31	32	up	2	512	511.753585464697	2792.09719927819	505.622073078247	1299.85550565606	529.74294234657	2929.33727592708	535.112064065924	1270.19661677306	512	512	246.675127126921	174.308934271424	-593.507056070235	687.991708818669	219	45	8	20	220	209	232	22	6	43	13112	1793	1294	185	3174	3223	339	0	0	0	0	0	-573	-10	10	0
10	2	1	4	31	32	up	3	512	469.66873708001	2548.29478841155	463.560219357755	989.641804768923	589.514708427504	3427.75354219713	588.076244748105	1545.37145742418	512	512	250.713398663208	174.488945905443	-593.479521415029	687.928084989193	236	42	3	20	211	196	245	26	7	38	13226	1688	1325	145	3280	3296	338	0	0	0	0	0	-449	-11	7	0
10	2	1	4	32	33	up	0	512	468.2125658022	2232.41649282197	491.214655613424	1088.57857440628	578.132742416254	3631.06351888087	534.857120847817	1321.1335639118	512	512	255.593948409441	175.717204897863	-593.530611003543	688.046508981089	203	48	5	16	240	228	213	29	5	37	13745	1736	1280	135	3041	3173	362	0	0	0	0	0	-520	-9	7	0
10	2	1	4	32	33	up	1	512	452.658093961884	2097.2826491214	487.16862561683	997.239461528617	544.766741082193	3142.63200770065	532.17663582825	1272.852962579	512	512	237.883512522481	159.865611313331	-593.514394160656	688.008879263843	214	34	2	16	246	219	226	24	6	37	13515	1925	1277	179	3170	2968	288	0	0	0	0	0	-762	-12	7	0
10	2	1	4	32	33	up	2	512	503.589210254387	2860.68996667828	490.094268495277	1188.70031048511	584.413895365628	3461.8173442679	558.568306960945	1455.68885629161	512	512	256.670496469566	181.802163659452	-593.472624671905	687.911942774259	222	53	5	22	210	210	232	26	8	36	13325	1938	1448	185	3112	3191	284	0	0	0	0	0	-543	-9	7	0
10	2	1	4	32	33	up	3	512	490.321212922509	2532.6899100403	521.088418429029	1323.12518457822	473.790836378138	2493.65659778986	492.180483865623	1106.39647875222	512	512	267.128282992036	186.365185180043	-593.499867628115	687.975333438026	220	40	7	18	227	218	219	19	4	52	13543	1805	1367	181	3049	3297	339	0	0	0	0	0	-580	-10	8	0
10	2	1	4	33	34	up	0	512	497.180636447821	2618.04248751553	478.013609568219	973.43742667911	573.963045646881	3233.12444188355	558.762941429974	1320.04883781945	512	512	254.468325197558	175.796104102758	-593.590204521408	688.184537020193	213	41	4	20	234	186	254	25	5	42	14110	1785	1365	148	3052	3042	340	0	0	0	0	0	-524	-12	6	0
10	2	1	4	33	34	up	1	512	448.262972333137	2210.60493500924	453.739204511737	946.451189218864	525.620843048443	2983.97546654878	522.406855649362	1281.55947096665	512	512	259.022784452608	182.969727433273	-593.576684928993	688.153190369892	226	47	5	16	218	227	224	23	5	33	13902	1953	1368	185	3050	3023	340	0	0	0	0	0	-701	-14	7	0
10	2	1	4	33	34	up	2	512	453.440799721266	2156.99412858786	477.024964810268	1025.96161648248	531.400739748132	3107.45271245949	504.801781754494	1176.50577742997	512	512	261.53547995219	184.75577267869	-593.556393670634	688.106266661887	204	60	6	15	227	222	222	25	3	40	13997	1878	1360	173	3134	3074	311	0	0	0	0	0	-613	-9	7	0
10	2	1	4	33	34	up	3	512	506.676571138443	2904.45573312253	498.653555059292	1219.78692414704	591.803991995634	3782.99073977794	524.936065420038	1324.8149147285	512	512	289.347196053467	214.806658232359	-593.45323269056	687.866939388943	243	34	6	22	207	210	208	30	6	58	14070	1764	1418	156	2869	3226	334	0	0	0	0	0	-398	-10	6	0
10	2	1	4	34	35	up	0	512	560.520029986567	3181.50434692112	570.544760982984	1648.68591658235	344.520326546889	1192.33453845395	410.612077829058	675.482454882831	512	512	268.389099086658	181.030525552246	-593.610023798873	688.230351763442	221	38	14	21	218	246	218	8	2	38	14483	1809	1424	204	2987	3067	330	0	0	0	0	0	-502	-10	7	0
10	2	1	4	34	35	up	1	512	507.180636447821	2669.68384039522	516.438908547547	1312.48758317858	469.467110956259	2254.62915695156	490.074435723004	1131.09755627821	512	512	272.686024024159	196.441752839318	-593.65749042435	688.340699307116	217	44	10	18	223	220	231	15	8	38	14391	1910	1453	166	2984	3012	306	0	0	0	0	0	-539	-10	6	0
10	2	1	4	34	35	up	2	512	527.305248245319	2966.36155450739	512.09607354872	1240.05737523788	555.270806391571	3271.11233091239	559.122231171327	1472.97338287947	512	512	282.410615881024	208.068668350621	-593.501580529236	687.97908270795	221	40	7	22	222	205	229	26	4	48	14487	1792	1485	156	2963	3052	264	0	0	0	0	0	-369	-10	10	0
10	2	1	4	34	35	up	3	512	607.177827388129	3859.33097973008	548.549435635578	1455.8854248899	606.347524157501	3742.48291908992	561.191318424724	1531.74157587062	512	512	266.645497927156	188.756647466987	-593.64544601054	688.312522592409	214	40	5	31	222	224	215	27	12	34	14428	1927	1414	151	3020	3053	292	0	0	0	0	0	-636	-11	8	0
10	2	1	4	35	36	up	0	512	562.329046980942	3201.48001170284	556.519370528864	1435.91880233654	384.268293892201	1708.07913193791	420.340313776675	776.76065011105	512	512	271.667521022213	192.57391476094	-593.663976175555	688.355402743027	207	36	7	24	238	255	201	12	4	40	14869	1961	1440	162	2951	3008	295	0	0	0	0	0	-584	-12	8	0
10	2	1	4	35	36	up	1	512	465.448633779699	2425.96660279259	483.232637551775	1040.07376306672	595.67124957938	3670.34018331416	563.118876965933	1559.74354597129	512	512	273.683620128303	198.277258309304	-593.534067642583	688.054288522368	227	48	5	18	214	210	221	28	8	45	14849	1970	1424	189	3008	3056	334	0	0	0	0	0	-611	-10	8	0
10	2	1	4	35	36	up	2	512	464.143682094702	2444.47126122261	471.988863262512	1029.97051502215	582.75890702376	3344.0242785803	575.252757021813	1608.41185665436	512	512	276.753633351924	195.892330817842	-593.456785664829	687.875299952898	227	59	8	17	201	204	208	20	20	60	14855	1909	1468	200	2987	2999	319	0	0	0	0	0	-578	-10	7	0
10	2	1	4	35	36	up	3	512	549.567924018134	2911.18841386827	553.216379402691	1241.7621681431	520.19660112501	2959.26441186718	523.09035807201	1407.22541808428	512	512	273.731716904852	190.532141365376	-593.569947250855	688.13767477803	174	50	5	22	261	228	199	20	12	53	14941	1926	1411	154	2987	3024	337	0	0	0	0	0	-657	-10	10	0
10	2	1	4	36	37	up	0	512	491.302735745949	2710.66870876102	500.314063468831	1230.02655658816	434.544125282512	2175.34046650407	481.809001103513	1031.27023292477	512	512	284.160559871007	208.6238693828	-593.540111318501	688.068621323789	231	52	9	19	201	236	214	17	2	43	15358	1985	1415	186	2917	2924	303	0	0	0	0	0	-640	-11	8	0
10	2	1	4	36	37	up	1	512	470.650259903451	2450.65052814478	467.070137970288	1013.06865271956	559.793348877508	3296.43148286122	548.554915492113	1419.32559444974	512	512	290.248226933	215.881057140597	-593.503674276824	687.98408902794	215	52	3	19	223	208	223	25	7	49	15095	2113	1538	198	2899	3019	302	0	0	0	0	0	-693	-12	8	0
10	2	1	4	36	37	up	2	512	494.191279565947	2674.52580307132	497.532982050801	1245.99653082134	559.917960675006	3257.30376544371	553.624302097974	1292.3936130958	512	512	284.325899064341	208.816268118476	-593.55316353868	688.098818725743	227	46	8	19	212	208	231	25	6	42	15205	2028	1555	156	2927	3006	309	0	0	0	0	0	-591	-11	7	0
10	2	1	4	36	37	up	3	512	543.764228582823	3179.20357382147	515.252863540341	1155.80440251239	534.114265239694	2913.89043487973	516.150870352938	1136.72592999156	512	512	281.606206006513	202.334816404544	-593.5814806289	688.164555614905	201	52	2	26	231	199	248	23	3	39	15256	2044	1467	177	2993	2968	305	0	0	0	0	0	-696	-14	7	0
10	2	1	4	37	38	up	0	512	563.613008990009	3300.44367878935	529.993342786325	1309.47453465861	521.803991995634	3175.72632791075	512.324278542216	1336.69312521486	512	512	291.59230804616	218.312494850304	-593.61127361693	688.23324574011	200	53	7	25	227	238	196	25	5	48	15807	1998	1479	172	2841	2747	262	0	0	0	0	0	-605	-11	6	0
10	2	1	4	37	38	up	1	512	547.130229916884	3144.74761414701	550.49334323897	1423.26742755565	514.467110956259	2853.79323560154	506.773796091398	1266.87246663586	512	512	279.792341380538	204.120615342172	-593.490208721255	687.952847583038	206	48	6	24	228	220	219	21	7	45	15626	2097	1539	194	2995	2863	271	0	0	0	0	0	-662	-11	9	0
10	2	1	4	37	38	up	2	512	614.992165941567	3810.24591974205	571.7265766456	1589.75545712759	510.899483498447	2673.67170110507	527.637389458935	1258.1395977253	512	512	304.168899914389	234.557846934435	-593.567064094162	688.130867486115	209	44	11	28	220	211	227	18	10	46	15588	2099	1594	175	2802	2973	327	0	0	0	0	0	-571	-12	11	0
10	2	1	4	37	38	up	3	512	505.448633779699	2783.59575974414	494.449928110406	1086.48687880716	493.939246911259	2633.73547485686	491.038862507196	1011.00322490532	512	512	278.708123006859	193.719011782256	-593.483794038701	687.937982365587	207	53	3	22	227	216	234	21	2	39	15624	2122	1526	184	2889	2861	303	0	0	0	0	0	-694	-10	8	0
10	2	1	4	38	39	up	0	512	617.527864045	3733.2883506196	611.62705879198	1627.31116291566	467.308057305012	2211.0608663647	490.047255758104	1018.08678707816	512	512	298.559586709914	224.96407866652	-593.622009374815	688.258142824723	196	29	4	30	253	196	250	17	2	47	16069	2155	1538	206	2812	2786	290	0	0	0	0	0	-718	-10	8	0
10	2	1	4	38	39	up	1	512	721.519733426245	4537.86262589455	710.267003299305	2135.31307820901	563.310569804383	3417.81745754387	526.447282772805	1404.67518542664	512	512	299.589685436791	228.876490105848	-593.431287666782	687.816050785509	180	26	14	33	259	214	219	27	5	47	15980	2156	1626	206	2931	2831	291	0	0	0	0	0	-637	-10	8	0
10	2	1	4	38	39	up	2	512	632.026607795315	3709.21853554173	637.75305479023	1678.90031852788	421.379750072202	1787.86948847137	467.877225156022	941.46011815466	512	512	285.985132101305	210.792548470848	-593.392267854033	687.72583900387	165	38	3	30	276	211	234	12	5	50	16009	2206	1549	204	2912	2832	318	0	0	0	0	0	-791	-12	7	0
10	2	1	4	38	39	up	3	512	762.198817064058	4976.31553658698	724.866582658812	2338.7476488621	557.880709761565	3295.19724930547	512.63875309472	1239.93581686293	512	512	309.135408188621	240.982754093194	-593.496703657622	687.968033574034	177	38	19	35	243	229	222	25	7	29	16121	2070	1573	204	2885	2966	313	0	0	0	0	0	-626	-9	8	0
10	2	1	4	39	40	up	0	512	415.801479496264	2233.68093300814	385.402125315098	771.60837032028	338.995271561582	1185.59305059	371.823768902024	578.273554115305	512	512	294.255446800988	220.892225492207	-593.717336139422	688.479542651386	264	49	4	17	178	237	211	8	2	54	16342	2310	1624	204	2804	2807	283	0	0	0	0	0	-839	-15	6	0
10	2	1	4	39	40	up	1	512	386.833408850642	1789.3315461099	387.231786244409	680.755666452625	403.669033640332	1924.74803893187	400.45276747134	803.549687333249	512	512	319.406330005719	249.058867418131	-593.579527951262	688.159946995128	250	56	6	12	188	229	198	14	4	67	16481	2128	1678	193	2673	2886	280	0	0	0	0	0	-515	-11	7	0
10	2	1	4	39	40	up	2	512	447.082632445639	2465.60493500924	410.5787119184	940.678908319843	377.912935676266	1799.01840716816	377.30972879862	698.120711619272	512	512	320.96471264572	250.413516122462	-593.475413622739	687.918560560985	258	53	9	17	175	264	182	13	4	49	16479	2116	1674	211	2857	2868	282	0	0	0	0	0	-550	-9	8	0
10	2	1	4	39	40	up	3	512	365.653068963143	1647.43187932709	369.382185885536	676.595599469487	397.035034974393	1996.82700095584	380.284279025212	721.391907068105	512	512	312.946652736359	241.856557966619	-593.612647803805	688.236619135003	254	56	3	12	187	254	176	14	6	62	16564	2093	1618	205	2737	2838	274	0	0	0	0	0	-574	-10	8	0
10	2	1	4	40	41	up	0	512	480.021582796575	2482.57453014587	493.937257274612	1203.79242246678	630.668440519688	3748.8476358553	638.825918254188	1689.37563041966	512	512	318.828053672593	249.593852112585	-593.609311041142	688.228945122913	225	52	11	16	208	191	253	28	9	31	16919	2268	1610	195	2705	2869	273	0	0	0	0	0	-795	-10	10	0
10	2	1	4	40	41	up	1	512	492.684701757199	2769.69908530539	471.013131005188	1029.1307741712	754.686917696247	4770.21528832676	743.247478002573	2350.51049938164	512	512	310.814256371934	237.90498386112	-593.555024226484	688.103128538459	223	51	3	22	213	152	272	35	14	39	16995	2183	1606	208	2729	2757	299	0	0	0	0	0	-682	-9	9	0
10	2	1	4	40	41	up	2	512	482.382262571573	2582.54404032554	470.566657630058	1049.81694582065	781.143088974058	4918.02374051948	763.886854112714	2361.52900017818	512	512	316.628294493133	241.195315282643	-593.539537794932	688.066850072794	229	44	6	19	214	145	279	35	17	36	17000	2208	1590	194	2758	2843	257	0	0	0	0	0	-764	-13	9	0
10	2	1	4	40	41	up	3	512	419.117074299387	1765.41347215893	459.504003164589	814.275701087161	623.583592135001	3544.42216600118	662.575042755244	1745.59680251449	512	512	317.631069216792	248.318783356269	-593.531856215051	688.049208462892	214	40	2	13	243	176	268	26	9	33	16916	2245	1637	194	2755	2782	278	0	0	0	0	0	-720	-10	8	0
10	2	1	4	41	42	up	0	512	455.801479496264	2356.41652114096	468.49060604514	1075.75207392625	589.840946348753	3370.68059318025	594.231166281375	1611.21307893991	512	512	332.582268376982	268.71328911758	-593.510035261882	687.999161494256	228	54	6	17	207	204	235	23	13	37	17388	2278	1640	198	2611	2835	310	0	0	0	0	0	-722	-12	9	0
10	2	1	4	41	42	up	1	512	547.782705759382	3204.40104967887	500.75967513518	1162.66711035219	635.21759080094	3989.50118466313	597.422093224796	1682.44699222776	512	512	314.301260944641	245.742070253081	-593.644972489579	688.311704899489	214	43	5	25	225	203	227	30	10	42	17364	2345	1594	201	2661	2673	254	0	0	0	0	0	-888	-13	7	0
10	2	1	4	41	42	up	2	512	504.894161939384	2862.55005333263	486.582702903851	1101.68899711853	572.429860042818	3153.69281742738	566.753643688639	1392.67096383497	512	512	321.49574177959	256.034756268254	-593.568394861552	688.134094786151	230	43	5	22	212	189	253	23	8	39	17390	2224	1681	209	2690	2812	268	0	0	0	0	0	-655	-12	7	0
10	2	1	4	41	42	up	3	512	544.894161939384	3161.45581807951	505.337902313596	1112.13242270326	704.411086305936	4831.46448360276	635.699323579124	1955.9545040795	512	512	328.049588160678	260.157860388237	-593.526045981206	688.03566952065	206	48	4	25	229	207	223	39	7	36	17379	2269	1662	194	2653	2812	296	0	0	0	0	0	-665	-12	9	0
10	2	1	4	42	43	up	0	512	495.146194594073	2616.80545984867	500.638653823065	1234.20683767853	501.602365871883	2722.42544153514	511.34561288125	1221.93325696652	512	512	333.187559406208	267.105896790326	-593.425190437918	687.802402108605	221	47	9	18	217	230	213	19	9	41	17705	2339	1729	243	2493	2645	266	0	0	0	0	0	-786	-11	8	0
10	2	1	4	42	43	up	1	512	466.551959340945	2427.77801901037	449.655555669848	905.909219370845	575.167184270003	3490.21850722274	541.288383873451	1327.43060859701	512	512	331.658789390613	262.309798845549	-593.507831274544	687.993495377504	239	34	5	18	216	220	229	28	4	31	17789	2269	1739	219	2537	2670	267	0	0	0	0	0	-662	-14	9	0
10	2	1	4	42	43	up	2	512	541.37694101251	3295.32815729997	514.877692445089	1292.85848224818	544.917960675006	2946.13358882965	552.084098508562	1351.33667510911	512	512	345.413127566363	288.503816960058	-593.355177063235	687.639875010652	224	51	5	26	206	196	249	22	6	39	17745	2193	1868	210	2656	2745	318	0	0	0	0	0	-462	-11	10	0
10	2	1	4	42	43	up	3	512	399.796157937201	1666.2372258998	441.486560332036	841.353430970445	491.827790731257	2455.51052984216	517.512492413406	1199.04595268807	512	512	322.772173334248	251.038522349188	-593.428710156547	687.810313154029	231	43	5	11	222	212	244	18	5	33	17883	2254	1653	226	2802	2722	277	0	0	0	0	0	-723	-10	11	0
10	2	1	4	43	44	up	0	512	378.716631111578	1486.00324721497	459.264385742374	978.720175216497	640.116777739065	4210.64702605889	595.455866516476	1766.6412187736	512	512	330.152417027998	268.987502336237	-593.450469734289	687.860554940523	237	46	6	9	214	217	213	33	8	41	18104	2460	1743	221	2630	2669	250	0	0	0	0	0	-859	-14	10	0
10	2	1	4	43	44	up	1	512	484.644938344388	2584.63531155361	486.122489485571	1093.48891475612	510.321212922509	2789.40720428092	515.259346008403	1166.04815964785	512	512	348.70827339251	284.399522227128	-593.479806248151	687.928810941497	218	53	6	19	216	212	233	22	3	42	18066	2409	1836	217	2555	2765	265	0	0	0	0	0	-656	-13	8	0
10	2	1	4	43	44	up	2	512	472.984331883133	2493.46191604357	484.232923448811	1129.41637758912	531.676571138443	3088.72624295378	520.637201664676	1314.66049020982	512	512	346.493865217684	287.101940146946	-593.539675737617	688.067579668636	234	36	4	19	219	227	219	24	5	37	18231	2317	1768	212	2542	2643	270	0	0	0	0	0	-624	-10	15	0
10	2	1	4	43	44	up	3	512	479.544125282512	2480.88758413064	498.308072992941	1231.08378580342	508.034738414071	2826.46798568865	497.505946880793	1132.86200145026	512	512	338.053724336893	276.148707134088	-593.507423066286	687.992678671736	216	50	6	18	222	221	223	22	4	42	18024	2408	1880	216	2590	2541	263	0	0	0	0	0	-629	-11	8	0
10	2	1	4	44	45	up	0	512	497.207244243137	2657.20670776047	505.092950784713	1182.16779427827	527.732299228444	2927.30684274473	529.157386916363	1351.58328854703	512	512	358.215886192738	295.689219624831	-593.652461232808	688.329301571156	210	51	5	20	226	215	230	22	6	39	18766	2322	1722	230	2592	2677	255	0	0	0	0	0	-691	-12	7	0
10	2	1	4	44	45	up	1	512	612.053215590631	3943.45869714759	553.141234682358	1463.87478491066	451.427347543447	1880.11250082634	499.996838323587	984.574981810956	512	512	338.911758715331	280.831913384764	-593.639136297822	688.298025409846	214	48	7	31	212	195	264	13	4	36	18587	2505	1758	190	2577	2565	270	0	0	0	0	0	-816	-12	10	0
10	2	1	4	44	45	up	2	512	459.14087303501	2183.34345884812	481.408261926061	921.478809742111	532.506874369071	2952.68683273927	555.297787252959	1471.05140559858	512	512	342.645405422937	282.380265084175	-593.592986057893	688.190757211431	216	38	4	16	238	213	224	21	9	45	18568	2475	1748	249	2511	2496	238	0	0	0	0	0	-863	-11	10	0
10	2	1	4	44	45	up	3	512	557.180636447821	3410.9299583702	526.067592595044	1372.39652177386	491.501552810008	2494.5895768231	500.52117262871	1166.37619787348	512	512	340.503224048987	277.155282592938	-593.541666150392	688.07219887754	217	51	5	27	212	216	236	18	6	36	18607	2441	1789	203	2619	2552	274	0	0	0	0	0	-766	-12	8	0
10	2	1	4	45	46	up	0	512	515.949890029385	2953.57743753295	487.279550073513	1194.21264221334	548.334368540005	2852.96640455965	569.000526762342	1559.54407598372	512	512	357.328897604876	298.028484733839	-593.556875523831	688.10734665845	226	48	7	22	209	196	250	19	11	36	19002	2430	1874	246	2473	2620	244	0	0	0	0	0	-714	-10	10	0
10	2	1	4	45	46	up	1	512	483.411382866258	2426.96041987155	492.20875669896	1124.2100200199	569.114265239694	3111.44365047036	574.893198960836	1532.8697008479	512	512	354.879740416661	293.102647057674	-593.566845923491	688.130316617684	220	37	7	17	231	191	242	21	12	46	19242	2347	1751	212	2546	2523	245	0	0	0	0	0	-735	-12	8	0
10	2	1	4	45	46	up	2	512	464.994975001259	2367.13370210562	497.864714287874	1201.64638926271	457.257650774074	2319.95446350243	471.96100000033	1068.06910999092	512	512	335.109169440341	271.08378445256	-593.613415032344	688.238519640138	232	39	6	17	218	237	202	15	10	48	18994	2469	1876	213	2580	2384	241	0	0	0	0	0	-722	-11	9	0
10	2	1	4	45	46	up	3	512	541.551959340945	3256.2126074916	504.856483087215	1234.32973665415	593.711012992192	3647.95717265658	547.545232191958	1392.70423621557	512	512	345.300682701899	286.001844334336	-593.563664994888	688.122768131979	223	45	4	26	214	207	230	29	5	41	19195	2354	1763	240	2569	2559	242	0	0	0	0	0	-736	-11	11	0
10	2	1	4	46	47	up	0	512	503.865041644698	2645.42857547414	503.782056678345	1101.63782899424	506.878197262195	2590.52269745131	541.563366287848	1394.02769191024	512	512	355.123683715543	296.336259503811	-593.565284104976	688.127331062529	207	49	7	19	230	211	238	18	8	37	19497	2507	1834	226	2374	2449	216	0	0	0	0	0	-813	-12	9	0
10	2	1	4	46	47	up	1	512	461.101109622198	2244.08511662602	475.952922403528	963.673871249058	514.114265239694	2853.70806233755	542.886110174765	1409.99399079487	512	512	365.556586217548	312.688248819133	-593.550121943375	688.091882507827	215	41	3	17	236	227	219	21	7	38	19299	2541	1983	241	2592	2534	280	0	0	0	0	0	-688	-12	10	0
10	2	1	4	46	47	up	2	512	506.97901032407	2707.99381707896	506.790675418353	1187.37913759343	471.225721419696	2412.40418361787	497.683827162535	1064.08367717222	512	512	343.382779026626	281.952022209875	-593.582859603876	688.167566351789	217	39	6	20	230	223	232	19	2	36	19462	2532	1852	218	2512	2351	231	0	0	0	0	0	-802	-17	8	0
10	2	1	4	46	47	up	3	512	499.090466504072	2816.58350717803	501.26147289634	1214.84726489016	438.841242909076	2081.58672607401	475.96017256615	951.047550903241	512	512	355.525407455026	299.522563102146	-593.517837214998	688.017020580182	229	44	4	22	213	217	230	16	2	47	19312	2669	1846	237	2512	2622	240	0	0	0	0	0	-992	-11	9	0
10	2	1	4	47	48	up	0	512	501.602365871883	2584.61391204139	498.801052343632	1071.24101853564	558.737620787507	3198.32205933591	547.446666983398	1499.71300788328	512	512	382.83741152798	335.88391021774	-593.525006413881	688.033528665241	214	40	8	18	232	212	219	22	12	47	19786	2504	2065	221	2358	2360	241	0	0	0	0	0	-520	-11	9	0
10	2	1	4	47	48	up	1	512	476.777384200319	2340.8631073174	504.383511672428	1070.37943512823	538.135551475947	3096.49232090693	528.458675154779	1314.70993313427	512	512	367.412025537818	319.491476764999	-593.456197366695	687.874203752848	221	30	5	17	239	219	211	22	10	50	19579	2674	2082	241	2491	2428	276	0	0	0	0	0	-692	-11	13	0
10	2	1	4	47	48	up	2	512	524.265484832508	2943.74456516497	507.447131438021	1192.00895418151	624.891352879691	3879.85683943938	584.938092757916	1583.05092440976	512	512	357.874614277427	292.615194280969	-593.538775637661	688.065360225923	224	43	9	21	215	203	227	29	10	43	19721	2657	1968	230	2479	2359	251	0	0	0	0	0	-830	-12	10	0
10	2	1	4	47	48	up	3	512	532.530673104693	3069.34021163315	529.241829111883	1250.52925223213	505.045381532197	2842.22181107569	501.008866528893	1148.14196358052	512	512	380.25856255163	332.810143485381	-593.582756968751	688.167526634715	219	35	2	25	231	219	223	23	2	45	19786	2538	2025	227	2282	2402	219	0	0	0	0	0	-589	-10	12	0
10	2	1	4	48	49	up	0	512	852.848483846864	5921.08728771934	795.71878779636	2835.57090826355	467.936734411888	2409.3192369058	465.767649259938	1031.69915191691	512	512	383.778436092029	339.742342022	-593.544468184917	688.078478771151	174	28	18	44	248	222	213	17	7	53	20242	2610	1993	243	2347	2444	220	0	0	0	0	0	-757	-13	10	0
10	2	1	4	48	49	up	1	512	731.851589466879	4704.68663450634	735.525750721651	2222.2574889821	435.424835044077	2353.29493000651	436.926720042118	994.58320807053	512	512	379.778617031222	332.491227669304	-593.455335537103	687.871886665638	150	61	13	35	253	249	188	18	4	53	20204	2650	1996	238	2350	2455	274	0	0	0	0	0	-829	-11	7	0
10	2	1	4	48	49	up	2	512	797.275831390312	5407.20921868168	772.062766752539	2643.80535552293	438.790836378138	2181.0274408383	458.652751780986	1062.22401752571	512	512	384.690348501101	336.703549516907	-593.572304547233	688.143130225429	165	54	19	39	235	238	204	15	7	48	20300	2535	2006	247	2312	2463	274	0	0	0	0	0	-654	-17	9	0
10	2	1	4	48	49	up	3	512	592.329046980942	3274.94509000441	617.719596994924	1598.06283183492	454.819956672823	2119.71433021556	506.248696149313	1134.77151811934	512	512	363.147570006289	303.053774095002	-593.497713351413	687.970085219754	187	41	13	22	249	213	237	15	5	42	20206	2657	1977	248	2470	2463	253	0	0	0	0	0	-809	-13	10	0
10	2	1	4	49	50	up	0	512	393.064155269079	1699.16134117685	392.992849261385	804.457402219228	383.615818049702	1707.14908861074	379.516301867025	682.129785225491	512	512	378.839156239859	326.401389371668	-593.481289776087	687.93210614087	245	55	11	9	192	251	200	12	4	45	20639	2691	2053	217	2307	2307	251	0	0	0	0	0	-781	-13	7	0
10	2	1	4	49	50	up	1	512	409.698153935018	2107.7813795013	392.474912473727	732.380726013292	459.294901687516	2516.95454845941	421.512412562186	831.909908154318	512	512	391.128212257526	356.472603705127	-593.489845340559	687.951890600442	240	61	1	17	193	232	195	19	5	61	20732	2671	1959	238	2277	2399	203	0	0	0	0	0	-827	-12	8	0
10	2	1	4	49	50	up	2	512	378.793645437831	1760.07320388779	387.82405480193	730.796593730388	368.594828373772	1513.44723751322	402.904154688958	834.059475316541	512	512	376.816707719303	330.796373341101	-593.465671576757	687.896109829688	249	57	3	13	190	232	194	9	7	70	20561	2782	1995	262	2438	2334	244	0	0	0	0	0	-933	-17	9	0
10	2	1	4	49	50	up	3	512	330.151812713458	1372.2678289961	343.594542321145	501.720262788895	383.618627109395	1765.1006164071	405.332233015907	823.769953159461	512	512	377.805474625482	330.341034181917	-593.637836021579	688.295100984692	263	59	2	10	178	238	195	13	3	63	20713	2642	2047	198	2505	2199	249	0	0	0	0	0	-732	-12	10	0
10	2	1	4	50	51	up	0	512	560.193792065318	3356.02408034737	521.457663435179	1309.17154857098	772.299630125934	5045.97512672089	727.470203728247	2327.14316131023	512	512	398.229771862329	361.730450401495	-593.563718781056	688.123251396268	221	39	6	26	220	167	250	36	18	41	21138	2695	2042	237	2184	2293	223	0	0	0	0	0	-758	-12	10	0
10	2	1	4	50	51	up	1	512	495.119586798757	2911.9876907959	470.083324198151	1164.67138246316	695.718847050626	4410.57709770506	696.502130869621	2137.05379826149	512	512	392.989083724018	350.614123424475	-593.53238012713	688.050608066188	260	39	9	21	183	182	241	32	14	43	21125	2728	2041	218	2237	2344	233	0	0	0	0	0	-773	-15	10	0
10	2	1	4	50	51	up	2	512	414.318700423138	2113.53198599236	413.136188858994	774.974654319799	684.007834058433	4084.49796576715	697.698833651197	2094.07889125528	512	512	399.972996023763	363.054860653444	-593.500561563669	687.976579359161	250	45	1	17	199	183	260	28	16	25	21089	2679	2082	262	2163	2338	232	0	0	0	0	0	-737	-13	11	0
10	2	1	4	50	51	up	3	512	571.400739748132	3505.8113595798	529.910353248787	1386.03680889386	777.700073313744	5247.64976353203	731.570420399827	2249.80150188153	512	512	384.780322695079	336.997010732691	-593.658672927766	688.34350860439	218	47	7	27	213	180	248	40	13	31	21039	2842	1981	250	2153	2350	214	0	0	0	0	0	-1054	-17	6	0
10	2	1	4	51	52	up	0	512	490.071989327512	2766.750776405	480.891665605418	1096.43103618039	497.456467838133	2599.31601800982	533.356064963532	1257.07606692402	512	512	396.766227402148	354.221109749138	-593.627286681766	688.27085684206	224	53	3	22	210	218	231	19	6	38	21528	2742	2075	279	2189	2259	201	0	0	0	0	0	-879	-11	8	0
10	2	1	4	51	52	up	1	512	438.188767066577	2218.46821224058	462.753781233853	980.320833452524	511.676571138443	2732.55606633973	521.440201379049	1191.27856491144	512	512	411.449780691053	376.329363407591	-593.480575526163	687.930621417603	229	53	3	17	210	215	239	21	4	33	21405	2735	2213	271	2229	2239	219	0	0	0	0	0	-682	-12	10	0
10	2	1	4	51	52	up	2	512	508.239173597515	2866.47428188565	486.307331829938	1143.79456426879	594.063858708757	3374.79012998153	584.202578343932	1485.81445933426	512	512	407.423065078952	377.729433762396	-593.408820182306	687.764111917743	216	66	10	20	200	188	239	23	13	49	21291	2835	2254	244	2331	2363	244	0	0	0	0	0	-711	-15	9	0
10	2	1	4	51	52	up	3	512	473.713822051885	2454.48020993577	479.931950835279	1012.83378238214	549.642129284695	3012.2309013838	570.970569473152	1627.88624367959	512	512	406.558041365591	369.371350932333	-593.600903444934	688.209479168378	222	41	3	19	227	211	221	19	15	46	21537	2728	2106	253	2106	2305	227	0	0	0	0	0	-756	-12	11	0
10	2	1	4	52	53	up	0	512	478.411382866258	2420.31906699186	491.588282527639	1047.39967777678	570.092979003442	3346.54686275565	546.173944818124	1324.14495192861	512	512	422.056750676646	397.124419037225	-593.561585276832	688.118278957598	216	35	2	19	240	203	242	27	3	37	21753	2905	2210	268	2062	2316	226	0	0	0	0	0	-788	-12	9	0
10	2	1	4	52	53	up	1	512	551.90480505751	3091.03946685249	563.100129129133	1454.84067444402	577.681892697507	3630.18214599026	533.136200801516	1349.82372425363	512	512	401.846947386381	360.925905021078	-593.42329182504	687.797797673774	192	53	7	23	237	220	212	29	5	46	21993	2845	2066	232	2225	2284	222	0	0	0	0	0	-886	-12	10	0
10	2	1	4	52	53	up	2	512	454.544125282512	2472.78725091344	463.825397012965	1067.3352048887	601.726977669381	3736.73231259886	582.092893564667	1663.33495267628	512	512	413.935242442018	381.564678260316	-593.497805533635	687.970415119525	244	47	4	19	198	214	209	27	12	50	21857	2850	2169	260	2207	2304	255	0	0	0	0	0	-839	-12	8	0
10	2	1	4	52	53	up	3	512	463.939246911259	2110.84800400218	495.871038033748	1035.71260003723	579.541316222819	3476.37064481551	556.840754046203	1528.02581601812	512	512	413.817157031924	386.65862776519	-593.456938654438	687.875789769417	212	35	7	14	244	213	215	25	11	48	21769	2859	2244	264	2105	2245	238	0	0	0	0	0	-774	-14	10	0
10	2	1	4	53	54	up	0	512	515.220399860633	2678.57743753295	529.764992224287	1328.25737461947	525.748263905634	2729.54706098858	549.637277886349	1376.64585808033	512	512	424.802991177905	397.606726724786	-593.610878736428	688.232689528985	210	42	10	18	232	202	236	18	11	45	22515	2804	2103	226	2107	2124	227	0	0	0	0	0	-820	-12	10	0
10	2	1	4	53	54	up	1	512	519.390096630006	2977.06363215683	486.456096038633	1143.52464877833	508.085144945009	2729.3981139728	513.917016248806	1202.87355724464	512	512	422.431454393473	400.35908372213	-593.485319750867	687.941437924949	232	35	5	23	217	220	220	19	9	44	22297	2898	2183	270	2122	2302	227	0	0	0	0	0	-872	-14	11	0
10	2	1	4	53	54	up	2	512	542.933925352196	3041.99076809693	516.117949435084	1246.63703934751	481.053512150953	2540.74786901792	499.228340957964	1177.2866054508	512	512	401.686753595802	365.662784142722	-593.555903441907	688.105385509967	203	45	6	23	235	207	219	19	5	62	22246	2994	2137	271	2187	2152	225	0	0	0	0	0	-1050	-14	7	0
10	2	1	4	53	54	up	3	512	519.490909691881	2721.829653472	525.040406639189	1223.25073986271	476.83059979095	2457.55019492759	505.734023142944	1197.99114348752	512	512	406.277765613754	371.516738892483	-593.611859159312	688.234663959772	206	36	6	20	244	211	230	19	3	49	22424	2882	2093	249	2155	2140	206	0	0	0	0	0	-930	-12	10	0
10	2	1	4	54	55	up	0	512	412.708500492822	1601.85413028524	458.91952314536	824.262584108555	524.716334551255	2571.92083974309	552.294104638191	1361.9669831812	512	512	424.181420947107	403.334338278164	-593.573056268692	688.144819020571	217	29	3	11	252	200	251	16	12	33	22722	2968	2217	253	2069	2188	218	0	0	0	0	0	-904	-15	9	0
10	2	1	4	54	55	up	1	512	582.782705759382	3675.20648120855	521.74369028505	1361.44961989019	518.411382866258	2818.67771411217	526.207864040834	1244.2057569717	512	512	433.980100774111	421.691101354481	-593.482941023163	687.935762904251	218	49	6	29	210	212	231	21	6	42	22726	2908	2205	321	2015	2221	219	0	0	0	0	0	-847	-13	10	0
10	2	1	4	54	55	up	2	512	526.955211588448	2945.13977175069	494.487131024158	1091.98537121736	500.496231250945	2563.20961514755	518.226410697313	1178.14323601284	512	512	415.126485444479	390.334761656796	-593.443882529477	687.845305484752	203	50	4	23	232	211	242	19	5	35	22693	2968	2206	293	2152	2099	249	0	0	0	0	0	-947	-14	16	0
10	2	1	4	54	55	up	3	512	401.201922684074	1609.39825556775	441.318973019047	886.08839792849	547.127420857191	2811.17302736315	549.870535732533	1179.80276794016	512	512	423.60817187193	401.755365043642	-593.530595885398	688.046627039034	233	35	6	10	228	187	271	21	5	28	22694	2991	2225	250	2072	2042	190	0	0	0	0	0	-908	-11	9	0
10	2	1	4	55	56	up	0	512	459.971176265637	2302.56236253673	479.074847588505	1124.74026485931	675.241389536563	4210.89624965389	624.011732661529	1830.46814989971	512	512	434.132792849799	416.363856593661	-593.643829410067	688.309000499646	226	47	7	16	216	185	245	31	12	39	23197	2989	2226	260	1986	2045	189	0	0	0	0	0	-847	-11	10	0
10	2	1	4	55	56	up	1	512	441.453955338763	1928.72960344471	500.899979712531	1150.01333394323	502.684701757199	2780.61094801633	500.812446943994	1117.97347547508	512	512	431.30411841277	414.599751930354	-593.485960459565	687.94303542677	212	46	8	12	234	211	224	22	3	52	22978	3100	2308	286	2000	2004	199	0	0	0	0	0	-953	-16	10	0
10	2	1	4	55	56	up	2	512	532.957724087818	3012.29159783456	511.381099551731	1225.43263394975	565.620843048443	3147.44054485035	569.261973687878	1524.34266304174	512	512	423.396158966275	398.816262901027	-593.499954540396	687.975858428501	225	36	8	22	221	207	231	21	13	40	23005	3073	2320	274	2117	2076	222	0	0	0	0	0	-921	-15	8	0
10	2	1	4	55	56	up	3	512	444.66873708001	2108.76596467719	491.960776971709	1090.15710400267	529.188470506255	3105.37360884057	501.868276372393	1174.19332011057	512	512	431.761998150964	416.51429147182	-593.606541622971	688.22277676335	228	38	5	15	226	232	220	25	3	32	23295	2938	2177	262	2010	2157	244	0	0	0	0	0	-924	-13	9	0
10	2	1	4	56	57	up	0	512	425.324021982201	1890.56549647574	473.173172011758	969.339443582914	557.581079635631	3294.3523792423	544.774524023739	1406.31087743437	512	512	420.859952056601	397.813910600184	-593.436146390068	687.827743308789	219	48	5	13	227	218	221	25	7	41	23270	3301	2268	345	1987	1985	208	0	0	0	0	0	-1229	-16	10	0
10	2	1	4	56	57	up	1	512	519.315891363446	2898.75673277412	525.923879410027	1336.8243929052	503.034738414071	2664.02120127928	494.050329151166	1092.03566590293	512	512	433.705910256922	417.135984140044	-593.445262435246	687.848547356724	223	43	8	21	217	213	233	20	5	41	23530	3083	2281	290	1977	2082	186	0	0	0	0	0	-933	-14	8	0
10	2	1	4	56	57	up	2	512	523.713822051885	2746.30393535765	539.405952344972	1359.6994854194	502.483075633448	2663.11549317039	510.148031980896	1160.82010174688	512	512	446.183681496114	436.497042913608	-593.473094532118	687.912890803407	198	49	9	19	237	207	232	20	5	48	23555	3020	2320	289	1916	2136	217	0	0	0	0	0	-899	-15	10	0
10	2	1	4	56	57	up	3	512	494.61552148938	2498.43142622324	507.966340933154	1158.22152257645	522.681892697507	2941.01806734027	521.115477176665	1262.91812986018	512	512	455.469833578487	455.666460941529	-593.492442754942	687.957917398132	222	26	6	18	240	220	228	23	4	37	23534	2992	2376	282	1994	2022	191	0	0	0	0	0	-728	-14	9	0
10	2	1	4	57	58	up	0	512	509.037250913441	2690.4435371944	510.410610850233	1096.29433251728	506.400739748132	2747.01202601419	513.446848009668	1266.2288115158	512	512	435.951983387729	422.523202752037	-593.633332986025	688.284689822084	219	25	3	21	244	226	222	20	7	37	24048	3110	2255	283	2005	1903	187	0	0	0	0	0	-995	-12	7	0
10	2	1	4	57	58	up	1	512	443.713822051885	1969.95138620141	480.341600305459	968.415065935103	565.923282234069	3244.5955898302	542.169266655517	1312.42397398368	512	512	443.58738252324	435.162231279428	-593.420272708465	687.790621481049	214	36	4	14	244	201	234	24	8	45	23829	3245	2332	290	2011	1959	206	0	0	0	0	0	-1101	-16	7	0
10	2	1	4	57	58	up	2	512	534.565114958442	3052.58333726408	512.881043181251	1184.2124916369	545.947080969692	3262.70794906158	522.960854094344	1406.52626093547	512	512	435.676493277673	416.954375714871	-593.580173378932	688.161330015245	223	31	4	24	230	239	205	24	9	35	24031	3187	2164	314	2013	2018	222	0	0	0	0	0	-1192	-15	9	0
10	2	1	4	57	58	up	3	512	489.265484832508	2786.92083974309	490.352924283869	1196.91587183564	614.713525491562	3809.3795085717	570.491094254782	1546.00343652961	512	512	447.766610959257	447.830102973278	-593.535165719595	688.057229618854	248	38	6	21	199	213	235	30	6	28	23975	3064	2382	275	1960	2028	238	0	0	0	0	0	-875	-14	11	0
10	2	1	4	58	59	up	0	512	646.59955681219	4003.09087476219	642.014281227574	1914.86946293047	486.5043618697	2448.81771241478	504.224357990777	1151.85915343267	512	512	454.620155818789	453.549675407712	-593.535959083057	688.058949602241	199	45	15	28	225	199	237	18	5	53	24182	3296	2439	291	1943	1958	182	0	0	0	0	0	-1000	-16	8	0
10	2	1	4	58	59	up	1	512	691.899186938124	4230.39472516287	689.313394457905	1948.87964503151	534.567924018134	2934.36468844639	521.933654164622	1291.31530121788	512	512	462.543040351007	472.440304182841	-593.399146936934	687.741608207092	178	39	17	29	249	198	237	22	6	49	24161	3266	2480	301	1891	2083	205	0	0	0	0	0	-992	-13	13	0
10	2	1	4	58	59	up	2	512	807.87509164218	5575.61625304865	750.382086879002	2381.76240683011	495.244198596256	2735.04844388464	499.978289154011	1202.88557539812	512	512	458.277903840847	461.313332724699	-593.485354248416	687.941555628486	179	30	13	43	247	244	210	20	7	31	24246	3240	2433	289	1918	1944	219	0	0	0	0	0	-986	-14	10	0
10	2	1	4	58	59	up	3	512	681.875388202502	4394.07560153304	678.315381390597	2021.78273468927	385.300223246579	1434.27686266623	465.568592149931	966.426693622672	512	512	447.273613432928	443.607479640726	-593.553858428773	688.100619834114	184	45	9	34	240	221	225	8	7	51	24241	3278	2400	289	1970	1972	207	0	0	0	0	0	-1056	-18	9	0
10	2	1	4	59	60	up	0	512	356.432965662833	1597.5504781175	360.882915044354	605.430924345421	353.767037642515	1477.91508160692	360.07420780454	610.265109932733	512	512	471.119526414962	480.50584453053	-593.582248056103	688.166188514424	253	61	2	12	184	264	190	10	4	44	24869	3108	2458	285	1786	1892	209	0	0	0	0	0	-763	-11	7	0
10	2	1	4	59	60	up	1	512	347.512492488456	1313.62037815234	384.496467432691	710.752799814534	394.772359201578	2033.09437684808	370.57041336356	653.749152133128	512	512	453.557604923034	454.208722372928	-593.58661406688	688.176478859787	247	54	5	8	198	261	181	16	2	52	24748	3234	2453	285	1873	1868	171	0	0	0	0	0	-954	-13	10	0
10	2	1	4	59	60	up	2	512	282.414488486273	985.45333547729	308.554830861446	391.942628805444	379.671546139703	1604.45308060637	397.348978395776	704.935472669179	512	512	460.285731256242	467.303538037957	-593.539036735166	688.066079284224	276	61	1	7	167	243	207	11	4	47	24739	3194	2466	321	1910	1844	184	0	0	0	0	0	-949	-14	9	0
10	2	1	4	59	60	up	3	512	386.106727741583	1865.90003492969	382.723976502311	710.727171267793	390.249816715641	1635.07012658677	408.923956404606	754.397652216517	512	512	456.961163968001	458.165000821018	-593.554600299588	688.102243887139	241	68	3	14	186	226	222	12	2	50	24804	3174	2460	282	1876	1825	195	0	0	0	0	0	-891	-13	10	0
10	2	1	4	60	61	up	0	512	493.663415520947	2614.10329724225	480.572050342411	996.873176147107	631.397930688439	3709.8659297475	651.435656215491	1798.11508318297	512	512	471.164142469152	488.546750733599	-593.384239184337	687.707216591039	215	43	4	20	230	179	261	28	8	36	25062	3295	2556	319	1866	1886	192	0	0	0	0	0	-868	-13	9	0
10	2	1	4	60	61	up	1	512	491.350333217194	2494.55307399568	483.841932426845	1003.86535579768	696.798373876249	4352.08768418521	680.344445902302	1903.7727729153	512	512	470.035763383412	477.612770696557	-593.660574991882	688.348105015215	219	33	6	18	236	172	261	33	10	36	25305	3214	2437	276	1804	1876	167	0	0	0	0	0	-976	-13	7	0
10	2	1	4	60	61	up	2	512	431.554768400638	2073.64750748174	460.174901330864	951.571559417118	709.058240589371	4582.76234931534	686.452750956682	2114.56746019816	512	512	468.29680183068	481.430263930073	-593.56324042661	688.122179558549	226	46	2	16	222	194	241	34	13	30	25249	3246	2445	292	1866	1907	197	0	0	0	0	0	-979	-13	9	0
10	2	1	4	60	61	up	3	512	485.297414186886	2703.01213929015	480.285627926616	1142.18460990603	607.029416855008	3427.09412197716	653.023350667246	1744.43833146028	512	512	482.215674749772	499.110032801697	-593.602019300894	688.212443526538	230	48	4	21	209	164	260	25	9	54	25271	3171	2490	300	1824	1864	172	0	0	0	0	0	-851	-14	11	0
10	2	1	4	61	62	up	0	512	525.345011658131	2788.17311232012	526.01991096618	1288.00827655229	494.090466504072	2536.68993835929	504.515330828899	1119.46540361181	512	512	481.250964850415	501.94452269359	-593.521958021845	688.026469453853	214	37	10	19	232	213	231	18	7	43	25714	3257	2490	283	1845	1908	200	0	0	0	0	0	-899	-13	9	0
10	2	1	4	61	62	up	1	512	579.968367205944	3613.4861096669	513.543057247146	1254.29661859507	506.955211588448	2826.23400700382	517.033176968926	1239.18372965267	512	512	486.017651994511	513.753838289097	-593.468731536163	687.902820808119	219	47	7	28	211	227	207	20	9	49	25619	3230	2590	305	1692	1778	182	0	0	0	0	0	-803	-13	8	0
10	2	1	4	61	62	up	2	512	557.631486166569	3294.36454685144	532.329979033765	1366.16257918549	458.538803723449	2123.70219092541	482.369078442586	949.335810829661	512	512	476.932839687659	494.711629479419	-593.486253741556	687.94340868538	217	42	7	25	221	207	241	15	5	44	25660	3309	2472	303	1743	1967	194	0	0	0	0	0	-1013	-14	10	0
10	2	1	4	61	62	up	3	512	463.162159271262	2325.21585470657	496.678494196915	1178.00638066193	541.074501826883	3001.63819062169	560.210988009656	1511.67367892441	512	512	476.700756293526	496.87032864284	-593.459024709046	687.880079739409	220	47	5	17	223	210	226	21	10	45	25506	3414	2503	321	1754	1799	186	0	0	0	0	0	-993	-13	9	0
10	2	1	4	62	63	up	0	512	526.124908357821	3042.82053484489	500.799783257374	1131.28238133837	434.517517487197	2018.72946184976	481.058487681608	990.002113194068	512	512	473.041765716441	486.777655119939	-593.69127339729	688.418894095506	221	43	4	24	220	231	230	15	3	33	26099	3339	2509	309	1798	1700	170	0	0	0	0	0	-1042	-12	9	0
10	2	1	4	62	63	up	1	512	499.217887361263	2776.6839253522	484.114633652977	1109.60016180781	551.626164607506	3365.79611466963	526.908113851672	1265.63212632062	512	512	485.562364858066	514.595041459524	-593.668490312003	688.36622989235	212	55	3	22	220	228	214	27	4	39	26272	3278	2408	298	1659	1717	156	0	0	0	0	0	-1057	-13	11	0
10	2	1	4	62	63	up	2	512	508.28677106876	2788.17017661405	514.80195858025	1241.54205752304	533.411382866258	2992.03636123247	533.421674070636	1290.29638520051	512	512	488.73385241944	526.118131750899	-593.351347408969	687.630892499361	220	48	8	20	216	208	232	23	5	44	25924	3411	2584	337	1760	1905	213	0	0	0	0	0	-1040	-15	11	0
10	2	1	4	62	63	up	3	512	518.363785395013	2700.44689768533	533.288239100376	1309.05147883102	531.199113624381	2872.51047320418	523.981622466181	1275.98921953686	512	512	506.329272146407	551.849792103716	-593.424282506743	687.799982380184	188	59	8	19	238	210	238	21	7	36	25978	3303	2679	296	1710	1747	185	0	0	0	0	0	-793	-13	11	0
10	2	1	4	63	64	up	0	512	423.538803723449	1987.2432105879	451.04229629438	912.29342667189	551.726977669381	3210.01501835824	554.924723538989	1558.98392015783	512	512	509.781030133064	562.461727585854	-593.512909252575	688.005539572914	239	40	5	14	214	222	215	23	10	42	26269	3467	2706	326	1628	1813	176	0	0	0	0	0	-863	-17	9	0
10	2	1	4	63	64	up	1	512	543.159350211569	3237.78095471644	500.797731921412	1161.69884150123	581.047894031567	3496.27330394236	561.210611983633	1431.11937155929	512	512	495.649727509504	528.187810461595	-593.493998843733	687.961611075264	217	40	1	27	227	205	235	28	4	40	26366	3425	2627	350	1701	1688	183	0	0	0	0	0	-915	-13	9	0
10	2	1	4	63	64	up	2	512	535.146194594073	3053.52275408929	526.776081076419	1432.18496913633	527.984331883133	3103.5378574045	502.286491789992	1134.61176476018	512	512	484.695608773358	516.659765543029	-593.564324644478	688.124597435233	213	53	9	22	215	222	218	25	3	44	26466	3540	2481	281	1710	1712	194	0	0	0	0	0	-1192	-17	13	0
10	2	1	4	63	64	up	3	512	443.565411518764	2127.31929354378	479.322206588926	1002.32738899639	435.374428513139	2000.94240916926	483.296079339621	1078.59523001594	512	512	471.684272836387	489.693690967292	-593.402949199386	687.750743144137	224	53	8	14	213	226	212	12	10	52	26154	3649	2640	325	1799	1647	172	0	0	0	0	0	-1170	-13	10	0
10	2	1	4	64	65	up	0	512	611.249520155319	3745.95722929456	579.779279921731	1579.80372423527	423.891649440013	2046.05177605659	454.014736108881	943.738852175613	512	512	488.945331638904	517.002693513863	-593.587468253097	688.178523278819	193	49	7	29	234	236	210	15	4	47	26944	3470	2513	353	1619	1634	159	0	0	0	0	0	-1201	-14	11	0
10	2	1	4	64	65	up	1	512	504.315891363446	2763.75673277412	493.416833677426	1121.20457423493	467.005618119385	2389.52888037235	509.188054450202	1253.4565575175	512	512	505.561892940578	549.372203946036	-593.598035581312	688.202970171502	223	40	5	21	223	234	209	16	9	44	26880	3480	2639	281	1632	1650	143	0	0	0	0	0	-1034	-14	9	0
10	2	1	4	64	65	up	2	512	492.056024650323	2553.44681272836	514.426805051388	1182.37466608583	421.252329215011	1748.68093300814	467.647485389587	901.963133475746	512	512	490.673001447268	527.784367087266	-593.452647847852	687.865887710563	209	47	5	19	232	216	242	12	4	38	26748	3554	2639	339	1600	1628	188	0	0	0	0	0	-1146	-15	8	0
10	2	1	4	64	65	up	3	512	469.947377530014	2411.34967008815	483.45419338268	1139.99681226958	474.923578794392	2533.86036984426	504.546208000721	1209.36998933824	512	512	495.134096040582	537.558243417711	-593.449955897352	687.859602746908	216	57	7	17	215	210	212	19	5	66	26660	3596	2681	343	1679	1649	149	0	0	0	0	0	-1092	-15	9	0
10	2	1	4	65	66	up	0	512	549.464301896566	2991.02408034737	562.678598428045	1373.77424323307	499.443312220636	2561.41036653891	492.124196033569	1064.66448625635	512	512	515.171407530483	564.041530583265	-593.59173229175	688.188413085905	205	31	7	22	247	198	240	19	5	50	27013	3614	2836	329	1511	1540	174	0	0	0	0	0	-981	-15	8	0
10	2	1	4	65	66	up	1	512	565.520029986567	3185.77485675237	566.013225484368	1535.73591204256	436.881006321887	2099.93320558517	468.644241923376	979.590988644102	512	512	520.182425624639	581.05696187035	-593.574475084446	688.148193205548	205	37	9	23	238	230	217	15	5	45	27439	3365	2697	291	1555	1667	158	0	0	0	0	0	-771	-12	11	0
10	2	1	4	65	66	up	2	512	465.172802389388	2444.6930722983	467.943365568295	1012.30922851389	599.390096630006	3556.88125961464	569.920442541286	1550.88067446603	512	512	502.716961865626	541.86278611428	-593.500438378458	687.976536662135	222	51	3	19	217	196	233	26	10	47	27363	3551	2545	333	1571	1597	173	0	0	0	0	0	-1201	-15	9	0
10	2	1	4	65	66	up	3	512	497.75890702376	2599.38902366468	517.910875641381	1232.09123164889	549.642129284695	3323.84176444316	493.16207764824	1136.28732003108	512	512	500.472086162546	539.947319365069	-593.574395050952	688.147915937656	212	44	6	19	231	219	219	27	3	44	27326	3580	2582	304	1613	1690	154	0	0	0	0	0	-1246	-15	8	0
10	2	1	4	66	67	up	0	512	494.063858708757	2535.88436523466	513.645330965095	1113.06898361596	497.106431181261	2598.4589803375	524.384530351351	1226.6022347766	512	512	509.69612299778	558.439953141983	-593.450926908117	687.861751579648	212	32	2	20	246	208	230	19	6	49	27568	3625	2765	346	1545	1573	165	0	0	0	0	0	-1007	-16	13	0
10	2	1	4	66	67	up	1	512	530.19660112501	3067.25831390311	525.101788616055	1365.51757529298	544.013452177819	3162.04237423957	537.187264971178	1427.62677768976	512	512	520.463162045161	589.464250718892	-593.393486915255	687.72850210688	216	53	7	23	213	225	214	23	9	41	27640	3597	2713	354	1541	1614	186	0	0	0	0	0	-1075	-16	9	0
10	2	1	4	66	67	up	2	512	430.223208920326	2111.71133787151	458.840326355329	963.885526738541	499.164671770632	2659.996837742	516.35243235086	1205.31077138056	512	512	497.247587384925	540.884594856257	-593.409316229464	687.765270154581	233	47	3	16	213	222	229	20	5	36	27528	3764	2702	310	1580	1543	148	0	0	0	0	0	-1232	-16	9	0
10	2	1	4	66	67	up	3	512	528.411382866258	2849.95432190748	542.036664478901	1438.39732474134	517.103622121568	2797.22474678176	525.89401140905	1245.49993039364	512	512	513.718789727141	563.743820705989	-593.412847712025	687.77337241862	208	44	9	20	231	213	241	22	3	33	27632	3582	2736	354	1546	1588	185	0	0	0	0	0	-1043	-16	10	0
10	2	1	4	67	68	up	0	512	467.984331883133	2310.65038654983	492.625019181142	997.040266293886	475.371619453446	2456.42546985413	475.647383653277	1026.42588648247	512	512	530.850032012732	598.81893386876	-593.580049040536	688.161329940483	218	34	2	18	240	223	229	19	3	38	28190	3593	2685	348	1458	1553	153	0	0	0	0	0	-1109	-18	10	0
10	2	1	4	67	68	up	1	512	514.241686096885	2931.25526492108	485.579983035944	1075.22841494397	469.013452177819	2057.98472677084	523.278223586388	1130.90263492006	512	512	534.719518107517	611.205652389664	-593.499506700822	687.974255845109	218	49	4	23	218	209	254	13	8	28	27969	3741	2803	303	1397	1648	120	0	0	0	0	0	-1016	-14	10	0
10	2	1	4	67	68	up	2	512	544.467110956259	3162.15188272185	554.62214090729	1502.95026748139	463.437990661573	2365.21277740555	492.65027667943	1108.91713226973	512	512	529.903778375313	597.962381635833	-593.500397429847	687.976717704017	216	50	9	23	214	229	216	17	6	44	27920	3616	2908	372	1497	1530	136	0	0	0	0	0	-852	-16	14	0
10	2	1	4	67	68	up	3	512	564.164671770632	3360.07277910293	510.622848374467	1243.68090863939	600.193792065318	3478.75966848019	588.223857385284	1492.46913038842	512	512	539.759130650124	616.717320557032	-593.577892262937	688.156233487561	210	46	6	26	224	185	249	26	8	44	28234	3489	2761	332	1403	1553	151	0	0	0	0	0	-876	-14	9	0
10	2	1	4	68	69	up	0	512	561.549150281253	3102.63802070775	595.984511220936	1503.69467414464	567.631486166569	3363.99980176706	551.166484187365	1454.39577964902	512	512	529.610158547532	602.477171528637	-593.51226614877	688.003823614078	204	29	7	23	249	209	228	26	6	43	28570	3630	2749	379	1493	1515	151	0	0	0	0	0	-997	-15	14	0
10	2	1	4	68	69	up	1	512	729.737324227185	4371.42812237029	753.717632026325	2267.76221398879	463.891649440013	2424.04567809252	464.723473811709	1058.79185137235	512	512	527.396919910227	594.388904873168	-593.390152081248	687.72100365794	159	38	22	28	265	224	212	18	5	53	28712	3636	2674	306	1449	1505	160	0	0	0	0	0	-1090	-15	10	0
10	2	1	4	68	69	up	2	512	636.747967345311	3559.18804572139	680.357350957424	1933.92126590357	592.981522823441	3707.30362384875	559.960825259723	1500.37579230791	512	512	526.187524626391	599.117308211951	-593.475148819102	687.917499941392	169	25	9	26	283	227	211	28	9	37	28533	3751	2705	339	1501	1553	168	0	0	0	0	0	-1184	-20	10	0
10	2	1	4	68	69	up	3	512	668.607390870624	4027.71689777475	670.673376791541	1903.71317514549	454.217887361263	2374.05476840064	459.29286598322	965.961868690029	512	512	526.178358231103	590.482652128022	-593.489887356132	687.952010189096	186	33	15	28	250	232	209	18	4	49	28249	3955	2793	331	1448	1523	179	0	0	0	0	0	-1319	-14	13	0
10	2	1	4	69	70	up	0	512	381.026904355638	1606.32533486987	395.508324755664	723.871165197638	369.146491154395	1552.71159274242	379.806676181407	615.08379086299	512	512	542.389136257443	626.388590757145	-593.544297995283	688.078494568624	250	38	4	11	209	234	202	11	3	62	28908	3753	2889	290	1381	1535	160	0	0	0	0	0	-969	-13	8	0
10	2	1	4	69	70	up	1	512	377.485884693141	1641.53819723239	393.71007908843	754.097443193202	362.462085957518	1545.69024986819	382.577037651635	664.997817921902	512	512	521.243441895345	582.144944247136	-593.394332743028	687.730764786346	250	49	5	11	197	248	195	11	3	55	28966	3837	2671	366	1481	1434	169	0	0	0	0	0	-1453	-19	10	0
10	2	1	4	69	70	up	2	512	345.629270227521	1447.86053975821	366.950176909723	644.371720463638	381.631782726891	1744.28287567333	397.02446863754	746.922077789001	512	512	544.000469006724	628.649459873961	-593.629463212347	688.275348927042	248	61	1	11	191	254	190	12	5	51	28902	3672	2927	339	1528	1554	148	0	0	0	0	0	-950	-15	12	0
10	2	1	4	69	70	up	3	512	435.751072965326	2314.21588302556	422.523490717099	914.538054592006	386.857207586265	1671.09135618504	392.252923170774	717.106709664773	512	512	526.938236979469	590.842736894356	-593.387925630544	687.715918982262	245	50	3	18	196	240	211	12	3	46	28867	3769	2851	353	1514	1575	159	0	0	0	0	0	-1130	-15	10	0
10	2	1	4	70	71	up	0	512	389.268293892201	1497.8208180348	458.248397606028	921.656078544163	640.392609129376	3916.2974975657	618.198649790771	1686.70736859492	512	512	536.591309646865	611.005681869451	-593.47022084169	687.906751961534	231	40	6	9	226	190	248	30	8	36	29230	3928	2889	305	1474	1319	124	0	0	0	0	0	-1184	-14	9	0
10	2	1	4	70	71	up	1	512	442.859720085635	2244.59573142515	460.684052223895	1026.77867932849	598.936437851566	3263.15479010893	655.678289219667	1917.31755368593	512	512	551.741683432751	647.455989662328	-593.625179723066	688.265880593614	246	39	6	16	205	185	253	21	15	38	29243	3913	2816	380	1284	1361	137	0	0	0	0	0	-1279	-16	10	0
10	2	1	4	70	71	up	2	512	440.623652108135	2006.04562145454	469.412331727499	995.999754682111	650.870066643439	3791.08477679813	665.888614599872	1834.45540429304	512	512	549.358641177988	637.842013884798	-593.57326423887	688.145532663817	222	38	5	14	233	171	264	27	12	38	29507	3711	2800	334	1391	1425	147	0	0	0	0	0	-1137	-15	10	0
10	2	1	4	70	71	up	3	512	465.650259903451	2505.10341051822	451.632484102245	954.69435137679	748.052919030308	4742.84136797729	731.325365786039	2180.56195436714	512	512	542.305696056258	622.979418394216	-593.438524400636	687.832999617986	235	53	7	18	199	157	276	36	11	32	29289	3834	2891	338	1406	1415	124	0	0	0	0	0	-1157	-16	12	0
10	2	1	4	71	72	up	0	512	640.267997331878	4131.59539159726	590.728420822943	1662.11777855331	522.281449509697	2881.42546985413	497.549654452664	1160.02222537791	512	512	561.517077486166	670.944120047627	-593.533921879491	688.054293332893	202	43	6	33	228	207	231	22	5	47	29573	3802	3113	376	1259	1351	130	0	0	0	0	0	-942	-24	10	0
10	2	1	4	71	72	up	1	512	486.175314888758	2488.66862380405	489.811129498486	1097.91805141916	582.456467838133	3438.662469202	578.626323993127	1523.01251751728	512	512	566.386509413247	677.622912108123	-593.482877161856	687.935615794052	220	38	6	18	230	190	240	27	5	50	29545	3926	3038	355	1219	1496	137	0	0	0	0	0	-1079	-15	11	0
10	2	1	4	71	72	up	2	512	522.029416855008	2901.72937689279	536.036933444643	1386.44771443286	491.803991995634	2515.02732756234	498.076782764285	1106.2405727351	512	512	567.413138070876	676.546318148515	-593.432009210283	687.817760897778	220	43	8	21	220	218	225	17	9	43	29675	3887	2972	330	1307	1402	153	0	0	0	0	0	-1093	-13	9	0
10	2	1	4	71	72	up	3	512	503.788027318445	2488.80540321069	529.087901646328	1286.20838288993	514.416704425321	2736.33428358303	495.751287417078	1093.29500072352	512	512	555.699883929391	653.756749356166	-593.488698354192	687.949030842104	203	38	8	17	246	213	227	19	9	44	29841	3851	2825	347	1354	1445	109	0	0	0	0	0	-1254	-17	13	0
10	2	1	4	72	73	up	0	512	603.83562478969	3757.55284744375	555.633186993405	1463.03130353174	458.135551475947	2261.41637954601	491.293896252501	1159.91630073326	512	512	553.859600657902	646.149086842516	-593.54337368452	688.076373035809	211	36	5	30	230	231	222	16	6	37	30056	3994	2950	376	1259	1340	130	0	0	0	0	0	-1256	-14	11	0
10	2	1	4	72	73	up	1	512	547.708500492822	3126.09415029616	527.663654006884	1270.06128070564	478.236364537822	2479.7993618846	489.408947315487	1106.86756505423	512	512	551.98433372275	645.243462536003	-593.632830230832	688.283258004975	205	51	8	23	225	225	221	18	6	42	30136	3932	2934	374	1267	1266	135	0	0	0	0	0	-1225	-14	13	0
10	2	1	4	72	73	up	2	512	549.867554144069	3208.02108800332	542.213662015311	1526.73186763777	451.000296560322	2350.59570310616	465.55289132828	1041.62674946255	512	512	563.24744080399	669.47035499547	-593.537035560473	688.061489015201	225	41	10	23	213	237	217	19	1	38	30335	3824	2885	332	1251	1350	127	0	0	0	0	0	-1135	-13	12	0
10	2	1	4	72	73	up	3	512	506.703178933759	2667.99689437998	498.758179818497	1115.71531232255	517.732299228444	2798.94819562442	505.443852678596	1190.38909911766	512	512	549.727525097415	638.760437950648	-593.676193513138	688.383923166493	208	42	5	20	237	219	227	20	8	38	30346	3844	2834	352	1299	1231	109	0	0	0	0	0	-1177	-18	9	0
10	2	1	4	73	74	up	0	512	484.870363203761	2604.25532155906	487.859661473159	1143.62846474943	576.374131952817	3532.01188441923	527.25640955202	1394.52828061549	512	512	560.81744874655	665.567619110717	-593.531521545935	688.048607909566	220	48	4	20	220	229	208	26	10	39	30645	3913	2986	344	1232	1221	106	0	0	0	0	0	-1138	-19	10	0
10	2	1	4	73	74	up	1	512	527.231042978759	2985.13669444967	529.778730031069	1307.17657822489	480.146194594073	2540.52885205335	487.549353582123	1167.09101183196	512	512	562.161867057033	667.882102570584	-593.561844907933	688.118721043625	212	47	5	23	225	225	219	19	5	44	30546	4050	2952	340	1253	1246	123	0	0	0	0	0	-1310	-16	13	0
10	2	1	4	73	74	up	2	512	567.37945351188	3187.7687871073	541.298491555662	1305.97172102868	473.713822051885	2454.48020993577	478.795245369216	1029.48707627691	512	512	574.086218093358	694.869160089524	-593.521397776448	688.025066241981	202	38	9	23	240	222	227	19	3	41	30572	3882	3056	378	1172	1254	143	0	0	0	0	0	-1096	-17	8	0
10	2	1	4	73	74	up	3	512	495.59704431282	2656.04547985958	508.307847732831	1268.01972457967	534.037250913441	2856.72014498972	552.217329888223	1387.86863805598	512	512	577.543469333203	704.656995176734	-593.565291074516	688.126926362499	225	37	5	20	225	215	238	20	9	30	30626	3881	2996	385	1259	1331	130	0	0	0	0	0	-1135	-14	10	0
10	2	1	4	74	75	up	0	512	598.963045646881	3498.8539320523	583.298578134596	1597.11841144595	435.629270227521	2176.4015594207	462.255767162872	1064.25989470324	512	512	589.943407700079	731.285819337691	-593.548333805585	688.087738549148	202	49	16	23	222	216	199	15	7	75	31031	3994	3011	364	1167	1369	162	0	0	0	0	0	-1193	-16	10	0
10	2	1	4	74	75	up	1	512	614.440503160944	3868.06360383784	584.020518234068	1713.03619147805	398.087954004702	1743.36793566136	440.277478355649	970.84070981601	512	512	569.827672613832	682.794233286539	-593.547529323748	688.085811715586	207	51	10	29	215	243	205	11	7	46	30854	4086	3072	388	1137	1170	115	0	0	0	0	0	-1257	-15	8	0
10	2	1	4	74	75	up	2	512	457.483075633448	2161.03345384539	485.92435059211	960.314083325115	476.981819383763	2398.86330555033	496.404018137615	1167.6499751782	512	512	588.928536782059	729.395265789724	-593.482463506637	687.934658039518	207	40	1	17	247	204	234	18	4	52	31049	3919	3089	343	1113	1234	101	0	0	0	0	0	-1106	-18	10	0
10	2	1	4	74	75	up	3	512	597.127420857191	3516.43134126627	584.452323264694	1766.97490283927	487.509683428763	2646.36785070439	477.627275997712	1051.26330569966	512	512	572.41248209604	691.506781598996	-593.56230547265	688.119843635908	211	39	14	24	224	216	215	20	5	56	30972	4061	2978	389	1180	1149	108	0	0	0	0	0	-1306	-17	9	0
10	2	1	4	75	76	up	0	512	448.28677106876	2171.45288237344	482.062024503104	1065.90745470816	510.071989327512	2729.8511096222	504.869613201673	1152.42880726804	512	512	590.977167658517	728.870702477004	-593.330972194856	687.583576494178	228	38	4	16	226	196	236	21	4	55	31218	4155	3134	405	1162	1292	112	0	0	0	0	0	-1154	-17	10	0
10	2	1	4	75	76	up	1	512	518.862232585005	2584.66551818403	561.301307632938	1436.88003549988	508.912639115943	2749.93599969629	512.054732404195	1242.3003558524	512	512	590.184044201819	730.100614750473	-593.424386813569	687.800436056762	204	33	10	17	248	227	225	20	7	33	31307	4083	3165	357	1064	1185	115	0	0	0	0	0	-1156	-19	13	0
10	2	1	4	75	76	up	2	512	620.291796067501	3953.17282913022	577.991118128007	1655.0626750319	521.400739748132	3155.26424195324	498.828789391887	1201.93707558206	512	512	587.455146205387	730.171688521004	-593.481376986543	687.93220986328	220	32	7	31	222	238	207	26	2	39	31347	4113	3055	397	1152	1396	118	0	0	0	0	0	-1221	-14	11	0
10	2	1	4	75	76	up	3	512	464.567924018135	2248.01213929015	490.056472229391	1015.89952542858	477.257650774074	2400.501581129	499.1645384328	1138.62500846163	512	512	578.950813924803	702.769504344636	-593.627243411372	688.27049780522	214	38	3	17	240	217	220	16	9	50	31637	3966	2943	366	1185	1184	132	0	0	0	0	0	-1297	-18	12	0
10	2	1	4	76	77	up	0	512	547.933925352196	3028.26737589224	548.860689380884	1390.82771241351	486.225721419696	2547.40418361787	498.341541360737	1228.52600710385	512	512	604.981195913044	762.384466819627	-593.381730563401	687.701286383641	199	46	8	22	237	223	226	19	5	39	31871	3992	3173	388	1098	1178	125	0	0	0	0	0	-1014	-15	10	0
10	2	1	4	76	77	up	1	512	494.366297894383	2497.5987237692	505.638707282784	1046.42907591933	483.512195928134	2544.4315394992	488.478055980459	1057.90947441703	512	512	609.865704287416	781.501321357953	-593.427288686621	687.806811081157	210	39	6	18	239	226	223	19	5	39	31751	3991	3288	394	1053	1202	121	0	0	0	0	0	-928	-16	11	0
10	2	1	4	76	77	up	2	512	468.512195928134	2194.90271576484	515.073567698213	1167.53238256952	585.872875703132	3718.20038324448	524.424792827813	1401.17694755075	512	512	601.102291153694	756.983246885495	-593.616825532793	688.246252203905	218	37	9	14	234	222	206	29	7	48	31909	4085	3071	359	1032	1202	111	0	0	0	0	0	-1179	-16	13	0
10	2	1	4	76	77	up	3	512	558.811826054068	3256.26421363425	526.788275894198	1323.27062418556	481.854398526572	2386.68084805117	503.640477457106	1198.2825262867	512	512	598.379089483301	749.350778883937	-593.651681104207	688.327354611299	213	38	6	25	230	221	222	15	11	43	31961	4084	3066	313	1102	1206	120	0	0	0	0	0	-1180	-14	11	0
10	2	1	4	77	78	up	0	512	541.199113624381	2942.14572811981	545.631429919441	1284.86995839668	491.753585464697	2711.55008165162	480.43745140102	1178.83573586263	512	512	608.384153580871	771.635915850969	-593.606065443314	688.221547608632	202	37	6	22	245	239	202	19	9	43	32251	4088	3202	395	1013	1097	100	0	0	0	0	0	-1111	-15	13	0
10	2	1	4	77	78	up	1	512	567.029416855008	3031.1063179053	614.284295326599	1697.93893686654	403.26578139283	1766.47442348061	430.81311927312	735.776278334737	512	512	606.353720113088	768.120279831001	-593.532591857183	688.050924804347	188	50	15	19	240	213	228	14	0	57	32164	4273	3155	344	970	1156	90	0	0	0	0	0	-1328	-15	10	0
10	2	1	4	77	78	up	2	512	517.530673104693	2661.08799569411	553.032445849461	1325.38506301707	524.541316222819	3022.10013498426	498.29731328887	1167.95586703509	512	512	605.165210420834	772.571137775409	-593.547187181968	688.084923521325	207	33	7	19	246	229	215	23	6	39	31985	4313	3270	368	1014	1121	125	0	0	0	0	0	-1168	-17	12	0
10	2	1	4	77	78	up	3	512	577.37945351188	3139.95725761355	617.330823207363	1683.44910167684	432.936734411888	2193.77211927924	440.829193288887	997.919243708314	512	512	612.669207960513	785.585782746807	-593.536834538212	688.060748944919	186	39	10	22	255	242	201	16	5	48	32324	4071	3189	352	1032	1095	95	0	0	0	0	0	-1053	-19	11	0
10	2	1	4	78	79	up	0	512	797.901699437495	5231.16351227017	776.83162819295	2551.06314129251	469.822765732516	2547.55942683066	473.146317629829	1026.47352743196	512	512	625.466821184133	817.959641422315	-593.625334053706	688.266064923193	156	38	17	38	263	216	210	20	3	63	32631	4180	3255	382	961	1080	98	0	0	0	0	0	-1135	-16	9	0
10	2	1	4	78	79	up	1	512	563.939246911259	2988.11241586936	646.850001345982	1803.44246847004	474.546934342205	2534.56860209575	495.456543478374	1315.05076947288	512	512	604.751367923338	768.29350806337	-593.54933175254	688.090047687956	184	51	14	19	244	219	197	17	10	69	32378	4404	3262	404	981	1068	112	0	0	0	0	0	-1391	-16	10	0
10	2	1	4	78	79	up	2	512	768.254545154059	4902.52529332949	756.050160934564	2286.35229941256	433.087954004702	2173.44387702229	455.676152923419	1008.41725483342	512	512	615.046216691912	791.775457344673	-593.522925082435	688.028502161586	145	39	12	37	279	231	212	17	2	50	32646	4210	3187	405	1046	1095	131	0	0	0	0	0	-1170	-15	12	0
10	2	1	4	78	79	up	3	512	743.153732092184	5032.21215438775	696.608877278396	2104.52437161085	527.257650774074	2965.57752248993	518.671612650056	1287.76709470374	512	512	625.313955183229	818.032944727556	-593.546262547199	688.082866327168	191	35	11	39	236	205	221	22	7	57	32854	4087	3161	346	911	1185	129	0	0	0	0	0	-1139	-15	11	0
10	2	1	4	79	80	up	0	512	449.443312220636	2310.31613128579	450.476437358783	1017.06164550539	376.456764398455	1600.58689598795	378.528082150246	675.235848443915	512	512	618.866351544581	798.711194156451	-593.546272564044	688.082785811865	238	44	5	17	208	239	203	11	4	55	33173	4161	3228	398	925	963	108	0	0	0	0	0	-1168	-15	9	0
10	2	1	4	79	80	up	1	512	483.512195928134	2564.79628458358	450.617814848905	952.167866794677	369.49933687096	1690.60829550017	381.270110256063	753.961276959762	512	512	605.999205029545	776.94064584627	-593.435264954492	687.825671221839	234	40	8	18	212	243	183	12	4	70	32929	4395	3225	411	951	933	117	0	0	0	0	0	-1335	-19	9	0
10	2	1	4	79	80	up	2	512	368.390393190328	1552.52907860528	381.925368703517	634.220783272775	391.02971341533	1871.7236470756	379.288968624072	694.348519577709	512	512	625.049155440401	812.329150528813	-593.53814011021	688.063863922124	249	47	3	11	202	245	192	14	3	58	33129	4094	3324	413	924	994	97	0	0	0	0	0	-1013	-15	8	0
10	2	1	4	79	80	up	3	512	531.276127950634	3166.94517496138	478.256889136175	1137.3271849222	354.273912011586	1556.35303057909	354.468991685701	660.181673897548	512	512	633.01832603376	833.996982085095	-593.466202220597	687.897160281557	230	48	7	24	203	249	174	10	6	73	33063	4151	3340	406	922	1156	111	0	0	0	0	0	-979	-14	12	0
10	2	1	4	80	81	up	0	512	474.567924018135	2455.45892369952	504.867928716557	1153.99784744183	728.479970013433	4761.05106808182	662.610814362782	2025.49100057285	512	512	627.427119983359	817.800567810656	-593.499433975888	687.974184690999	222	40	3	19	228	187	247	36	12	30	33355	4350	3367	400	898	922	128	0	0	0	0	0	-1177	-17	11	0
10	2	1	4	80	81	up	1	512	539.61552148938	2980.14872046386	555.36200149342	1365.78135734326	568.283962009067	3109.67153119113	590.127102228534	1511.33325830436	512	512	634.865706131868	839.045976704431	-593.499602001565	687.97455868321	214	33	7	22	236	189	256	23	7	37	33651	4200	3216	405	897	1052	96	0	0	0	0	0	-1238	-17	10	0
10	2	1	4	80	81	up	2	512	586.976201264377	3602.56501505289	561.349880886351	1470.40042847153	665.190983005625	4199.97221933381	647.643169504811	1903.75060597581	512	512	635.244430841229	844.852286434839	-593.563091842811	688.121959828071	226	34	9	27	216	198	234	31	12	37	33481	4245	3365	381	872	1039	95	0	0	0	0	0	-1090	-18	12	0
10	2	1	4	80	81	up	3	512	536.52535154563	3074.96634792167	527.684638732381	1330.72980059538	612.302439185627	3472.13341891571	625.240490765724	1659.61634321308	512	512	631.652836295939	827.484880221107	-593.551048102828	688.09371483934	226	35	7	23	221	174	274	27	5	32	33495	4237	3370	370	982	960	128	0	0	0	0	0	-1085	-14	11	0
10	2	1	4	81	82	up	0	512	590.419216924691	3528.19730594346	594.359327213757	1716.2531473589	516.350333217194	2699.1883289113	518.217056040613	1207.51019123756	512	512	640.532136473168	854.50173279755	-593.544254007729	688.078145530382	215	40	12	25	220	211	237	19	8	37	33890	4348	3348	398	823	982	102	0	0	0	0	0	-1186	-15	15	0
10	2	1	4	81	82	up	1	512	640.241389536563	4054.07252423201	603.364625298432	1681.0022167115	433.162159271262	1958.13381538158	472.598995872411	949.123824478913	512	512	624.509585109463	825.59314964519	-593.646728531563	688.315484354893	209	34	9	31	229	220	232	14	4	42	33807	4514	3250	413	802	885	94	0	0	0	0	0	-1463	-21	13	0
10	2	1	4	81	82	up	2	512	522.029416855008	2608.11241586936	606.298431284232	1652.11713938954	356.332152600957	1382.99731916485	425.203209825895	903.759005357177	512	512	641.858233903615	858.354628321781	-593.523071042076	688.028870947347	200	43	13	16	240	247	189	7	9	60	33971	4355	3270	388	822	1051	104	0	0	0	0	0	-1293	-15	12	0
10	2	1	4	81	82	up	3	512	596.952402528755	3670.62283243556	559.177683580721	1404.0332631327	473.663415520947	2533.55617961569	477.032311631754	1091.00908840452	512	512	629.69440524996	820.312688148234	-593.421988315778	687.79481113085	200	42	3	30	237	235	212	19	5	41	33969	4281	3350	384	950	956	110	0	0	0	0	0	-1162	-15	11	0
10	2	1	4	82	83	up	0	512	592.729490168752	3490.34311902023	595.056081650179	1559.32610263497	426.456764398455	2244.75097463794	420.256720803471	902.857519040456	512	512	643.229437204571	856.486629418072	-593.52711147851	688.038433442611	204	30	6	27	245	239	189	17	4	63	34243	4409	3452	392	767	990	113	0	0	0	0	0	-1196	-16	13	0
10	2	1	4	82	83	up	1	512	577.278640450004	3295.73835392494	571.847565268536	1309.14875221311	467.960533147511	2487.61396867937	475.772378218695	1100.36110757192	512	512	643.887789903899	860.689849335191	-593.527034898336	688.038073592841	192	36	4	26	254	232	213	19	4	44	34250	4502	3341	403	772	972	81	0	0	0	0	0	-1391	-20	11	0
10	2	1	4	82	83	up	2	512	574.992165941567	3470.61066482642	573.315779617814	1515.29889409683	461.05070309126	2616.77804732936	427.076318122959	846.766983314243	512	512	634.065834956415	839.046962471572	-593.52544117603	688.034542803736	217	37	6	27	225	248	201	22	0	41	34364	4463	3270	399	803	949	92	0	0	0	0	0	-1470	-20	11	0
10	2	1	4	82	83	up	3	512	606.676571138443	3643.90861549597	633.729760562229	1828.27674373656	460.324021982201	2499.18245749916	455.458949211672	1127.04638519405	512	512	647.838770102559	870.617479814633	-593.571939004673	688.142294120309	199	49	12	26	226	239	193	18	7	55	34486	4266	3347	397	806	925	82	0	0	0	0	0	-1082	-17	12	0
10	2	1	4	83	84	up	0	512	532.029416855008	2971.36463180841	547.712978322405	1433.77070970017	499.14087303501	2739.87838054655	468.664986378067	1176.29751319419	512	512	664.310591059012	910.760108921944	-593.63206497632	688.28169961197	212	44	7	22	227	236	199	18	12	47	34865	4366	3390	387	771	1021	90	0	0	0	0	0	-1129	-15	11	0
10	2	1	4	83	84	up	1	512	577.480266573755	3219.0697301209	596.466810608925	1584.42574492099	409.947377530014	1932.44390534128	416.090120704391	821.698526557467	512	512	662.748198079587	907.080579629936	-593.441447655074	687.839760376404	196	42	12	22	240	240	206	14	4	48	34752	4477	3357	422	713	999	95	0	0	0	0	0	-1411	-19	9	0
10	2	1	4	83	84	up	2	512	521.753585464696	2882.09719927819	542.595376094244	1348.07376940657	434.896970999077	2175.42563976807	440.723674957922	892.721359084514	512	512	657.533878132935	896.78151168137	-593.684333178464	688.40295805604	219	47	10	20	216	229	214	17	2	50	34835	4364	3369	440	702	896	79	0	0	0	0	0	-1233	-16	11	0
10	2	1	4	83	84	up	3	512	592.880709761565	3607.82640625703	585.874555070166	1520.03419296133	444.621139608765	2501.05177605659	423.064842320684	930.109577228746	512	512	644.367161937371	862.841054962868	-593.466071420304	687.896750588782	209	33	4	29	237	252	179	19	5	57	34707	4503	3391	407	739	869	94	0	0	0	0	0	-1439	-22	13	0
10	2	1	4	84	85	up	0	512	855.612415869364	5982.79549165183	747.515543941842	2477.57666208841	419.695344875325	2101.47120458463	421.862159778934	930.677952124121	512	512	656.644161561421	890.426253382249	-593.611729192769	688.23451985963	174	29	17	45	247	257	187	14	8	46	35001	4688	3426	405	702	910	86	0	0	0	0	0	-1509	-15	12	0
10	2	1	4	84	85	up	1	512	531.047894031567	2734.66244088301	567.017952940588	1410.12931055148	404.570733077827	1847.42264742402	421.587770632308	810.62103715133	512	512	685.356486416863	963.052513641485	-593.567545746604	688.132333356421	197	32	6	20	257	233	215	14	2	48	35065	4431	3603	421	678	883	78	0	0	0	0	0	-937	-18	14	0
10	2	1	4	84	85	up	2	512	589.61552148938	3369.05448521073	597.171068970762	1566.24995480862	445.475241575015	2188.04878371253	452.929218695002	1050.18874911796	512	512	667.910147987879	924.184959610341	-593.596849948566	688.200056442606	190	40	8	25	249	224	211	15	7	55	35052	4560	3493	415	659	891	73	0	0	0	0	0	-1285	-14	11	0
10	2	1	4	84	85	up	3	512	507.581079635631	2532.74151618294	549.951573108835	1347.90739049527	438.515004987826	2238.11255746432	442.900421978439	862.35591354628	512	512	641.69960388572	855.838946526791	-593.581492092934	688.164674138857	210	33	9	17	243	229	214	18	1	50	35167	4638	3327	388	677	748	88	0	0	0	0	0	-1568	-19	10	0
10	2	1	4	85	86	up	0	512	526.649963343128	2848.75659117916	559.327539726131	1465.79534084442	503.764228582823	2880.2978090746	456.785537570824	982.346701549957	512	512	672.42278686334	932.958329731072	-593.458329633211	687.878800647046	226	27	9	20	230	225	214	23	3	47	35654	4558	3362	458	589	849	83	0	0	0	0	0	-1421	-18	11	0
10	2	1	4	85	86	up	1	512	530.59704431282	3126.85091138926	519.4643785359	1299.52967561423	454.517517487197	2119.6413245607	465.893219282946	975.635990647514	512	512	668.681998201816	926.418725072588	-593.503110297365	687.98273403192	229	43	6	24	210	219	237	15	5	36	35486	4617	3490	439	657	785	70	0	0	0	0	0	-1367	-21	11	0
10	2	1	4	85	86	up	2	512	664.992165941567	4316.59846889829	619.659991258226	1776.37633684163	465.499040310637	2484.70216260641	456.446288745304	960.707846836712	512	512	673.655142633982	935.115605458262	-593.631192216536	688.279791267719	193	51	10	33	225	230	210	19	4	49	35686	4462	3478	406	653	867	76	0	0	0	0	0	-1216	-17	11	0
10	2	1	4	85	86	up	3	512	662.655284902191	4060.03012167345	663.308482126937	1966.82935268137	459.950186589707	2713.64764907669	441.089050000327	1060.72714101515	512	512	663.690544800153	909.927814888154	-593.489829978366	687.951796611473	183	50	16	28	235	239	172	21	5	75	35483	4640	3515	394	665	834	124	0	0	0	0	0	-1346	-14	13	0
10	2	1	4	86	87	up	0	512	576.649963343128	3217.29761084166	596.033245040216	1592.35323795197	491.074501826883	2709.81446519982	455.887475683905	995.742507058293	512	512	678.859216902425	957.598607734056	-593.603243577928	688.215004665465	194	33	7	24	254	234	216	21	4	37	35998	4678	3449	419	572	838	82	0	0	0	0	0	-1488	-17	9	0
10	2	1	4	86	87	up	1	512	613.358167275628	3534.25503836915	624.719823441047	1728.40143336085	386.631782726891	1651.47134617958	423.036606336827	874.466378041296	512	512	682.709150215256	963.860076247725	-593.498121847019	687.97119439898	194	38	14	24	242	238	207	11	5	51	35956	4555	3588	445	639	860	98	0	0	0	0	0	-1229	-16	13	0
10	2	1	4	86	87	up	2	512	677.602069311561	4389.95389712262	657.915282732052	1950.66051441053	466.530969665016	2524.88159944253	445.086649821272	997.790224611043	512	512	666.780239603644	916.955324307784	-593.557455569684	688.108441218677	201	32	9	34	236	224	203	19	5	61	36122	4652	3364	406	611	771	77	0	0	0	0	0	-1536	-15	10	0
10	2	1	4	86	87	up	3	512	665.342202598438	4200.00872216124	632.397258788575	1784.60657712742	445.249816715641	2188.79351879145	448.050921752394	954.764681834816	512	512	660.697639600345	897.123735321805	-593.530317233448	688.045514922859	195	40	12	31	234	230	196	13	12	61	35815	4758	3524	447	624	813	82	0	0	0	0	0	-1500	-15	10	0
10	2	1	4	87	88	up	0	512	609.037250913441	3782.23677279594	574.028611857925	1420.32649530036	424.819956672823	2086.97874208274	434.812613733412	912.543776090918	512	512	693.929834282337	989.535083814593	-593.453294392093	687.866999836169	199	40	3	31	239	249	204	15	5	39	36275	4674	3635	472	562	742	65	0	0	0	0	0	-1326	-15	10	0
10	2	1	4	87	88	up	1	512	744.390096630006	4936.22771080682	719.450852037858	2344.71854151291	349.048487152212	1471.36827548925	363.240782772082	580.256845827149	512	512	694.450459792447	993.116515238715	-593.496185576886	687.966600363752	168	71	21	34	218	239	183	10	4	76	36257	4782	3578	439	492	874	95	0	0	0	0	0	-1334	-15	13	0
10	2	1	4	87	88	up	2	512	566.397930688439	3009.78998838658	611.637572472161	1591.23261259528	487.257650774074	2822.47718927273	445.294291890358	1000.52906172069	512	512	685.055905144364	965.623485893928	-593.507129119187	687.992172981655	191	26	7	22	266	233	203	23	2	51	36299	4700	3613	444	529	763	76	0	0	0	0	0	-1378	-16	11	0
10	2	1	4	87	88	up	3	512	603.432372542188	3698.73211436592	582.176593772499	1570.50307824277	405.851886027202	1712.26461010012	441.049125587603	903.674030175615	512	512	679.638209070281	950.675126661138	-593.564633876266	688.125363837185	215	28	6	29	234	227	221	11	6	47	36476	4640	3495	445	565	658	87	0	0	0	0	0	-1366	-16	10	0
10	2	1	4	88	89	up	0	512	916.318107302493	6638.04177954076	855.057872080743	2948.04900494226	425.175611449081	2224.10358043216	424.610262906253	1030.17406164211	512	512	715.469986958638	1051.53827265954	-593.524332335012	688.031917747094	148	52	17	51	244	241	184	16	6	65	36949	4563	3672	384	464	792	85	0	0	0	0	0	-1131	-18	10	0
10	2	1	4	88	89	up	1	512	778.103325561246	5033.21828067081	796.692849255936	2613.39988647467	382.714118612207	1784.47448011859	396.510796508438	775.365553412331	512	512	691.693951049328	986.877211691391	-593.491180833545	687.955493833795	164	40	20	35	253	247	183	12	6	64	36721	4688	3699	460	494	699	64	0	0	0	0	0	-1249	-16	11	0
10	2	1	4	88	89	up	2	512	736.095491502812	4632.05733595983	746.5523212119	2219.90772096452	382.085441505331	1744.39238415561	396.031730303253	735.558213795292	512	512	694.985171464098	995.068374229153	-593.673104958756	688.37684945629	157	47	16	33	259	245	190	12	5	60	36873	4704	3552	439	468	744	84	0	0	0	0	0	-1436	-17	10	0
10	2	1	4	88	89	up	3	512	739.485291572496	4772.97814738393	737.442054542597	2237.42928757363	370.828087291579	1436.41666273592	390.343951806362	590.388231931233	512	512	695.69168330437	996.644361700848	-593.544849741875	688.079502639632	172	33	12	36	259	225	227	11	0	49	36843	4752	3579	394	491	741	59	0	0	0	0	0	-1420	-15	9	0
10	2	1	4	89	90	up	0	512	607.756097964067	3526.69580977143	646.231195984201	1759.12318451119	348.57102963815	1451.68742743808	334.004749094509	507.315563233522	512	512	706.683602685	1026.87847789109	-593.441065322663	687.838677560278	185	42	9	26	250	242	179	9	6	76	37193	4776	3679	432	415	717	61	0	0	0	0	0	-1347	-17	15	0
10	2	1	4	89	90	up	1	512	709.286474508438	4621.97523999685	707.057304337003	2158.34563608653	288.722249230963	972.818165518638	305.685502796996	378.732841821428	512	512	695.192084094298	991.399465288171	-593.57727978853	688.154494195532	187	44	14	34	233	263	170	6	3	70	37218	4890	3552	420	428	633	73	0	0	0	0	0	-1597	-16	10	0
10	2	1	4	89	90	up	2	512	727.527864045	4935.44633130552	694.647308249754	2192.12677646942	328.220992981278	1546.45344875325	323.809495715066	621.018952291101	512	512	717.667485407117	1058.0007540748	-593.426070441691	687.804280831625	184	47	9	39	233	264	148	11	4	85	37110	4843	3688	439	427	675	71	0	0	0	0	0	-1321	-17	12	0
10	2	1	4	89	90	up	3	512	630.015964677189	3727.55284744375	660.759811722685	1882.82413482426	350.931709413148	1709.83321219587	346.716134030952	700.36055944236	512	512	711.352701101974	1044.6853176512	-593.426090393313	687.803671754975	179	35	6	29	263	270	155	12	5	70	37184	4721	3717	458	442	674	77	0	0	0	0	0	-1168	-16	14	0
10	2	1	4	90	91	up	0	512	810.113968679372	5576.13008674377	828.002881009681	2685.41092800683	354.926387854085	1478.1949366172	354.901784997667	564.43588884996	512	512	716.833598290102	1046.80803488498	-593.606918670441	688.223425757574	150	46	8	45	263	241	190	10	4	67	37701	4797	3702	392	401	609	46	0	0	0	0	0	-1318	-18	11	0
10	2	1	4	90	91	up	1	512	919.959940026866	6309.2362913731	910.161663438022	3072.74447757798	390.653068963143	1969.51391865209	361.541461776263	580.972590162481	512	512	689.595885260139	981.753392855774	-593.552891419853	688.098145387191	126	43	21	46	276	254	180	15	3	60	37629	4925	3607	431	482	649	55	0	0	0	0	0	-1594	-18	11	0
10	2	1	4	90	91	up	2	512	887.448040659055	6212.48249430505	849.25379002251	2801.84054024951	433.841242909076	2273.85113794119	388.388199280561	742.210863863821	512	512	701.604232747489	1011.23709494465	-593.496244730048	687.966897766126	137	41	12	49	273	253	187	16	7	49	37677	4922	3578	415	443	702	76	0	0	0	0	0	-1561	-19	10	0
10	2	1	4	90	91	up	3	512	827.901699437495	5422.07537498111	843.755849625947	2940.56028529584	393.289580128453	1815.8633905073	405.233872209892	778.395897083231	512	512	702.636620095553	1010.99171158557	-593.500112946561	687.975883681559	144	43	21	38	266	247	199	13	4	49	37499	5034	3602	457	396	641	54	0	0	0	0	0	-1651	-18	10	0
10	2	1	4	91	92	up	0	512	798.201329563429	5073.83210775523	822.129484329531	2514.81257872902	278.873468823776	961.942805635127	287.053857317664	371.129425994962	512	512	725.045204190068	1074.72342837753	-593.570400368704	688.138683030371	143	24	13	38	294	272	159	6	3	72	37921	4978	3786	419	372	524	66	0	0	0	0	0	-1444	-16	11	0
10	2	1	4	91	92	up	1	512	859.458683777181	5750.34884883742	879.859475114952	2987.78157277044	245.483668754093	650.47487658446	288.011972290706	486.868420583985	512	512	729.743185056391	1090.68174117043	-593.54976473303	688.091091215591	131	41	16	43	281	277	145	2	6	82	38149	4691	3835	429	358	542	58	0	0	0	0	0	-1083	-16	10	0
10	2	1	4	91	92	up	2	512	829.408277246243	5286.17260257829	912.0670593835	3114.31704315708	281.011532799093	944.438402076022	298.117417229859	465.638080246101	512	512	710.42034779034	1033.94654147788	-593.629254823208	688.275251654011	132	36	20	37	287	257	157	5	5	88	38213	4945	3534	412	363	547	59	0	0	0	0	0	-1669	-16	9	0
10	2	1	4	91	92	up	3	512	972.166591149358	6742.49437872429	951.034016805462	3463.02133346015	291.71441517253	1249.90943674671	300.598590707581	444.903981956729	512	512	716.045519328448	1049.73523291356	-593.50686818788	687.991323098161	142	24	28	47	271	268	149	10	0	85	38005	4897	3720	482	377	611	56	0	0	0	0	0	-1386	-18	10	0
10	2	1	4	92	93	up	0	512	856.469326895307	5865.55555659789	869.533530792163	2935.73246364042	233.274208571908	616.347300761901	258.618467733399	322.791983666744	512	512	739.297410461974	1119.80443913455	-593.667645996014	688.364183158925	149	46	19	43	255	274	142	3	3	90	38495	4833	3853	435	330	649	56	0	0	0	0	0	-1192	-15	16	0
10	2	1	4	92	93	up	1	512	822.753288904374	5552.43718435942	849.827275965741	2769.62478694948	280.483668754093	1080.55081794539	292.70204336725	405.925968733832	512	512	738.964758087791	1120.40673013961	-593.562328676866	688.120223181729	142	57	17	41	255	265	152	8	1	86	38508	4918	3742	448	309	589	62	0	0	0	0	0	-1367	-16	10	0
10	2	1	4	92	93	up	2	512	1002.72387204937	7323.4672210759	958.622455150642	3522.27863189478	268.072582448157	1028.38066965032	276.096793403864	397.051278185154	512	512	708.438377444064	1024.63159174006	-593.612093739591	688.235457917508	122	57	22	55	256	278	131	6	5	92	38574	5017	3576	449	305	549	47	0	0	0	0	0	-1703	-19	10	0
10	2	1	4	92	93	up	3	512	842.753288904374	5849.88396876879	830.957356883815	2791.77272215948	322.491502812526	1481.71176265637	312.093904618984	541.229290686445	512	512	728.702350834986	1090.30880261211	-593.674179939428	688.379346025864	150	61	19	43	239	272	146	10	5	79	38694	4865	3619	438	288	520	49	0	0	0	0	0	-1465	-14	10	0
10	2	1	4	93	94	up	0	512	906.64153616405	6216.11763594471	897.265943634789	3088.20907729108	346.486181253463	1547.52027148707	335.128707325085	616.868732979395	512	512	745.887887950024	1141.64049519737	-593.507268808958	687.992405810532	141	29	19	46	277	251	165	10	6	80	38943	4743	3964	478	294	452	58	0	0	0	0	0	-991	-17	11	0
10	2	1	4	93	94	up	1	512	874.737324227185	5865.85051492339	895.956715734566	3052.58456285855	269.101702742843	814.073656991647	281.269548126874	399.32331650538	512	512	733.809338103167	1103.28430731218	-593.66588253758	688.360089540843	119	59	21	42	271	265	152	3	7	85	38956	4824	3885	463	252	452	38	0	0	0	0	0	-1184	-20	13	0
10	2	1	4	93	94	up	2	512	948.177530827806	6812.95367057069	937.107862624064	3468.34159638082	279.430749723785	1157.83970662581	268.873228192059	327.861055223373	512	512	733.748076502447	1110.86518476986	-593.511717118816	688.002917511596	145	60	28	48	231	264	135	8	3	102	38711	5079	3887	451	261	564	63	0	0	0	0	0	-1517	-16	16	0
10	2	1	4	93	94	up	3	512	827.450849718747	5479.91739429519	885.294632146766	3051.2887496491	253.048783712535	794.721192792377	278.704248723378	388.088509963801	512	512	740.180429768588	1119.28893709197	-593.616629331124	688.246261060194	140	52	20	39	261	260	148	5	2	97	38909	4843	3922	454	268	497	48	0	0	0	0	0	-1153	-15	12	0
10	2	1	4	94	95	up	0	512	864.912342555621	6032.72276918689	873.27830412768	3086.17690684625	267.343092279406	929.550846264378	280.510639904155	434.457477929931	512	512	739.449602068231	1116.77715504874	-593.475110522576	687.917599128101	158	54	23	43	234	274	142	5	5	86	39233	5067	3906	434	208	417	35	0	0	0	0	0	-1417	-18	14	0
10	2	1	4	94	95	up	1	512	876.768957021241	5946.94754428763	881.379659362044	2965.34487289289	280.433262223155	1100.90339542062	277.981224582298	343.382800056107	512	512	741.210128933746	1122.89514327031	-593.628879343757	688.274272914817	140	36	18	44	274	274	141	7	4	86	39415	4984	3763	478	236	348	42	0	0	0	0	0	-1468	-17	9	0
10	2	1	4	94	95	up	2	512	913.907020996558	6264.8078858129	928.464277073658	3211.80965223666	235.661496142222	717.1223840662	260.874735929508	287.703683989872	512	512	750.821904254633	1158.10230941871	-593.572327561546	688.142933088146	133	60	30	42	247	279	133	4	3	93	39317	5006	3873	444	225	510	57	0	0	0	0	0	-1386	-15	12	0
10	2	1	4	94	95	up	3	512	1013.45055315843	7707.23298752015	970.975998321477	3608.1523721011	302.443905341281	1145.12229910923	303.963238222706	436.904020219012	512	512	736.778231423453	1110.57828265805	-593.71133275574	688.465411069873	143	45	14	62	248	252	154	6	7	93	39703	4803	3685	449	210	382	33	0	0	0	0	0	-1348	-17	9	0
10	2	1	4	95	96	up	0	512	801.946784409369	5040.2668944694	888.471667678685	3111.47327037755	308.220992981278	1210.64801722358	311.825387501391	546.354085827059	512	512	751.569573990388	1158.72874824525	-593.556001891534	688.105132179496	142	38	22	34	276	260	157	7	6	82	39674	5077	3947	454	181	302	39	0	0	0	0	0	-1335	-16	15	0
10	2	1	4	95	96	up	1	512	976.644345223743	7294.7681640895	925.64799460126	3336.74235712099	279.226314540341	982.392723983503	284.481399191685	444.929840051599	512	512	746.354663319705	1139.76057536895	-593.622768957877	688.260205461953	148	60	22	55	227	273	148	5	6	80	39930	4990	3752	480	192	370	34	0	0	0	0	0	-1448	-17	15	0
10	2	1	4	95	96	up	2	512	1010.28336888842	7430.89861898014	952.560524643038	3548.65578598327	278.146787714718	1000.15264733461	277.440747365737	358.615484313922	512	512	749.490087934497	1144.30275571849	-593.545681283173	688.081387827839	143	37	22	56	254	267	150	6	4	85	39744	5012	3927	469	183	363	37	0	0	0	0	0	-1399	-16	10	0
10	2	1	4	95	96	up	3	512	774.209460182185	4989.25783248027	808.968296938847	2534.84304172212	331.33496166065	1374.12512153933	317.56686910864	501.982345034463	512	512	747.595746123172	1140.8278530334	-593.611850650064	688.234723893278	159	43	19	35	256	258	164	8	7	75	39587	5167	3915	483	182	317	30	0	0	0	0	0	-1493	-21	13	0
10	2	1	4	96	97	up	0	512	992.04197935186	7135.42142970741	966.097135443966	3584.36173863921	264.101702742843	827.797049196331	280.775287065585	384.334116569019	512	512	766.060340611378	1199.08117458968	-593.538160841483	688.063955534144	134	32	20	54	272	269	150	4	5	84	40071	5094	4066	433	148	240	14	0	0	0	0	0	-1261	-21	11	0
10	2	1	4	96	97	up	1	512	891.570139957182	6063.13310740681	910.232552198696	3333.52140306696	284.000889680967	987.40796889367	288.14905733028	394.791299517236	512	512	763.410333463962	1190.64349348317	-593.584227400061	688.170728087072	139	55	28	41	249	263	153	5	6	85	40088	5051	4076	449	128	266	32	0	0	0	0	0	-1168	-16	10	0
10	2	1	4	96	97	up	2	512	792.625868047183	5087.44319736651	844.892898910393	2715.3200391605	249.377534133154	850.240756304677	257.171082890103	270.36520844293	512	512	756.771787089568	1165.43052625788	-593.712882266014	688.468944879852	143	40	16	37	276	286	141	6	1	78	40126	5057	3974	507	134	200	19	0	0	0	0	0	-1355	-14	14	0
10	2	1	4	96	97	up	3	512	1017.7742785803	7302.67395715536	978.755172561351	3650.79027536268	242.016854358156	802.353285450004	260.715139130711	298.080290037442	512	512	751.954022915994	1155.14377788517	-593.529816592641	688.044801164549	117	62	31	51	251	282	140	6	0	84	40205	5132	3842	485	127	296	29	0	0	0	0	0	-1570	-17	11	0
10	2	1	4	97	98	up	0	512	979.787730758123	6907.94472185753	1001.56517956727	3734.52346650044	241.966447827219	763.982470720553	266.549879358331	309.472304554751	512	512	769.145734262853	1205.190410242	-593.641599462743	688.304021320236	118	80	37	45	232	287	133	4	4	84	40523	5108	4072	473	88	234	30	0	0	0	0	0	-1293	-24	13	0
10	2	1	4	97	98	up	1	512	934.105838060616	6481.61622472966	969.231521690792	3575.85404519467	295.231636099404	1098.0431954903	285.754905805998	359.666577115868	512	512	746.919454868431	1144.0016187776	-593.64387186628	688.309228718294	122	46	20	48	276	262	154	6	6	84	40632	5228	3866	450	78	186	19	0	0	0	0	0	-1606	-17	14	0
10	2	1	4	97	98	up	2	512	804.387287570313	5278.09381046826	879.53673178106	2997.16824654229	298.122988979095	1278.02809217509	283.619746058324	412.372795971455	512	512	758.520584105679	1179.59805186009	-593.635730479696	688.290234454735	145	61	23	36	247	269	130	7	8	98	40570	5214	3915	477	76	233	22	0	0	0	0	0	-1539	-18	12	0
10	2	1	4	97	98	up	3	512	930.18536488624	6497.94443866762	924.278452839535	3250.00886870374	247.390689750651	750.334878281841	269.927424173808	328.166128785057	512	512	761.072058624956	1182.00562399128	-593.734710575219	688.519552834895	140	41	23	47	261	290	151	5	1	65	40678	5110	3959	429	108	159	22	0	0	0	0	0	-1355	-16	11	0
10	2	1	4	98	99	up	0	512	1024.12963679624	7211.73468192511	1061.43818594944	3931.40167898828	250.38566475191	891.213598656284	275.605551945695	457.414652593062	512	512	773.108562455723	1218.96534461338	-593.665584927303	688.359282669745	108	53	31	50	270	282	119	4	7	100	41022	5176	4026	464	29	106	15	0	0	0	0	0	-1392	-17	11	0
10	2	1	4	98	99	up	1	512	1168.24892703467	8550.9381991086	1194.07565689692	4847.64931755495	237.544718403157	679.964261785325	256.061887500257	273.819244992296	512	512	773.182335792189	1215.27555571382	-593.536947125612	688.061258765473	83	68	41	58	262	278	143	4	2	85	40922	5216	4086	464	42	114	15	0	0	0	0	0	-1372	-20	15	0
10	2	1	4	98	99	up	2	512	1173.85099634623	8870.10829076568	1154.16470361884	4651.39130097277	276.743832027538	959.137713933339	275.694396449087	310.562346417379	512	512	750.506336789445	1154.74298005399	-593.497799190442	687.970420357472	100	62	34	64	252	248	140	4	8	112	40911	5361	3935	481	41	117	16	0	0	0	0	0	-1711	-19	11	0
10	2	1	4	98	99	up	3	512	1014.53288904374	7377.09033670137	1023.00029543248	3839.68309505893	305.809906675342	1266.47177096444	281.732431095651	340.54450249019	512	512	771.376793310765	1212.42990884348	-593.684417196712	688.403106369178	124	60	28	53	247	261	150	8	5	88	41206	5067	3963	452	53	109	4	0	0	0	0	0	-1355	-15	20	0
10	2	1	4	99	100	dwell	0	512	0	0	0	0	275.45987001847	1350.32592956868	239.993410392252	297.498172487353	0	0	775.717440855292	1225.06548068486	-593.450574781984	687.860975452424	0	0	0	0	0	295	108	10	3	96	41399	5175	4160	466	0	0	0	0	0	0	0	0	-1298	-15	11	0
10	2	1	4	99	100	dwell	1	512	0	0	0	0	238.398820369407	839.119250127194	241.430893622084	306.649222256778	0	0	776.79942106164	1223.75171487063	-593.656809322202	688.339048263311	0	0	0	0	0	302	114	4	6	86	41421	5250	4077	452	0	0	0	0	0	0	0	0	-1359	-17	11	0
10	2	1	4	99	100	dwell	2	512	0	0	0	0	268.401629429099	1126.34128775481	245.254322903298	304.244212335848	0	0	784.793564672635	1253.36685204905	-593.590297416209	688.185116817028	0	0	0	0	0	273	119	7	5	108	41490	5162	4077	471	0	0	0	0	0	0	0	0	-1346	-19	13	0
10	2	1	4	99	100	dwell	3	512	0	0	0	0	273.300816367224	1092.22881524746	263.795457053626	343.553905704006	0	0	766.039776237455	1193.84702149288	-593.573218495493	688.145445859252	0	0	0	0	0	263	132	7	4	106	41315	5367	4061	457	0	0	0	0	0	0	0	0	-1589	-21	12	0
10	2	1	4	99	100	dwell	4	512	0	0	0	0	206.669626760977	605.542010827177	227.60668039214	251.247729796335	0	0	784.131792357914	1247.36600547195	-593.634862477633	688.288189685231	0	0	0	0	0	283	115	4	1	109	41403	5201	4130	466	0	0	0	0	0	0	0	0	-1383	-14	13	0
10	2	1	4	99	100	dwell	5	512	0	0	0	0	248.725058290656	928.398850266561	241.523815262643	305.342861589109	0	0	780.611468801941	1238.29311396665	-593.572922537707	688.14468186332	0	0	0	0	0	294	125	6	3	84	41574	5253	3954	419	0	0	0	0	0	0	0	0	-1513	-17	16	0
10	2	1	4	99	100	dwell	6	512	0	0	0	0	221.696234556293	759.341485987743	228.376798327549	234.069275797136	0	0	766.76526204619	1199.56612995181	-593.626361204889	688.268726053342	0	0	0	0	0	272	112	5	2	121	41370	5245	4119	466	0	0	0	0	0	0	0	0	-1349	-19	12	0
10	2	1	4	99	100	dwell	7	512	0	0	0	0	216.091356185039	596.74869026866	225.308745350562	200.096538594805	0	0	779.662599999122	1238.92910114043	-593.586389708734	688.175434929442	0	0	0	0	0	276	122	3	3	108	41143	5347	4177	533	0	0	0	0	0	0	0	0	-1430	-17	12	0
10	2	1	4	99	100	dwell	8	512	0	0	0	0	288.576647757535	1325.94913015112	271.152857502166	432.838962229188	0	0	773.2763309787	1215.24710075116	-593.638024938447	688.2955765953	0	0	0	0	0	276	115	8	7	106	41492	5217	4015	476	0	0	0	0	0	0	0	0	-1405	-17	13	0
10	2	1	4	99	100	dwell	9	512	0	0	0	0	250.462679078163	989.113378715054	236.390380471826	302.87836500678	0	0	772.500786316442	1217.2290652601	-593.668299589752	688.365464870255	0	0	0	0	0	282	107	5	7	111	41411	5242	4094	453	0	0	0	0	0	0	0	0	-1370	-18	13	0
10	2	1	4	99	100	dwell	10	512	0	0	0	0	244.658983642851	1001.87022476513	230.51987947557	267.729274569484	0	0	783.834837842786	1253.29900776755	-593.535151242825	688.057138285486	0	0	0	0	0	285	104	6	5	112	41205	5324	4171	500	0	0	0	0	0	0	0	0	-1363	-18	11	0
10	2	1	4	99	100	dwell	11	512	0	0	0	0	213.627054288473	653.332140808707	227.187258804235	256.672238778722	0	0	773.171184756276	1209.7245320357	-593.595253057796	688.196386592409	0	0	0	0	0	295	116	4	2	95	41333	5280	4091	496	0	0	0	0	0	0	0	0	-1407	-18	10	0
10	2	1	4	99	100	dwell	12	512	0	0	0	0	289.054105271598	1307.27133108198	247.785232711338	324.357436210278	0	0	764.955557863776	1195.47616656045	-593.674279909567	688.379747095096	0	0	0	0	0	277	112	7	9	107	41443	5289	3993	475	0	0	0	0	0	0	0	0	-1554	-18	12	0
10	2	1	4	99	100	dwell	13	512	0	0	0	0	238.754475145664	818.067813898498	235.481759405638	287.323319482577	0	0	774.072698868144	1222.51749710216	-593.566257718223	688.129057024739	0	0	0	0	0	270	124	5	3	110	41206	5379	4094	521	0	0	0	0	0	0	0	0	-1532	-22	12	0
10	2	1	4	99	100	dwell	14	512	0	0	0	0	213.956101269415	457.675797889766	222.280450557513	176.092711454239	0	0	775.130825140521	1226.49564500383	-593.633753159351	688.285338664154	0	0	0	0	0	270	124	0	7	111	41416	5216	4069	499	0	0	0	0	0	0	0	0	-1362	-15	11	0
10	2	1	4	99	100	dwell	15	512	0	0	0	0	199.834001971287	657.207557330199	218.213735627298	236.203985799359	0	0	762.442963271904	1185.75747082696	-593.710394940217	688.463344471463	0	0	0	0	0	304	104	5	0	99	41531	5274	3914	481	0	0	0	0	0	0	0	0	-1722	-17	11	0
10	2	1	4	99	100	dwell	16	512	0	0	0	0	247.823358853161	1044.08288889472	243.365241670097	330.023942420124	0	0	755.511787355478	1163.21582041121	-593.494950226865	687.963765908342	0	0	0	0	0	286	115	8	1	102	41240	5462	4025	473	0	0	0	0	0	0	0	0	-1712	-21	11	0
10	2	1	4	99	100	dwell	17	512	0	0	0	0	243.526241226597	823.854923216985	244.394624047544	263.092907300628	0	0	768.92762546944	1199.44552328372	-593.65475572612	688.334058258082	0	0	0	0	0	277	130	5	3	97	41464	5265	4035	436	0	0	0	0	0	0	0	0	-1446	-18	12	0
10	2	1	4	99	100	dwell	18	512	0	0	0	0	264.730379849719	1064.41406685774	238.983321756809	258.182165020185	0	0	771.660094442831	1209.98304769119	-593.696934014944	688.432144419499	0	0	0	0	0	291	120	6	6	89	41682	5129	3938	451	0	0	0	0	0	0	0	0	-1424	-18	16	0
10	2	1	4	99	100	dwell	19	512	0	0	0	0	214.05691433129	692.593701926791	215.098725490576	197.372744136627	0	0	772.349517304984	1210.18620725099	-593.719402389398	688.484362618187	0	0	0	0	0	284	108	4	3	113	41489	5120	4106	485	0	0	0	0	0	0	0	0	-1240	-17	11	0
10	2	1	4	99	100	dwell	20	512	0	0	0	0	259.53156278566	1136.04031642222	245.234991836426	339.63846071325	0	0	774.956595642256	1227.25216671196	-593.634159579295	688.286763240903	0	0	0	0	0	286	113	8	3	102	41584	5111	4047	458	0	0	0	0	0	0	0	0	-1310	-15	12	0
10	2	1	4	99	100	dwell	21	512	0	0	0	0	227.096677744102	687.763906859836	235.308232732214	292.180613115648	0	0	775.3245955102	1219.20293698717	-593.63252412211	688.282818138665	0	0	0	0	0	273	119	3	5	112	41242	5384	4080	494	0	0	0	0	0	0	0	0	-1608	-19	10	0
10	2	1	4	99	100	dwell	22	512	0	0	0	0	281.918850355974	1161.5570858234	253.950656468375	360.834701146721	0	0	781.848087181285	1240.7659730048	-593.583156067231	688.168348908418	0	0	0	0	0	267	123	6	8	108	41266	5280	4143	511	0	0	0	0	0	0	0	0	-1360	-17	11	0
10	2	1	4	99	100	dwell	23	512	0	0	0	0	215.489286873478	792.365736249056	229.750818054936	274.289676746495	0	0	766.250068682303	1196.01454025399	-593.651953192655	688.327864124127	0	0	0	0	0	291	98	5	3	115	41419	5291	3988	502	0	0	0	0	0	0	0	0	-1585	-18	11	0
10	2	1	4	99	100	dwell	24	512	0	0	0	0	230.388473811603	710.441734247965	240.823719947225	245.618011372298	0	0	778.643416018545	1233.81995746224	-593.549126438992	688.08930313419	0	0	0	0	0	265	126	4	3	114	41438	5273	4005	484	0	0	0	0	0	0	0	0	-1467	-17	12	0
10	2	1	4	99	100	dwell	25	512	0	0	0	0	227.499929991604	922.754816551717	223.4124018718	227.596598723513	0	0	777.963008190114	1233.44663634322	-593.646257593541	688.314282961083	0	0	0	0	0	281	103	7	1	120	41426	5222	4085	467	0	0	0	0	0	0	0	0	-1314	-16	11	0
10	2	1	4	99	100	dwell	26	512	0	0	0	0	215.139250216607	712.420561287676	225.328370059484	232.603966037661	0	0	757.552871389743	1170.85425171022	-593.687016144536	688.409258957535	0	0	0	0	0	269	112	5	1	125	41774	5139	3794	493	0	0	0	0	0	0	0	0	-1650	-17	13	0
10	2	1	4	99	100	dwell	27	512	0	0	0	0	247.446714400974	827.891454363404	239.811409606966	252.845805231557	0	0	764.012649566814	1195.8101809131	-593.548887187225	688.088653042761	0	0	0	0	0	267	134	5	3	103	41322	5382	4007	489	0	0	0	0	0	0	0	0	-1605	-19	10	0
10	2	1	4	99	100	dwell	28	512	0	0	0	0	255.335258220972	974.560078167451	247.986181444968	262.734469419161	0	0	768.115376682713	1202.92344226835	-593.660420672079	688.347482843335	0	0	0	0	0	279	124	6	4	99	41326	5322	4073	479	0	0	0	0	0	0	0	0	-1518	-19	16	0
10	2	1	4	99	100	dwell	29	512	0	0	0	0	207.173692070355	567.305039798296	214.037929098537	173.078017871984	0	0	772.870608810333	1214.34186439236	-593.710201293545	688.463021008479	0	0	0	0	0	277	108	2	5	120	41473	5193	4085	449	0	0	0	0	0	0	0	0	-1371	-17	11	0
10	2	1	4	99	100	dwell	30	512	0	0	0	0	248.428237224414	947.14686087944	232.977425525864	250.061309642967	0	0	774.268832133945	1220.7363862327	-593.689852722014	688.415827072107	0	0	0	0	0	274	112	5	6	115	41549	5125	4071	455	0	0	0	0	0	0	0	0	-1286	-16	11	0
10	2	1	4	99	100	dwell	31	512	0	0	0	0	221.518407168164	543.970586301319	233.160945082378	200.015526583501	0	0	784.729913543017	1246.7725606953	-593.685832245965	688.406238216311	0	0	0	0	0	266	132	2	4	108	41469	5193	4076	462	0	0	0	0	0	0	0	0	-1316	-18	11	0
10	2	1	4	99	100	dwell	32	512	0	0	0	0	250.661496142222	1028.29256068025	240.110984540644	339.089380872467	0	0	767.802817360659	1195.44253635763	-593.732834052131	688.515226678972	0	0	0	0	0	291	115	7	3	96	41583	5173	3980	464	0	0	0	0	0	0	0	0	-1447	-19	10	0
10	2	1	4	99	100	dwell	33	512	0	0	0	0	190.916337856603	372.505592956721	219.524623628004	175.940186744518	0	0	767.69867740365	1204.46716425039	-593.549853165823	688.091316535078	0	0	0	0	0	281	117	1	3	110	41137	5386	4119	558	0	0	0	0	0	0	0	0	-1597	-18	17	0
10	2	1	4	99	100	dwell	34	512	0	0	0	0	232.372509134414	714.037437354127	233.162298834869	221.634765384769	0	0	755.791062168456	1166.40371794987	-593.791515734029	688.651521983651	0	0	0	0	0	278	114	2	8	110	41547	5293	3870	490	0	0	0	0	0	0	0	0	-1618	-20	11	0
10	2	1	4	99	100	dwell	35	512	0	0	0	0	300.788916999412	1456.38688089035	273.248859102872	477.040403065028	0	0	795.94215732074	1285.17062874741	-593.716642409183	688.477674696167	0	0	0	0	0	262	120	10	5	115	41494	5057	4184	465	0	0	0	0	0	0	0	0	-1040	-15	13	0
10	2	1	4	99	100	dwell	36	512	0	0	0	0	198.804881676602	440.086079471707	225.867310170678	230.066900056612	0	0	766.535467273244	1192.46413347309	-593.624985717827	688.265075891018	0	0	0	0	0	281	122	2	2	105	41532	5205	3984	479	0	0	0	0	0	0	0	0	-1536	-17	10	0
10	2	1	4	99	100	dwell	37	512	0	0	0	0	252.271696072538	970.730396376459	245.011346556126	335.247162169666	0	0	770.025373754819	1205.64277633643	-593.502332285254	687.980852779568	0	0	0	0	0	272	120	6	4	110	41396	5265	4050	489	0	0	0	0	0	0	0	0	-1469	-19	10	0
10	2	1	4	99	100	dwell	38	512	0	0	0	0	234.786404500042	774.888603614307	233.00650385252	294.381320538909	0	0	786.322925412261	1252.64959967898	-593.68037335235	688.393642507463	0	0	0	0	0	268	112	3	7	122	41438	5213	4110	439	0	0	0	0	0	0	0	0	-1320	-17	10	0
10	2	1	4	99	100	dwell	39	512	0	0	0	0	219.311756045672	795.60606776887	214.095208181946	204.547839622715	0	0	774.784541946928	1223.46131853865	-593.715765563051	688.475680624244	0	0	0	0	0	266	101	5	3	137	41724	5162	3847	467	0	0	0	0	0	0	0	0	-1465	-22	13	0
10	2	1	4	99	100	dwell	40	512	0	0	0	0	229.507764050038	749.386937528336	251.307837280391	338.53344480711	0	0	760.995687360185	1177.38039643876	-593.650839384063	688.325176964131	0	0	0	0	0	280	118	4	4	106	41307	5379	4017	497	0	0	0	0	0	0	0	0	-1680	-17	10	0
10	2	1	4	99	100	dwell	41	512	0	0	0	0	225.287660749727	665.417399029679	231.822503121519	219.731763500067	0	0	779.434627852124	1238.68615604175	-593.625438567904	688.266346293363	0	0	0	0	0	267	128	4	2	111	41441	5164	4108	487	0	0	0	0	0	0	0	0	-1320	-16	15	0
10	2	1	4	99	100	dwell	42	512	0	0	0	0	192.247897336916	472.253292060701	205.783240203898	160.835196625185	0	0	777.973495484491	1231.34630244084	-593.489841399119	687.951630949052	0	0	0	0	0	290	107	2	3	110	41430	5246	4025	499	0	0	0	0	0	0	0	0	-1468	-16	11	0
10	2	1	4	99	100	dwell	43	512	0	0	0	0	241.444201901604	742.745726243599	237.108106627183	241.362440566288	0	0	766.610460601088	1203.55219102552	-593.662656288772	688.352848593483	0	0	0	0	0	257	127	3	6	119	41451	5326	3969	454	0	0	0	0	0	0	0	0	-1652	-23	13	0
10	2	1	4	99	100	dwell	44	512	0	0	0	0	219.783595440349	640.660468022627	230.095909923979	242.343271265697	0	0	777.999549042477	1229.61716796431	-593.582904371036	688.167417841439	0	0	0	0	0	285	119	3	4	101	41153	5328	4243	476	0	0	0	0	0	0	0	0	-1296	-17	12	0
10	2	1	4	99	100	dwell	45	512	0	0	0	0	236.770439822853	796.478208756402	234.942008317562	242.86634150377	0	0	758.393827443172	1169.64361915648	-593.68034562115	688.394029201201	0	0	0	0	0	269	118	4	5	116	41417	5335	3972	476	0	0	0	0	0	0	0	0	-1651	-16	11	0
10	2	1	4	99	100	dwell	46	512	0	0	0	0	248.14959677441	907.921802588784	247.557060545152	264.89391624404	0	0	787.864005348181	1262.4890996838	-593.60531488589	688.21957440895	0	0	0	0	0	282	120	5	5	100	41638	5084	4020	458	0	0	0	0	0	0	0	0	-1274	-15	15	0
10	2	1	4	99	100	dwell	47	512	0	0	0	0	243.327424162539	902.122525661154	243.527352093082	274.423314757187	0	0	765.632884531566	1196.19619586438	-593.46858809697	687.902672259652	0	0	0	0	0	276	114	5	5	112	41230	5342	4113	515	0	0	0	0	0	0	0	0	-1496	-19	9	0
10	2	1	4	99	100	dwell	48	512	0	0	0	0	257.571326198472	1095.6634037287	239.697209306887	342.452134692108	0	0	767.537713637268	1199.60299256884	-593.539546447002	688.066964121047	0	0	0	0	0	295	104	6	7	100	41256	5367	4111	466	0	0	0	0	0	0	0	0	-1478	-19	11	0
10	2	1	4	99	100	dwell	49	512	0	0	0	0	286.491799372849	1342.69383691105	258.507368960079	394.781866129422	0	0	772.175652894247	1213.10672623313	-593.695713150418	688.429489014386	0	0	0	0	0	273	116	9	5	109	41610	5154	3974	462	0	0	0	0	0	0	0	0	-1387	-14	11	0
10	2	1	4	99	100	dwell	50	512	0	0	0	0	270.308650425657	1011.67246571782	267.544978629367	371.942026943241	0	0	767.363320866897	1197.94568528071	-593.624525338875	688.264120272152	0	0	0	0	0	278	130	5	7	92	41391	5275	4088	446	0	0	0	0	0	0	0	0	-1515	-18	12	0
10	2	1	4	99	100	dwell	51	512	0	0	0	0	235.035628095038	716.997913863656	224.523480800466	229.488075803649	0	0	767.607915996775	1204.17130988768	-593.634181610777	688.286655986765	0	0	0	0	0	276	117	2	8	109	41383	5325	4049	443	0	0	0	0	0	0	0	0	-1519	-21	11	0
10	2	1	4	99	100	dwell	52	512	0	0	0	0	183.179013629418	363.685001473848	210.816400854627	179.25074189597	0	0	775.730166317	1222.53950471243	-593.750142164472	688.555611920505	0	0	0	0	0	282	108	1	3	118	41557	5200	3949	494	0	0	0	0	0	0	0	0	-1426	-20	13	0
10	2	1	4	99	100	dwell	53	512	0	0	0	0	236.115154920662	855.04342204223	232.672352582119	239.943546399913	0	0	776.626361100896	1227.26135829404	-593.721604378963	688.48911727763	0	0	0	0	0	286	114	5	4	103	41482	5191	4073	454	0	0	0	0	0	0	0	0	-1366	-16	11	0
10	2	1	4	99	100	dwell	54	512	0	0	0	0	243.905694738477	804.380924521241	240.700841963114	257.307350694193	0	0	778.315465615528	1238.42541035162	-593.579212143054	688.159086480574	0	0	0	0	0	263	126	4	5	114	41336	5226	4146	492	0	0	0	0	0	0	0	0	-1328	-19	14	0
10	2	1	4	99	100	dwell	55	512	0	0	0	0	265.486477813786	1123.31997319956	252.951352046924	360.511362088513	0	0	777.617630354224	1231.49152618734	-593.693467510248	688.423911836959	0	0	0	0	0	280	116	7	5	104	41358	5217	4110	515	0	0	0	0	0	0	0	0	-1421	-21	9	0
10	2	1	4	99	100	dwell	56	512	0	0	0	0	250.910719737218	932.043223809294	241.710624507475	319.915722011763	0	0	772.92632544658	1217.3291045587	-593.505331273198	687.988042655897	0	0	0	0	0	303	113	4	8	84	41300	5261	4159	480	0	0	0	0	0	0	0	0	-1348	-17	11	0
10	2	1	4	99	100	dwell	57	512	0	0	0	0	242.900373179414	920.812492339435	230.36402775361	240.226231386958	0	0	782.536227687665	1246.49933793444	-593.717721260073	688.480292297377	0	0	0	0	0	274	117	6	3	112	41566	5136	4008	490	0	0	0	0	0	0	0	0	-1278	-19	13	0
10	2	1	4	99	100	dwell	58	512	0	0	0	0	217.170883010662	578.988766917556	233.322006356689	244.693132414853	0	0	766.363953848091	1192.04933272077	-593.604310841881	688.217352506712	0	0	0	0	0	282	120	2	5	103	41334	5316	4080	470	0	0	0	0	0	0	0	0	-1496	-22	11	0
10	2	1	4	99	100	dwell	59	512	0	0	0	0	264.9852215641	984.61490320607	250.921083726134	295.389663328119	0	0	761.918564969413	1186.94279618874	-593.492010707348	687.957051764326	0	0	0	0	0	257	134	6	4	111	41248	5446	4038	468	0	0	0	0	0	0	0	0	-1702	-16	12	0
10	2	1	4	99	100	dwell	60	512	0	0	0	0	246.592612434724	709.465956190287	241.759354202864	245.392233853151	0	0	786.166966340178	1258.90922655033	-593.672175775755	688.374664994356	0	0	0	0	0	259	141	3	5	104	41642	5115	3991	452	0	0	0	0	0	0	0	0	-1259	-21	13	0
10	2	1	4	99	100	dwell	61	512	0	0	0	0	284.581969316598	1458.13452335635	247.415269459387	308.349888064006	0	0	783.983453145529	1253.1891495709	-593.500225909622	687.976276851084	0	0	0	0	0	285	106	11	3	107	41429	5164	4125	482	0	0	0	0	0	0	0	0	-1248	-19	11	0
10	2	1	4	99	100	dwell	62	512	0	0	0	0	250.563492140039	910.049576644279	252.596085014556	379.692966576934	0	0	769.128487339181	1203.339849655	-593.655592856818	688.336443382574	0	0	0	0	0	268	122	5	5	112	41415	5262	4000	523	0	0	0	0	0	0	0	0	-1508	-21	11	0
10	2	1	4	99	100	dwell	63	512	0	0	0	0	219.786404500042	639.888603614307	232.696070509612	231.11088956053	0	0	764.719752131117	1188.94946452691	-593.600058446367	688.20750614181	0	0	0	0	0	268	118	3	4	119	41355	5266	4053	526	0	0	0	0	0	0	0	0	-1535	-19	10	0
# final_twist	100
# forced_steps	2
# sweeps_total	240160
# completion	PASS
