# format	twist_snake_sector_blocks_v2
# status	NON-CANONICAL floating-point engineering diagnostic
# L	10
# k	1
# chain	0
# kind	0
# kind_name	main
# base	0
# restriction	-1
# schedule	round_trip
# seed	202609310100
# seam_size	100
# start_twist	0
# chain_initial	cold0
# warmup_sweeps	512
# dwell_sweeps	16384
# dwell_long_sweeps	32768
# visit_sweeps	2048
# equilibration_sweeps	32
# post_forcing_sweeps	512
# block_length	512
# segments	200
# seam_order	x2_fastest_then_x3
# class_rule	class0_if_2W_ge_minus_n_else_classMinus
# action_density	minus_sum_logW_divided_by_6L4
# sampling	every_production_sweep_after_full_heatbath_sweep
L	k	chain	kind	segment	n	phase	block	count	sumFn	sumFn2	sumFi	sumFi2	sumBn	sumBn2	sumBi	sumBi2	sumPFi	sumPFi2	sumY	sumY2	sumS	sumS2	hF0	hF1	hF2	hF3	hF4	hB0	hB1	hB2	hB3	hB4	sec0	secMinus	secPlus	secOther	untMinus	untPlus	untOther	pure0	pureMinus	purePlus	flips	classMinus	sumW	minW	maxW	forced
10	1	0	0	0	0	dwell	0	512	406.621366160692	537.693639883722	411.081770353368	409.232628185159	0	0	0	0	512	512	-4.38061866539299	49.5083246527614	-593.765745403482	688.591701887905	302	91	4	3	112	0	0	0	0	0	0	0	0	0	4721	4507	437	0	0	0	0	0	0	0	0	0
10	1	0	0	0	0	dwell	1	512	382.091469461003	570.767247897953	384.630025321796	372.884143205522	0	0	0	0	512	512	-1.39886450149776	46.3820516226279	-593.852680167293	688.793461560544	297	120	3	5	87	0	0	0	0	0	0	0	0	0	4551	4502	470	0	0	0	0	0	0	0	0	0
10	1	0	0	0	0	dwell	2	512	388.147197551003	544.271906327976	394.362967872373	391.896444109444	0	0	0	0	512	512	-9.37090252953491	43.4509338278163	-593.780613391041	688.626217754833	297	111	5	4	95	0	0	0	0	0	0	0	0	0	4755	4583	425	0	0	0	0	0	0	0	0	0
10	1	0	0	0	0	dwell	3	512	398.82909024851	494.722912590254	405.638482861358	392.343167637743	0	0	0	0	512	512	9.15879936927978	47.9172972262145	-593.804262938309	688.681085102541	293	100	0	2	117	0	0	0	0	0	0	0	0	0	4561	4754	465	0	0	0	0	0	0	0	0	0
10	1	0	0	0	0	dwell	4	512	385.768337159768	483.94730775187	395.824273683463	384.336427779944	0	0	0	0	512	512	4.32590829456074	54.2219465916145	-593.725396861971	688.498339198736	265	126	3	2	116	0	0	0	0	0	0	0	0	0	4508	4565	468	0	0	0	0	0	0	0	0	0
10	1	0	0	0	0	dwell	5	512	379.961832664764	469.322469402445	385.663800127785	363.80122156839	0	0	0	0	512	512	2.38065272586434	46.614294589304	-593.880014206287	688.85680236138	273	124	6	2	107	0	0	0	0	0	0	0	0	0	4511	4589	423	0	0	0	0	0	0	0	0	0
10	1	0	0	0	0	dwell	6	512	422.40969003946	731.488331546052	414.434659594914	446.809006198587	0	0	0	0	512	512	-1.21035109539538	47.4855882482882	-593.73768258365	688.526732554219	250	129	1	7	125	0	0	0	0	0	0	0	0	0	4508	4524	494	0	0	0	0	0	0	0	0	0
10	1	0	0	0	0	dwell	7	512	399.53023652758	541.351742108977	398.143248607194	395.742348644137	0	0	0	0	512	512	9.62881384515173	47.0629116558006	-593.636325047715	688.291672780413	264	119	7	3	119	0	0	0	0	0	0	0	0	0	4613	4772	493	0	0	0	0	0	0	0	0	0
10	1	0	0	0	0	dwell	8	512	413.781492777265	635.344645319664	411.941453561113	438.708952107373	0	0	0	0	512	512	-3.40777119981295	48.8899520288608	-593.681545305409	688.396415166811	269	114	5	5	119	0	0	0	0	0	0	0	0	0	4667	4643	413	0	0	0	0	0	0	0	0	0
10	1	0	0	0	0	dwell	9	512	418.493762019142	645.446199782346	418.057033148185	449.908847530915	0	0	0	0	512	512	0.732402126151843	50.8082127687281	-593.828673919447	688.737740077505	263	114	6	5	124	0	0	0	0	0	0	0	0	0	4508	4534	446	0	0	0	0	0	0	0	0	0
10	1	0	0	0	0	dwell	10	512	398.147197551003	560.107827677988	398.05904860506	391.263729631762	0	0	0	0	512	512	-3.7657112253044	46.3263729172631	-593.869086132327	688.831432301825	297	103	7	4	101	0	0	0	0	0	0	0	0	0	4424	4433	485	0	0	0	0	0	0	0	0	0
10	1	0	0	0	0	dwell	11	512	394.875728030392	496.976576326716	403.853484143434	402.951673922234	0	0	0	0	512	512	-7.42467923873954	51.88924723101	-593.747950559051	688.550284176202	271	116	2	2	121	0	0	0	0	0	0	0	0	0	4549	4576	461	0	0	0	0	0	0	0	0	0
10	1	0	0	0	0	dwell	12	512	388.022585753505	509.235545095501	395.049712165387	376.927844390815	0	0	0	0	512	512	1.35939385006223	48.1413587328688	-593.7680199085	688.597327504735	297	108	3	3	101	0	0	0	0	0	0	0	0	0	4590	4727	418	0	0	0	0	0	0	0	0	0
10	1	0	0	0	0	dwell	13	512	409.807804012258	583.629340466167	407.824417742754	415.035932941547	0	0	0	0	512	512	4.43903946421175	51.9623683093343	-593.833220884226	688.74860396216	289	100	6	4	113	0	0	0	0	0	0	0	0	0	4601	4631	473	0	0	0	0	0	0	0	0	0
10	1	0	0	0	0	dwell	14	512	412.466377818823	739.450182688273	400.003418653102	415.175725566815	0	0	0	0	512	512	7.74161398774526	46.6835703020268	-593.812099760442	688.699196829758	272	125	4	8	103	0	0	0	0	0	0	0	0	0	4543	4523	448	0	0	0	0	0	0	0	0	0
10	1	0	0	0	0	dwell	15	512	397.994241863824	568.729119698599	401.437983826322	398.859873546425	0	0	0	0	512	512	0.373921830485475	50.2905779338629	-593.691548099056	688.419373303182	276	116	8	4	108	0	0	0	0	0	0	0	0	0	4657	4601	441	0	0	0	0	0	0	0	0	0
10	1	0	0	0	0	dwell	16	512	404.030716372261	652.552622700237	401.015846014464	414.249152840514	0	0	0	0	512	512	11.2486718118356	49.795504096086	-593.859082379596	688.808030213456	277	121	2	6	106	0	0	0	0	0	0	0	0	0	4409	4546	438	0	0	0	0	0	0	0	0	0
10	1	0	0	0	0	dwell	17	512	386.622439126018	521.981453045296	392.884389496815	379.750936064466	0	0	0	0	512	512	12.9009712942871	50.7337472358325	-593.826306262643	688.731876212202	261	131	5	3	112	0	0	0	0	0	0	0	0	0	4592	4734	454	0	0	0	0	0	0	0	0	0
10	1	0	0	0	0	dwell	18	512	405.767264194442	610.825789179332	406.872636517688	412.51652576538	0	0	0	0	512	512	-10.4741957793878	45.0904216289078	-593.790352009506	688.648866668087	294	104	5	5	104	0	0	0	0	0	0	0	0	0	4796	4590	436	0	0	0	0	0	0	0	0	0
10	1	0	0	0	0	dwell	19	512	400.498787017883	531.881224840695	400.90982185748	390.339175047623	0	0	0	0	512	512	7.01816453091958	45.2340368276652	-593.701640033897	688.442910642466	291	102	5	3	111	0	0	0	0	0	0	0	0	0	4524	4647	459	0	0	0	0	0	0	0	0	0
10	1	0	0	0	0	dwell	20	512	370.556547762573	412.964594555454	384.214348582731	356.412147824082	0	0	0	0	512	512	-12.4980661067424	47.1214596655193	-593.802957467927	688.678053258548	284	120	6	1	101	0	0	0	0	0	0	0	0	0	4614	4544	491	0	0	0	0	0	0	0	0	0
10	1	0	0	0	0	dwell	21	512	370.355994604148	427.314050486737	387.812701954214	370.619412979354	0	0	0	0	512	512	-1.78360017057248	46.1592852772665	-593.698370104461	688.435833227875	255	140	2	1	114	0	0	0	0	0	0	0	0	0	4669	4528	440	0	0	0	0	0	0	0	0	0
10	1	0	0	0	0	dwell	22	512	425.431935965074	761.602291962053	408.79954197443	428.198889010772	0	0	0	0	512	512	-0.900772026270376	48.0616548820822	-593.774929515021	688.613196970339	272	116	3	8	113	0	0	0	0	0	0	0	0	0	4587	4605	422	0	0	0	0	0	0	0	0	0
10	1	0	0	0	0	dwell	23	512	397.23640780539	572.36016515637	398.609901520139	393.261286496499	0	0	0	0	512	512	23.7092412546563	48.8335960075158	-593.765671611551	688.591413947023	267	123	6	4	112	0	0	0	0	0	0	0	0	0	4451	4702	503	0	0	0	0	0	0	0	0	0
10	1	0	0	0	0	dwell	24	512	434.558580417262	775.532226144952	415.949027428807	437.083376777046	0	0	0	0	512	512	-6.92878638752773	48.3227617711897	-593.797862769177	688.666189545875	273	108	5	8	118	0	0	0	0	0	0	0	0	0	4659	4513	471	0	0	0	0	0	0	0	0	0
10	1	0	0	0	0	dwell	25	512	423.176614406011	609.108280781842	421.631086156686	442.666702853848	0	0	0	0	512	512	-8.99447835190026	45.9918689511141	-593.738257517406	688.528135319016	281	95	7	4	125	0	0	0	0	0	0	0	0	0	4533	4400	451	0	0	0	0	0	0	0	0	0
10	1	0	0	0	0	dwell	26	512	377.150303171019	433.342429380616	393.866117989559	378.941174307844	0	0	0	0	512	512	13.4681470453556	43.4680710351642	-593.837053905615	688.757030713953	265	128	4	1	114	0	0	0	0	0	0	0	0	0	4471	4638	439	0	0	0	0	0	0	0	0	0
10	1	0	0	0	0	dwell	27	512	422.1786470607	646.303403236926	418.997910909952	440.814981675849	0	0	0	0	512	512	-11.0646971047915	48.3218343662632	-593.767113344205	688.594712731287	278	103	3	5	123	0	0	0	0	0	0	0	0	0	4682	4572	457	0	0	0	0	0	0	0	0	0
10	1	0	0	0	0	dwell	28	512	379.702445796323	427.848409937035	391.281591912847	368.36611835845	0	0	0	0	512	512	1.73331568054769	47.8947122086609	-593.786413797982	688.639753577789	288	112	3	1	108	0	0	0	0	0	0	0	0	0	4659	4735	469	0	0	0	0	0	0	0	0	0
10	1	0	0	0	0	dwell	29	512	397.131049589455	612.388548181934	398.508545627477	399.36580144644	0	0	0	0	512	512	-18.8381618842739	46.9281767944926	-593.812901395756	688.701056612248	262	132	1	5	112	0	0	0	0	0	0	0	0	0	4466	4304	421	0	0	0	0	0	0	0	0	0
10	1	0	0	0	0	dwell	30	512	387.101632734447	513.004506248427	393.215010489253	383.224531792101	0	0	0	0	512	512	0.954942126927735	50.6244500073412	-593.791955500417	688.652206948619	282	117	6	3	104	0	0	0	0	0	0	0	0	0	4647	4633	451	0	0	0	0	0	0	0	0	0
10	1	0	0	0	0	dwell	31	512	418.588956961632	671.098519081313	410.863424400171	443.888660405241	0	0	0	0	512	512	-5.46286305155828	50.2551318086811	-593.661548611792	688.349632247583	283	104	9	6	110	0	0	0	0	0	0	0	0	0	4630	4607	505	0	0	0	0	0	0	0	0	0
10	1	0	0	1	1	up	0	512	419.232342496012	603.83244939153	420.569399082508	436.283907706169	658.380386460415	1645.28304386681	663.661617796711	1112.85188263893	512	512	13.9533335496738	52.5191960565434	-593.746311067554	688.546539707285	277	100	8	4	123	203	242	21	6	40	416	57	33	6	4467	4763	467	0	0	0	0	60	-24	-2	2	0
10	1	0	0	1	1	up	1	512	408.550449798506	616.379227190204	415.961278381505	438.954373499904	644.982159211653	1684.53092467698	637.667327280418	1028.67988108427	512	512	3.08124918757934	48.6054249710393	-593.712208683985	688.467880571854	293	103	4	5	107	223	214	23	8	44	398	74	33	7	4440	4678	479	0	0	0	0	79	-46	-2	3	0
10	1	0	0	1	1	up	2	512	435.182712370078	707.365490847118	435.661614825189	475.048752662162	626.758287162287	1480.75133280098	630.766612494217	1001.98665449786	512	512	2.842564109703	53.2005540681965	-593.850130020958	688.787542551648	272	102	1	6	131	217	231	18	2	44	412	49	46	5	4432	4464	382	0	0	0	0	50	3	-2	2	0
10	1	0	0	1	1	up	3	512	434.309356822265	668.37746435501	438.243578093194	489.980443255374	657.84235914197	1635.51851459198	658.073406937461	1059.65035078935	512	512	3.28812201703443	48.159380545295	-593.76012833693	688.578511189459	273	97	4	5	133	226	235	21	3	27	398	61	49	4	4622	4442	481	0	0	0	0	64	-16	-2	2	0
10	1	0	0	2	2	up	0	512	432.380273184451	626.747308578207	449.693774217351	517.854205995872	571.057140883217	1161.53491584628	593.850979419861	885.269702608194	512	512	5.91970205014808	56.6100493549519	-593.807167964444	688.687912538935	278	91	5	4	134	234	208	12	11	47	826	101	90	7	4511	4481	443	0	0	0	0	7	-16	-3	3	0
10	1	0	0	2	2	up	1	512	474.568743690706	884.441327195451	460.316899418521	551.878002872893	576.958840320712	1313.05819146965	571.568088568807	814.806160638986	512	512	15.73313178023	48.4441901366294	-593.96737849515	689.059428073108	258	92	6	9	147	246	194	16	2	54	812	105	93	14	4293	4333	373	0	0	0	0	17	-16	-3	2	0
10	1	0	0	2	2	up	2	512	422.208063915708	581.576582111076	436.258186269302	472.691094533468	573.321552750399	1269.41739257472	590.439420118239	884.704881330774	512	512	1.48071303979193	51.8203902808725	-593.843446370938	688.771888078212	266	104	0	3	139	243	193	15	9	52	846	97	77	4	4454	4543	419	0	0	0	0	9	-24	-2	3	0
10	1	0	0	2	2	up	3	512	446.53526152632	790.267923422048	434.85880651548	476.211334270946	638.628537090085	1667.6710521795	626.005724127201	997.276767258631	512	512	8.43186919009544	51.5750562536506	-593.917803524155	688.944365390931	288	91	2	8	123	236	204	23	9	40	815	122	77	10	4423	4530	424	0	0	0	0	11	-41	-2	3	0
10	1	0	0	3	3	up	0	512	443.714641724457	724.735339202	447.844940993556	524.428405436868	612.765344815717	1523.46573557846	598.18913767993	915.07339351795	512	512	12.8409137052778	47.1429754258175	-593.847140622547	688.780315696686	262	101	4	6	139	230	207	20	1	54	1266	139	116	15	4291	4373	422	0	0	0	0	21	-37	-3	3	0
10	1	0	0	3	3	up	1	512	442.312349166317	816.701622222317	429.768674251641	472.107294487813	630.884931614474	1560.87416936823	624.939837413584	1007.43501004174	512	512	13.4567650463861	52.7342993525407	-593.84211573519	688.768824295123	292	95	3	9	113	210	225	20	5	52	1215	167	142	12	4364	4347	428	0	0	0	0	28	-21	-4	2	0
10	1	0	0	3	3	up	2	512	437.773362158509	814.865705003989	425.966111503238	465.210821978069	569.157474100412	1018.17572300458	590.441806215502	818.020949410803	512	512	11.7844467867412	54.0039507130713	-593.797041156405	688.664139308731	277	107	5	9	114	239	231	8	0	34	1217	163	139	17	4410	4502	444	0	0	0	0	23	-26	-3	3	0
10	1	0	0	3	3	up	3	512	435.758173886324	665.916263946774	436.4074337862	469.349504758572	575.452262511964	1275.68214013811	582.20851031939	849.731393515842	512	512	16.1141902380789	49.099111294282	-593.804649268366	688.681947031039	284	89	4	5	130	242	198	15	4	53	1212	177	134	13	4388	4505	393	0	0	0	0	23	-49	-3	2	0
10	1	0	0	4	4	up	0	512	455.413755348837	713.029359471919	454.540399123822	514.758819638842	588.48574467635	1234.93536729746	589.383002457668	840.133150921531	512	512	16.117001892346	54.3862802544244	-593.803386254173	688.678937533911	252	95	4	5	156	224	225	13	2	48	1651	207	169	21	4371	4398	424	0	0	0	0	8	-45	-4	3	0
10	1	0	0	4	4	up	1	512	419.798713704139	607.021364738269	423.131206605517	443.214787030481	643.821072905718	1647.75309976786	639.188865322291	1050.22660935195	512	512	13.4624055920153	52.3558585006707	-593.940804587727	688.997935354681	275	102	5	4	126	222	219	22	7	42	1631	217	169	31	4365	4329	412	0	0	0	0	7	-70	-4	3	0
10	1	0	0	4	4	up	2	512	417.303258858198	562.228901410043	424.336710599525	432.226755643935	589.205071571657	1266.53181435795	584.065408315876	826.756958981774	512	512	8.22443352681527	53.6207335884114	-593.782644391756	688.630904060316	286	93	5	3	125	235	216	14	3	44	1671	194	175	8	4393	4357	446	0	0	0	0	2	-15	-3	4	0
10	1	0	0	4	4	up	3	512	438.579866653514	710.379680294058	435.658920148176	470.233308213423	633.514088566032	1670.25553812715	613.633325120841	970.102812461288	512	512	17.7307360810658	51.0325040729921	-593.818853619515	688.714678501928	277	96	2	6	131	217	211	23	3	58	1635	216	186	11	4368	4462	436	0	0	0	0	3	-39	-3	4	0
10	1	0	0	5	5	up	0	512	464.002372482579	865.443098294016	449.50720927576	511.826986111197	619.387444113845	1463.07727003023	604.150686243494	899.136052549578	512	512	25.1289913477353	47.857320427007	-593.867444487326	688.827869128585	264	97	3	9	139	228	221	18	3	42	2102	255	173	30	4220	4367	431	0	0	0	0	6	-92	-4	4	0
10	1	0	0	5	5	up	1	512	468.983118901016	835.378354035977	456.765488664317	515.254949281123	573.868670376963	1271.70564231341	571.310945426073	811.325875311651	512	512	15.7157388215472	51.4957278641525	-593.817607410155	688.711944831155	269	86	4	8	145	246	196	15	3	52	2034	281	217	28	4429	4352	380	0	0	0	0	15	-68	-4	4	0
10	1	0	0	5	5	up	2	512	445.672069251952	759.736665460081	443.316660239929	502.13026105788	577.93755408446	1274.9357956112	587.415009577904	875.039162763229	512	512	30.3475739030884	48.0848510962103	-593.737036339695	688.524901700869	270	98	5	7	132	250	195	15	7	45	2100	217	219	24	4275	4382	457	0	0	0	0	5	-19	-4	3	0
10	1	0	0	5	5	up	3	512	420.979053591638	570.615599991396	426.733414060763	444.153014460259	605.990289830409	1407.14511990828	604.575820304441	924.644743028237	512	512	27.3438269744858	53.8044985723046	-593.769801888846	688.601179294536	283	93	3	3	130	223	218	17	3	51	2094	238	209	19	4228	4285	430	0	0	0	0	3	-27	-4	3	0
10	1	0	0	6	6	up	0	512	442.284005276635	675.055510031695	443.987372217881	496.240567217832	589.473548748216	1337.53181022626	599.944076444375	913.149151217272	512	512	28.2654169013869	50.7304595607127	-593.737084724295	688.525177361665	287	82	5	5	133	234	205	16	6	51	2537	272	241	22	4356	4308	400	0	0	0	0	0	-43	-3	3	0
10	1	0	0	6	6	up	1	512	449.097567425069	793.230672508607	445.6946880789	513.178124561227	620.001412793217	1534.64888452565	616.684081154706	972.233462769426	512	512	9.84469638177298	47.7232038662722	-593.856245743806	688.801615749008	292	87	1	8	124	226	210	20	7	49	2510	320	222	20	4335	4271	421	0	0	0	0	1	-104	-4	3	0
10	1	0	0	6	6	up	2	512	449.568743690706	733.632013640754	440.661198327772	482.522086505759	588.724804997901	1333.58014496663	606.91637668215	949.278817228688	512	512	28.5217312275583	50.4440667454596	-593.747403883357	688.549563807974	262	96	6	6	142	235	201	16	11	49	2447	309	285	31	4369	4390	440	0	0	0	0	1	-27	-6	4	0
10	1	0	0	6	6	up	3	512	429.232342496012	619.721586332174	427.85940567177	445.447816055484	666.027724028209	1858.68967763622	629.457502680414	1011.27267031943	512	512	28.1233023746767	49.585420613071	-593.928057009866	688.968218288509	285	90	2	4	131	234	207	27	6	38	2512	277	260	23	4263	4213	429	0	0	0	0	0	-23	-3	3	0
10	1	0	0	7	7	up	0	512	434.251596077576	665.622251940225	432.735566282399	462.814396026517	664.051042919151	1822.73447017946	630.590873771365	1011.12132652753	512	512	33.0875392648171	50.1305089410354	-593.729996034097	688.508926086457	280	93	3	5	131	223	212	26	10	41	2867	370	315	32	4220	4346	405	0	0	0	0	5	-71	-7	5	0
10	1	0	0	7	7	up	1	512	462.063125571321	815.356173987072	455.773781670256	525.970308436653	570.278980277895	1259.44532662812	578.975492246642	845.195486099458	512	512	25.7629391898077	48.2146574050502	-593.829619691538	688.739910030133	288	79	4	8	133	255	187	15	8	47	2899	393	266	26	4164	4157	350	0	0	0	0	8	-136	-5	3	0
10	1	0	0	7	7	up	2	512	426.458247200067	643.694084724206	427.388921814413	446.315526309505	599.012535756024	1347.2856881196	607.374976487949	915.938082902764	512	512	31.3099619644975	52.9461623639419	-593.888141312688	688.875495654138	300	86	3	5	118	249	207	16	5	35	2944	331	277	32	4041	4166	402	0	0	0	0	5	-90	-4	4	0
10	1	0	0	7	7	up	3	512	436.363052257577	596.795647450258	438.930136899033	459.900481394845	581.268930280413	1113.43337377865	600.460201837955	859.336355172003	512	512	25.8891223653795	51.0149276757042	-593.795085033788	688.659811491106	280	83	5	3	141	227	232	10	4	39	2910	341	300	33	4220	4145	403	0	0	0	0	1	-71	-4	5	0
10	1	0	0	8	8	up	0	512	450.470443128201	765.99121061414	451.255784916259	510.279251428167	603.686297834775	1392.64134289585	601.423953349466	909.961400960777	512	512	35.6795358282443	50.7602909467108	-593.655807802813	688.336568807624	274	92	5	7	134	249	208	17	1	37	3308	413	334	41	4246	4260	421	0	0	0	0	0	-93	-4	4	0
10	1	0	0	8	8	up	1	512	419.644685051633	599.656393101966	425.52440973784	436.970827739167	618.447237513223	1503.00099710478	608.768034348605	939.751473673979	512	512	25.9524416242302	52.4009911221654	-593.817968905488	688.712890156141	291	92	5	4	120	214	220	19	4	55	3360	394	302	40	4259	4062	395	0	0	0	0	1	-129	-5	4	0
10	1	0	0	8	8	up	2	512	425.748010612879	715.734437125977	424.244403020226	457.327743643237	633.859580068844	1559.63425436991	627.326395703202	996.721812791184	512	512	18.9851018535103	52.0880519005048	-593.593872190822	688.193184158561	295	97	4	7	109	224	222	20	5	41	3321	369	381	25	4361	4182	425	0	0	0	0	0	-10	-4	4	0
10	1	0	0	8	8	up	3	512	442.697420797582	723.921148928723	442.871160042891	488.318667448477	592.218227189153	1341.2307014304	600.63505644941	920.805160942455	512	512	33.9191098704401	51.6481523139445	-593.653768433189	688.332110065424	260	103	4	6	139	235	206	16	7	48	3251	419	368	58	4259	4313	415	0	0	0	0	4	-72	-5	4	0
10	1	0	0	9	9	up	0	512	454.635594743515	699.746867869408	465.225298981999	525.242663258456	622.486704365713	1533.92914779406	602.465620833977	911.230795263615	512	512	31.1677239664259	51.4469680122214	-593.864271821816	688.820306998644	281	78	2	5	146	238	208	20	6	40	3631	504	427	46	4104	4142	390	0	0	0	0	2	-101	-5	4	0
10	1	0	0	9	9	up	1	512	494.31952009571	920.1779182852	496.392688833654	624.472135410054	593.734968271346	1350.00808976241	597.134379656688	910.866047603046	512	512	36.7463333530352	53.0187268122818	-593.940614020826	688.997563108559	254	81	4	9	164	224	213	16	4	55	3744	441	388	35	4092	4170	432	0	0	0	0	4	-84	-5	4	0
10	1	0	0	9	9	up	2	512	466.938513773823	788.237773429605	464.049264449252	522.645251821082	619.492802329779	1534.26839718433	595.845979067211	888.208439433306	512	512	42.0596252902914	49.7469042652983	-593.759731860122	688.577862086379	288	72	3	7	142	229	211	20	3	49	3661	488	418	41	4180	4283	419	0	0	0	0	1	-85	-5	5	0
10	1	0	0	9	9	up	3	512	476.066231191336	818.180579064732	477.583557254044	567.113342293813	559.233415461338	1138.25774993452	565.775099804631	774.436427209184	512	512	41.9166054058775	52.6546030658357	-593.805933322838	688.684865448408	256	86	2	7	161	252	199	12	1	48	3670	491	397	50	4118	4234	425	0	0	0	0	1	-118	-6	5	0
10	1	0	0	10	10	up	0	512	489.942579083201	902.191213919488	483.6727614761	592.662697791967	541.911242849467	1115.0324733553	538.482483557349	711.681728300737	512	512	34.1601738241043	50.6461189583478	-593.719023160509	688.4833311212	278	69	4	9	152	238	191	12	2	69	4168	475	431	46	4339	4189	451	0	0	0	0	0	-80	-5	4	0
10	1	0	0	10	10	up	1	512	464.971995938209	834.90341315297	454.155559036257	516.03151507075	573.52317887415	1271.1340236863	563.162192643289	794.527027936369	512	512	52.019904735009	57.8964130812191	-593.848964011677	688.784941510618	258	97	1	8	148	247	196	15	2	52	4203	457	410	50	3995	4157	416	0	0	0	0	1	-49	-7	5	0
10	1	0	0	10	10	up	2	512	428.436001274452	621.498084983211	437.840211254091	461.807712168589	528.724804997901	1016.17881209785	542.810416897295	740.673463940998	512	512	35.3519279491057	48.2921897818622	-593.697677270446	688.433862967317	278	95	2	4	133	251	187	10	1	63	4101	509	455	55	4266	4004	388	0	0	0	0	1	-79	-6	6	0
10	1	0	0	10	10	up	3	512	445.835188212577	722.516710439931	449.985544659774	501.651413692923	507.333748678533	767.310969656832	534.766538524294	672.50900989585	512	512	32.82443209259	50.7464371930418	-593.808581167088	688.690795244654	276	91	3	6	136	245	201	4	4	58	4179	467	433	41	4144	3998	387	0	0	0	0	0	-36	-5	4	0
10	1	0	0	11	11	up	0	512	490.221219533205	907.537115258586	490.739667074852	615.054016753409	550.49076967509	1052.58990253547	562.9342618206	768.764353921673	512	512	46.3521760582702	50.8041437850364	-593.652796297139	688.329768021675	266	76	5	9	156	248	202	10	4	48	4538	533	511	50	4067	4198	429	0	0	0	0	0	-30	-4	5	0
10	1	0	0	11	11	up	1	512	485.710576415079	899.098976316852	477.780206908183	571.334624823576	557.658913634456	1237.91805157208	551.232924089816	750.01488513848	512	512	27.2989188502726	51.5146456839869	-593.838095889676	688.759806611855	268	78	5	9	152	262	179	15	2	54	4596	555	427	54	4214	3971	393	0	0	0	0	0	-120	-5	4	0
10	1	0	0	11	11	up	2	512	467.581899308203	758.027135269501	478.1514662623	564.094382600095	570.913275504156	1162.67992833075	576.503035750304	809.283271850289	512	512	29.9027023009434	48.1007190939106	-593.88333428072	688.8640644451	278	74	3	6	151	239	211	12	3	47	4502	613	464	53	4037	3995	358	0	0	0	0	1	-167	-6	4	0
10	1	0	0	11	11	up	3	512	469.424878311645	803.504300354926	471.711778863738	552.461325599527	578.840326487281	1175.05953012279	595.26188389588	877.37699893235	512	512	36.7905219553013	52.6265196059146	-593.748577719697	688.551516050827	263	86	3	7	153	241	216	12	3	40	4534	599	448	51	4049	4041	397	0	0	0	0	1	-195	-6	5	0
10	1	0	0	12	12	up	0	512	484.137147553522	792.412952433257	488.586781630919	577.834441717609	518.225284842583	918.242221834441	533.020849357574	685.353645111514	512	512	47.5380148047142	53.3816966171197	-593.824451116735	688.728208267405	265	71	1	6	169	268	181	8	4	51	5000	591	505	48	3985	4035	363	0	0	0	0	0	-97	-6	6	0
10	1	0	0	12	12	up	1	512	511.478573746957	1017.70518920956	503.411839373843	637.8140457633	545.327650714466	1118.97393620561	543.682179073852	735.765108825547	512	512	54.8396543929172	62.2419286732695	-593.828786811268	688.737866059939	262	72	2	11	165	242	192	12	2	64	4949	642	500	53	3908	4019	360	0	0	0	0	0	-169	-6	5	0
10	1	0	0	12	12	up	2	512	502.02569137352	1004.1043020076	490.548536080456	606.775562866677	524.971995938209	1041.16505922803	527.679906201656	713.202039010609	512	512	39.5780610604988	53.0107349181591	-593.728208630564	688.504705942946	257	82	2	11	160	258	175	11	4	64	4949	577	539	79	4116	4039	430	0	0	0	0	1	-74	-8	6	0
10	1	0	0	12	12	up	3	512	487.6690769079	727.727369258461	499.63867205158	600.424041488267	517.08345211821	919.447101858368	530.684708516035	688.606948636524	512	512	45.0284628301669	50.7588403818481	-593.751825064633	688.559545470943	259	63	5	4	181	262	183	8	3	56	4963	579	541	61	3994	4014	396	0	0	0	0	1	-43	-7	6	0
10	1	0	0	13	13	up	0	512	484.712609069768	899.212059446942	487.3572008499	611.447391192265	502.188810334145	892.746876132778	515.8927281883	648.270453186798	512	512	52.6810079816382	57.4622423817474	-593.851062288283	688.789579923558	265	81	4	9	153	267	171	8	2	64	5362	655	584	55	3868	3969	433	0	0	0	0	0	-94	-6	5	0
10	1	0	0	13	13	up	1	512	471.180679715389	910.979681946732	464.89572025672	552.293735281475	512.649823326337	840.553977880113	537.18220359943	704.753292457994	512	512	59.837024430567	59.0644291924803	-593.732893645906	688.515656190108	271	92	1	10	138	260	189	6	5	52	5394	635	570	57	3852	4028	364	0	0	0	0	1	-87	-8	5	0
10	1	0	0	13	13	up	2	512	447.802779013517	580.671039784445	474.055068598773	537.880064596009	526.757214196961	1046.83158036899	522.197071669444	674.535278754551	512	512	42.0577813581232	51.4140041552139	-593.825970224181	688.731276137315	281	71	3	2	155	254	179	11	2	66	5354	651	602	49	3947	3920	358	0	0	0	0	0	-63	-6	6	0
10	1	0	0	13	13	up	3	512	499.291176206028	860.587237624257	507.869184669529	651.91461049517	503.186777679456	892.633793002689	514.446908255728	655.738572521082	512	512	54.8071570967387	57.2079876848722	-593.704063021107	688.448941158554	245	75	5	7	180	270	170	8	3	61	5321	658	612	65	3987	4074	412	0	0	0	0	1	-78	-7	8	0
10	1	0	0	14	14	up	0	512	506.142172552263	1075.79697784002	490.034563922426	615.613198507262	527.092542426329	1001.89099893628	532.444669340026	699.825281005402	512	512	50.0762010284577	55.9806516861228	-593.646734760233	688.315567987409	273	77	1	13	148	276	176	10	2	48	5757	749	592	70	4011	4013	409	0	0	0	0	0	-184	-7	5	0
10	1	0	0	14	14	up	1	512	479.482639056335	710.929139530688	492.869330517873	580.519031042721	514.894981611955	947.535789000506	521.024588287558	661.140410922572	512	512	66.5055936441958	57.277792513479	-593.777226641234	688.618154360022	268	64	3	4	173	274	174	9	0	55	5760	763	576	69	3871	4130	395	0	0	0	0	0	-198	-6	6	0
10	1	0	0	14	14	up	2	512	490.308397132903	882.6209380772	488.561701540577	593.02424523658	549.454295166653	1087.90387038851	559.554414336688	788.39843367466	512	512	56.2090974323212	57.0107800501426	-593.714941339033	688.473802741771	243	87	4	8	170	243	197	11	6	55	5740	707	637	84	3930	4051	398	0	0	0	0	0	-132	-6	6	0
10	1	0	0	14	14	up	3	512	515.585964617581	1022.78988931408	502.195925063901	629.469214509824	548.033821992276	1083.76284907334	550.190848599172	743.015465474227	512	512	41.3966329841936	52.833477639188	-593.797718552464	688.665974617783	264	67	4	11	166	249	195	11	4	53	5837	678	572	81	4019	3833	393	0	0	0	0	1	-135	-9	5	0
10	1	0	0	15	15	up	0	512	461.564678381328	712.239552791539	468.442408335572	528.263865432831	575.788663706658	1209.67239083264	564.200817529815	801.515671410331	512	512	67.4197774373606	63.8712223043372	-593.807868254014	688.689483466095	280	74	1	5	152	231	212	13	4	52	6137	768	695	80	3947	3989	385	0	0	0	0	1	-81	-8	9	0
10	1	0	0	15	15	up	1	512	489.165491443204	830.757515119219	505.150132739799	651.271475601967	527.064198536647	1045.57525998468	520.965941165137	681.167701436463	512	512	53.0175234028028	53.5718580454102	-593.818386433013	688.713790726254	274	64	5	7	162	259	178	11	1	63	6267	743	604	66	3872	3925	392	0	0	0	0	1	-157	-8	5	0
10	1	0	0	15	15	up	2	512	493.118853661322	939.696753767108	490.561802872169	603.973546240689	543.139180208211	1147.00940775712	540.297956112651	745.007042013471	512	512	68.6357239510848	58.6518592977584	-593.76175946372	688.582400525128	288	65	2	10	147	246	181	13	7	65	6228	712	654	86	3895	3924	354	0	0	0	0	0	-52	-5	7	0
10	1	0	0	15	15	up	3	512	480.758173886324	959.616930381162	468.98981860949	558.775015754978	551.536334491647	1157.99477346969	543.748172474856	738.792049630301	512	512	65.2331711715322	59.7519871425674	-593.673486403647	688.377867078822	276	85	3	11	137	259	186	13	1	53	6201	733	649	97	3884	3842	382	0	0	0	0	1	-87	-8	6	0
10	1	0	0	16	16	up	0	512	515.806844322895	1025.40718603371	504.069500700595	629.397081302763	553.907177540089	1167.72426777013	546.369078570548	750.112823852449	512	512	59.6680359162125	58.5683438836008	-593.748137676793	688.550766063615	263	69	0	11	169	244	192	13	3	60	6698	748	670	76	3909	3922	413	0	0	0	0	0	-121	-6	6	0
10	1	0	0	16	16	up	1	512	487.092542426329	864.356627090926	489.024803376757	596.968093164304	499.655921290404	825.05730592037	515.561842040148	642.963431081792	512	512	57.7727887471836	59.8489138874426	-593.736586651423	688.524302640685	272	71	4	8	157	251	186	6	0	69	6534	874	691	93	3905	3868	429	0	0	0	0	0	-218	-7	5	0
10	1	0	0	16	16	up	2	512	499.84738414071	855.319384440855	508.393846994593	631.773368099387	540.931456120393	1137.08878217089	538.942577200864	725.300033778029	512	512	55.3406315399175	56.2137671084517	-593.746919837897	688.548012777067	262	65	2	7	176	259	174	13	8	58	6721	790	615	66	3846	3844	396	0	0	0	0	0	-232	-7	5	0
10	1	0	0	16	16	up	3	512	497.764271850391	954.572590941778	492.388702560943	615.635031710154	537.381346149778	1031.52959015553	542.524972880846	728.511567083412	512	512	68.0510768972723	65.2293362517647	-593.583879087927	688.169809765873	271	72	3	10	156	245	193	10	5	59	6646	756	714	76	3931	3990	384	0	0	0	0	0	-41	-6	5	0
10	1	0	0	17	17	up	0	512	459.338773677273	643.240446604191	480.164205108694	566.929989672381	559.069223535388	1307.71316741647	549.291794675177	790.3199990029	512	512	67.673516398877	64.1858189886485	-593.68813577784	688.411670860069	261	78	6	3	164	267	166	17	6	56	7046	838	742	78	3776	3779	372	0	0	0	0	0	-123	-6	9	0
10	1	0	0	17	17	up	1	512	485.336741022584	830.992108558477	507.132866320047	652.932713936266	510.403592075393	977.027139401186	518.745574473291	691.481490623574	512	512	73.466680839035	57.1291090996921	-593.869649379629	688.832645973464	256	77	8	7	164	263	165	10	8	66	7042	832	759	71	3773	3812	353	0	0	0	0	0	-91	-8	6	0
10	1	0	0	17	17	up	2	512	523.004405137268	1034.76239596948	519.193754859888	677.783562791469	495.240473114768	916.408957132275	505.905533605438	643.132677672117	512	512	49.5731383331217	52.0639087511672	-593.728469447358	688.505066139385	265	61	4	11	171	269	161	9	1	72	6992	900	733	79	3878	3765	380	0	0	0	0	0	-189	-6	6	0
10	1	0	0	17	17	up	3	512	479.193835332886	845.374803575478	478.657922586689	563.481726355449	548.091582736966	1086.54466928344	542.528683326876	728.609080617605	512	512	62.4507840530737	57.7468758416953	-593.955494554406	689.031969463004	287	68	2	8	147	246	198	11	1	56	7069	827	736	72	3761	3906	352	0	0	0	0	0	-98	-8	6	0
10	1	0	0	18	18	up	0	512	510.931456120393	978.388115736506	503.037488254276	621.318914027758	486.55558807321	759.38545908866	513.269468192367	638.862548621618	512	512	69.1520589622879	61.5606902833106	-593.740879181353	688.534481216134	267	65	3	10	167	266	174	5	3	64	7488	863	798	67	3745	3790	388	0	0	0	0	0	-81	-6	5	0
10	1	0	0	18	18	up	1	512	488.493762019142	830.541551268367	496.512984980435	612.577978260293	527.102705699774	1010.34776746642	532.29974385576	695.402191814732	512	512	67.7078137573525	55.3553059243886	-593.697177618772	688.432574040753	275	65	2	7	163	257	183	10	2	60	7439	873	819	85	3764	3762	384	0	0	0	0	0	-62	-6	7	0
10	1	0	0	18	18	up	2	512	503.916267848208	969.742440122997	498.454671583386	617.215025049775	547.525211528839	1157.49322479137	535.701827288177	719.065582600222	512	512	74.6898648878339	58.6467816443181	-593.68450978708	688.403211362287	258	75	5	10	164	244	188	13	2	65	7494	854	774	94	3732	3814	352	0	0	0	0	0	-94	-7	8	0
10	1	0	0	18	18	up	3	512	512.639660052892	1017.40097479368	504.936162825954	651.078519087123	518.58093961884	964.326040521369	527.282047075951	708.271127579227	512	512	62.7931524884003	55.1273098496812	-593.594215965527	688.19432585637	263	69	6	11	163	244	184	9	6	69	7361	955	801	99	3903	3712	368	0	0	0	0	0	-170	-7	6	0
10	1	0	0	19	19	up	0	512	513.744058579465	845.077261766856	535.55612178159	699.612179361876	515.596127891025	920.053755459871	527.436667685612	703.725096658606	512	512	53.2040681479465	55.5462621952388	-593.689640678775	688.41524366414	258	54	1	6	193	253	184	8	5	62	7913	951	764	100	3889	3577	444	0	0	0	0	0	-245	-7	6	0
10	1	0	0	19	19	up	1	512	522.927390811015	1068.13534168101	523.657776380332	693.689253312082	532.639660052892	1160.29232767337	531.50467739589	751.318987055858	512	512	60.0263755034226	58.143722810099	-593.906568453613	688.91853698456	269	62	5	12	164	259	165	14	5	69	7843	1022	780	83	3757	3627	345	0	0	0	0	0	-256	-9	6	0
10	1	0	0	19	19	up	2	512	504.31952009571	936.013839635213	517.964180873735	675.91945295611	504.933488775082	822.308296482245	524.25082820603	670.413107999088	512	512	63.8552599525661	53.2117297953328	-593.750636527028	688.556669334605	254	73	6	9	170	272	179	6	5	50	7830	1033	786	79	3653	3526	382	0	0	0	0	0	-299	-8	5	0
10	1	0	0	19	19	up	3	512	535.596127891025	1062.94510833956	535.038376889667	708.95726427803	518.532269182269	1028.15219603917	515.425625928637	672.273306033934	512	512	78.7547634690429	59.1908782184912	-593.884435798172	688.866749733997	249	62	4	11	186	261	168	11	6	66	7840	956	853	79	3631	3814	346	0	0	0	0	0	-117	-7	7	0
10	1	0	0	20	20	up	0	512	453.272882313828	698.334451173707	461.039043492826	516.537881776829	489.722772343212	804.420494063053	494.650367436354	593.681963374703	512	512	61.7034913153882	53.1376680569894	-593.698328078046	688.435430009787	276	81	5	5	145	258	175	6	2	71	8254	980	903	103	3798	3698	368	0	0	0	0	0	-135	-9	6	0
10	1	0	0	20	20	up	1	512	436.075321499454	561.95041750357	455.167999504357	488.974949803485	481.084411807573	848.068373220554	491.18025167095	611.219081924414	512	512	73.8291316733794	63.1304409140526	-593.751221687102	688.558260753871	282	80	0	2	148	284	147	8	6	67	8414	882	857	87	3677	3694	372	0	0	0	0	0	-37	-6	6	0
10	1	0	0	20	20	up	2	512	468.714641724457	764.351750372347	476.534799935787	580.654076035249	516.468410473512	1165.41471526845	495.892740390961	651.680434113482	512	512	68.8054890252264	58.8607068267384	-593.764151871107	688.588280655782	266	80	5	6	155	269	146	15	3	79	8252	971	910	107	3768	3532	363	0	0	0	0	0	-59	-7	6	0
10	1	0	0	20	20	up	3	512	469.961832664764	760.227134443164	474.740324649725	548.831600244625	468.667044253211	807.108738017381	479.60093192147	585.785588446054	512	512	69.5218588925286	49.3772467262666	-593.855503032624	688.799935401684	281	70	4	6	151	250	156	7	5	94	8294	1004	853	89	3595	3502	362	0	0	0	0	0	-144	-7	7	0
10	1	0	0	21	21	up	0	512	512.285078241961	913.192556704309	510.499403894562	643.508515914344	556.6133488179	1095.45774910818	560.340062196857	768.428657043747	512	512	75.9675111073131	57.6653023495499	-593.792349985713	688.653535939458	258	62	3	8	181	255	199	11	4	43	8604	1062	980	106	3513	3486	357	0	0	0	0	0	-163	-8	7	0
10	1	0	0	21	21	up	1	512	516.843318831333	953.011178855682	514.174277814186	647.137894674354	594.684265180086	1450.80320147511	557.639895562715	780.802370671764	512	512	78.9683401473821	56.9703598948778	-593.618144689509	688.249888985563	268	57	1	9	177	244	193	19	2	54	8662	1043	959	88	3648	3683	378	0	0	0	0	0	-119	-8	7	0
10	1	0	0	21	21	up	2	512	513.062165881958	1095.81915788893	495.250693389732	626.525840611698	574.75218919822	1282.06839801066	572.030346724669	840.50116243445	512	512	78.8954721686195	66.7551026019485	-593.631898492803	688.281584793353	254	84	1	13	160	226	204	15	3	64	8695	1047	913	97	3564	3577	352	0	0	0	0	0	-152	-7	7	0
10	1	0	0	21	21	up	3	512	479.051042919151	714.204530212201	495.927856896982	596.502767999076	581.536334491647	1353.75087143376	575.239989297956	847.459292011626	512	512	90.2558918866226	73.9321051931801	-593.78451347676	688.635096340544	259	70	3	4	176	247	189	17	7	52	8696	1052	907	97	3671	3740	378	0	0	0	0	0	-172	-8	8	0
10	1	0	0	22	22	up	0	512	494.789623396021	918.757074410421	500.875276648602	628.850484112194	524.875728030392	1036.55530000651	528.756959919303	709.623958451446	512	512	96.6411997689301	69.8652931197341	-593.798000165473	688.666705095266	261	77	2	9	163	267	171	11	5	58	9165	1036	962	101	3497	3612	376	0	0	0	0	0	-43	-11	6	0
10	1	0	0	22	22	up	1	512	469.156401135085	732.477696691296	486.330801343264	582.270357301661	513.254701697591	993.819166152298	528.516391374307	718.125219246455	512	512	81.9802299687629	60.7698429322234	-593.781909974054	688.629282444914	260	80	4	5	163	240	178	10	4	80	9211	1041	913	99	3540	3549	360	0	0	0	0	0	-175	-7	6	0
10	1	0	0	22	22	up	2	512	490.010503101335	876.347763334735	497.011020228887	622.776123746439	611.363052257577	1689.54288165813	571.821958727439	872.240839762262	512	512	98.1458397601981	65.5342637749469	-593.81177916204	688.698475414911	256	79	4	8	165	252	173	25	2	60	9208	998	954	104	3587	3584	346	0	0	0	0	0	-89	-8	9	0
10	1	0	0	22	22	up	3	512	517.678167216019	1027.20009007073	511.319097663234	644.870203124981	512.467450784149	950.984130351568	517.019961285331	667.621057704422	512	512	83.8464937807326	61.6592288439554	-593.822897822457	688.724318456593	265	66	1	11	169	251	177	9	6	69	9110	1122	941	91	3484	3556	350	0	0	0	0	0	-257	-9	6	0
10	1	0	0	23	23	up	0	512	482.111796007892	857.339332023971	494.432519880288	631.325934481243	520.384338493829	1029.04443446814	518.751764290733	669.797747766589	512	512	76.981403650124	63.4882187074228	-593.806070943599	688.685176485197	267	77	6	8	154	268	168	11	4	61	9540	1172	961	103	3593	3449	342	0	0	0	0	0	-268	-8	7	0
10	1	0	0	23	23	up	1	512	498.897014266644	960.92381383994	497.818468683151	624.239494083553	504.770369814457	933.692330152382	504.085749287502	623.214396345609	512	512	76.9648430316391	62.1422725413847	-593.709754324395	688.462015005166	263	77	1	10	161	266	169	9	1	67	9459	1194	1018	105	3541	3497	372	0	0	0	0	0	-191	-7	6	0
10	1	0	0	23	23	up	2	512	544.971995938209	1221.1118436374	532.452478066654	748.55598220881	529.424878311645	1120.98545660965	518.160819524878	678.638118664823	512	512	98.2649884735468	64.1618159335297	-593.67947511611	688.391778963802	250	70	4	15	173	259	170	13	1	69	9521	1146	1014	95	3512	3563	383	0	0	0	0	0	-131	-6	6	0
10	1	0	0	23	23	up	3	512	482.285078241961	754.43867467929	499.397827387942	604.498539557424	523.810909632273	967.33180278923	532.641074613586	706.413431415282	512	512	85.8935834481559	65.278353542288	-593.723930905578	688.494827938285	258	71	6	5	172	261	184	9	2	56	9503	1192	967	114	3440	3466	362	0	0	0	0	0	-308	-7	7	0
10	1	0	0	24	24	up	0	512	497.630569744774	964.121156365756	499.278718920924	633.325377986405	483.858507103518	824.095874828522	492.462893524716	600.930225425843	512	512	101.307559549143	72.9892946311786	-593.776104826489	688.615869726652	249	86	3	10	164	269	160	7	5	71	9919	1183	1064	122	3495	3529	341	0	0	0	0	0	-131	-7	6	0
10	1	0	0	24	24	up	1	512	485.922365812275	835.108297308582	488.319380637757	577.32931224217	525.106771009151	973.491894401606	531.42249756364	698.627717972744	512	512	81.0693131719948	63.9456525514742	-593.851234218771	688.789822747698	253	80	4	7	168	251	188	9	3	61	9939	1199	1037	113	3551	3417	327	0	0	0	0	0	-185	-8	7	0
10	1	0	0	24	24	up	2	512	505.269889969776	904.5468810908	514.392670925614	667.671950756984	533.321552750399	1057.82537326064	529.763305694204	698.648106341334	512	512	98.6284681369563	79.1624990011761	-593.767195304285	688.595278579687	249	72	5	8	178	255	184	11	1	61	9923	1175	1050	140	3417	3499	335	0	0	0	0	0	-125	-6	8	0
10	1	0	0	24	24	up	3	512	502.544465110402	938.830694819707	506.938151256888	662.866691296692	528.158433789774	1087.10075981047	521.080687890311	689.306863863508	512	512	97.7772266045737	69.2469097987246	-593.740786215329	688.533794037555	243	82	4	9	174	245	176	12	6	73	9908	1238	1031	111	3486	3570	375	0	0	0	0	0	-236	-8	7	0
10	1	0	0	25	25	up	0	512	534.760206541013	1121.01826738162	517.723301487589	666.549377765416	512.87979333977	983.863505591682	516.31065936958	678.062829574983	512	512	92.5395638464917	73.1015738956461	-593.765104055511	688.590476421958	277	53	3	13	166	261	170	10	4	67	10301	1277	1134	88	3523	3480	342	0	0	0	0	0	-161	-8	7	0
10	1	0	0	25	25	up	1	512	491.6133488179	844.196103033123	501.304521278824	622.576815627846	535.64372536227	1168.43645460856	524.994966519127	705.490442143778	512	512	98.2134109746393	72.7958797535388	-593.704428168453	688.449436279709	255	75	3	7	172	253	170	14	4	71	10401	1181	1114	104	3503	3505	359	0	0	0	0	0	-128	-9	7	0
10	1	0	0	25	25	up	2	512	506.641692707581	972.540665719085	501.314667783437	625.605695100583	506.718707033834	939.167720007558	516.444097340022	672.444296195303	512	512	84.0808883597025	62.2066964811016	-593.833355122867	688.748472773536	264	70	3	10	165	260	172	9	2	69	10443	1270	989	98	3403	3407	348	0	0	0	0	0	-335	-8	8	0
10	1	0	0	25	25	up	3	512	504.540399801024	901.575704825164	507.390971198622	634.631836780099	516.545424799765	1057.87769090694	526.602946764098	724.508276654399	512	512	93.9640425435117	65.4325009592545	-593.728899104028	688.506271752608	257	69	1	8	177	265	159	12	8	68	10360	1258	1079	103	3560	3439	367	0	0	0	0	0	-191	-8	6	0
10	1	0	0	26	26	up	0	512	512.04601792041	888.605426503864	515.598698957279	648.620964746283	522.629496779448	1135.99963779322	512.108532672268	685.322548950457	512	512	104.008532165216	70.7193542076709	-593.777864853222	688.619885443003	231	75	4	7	195	278	152	14	3	65	10685	1338	1149	140	3365	3436	323	0	0	0	0	0	-228	-7	8	0
10	1	0	0	26	26	up	1	512	503.570776345395	969.170821495888	504.863709042727	645.02724392547	511.401559420704	1051.07813492108	504.889393675367	653.295906598803	512	512	88.9380050399051	60.1032514626051	-593.731978447003	688.513417136164	259	75	4	10	164	266	158	12	3	73	10758	1360	1081	113	3425	3373	364	0	0	0	0	0	-317	-8	7	0
10	1	0	0	26	26	up	2	512	533.446164547897	1166.99920534779	521.607230278556	695.770305531346	508.195867987575	967.159729405593	511.86213837663	654.885495995136	512	512	100.889994713122	68.1290330356048	-593.7359760149	688.522758766479	251	75	1	14	171	284	160	10	1	57	10831	1320	1059	102	3359	3416	334	0	0	0	0	0	-317	-8	6	0
10	1	0	0	26	26	up	3	512	514.674101906641	1019.05596313555	504.589790621773	628.004558051524	496.517080910083	847.504304486611	509.476492789841	635.901393364636	512	512	100.968458110214	71.2889960686264	-593.759753153185	688.578027525225	271	64	2	11	164	264	171	7	5	65	10745	1250	1197	120	3373	3309	355	0	0	0	0	0	-87	-8	6	0
10	1	0	0	27	27	up	0	512	513.004405137268	981.844435294478	509.561908018861	649.269681614171	514.731862651331	984.755744020655	509.194668631165	634.18283383579	512	512	104.182857244637	65.9714499895787	-593.765285882029	688.590609334676	265	64	5	10	168	268	170	10	2	62	11288	1248	1147	141	3426	3236	307	0	0	0	0	0	-163	-7	6	0
10	1	0	0	27	27	up	1	512	503.129016934766	1001.07148297225	493.356328078233	605.171065349896	518.206031261019	954.396987756068	517.868994330064	663.885228296953	512	512	106.591852149675	72.4087250100204	-593.883513740062	688.864726115865	269	74	1	11	157	269	177	9	2	55	11331	1267	1122	104	3411	3332	307	0	0	0	0	0	-160	-6	6	0
10	1	0	0	27	27	up	2	512	499.751116232894	813.654193689659	512.078163661289	628.086703305066	510.883858649148	947.034240322183	511.16259253135	650.232194406108	512	512	113.844967509405	81.5425607583001	-593.774611102242	688.612384938684	275	53	2	6	176	259	176	9	1	67	11124	1385	1174	141	3219	3441	306	0	0	0	0	0	-239	-10	7	0
10	1	0	0	27	27	up	3	512	532.918300502897	1165.66483680778	518.204371186746	691.091969298502	485.778500433213	762.089231143063	505.583019661895	631.590728268198	512	512	90.9652777455573	65.519034579279	-593.814756016902	688.705617784951	251	75	2	14	170	258	177	5	2	70	11200	1365	1129	130	3383	3276	356	0	0	0	0	0	-322	-9	7	0
10	1	0	0	28	28	up	0	512	522.313422131643	1107.73002177462	512.307479786271	671.322186914071	503.964938284779	831.805421545842	507.856688738703	618.974078835181	512	512	100.00406284453	73.0422458888316	-593.695296959758	688.428244850817	259	73	4	13	163	249	188	6	3	66	11625	1355	1207	149	3323	3300	346	0	0	0	0	0	-260	-9	8	0
10	1	0	0	28	28	up	1	512	514.271922624465	883.46706183654	511.241688537491	623.434197089838	548.225284842583	1114.05153538914	540.19550426738	726.599808753331	512	512	109.812600698564	73.2803775820429	-593.619217603244	688.251952144481	254	60	1	7	190	264	186	12	2	48	11582	1399	1238	117	3252	3398	315	0	0	0	0	0	-200	-8	8	0
10	1	0	0	28	28	up	2	512	490.557620727899	841.553973748428	502.793470941572	625.519022343433	527.620406471329	1114.39166206532	515.651511596249	671.026531009575	512	512	91.873765212682	67.7736813582699	-593.690278033283	688.416801979683	259	74	1	7	171	264	165	13	4	66	11685	1404	1127	120	3389	3185	343	0	0	0	0	0	-319	-7	7	0
10	1	0	0	28	28	up	3	512	519.117893971959	1069.32381631895	508.714253181373	660.720628365067	541.795721360087	1035.35796987575	544.530013436884	740.112600459904	512	512	103.161756314386	69.2041509534945	-593.829605933987	688.739847380835	254	75	3	12	168	252	193	10	6	51	11604	1384	1218	130	3256	3255	346	0	0	0	0	0	-199	-8	7	0
10	1	0	0	29	29	up	0	512	511.709616725716	917.55974427966	527.418854406763	692.710121676204	515.433008930401	883.162847420664	531.40268530186	689.369400872003	512	512	119.115094346905	75.0679233918402	-593.770877949408	688.603538127084	246	70	3	8	185	255	188	7	5	57	12005	1483	1241	119	3279	3305	327	0	0	0	0	0	-250	-10	7	0
10	1	0	0	29	29	up	1	512	542.515048255394	1066.95441693624	549.771894363314	753.837625243027	480.691322833515	779.087447649444	495.701820842974	594.96027776021	512	512	105.747943733523	71.4864563926697	-593.915236750007	688.938560544982	263	47	7	11	184	281	160	6	2	63	12102	1406	1201	139	3237	3131	310	0	0	0	0	0	-212	-10	7	0
10	1	0	0	29	29	up	2	512	517.237480770716	963.894112819665	523.174413372952	674.690722797292	521.152335825707	996.814726010832	516.969577008332	657.728725867889	512	512	108.936532183557	74.1322990853269	-593.822767456137	688.724031588441	246	71	0	9	186	262	175	10	5	60	11898	1457	1338	155	3306	3262	324	0	0	0	0	0	-128	-10	8	0
10	1	0	0	29	29	up	3	512	591.488737020401	1338.23291736945	575.152637728349	833.52217842713	480.106771009151	790.984130351568	491.785981942345	592.713644034252	512	512	110.713040854066	74.1920698246905	-593.755336682159	688.567553861423	239	46	7	16	204	251	170	6	3	82	11959	1513	1219	157	3214	3296	293	0	0	0	0	0	-328	-8	6	0
10	1	0	0	30	30	up	0	512	470.826097904458	732.607185207373	468.767714308343	526.806858305234	491.929423465704	872.465719051719	487.130992534924	583.406377162348	512	512	111.636554314626	73.5608583748065	-593.765009113333	688.590195754983	266	75	4	5	162	274	161	8	2	67	12514	1429	1287	130	3269	3285	321	0	0	0	0	0	-195	-9	9	0
10	1	0	0	30	30	up	1	512	463.637627398204	826.888774733861	462.274610747768	546.354785958611	495.029756682898	922.248428942786	488.825563399946	592.99900851038	512	512	114.609833714974	72.2601870464949	-593.7334138281	688.516810085249	270	90	2	8	142	251	165	9	5	82	12388	1521	1307	144	3213	3170	304	0	0	0	0	0	-230	-9	9	0
10	1	0	0	30	30	up	2	512	461.199933296953	747.796092290741	467.341318974201	537.68141190335	477.99531482915	711.562400927506	483.520383982634	563.886954156725	512	512	98.5219333244938	68.6170913323416	-593.74482953285	688.54304138541	278	79	2	6	147	263	175	4	1	69	12458	1468	1288	146	3296	3110	300	0	0	0	0	0	-229	-8	8	0
10	1	0	0	30	30	up	3	512	446.401559420704	651.568154931997	458.641780933102	513.060745180465	507.19897360759	946.177036867603	497.939727142427	619.721379908237	512	512	112.457693406283	69.5522057210713	-593.850172496715	688.787310329517	278	82	2	4	146	244	177	9	4	78	12513	1473	1257	117	3217	3173	309	0	0	0	0	0	-238	-8	6	0
10	1	0	0	31	31	up	0	512	515.91220253883	1059.51627386282	510.754565139448	653.998040203209	533.119926626648	1019.05331061939	551.842557915227	765.270254041642	512	512	92.1391052256853	68.8557369272478	-593.79412055196	688.657503080124	264	71	3	12	162	255	185	10	7	55	12905	1568	1256	143	3375	2937	298	0	0	0	0	0	-365	-11	8	0
10	1	0	0	31	31	up	1	512	475.624471780707	738.861730361432	498.887181265249	614.949985323852	554.982159211653	1171.29367045819	550.324140472295	766.58084426112	512	512	108.868432609481	73.6407060897967	-593.81876459492	688.71490403592	270	69	4	5	164	239	194	13	4	62	12897	1562	1288	125	3211	3055	320	0	0	0	0	0	-285	-9	8	0
10	1	0	0	31	31	up	2	512	513.94461173789	1016.0581790746	501.868459780201	631.555136725928	580.557620727899	1280.68036490786	569.918168128519	796.874430325101	512	512	117.782271761353	74.6470402083762	-593.625710202823	688.266860640716	275	62	2	11	162	251	199	15	3	44	12815	1550	1352	155	3234	3304	324	0	0	0	0	0	-262	-8	8	0
10	1	0	0	31	31	up	3	512	498.742985614138	953.532234408322	490.388080804597	601.435323765515	574.751116232894	1340.19299741311	565.782239387523	814.278477838778	512	512	136.330181721954	83.4096108900317	-593.719439888842	688.484276832319	275	68	5	10	154	255	183	17	4	53	12833	1531	1364	144	3067	3237	322	0	0	0	0	0	-219	-9	8	0
10	1	0	0	32	32	up	0	512	502.50488498195	995.127355210731	491.640305297692	603.076177876224	515.980126556964	885.424489364035	530.689055214659	693.780168397538	512	512	122.890635709034	78.5231795098206	-593.722785128626	688.492078141489	278	68	3	11	152	254	190	7	3	58	13222	1648	1389	125	3132	3114	291	0	0	0	0	0	-289	-9	9	0
10	1	0	0	32	32	up	1	512	518.963865319453	1024.90341315297	510.190609336061	651.812546284996	501.152335825707	853.949980926457	515.679620726817	657.649330513628	512	512	130.901239030803	80.6264053547303	-593.717322148668	688.479342802053	274	59	2	11	166	270	174	7	2	59	13335	1566	1323	160	3164	3103	302	0	0	0	0	0	-248	-9	9	0
10	1	0	0	32	32	up	2	512	455.538367146335	673.981465440351	473.997827790551	541.616415437242	554.128057245404	1133.25952516477	545.608170913329	737.717313513544	512	512	127.301080724794	87.1342786757344	-593.746301383079	688.546590204687	264	85	0	4	159	243	198	12	2	57	13293	1515	1426	150	3026	2992	321	0	0	0	0	0	-158	-8	7	0
10	1	0	0	32	32	up	3	512	507.553555418521	939.219160367939	513.580107808368	663.904143005409	474.309356822265	805.911836200363	490.208474919999	618.785084509752	512	512	114.946022591926	74.7956771781943	-593.641507753607	688.303580609124	261	67	4	9	171	277	152	7	2	74	13156	1699	1375	154	3227	3103	324	0	0	0	0	0	-349	-10	6	0
10	1	0	0	33	33	up	0	512	478.446164547897	746.269715179038	497.300287372534	603.186015595988	512.649823326337	914.691448734785	519.1767440809	668.065390865694	512	512	119.030423501233	77.7523580469375	-593.787586679771	688.642404455912	267	70	1	5	169	256	182	8	3	63	13769	1584	1400	143	3139	3071	311	0	0	0	0	0	-255	-8	6	0
10	1	0	0	33	33	up	1	512	496.075321499454	990.597868347328	491.060569914359	616.780292532949	549.20399860633	1224.20408124003	529.588266840737	709.919364727486	512	512	129.59783258079	81.6089642894428	-593.811084829192	688.69679021401	266	81	1	11	153	260	173	15	3	61	13791	1537	1425	143	3192	3123	332	0	0	0	0	0	-110	-7	7	0
10	1	0	0	33	33	up	2	512	547.82203259508	1184.80895961129	533.388002743027	719.843730348397	482.485631400386	814.253297397995	492.706379652146	596.670787071627	512	512	130.290814509361	83.0055961004007	-593.749298567701	688.553275262249	260	57	6	14	175	287	153	7	4	61	13680	1625	1425	166	3135	3182	310	0	0	0	0	0	-243	-8	6	0
10	1	0	0	33	33	up	3	512	498.561686037277	820.534022033626	506.398271211388	631.769169426771	499.924398466964	896.057301788685	514.539477941153	662.809325812039	512	512	127.050772031781	75.6330974704955	-593.75810955823	688.574189311085	253	67	4	6	182	250	175	8	3	76	13540	1721	1474	161	3037	2965	283	0	0	0	0	0	-286	-10	6	0
10	1	0	0	34	34	up	0	512	470.855514759466	630.79832475653	493.775438763731	572.976787742237	505.403592075393	932.080354991816	507.342022461537	631.531164370892	512	512	144.99396570752	90.4018772138266	-593.859581452399	688.809150241619	254	71	4	2	181	271	167	9	2	63	14306	1522	1434	146	2917	3074	311	0	0	0	0	0	-93	-10	9	0
10	1	0	0	34	34	up	1	512	532.99531482915	1095.20985177126	523.580506677282	686.580282279072	535.787590741332	1093.20718686005	523.528703675332	700.634404340259	512	512	130.068470997453	85.5827051932338	-593.747098092014	688.548248514413	247	69	4	12	180	260	176	12	6	58	14099	1723	1426	160	3045	3041	286	0	0	0	0	0	-339	-11	7	0
10	1	0	0	34	34	up	2	512	505.029756682898	901.02891876312	507.837013370383	630.800862135902	498.14827051633	919.916717050627	501.981891277803	635.460400512014	512	512	129.569434621206	80.0425359417655	-593.739867513514	688.532130474411	255	68	6	8	175	268	161	9	5	69	14157	1619	1468	164	2950	2970	314	0	0	0	0	0	-191	-9	9	0
10	1	0	0	34	34	up	3	512	521.612275852573	1098.13001599026	502.871289655348	634.168504113835	508.263792005709	904.234239495846	505.896519037959	615.979310094174	512	512	129.85871882278	81.5337716684249	-593.70751566459	688.456569204874	280	61	2	13	156	262	176	8	4	62	14065	1674	1508	161	2993	3079	295	0	0	0	0	0	-170	-9	10	0
10	1	0	0	35	35	up	0	512	501.181752680715	863.307415064648	507.768350499161	635.066749241833	531.967930628831	1160.07636382252	519.051431285816	687.686939433286	512	512	146.794649529657	88.1958861979952	-593.945547885807	689.008595085774	246	73	5	7	181	260	166	14	2	70	14704	1617	1471	128	2777	2882	302	0	0	0	0	0	-201	-9	7	0
10	1	0	0	35	35	up	1	512	497.313422131643	882.809845160568	503.45046844262	627.639633589759	540.499859983209	1103.33534911804	532.92699414206	709.730885025018	512	512	137.979619096283	93.5234302319201	-593.761663579922	688.582178479372	271	65	2	8	166	258	182	12	3	57	14463	1769	1502	186	3033	2962	301	0	0	0	0	0	-297	-10	10	0
10	1	0	0	35	35	up	2	512	525.81700759634	1049.69987591386	517.689222910765	670.867982421085	570.81700759634	1343.37393455294	540.783255738111	747.184504946212	512	512	136.946213572263	85.9908415943582	-593.767364932516	688.595274596989	244	73	2	11	182	232	188	17	5	70	14549	1699	1509	163	3016	2965	287	0	0	0	0	0	-284	-10	9	0
10	1	0	0	35	35	up	3	512	497.620406471329	918.608956305938	501.121097949983	619.842041871293	508.349896640081	937.469269512217	508.520861664671	639.326808244045	512	512	141.998714848685	90.1064237153959	-593.781000960904	688.62714975352	272	68	2	9	161	272	170	9	0	61	14590	1699	1476	155	2942	2911	302	0	0	0	0	0	-298	-9	7	0
10	1	0	0	36	36	up	0	512	504.387444113845	836.059525991103	523.707934947656	685.695648814318	503.244538424146	895.389005417473	509.950634838425	635.53901962687	512	512	134.14923323885	83.9749702453907	-593.868624815926	688.830308510971	240	71	4	6	191	263	172	8	4	65	15006	1797	1467	162	3026	2988	283	0	0	0	0	0	-353	-9	7	0
10	1	0	0	36	36	up	1	512	512.793688705398	1024.7925542253	513.970041408395	669.577944804151	503.139180208211	898.335349118044	503.694640950048	616.629410536746	512	512	140.538280696778	83.2744646038627	-593.848221296287	688.782988873958	251	78	2	11	170	258	175	8	2	69	15036	1656	1560	180	2910	2923	296	0	0	0	0	0	-161	-9	8	0
10	1	0	0	36	36	up	2	512	518.186777679456	1027.60718520737	507.858313632575	648.981751937233	506.411722694148	940.424040391867	515.763180727897	680.627550872731	512	512	146.122058049792	88.5000905545436	-593.673713262669	688.378019819834	266	65	1	11	169	255	173	9	3	72	14824	1804	1617	187	2888	3075	280	0	0	0	0	0	-217	-10	7	0
10	1	0	0	36	36	up	3	512	488.407657384771	797.333129047311	496.890239241167	599.160433595026	528.570776345395	1082.92470352091	518.249917636478	670.07736067545	512	512	147.248941053798	93.6022858119628	-593.838739447008	688.761011211039	269	65	2	6	170	259	173	12	3	65	15054	1720	1489	169	2828	2933	275	0	0	0	0	0	-262	-11	11	0
10	1	0	0	37	37	up	0	512	495.259726696331	954.39166206532	497.731133517846	630.854834522932	538.263792005709	1137.09898458022	536.987663202092	742.661171954794	512	512	141.162966562406	88.3643768633727	-593.566947288813	688.130747636489	264	79	1	10	158	254	177	13	3	65	15338	1821	1577	208	2961	2941	313	0	0	0	0	0	-319	-10	7	0
10	1	0	0	37	37	up	1	512	496.901079576022	812.875038390775	521.192468510808	668.410205708455	517.544465110402	962.611184640041	518.423545152878	672.968834558839	512	512	145.573562939734	88.9106779209766	-593.678839586562	688.390297788065	265	61	3	6	177	247	184	9	3	69	15218	1900	1641	185	2930	2867	274	0	0	0	0	0	-344	-8	7	0
10	1	0	0	37	37	up	2	512	492.687257524138	905.890105123627	492.807842295597	604.083811800766	518.819999940391	1025.96860225149	516.456692994157	678.642552325767	512	512	143.283582623573	93.0942463912982	-593.746451327452	688.546885700385	279	66	5	9	153	267	166	11	6	62	15512	1720	1537	175	2890	2968	304	0	0	0	0	0	-232	-9	8	0
10	1	0	0	37	37	up	3	512	540.182712370078	1170.27237182688	512.620777187296	657.927076225542	498.456327821342	786.424934204519	519.54809974852	669.00611726162	512	512	138.895344098482	84.3386710222779	-593.796799142233	688.663673117646	268	59	2	14	169	252	189	5	1	65	15443	1766	1574	161	2922	2859	320	0	0	0	0	0	-272	-9	8	0
10	1	0	0	38	38	up	0	512	555.480606401646	1274.43689944904	536.557857135431	747.728227613967	566.631529434137	1392.67813244207	549.516967807032	814.478717793392	512	512	129.288203057809	83.6133823414753	-593.705354703601	688.451476597191	251	66	3	16	176	259	161	19	12	61	15745	1942	1609	160	2972	2836	284	0	0	0	0	0	-432	-9	7	0
10	1	0	0	38	38	up	1	512	523.09050977164	1105.05285751553	512.77254950039	655.666401292468	525.144205206952	1070.52647214046	520.849875856186	692.84613546474	512	512	136.668620676777	85.4049083426037	-593.788533091134	688.644782910829	271	66	1	13	161	274	165	12	3	58	15869	1846	1561	180	2952	2768	271	0	0	0	0	0	-348	-13	11	0
10	1	0	0	38	38	up	2	512	520.768337159768	1031.47059990198	521.318149055832	687.950882578729	498.272882313828	992.035117608095	506.727805796173	667.202593023018	512	512	136.485123875512	84.5931329856664	-593.606325145662	688.222010706539	265	63	3	11	170	268	152	11	4	77	15684	1946	1637	189	2894	2839	275	0	0	0	0	0	-392	-10	9	0
10	1	0	0	38	38	up	3	512	514.559653382588	881.283468048865	518.257713612284	648.839595683758	502.495794673831	928.545987278148	507.33788585973	641.556940436143	512	512	139.327642857915	91.9432137774656	-593.695905937494	688.429893245736	260	56	1	7	188	268	166	9	2	67	15810	1842	1640	164	2915	2852	292	0	0	0	0	0	-275	-10	9	0
10	1	0	0	39	39	up	0	512	583.474508437579	1424.90696361347	564.178809234617	822.027563393193	535.85444179414	1162.57037500273	517.56147561377	682.246837207736	512	512	153.93656257995	100.543742857316	-593.742135757395	688.537015821702	256	53	6	19	178	267	165	14	4	62	16024	2005	1733	206	2738	2760	291	0	0	0	0	0	-311	-9	11	0
10	1	0	0	39	39	up	1	512	527.064198536647	971.437789130008	532.021219054392	689.342299153132	505.91220253883	932.460842333139	512.994883592508	660.558824227813	512	512	162.966991060182	99.8393023376281	-593.70100911754	688.441391485922	263	52	3	9	185	268	166	9	6	63	16053	1992	1762	161	2685	2803	311	0	0	0	0	0	-250	-8	9	0
10	1	0	0	39	39	up	2	512	537.361019602888	1162.83777921396	547.613196020499	788.723741002211	497.467450784149	890.17481679687	506.096752840331	630.153201633112	512	512	147.71066660188	91.7997483714523	-593.709582022439	688.461694509891	267	59	9	14	163	255	172	8	2	75	16190	1933	1688	157	2916	2742	292	0	0	0	0	0	-305	-12	13	0
10	1	0	0	39	39	up	3	512	561.469483438838	1178.6049775317	551.662288190019	748.340278613157	502.534301836958	930.373926289566	501.872116146726	621.973701408794	512	512	158.31781051269	101.856510709808	-593.857000873221	688.8032509647	248	52	3	13	196	262	167	9	4	70	16166	1925	1684	193	2770	2772	296	0	0	0	0	0	-249	-10	10	0
10	1	0	0	40	40	up	0	512	438.425838001008	740.070140187433	449.010555859841	513.511227807692	469.395461456637	831.202297746413	470.401519410413	546.724213670444	512	512	161.27830867092	103.500071816526	-593.676156404737	688.383970946033	289	92	3	7	121	283	142	8	1	78	16559	1922	1799	200	2828	2919	273	0	0	0	0	0	-156	-11	12	0
10	1	0	0	40	40	up	1	512	433.022585753505	654.687877615861	446.169001153521	480.898051668939	475.797754014776	747.153975401102	487.486542715123	583.182136202528	512	512	143.698858838407	92.6010856499572	-593.796620531644	688.663333168683	301	81	2	5	123	253	171	5	3	80	16525	2044	1714	197	2785	2700	272	0	0	0	0	0	-431	-9	11	0
10	1	0	0	40	40	up	2	512	465.749083578205	795.117601773572	464.184766645084	530.929056139205	479.492802329779	904.689673504536	478.122096049078	580.366453399117	512	512	150.216164367133	93.683919845427	-593.782918385116	688.631538350018	266	86	5	7	148	233	161	9	4	105	16642	1961	1715	162	2792	2669	280	0	0	0	0	0	-317	-13	9	0
10	1	0	0	40	40	up	3	512	436.756141231635	628.774357082321	446.232312942468	472.334994347632	461.76630450508	788.040439167158	464.175377016167	533.152835908777	512	512	150.689485640147	91.9622178118782	-593.745521183275	688.544714721228	295	79	0	4	134	272	146	7	0	87	16676	1937	1700	167	2768	2754	257	0	0	0	0	0	-316	-15	8	0
10	1	0	0	41	41	up	0	512	496.324545094451	949.504296223241	488.621643175242	592.912619334048	517.19897360759	850.820055833266	545.688854688105	714.897487995161	512	512	162.092036302286	100.318918421027	-593.701633049352	688.44310146959	278	69	2	10	153	252	194	6	7	53	16965	2013	1818	196	2700	2756	275	0	0	0	0	0	-248	-12	10	0
10	1	0	0	41	41	up	1	512	487.02569137352	869.130909802915	493.516361197818	615.222262375942	585.634635054152	1329.36285072601	573.64246310243	824.816862019661	512	512	162.699199153885	104.33005276307	-593.79973126657	688.670548948764	261	78	4	8	161	243	202	16	1	50	17160	1966	1681	185	2722	2702	274	0	0	0	0	0	-409	-12	9	0
10	1	0	0	41	41	up	2	512	491.257694041642	872.223147405551	492.019109046354	587.441821561166	580.327650714466	1322.70121043531	576.354733404623	851.141071412051	512	512	163.841434695538	102.750090778115	-593.664823212727	688.357462292493	271	69	3	8	161	238	200	16	1	57	16941	2058	1800	193	2778	2798	288	0	0	0	0	0	-277	-11	10	0
10	1	0	0	41	41	up	3	512	515.010503101335	990.101645359753	517.80868748944	682.151531244117	537.035854646965	1067.98679526278	554.296347010193	789.412769119386	512	512	166.134671354985	106.387938165236	-593.806999483139	688.687597551113	256	69	3	10	174	238	188	11	9	66	16998	2055	1756	183	2717	2751	265	0	0	0	0	0	-367	-8	7	0
10	1	0	0	42	42	up	0	512	513.407657384771	1096.36416872072	515.099319920366	691.630228929568	539.079386808832	1173.27858306691	536.735942865142	741.89561930427	512	512	162.531251379136	108.223392961185	-593.710156105327	688.462738511498	249	85	6	13	159	252	171	14	7	68	17393	2062	1843	206	2685	2700	242	0	0	0	0	0	-300	-9	8	0
10	1	0	0	42	42	up	1	512	467.150303171019	761.302525951014	482.572427130602	572.360240295602	557.803851978843	1178.67504748048	553.059841049736	780.2104662693	512	512	169.769667289644	106.805596542721	-593.791322901565	688.650996202531	269	80	3	6	154	232	198	13	5	64	17546	2046	1732	180	2633	2706	274	0	0	0	0	0	-363	-10	9	0
10	1	0	0	42	42	up	2	512	563.502852327261	1349.55085986504	527.135007151407	715.251845337426	480.394501767274	751.745105034214	503.09234693973	619.525281379205	512	512	167.614546728024	105.451930884872	-593.67111944653	688.372426705409	273	54	3	18	164	261	172	5	2	72	17363	2069	1869	203	2606	2739	266	0	0	0	0	0	-238	-10	9	0
10	1	0	0	42	42	up	3	512	545.691322833515	1215.65285916821	526.531261886532	723.863306647428	519.674101906641	1101.08478686991	514.042002349424	677.392758142224	512	512	152.865682955659	94.0221841058276	-593.670585960324	688.371143161999	265	60	4	15	168	263	159	13	5	72	17514	2029	1747	214	2710	2643	295	0	0	0	0	0	-387	-10	7	0
10	1	0	0	43	43	up	0	512	533.119926626648	1056.10874214907	531.344784510472	707.457371208385	524.088477116951	1104.93977438544	519.182667846773	704.268613967417	512	512	174.419258051966	110.86695079733	-593.774999741177	688.612959308703	251	61	8	11	181	274	160	13	2	63	17873	2145	1812	186	2577	2634	242	0	0	0	0	0	-361	-11	10	0
10	1	0	0	43	43	up	1	512	552.131049589455	1191.58368303207	527.974261453202	697.496448518489	479.051042919151	751.286569537195	494.267573203197	590.121414720547	512	512	171.93426355367	104.802997299917	-593.781516512452	688.628110997213	262	53	5	14	178	259	173	5	0	75	17891	2046	1883	196	2640	2637	236	0	0	0	0	0	-265	-12	9	0
10	1	0	0	43	43	up	2	512	464.136074588196	781.757062015366	475.944229520703	569.181450943547	502.706511105701	885.597868347328	518.178954484289	664.025789246361	512	512	174.197572955038	107.219711979518	-593.868070982858	688.82915502196	290	72	5	7	138	282	164	8	5	53	17858	2101	1850	207	2588	2679	236	0	0	0	0	0	-277	-14	10	0
10	1	0	0	43	43	up	3	512	471.910169884141	728.647092768661	486.09678268524	569.483113596718	508.561686037277	873.451982708633	522.669908224361	682.828719175363	512	512	181.994588945357	111.957593324177	-593.657583641071	688.340798850818	279	66	4	5	158	253	185	7	3	64	17726	2144	1931	215	2499	2729	283	0	0	0	0	0	-213	-9	8	0
10	1	0	0	44	44	up	0	512	508.830163213836	944.478586372263	502.961133243419	620.930669517865	535.673142217278	1103.70963348271	532.152918593674	722.454635299749	512	512	176.41362324661	109.293986744667	-593.726473758354	688.50053681731	256	70	2	9	175	241	186	12	1	72	18275	2111	1924	218	2656	2659	257	0	0	0	0	0	-217	-12	12	0
10	1	0	0	44	44	up	1	512	517.899046921333	1029.76417119973	524.698048644009	708.489542624866	527.188810334145	1154.72248427651	516.844050277859	697.485568764218	512	512	173.660381499888	107.050412688141	-593.647609563205	688.317449264399	256	70	5	11	170	251	164	14	5	78	18269	2186	1880	193	2553	2609	305	0	0	0	0	0	-309	-10	7	0
10	1	0	0	44	44	up	2	512	534.702445796323	1118.23644717152	516.748775999042	688.792621675714	508.206031261019	938.53445861074	514.429910670972	671.173453709762	512	512	176.284611179676	107.744762274675	-593.780393855594	688.625713231808	280	50	6	13	163	265	170	9	4	64	18416	2095	1812	205	2605	2646	284	0	0	0	0	0	-304	-10	9	0
10	1	0	0	44	44	up	3	512	505.192875643523	863.835571538286	514.036262316763	640.478337567743	494.856474448829	839.84532084376	507.109269084976	632.581467003826	512	512	167.794776532892	104.195830776208	-593.702866550678	688.446090731353	265	60	0	7	180	276	166	7	4	59	18315	2186	1836	191	2629	2666	278	0	0	0	0	0	-446	-11	10	0
10	1	0	0	45	45	up	0	512	487.965897974142	903.318045787719	491.342692051871	614.920695051362	545.365084912266	1104.81561156011	540.983849292015	724.625346784742	512	512	165.900693574829	104.200054649081	-593.873216193504	688.841010353557	267	77	5	9	154	273	180	12	3	44	18767	2193	1878	202	2573	2471	239	0	0	0	0	0	-392	-10	9	0
10	1	0	0	45	45	up	1	512	527.562645726639	1148.69188118021	517.68574850348	693.320141779281	492.927390811015	983.545538305979	493.626346369561	620.137622623725	512	512	168.854381649908	111.180944714499	-593.891872139556	688.884126321339	267	68	4	14	159	269	149	11	2	81	18867	2118	1859	196	2567	2577	234	0	0	0	0	0	-308	-9	10	0
10	1	0	0	45	45	up	2	512	504.405624730082	932.193438121906	508.678467102669	644.050422351774	525.106771009151	973.491894401606	528.832375899543	687.308512684048	512	512	158.46722493887	93.057323162643	-593.829482573857	688.739727630524	268	66	1	9	168	251	188	9	3	61	18680	2289	1888	183	2526	2485	240	0	0	0	0	0	-425	-11	9	0
10	1	0	0	45	45	up	3	512	462.544465110402	616.019165325961	489.829270851746	571.850401179838	522.592062581647	964.854196995007	521.881780059326	669.675958549846	512	512	176.134393560933	106.558046334608	-593.809818355001	688.694087856676	259	75	1	2	175	263	183	9	1	56	18684	2208	1928	220	2500	2514	300	0	0	0	0	0	-384	-9	7	0
10	1	0	0	46	46	up	0	512	536.210096570397	1097.48789910062	518.783687118423	666.524351042604	517.707584071027	925.391229619891	522.802064674987	661.708728735625	512	512	177.241780820825	113.664812279524	-593.772783041621	688.607910634928	255	62	3	12	180	253	188	8	1	62	19160	2245	1931	216	2363	2468	265	0	0	0	0	0	-357	-10	9	0
10	1	0	0	46	46	up	1	512	512.812942286962	914.526925244314	516.615938259481	652.315123916465	527.725764687264	1037.33445530539	539.573285872786	747.129436469566	512	512	179.702167389013	112.087745121697	-593.815157812824	688.706552596081	258	62	2	8	182	277	170	11	4	50	19163	2218	1962	209	2429	2430	221	0	0	0	0	0	-291	-12	10	0
10	1	0	0	46	46	up	2	512	549.549490109143	1298.91317072181	527.158955071607	748.010488016717	506.49782732852	899.494991758251	514.339130264228	660.617878290715	512	512	163.04251400509	102.108346787485	-593.709957648909	688.462634501305	255	72	2	17	166	265	173	8	5	61	19075	2329	1933	215	2478	2380	242	0	0	0	0	0	-434	-10	11	0
10	1	0	0	46	46	up	3	512	473.810909632273	665.713175679836	494.434450776085	577.044303365775	497.534301836958	811.263063230209	508.045669442982	623.798750413645	512	512	183.267657922462	113.800063402069	-593.827202526929	688.734562508821	269	64	2	3	174	270	175	6	4	57	19089	2271	1960	232	2389	2541	238	0	0	0	0	0	-375	-12	11	0
10	1	0	0	47	47	up	0	512	538.474508437579	1131.2329049744	530.805423950319	705.457012022479	477.668003942574	807.071478840569	492.810108651899	617.030899219808	512	512	191.856295961189	124.982666921638	-593.703757856119	688.448093651107	268	56	3	13	172	284	150	7	5	66	19649	2203	1996	216	2343	2500	263	0	0	0	0	0	-198	-11	9	0
10	1	0	0	47	47	up	1	512	525.547457454454	1073.87991097767	512.791213163553	659.3804687247	515.845351486022	1064.29055657481	509.410915402087	682.887765898517	512	512	180.900793961561	111.8272416608	-593.703561466597	688.447307109274	270	61	1	12	168	253	166	12	3	78	19456	2335	2044	229	2468	2513	263	0	0	0	0	0	-320	-11	10	0
10	1	0	0	47	47	up	2	512	501.55558807321	857.303419763666	507.275896629164	616.564216082288	537.889956613215	1180.21162700151	516.664417554864	676.139871216145	512	512	197.224764264518	124.937836117783	-593.698367769752	688.435261203136	266	62	0	7	177	238	179	14	1	80	19488	2294	2059	223	2404	2539	251	0	0	0	0	0	-244	-10	10	0
10	1	0	0	47	47	up	3	512	514.9051448854	918.883910410337	517.502622283216	662.135530881238	551.766304505079	1227.16683032659	528.866225284244	696.858554481603	512	512	185.356883860577	115.710978034062	-593.771902277791	688.605961807204	251	63	7	8	183	264	174	15	2	57	19437	2358	2050	219	2366	2505	243	0	0	0	0	0	-379	-12	9	0
10	1	0	0	48	48	up	0	512	522.29416855008	1143.88478769625	510.937090313625	679.452789693956	549.819040251029	1200.59566480334	533.039470614039	736.283475606256	512	512	196.003745365545	117.544152717954	-593.77300827889	688.608561443063	260	77	2	14	159	233	187	14	5	73	19954	2361	2060	201	2372	2384	240	0	0	0	0	0	-333	-10	12	0
10	1	0	0	48	48	up	1	512	480.489696709764	777.397424333181	497.004300857666	599.663558708284	524.20399860633	1073.39476768533	515.431288301923	674.642043508094	512	512	182.978514429344	118.053008188877	-593.604201477073	688.216890632917	281	62	5	6	158	264	168	12	3	65	19789	2373	2162	252	2414	2355	251	0	0	0	0	0	-325	-10	10	0
10	1	0	0	48	48	up	2	512	506.911242849467	837.194336066243	516.976486721528	640.846525190598	522.439106894467	1047.58635207497	511.301363888715	659.100195980476	512	512	179.951530923578	111.423054713031	-593.673856686877	688.379027546066	250	64	1	6	191	234	182	11	4	81	19736	2535	2043	262	2358	2361	246	0	0	0	0	0	-591	-16	9	0
10	1	0	0	48	48	up	3	512	521.843318831333	997.957963265051	528.995798794613	706.275227858437	505.710576415079	1004.93489766686	492.60746002343	603.825325185431	512	512	190.616202186042	123.463260498802	-593.750543699268	688.556447428251	260	60	7	10	175	268	158	11	3	72	19941	2374	2050	211	2358	2300	218	0	0	0	0	0	-337	-11	9	0
10	1	0	0	49	49	up	0	512	561.104738354462	1177.10608550122	558.845673204597	780.324862799704	464.837220867266	754.328244065362	478.601399494782	561.406219392004	512	512	194.614255658742	125.316755217373	-593.767624891829	688.596120096339	250	51	3	13	195	277	150	6	2	77	20392	2416	2080	200	2319	2367	240	0	0	0	0	0	-355	-11	7	0
10	1	0	0	49	49	up	1	512	556.834228523214	1135.07726176686	568.14536289144	813.666435885694	516.536334491647	1065.46040162434	506.154629412458	648.849066533067	512	512	188.883094904902	121.143916017333	-593.708199479594	688.458192939965	242	53	9	12	196	255	167	12	1	77	20371	2426	2065	226	2397	2422	236	0	0	0	0	0	-446	-11	9	0
10	1	0	0	49	49	up	2	512	542.035854646965	1038.87593220343	554.954146246538	776.924876632042	548.369150221644	1224.15264087965	529.733994422016	721.02259353088	512	512	200.114778646328	132.002233309785	-593.849094706183	688.784808921504	246	55	5	10	196	259	174	15	1	63	20462	2324	2069	233	2289	2399	250	0	0	0	0	0	-287	-13	10	0
10	1	0	0	49	49	up	3	512	547.93755408446	1116.23512917681	553.244331761479	764.579084804773	478.196940952901	676.170384918775	498.413620908226	586.279392033321	512	512	178.002271599443	106.555067755215	-593.561964678553	688.119172915801	258	52	2	12	188	263	180	3	1	65	20301	2435	2094	258	2454	2326	281	0	0	0	0	0	-484	-10	10	0
10	1	0	0	50	50	up	0	512	458.916267848208	750.179244543281	464.001770542771	536.567504219386	491.775394813198	976.267042004451	483.782260971108	610.854100750117	512	512	193.291661514304	120.442267698981	-593.853364273829	688.794743892365	262	90	4	6	150	278	143	11	5	75	20801	2442	2125	232	2256	2216	210	0	0	0	0	0	-349	-11	9	0
10	1	0	0	50	50	up	1	512	440.614308507262	563.759726926582	460.259570054887	506.992640764484	456.478573746957	745.224032954834	464.34744890905	534.797614187973	512	512	197.357218510494	126.706074177087	-593.814162016944	688.70406599664	293	69	2	2	146	266	148	6	2	90	20746	2399	2230	225	2244	2370	222	0	0	0	0	0	-194	-10	9	0
10	1	0	0	50	50	up	2	512	497.802779013517	993.48256927819	489.368361028431	622.990439307226	496.171589407271	921.070156714174	492.490904753973	613.327987864787	512	512	199.420295309467	130.042923636229	-593.776094252415	688.616050210389	265	80	2	11	154	261	164	9	2	76	20801	2429	2166	204	2247	2334	246	0	0	0	0	0	-303	-11	13	0
10	1	0	0	50	50	up	3	512	489.193835332886	972.403627309841	482.366422714568	606.521139350478	463.925358156326	750.594317886829	467.662625135608	524.606174768606	512	512	188.857413018429	115.849505884658	-593.746084540894	688.545754254743	279	77	3	11	142	284	148	6	0	74	20921	2416	2025	238	2319	2295	229	0	0	0	0	0	-416	-11	9	0
10	1	0	0	51	51	up	0	512	489.270849659139	864.893210743642	488.793935918812	586.633518362599	564.808876977584	1178.83734676854	573.973398507575	826.05873892326	512	512	193.377035902257	124.783848381151	-593.766600652123	688.593786631948	279	65	4	8	156	256	193	13	7	43	21241	2489	2133	249	2190	2190	230	0	0	0	0	0	-467	-11	12	0
10	1	0	0	51	51	up	1	512	476.017560754765	807.869263727858	487.809599883191	592.613996697805	558.398567076652	1175.2351333085	554.881967420814	760.737440772447	512	512	206.185120440589	137.845094691486	-593.858942309598	688.807593028577	277	72	4	7	152	243	195	13	4	57	21241	2446	2192	233	2125	2325	208	0	0	0	0	0	-328	-12	10	0
10	1	0	0	51	51	up	2	512	491.967930628831	874.293658063137	497.083458628222	611.229569049543	525.317487441021	967.625814795779	540.932547645353	710.132748783618	512	512	205.668870357431	131.493292585816	-593.818056178435	688.712988498575	268	70	4	8	162	265	183	9	3	52	21290	2424	2186	212	2210	2313	231	0	0	0	0	0	-278	-13	10	0
10	1	0	0	51	51	up	3	512	504.713682035094	872.785910539839	513.894236030521	647.023792275205	582.976061247586	1358.84577394761	574.642257600683	839.766678325932	512	512	202.518206023242	132.008498107159	-593.715941534466	688.476124495442	240	75	3	7	187	244	193	17	4	54	21087	2576	2183	266	2224	2326	224	0	0	0	0	0	-448	-12	12	0
10	1	0	0	52	52	up	0	512	527.678167216019	1117.17348227542	510.828374732661	661.137750023436	518.436001274452	1097.67990767232	508.243038202007	661.065547823508	512	512	210.145136979191	131.669789348491	-593.770327913222	688.602214609863	261	69	1	13	168	266	157	13	5	71	21571	2594	2221	238	2116	2370	229	0	0	0	0	0	-446	-10	10	0
10	1	0	0	52	52	up	1	512	514.126984280077	1016.79432119218	509.433101556006	652.762132790783	526.171589407271	1079.79743094388	516.055867748883	659.371833222168	512	512	193.129719372713	119.034772813181	-593.757476011099	688.572518301666	272	63	4	11	162	257	172	12	3	68	21729	2502	2155	238	2251	2165	216	0	0	0	0	0	-404	-12	12	0
10	1	0	0	52	52	up	2	512	480.922365812275	753.079473574219	489.052663055349	574.838772442981	506.34487164134	834.03202851482	512.772099934858	628.327823168857	512	512	201.471265260967	127.469723041548	-593.875527519952	688.846580993807	261	72	1	5	173	256	189	6	0	61	21522	2564	2288	250	2180	2124	212	0	0	0	0	0	-283	-12	12	0
10	1	0	0	52	52	up	3	512	579.012535756024	1389.72470847893	543.220474418472	767.812015503102	508.446164547897	979.134460263414	508.339168209048	655.728023105889	512	512	202.897340947433	128.885790841155	-593.672243803378	688.374906957146	241	63	3	18	187	259	170	10	0	73	21607	2530	2249	238	2299	2256	226	0	0	0	0	0	-318	-10	9	0
10	1	0	0	53	53	up	0	512	529.942579083201	1113.8364488242	523.191598295453	698.30830058774	510.182712370078	1011.54509759718	504.941654712283	645.065913547216	512	512	221.791377413505	143.202521149858	-593.715990567095	688.476266435199	274	58	4	13	163	272	161	11	1	67	21888	2585	2455	208	2083	2199	232	0	0	0	0	0	-162	-10	10	0
10	1	0	0	53	53	up	1	512	489.223252187894	907.650198388676	494.242029607222	615.669152746161	549.126984280077	1220.52159542188	529.453339022196	707.957920843321	512	512	205.029558060086	130.298809275415	-593.791827350101	688.652211959507	263	79	4	9	157	268	170	15	3	56	22083	2574	2230	249	2042	2191	206	0	0	0	0	0	-423	-12	9	0
10	1	0	0	53	53	up	2	512	481.468410473512	887.549970184075	489.396542269194	602.776741871756	536.133082244144	1167.94288413714	519.86883816896	691.337435425981	512	512	199.264459708744	121.234878832114	-593.655686196421	688.336605430394	277	75	6	9	145	259	170	14	1	68	22110	2593	2212	221	2225	2127	206	0	0	0	0	0	-464	-12	9	0
10	1	0	0	53	53	up	3	512	533.63870036353	1064.99921361116	524.142075530602	680.684201171744	508.369150221644	975.398758854632	509.879333169711	651.387649904765	512	512	210.783302302665	133.100321010437	-593.884034645689	688.866090658325	237	71	4	11	189	259	165	10	8	70	22145	2501	2260	230	2105	2151	179	0	0	0	0	0	-249	-14	10	0
10	1	0	0	54	54	up	0	512	535.250636388213	1062.37348971245	519.209092835912	663.252191237955	523.849416795399	1080.352644185	516.794129376213	689.65503491374	512	512	203.979838860305	134.425625483258	-593.854813148868	688.798501909549	250	62	3	11	186	247	174	12	3	76	22382	2721	2298	247	2026	2063	232	0	0	0	0	0	-499	-14	9	0
10	1	0	0	54	54	up	1	512	531.545424799765	1155.82225937726	511.303233420424	654.864506335056	513.369150221644	946.31450359059	507.850341705409	626.489083609871	512	512	203.715590040762	127.348845167429	-593.751180390747	688.557890564401	269	65	1	14	163	271	174	9	0	58	22470	2639	2294	245	2172	2154	202	0	0	0	0	0	-426	-11	12	0
10	1	0	0	54	54	up	2	512	477.371182876333	779.72913622534	499.010600093098	629.665525911388	535.23138280665	1061.4728241044	532.088170150073	712.845084949458	512	512	213.481086266402	136.641813897302	-593.756900880788	688.571114281172	264	75	5	6	162	255	186	11	0	60	22459	2657	2270	262	2031	2143	182	0	0	0	0	0	-380	-12	10	0
10	1	0	0	54	54	up	3	512	516.373215531022	954.405414935146	516.50189130373	661.231758172942	525.307324167576	1070.36194864999	510.382057872889	647.148884346444	512	512	197.805723453994	133.808982970878	-593.775044000686	688.613202954725	257	62	7	9	177	276	165	12	2	57	22379	2739	2294	236	2131	2113	212	0	0	0	0	0	-510	-13	12	0
10	1	0	0	55	55	up	0	512	489.405624730082	871.357516771893	497.303795970546	617.272837278668	518.379313495089	999.744664325416	519.404260031421	679.072679255272	512	512	207.300351939252	138.147817968258	-593.760228777699	688.579027496207	268	73	1	8	162	248	180	10	2	72	22834	2711	2352	263	2124	2112	199	0	0	0	0	0	-416	-12	10	0
10	1	0	0	55	55	up	1	512	532.29416855008	1159.74731684158	515.548383407983	675.147238171803	499.482639056335	816.765060880701	511.070855880829	631.830930893001	512	512	208.194308555816	137.324114768896	-593.826953673109	688.733681163998	264	68	0	14	166	268	179	6	1	58	22945	2633	2363	219	2128	2040	188	0	0	0	0	0	-363	-11	13	0
10	1	0	0	55	55	up	2	512	495.345831330703	913.462613431704	494.339519449157	609.01847556207	530.91220253883	1120.35219521283	522.594885760176	693.035799865847	512	512	222.623898504132	149.858102916128	-593.677966353689	688.388070718757	274	68	3	9	158	264	168	13	3	64	22633	2739	2516	272	2021	2188	205	0	0	0	0	0	-305	-11	11	0
10	1	0	0	55	55	up	3	512	526.574841654773	1046.06883045609	520.380788975919	672.890286296078	511.334708367895	1055.85241763307	498.553183442103	615.432909484684	512	512	223.705929164335	146.012094796293	-593.655994361227	688.337368145742	253	66	4	11	178	255	162	12	3	80	22830	2681	2389	260	1940	2111	210	0	0	0	0	0	-396	-13	9	0
10	1	0	0	56	56	up	0	512	488.532269182269	795.314058750107	508.895560434873	640.014261761284	515.950709701956	1061.37082066955	500.919919856703	635.473371796549	512	512	210.176527102244	129.111148708163	-593.767064121669	688.594666684193	273	62	3	6	168	262	164	12	1	73	23215	2784	2428	245	2020	1991	184	0	0	0	0	0	-380	-13	9	0
10	1	0	0	56	56	up	1	512	491.843318831333	802.201865300984	497.806411088371	590.994292250686	555.960872975401	1170.25331392474	554.906791833437	773.29675671272	512	512	216.306268070532	144.176409392707	-593.78075694685	688.626546072046	272	61	1	6	172	243	192	13	6	58	23253	2818	2348	253	2015	2053	197	0	0	0	0	0	-568	-12	8	0
10	1	0	0	56	56	up	2	512	549.070296500714	1159.64178360465	534.353965871332	714.109964030228	495.345831330703	913.462613431704	494.903033807697	602.617418324149	512	512	228.16861542054	150.242250236915	-593.736675075484	688.524411438612	246	63	1	13	189	274	158	9	3	68	23373	2666	2367	266	2019	2066	188	0	0	0	0	0	-331	-12	11	0
10	1	0	0	56	56	up	3	512	565.221219533205	1322.909624393	546.470776437671	770.490409019412	468.590029926958	766.370820669551	486.817054247836	584.965025932521	512	512	221.128244398951	143.558677086596	-593.880347827985	688.857340505815	258	58	4	17	175	262	157	6	4	83	23627	2615	2209	221	1894	2099	180	0	0	0	0	0	-480	-12	10	0
10	1	0	0	57	57	up	0	512	514.146237861641	1091.85906545022	496.911828881135	618.778516826542	502.601152889766	888.544212047899	500.509164138184	595.872770241128	512	512	215.496465850544	139.897016842391	-593.755444174535	688.567536415877	267	75	1	13	156	277	167	8	3	57	23686	2783	2442	273	1997	2006	214	0	0	0	0	0	-436	-12	10	0
10	1	0	0	57	57	up	1	512	484.011462790698	889.612053662583	490.240614935662	614.381808485144	501.737960615398	858.039561881246	511.291651975706	632.456949810458	512	512	222.330542856169	153.901779990774	-593.799089020266	688.669085167464	286	69	2	9	146	263	177	7	2	63	23619	2826	2476	263	2019	2029	222	0	0	0	0	0	-414	-12	11	0
10	1	0	0	57	57	up	2	512	496.958840320712	815.603643010245	512.632283640369	641.800228745216	538.67613456133	1244.08922287969	520.347932898713	694.757748223924	512	512	219.906798048054	143.291567388017	-593.818551787073	688.714277600908	254	66	8	6	178	256	162	16	3	75	23705	2826	2426	227	1999	2018	214	0	0	0	0	0	-469	-12	11	0
10	1	0	0	57	57	up	3	512	482.889956613215	759.482136832762	497.278781320378	593.531349569613	499.021626064143	847.711841158385	511.028714287614	636.452878328998	512	512	214.152148447772	140.133105042454	-593.722684994393	688.491856122767	254	75	1	5	177	275	170	7	3	57	23610	2828	2476	270	1990	1966	226	0	0	0	0	0	-419	-14	10	0
10	1	0	0	58	58	up	0	512	500.653888635715	787.862183465286	513.79425733831	628.479307083387	505.201965951642	893.334900145875	512.789193005768	651.781262324882	512	512	220.476194729359	150.041885617889	-593.63706016509	688.293243729444	254	61	4	5	188	275	169	8	4	56	24008	2951	2489	248	1974	1890	174	0	0	0	0	0	-515	-11	9	0
10	1	0	0	58	58	up	1	512	515.519113564772	916.397877437035	522.363094326147	669.8085189011	551.161426133826	1296.28744682311	521.917284481781	682.609304024387	512	512	222.143092753321	149.213777582258	-593.657707061605	688.341092204739	265	56	1	8	182	268	163	17	1	63	24055	2827	2578	236	1959	1841	168	0	0	0	0	0	-280	-15	14	0
10	1	0	0	58	58	up	2	512	518.311389476954	1025.56150711485	513.485632147384	657.393475805003	500.922365812275	821.806747803923	519.440879549151	671.842198450411	512	512	218.199040782618	139.911184230942	-593.680341062066	688.393857223582	266	63	6	11	166	257	181	6	6	62	24126	2864	2442	264	1962	1976	213	0	0	0	0	0	-555	-10	9	0
10	1	0	0	58	58	up	3	512	511.220259843842	881.024491016709	516.658430130364	652.388975797828	545.471516093527	1117.88213931177	529.347214193896	689.723863756834	512	512	222.008963173838	144.179676029394	-593.901576714027	688.906786413661	248	66	1	7	190	245	191	12	2	62	24057	2906	2487	246	1983	1865	195	0	0	0	0	0	-491	-11	13	0
10	1	0	0	59	59	up	0	512	558.389476768533	1071.59833384624	559.15593440005	748.506497455693	491.901079576022	842.012509245447	498.576756592309	611.749800053333	512	512	231.182142032111	159.008467426034	-593.610130315036	688.230535647799	237	50	2	10	213	261	170	7	3	71	24611	2798	2549	250	1991	1907	213	0	0	0	0	0	-274	-12	11	0
10	1	0	0	59	59	up	1	512	528.590029926958	1083.85197692427	529.850489012348	698.772011926194	539.896054577282	1003.13846382777	539.953000740062	700.29544158645	512	512	234.879939519096	161.018729622531	-593.717838717611	688.480508999877	258	66	2	12	174	241	203	9	2	57	24506	2924	2483	295	1852	1987	180	0	0	0	0	0	-542	-12	9	0
10	1	0	0	59	59	up	2	512	568.993282174461	1298.82404287088	564.906179371907	827.462505291308	527.418780347578	1149.81028586937	510.475300656862	662.422388747586	512	512	233.281017597849	154.830557957724	-593.867823968981	688.828445463812	246	59	4	16	187	268	161	14	0	69	24529	2903	2531	245	1846	1905	187	0	0	0	0	0	-423	-13	11	0
10	1	0	0	59	59	up	3	512	542.688330489464	1075.27326977122	555.340084425911	793.933587192999	506.987184210394	936.030245021201	509.116898922936	644.484479823188	512	512	229.156926984589	158.573457402425	-593.714634392394	688.473133327481	250	57	2	11	192	263	168	9	7	65	24491	2907	2545	265	1891	1883	182	0	0	0	0	0	-475	-19	10	0
10	1	0	0	60	60	up	0	512	487.581899308203	900.918488149192	478.495758936454	568.11739836024	458.954775011334	677.922928290658	463.298770553535	510.634801274779	512	512	231.329520106382	157.977874367063	-593.749490298628	688.554172271613	274	74	2	9	153	268	160	4	0	80	24948	2885	2607	280	1810	1806	197	0	0	0	0	0	-331	-13	13	0
10	1	0	0	60	60	up	1	512	477.381346149778	788.212512550795	473.317163862096	552.470667606336	521.727797341953	1066.58500929015	503.362329342177	627.884313946034	512	512	232.301298942152	154.573207060223	-593.766643840479	688.5936039366	249	86	1	6	170	270	164	12	3	63	25010	2890	2566	254	1829	1855	172	0	0	0	0	0	-334	-13	10	0
10	1	0	0	60	60	up	2	512	474.049969953824	875.604071323988	470.58287592913	560.819047509383	440.288070586013	638.226244762196	451.327900033338	490.556475792076	512	512	231.338736955526	152.004289654793	-593.801323380052	688.674203098053	280	80	2	9	141	285	139	4	2	82	25012	2916	2519	273	1761	1838	181	0	0	0	0	0	-411	-16	10	0
10	1	0	0	60	60	up	3	512	464.635594743515	826.775691603771	464.320020174814	542.1243783909	480.950709701956	857.643546439847	480.490639544073	569.657454354383	512	512	232.334532997373	150.136394075238	-593.819296094188	688.716068912786	273	87	3	8	141	266	156	8	2	80	24972	2878	2598	272	1811	1721	181	0	0	0	0	0	-294	-13	11	0
10	1	0	0	61	61	up	0	512	520.75924685165	964.8892319694	513.353606663731	650.462441568501	586.238440460079	1355.42226516162	573.963994775269	841.519324958242	512	512	236.083138007462	155.512862741161	-593.941127581223	688.998570741855	255	62	2	9	184	264	188	17	4	39	25372	2928	2649	283	1810	1686	155	0	0	0	0	0	-341	-11	10	0
10	1	0	0	61	61	up	1	512	480.00033982789	852.055073454582	481.10564669817	562.299183827003	529.117893971959	1011.04887460961	536.215016435408	704.125972516125	512	512	230.422820791015	149.396234071857	-593.736828741005	688.524506562643	275	75	2	8	152	262	182	10	3	55	25392	2933	2627	280	1893	1767	155	0	0	0	0	0	-389	-10	9	0
10	1	0	0	61	61	up	2	512	502.034781681639	922.437336026154	508.877825056911	643.020613184908	531.171589407271	1013.57792076421	547.385008412608	759.797215213336	512	512	244.779806940386	166.495325646791	-593.58230296964	688.166430695929	279	60	3	9	161	261	182	10	6	53	25223	3000	2730	279	1747	1869	176	0	0	0	0	0	-394	-11	11	0
10	1	0	0	61	61	up	3	512	485.135114898833	903.492771687518	486.440287774861	604.614315716322	574.665011598523	1306.98457519205	564.538011306672	797.259045218451	512	512	239.173181918816	160.717150530223	-593.853147599933	688.79449504822	260	85	1	9	157	249	190	16	4	53	25572	2894	2495	271	1723	1800	197	0	0	0	0	0	-410	-11	10	0
10	1	0	0	62	62	up	0	512	518.167524097893	1063.73534333369	511.617627285437	680.875990073031	511.085484772899	911.615616518137	520.857352328071	676.628206865234	512	512	244.194141710619	161.096713580552	-593.727277708817	688.5025858116	263	70	3	12	164	255	180	8	5	64	25771	3007	2693	273	1765	1723	159	0	0	0	0	0	-355	-12	10	0
10	1	0	0	62	62	up	1	512	475.192875643523	705.081689513267	487.586573561429	559.501124878489	539.598160545714	1070.97615214466	534.820074603967	707.32172299092	512	512	233.818012564131	155.816292906076	-593.852441831339	688.792598295414	265	69	3	4	171	246	190	11	4	61	25801	3042	2594	307	1697	1702	183	0	0	0	0	0	-525	-12	9	0
10	1	0	0	62	62	up	2	512	514.635594743515	1091.31227938817	517.392116780551	708.046493690091	518.186777679456	990.551753677695	517.294115035164	664.421701260276	512	512	246.083466917106	167.198811184011	-593.892210074186	688.885204508863	265	74	6	13	154	270	173	10	0	59	25713	3043	2707	281	1763	1724	149	0	0	0	0	0	-410	-14	10	0
10	1	0	0	62	62	up	3	512	537.918300502897	1136.52736595311	526.980087352627	713.864245236451	498.975101558224	721.151327016626	521.72952747108	642.647277517077	512	512	238.872324555961	167.9295622657	-593.675704802828	688.383005808902	255	65	2	13	177	238	203	3	3	65	25841	3024	2597	282	1842	1826	175	0	0	0	0	0	-556	-11	9	0
10	1	0	0	63	63	up	0	512	533.023658718831	1125.66306157754	525.467291156306	713.043251427744	485.91220253883	789.596097248763	501.433820879266	603.458529407505	512	512	261.174019403595	183.509574825217	-593.83422631466	688.750864727717	260	65	3	13	171	276	165	6	3	62	26235	3021	2703	297	1682	1760	171	0	0	0	0	0	-306	-12	15	0
10	1	0	0	63	63	up	1	512	501.325618059777	862.215618170811	514.176592275328	653.272723135236	528.293208860717	1130.59388957309	523.190693599694	721.616642183731	512	512	241.837877862344	162.796562575807	-593.727848457068	688.503509464078	249	71	5	7	180	226	177	13	8	88	26062	3145	2731	318	1637	1673	165	0	0	0	0	0	-476	-13	9	0
10	1	0	0	63	63	up	2	512	509.866637722274	983.275481578585	507.271619148685	636.547341638697	483.877760685081	825.049756027204	491.093563234386	591.147430803317	512	512	248.146274209706	171.248421443166	-593.904278932065	688.913056425725	253	75	2	10	172	272	162	7	0	71	26249	3078	2646	283	1649	1691	165	0	0	0	0	0	-531	-14	10	0
10	1	0	0	63	63	up	3	512	540.998307173201	1169.42314657921	519.835566719053	672.252153371045	466.239513425405	625.279921720051	493.888010769579	586.654660130189	512	512	235.335749688621	158.623121450373	-593.786622783098	688.640093554463	274	55	1	14	168	247	179	2	6	78	26295	3072	2597	292	1733	1727	194	0	0	0	0	0	-585	-12	14	0
10	1	0	0	64	64	up	0	512	511.373215531022	946.514062055455	510.937225216237	641.378823135143	527.323585405088	1012.93845639073	521.329325168998	670.426507960454	512	512	238.387650431612	161.295544912754	-593.63772047768	688.294893847756	261	65	2	9	175	252	185	10	2	63	26536	3091	2829	312	1657	1591	149	0	0	0	0	0	-360	-13	12	0
10	1	0	0	64	64	up	1	512	516.651855981026	1070.97082645391	511.391194459431	673.157589746911	524.060133227269	1074.48656457917	516.206965272661	658.981122024736	512	512	245.10022241175	170.458237792868	-593.882147418998	688.861626454781	241	85	3	12	171	261	169	12	3	67	26666	3164	2679	259	1630	1680	173	0	0	0	0	0	-603	-21	10	0
10	1	0	0	64	64	up	2	512	512.6690769079	952.67415366783	510.829064554766	646.159748957843	543.042912300395	1142.45286412623	523.359056638348	685.706123192476	512	512	244.926785452938	167.238405654952	-593.881688005407	688.860569154021	251	70	3	9	179	263	179	13	0	57	26589	3237	2655	287	1604	1624	150	0	0	0	0	0	-656	-13	10	0
10	1	0	0	64	64	up	3	512	492.428943621023	769.20940693078	509.746871470831	630.175736971433	531.872735686341	1023.20453434389	529.601982815223	698.090002792885	512	512	245.06129203049	164.179493028244	-593.926652126562	688.964971408659	265	60	4	5	178	244	190	10	4	64	26643	3093	2759	273	1614	1638	162	0	0	0	0	0	-418	-14	12	0
10	1	0	0	65	65	up	0	512	523.340806331962	1005.834685989	519.267094404533	657.468058388816	519.789623396021	1106.6218194948	511.786505767367	678.787823104412	512	512	242.283425116565	167.379787897702	-593.794295296486	688.657781899993	254	65	1	10	182	253	164	13	3	79	26901	3316	2788	275	1600	1580	156	0	0	0	0	0	-644	-13	13	0
10	1	0	0	65	65	up	1	512	543.704478451012	1208.34953030161	522.384716156549	690.472519821589	562.476541092268	1319.21073318886	540.213149344691	770.191734410835	512	512	252.257189345683	180.718784400262	-593.805597770391	688.684270574182	277	55	1	15	164	257	174	17	3	61	26903	3196	2873	308	1699	1598	165	0	0	0	0	0	-332	-14	12	0
10	1	0	0	65	65	up	2	512	503.993282174461	862.258631352114	517.547256296948	667.241970386966	520.931456120393	1142.49897879586	506.388856976465	653.741269854984	512	512	245.304323387683	169.857694495885	-593.754459717314	688.565717141213	262	62	2	7	179	259	159	14	1	79	27083	3221	2718	258	1627	1528	152	0	0	0	0	0	-552	-13	10	0
10	1	0	0	65	65	up	3	512	541.689290178826	1207.62181536311	531.244097313112	737.794129093123	495.96996328352	882.324701868233	508.467165980887	639.719275913845	512	512	252.854393262542	172.912463942044	-593.768370406254	688.597556358591	268	61	4	15	164	265	166	8	4	69	27064	3266	2670	280	1581	1562	163	0	0	0	0	0	-660	-13	11	0
10	1	0	0	66	66	up	0	512	558.302299168836	1318.87370800101	532.789823899321	748.096401452206	500.317487441021	890.927364300439	503.854771116268	635.650259991579	512	512	248.174060139038	168.161820421195	-593.926345948722	688.964080551896	240	74	5	17	176	261	170	8	5	68	27434	3192	2865	301	1593	1480	117	0	0	0	0	0	-308	-11	13	0
10	1	0	0	66	66	up	1	512	516.401559420704	1058.99609559609	509.93713953286	651.280783202763	512.716674379146	1021.11006840715	501.956373043918	623.824924143511	512	512	254.330546297054	178.486546953563	-593.734556352462	688.519218480285	266	69	4	12	161	259	167	11	2	73	27227	3234	3018	313	1584	1556	155	0	0	0	0	0	-327	-13	12	0
10	1	0	0	66	66	up	2	512	511.094575081018	1089.38988683507	497.412757133721	621.276277581666	515.433008930401	883.189455215979	523.887624465847	675.069536102543	512	512	268.78186483026	195.371399746719	-593.738428201796	688.528450326594	257	82	5	13	155	259	189	7	1	56	27297	3165	3023	307	1586	1647	151	0	0	0	0	0	-192	-12	13	0
10	1	0	0	66	66	up	3	512	478.609283508522	783.160623218246	495.290205265836	593.321952963156	520.567784001344	1008.73801650827	522.409305386515	682.707472687436	512	512	261.594902947298	177.777791386514	-593.863084392034	688.817814863166	265	75	1	6	165	236	186	10	2	78	27692	3017	2816	267	1539	1530	148	0	0	0	0	0	-203	-17	13	0
10	1	0	0	67	67	up	0	512	546.046977609773	1187.62581479578	527.806405717308	711.347226236001	491.113828662581	873.288336504074	499.542356159432	615.051119340336	512	512	255.118169916579	177.773943329188	-593.773120827166	688.608927164193	249	66	4	14	179	264	161	8	7	72	27884	3262	2860	298	1534	1536	160	0	0	0	0	0	-563	-13	10	0
10	1	0	0	67	67	up	1	512	523.983118901016	1107.8595102907	520.30730249835	686.060885309755	497.562645726639	915.827136095838	504.501182076689	638.500201281333	512	512	251.581449014227	177.7773052301	-593.723728147051	688.494513588603	265	68	4	13	162	275	158	9	5	65	27768	3326	2854	356	1462	1571	152	0	0	0	0	0	-579	-13	12	0
10	1	0	0	67	67	up	2	512	499.155328169759	949.356178118757	497.393900715544	626.836042688918	517.438033929141	1023.68212774305	515.759975327016	677.214383842531	512	512	250.308767688301	173.072513073424	-593.74698994953	688.548266542467	289	60	2	10	151	271	166	11	2	62	27830	3333	2838	303	1510	1453	130	0	0	0	0	0	-583	-15	12	0
10	1	0	0	67	67	up	3	512	521.718707033834	1000.00364135757	513.872476998808	644.657067762535	525.212129225086	1007.62759002603	523.390302737708	680.308228898075	512	512	259.878834190421	176.330884072447	-593.826794817596	688.732914491754	260	62	2	10	178	256	182	10	2	62	27878	3252	2861	313	1473	1498	134	0	0	0	0	0	-412	-12	13	0
10	1	0	0	68	68	up	0	512	538.647790671648	1139.52515001406	521.955342029906	678.995918725054	502.29416855008	926.855963961886	502.104319831858	627.614468086186	512	512	269.591526341792	187.861035928076	-593.800886159958	688.673207610173	251	67	2	13	179	268	164	9	5	66	28273	3320	2931	292	1432	1430	135	0	0	0	0	0	-467	-14	11	0
10	1	0	0	68	68	up	1	512	489.291176206028	770.640453214888	499.067403500192	601.658229268716	488.206031261019	832.725145056042	498.898343433093	604.971435383955	512	512	277.281635848136	202.549575659356	-593.724033236269	688.494967326275	253	71	1	5	182	269	165	7	2	69	28110	3418	2974	314	1431	1585	131	0	0	0	0	0	-469	-13	11	0
10	1	0	0	68	68	up	2	512	519.156401135085	997.040892271012	523.670531634171	682.948803523713	497.649823326337	890.910958914451	495.262201803191	589.988699096332	512	512	267.172584412553	188.214553888805	-593.69219466286	688.421197252515	256	66	3	10	177	252	172	8	4	76	28171	3347	2985	313	1479	1537	154	0	0	0	0	0	-458	-15	14	0
10	1	0	0	68	68	up	3	512	537.82203259508	1206.02846979095	527.187519292862	717.613959641225	527.6690769079	1124.70297740219	522.838621417517	702.940135926811	512	512	265.06533499098	190.621919289433	-593.834955825554	688.752246015429	256	71	5	15	165	243	174	13	2	80	28380	3332	2802	302	1494	1418	155	0	0	0	0	0	-576	-13	10	0
10	1	0	0	69	69	up	0	512	543.322625715725	941.425832148856	550.598557987939	709.74827593507	475.537294181009	800.859946867813	481.552183963973	568.025921287992	512	512	267.691432424016	189.521821195189	-593.776895853145	688.617761496191	234	52	0	7	219	293	147	7	2	63	28574	3416	2987	351	1381	1397	122	0	0	0	0	0	-519	-16	11	0
10	1	0	0	69	69	up	1	512	563.426910966334	1250.63512752414	560.172409799057	792.549367596366	484.405624730082	789.302085242215	492.525552546065	585.410315814908	512	512	261.972997131884	187.891013637805	-593.669582542672	688.368903874852	248	56	9	15	184	272	166	6	2	66	28672	3459	2895	302	1518	1522	163	0	0	0	0	0	-675	-15	11	0
10	1	0	0	69	69	up	2	512	569.22432515322	1124.56773488162	571.259036306302	784.239233042512	473.502852327261	799.231566321259	479.216113911491	561.223031656276	512	512	260.618619886659	185.69446072934	-593.716848150441	688.478455910949	238	45	3	11	215	289	147	7	2	67	28680	3309	3017	322	1501	1412	163	0	0	0	0	0	-437	-14	14	0
10	1	0	0	69	69	up	3	512	492.735927960709	805.00851807615	520.797866731188	663.080976056717	504.040879645706	893.639114561752	503.000637746273	612.20112890081	512	512	269.266325228647	191.159203371442	-593.70261218287	688.445566634405	266	63	4	6	173	274	171	8	0	59	28720	3387	2904	317	1537	1442	149	0	0	0	0	0	-617	-14	11	0
10	1	0	0	70	70	up	0	512	503.579866653514	1035.77879722379	483.422359493095	594.379328261837	498.416747692889	1065.08079156893	482.105154008348	601.261791474038	512	512	274.946667806272	200.426539202962	-593.649199380715	688.321455679737	273	75	1	12	151	267	144	13	2	86	29072	3467	2983	318	1359	1396	142	0	0	0	0	0	-529	-13	10	0
10	1	0	0	70	70	up	1	512	499.981086246327	994.019152930906	485.25843122917	597.528721447145	469.367117566955	763.667048615147	470.865382005	548.585534614308	512	512	270.202362335491	191.947483958049	-593.761349326804	688.581544591899	272	74	2	11	153	270	154	6	5	77	29179	3348	2979	334	1319	1365	125	0	0	0	0	0	-515	-15	14	0
10	1	0	0	70	70	up	2	512	465.538367146335	763.954857645036	470.41010102509	545.274183767866	456.315454786332	708.306517120311	470.046704839518	554.062454647262	512	512	282.462811994168	208.646019148646	-593.790979947691	688.650133501943	260	88	0	6	158	264	151	5	6	86	29218	3260	3057	305	1470	1361	141	0	0	0	0	0	-227	-11	13	0
10	1	0	0	70	70	up	3	512	453.906104574763	733.777907542819	459.905400161694	521.652758329036	480.720739688523	714.334018728278	492.402195594005	589.796654652782	512	512	263.395181881161	186.58609519548	-593.822092221971	688.722307921079	277	83	7	6	139	265	175	4	3	65	29168	3488	2872	312	1354	1425	143	0	0	0	0	0	-738	-17	11	0
10	1	0	0	71	71	up	0	512	487.918300502897	871.964170373396	487.652900807894	587.276906428067	592.227317497272	1444.89410868798	574.833729318839	851.698578096335	512	512	264.231757181083	187.060088437113	-593.820723183883	688.719333800968	259	79	3	8	163	245	189	19	5	54	29722	3428	2887	315	1338	1234	120	0	0	0	0	0	-666	-14	12	0
10	1	0	0	71	71	up	1	512	483.263792005709	901.673259855178	488.159116830474	604.629493756478	535.298233859458	982.534462742425	553.730801069191	752.272132188682	512	512	274.880182458736	196.978377824664	-593.651580203258	688.326969717983	254	89	4	9	156	266	188	9	6	43	29626	3409	2990	327	1364	1301	131	0	0	0	0	0	-528	-15	11	0
10	1	0	0	71	71	up	2	512	507.899046921333	976.872818320042	505.819120307806	631.131383768818	536.939586739149	1026.3482123069	553.455350331875	770.730931304486	512	512	270.16170490944	193.384139679843	-593.869185387432	688.831630716579	260	72	2	10	168	255	189	10	5	53	29523	3527	2967	335	1351	1260	144	0	0	0	0	0	-650	-12	11	0
10	1	0	0	71	71	up	3	512	457.639660052892	744.919818538957	488.424152290814	614.558924761611	557.735927960709	1167.46306653556	564.994270081751	808.377516834836	512	512	282.363784223153	201.598576375241	-593.868470815578	688.829879473479	267	87	6	6	146	258	189	13	4	48	29639	3369	3023	321	1293	1278	134	0	0	0	0	0	-369	-15	11	0
10	1	0	0	72	72	up	0	512	492.899046921333	841.899426115358	500.703088552258	617.353314075161	517.150303171019	1025.86572153073	510.97280898791	643.382982413165	512	512	276.632769504324	197.657725512756	-593.732591485282	688.514826105449	264	68	4	7	169	265	168	11	2	66	29902	3567	3092	303	1338	1271	117	0	0	0	0	0	-552	-13	15	0
10	1	0	0	72	72	up	1	512	499.031789337587	967.334904277561	508.187995129952	669.818780677376	511.526171218202	1012.0036330942	510.588404807671	664.4317231837	512	512	289.738123191457	208.750818304004	-593.713771390398	688.471159307204	244	87	6	10	165	274	160	11	3	64	29865	3521	3126	352	1287	1351	129	0	0	0	0	0	-443	-13	11	0
10	1	0	0	72	72	up	2	512	548.753148887583	1300.68966937285	525.965907356625	717.125551136119	533.561686037277	1024.23468846801	540.652821498678	725.416998420656	512	512	253.361050755916	174.849171774974	-593.831454883691	688.744064581369	248	77	2	17	168	245	189	10	7	61	29944	3630	2989	301	1387	1228	118	0	0	0	0	0	-716	-16	12	0
10	1	0	0	72	72	up	3	512	510.815934631013	935.795651581943	512.78507330275	637.374607967108	516.276947623206	1023.9331265683	516.913934609674	684.870290086711	512	512	284.284162355369	205.442039764557	-593.756644720477	688.570841749962	281	52	4	9	166	262	166	11	6	67	29845	3505	3222	292	1250	1287	154	0	0	0	0	0	-343	-11	10	0
10	1	0	0	73	73	up	0	512	500.269889969776	822.491449561122	511.498597147734	636.870215309404	531.757214196961	1017.69410951432	531.370783066235	694.47827143566	512	512	279.014912985367	205.393846624837	-593.867875282196	688.82859772005	253	65	6	6	182	258	186	10	2	56	30471	3490	3099	316	1259	1264	136	0	0	0	0	0	-415	-13	13	0
10	1	0	0	73	73	up	1	512	478.67613456133	778.386340506257	496.733619509538	604.429306457001	531.507990601965	1095.84311316808	531.350136333785	733.010596971821	512	512	288.440249795377	209.70303104862	-593.80089857854	688.673199164204	276	68	1	6	161	242	182	12	2	74	30263	3560	3228	325	1175	1221	111	0	0	0	0	0	-402	-13	12	0
10	1	0	0	73	73	up	2	512	498.590029926958	888.069271164892	502.980670859146	618.538936736512	480.047937299135	846.353517339226	486.74353232862	586.568772921288	512	512	273.10455658228	194.517478192934	-593.755463206184	688.567699149469	266	68	0	8	170	287	147	8	3	67	30172	3721	3161	322	1230	1245	143	0	0	0	0	0	-725	-15	11	0
10	1	0	0	73	73	up	3	512	498.262719040383	983.578349077955	494.663853256386	626.69668768982	539.712609069768	1097.58235264231	531.855263200618	702.331172867503	512	512	287.049269333395	209.229963239368	-593.695740166571	688.429241595195	287	65	4	11	145	269	178	12	2	51	30253	3598	3187	338	1209	1260	121	0	0	0	0	0	-486	-13	13	0
10	1	0	0	74	74	up	0	512	538.762239195702	1203.18678204139	523.790801956832	705.936069324662	497.399526766015	915.991659586309	497.544539145872	615.933517432716	512	512	288.008091744401	210.900314000851	-593.8647140287	688.821261043269	270	63	1	15	163	273	158	9	6	66	30860	3553	3123	352	1176	1176	112	0	0	0	0	0	-555	-17	12	0
10	1	0	0	74	74	up	1	512	559.126984280077	1384.63245848124	525.973199965593	735.663454518201	497.792615740072	1022.08123227773	489.765767522571	615.546455090239	512	512	279.459346482478	204.533829197277	-593.827589587041	688.735334963958	260	70	1	19	162	280	143	12	3	74	30696	3678	3176	338	1176	1209	108	0	0	0	0	0	-621	-14	16	0
10	1	0	0	74	74	up	2	512	499.952742356645	815.317609210606	511.994646537344	635.800639637352	528.407657384771	1120.14465854106	524.952269133822	716.0915422903	512	512	279.569610217451	201.371742550024	-593.772224608264	688.606757436114	271	55	3	6	177	253	169	13	5	72	30712	3634	3205	337	1173	1237	124	0	0	0	0	0	-562	-14	19	0
10	1	0	0	74	74	up	3	512	531.334708367895	1124.60629965809	530.005848669176	735.704353645326	517.111796007892	1061.06660625367	512.149991755313	677.153573188289	512	512	291.944523855406	215.106228428052	-593.801903600834	688.675679582906	255	69	4	13	171	263	162	12	5	70	30835	3570	3160	323	1167	1273	128	0	0	0	0	0	-565	-14	10	0
10	1	0	0	75	75	up	0	512	498.004405137268	846.897650885108	507.551133057485	636.895189078973	518.695388142893	1065.06971187369	510.157036286627	661.430417527324	512	512	300.578278417753	221.792402584616	-593.727703411123	688.503380091361	273	59	3	7	170	263	165	12	2	70	31222	3575	3269	334	1114	1161	120	0	0	0	0	0	-365	-11	10	0
10	1	0	0	75	75	up	1	512	540.192875643523	1104.59166950235	529.48890415852	699.782276316366	494.175654716649	810.103420590003	499.873076097699	606.716350230215	512	512	291.602020038178	216.094075338346	-593.785307306681	688.636900502652	253	60	4	12	183	263	177	6	1	65	31115	3627	3314	344	1156	1154	123	0	0	0	0	0	-442	-16	10	0
10	1	0	0	75	75	up	2	512	487.601152889766	790.652859168208	499.971619504382	610.36283096832	512.592062581647	874.880804790322	513.106227050924	631.106281271235	512	512	286.171384776426	206.58142829975	-593.757779526048	688.573377820708	281	58	2	6	165	267	184	7	1	53	31150	3662	3246	342	1143	1146	95	0	0	0	0	0	-520	-12	12	0
10	1	0	0	75	75	up	3	512	499.424878311645	888.120711525273	500.123132957317	606.918648989307	530.70148610696	1052.1074117593	527.355317627557	694.26312800961	512	512	284.786578546264	201.515853098978	-593.715175973445	688.474871681628	267	66	2	8	169	258	181	11	1	61	31164	3759	3120	357	1144	1182	126	0	0	0	0	0	-768	-14	13	0
10	1	0	0	76	76	up	0	512	526.162499099152	939.078592156622	531.681189244192	697.568860735785	480.212129225086	751.008962916634	491.669967826853	576.313075291267	512	512	283.555235625021	207.205322084652	-593.680205393691	688.393264476692	251	56	4	8	193	264	172	5	0	71	31574	3823	3144	371	1112	1178	104	0	0	0	0	0	-771	-12	13	0
10	1	0	0	76	76	up	1	512	524.482639056335	1004.60319816976	521.684136987225	671.254912564838	526.411722694148	1083.31539327156	512.442840579768	660.399929935536	512	512	289.742239765146	210.882753410049	-593.807449834434	688.688343896733	256	61	6	10	179	251	175	12	2	72	31690	3715	3171	336	1127	1071	106	0	0	0	0	0	-578	-13	10	0
10	1	0	0	76	76	up	2	512	530.038846991017	1118.44620804572	516.851986735108	676.567442664585	544.26175935102	1107.84843059546	533.393035584809	708.514973086772	512	512	303.272541858386	233.174347434356	-593.649935135276	688.32363277801	265	64	3	13	167	261	183	12	4	52	31610	3670	3270	362	1206	1174	108	0	0	0	0	0	-475	-16	12	0
10	1	0	0	76	76	up	3	512	464.789623396021	648.836897796367	484.504084783939	561.145832335059	516.718707033834	1029.14111221224	510.463687851369	657.649745462774	512	512	296.451730584645	223.820255873889	-593.872235239193	688.838660433221	273	68	2	3	166	256	171	11	2	72	31816	3600	3185	311	1105	1109	110	0	0	0	0	0	-511	-13	11	0
10	1	0	0	77	77	up	0	512	515.345831330703	945.161063927044	523.095730425149	674.965460350768	524.376207875074	1102.75618059777	509.397062485558	663.279329151861	512	512	284.811113458865	208.331724834942	-593.704556143871	688.449457167241	278	51	3	9	171	280	158	13	2	59	31791	3992	3253	388	1022	1020	100	0	0	0	0	0	-960	-13	9	0
10	1	0	0	77	77	up	1	512	536.70854376039	1052.38279417744	536.629411741355	716.022812553386	491.450229857275	807.305194993915	504.644308042105	622.267911717871	512	512	295.330538580124	218.81253180587	-593.829727615779	688.740096073232	279	43	2	11	177	257	176	6	3	70	31870	3799	3384	371	968	1010	108	0	0	0	0	0	-550	-13	9	0
10	1	0	0	77	77	up	2	512	528.196940952901	1051.89987508753	527.902036211137	718.515226941608	488.195867987575	898.405847380574	489.959428281769	592.512401555405	512	512	296.719280874774	231.379504461036	-593.727202241023	688.502250463385	247	69	3	11	182	284	151	9	0	68	32072	3760	3247	345	997	1153	113	0	0	0	0	0	-592	-19	15	0
10	1	0	0	77	77	up	3	512	550.154368480396	1192.73712269562	536.208754029193	726.011105318981	501.929423465704	925.35707193141	506.541988218247	646.946723212776	512	512	299.793820886914	223.362725301375	-593.868666041054	688.830571897991	255	60	2	14	181	270	163	9	5	65	32294	3580	3226	324	1079	1109	127	0	0	0	0	0	-427	-13	13	0
10	1	0	0	78	78	up	0	512	537.428943621023	1099.96550489485	533.859702846627	714.771418990156	492.188810334145	839.802307662457	499.198572154404	621.184427567679	512	512	299.958929117191	226.971566854608	-593.683184611199	688.400284346629	253	62	4	12	181	263	167	7	7	68	32288	3857	3419	372	998	994	107	0	0	0	0	0	-566	-13	13	0
10	1	0	0	78	78	up	1	512	496.027724028209	885.106522078333	503.193194666774	625.290221051814	525.403592075393	1037.91627634183	518.983051308821	668.757848159624	512	512	297.6429456969	224.432669094931	-593.770420494852	688.602795755565	262	72	1	8	169	271	173	11	0	57	32451	3825	3329	331	1017	1016	104	0	0	0	0	0	-555	-17	10	0
10	1	0	0	78	78	up	2	512	501.978093902275	824.502092679248	519.323324498189	644.022380044036	505.249563422887	998.82624641487	495.882557897165	619.949073045176	512	512	297.887754552741	219.070945968644	-593.88276415673	688.863269845486	261	61	0	6	184	279	153	11	4	65	32450	3802	3289	395	1007	987	79	0	0	0	0	0	-571	-17	11	0
10	1	0	0	78	78	up	3	512	503.570776345395	932.11538996621	512.286930644089	660.300221019108	536.948677047267	1167.06705109416	519.55490675068	681.788517981669	512	512	291.75518469309	220.455743456741	-593.758838738471	688.575740865035	263	69	3	9	168	261	168	14	4	65	32472	3804	3308	352	1047	986	91	0	0	0	0	0	-554	-16	11	0
10	1	0	0	79	79	up	0	512	565.711649380405	1190.15398366447	561.850485717161	791.436099411325	515.566711036017	947.751752851358	512.043536557825	634.505599807755	512	512	297.332179853159	225.691059231908	-593.804011732308	688.680269150138	239	55	2	13	203	273	173	9	3	54	32760	3981	3351	356	966	983	79	0	0	0	0	0	-774	-15	13	0
10	1	0	0	79	79	up	1	512	562.439106894467	1185.12072392033	559.474768686294	778.419988281437	508.963865319453	971.985452477963	504.478048173961	637.287459328802	512	512	304.616353465173	229.953121572702	-593.767356565723	688.595336841165	238	58	2	13	201	274	163	10	3	62	32839	3890	3366	353	933	1029	114	0	0	0	0	0	-674	-14	11	0
10	1	0	0	79	79	up	2	512	579.021626064143	1382.19521335216	560.335304561637	805.613109370701	517.495794673831	1063.49277168752	514.84323038989	690.207427526826	512	512	308.54671225207	243.42577840169	-593.652605311284	688.329330334663	259	52	2	18	181	260	164	12	4	72	32647	3904	3514	383	978	954	101	0	0	0	0	0	-494	-15	11	0
10	1	0	0	79	79	up	3	512	556.997347483839	1060.82848301234	563.889270110274	766.514670143159	485.182712370078	934.84664710184	479.889165940013	583.075007476199	512	512	323.812832373007	254.009648912714	-593.74403516945	688.541456846718	256	39	2	10	205	268	148	10	3	83	32781	3821	3474	372	936	1013	75	0	0	0	0	0	-425	-15	11	0
10	1	0	0	80	80	up	0	512	506.123991936026	942.607634179542	504.633199284195	632.733871892189	460.662978943834	753.99121887751	463.593443792169	531.635255853035	512	512	309.386116443354	244.891848993516	-593.729948299606	688.508660147556	249	76	3	9	175	260	152	6	4	90	33129	3938	3509	384	927	959	87	0	0	0	0	0	-570	-17	12	0
10	1	0	0	80	80	up	1	512	497.918300502897	924.882131048403	489.281255833206	592.080595165714	456.075321499454	704.815162587946	468.248135382661	537.956986224772	512	512	304.650650823649	227.361702387595	-593.799354707218	688.669746172628	259	76	2	9	166	274	149	5	3	81	33400	3788	3409	363	958	848	92	0	0	0	0	0	-486	-13	19	0
10	1	0	0	80	80	up	2	512	506.199933296953	1041.47015092981	499.451627652069	659.421657845684	443.79165605071	654.306961960794	458.961323627388	519.604228362299	512	512	306.786117695604	237.822551582309	-593.856898737019	688.803328349819	266	76	5	12	153	262	150	4	2	94	33371	3819	3356	414	970	936	88	0	0	0	0	0	-546	-18	14	0
10	1	0	0	80	80	up	3	512	473.67613456133	844.579242890607	480.206029755392	587.802526020528	488.081419463521	871.799646882925	488.323801427106	600.112437941642	512	512	314.552075433639	249.347390267961	-593.745232512383	688.543924045653	268	84	2	8	150	261	163	8	2	78	33253	3866	3446	395	863	940	87	0	0	0	0	0	-564	-19	10	0
10	1	0	0	81	81	up	0	512	551.008470446646	1230.77126798905	531.942526483265	724.607374902429	548.754221852909	1020.17926520171	561.981133692572	772.393525903141	512	512	311.700171003431	233.137838396391	-593.683358483211	688.400332597664	251	65	4	15	177	235	211	9	3	54	33674	4001	3408	389	908	847	89	0	0	0	0	0	-651	-15	15	0
10	1	0	0	81	81	up	1	512	521.920333157586	1001.66705687852	531.558424119136	716.690773257381	532.093615391655	988.739791738521	534.123320834177	711.598171310921	512	512	307.938986566645	236.284788497367	-593.680532013377	688.393737276245	256	64	3	10	179	243	196	9	3	61	33672	3993	3421	386	871	857	103	0	0	0	0	0	-656	-18	14	0
10	1	0	0	81	81	up	2	512	501.967930628831	1001.3224817975	509.810710102739	674.511432819676	485.480606401646	755.789448605283	514.690433859402	644.169366581114	512	512	320.689908840851	250.101798073832	-593.75486510277	688.566527465616	260	79	5	11	157	267	171	5	6	63	33717	3934	3468	353	887	941	93	0	0	0	0	0	-555	-15	10	0
10	1	0	0	81	81	up	3	512	506.689290178826	966.839109603729	509.641815437163	660.606678349875	553.610356473848	1066.27106209554	548.855515291818	722.876332464306	512	512	306.53059058233	232.555280514568	-593.839179524481	688.761812232417	276	62	4	10	160	232	212	10	1	57	33656	4039	3423	354	840	859	72	0	0	0	0	0	-761	-16	11	0
10	1	0	0	82	82	up	0	512	505.49076967509	833.000099160442	517.280186614489	650.462212354387	496.641692707581	956.678136573757	493.825136795732	615.896566423847	512	512	326.264829105694	258.490823988934	-593.760255502328	688.579206414836	248	64	7	6	187	260	158	10	5	79	34113	4004	3528	339	851	807	88	0	0	0	0	0	-518	-14	10	0
10	1	0	0	82	82	up	1	512	527.832195868525	1013.34555152737	525.932136249512	679.845773045699	514.645758016959	1062.71361638863	501.762319594173	642.385097330454	512	512	325.58611917442	257.736085543652	-593.749218233925	688.553507553553	253	62	2	10	185	250	165	12	5	80	34094	4025	3512	353	848	899	82	0	0	0	0	0	-629	-14	12	0
10	1	0	0	82	82	up	2	512	503.14827051633	890.805853991271	506.838338037771	628.590401640131	574.84738414071	1344.80275663463	545.602442514062	750.413193284262	512	512	317.146091111881	250.241205516309	-593.856486010529	688.802212950774	276	58	1	8	169	246	187	17	3	59	34070	4078	3487	349	842	864	86	0	0	0	0	0	-611	-15	17	0
10	1	0	0	82	82	up	3	512	532.746091234153	988.055089981322	539.673052044379	708.57558584581	503.858507103518	929.931796178534	505.789153896059	636.879687433642	512	512	317.303005995524	251.449115652788	-593.722203782576	688.490680759355	247	58	3	9	195	269	166	9	3	65	33964	4110	3512	398	792	849	92	0	0	0	0	0	-679	-16	10	0
10	1	0	0	83	83	up	0	512	523.715714689783	978.708307224627	524.416943979198	680.37396338407	477.322512439762	843.581899538454	481.725063730139	571.8029232786	512	512	318.376090570385	247.692649833898	-593.724022037919	688.495031190577	233	73	4	9	193	285	147	8	1	71	34419	4055	3625	397	805	850	83	0	0	0	0	0	-605	-14	11	0
10	1	0	0	83	83	up	1	512	513.177687371338	878.970385745112	525.657152708019	667.494754715753	470.682232525397	696.643550571533	486.026603381882	572.30729141126	512	512	331.771256818728	259.304527325333	-593.693646107901	688.424637386693	260	57	1	7	187	267	167	4	3	71	34379	4115	3676	326	769	830	79	0	0	0	0	0	-503	-13	11	0
10	1	0	0	83	83	up	2	512	512.869630066325	975.433344856857	513.267407675219	651.117541043847	502.054035263202	997.502080284193	490.812219197224	597.208697167357	512	512	311.989017099971	239.553437791208	-593.788573063547	688.644749657646	284	54	0	10	164	274	155	11	0	72	34350	4175	3605	366	770	772	89	0	0	0	0	0	-699	-15	11	0
10	1	0	0	83	83	up	3	512	533.46541812946	1130.81783163085	536.526180665393	742.098826140812	475.710576415079	809.125584112167	481.713299335738	577.212391747517	512	512	314.749074256399	247.547317736838	-593.641878825176	688.30457505515	246	72	7	13	174	272	153	7	5	75	34375	4119	3598	404	820	753	85	0	0	0	0	0	-684	-11	14	0
10	1	0	0	84	84	up	0	512	530.73892030476	1149.14198949815	522.89950335484	689.496075847095	506.123991936026	942.607634179542	505.288630622957	638.073365978304	512	512	319.439153846111	250.598352614542	-593.835690977486	688.753992358104	281	58	1	14	158	249	175	9	3	76	34980	4105	3560	363	746	728	79	0	0	0	0	0	-683	-14	12	0
10	1	0	0	84	84	up	1	512	553.945684703216	1132.49677525187	550.118937705673	753.098758132416	518.483598745697	1054.92292002729	501.487025141674	637.474267264223	512	512	308.604402875831	235.710959224755	-593.816951557486	688.710570204732	242	57	4	12	197	282	156	12	5	57	35052	4226	3356	374	752	801	72	0	0	0	0	0	-992	-14	11	0
10	1	0	0	84	84	up	2	512	558.417820658215	1213.21783824154	540.708602997958	738.971495711137	470.806844322895	768.761951129	476.66238232741	550.941730628016	512	512	314.551991763023	245.278418065779	-593.776408507633	688.616061428266	238	64	4	14	192	267	158	6	2	79	34992	4106	3520	390	707	761	68	0	0	0	0	0	-661	-19	14	0
10	1	0	0	84	84	up	3	512	521.229350151961	963.441780299305	532.880523553757	701.605899730553	544.798713704139	1286.9570694524	515.977292034267	707.696541492773	512	512	339.487616371924	277.990963037123	-593.752389826165	688.560721016706	258	59	4	9	182	263	159	17	3	70	34991	3999	3611	407	669	801	80	0	0	0	0	0	-520	-13	12	0
10	1	0	0	85	85	up	0	512	526.871662721014	999.27370221665	530.527725237504	696.123286754219	513.378240529763	1012.89587152317	502.39142162605	635.862648866467	512	512	325.876444115599	258.836188936338	-593.645939200327	688.313904166924	277	46	6	10	173	281	160	11	1	59	35030	4285	3799	406	717	666	76	0	0	0	0	0	-623	-14	12	0
10	1	0	0	85	85	up	1	512	519.559653382588	963.312291783228	524.253778481652	681.272158503688	514.645758016959	988.602753329277	507.272534237588	650.514648873369	512	512	343.24991456582	280.806305671162	-593.769469599824	688.600328887578	252	64	4	9	183	258	173	10	3	68	35419	4049	3640	412	667	762	80	0	0	0	0	0	-457	-16	11	0
10	1	0	0	85	85	up	2	512	530.538367146336	1052.27193524977	531.896479064868	709.063592979294	497.956807666023	926.736677855136	495.077243866499	605.169467438627	512	512	327.389659778125	255.237748096899	-593.885654740686	688.869702071151	256	62	2	11	181	257	168	9	0	78	35236	4289	3612	383	723	675	61	0	0	0	0	0	-794	-18	14	0
10	1	0	0	85	85	up	3	512	470.826097904458	732.607185207373	485.83053509233	562.746801247387	468.781492777265	759.577467660358	487.438615388771	590.751884022486	512	512	341.652162182095	277.667581251671	-593.73954050278	688.530953261035	266	75	4	5	162	277	151	6	5	73	35316	4036	3761	407	654	709	73	0	0	0	0	0	-377	-15	11	0
10	1	0	0	86	86	up	0	512	524.684265180086	1006.29322148602	523.791911778804	684.737368861308	477.131049589455	776.237781692975	492.825148478205	610.192598918008	512	512	331.046019210145	261.411214897629	-593.853676017328	688.795694822417	256	62	3	10	181	274	160	6	2	70	35736	4274	3638	384	592	689	57	0	0	0	0	0	-741	-14	11	0
10	1	0	0	86	86	up	1	512	516.574841654773	956.095438251408	531.73728818673	705.728199510569	533.330643058517	1161.46217272291	511.904882833743	667.687555409428	512	512	339.845860377978	280.586924736084	-593.609371611122	688.229263642994	257	63	4	9	179	261	166	14	3	68	35719	4211	3710	392	617	664	58	0	0	0	0	0	-609	-15	12	0
10	1	0	0	86	86	up	2	512	520.615381472589	965.981028863238	541.025492286005	738.042706129187	484.875728030392	824.910065101799	492.149835454965	595.482989301859	512	512	327.453367945584	262.502498679686	-593.801450960239	688.674102260879	252	64	2	9	185	271	160	7	5	69	35703	4234	3695	400	583	625	64	0	0	0	0	0	-637	-15	12	0
10	1	0	0	86	86	up	3	512	546.718707033834	1150.78634711695	541.655491404086	749.037050248905	476.49782732852	777.849756853541	486.574854091257	571.412463711054	512	512	320.570012715349	248.881301407846	-593.793873620134	688.656932693914	252	59	6	13	182	269	162	6	1	74	35637	4351	3658	386	670	619	81	0	0	0	0	0	-827	-15	10	0
10	1	0	0	87	87	up	0	512	525.797754014776	937.606307921461	529.96785371481	676.849407908797	504.089550082277	866.868390573631	503.134481143781	609.84463159418	512	512	334.555146602905	270.322453165528	-593.776202716805	688.615999779913	257	54	0	8	193	253	183	7	1	68	36078	4314	3743	409	560	654	56	0	0	0	0	0	-706	-18	13	0
10	1	0	0	87	87	up	1	512	502.495794673831	891.463947953155	518.243112834589	673.239558535802	491.411722694148	842.50607971686	504.213173986422	649.083782312721	512	512	327.224473203787	253.18089596634	-593.925856927319	688.963044659754	268	62	5	8	169	255	170	7	6	74	36236	4355	3607	346	509	618	50	0	0	0	0	0	-845	-14	12	0
10	1	0	0	87	87	up	2	512	572.390436457896	1301.83823231782	554.016062574808	788.833100895335	481.612275852573	849.429349555874	482.14851735861	574.343443693899	512	512	336.370220567146	269.09374689658	-593.842712244777	688.7705166438	251	53	5	16	187	288	149	8	1	66	36161	4298	3677	408	555	587	62	0	0	0	0	0	-696	-20	14	0
10	1	0	0	87	87	up	3	512	483.446164547897	754.187675854044	502.634503990874	602.370607199602	508.407657384771	1014.30873719104	508.636762328984	670.047778526512	512	512	342.405100791965	274.631639228656	-593.853705998729	688.796336760368	267	66	2	5	172	253	163	11	7	78	36363	4120	3653	408	595	602	55	0	0	0	0	0	-601	-14	13	0
10	1	0	0	88	88	up	0	512	588.849416795399	1368.69632958505	567.136482643407	818.092355690722	490.010503101335	876.347763334735	494.210667617774	608.065641581817	512	512	342.191232043603	279.207059148428	-593.787863856596	688.643197159285	247	49	1	17	198	256	165	8	4	79	36701	4255	3692	408	516	630	70	0	0	0	0	0	-706	-14	11	0
10	1	0	0	88	88	up	1	512	557.841286176644	1238.65419368966	544.691873041019	755.21267211805	502.928463776341	830.063957869199	511.137175259724	640.681507139057	512	512	333.95259421044	264.650847569625	-593.828403051235	688.73701000995	259	55	4	15	179	248	187	6	4	67	36586	4448	3636	386	546	571	46	0	0	0	0	0	-798	-15	15	0
10	1	0	0	88	88	up	2	512	525.634635054152	1048.93712600097	536.644465368053	739.522318042326	484.107730698514	894.2218128841	489.424832401769	603.455648785648	512	512	331.747239612651	264.759564270745	-593.802218471595	688.676463868823	243	73	4	11	181	277	150	9	1	75	36607	4395	3644	410	494	561	43	0	0	0	0	0	-876	-17	13	0
10	1	0	0	88	88	up	3	512	556.967930628831	1273.83024584754	539.745693300831	744.223689181897	506.315454786332	1009.95175202502	492.591943998827	608.693754366314	512	512	345.31068676394	282.535240728742	-593.763590643219	688.587160833497	260	60	1	16	175	260	162	11	2	77	36669	4177	3813	397	504	649	59	0	0	0	0	0	-462	-15	13	0
10	1	0	0	89	89	up	0	512	580.576874309462	1318.63646204559	579.195748842196	846.747466989001	510.221219533205	1013.3730366086	497.243779566845	629.540082561861	512	512	343.976423877065	280.668332293522	-593.819522508399	688.7162827072	242	52	7	16	195	266	162	11	3	70	37031	4329	3817	391	483	526	53	0	0	0	0	0	-551	-19	11	0
10	1	0	0	89	89	up	1	512	583.216194534464	1251.17083389094	584.962340981968	853.146508611222	457.706511105701	666.034672767611	473.694061660338	538.936782283081	512	512	341.214066188911	277.477041043054	-593.678736592865	688.389980642647	246	41	4	14	207	286	150	4	4	68	36826	4470	3822	450	509	548	48	0	0	0	0	0	-728	-15	13	0
10	1	0	0	89	89	up	2	512	595.653888635715	1457.29234006843	582.262682081414	878.363554647073	466.978093902275	694.885681508901	475.67141289962	544.355678895805	512	512	355.184871041328	298.438133759689	-593.763608264342	688.586813460161	230	61	5	19	197	257	168	4	3	80	37095	4333	3758	382	482	512	56	0	0	0	0	0	-641	-17	14	0
10	1	0	0	89	89	up	3	512	612.25673435228	1485.97660111683	597.248450179655	905.423249931852	493.67613456133	1061.58145882966	481.99987772026	617.40502389017	512	512	344.579864390139	279.730155950995	-593.814294687588	688.704445007888	229	50	4	19	210	256	144	13	3	96	37056	4315	3792	405	472	541	56	0	0	0	0	0	-705	-14	10	0
10	1	0	0	90	90	up	0	512	497.055108228528	820.240010027078	519.335952951609	665.430664596448	477.400599731341	826.168609688525	470.439840319366	555.468148181765	512	512	347.972868449779	280.817280662776	-593.844489871335	688.774032783074	249	71	3	6	183	240	166	7	5	94	37517	4428	3733	402	476	516	35	0	0	0	0	0	-731	-17	10	0
10	1	0	0	90	90	up	1	512	544.079386808832	1107.11228847788	539.534513968418	713.954179437725	444.626504435396	654.358402321176	457.368279528888	516.572981572374	512	512	354.756610511524	293.302227134099	-593.85126145732	688.789970266013	264	51	2	12	183	263	149	4	4	92	37607	4267	3821	385	464	492	48	0	0	0	0	0	-602	-13	10	0
10	1	0	0	90	90	up	2	512	538.042912300395	1060.37082480124	533.637122525115	701.670070581075	452.908137229452	696.835559143231	459.821361568081	517.224394693524	512	512	354.003435612042	295.126323886674	-593.860979098371	688.812488423294	263	51	5	11	182	278	144	5	5	80	37544	4337	3794	405	435	496	43	0	0	0	0	0	-664	-17	14	0
10	1	0	0	90	90	up	3	512	591.881825994459	1407.24045073588	573.664909794025	853.393521847265	473.762239195702	840.732233581985	466.673914103307	536.283468474766	512	512	340.52218610691	276.956725658179	-593.674396937324	688.380156877801	246	49	7	18	192	278	147	8	1	78	37300	4529	3799	452	467	473	41	0	0	0	0	0	-906	-15	13	0
10	1	0	0	91	91	up	0	512	564.347863985392	1209.83734263685	563.885591882691	795.15153327065	497.418780347578	953.974364519354	490.275521841192	614.889520905408	512	512	360.950059647271	301.716562679115	-593.574308730467	688.147711755189	271	40	1	14	186	268	155	10	6	73	37537	4499	4125	431	399	421	33	0	0	0	0	0	-409	-13	15	0
10	1	0	0	91	91	up	1	512	586.958840320712	1291.83868128999	591.005267693515	864.138269497499	510.566711036017	1125.13755762006	479.793132157949	595.065038250484	512	512	347.489369189507	283.44950775623	-593.869449994492	688.83226588257	250	40	3	15	204	257	151	14	3	87	37851	4488	3847	406	431	421	41	0	0	0	0	0	-736	-16	12	0
10	1	0	0	91	91	up	2	512	614.378353805726	1462.68880448199	605.907822415893	936.041956101243	490.979053591638	978.043540655488	473.000334984412	568.229938845834	512	512	352.813261239391	294.934806797137	-593.788078394442	688.643301829076	210	57	3	18	224	271	145	11	5	80	37896	4452	3826	418	402	414	37	0	0	0	0	0	-662	-17	15	0
10	1	0	0	91	91	up	3	512	616.373215531022	1557.64266915394	598.202633858847	912.184952902792	479.894981611955	892.030240889516	478.203016279786	585.235784837365	512	512	346.926405593284	281.031440461367	-593.633719011638	688.285470489401	241	46	7	21	197	262	150	9	5	86	37549	4579	4050	414	455	430	56	0	0	0	0	0	-714	-17	15	0
10	1	0	0	92	92	up	0	512	578.456327821342	1246.7442277483	589.216949767402	876.736337430283	432.073288844766	628.030236757831	444.439619629321	489.082227449549	512	512	360.676425379923	300.194981796467	-593.772605396418	688.607485263871	236	50	6	14	206	277	136	4	2	93	38269	4468	3965	402	402	422	51	0	0	0	0	0	-478	-16	14	0
10	1	0	0	92	92	up	1	512	589.732935616657	1193.72871204328	595.166170825467	857.897615509647	477.909210194778	863.631136354842	468.652365233254	552.085706604555	512	512	351.977355007561	290.355663328557	-593.750677890417	688.556862719468	239	33	4	12	224	237	162	8	6	99	38353	4496	3825	430	386	407	35	0	0	0	0	0	-765	-12	17	0
10	1	0	0	92	92	up	2	512	594.9051448854	1379.25641954475	582.179100614296	831.0372513552	443.800746358828	794.999192952734	440.413449373984	495.133801350438	512	512	346.169491118181	286.694521162317	-593.777000110406	688.617719237925	243	46	4	17	202	264	128	8	5	107	38005	4673	3968	458	399	383	27	0	0	0	0	0	-833	-18	14	0
10	1	0	0	92	92	up	3	512	569.243578734783	1088.41296896	585.229817122492	829.381338814636	469.751116232894	840.230684903662	458.323626483417	528.919264909877	512	512	339.967196804803	278.318681438244	-593.751317894904	688.558216637766	237	41	5	10	219	263	149	8	2	90	38232	4610	3862	400	364	365	35	0	0	0	0	0	-953	-18	12	0
10	1	0	0	93	93	up	0	512	579.828130559147	1277.68258084691	585.510419281671	858.394222838598	422.581899308203	575.519371219463	435.628382925033	454.733503752251	512	512	351.750748886951	290.097792065106	-593.774660435127	688.612487656462	255	42	3	15	197	278	133	3	3	95	38562	4619	3984	451	342	308	29	0	0	0	0	0	-924	-15	12	0
10	1	0	0	93	93	up	1	512	579.252669042902	1282.04976842226	591.534770389335	879.824806218413	430.998307173201	661.489657804132	429.801799814986	452.255237458778	512	512	364.602617139274	313.126640610941	-593.852687890644	688.793361933996	243	50	3	15	201	274	129	5	6	98	38653	4498	4020	445	317	348	39	0	0	0	0	0	-578	-18	14	0
10	1	0	0	93	93	up	2	512	569.96290563009	1157.06484755017	593.382636403884	871.722612220764	428.474508437579	586.27059246495	435.155181370541	459.559216573123	512	512	346.875997631898	286.938749206639	-593.716313778819	688.477072906106	244	43	7	12	206	276	138	3	3	92	38744	4590	3859	423	295	356	29	0	0	0	0	0	-932	-15	12	0
10	1	0	0	93	93	up	3	512	567.861612723533	1123.15531818592	592.938335179962	859.224656005743	440.85444179414	678.443983843298	445.111127082398	484.455758704706	512	512	366.016068271743	311.552960653228	-593.647745078302	688.318334798506	233	48	6	11	214	275	137	5	4	91	38668	4501	4057	390	332	340	27	0	0	0	0	0	-624	-15	14	0
10	1	0	0	94	94	up	0	512	620.971036248846	1467.05376785493	602.076124320338	883.17396293675	421.075321499454	612.280790742593	432.658518663699	474.789210122219	512	512	356.339253231199	292.868266214973	-593.791036776964	688.650551989585	224	43	4	18	223	270	130	4	3	105	39040	4683	3988	417	281	304	25	0	0	0	0	0	-832	-15	10	0
10	1	0	0	94	94	up	1	512	592.151376136345	1308.97616040803	595.638231193481	880.712834896322	427.208063915708	589.467934990767	438.486988967047	477.787679641482	512	512	362.148978289841	307.980033593933	-593.847868500494	688.782129992955	232	48	2	15	215	262	141	3	5	101	38993	4667	4041	427	285	262	23	0	0	0	0	0	-750	-15	12	0
10	1	0	0	94	94	up	2	512	584.425951276971	1150.01164022291	598.495025364479	867.235407398338	453.186777679456	739.263499807323	451.631743020217	511.9241043364	512	512	367.529768424033	311.380751408088	-593.908403272224	688.922550982666	238	34	3	11	226	266	145	6	3	92	39161	4449	4093	425	240	280	32	0	0	0	0	0	-462	-13	13	0
10	1	0	0	94	94	up	3	512	622.880866305096	1544.81208175804	608.176511987623	933.845843259989	454.577833998825	771.10251851398	447.987281240057	505.783313111939	512	512	364.87649302279	309.465869423926	-593.826616798801	688.732989377885	216	54	5	20	217	280	136	7	3	86	39099	4651	3949	429	247	270	27	0	0	0	0	0	-804	-20	14	0
10	1	0	0	95	95	up	0	512	597.246571078835	1416.71051903199	582.635049638473	848.133315774244	469.423805346319	898.684331287047	457.798100926519	538.420672435645	512	512	374.804179590173	326.392618572158	-593.912816259514	688.932656717406	252	44	0	18	198	288	128	10	5	81	39513	4561	4156	410	254	252	18	0	0	0	0	0	-480	-16	14	0
10	1	0	0	95	95	up	1	512	600.999380138528	1391.67105631119	594.394987918888	882.597859432139	430.815934631013	697.835555011546	433.036596179694	473.340152433267	512	512	350.181844478384	288.248206906712	-593.759796643895	688.57775009814	237	45	5	17	208	277	126	6	1	102	39509	4820	3870	441	270	211	22	0	0	0	0	0	-1104	-15	10	0
10	1	0	0	95	95	up	2	512	597.823105560407	1354.19212425888	592.627313819902	863.710784849672	441.76630450508	645.122478492152	442.602961312221	477.48290795249	512	512	376.89569947603	322.92452620394	-593.706624313749	688.454443891596	231	48	3	16	214	272	143	4	5	88	39547	4522	4145	426	257	257	19	0	0	0	0	0	-583	-16	12	0
10	1	0	0	95	95	up	3	512	607.611316163211	1471.10076394216	600.554253209209	918.943718204225	441.843318831333	648.831572105619	440.879955193801	466.862234595338	512	512	365.340693027816	306.694306555803	-593.731752633328	688.512888538248	246	43	3	19	201	268	147	4	1	92	39429	4739	4029	443	210	201	20	0	0	0	0	0	-820	-19	13	0
10	1	0	0	96	96	up	0	512	611.364125222903	1446.08790901667	606.798550258647	930.732329433594	432.313422131643	594.466159760517	449.204482889598	507.419990419363	512	512	367.31476335491	314.10334633378	-593.783392720265	688.632717161173	235	43	4	18	212	271	142	3	4	92	39775	4771	4169	437	179	160	21	0	0	0	0	0	-736	-14	13	0
10	1	0	0	96	96	up	1	512	620.557620727899	1566.40985507661	617.639391878634	982.598482910465	423.79165605071	622.555295874823	427.186924145684	451.339820755548	512	512	380.94254135702	333.228756994293	-593.756323785168	688.569806115454	235	46	9	21	201	250	135	4	10	113	40167	4571	4006	408	178	219	21	0	0	0	0	0	-620	-15	11	0
10	1	0	0	96	96	up	2	512	603.831236179162	1333.39833880426	598.244847464324	879.096866202644	413.599120235077	523.415600817733	428.011783754865	441.974161732634	512	512	372.458189310313	317.765857066414	-593.820751908373	688.719150315782	219	47	4	15	227	280	130	2	4	96	39790	4767	4163	432	180	195	18	0	0	0	0	0	-758	-16	14	0
10	1	0	0	96	96	up	3	512	585.11586131727	1357.55441858891	578.082394455429	844.0968163964	457.687257524138	776.300301748595	453.997051878816	520.160289814079	512	512	374.651397259886	317.370860595065	-593.841224002036	688.766569160092	257	45	2	17	191	279	138	7	4	84	39986	4641	4098	427	192	183	11	0	0	0	0	0	-727	-14	15	0
10	1	0	0	97	97	up	0	512	593.514088566032	1347.41740083809	604.119682760585	925.399276698296	436.842245866006	661.956171508061	436.176624437708	460.497832503168	512	512	378.55821141993	325.022824217598	-593.831306984567	688.743702890388	229	52	4	16	211	297	126	5	4	80	40454	4667	4153	390	135	159	10	0	0	0	0	0	-573	-16	16	0
10	1	0	0	97	97	up	1	512	550.616454437915	918.308761981154	584.37433867943	816.67106683105	448.281972621946	794.053289960962	441.748726037508	490.929918254654	512	512	357.263536667561	298.055265686626	-593.737082100141	688.525242267795	227	45	6	6	228	282	124	8	6	92	40216	4998	3980	470	134	134	12	0	0	0	0	0	-1166	-19	12	0
10	1	0	0	97	97	up	2	512	597.697420797582	1488.44665701788	582.260999301897	854.51447995812	464.444131893208	759.431573758293	458.835251182615	521.731243240462	512	512	371.692598256241	319.315709340869	-593.812844961698	688.700938861076	248	52	5	20	187	262	154	6	4	86	40541	4639	4032	452	142	156	12	0	0	0	0	0	-719	-13	13	0
10	1	0	0	97	97	up	3	512	583.984191866342	1218.94112543364	589.496827494815	851.417719320439	438.753148887583	644.534454479055	444.151367903991	490.829994882449	512	512	370.57908189183	319.890997043396	-593.774959667153	688.612949846461	240	40	5	13	214	264	145	4	3	96	40385	4724	4126	429	138	150	12	0	0	0	0	0	-740	-14	13	0
10	1	0	0	98	98	up	0	512	587.708657036353	1274.66796308623	609.372173414385	934.050695102184	435.662978943834	566.099865997819	452.866495786909	501.000318903108	512	512	377.209575628046	328.635621857198	-593.7926635196	688.653939815063	208	61	6	14	223	264	150	2	7	89	40518	4824	4368	466	78	112	7	0	0	0	0	0	-564	-20	12	0
10	1	0	0	98	98	up	1	512	608.254701697591	1440.86351798674	605.722086361253	919.731841245321	431.784485121317	688.338429947949	432.871676628357	465.369664585919	512	512	384.235938832155	336.979559256798	-593.710846917796	688.464322665839	232	46	7	18	209	300	117	6	3	86	40740	4686	4254	496	85	111	12	0	0	0	0	0	-510	-14	14	0
10	1	0	0	98	98	up	2	512	593.79165605071	1336.77703852028	592.491338858341	856.118528478551	451.238440460079	770.81693368651	445.087425522415	501.06732746041	512	512	379.742188997111	328.163789027001	-593.82379366779	688.726525360102	254	36	4	16	202	264	137	7	7	97	40694	4731	4295	456	92	74	7	0	0	0	0	0	-564	-16	13	0
10	1	0	0	98	98	up	3	512	569.608323819159	1089.91186099047	591.86794238965	834.634901752467	440.662978943834	685.237336852491	443.568931553104	492.405049636541	512	512	380.314520804045	330.527745656422	-593.769185926531	688.599826830755	235	42	5	10	220	260	143	5	3	101	40681	4848	4207	440	98	97	8	0	0	0	0	0	-743	-18	13	0
10	1	0	0	99	99	up	0	512	663.533342147595	1792.85465423055	644.94557017925	1057.92844464503	428.225284842583	627.337556793722	438.399843960919	486.492478312415	512	512	364.692153228217	307.43785631171	-593.871027844856	688.835975319073	216	45	2	25	224	260	137	4	6	105	41299	4856	4099	434	53	40	6	0	0	0	0	0	-954	-18	11	0
10	1	0	0	99	99	up	1	512	602.353002260096	1326.44888948367	627.586730716116	967.379944106584	444.223252187894	762.197865868317	437.391931061836	486.318391687525	512	512	385.959064614905	343.363908460648	-593.747034675497	688.548196681561	224	43	9	15	221	259	135	7	5	106	40988	4901	4324	475	43	55	11	0	0	0	0	0	-693	-14	14	0
10	1	0	0	99	99	up	2	512	651.048050575099	1666.54556722778	639.091863749843	1007.697641608	455.691322833515	702.388997154103	457.766940911842	526.314941219074	512	512	393.002792887491	354.558704686752	-593.843123683977	688.771182763728	212	45	2	22	231	277	147	5	4	79	41251	4750	4256	431	47	46	7	0	0	0	0	0	-626	-16	18	0
10	1	0	0	99	99	up	3	512	601.873808651667	1224.25954169151	624.265163324993	934.752217876651	419.318447130384	599.985440082908	423.242449058072	446.008006540585	512	512	396.366629011745	357.826546994958	-593.638051963331	688.29586548731	215	39	5	12	241	287	120	4	7	94	40989	4787	4458	454	30	62	8	0	0	0	0	0	-352	-14	19	0
10	1	0	0	100	100	dwell	0	512	0	0	0	0	384.232342496012	474.269253811814	399.839703718386	396.071075411791	0	0	382.568967790687	331.931826821769	-593.794450074377	688.658112395157	0	0	0	0	0	281	109	2	3	117	41686	4860	4169	485	0	0	0	0	0	0	0	0	-821	-17	12	0
10	1	0	0	100	100	dwell	1	512	0	0	0	0	442.581899308203	792.494979363195	429.951181177289	489.279151031419	0	0	377.935454414515	325.882993933971	-593.777275501015	688.618447501311	0	0	0	0	0	262	126	8	8	108	41557	4899	4277	467	0	0	0	0	0	0	0	0	-788	-15	12	0
10	1	0	0	100	100	dwell	2	512	0	0	0	0	413.665971287885	592.778788960416	409.494618502124	410.918661402809	0	0	377.984771182441	330.126309385074	-593.610097106883	688.230747335047	0	0	0	0	0	287	119	4	2	100	41541	5025	4201	433	0	0	0	0	0	0	0	0	-970	-13	11	0
10	1	0	0	100	100	dwell	3	512	0	0	0	0	400.30625120225	596.799177252331	402.123626506267	398.242912757855	0	0	381.274079974092	344.181673043077	-593.754401812338	688.565612579256	0	0	0	0	0	305	96	5	5	101	41487	4987	4259	467	0	0	0	0	0	0	0	0	-896	-17	14	0
10	1	0	0	100	100	dwell	4	512	0	0	0	0	384.213088914449	547.47945126312	392.765833117321	377.964382270457	0	0	382.724134323318	331.917725562268	-593.90582932775	688.916763701631	0	0	0	0	0	278	101	4	2	127	41789	4806	4159	446	0	0	0	0	0	0	0	0	-717	-13	13	0
10	1	0	0	100	100	dwell	5	512	0	0	0	0	396.410649728822	564.779229669215	402.204333240794	407.089415212812	0	0	397.27831045776	362.193936230041	-593.855358163691	688.799520125583	0	0	0	0	0	284	107	4	3	114	41706	4683	4356	455	0	0	0	0	0	0	0	0	-438	-18	13	0
10	1	0	0	100	100	dwell	6	512	0	0	0	0	389.232342496012	519.242646016499	395.886059450487	384.697097167915	0	0	384.970820741806	339.740666382417	-593.7016385567	688.443277918239	0	0	0	0	0	277	108	3	5	119	41534	4907	4266	493	0	0	0	0	0	0	0	0	-720	-18	13	0
10	1	0	0	100	100	dwell	7	512	0	0	0	0	381.228277186634	466.125126876628	392.075733018588	368.024977345455	0	0	399.284652444531	363.808413418522	-593.808480883768	688.690882308193	0	0	0	0	0	287	104	2	4	115	41704	4827	4227	442	0	0	0	0	0	0	0	0	-707	-17	14	0
10	1	0	0	100	100	dwell	8	512	0	0	0	0	404.35695429351	615.141536394301	404.441443886002	408.119152427917	0	0	389.419768686903	347.433593085418	-593.794189432515	688.657812395549	0	0	0	0	0	281	109	5	3	114	41397	4992	4325	486	0	0	0	0	0	0	0	0	-763	-19	13	0
10	1	0	0	100	100	dwell	9	512	0	0	0	0	403.244538424146	625.730458351735	400.568666135606	402.432882722855	0	0	383.776074453336	346.678652101843	-593.729827436179	688.508373310215	0	0	0	0	0	255	119	5	1	132	41373	4949	4358	520	0	0	0	0	0	0	0	0	-735	-16	14	0
10	1	0	0	100	100	dwell	10	512	0	0	0	0	434.798713704139	816.132227797626	414.046475648154	438.874018303677	0	0	382.414869887866	333.658118363054	-593.847472414728	688.781292353291	0	0	0	0	0	267	118	9	1	117	41830	4833	4114	423	0	0	0	0	0	0	0	0	-840	-15	13	0
10	1	0	0	100	100	dwell	11	512	0	0	0	0	426.06515822601	797.019140535851	409.066447921605	441.491208150263	0	0	384.45680882598	332.893768175597	-593.842400114781	688.769528190111	0	0	0	0	0	269	106	9	9	119	41836	4794	4158	412	0	0	0	0	0	0	0	0	-710	-14	13	0
10	1	0	0	100	100	dwell	12	512	0	0	0	0	413.099600079758	700.782775998029	411.845958498498	444.885824996615	0	0	377.863114795388	327.850869521633	-593.770539479186	688.602849113585	0	0	0	0	0	281	105	7	4	115	41487	5002	4229	482	0	0	0	0	0	0	0	0	-917	-19	11	0
10	1	0	0	100	100	dwell	13	512	0	0	0	0	380.835188212577	508.257280303922	382.567551122114	359.078587104041	0	0	398.424105065833	360.22064718863	-593.823804624156	688.7265540074	0	0	0	0	0	264	103	3	11	131	41480	4800	4466	454	0	0	0	0	0	0	0	0	-440	-16	15	0
10	1	0	0	100	100	dwell	14	512	0	0	0	0	403.262719040383	573.562820977879	407.410182858077	415.060505554996	0	0	390.236544262148	346.052847053978	-593.776170162911	688.61586582826	0	0	0	0	0	287	109	4	6	106	41670	4841	4237	452	0	0	0	0	0	0	0	0	-711	-20	12	0
10	1	0	0	100	100	dwell	15	512	0	0	0	0	389.35695429351	480.168144189616	394.932903864915	377.362682970488	0	0	395.494119563157	355.968559524521	-593.75702339214	688.571418789959	0	0	0	0	0	285	110	2	5	110	41548	4838	4347	467	0	0	0	0	0	0	0	0	-666	-16	14	0
10	1	0	0	100	100	dwell	16	512	0	0	0	0	381.228277186634	503.153950610991	387.197354468368	381.134603227686	0	0	380.749580763889	329.603615057975	-593.754730909529	688.566184817488	0	0	0	0	0	279	99	3	9	122	41733	4817	4213	437	0	0	0	0	0	0	0	0	-732	-16	11	0
10	1	0	0	100	100	dwell	17	512	0	0	0	0	434.126984280077	667.641322237429	430.664508017327	456.268855712602	0	0	386.765712656747	339.01950368833	-593.941868050585	689.000173118847	0	0	0	0	0	276	133	5	2	96	41761	4732	4285	422	0	0	0	0	0	0	0	0	-629	-15	12	0
10	1	0	0	100	100	dwell	18	512	0	0	0	0	397.677094250693	524.499847818405	404.742401290556	410.6268401516	0	0	391.465379509687	344.949701955189	-593.868479145727	688.830117154987	0	0	0	0	0	298	107	3	4	100	41574	4919	4262	445	0	0	0	0	0	0	0	0	-721	-17	13	0
10	1	0	0	100	100	dwell	19	512	0	0	0	0	405.661905978507	576.663485759594	407.006469294494	421.776207242755	0	0	390.767556158923	347.37988956885	-593.812219159574	688.699602712833	0	0	0	0	0	285	109	4	10	104	41588	4792	4363	457	0	0	0	0	0	0	0	0	-509	-14	12	0
10	1	0	0	100	100	dwell	20	512	0	0	0	0	422.024618408194	638.938431600623	416.645369011835	421.499111807091	0	0	392.822371920311	352.746473728152	-593.725669274428	688.498890938064	0	0	0	0	0	294	117	5	3	93	41343	4971	4394	492	0	0	0	0	0	0	0	0	-723	-18	12	0
10	1	0	0	100	100	dwell	21	512	0	0	0	0	427.50488498195	728.003179990347	417.916014847166	451.390622097474	0	0	390.487263169991	346.407028891352	-593.877240271972	688.850591665354	0	0	0	0	0	274	118	7	4	109	41712	4825	4188	475	0	0	0	0	0	0	0	0	-760	-17	12	0
10	1	0	0	100	100	dwell	22	512	0	0	0	0	427.543392145076	692.775687472086	422.590769319622	455.741415977647	0	0	385.988407732937	340.962413065282	-593.72527539384	688.497757387213	0	0	0	0	0	272	123	6	5	106	41389	4962	4369	480	0	0	0	0	0	0	0	0	-658	-16	13	0
10	1	0	0	100	100	dwell	23	512	0	0	0	0	424.021626064143	691.780568322351	416.555303223704	444.418269455886	0	0	389.285600564104	346.060821846133	-593.703690450685	688.447770659317	0	0	0	0	0	263	125	6	3	115	41284	4940	4478	498	0	0	0	0	0	0	0	0	-565	-17	15	0
10	1	0	0	100	100	dwell	24	512	0	0	0	0	413.464345164134	739.337099558183	405.379401099074	439.006732685105	0	0	390.254173510443	347.14114854908	-593.906177335436	688.917367457545	0	0	0	0	0	275	102	8	5	122	41736	4782	4218	464	0	0	0	0	0	0	0	0	-753	-15	17	0
10	1	0	0	100	100	dwell	25	512	0	0	0	0	382.379200219125	494.446183255605	398.201412407161	396.85786297638	0	0	391.3355749033	346.842415819939	-593.613055092081	688.237616108699	0	0	0	0	0	307	92	3	5	105	41320	4997	4450	433	0	0	0	0	0	0	0	0	-632	-17	13	0
10	1	0	0	100	100	dwell	26	512	0	0	0	0	422.255661386953	687.041320584755	408.873764514631	414.371697663942	0	0	383.518905223316	340.939750178834	-593.72846362474	688.505393043814	0	0	0	0	0	266	122	6	4	114	41256	5120	4353	471	0	0	0	0	0	0	0	0	-819	-19	13	0
10	1	0	0	100	100	dwell	27	512	0	0	0	0	427.274914968517	621.749083808456	431.584723960488	466.637631257709	0	0	394.825267658913	351.212658827472	-593.865076839241	688.822339143735	0	0	0	0	0	269	133	4	6	100	41779	4759	4227	435	0	0	0	0	0	0	0	0	-582	-17	16	0
10	1	0	0	100	100	dwell	28	512	0	0	0	0	396.343798676014	532.47147305621	398.589707728463	390.380303593306	0	0	378.263995541563	329.343768995269	-593.750874003418	688.557063514036	0	0	0	0	0	273	114	3	6	116	41643	4914	4176	467	0	0	0	0	0	0	0	0	-804	-21	12	0
10	1	0	0	100	100	dwell	29	512	0	0	0	0	416.641692707581	570.443098294016	412.428621277215	415.469613126966	0	0	378.518122154259	328.695914170949	-593.782795685925	688.631269085895	0	0	0	0	0	264	132	3	6	107	41605	4934	4201	460	0	0	0	0	0	0	0	0	-886	-17	13	0
10	1	0	0	100	100	dwell	30	512	0	0	0	0	398.732822340694	564.224016428093	401.373726079007	394.206366391887	0	0	380.099527645461	331.935965082006	-593.712526504974	688.468132240529	0	0	0	0	0	294	105	4	3	106	41825	4764	4158	453	0	0	0	0	0	0	0	0	-749	-16	16	0
10	1	0	0	100	100	dwell	31	512	0	0	0	0	373.474508437579	462.037770124256	385.153896378312	364.564489326982	0	0	389.256189755121	341.636830487457	-593.70522459005	688.451326666266	0	0	0	0	0	268	106	2	3	133	41537	4933	4262	468	0	0	0	0	0	0	0	0	-776	-15	14	0
10	1	0	0	101	99	down	0	512	634.982159211653	1557.52870873793	631.551752329566	993.51816520674	475.805771357569	945.9974135908	454.192275073029	522.807807474635	512	512	385.791172620566	342.87744228115	-593.923288524772	688.957248533262	235	34	3	20	220	288	129	11	3	81	41219	4742	4282	445	51	40	8	0	0	0	0	0	-634	-17	15	0
10	1	0	0	101	99	down	1	512	662.093615391655	1787.75975171669	650.063696320057	1074.04595155619	436.622439126018	712.433785565655	434.044043892301	464.573182164152	512	512	386.20286720533	337.067140536088	-593.743573503209	688.540419021189	219	43	5	25	220	265	134	6	2	105	41085	4755	4373	475	55	33	5	0	0	0	0	0	-485	-14	14	0
10	1	0	0	101	99	down	2	512	651.997347483839	1656.06795317018	647.812969021798	1065.65412083591	458.867597411636	776.949968531401	447.813454165409	486.088459775106	512	512	394.339704156526	351.366968277456	-593.708507447826	688.458900424253	228	30	13	22	219	283	138	7	3	81	41058	4868	4301	461	47	57	3	0	0	0	0	0	-632	-15	14	0
10	1	0	0	101	99	down	3	512	629.090623047603	1340.37794638066	646.845392422764	999.673095846399	413.062165881958	529.637335199817	422.696990189082	426.387456469752	512	512	390.384209079887	347.989395009392	-593.897529085654	688.896940436676	216	26	6	14	250	266	136	2	2	106	41416	4658	4184	430	53	59	7	0	0	0	0	0	-563	-15	12	0
10	1	0	0	102	98	down	0	512	589.780533087902	1299.19345051696	601.135150341754	914.91748192276	413.023658718831	527.782788393084	426.676609887069	439.753442831423	512	512	385.905490564833	340.786979580311	-593.730762657937	688.510658288087	239	43	8	15	207	268	134	2	4	104	40662	4761	4318	435	102	103	10	0	0	0	0	0	-554	-13	13	0
10	1	0	0	102	98	down	1	512	592.382419115104	1245.8595392125	615.939396106596	928.02392288233	450.614308507262	839.036884574974	438.611807770996	497.092915459912	512	512	382.381118126121	335.648821306614	-593.772816562954	688.608070472817	208	53	8	13	230	273	126	9	3	101	40841	4770	4121	444	94	104	10	0	0	0	0	0	-719	-17	15	0
10	1	0	0	102	98	down	2	512	655.32657774914	1796.19831897217	615.85809349081	974.830346944398	454.970922972882	840.110051880406	451.224105268659	535.294674439199	512	512	382.020248301556	334.112237255415	-593.73968338475	688.531319683823	259	28	1	26	198	287	124	9	3	89	40795	4742	4213	426	82	89	4	0	0	0	0	0	-611	-17	12	0
10	1	0	0	102	98	down	3	512	603.235448116027	1432.04489170368	593.624327414279	877.072791267089	453.551522763832	777.817823367477	453.895181379051	538.925359475287	512	512	379.900273418275	332.655035503038	-593.631359220627	688.280215502909	237	48	3	18	206	260	142	7	4	99	40600	4876	4234	466	90	106	12	0	0	0	0	0	-800	-15	12	0
10	1	0	0	103	97	down	0	512	570.529276838217	1160.2537628969	584.229279017701	848.175461711596	446.247530768198	792.451517209724	437.91882600353	483.365791410642	512	512	371.865444491023	314.218938938001	-593.659698988232	688.345460201797	242	45	4	12	209	282	125	8	2	95	40193	4865	4177	429	119	158	14	0	0	0	0	0	-765	-16	15	0
10	1	0	0	103	97	down	1	512	583.907177540089	1252.31407114516	597.211751502079	892.228883237921	427.361019602888	654.957506029512	434.67442784518	482.481859379052	512	512	365.553212986885	313.000474102208	-593.738039001444	688.527765000952	244	41	6	14	207	275	126	5	6	100	40282	4771	4187	424	130	146	21	0	0	0	0	0	-743	-15	13	0
10	1	0	0	103	97	down	2	512	561.709616725716	1145.04090053438	580.828098387755	827.309469541294	438.09050977164	636.762387706114	442.557805197007	481.044247381592	512	512	383.411498269911	333.794318551957	-593.690710560232	688.417659617168	242	51	5	12	202	279	139	4	3	87	40410	4619	4206	429	145	149	18	0	0	0	0	0	-575	-14	14	0
10	1	0	0	103	97	down	3	512	615.615381472589	1561.30032240702	589.954429039244	879.127285623697	427.380273184451	655.911387228194	425.14195655717	438.044216244094	512	512	374.86759443018	323.762557410626	-593.735235506798	688.520802021496	236	52	1	21	202	278	128	5	1	100	40393	4750	4102	419	137	145	16	0	0	0	0	0	-773	-14	11	0
10	1	0	0	104	96	down	0	512	593.819999940391	1478.36993512027	588.019083970942	916.54094622952	469.665011598523	769.966831152928	466.611215778889	538.12112834701	512	512	359.85731605619	306.875848437013	-593.67993376298	688.392974737401	251	51	10	20	180	261	160	6	1	84	39623	4937	4120	472	160	219	11	0	0	0	0	0	-996	-19	18	0
10	1	0	0	104	96	down	1	512	596.690363144153	1421.97837221539	588.351299114048	882.792325264981	455.902039265385	807.715819932627	447.81615106517	505.297997722244	512	512	361.917739146446	306.509034783859	-593.870335406096	688.834119927323	235	54	3	18	202	283	131	8	3	87	40115	4597	4026	414	194	196	14	0	0	0	0	0	-782	-16	15	0
10	1	0	0	104	96	down	2	512	587.602225855092	1298.68347465956	595.036086854445	893.305391623433	432.131049589455	630.785449172615	436.625256457473	466.817977179696	512	512	374.277739609218	320.023037223587	-593.749399809749	688.553760767584	236	48	4	15	209	270	138	4	3	97	40094	4627	4026	405	194	187	17	0	0	0	0	0	-717	-13	11	0
10	1	0	0	104	96	down	3	512	647.1412128629	1721.24888204664	608.653811392328	942.952738728148	423.215121569138	610.962827588575	427.506153292255	449.808625896794	512	512	384.269082632775	339.452179190367	-593.79852701694	688.668040407611	235	41	2	24	210	279	127	4	5	97	39972	4569	4157	454	196	176	27	0	0	0	0	0	-471	-16	15	0
10	1	0	0	105	95	down	0	512	599.464458440098	1323.86840296869	601.354774534644	896.249407346319	441.996274518512	714.294535349049	443.831478391559	502.913081587848	512	512	370.612175238594	319.896709130237	-593.860283614402	688.810998593098	224	47	4	15	222	277	131	6	6	92	39548	4569	4059	464	215	227	22	0	0	0	0	0	-669	-16	13	0
10	1	0	0	105	95	down	1	512	572.419853312904	1200.05597966229	573.856637597393	805.474146259537	429.165491443204	624.495869044163	436.692371614279	468.955377237858	512	512	351.270123645341	290.139905959756	-593.785450082868	688.637716869393	243	48	1	13	207	274	135	4	2	97	39495	4732	3986	427	219	207	14	0	0	0	0	0	-872	-16	10	0
10	1	0	0	105	95	down	2	512	590.894021922593	1304.64400780707	589.088892139413	859.8804070305	430.556547762573	656.33488775082	434.679634698435	476.254019445959	512	512	363.081922325507	300.294330441778	-593.872882381884	688.840142101609	236	46	3	15	212	288	126	5	2	91	39621	4595	4009	415	238	224	16	0	0	0	0	0	-640	-12	13	0
10	1	0	0	105	95	down	3	512	577.304331823525	1239.46573144677	584.243013025858	854.627510619152	428.406584419444	612.114043049704	432.44152387799	451.379697416816	512	512	362.301574784373	302.783803714611	-593.708509901233	688.459113079325	245	44	9	14	200	298	125	4	3	82	39409	4720	4061	450	234	245	23	0	0	0	0	0	-858	-13	12	0
10	1	0	0	106	94	down	0	512	663.120999591974	1759.97527899043	635.478790054276	1023.28555268766	401.670036597263	614.197857604947	410.209445973274	423.749212087492	512	512	359.724755575947	298.334706770694	-593.801743451773	688.675239634643	206	47	4	24	231	273	110	5	3	121	38979	4711	4017	421	294	261	30	0	0	0	0	0	-813	-15	15	0
10	1	0	0	106	94	down	1	512	588.168597063219	1264.79035068131	596.219519732192	887.656833141233	451.545424799765	806.642652627195	453.089844612595	543.815647541858	512	512	354.592570911057	298.773911883474	-593.633420744963	688.2848270919	234	45	4	14	215	269	133	8	3	99	39078	4620	3985	445	289	266	24	0	0	0	0	0	-779	-15	11	0
10	1	0	0	106	94	down	2	512	649.040879645706	1753.46838809462	627.645360437935	1022.75202152723	460.998307173201	857.29897135883	453.418767138435	530.066611988065	512	512	354.214172745908	294.872837872627	-593.709609092709	688.461470360778	246	35	6	25	200	270	134	9	4	95	38681	4823	4154	470	290	275	28	0	0	0	0	0	-772	-18	12	0
10	1	0	0	106	94	down	3	512	618.187850644782	1498.58236916905	609.626615840414	944.169960051117	459.088477116951	816.596088985393	453.532221156307	531.635832662276	512	512	350.902645553049	296.392335603424	-593.595346056297	688.196831805438	225	49	2	19	217	274	136	8	4	90	38772	4912	4012	432	293	353	26	0	0	0	0	0	-1098	-15	15	0
10	1	0	0	107	93	down	0	512	581.315454786332	1277.04931945009	584.472040723358	843.767640033857	438.67613456133	640.851968660903	443.327601437231	475.170822944377	512	512	360.191317219666	311.291096853366	-593.692622926449	688.42195301705	260	37	5	15	195	272	142	4	3	91	38628	4556	3974	458	290	323	29	0	0	0	0	0	-824	-15	13	0
10	1	0	0	107	93	down	1	512	562.08345211821	1176.06572896776	573.335200658089	813.985035007685	458.61837381664	706.850638271138	456.81403609102	500.46700034444	512	512	355.935032471121	302.123522342598	-593.824345233195	688.727487870388	254	47	5	13	193	279	149	5	3	76	38687	4544	3956	429	343	320	28	0	0	0	0	0	-661	-16	14	0
10	1	0	0	107	93	down	2	512	619.118966937285	1392.0506663666	617.252366242681	912.468692604789	448.992209209135	796.150408413863	436.127620229985	470.427953572583	512	512	343.43243957586	279.078090375421	-593.900847265986	688.904939668991	225	36	4	16	231	283	126	8	3	92	38724	4545	3924	423	356	331	34	0	0	0	0	0	-714	-13	12	0
10	1	0	0	107	93	down	3	512	607.87979333977	1542.10075981047	596.517025548449	933.037310762502	426.737960615398	590.915386660862	432.783392999074	457.877300712132	512	512	359.574661428565	301.102845685142	-593.780044595187	688.62492340621	245	50	6	21	190	259	143	3	3	104	38761	4556	3887	412	328	339	38	0	0	0	0	0	-808	-13	14	0
10	1	0	0	108	92	down	0	512	614.367117566955	1549.38545908866	603.333096774872	935.341528895596	469.376207875074	867.330455872724	466.294139646628	564.406923753409	512	512	344.675237513578	276.315391860878	-593.803394536847	688.67889532221	250	41	9	21	191	280	137	9	3	83	38196	4524	3952	432	347	375	36	0	0	0	0	0	-775	-15	10	0
10	1	0	0	108	92	down	1	512	563.95584797666	1082.67860207267	584.735594920366	832.296618082698	458.436001274452	743.14331988792	457.141563906664	512.373037029184	512	512	371.39686373249	318.514791019585	-593.725954727259	688.499370754403	231	49	4	10	218	274	144	6	6	82	38235	4351	4078	440	365	374	33	0	0	0	0	0	-326	-12	16	0
10	1	0	0	108	92	down	2	512	602.160466444463	1428.47548901562	593.079306783837	878.840079240474	453.867597411636	806.087439386073	444.25012690609	500.905295010875	512	512	368.724097913689	313.470588452359	-593.709579579838	688.461528267695	242	46	2	18	204	279	131	8	3	91	38146	4533	4026	399	365	393	36	0	0	0	0	0	-571	-15	12	0
10	1	0	0	108	92	down	3	512	536.085484772899	988.314067013477	558.595317215017	755.666324996649	444.500819672572	714.502072020823	442.579550055461	484.167087363062	512	512	343.542218821069	285.977247471114	-593.776824801993	688.617762183019	259	48	3	9	193	288	130	6	4	84	38266	4547	3860	431	396	355	34	0	0	0	0	0	-892	-22	14	0
10	1	0	0	109	91	down	0	512	590.385411459156	1267.18148114075	583.151071319948	827.24844162825	515.845351486022	916.042222660778	506.519213130881	619.083738472024	512	512	355.280261401863	288.620525197748	-593.762768993429	688.584924798557	239	41	2	14	216	265	181	8	3	55	37974	4276	3952	390	415	418	42	0	0	0	0	0	-452	-13	14	0
10	1	0	0	109	91	down	1	512	573.763312161028	1200.51451515931	589.948710541797	875.284066842051	484.233415461338	797.022711654775	482.666854122228	565.497242684905	512	512	362.183899589108	302.996477697595	-593.72954389243	688.507533409999	245	45	3	13	206	256	173	6	0	77	37731	4423	4017	421	418	438	23	0	0	0	0	0	-470	-19	14	0
10	1	0	0	109	91	down	2	512	623.254701697591	1538.78147866174	609.761730515262	946.285835380949	487.226244531945	928.918924726305	485.320824441888	598.014296364247	512	512	368.676068828091	316.521351547455	-593.806354930054	688.685770455602	232	44	4	20	212	286	141	10	6	69	37617	4429	4101	445	408	457	57	0	0	0	0	0	-323	-16	12	0
10	1	0	0	109	91	down	3	512	529.636667708841	871.664404362356	555.557284734231	739.043493329245	504.674101906641	1077.33090484489	483.000335302766	605.491036886765	512	512	349.228758194164	291.010594458808	-593.795362735364	688.660720627828	256	43	3	6	204	263	150	13	2	84	37931	4413	3807	441	421	491	37	0	0	0	0	0	-729	-13	10	0
10	1	0	0	110	90	down	0	512	525.855514759466	940.361520336246	532.730565718977	673.871230243123	474.47247578289	805.747312709892	469.544646548147	537.496369342658	512	512	350.304254861574	288.952983754037	-593.886427713986	688.871368949374	250	58	1	8	195	279	152	7	1	73	37489	4333	3868	390	442	520	58	0	0	0	0	0	-570	-14	11	0
10	1	0	0	110	90	down	1	512	528.293208860717	908.261300395015	546.855794326036	715.753455760083	442.629496779448	712.709167983798	446.716870135208	494.485698161473	512	512	340.211173320446	271.343188623955	-593.705821808037	688.45285835089	250	52	2	7	201	286	130	6	3	87	37396	4435	3829	420	490	434	59	0	0	0	0	0	-694	-16	11	0
10	1	0	0	110	90	down	2	512	524.838293832592	976.576153797332	545.931020713967	734.115637882029	442.897973956007	746.68034011775	444.57895258426	493.842378463871	512	512	355.184865714773	290.251555077472	-593.797342543685	688.665124675172	240	67	6	9	190	293	124	7	1	87	37686	4231	3774	389	506	451	33	0	0	0	0	0	-535	-14	11	0
10	1	0	0	110	90	down	3	512	560.357067569474	1189.19389948913	554.799108118028	775.241253316302	478.388403803207	854.680797353289	471.121663084956	549.778696650343	512	512	352.488937593744	289.87929917875	-593.731226583107	688.511446879647	222	70	1	13	206	262	155	8	3	84	37559	4295	3813	413	475	458	43	0	0	0	0	0	-567	-14	14	0
10	1	0	0	111	89	down	0	512	545.625544746033	976.998777034046	563.259795178024	762.644097522599	451.795721360087	559.176147186636	474.934956521521	532.319125243277	512	512	338.855418138293	273.79639492031	-593.778439309687	688.62124704388	241	49	2	8	212	264	169	1	3	75	37132	4274	3751	411	497	529	41	0	0	0	0	0	-657	-14	11	0
10	1	0	0	111	89	down	1	512	546.018633720091	1046.00631040047	561.799241887745	764.860959270388	449.568743690706	659.521150581397	470.203855759972	547.924011002005	512	512	351.858279311718	291.692812597268	-593.783773774121	688.633366832761	248	52	2	10	200	270	150	4	4	84	37142	4260	3782	384	510	502	43	0	0	0	0	0	-591	-17	16	0
10	1	0	0	111	89	down	2	512	600.145278172278	1464.80320560679	589.274658496865	883.329160913514	467.399526766015	757.29099315192	476.024384829502	545.374336596905	512	512	332.992101792484	265.178688341256	-593.785288620674	688.637208142662	229	58	6	19	200	281	151	6	1	73	36984	4382	3774	428	479	513	63	0	0	0	0	0	-824	-22	13	0
10	1	0	0	111	89	down	3	512	582.870703031652	1324.71007832319	573.722308754473	828.531827557208	497.341766021325	987.373918026196	492.128953487698	611.119087780758	512	512	333.74048572363	266.680069084992	-593.708757774686	688.459198117824	239	53	5	16	199	276	149	11	3	73	36858	4419	3887	404	578	522	62	0	0	0	0	0	-647	-14	13	0
10	1	0	0	112	88	down	0	512	549.156401135085	1081.65730344136	545.556914369524	725.164448764228	480.009430136009	955.691872916843	484.26211190812	616.685498242941	512	512	328.979247962851	264.177805403439	-593.71705393708	688.478761986261	260	46	2	11	193	281	134	11	4	82	36711	4287	3688	370	511	569	58	0	0	0	0	0	-756	-17	11	0
10	1	0	0	112	88	down	1	512	511.248603733524	948.506524557344	522.57935425645	684.705199377809	490.019593409454	831.762836678282	497.872680207948	606.401400413572	512	512	353.909125791857	293.593210900777	-593.771361575886	688.604644558431	253	69	5	9	176	278	163	7	2	62	36585	4198	3895	378	500	612	71	0	0	0	0	0	-426	-15	12	0
10	1	0	0	112	88	down	2	512	490.452262511964	844.473709653683	510.296397989351	648.327027362233	498.292135895391	955.880351686468	494.208740297651	605.615083435589	512	512	350.561811742772	291.842817958133	-593.910263098349	688.926799339876	250	79	3	7	173	267	156	10	6	73	36775	4128	3763	390	550	614	53	0	0	0	0	0	-476	-15	20	0
10	1	0	0	112	88	down	3	512	544.184745024767	1178.30341563198	531.253131929202	705.584340171918	487.361019602888	824.190328370206	496.356360646665	603.41694825114	512	512	337.943145968247	272.896605523624	-593.688113638492	688.411663927416	265	58	2	14	173	283	158	7	4	60	36412	4359	3852	433	598	556	51	0	0	0	0	0	-575	-13	13	0
10	1	0	0	113	87	down	0	512	481.76630450508	819.738889662499	494.189408666649	595.517806978925	513.877760685081	1057.88789331626	504.383689664722	639.777227810318	512	512	332.832330127273	267.570130633012	-593.613532470336	688.238759562717	276	70	0	7	159	260	162	12	3	75	35966	4355	3814	409	553	671	54	0	0	0	0	0	-636	-12	17	0
10	1	0	0	113	87	down	1	512	535.634635054152	1064.77304735098	541.599155780071	745.164862295014	460.038846991017	711.018267381624	470.218672642999	541.569240155904	512	512	336.533535319111	270.65438312083	-593.724716891356	688.496897000542	243	65	6	11	187	277	152	5	1	77	36377	4146	3640	381	532	631	61	0	0	0	0	0	-663	-16	13	0
10	1	0	0	113	87	down	2	512	515.960872975401	958.634686815341	518.68964702623	661.271835501425	496.363052257577	840.165940645624	497.357104777615	595.48837681867	512	512	331.201382231643	264.905466388391	-593.60863658871	688.227368234973	251	68	2	9	182	284	166	7	1	54	35981	4408	3727	428	600	607	57	0	0	0	0	0	-787	-16	16	0
10	1	0	0	113	87	down	3	512	550.433008930401	1161.00098470972	551.204622812662	784.033732478616	492.889956613215	812.373489712453	493.816087341904	597.766124403506	512	512	339.454191154392	271.721951439648	-593.710911647436	688.464723732543	243	62	6	13	188	250	179	6	4	73	35984	4294	3837	429	634	657	58	0	0	0	0	0	-604	-13	10	0
10	1	0	0	114	86	down	0	512	508.389476768533	881.146001325877	516.430523694078	647.053124046935	516.450229857275	958.114508548613	514.420370773125	662.149258221458	512	512	322.799396429755	246.807377911468	-593.651712521983	688.32728150808	233	76	5	7	191	253	181	9	3	66	35499	4344	3800	389	688	628	78	0	0	0	0	0	-621	-15	12	0
10	1	0	0	114	86	down	1	512	550.989216865083	1266.92603391067	529.243993005161	724.787834364	512.361019602888	974.999641924903	516.456857654088	677.685491382034	512	512	331.234042799928	268.896195129307	-593.754212135399	688.564789072667	252	69	2	16	173	279	163	10	4	56	35713	4230	3689	400	675	646	66	0	0	0	0	0	-707	-18	11	0
10	1	0	0	114	86	down	2	512	497.985151555705	845.970377481741	516.52841150533	656.431309010252	503.292135895391	926.769488627111	505.197684000396	625.216703023806	512	512	336.388923771806	269.82174753785	-593.730243037144	688.509441371189	274	58	4	7	169	275	164	9	2	62	35639	4270	3716	407	629	649	77	0	0	0	0	0	-687	-21	10	0
10	1	0	0	114	86	down	3	512	524.703518761649	970.165063359712	522.336100986362	660.900996098349	492.534301836958	914.538004939554	494.852741276444	620.541530773432	512	512	326.247908726236	256.013971183348	-593.871425561093	688.836925325605	259	57	1	9	186	262	161	9	2	78	35824	4212	3614	382	639	585	77	0	0	0	0	0	-727	-15	10	0
10	1	0	0	115	85	down	0	512	513.830163213836	878.285683987912	521.765122311615	652.210723113314	494.789623396021	881.701642880742	491.979242047397	591.614010706308	512	512	343.162082958018	275.889475360128	-593.817756006858	688.712264922908	264	54	1	7	186	265	167	8	1	71	35489	3978	3654	399	613	687	67	0	0	0	0	0	-356	-13	10	0
10	1	0	0	115	85	down	1	512	543.821072905718	1044.54245334439	545.72561585151	741.218295413654	513.187850644782	961.538017334609	510.850857791393	663.135914949626	512	512	330.653354374254	262.956194037089	-593.763523369409	688.586419766559	242	57	3	10	200	233	186	9	3	81	35404	4108	3620	388	657	721	68	0	0	0	0	0	-677	-17	13	0
10	1	0	0	115	85	down	2	512	509.31952009571	869.820937250863	530.25336709564	691.716981262849	502.755181542272	932.991223009195	495.337078964754	603.506948712855	512	512	341.787826386628	275.909868160914	-593.753124768631	688.562437364084	262	57	5	7	181	261	170	9	0	72	35201	4096	3823	400	725	644	79	0	0	0	0	0	-311	-17	12	0
10	1	0	0	115	85	down	3	512	546.315454786332	1184.51494760474	540.456190510735	755.160015115652	498.935521429771	925.696321321679	499.177052532722	613.774627628579	512	512	325.68208302189	254.112743385691	-593.799053801411	688.668986506527	256	61	5	14	176	261	166	9	2	74	35152	4256	3687	425	676	757	70	0	0	0	0	0	-652	-13	11	0
10	1	0	0	116	84	down	0	512	571.517080910083	1299.95885294602	557.550370130936	792.148775125209	474.463385474771	813.276807836666	478.548593233813	568.834517535059	512	512	319.982627024776	245.690627344167	-593.834325857094	688.750883455576	256	52	1	16	187	261	158	7	2	84	35203	3939	3511	355	700	712	73	0	0	0	0	0	-574	-13	12	0
10	1	0	0	116	84	down	1	512	532.889956613215	1098.15619547183	529.799761095646	704.673273153308	505.778500433213	904.953976227439	502.591856428368	624.16914352599	512	512	327.501059833859	258.303727279252	-593.904410952591	688.913530203232	242	73	2	12	183	250	178	8	5	71	35085	3947	3589	387	752	819	75	0	0	0	0	0	-484	-16	12	0
10	1	0	0	116	84	down	2	512	523.79165605071	1077.59743177021	524.442513207848	695.231897437332	486.027724028209	832.188561403327	488.490513026588	590.608925779985	512	512	342.081541795565	280.169256809032	-593.685708596392	688.405920799928	254	72	2	12	172	262	166	7	2	75	34885	4047	3656	420	719	767	67	0	0	0	0	0	-443	-17	15	0
10	1	0	0	116	84	down	3	512	495.797754014776	778.852425896442	514.618492641856	646.465533936708	518.253628732264	1059.88833402506	507.709127230805	656.107727943441	512	512	321.122662942413	255.400193744745	-593.731189675457	688.511229459473	257	63	3	5	184	273	161	12	2	64	34925	4126	3511	446	707	711	85	0	0	0	0	0	-710	-16	12	0
10	1	0	0	117	83	down	0	512	501.027724028209	818.887011898667	525.030568919329	674.228100641301	487.428943621023	835.428917110446	496.074379195232	617.502549810852	512	512	332.675914455631	261.659235993152	-593.738094649225	688.527628212179	266	57	4	6	179	261	168	7	1	75	34564	4011	3501	420	766	823	85	0	0	0	0	0	-620	-15	15	0
10	1	0	0	117	83	down	1	512	531.55558807321	1053.08612552305	529.1173843777	689.971044334683	493.954775011334	844.568163195368	497.77191822303	604.001528921201	512	512	319.341796082047	248.943608523419	-593.795061088669	688.659581719358	258	60	2	11	181	264	171	7	2	68	34345	4135	3641	375	800	815	71	0	0	0	0	0	-548	-12	15	0
10	1	0	0	117	83	down	2	512	535.662978943834	1058.17082562757	533.83927064107	703.459211861462	508.73389530602	939.868827150745	507.568716439748	643.469856457652	512	512	320.505697844194	247.219761153042	-593.829378498188	688.739405183433	260	55	4	11	182	265	171	9	3	64	34458	4033	3616	389	816	689	63	0	0	0	0	0	-492	-18	11	0
10	1	0	0	117	83	down	3	512	540.029756682898	1030.64532993347	541.596138905036	718.582502668062	449.079386808832	660.01472105281	479.598669981058	583.578769738907	512	512	318.169633282315	246.497286868176	-593.767167905821	688.595194629002	259	49	3	10	191	264	150	4	7	87	34574	4080	3493	349	762	843	90	0	0	0	0	0	-660	-15	12	0
10	1	0	0	118	82	down	0	512	504.540399801024	864.520273295485	521.161383092466	661.525876692512	514.156401135085	989.09632380069	514.568778313503	656.890764622213	512	512	310.423070380682	236.16987139773	-593.776219891025	688.616170503859	261	63	0	7	181	252	173	10	6	71	34129	4009	3471	375	823	755	89	0	0	0	0	0	-639	-16	13	0
10	1	0	0	118	82	down	1	512	528.887923958526	1015.98768081207	532.772421714792	710.953111543277	467.515048255394	725.745986451811	485.80159507992	568.468036750864	512	512	313.618361422171	239.94143462062	-593.820356781722	688.71820084298	249	63	4	10	186	271	159	5	2	75	33984	4066	3529	405	822	796	67	0	0	0	0	0	-674	-18	10	0
10	1	0	0	118	82	down	2	512	532.505957947276	984.537127653642	540.553547459394	710.456702412951	493.800746358828	985.451525473094	488.588640912391	607.371243733916	512	512	320.743910342846	256.014647970981	-593.736815342037	688.524864863342	253	54	4	9	192	268	150	11	2	81	34122	3978	3473	411	834	847	78	0	0	0	0	0	-594	-15	16	0
10	1	0	0	118	82	down	3	512	545.585964617581	1181.51716354379	538.685355434236	724.173484129553	499.654848325078	920.237336852491	496.479487034134	615.274190655143	512	512	312.144352231263	242.802837896979	-593.777965885789	688.620098251714	260	59	5	14	174	276	161	9	2	64	33966	4004	3635	379	894	799	90	0	0	0	0	0	-400	-21	12	0
10	1	0	0	119	81	down	0	512	545.00033982789	1214.50962191399	526.298686626056	709.193805058507	505.087517427588	977.921602032577	521.307589079174	699.828494071474	512	512	301.931166165227	226.708540271337	-593.808893910531	688.69169171642	267	60	2	15	168	244	170	10	5	83	33786	4009	3344	333	825	889	90	0	0	0	0	0	-779	-13	12	0
10	1	0	0	119	81	down	1	512	530.17362206196	1013.71761168962	528.161595152804	693.004357789496	541.392469112585	1106.16860968853	536.411750615644	710.295678936208	512	512	306.100046757894	235.601934634578	-593.754592409618	688.565761772503	262	55	1	10	184	256	184	12	2	58	33680	3997	3409	386	888	834	79	0	0	0	0	0	-679	-14	12	0
10	1	0	0	119	81	down	2	512	523.628537090085	1077.76195526069	521.969182929107	695.420250921749	546.190842988834	1223.61605722694	529.561975330568	717.436146883155	512	512	302.903900812557	226.139898319024	-593.719790239968	688.485133683525	252	73	3	12	172	252	175	15	1	69	33420	4179	3518	355	891	881	76	0	0	0	0	0	-757	-15	12	0
10	1	0	0	119	81	down	3	512	528.974028592898	1086.27814235812	521.887018918253	677.487797077323	539.675174871967	1037.60320643313	543.425939996272	729.987930659349	512	512	315.688962499686	243.51068661283	-593.6983228968	688.435376340217	255	68	1	12	176	242	197	10	3	60	33735	3928	3432	377	839	817	74	0	0	0	0	0	-611	-20	15	0
10	1	0	0	120	80	down	0	512	502.08345211821	969.804082892706	490.855379826976	594.205809909484	450.307324167576	692.044871045254	461.687697763771	526.687201071954	512	512	320.289573691406	249.60070112078	-593.799968736695	688.671105892703	254	80	2	10	166	280	142	5	4	81	33282	3934	3406	338	871	985	95	0	0	0	0	0	-574	-15	11	0
10	1	0	0	120	80	down	1	512	485.633562088826	969.553961353373	472.688326242205	569.941644818413	487.073288844766	900.511393012553	479.427853451833	572.051211498485	512	512	311.336539978455	237.345177013779	-593.743718080613	688.540382317345	272	84	3	11	142	273	153	9	2	75	33312	3881	3414	353	919	929	96	0	0	0	0	0	-575	-15	11	0
10	1	0	0	120	80	down	2	512	496.44006658383	917.932681727816	501.875533607674	636.947508145415	477.044944955084	817.140222531276	473.154705416422	556.351494995944	512	512	320.104957806475	250.250128585852	-593.824278281285	688.727589121935	264	72	7	9	160	260	159	7	4	82	33254	3788	3551	367	889	918	82	0	0	0	0	0	-401	-19	12	0
10	1	0	0	120	80	down	3	512	502.44712423726	1029.42757432563	485.711078109576	601.73785889958	430.297160894132	688.971691344767	441.392047315773	480.109223885105	512	512	309.245762178195	234.90661978338	-593.765116422063	688.590393886863	281	70	3	12	146	295	119	6	1	91	33119	3973	3497	371	945	928	96	0	0	0	0	0	-556	-14	11	0
10	1	0	0	121	79	down	0	512	587.35192929477	1397.90164618609	572.909635433883	834.120731339941	502.82203259508	1002.32780335656	489.415068292235	608.203265359942	512	512	309.426019873268	242.719852503895	-593.689741977035	688.415513851069	253	49	4	18	188	264	158	11	2	77	32643	3931	3463	411	971	976	95	0	0	0	0	0	-556	-17	12	0
10	1	0	0	121	79	down	1	512	547.765344815717	1012.76285320502	556.143151071543	740.015709472126	475.75924685165	708.270604860005	492.842543126741	584.663137856206	512	512	305.46540728408	226.040127911333	-593.764171449153	688.587902486638	250	46	1	9	206	263	174	4	0	71	32965	3764	3357	362	958	967	86	0	0	0	0	0	-578	-12	12	0
10	1	0	0	121	79	down	2	512	573.898087231971	1169.89678186257	579.054660835673	828.605085222723	491.343798676014	905.431569626607	493.791768043284	607.907460417593	512	512	304.264160219577	227.779179190098	-593.741939287928	688.53670927321	234	48	3	12	215	277	154	9	3	69	32739	3936	3406	367	988	952	93	0	0	0	0	0	-584	-15	15	0
10	1	0	0	121	79	down	3	512	581.49782732852	1426.06040327701	564.482382569735	831.636545853795	488.388403803207	833.461287173623	495.196303042138	602.766386489925	512	512	321.548730432186	256.880281685203	-593.806799212586	688.686877985216	249	60	3	19	181	266	165	7	4	70	32791	3779	3518	360	901	970	84	0	0	0	0	0	-366	-13	12	0
10	1	0	0	122	78	down	0	512	541.286037931324	1204.29498432122	528.139399237198	704.199969119368	468.206031261019	726.88922370603	485.559854171959	580.741709766364	512	512	310.36057155149	240.332386942574	-593.75659421276	688.57039509681	276	57	2	15	162	269	159	5	4	75	32504	3726	3367	339	1055	1041	93	0	0	0	0	0	-463	-12	12	0
10	1	0	0	122	78	down	1	512	528.830163213836	976.177036867603	534.555371938317	700.43093486431	481.641692707581	784.675920634709	497.174721757048	615.693512374061	512	512	302.499376071916	230.509120169359	-593.779910276582	688.624595135202	260	53	2	9	188	272	164	6	2	68	32444	3804	3302	386	986	1049	99	0	0	0	0	0	-678	-17	11	0
10	1	0	0	122	78	down	2	512	499.271922624465	896.742003545884	505.835886558566	629.164278182797	493.67613456133	876.277693385948	503.34257376696	629.548231149956	512	512	296.062181383583	219.637411537573	-593.693053816297	688.423023635131	246	79	3	8	176	272	163	8	2	67	32410	3892	3282	352	967	1035	118	0	0	0	0	0	-740	-15	12	0
10	1	0	0	122	78	down	3	512	523.177687371338	1117.19211186383	512.524429121397	678.372849533229	501.958840320712	897.685682335238	511.630664827248	655.864112311886	512	512	306.875090950722	234.019815787386	-593.743964189506	688.541129054477	244	83	1	13	171	254	175	8	3	72	32498	3645	3414	379	1026	1005	102	0	0	0	0	0	-397	-12	14	0
10	1	0	0	123	77	down	0	512	566.834228523214	1262.15930109185	541.276183264448	740.244433315605	509.817967285702	1047.10163709638	500.039254088496	635.359088615931	512	512	305.741774861634	233.531173849541	-593.81188639745	688.699059509607	242	60	2	15	193	270	156	12	2	72	32089	3600	3376	359	1082	1089	110	0	0	0	0	0	-246	-14	14	0
10	1	0	0	123	77	down	1	512	514.981086246327	1054.85507428092	509.733330361807	661.524836750843	509.060133227269	976.595211699481	506.978104164324	639.794298711746	512	512	303.883546450748	227.212093043274	-593.693401348786	688.42388487821	272	67	2	12	159	265	167	10	2	68	31919	3752	3420	333	1044	1044	105	0	0	0	0	0	-382	-14	10	0
10	1	0	0	123	77	down	2	512	563.868670376963	1255.8697209634	539.849123112404	737.010668237792	522.783525431954	1032.17170704517	513.968505398582	664.287480312746	512	512	296.53838732837	223.045405845544	-593.727434948854	688.50279523107	246	60	1	15	190	270	169	11	4	58	31932	3750	3383	359	1071	1007	106	0	0	0	0	0	-427	-16	14	0
10	1	0	0	123	77	down	3	512	529.002372482579	1079.64931283939	519.947705744433	692.855706440349	554.981086246327	1303.55574071531	531.190121561154	735.307747326571	512	512	298.861085250655	219.481100903504	-593.795954351048	688.661826843501	268	59	3	12	170	264	166	17	3	62	32028	3727	3317	352	1054	1056	74	0	0	0	0	0	-487	-13	11	0
10	1	0	0	124	76	down	0	512	506.133082244144	972.106962787131	511.746440873375	679.984244114968	498.052002608513	915.333565624425	506.51891333806	645.290699512707	512	512	295.089142755691	218.209764493646	-593.760558470879	688.579826403881	259	72	7	10	164	281	158	9	2	62	31633	3680	3300	299	1197	1080	113	0	0	0	0	0	-439	-15	14	0
10	1	0	0	124	76	down	1	512	524.242505769457	1001.08523584208	525.369764028424	696.635192122907	476.76630450508	774.738889662499	490.340517978865	582.2418066668	512	512	291.301376401285	211.901329156421	-593.789080140388	688.645767498686	262	57	7	10	176	276	159	6	2	69	31541	3787	3221	363	1032	1118	84	0	0	0	0	0	-702	-13	11	0
10	1	0	0	124	76	down	2	512	527.439106894467	981.366841895309	544.02088732203	735.730077782193	509.617414127277	876.120719788643	517.644630282781	656.700960361158	512	512	290.899388481983	210.28159504754	-593.849795801192	688.786713691672	238	66	7	9	192	253	187	7	1	64	31575	3714	3304	319	1108	1152	130	0	0	0	0	0	-452	-13	12	0
10	1	0	0	124	76	down	3	512	515.375248185711	917.489674330873	523.264183092937	673.969614421068	523.762239195702	1068.21338983671	508.903450326438	646.440125107915	512	512	305.88804450535	229.745167801217	-593.888926179815	688.877521246579	262	58	1	8	183	274	164	12	3	59	31684	3658	3245	325	1117	1161	101	0	0	0	0	0	-421	-16	13	0
10	1	0	0	125	75	down	0	512	510.317487441021	943.87193277076	512.192050363211	647.390505008373	515.931456120393	912.195213352155	517.169419176892	649.966799580929	512	512	293.203129672901	215.609733073543	-593.770438075128	688.602630508449	265	64	0	9	174	275	178	8	2	49	31000	3659	3370	371	1197	1182	112	0	0	0	0	0	-417	-14	14	0
10	1	0	0	125	75	down	1	512	518.58093961884	927.27060899169	527.473990444254	683.746027751111	485.576874309462	760.399207826801	499.784873273359	605.87175751029	512	512	288.959407113958	209.358775295052	-593.790841443595	688.649797496383	248	63	5	8	188	258	175	5	5	69	31107	3667	3263	363	1105	1068	97	0	0	0	0	0	-538	-12	13	0
10	1	0	0	125	75	down	2	512	490.950709701956	910.561507114854	494.317028656229	610.607759602267	551.181752680715	1164.89943437873	549.019124007852	775.011812787391	512	512	294.160209059449	219.267824052376	-593.709787647067	688.461710675461	266	77	1	9	159	234	190	13	9	66	31215	3559	3266	360	1074	1162	130	0	0	0	0	0	-398	-13	13	0
10	1	0	0	125	75	down	3	512	502.87979333977	930.945544916676	507.436392348053	638.165648975563	485.873695375703	861.879021296702	493.934987204525	611.11419792442	512	512	294.889518114421	217.29105528403	-593.738241574252	688.527895614447	261	70	5	9	167	274	156	8	3	71	31145	3652	3279	324	1102	1154	110	0	0	0	0	0	-448	-13	10	0
10	1	0	0	126	74	down	0	512	512.342838986651	953.003200648772	515.260058559449	652.287448984682	513.983118901016	1017.88611808601	506.276658281834	649.286594419867	512	512	288.118192207267	211.909611361556	-593.833736083836	688.749436079095	247	72	5	9	179	269	163	11	4	65	30848	3551	3177	312	1227	1212	103	0	0	0	0	0	-489	-13	14	0
10	1	0	0	126	74	down	1	512	481.862572412896	750.211178029345	498.120997044019	595.758343466383	480.692395798842	646.825377392329	509.583266123921	618.606653567383	512	512	273.162028153524	195.794879151626	-593.859840897775	688.80975502005	271	65	1	5	170	256	188	2	3	63	30855	3611	3108	314	1202	1190	101	0	0	0	0	0	-635	-15	8	0
10	1	0	0	126	74	down	2	512	519.645758016959	1070.65818485896	510.968622858566	662.307974055043	507.218227189153	910.048878741292	508.160429907611	629.611996989642	512	512	293.588033940638	211.365402083168	-593.655923284222	688.336937366181	254	75	2	12	169	247	182	8	2	73	30632	3629	3240	387	1174	1234	105	0	0	0	0	0	-476	-13	15	0
10	1	0	0	126	74	down	3	512	539.473548748216	1035.93979091218	544.84436928771	729.95857038876	480.806844322895	895.790774863363	471.142098745406	546.185588234988	512	512	277.158112965264	201.371432451909	-593.800405259229	688.672233589036	246	58	2	10	196	259	153	9	3	88	30827	3616	3084	361	1191	1189	132	0	0	0	0	0	-691	-14	14	0
10	1	0	0	127	73	down	0	512	547.121959281337	1191.19521748384	538.03921309351	732.721675993246	474.645758016959	702.820047569895	498.025843075496	605.25339869867	512	512	275.500285755434	197.587380507762	-593.921835548394	688.95375735247	244	68	5	14	181	266	169	4	5	68	30545	3588	2922	321	1179	1331	116	0	0	0	0	0	-818	-14	12	0
10	1	0	0	127	73	down	1	512	495.950709701956	918.47946778986	499.089306569869	609.095707591059	513.570776345395	947.951311316222	514.849260931584	672.605407637829	512	512	288.258237165307	211.146314424391	-593.742973404102	688.538696302396	266	73	2	9	162	263	174	9	5	61	30314	3539	3173	350	1265	1245	108	0	0	0	0	0	-428	-16	11	0
10	1	0	0	127	73	down	2	512	519.358027258837	1072.84177864663	512.767978760188	666.752331672734	517.390436457896	1029.35707606309	525.003342754916	714.141719987378	512	512	274.657355714492	204.598361991789	-593.769927177618	688.601204556473	248	79	2	12	171	255	170	11	5	71	30473	3586	3011	306	1221	1275	129	0	0	0	0	0	-709	-17	9	0
10	1	0	0	127	73	down	3	512	536.143245517589	991.069279428262	542.185716461948	730.434655703438	490.787590741332	873.670599075646	488.54787442077	584.118095607097	512	512	290.927105462936	214.223164871453	-593.739048472846	688.529721234235	252	52	4	9	195	268	163	8	1	72	30423	3512	3081	360	1278	1259	120	0	0	0	0	0	-476	-14	11	0
10	1	0	0	128	72	down	0	512	485.913275504156	805.582360905678	501.098578185244	618.580280028477	529.060133227269	1082.37791745886	516.302739189036	666.033184933493	512	512	278.951368090015	202.753480305811	-593.767990211983	688.597142732198	239	85	4	6	178	257	171	12	8	64	29981	3527	3041	315	1307	1292	151	0	0	0	0	0	-529	-13	11	0
10	1	0	0	128	72	down	1	512	473.100673045085	737.753528081607	492.139647735862	596.917512770029	558.868670376963	1247.95176028839	541.259196770711	732.679499367057	512	512	289.12818190235	216.78112278698	-593.790735499668	688.649421999749	264	75	3	5	165	246	187	15	0	64	29944	3477	3144	299	1291	1347	123	0	0	0	0	0	-344	-13	11	0
10	1	0	0	128	72	down	2	512	498.772402469146	888.805413282472	502.782685610452	614.202276909632	503.570776345395	895.059958436531	506.991573621512	636.605044470286	512	512	290.075616987831	204.625725012835	-593.700299949352	688.439515394502	263	69	2	8	170	267	172	8	2	63	29874	3459	3195	336	1293	1273	117	0	0	0	0	0	-279	-13	13	0
10	1	0	0	128	72	down	3	512	520.221219533205	1066.29099728361	513.622398708452	668.86536999742	501.420813002267	887.867937469778	509.775638779164	641.610123756195	512	512	270.432184998642	193.33030200191	-593.748828769973	688.552373533809	266	67	2	12	165	269	166	8	8	61	29955	3505	3087	317	1319	1287	155	0	0	0	0	0	-564	-14	12	0
10	1	0	0	129	71	down	0	512	528.349896640081	1043.27858306691	516.960374369405	666.156173005296	551.814974941651	1052.14777242444	556.638442887385	754.494001825792	512	512	279.065849306389	203.457294725351	-593.770715681746	688.603210790811	268	56	2	11	175	255	201	10	3	43	29586	3377	3056	333	1305	1317	112	0	0	0	0	0	-418	-12	9	0
10	1	0	0	129	71	down	1	512	518.551522763832	992.024037912856	516.181954917026	654.386562168267	528.158433789774	975.907857426121	541.730477759074	722.974354621128	512	512	261.828684238587	186.411941744657	-593.756390354764	688.569989651251	264	61	4	10	173	253	187	9	7	56	29386	3610	3062	294	1342	1295	140	0	0	0	0	0	-717	-15	12	0
10	1	0	0	129	71	down	2	512	484.501892637898	793.911844463733	491.379840566865	590.981116558083	558.263792005709	1168.79743507556	565.66821908692	805.372970795327	512	512	269.933682308586	193.491629089068	-593.944833419761	689.007017133196	263	72	1	6	170	258	190	13	3	48	29676	3395	2988	293	1392	1359	121	0	0	0	0	0	-553	-13	12	0
10	1	0	0	129	71	down	3	512	505.538367146335	901.462621695074	512.924647828053	648.025413296933	567.064198536647	1257.19388709407	558.464048127138	796.407661119359	512	512	273.516211366299	199.262932987864	-593.89683305318	688.895717607835	260	66	2	8	176	251	188	15	5	53	29489	3490	3050	323	1384	1316	144	0	0	0	0	0	-551	-16	13	0
10	1	0	0	130	70	down	0	512	472.688330489464	741.956192166487	483.77661780274	567.842819215964	463.541359490387	785.223583982665	469.605588991526	557.390757096192	512	512	277.933640390427	198.646754524343	-593.804047203961	688.680566129368	254	82	2	5	169	283	142	7	2	78	29037	3446	3049	308	1384	1314	150	0	0	0	0	0	-409	-13	10	0
10	1	0	0	130	70	down	1	512	528.14827051633	1152.781462135	498.831447531407	639.648417738251	496.526171218202	1025.30518259886	471.128314015887	556.463267442001	512	512	273.247390630937	195.639631592746	-593.665522690189	688.359156221071	260	72	4	14	162	270	147	12	1	82	29184	3369	2974	313	1447	1420	135	0	0	0	0	0	-470	-13	10	0
10	1	0	0	130	70	down	2	512	498.637627398204	956.451970313577	499.859410077168	646.004765795386	467.111796007892	796.530018469274	464.020953446749	534.166397721042	512	512	266.943256892277	192.360535114244	-593.74652298334	688.546992516733	266	73	7	10	156	271	149	7	2	83	28957	3510	3035	338	1401	1490	149	0	0	0	0	0	-598	-15	10	0
10	1	0	0	130	70	down	3	512	459.981086246327	745.291878701202	468.574488638449	544.879380420842	469.060133227269	913.1983107088	466.318206270733	566.246946192192	512	512	274.957431191005	193.998490938461	-593.730141775535	688.509141522594	276	80	5	6	145	257	141	10	2	102	28998	3444	3068	330	1411	1448	131	0	0	0	0	0	-477	-14	9	0
10	1	0	0	131	69	down	0	512	537.630569744774	1064.57348888612	542.344241188641	720.03955359426	494.760206541013	909.373032476914	492.488972504485	595.497934315403	512	512	272.410551151198	196.339196032969	-593.763101137911	688.585633354422	253	58	4	11	186	281	155	9	3	64	28744	3272	3002	310	1430	1408	153	0	0	0	0	0	-299	-13	13	0
10	1	0	0	131	69	down	1	512	570.538367146336	1263.91717015448	563.046669641324	801.343385097393	525.124951625388	1143.71006179645	514.48362026611	691.899244981179	512	512	273.905974293322	195.995419353892	-593.760433888413	688.579300028511	252	51	2	15	192	267	156	14	6	69	28753	3329	2946	300	1486	1423	150	0	0	0	0	0	-385	-12	11	0
10	1	0	0	131	69	down	2	512	566.094575081018	1250.67814070544	562.880679514007	815.314553145768	508.954775011334	942.459516075059	504.717638138322	619.402157113378	512	512	261.534782993893	183.002705758392	-593.78184675411	688.629354638264	261	47	6	15	183	260	173	9	3	67	28557	3475	2962	334	1446	1445	132	0	0	0	0	0	-647	-13	9	0
10	1	0	0	131	69	down	3	512	524.415788003526	972.348657147387	531.455347216244	689.110938485995	489.156401135085	801.25818651163	510.690109816104	642.3783556941	512	512	256.060741016217	178.498705039722	-593.798760018405	688.668046295708	253	61	1	9	188	264	173	6	1	68	28598	3451	2966	313	1344	1401	142	0	0	0	0	0	-615	-12	9	0
10	1	0	0	132	68	down	0	512	585.691322833515	1464.38013339791	550.711568463144	776.288988836849	508.119926626648	979.463507244356	506.911896235419	654.947698418288	512	512	285.360580360148	211.249083332049	-593.771790789854	688.605820069291	261	54	1	20	176	255	170	10	2	75	28203	3220	3080	313	1473	1423	142	0	0	0	0	0	-193	-12	13	0
10	1	0	0	132	68	down	1	512	490.835188212577	793.831572105619	498.650872711001	594.656865996618	530.576874309462	1165.29277664554	513.039552320609	669.199747596403	512	512	265.118133738694	188.548582017278	-593.857378158457	688.804366507118	284	53	4	6	165	242	171	14	3	82	28192	3345	2971	308	1421	1466	135	0	0	0	0	0	-401	-15	12	0
10	1	0	0	132	68	down	2	512	537.390436457896	1135.19299741311	532.193641159402	714.856006781931	463.369150221644	681.724700215559	482.105178180936	559.990099925636	512	512	267.06279858336	192.329737283811	-593.719499666268	688.484363599003	255	65	3	13	176	271	159	4	5	73	28231	3240	3016	329	1605	1433	152	0	0	0	0	0	-335	-12	14	0
10	1	0	0	132	68	down	3	512	551.469483438838	1236.87991924104	533.740822296316	732.326125106622	532.639660052892	1160.29232767337	523.661718139626	712.06282632186	512	512	274.175245044258	194.000421508135	-593.879295401461	688.855388770581	240	72	3	15	182	259	165	14	5	69	28345	3209	2977	285	1435	1471	128	0	0	0	0	0	-323	-12	11	0
10	1	0	0	133	67	down	0	512	508.46541812946	831.786791957436	518.014450405931	646.539508029797	534.270849659139	1232.70474023739	520.923201438599	711.97445195797	512	512	248.907086205981	167.152340843727	-593.828271358877	688.736917107586	266	52	3	6	185	263	155	16	5	73	27964	3252	2780	308	1487	1509	154	0	0	0	0	0	-626	-12	10	0
10	1	0	0	133	67	down	1	512	501.517080910083	818.393441427254	516.424193515838	641.146007467666	482.322512439762	814.444428683781	492.321186760371	591.850380779767	512	512	262.85887854662	187.593389108229	-593.693172576132	688.423477189645	272	54	1	6	179	289	154	7	1	61	27710	3340	2923	331	1501	1570	149	0	0	0	0	0	-507	-14	11	0
10	1	0	0	133	67	down	2	512	518.014568410713	961.163732969946	517.20445808274	661.657540483758	514.20399860633	946.365943950972	517.090732795262	661.546917669796	512	512	249.005040020631	172.956143891639	-593.74635076135	688.546724421751	250	66	5	9	182	272	173	9	2	56	27701	3376	2872	355	1467	1465	144	0	0	0	0	0	-617	-13	12	0
10	1	0	0	133	67	down	3	512	529.060133227269	1156.54199610885	515.738577563936	676.737413751592	496.603185544455	880.712726707667	503.239365114233	629.840243823778	512	512	259.951853530751	179.958600667742	-593.717499921305	688.479979126209	257	74	2	14	165	270	164	8	5	65	27930	3249	2836	289	1536	1490	159	0	0	0	0	0	-516	-12	9	0
10	1	0	0	134	66	down	0	512	555.375248185711	1203.24577229494	525.816433336021	700.709691255515	503.484671711024	861.82492842016	518.653923889433	666.415409358386	512	512	253.685497872925	172.856349655335	-593.824564509599	688.728246864549	250	59	3	14	186	257	178	7	6	64	27320	3357	2824	291	1552	1709	157	0	0	0	0	0	-590	-14	10	0
10	1	0	0	134	66	down	1	512	524.510982946016	1035.05640797603	521.477871305372	683.841839188587	533.723732032575	1267.52513761901	507.957805805781	678.392950909541	512	512	269.99679316803	199.8093715581	-593.621043873485	688.25623147074	269	57	5	11	170	264	150	17	4	77	27352	3179	2959	302	1570	1571	176	0	0	0	0	0	-264	-16	11	0
10	1	0	0	134	66	down	2	512	496.430976275712	925.488784649905	500.407426725519	628.836566695602	525.989216865083	1116.11672035598	511.196515164749	666.111295281455	512	512	246.0538091654	166.816238689431	-593.750278584541	688.555970735252	250	82	4	9	167	256	168	13	2	73	27597	3254	2645	296	1609	1487	146	0	0	0	0	0	-742	-13	8	0
10	1	0	0	134	66	down	3	512	552.486704365713	1274.72293324868	542.323108221421	765.906673793721	505.653888635715	906.973046524643	500.926041656901	619.604253887356	512	512	244.620502527844	165.402344706088	-593.70987083823	688.461924328855	234	77	8	16	177	246	180	8	4	74	27358	3287	2878	269	1530	1526	142	0	0	0	0	0	-453	-12	11	0
10	1	0	0	135	65	down	0	512	483.963865319453	858.25817824826	491.870817664034	596.19830631895	546.814974941651	1118.34067480879	542.307076953846	746.622926274782	512	512	250.314964483771	171.85690206286	-593.745030060391	688.543526699236	278	71	0	8	155	247	190	12	4	59	26874	3266	2826	314	1631	1598	151	0	0	0	0	0	-495	-14	11	0
10	1	0	0	135	65	down	1	512	569.742025924776	1265.69366880552	542.534788862475	728.937029294786	484.309356822265	858.829796875369	495.12755270148	612.389995789639	512	512	257.161300955864	178.168407264613	-593.771607157932	688.605131741532	245	56	2	15	194	277	155	8	1	71	26843	3244	2882	311	1511	1708	164	0	0	0	0	0	-422	-13	10	0
10	1	0	0	135	65	down	2	512	493.849416795399	810.432467570945	512.63772559061	648.147284484644	518.225284842583	955.324261159434	515.608151477078	638.764955936488	512	512	246.159034989314	162.340316855492	-593.773384432202	688.609643660183	259	67	3	6	177	268	178	9	1	56	27092	3070	2844	274	1624	1565	145	0	0	0	0	0	-314	-11	10	0
10	1	0	0	135	65	down	3	512	526.104738354462	936.323379741837	520.475122964142	645.521044856669	508.042912300395	901.670158366848	510.101168391329	631.097483016162	512	512	264.797391723117	181.937995108891	-593.804350293292	688.680911800679	258	52	3	8	191	271	175	8	0	58	26977	3146	2863	294	1522	1609	127	0	0	0	0	0	-331	-11	14	0
10	1	0	0	136	64	down	0	512	524.665011598523	1079.50341893733	510.223674978638	652.504043427345	531.6133488179	1055.84133793783	527.719379721248	687.583561284318	512	512	255.349099752856	177.23407828129	-593.671737242526	688.37388048455	253	72	2	12	173	251	183	11	3	64	26581	3108	2792	287	1743	1732	199	0	0	0	0	0	-397	-12	14	0
10	1	0	0	136	64	down	1	512	501.680199870708	929.395212525818	497.946604616404	618.514604213032	556.890916302578	1307.20319155906	533.011185915664	739.586169659936	512	512	247.868175518234	169.122101902837	-593.7858545375	688.638187535724	262	71	3	9	167	264	168	17	2	61	26576	3034	2866	292	1679	1589	158	0	0	0	0	0	-209	-12	11	0
10	1	0	0	136	64	down	2	512	512.064198536647	1021.79477016435	501.465594332458	633.940226666069	487.08345211821	797.775259158343	502.233171357451	619.166516903582	512	512	234.726646066268	154.589844799722	-593.715816278181	688.475779672198	255	76	2	11	168	262	171	6	3	70	26479	3206	2777	306	1760	1586	172	0	0	0	0	0	-556	-13	10	0
10	1	0	0	136	64	down	3	512	450.470443128201	654.824916025105	469.807325799157	535.810713319008	533.254701697591	1025.51761664764	530.86265466944	685.661657986111	512	512	255.908756551937	174.099437011614	-594.022927229103	689.188400288573	286	74	2	4	146	244	191	10	4	63	26661	3137	2702	268	1568	1535	139	0	0	0	0	0	-487	-12	11	0
10	1	0	0	137	63	down	0	512	510.308397132903	914.345996367855	513.603255207101	652.219116992377	494.626504435396	844.810734841535	498.719956195242	607.171079470236	512	512	242.702963940101	164.456266854447	-593.755567104859	688.568259788034	251	69	0	8	184	267	171	7	1	66	26153	3103	2716	284	1737	1685	178	0	0	0	0	0	-403	-13	11	0
10	1	0	0	137	63	down	1	512	502.908137229452	998.480794047941	502.153333906571	642.957784595808	532.304331823525	1094.04000672173	541.193107424318	742.462745064307	512	512	237.246337484757	162.482604943998	-593.732872255798	688.515185369494	274	71	1	11	155	245	179	12	6	70	26216	3084	2699	257	1691	1734	168	0	0	0	0	0	-485	-10	9	0
10	1	0	0	137	63	down	2	512	516.017560754765	945.350419982581	519.80313062255	679.187022904313	508.964938284779	1025.05375545987	504.780596103003	641.514079830156	512	512	244.880403810641	165.598307395755	-593.841763600311	688.76813798485	273	51	10	9	169	237	173	11	1	90	26154	3106	2725	271	1790	1713	170	0	0	0	0	0	-461	-11	10	0
10	1	0	0	137	63	down	3	512	511.113828662581	979.150865649402	502.647663399211	622.295819403014	508.129016934766	971.934012117582	508.396148702864	647.545956922163	512	512	251.264446574271	171.292832514788	-593.69725058568	688.43286938995	268	65	1	10	168	273	164	10	1	64	25923	3060	2976	297	1692	1660	175	0	0	0	0	0	-179	-12	13	0
10	1	0	0	138	62	down	0	512	492.658913634456	912.518934642349	496.958718637058	636.317069740965	563.849416795399	1217.86040823504	549.114048399118	763.965291852632	512	512	249.519580296092	170.130451980156	-593.803378001881	688.678979821521	266	75	3	9	159	247	192	14	5	54	25903	2925	2624	292	1693	1760	179	0	0	0	0	0	-359	-11	11	0
10	1	0	0	138	62	down	1	512	501.756141231635	917.06482689174	510.783895751769	664.618504359455	535.739993270087	1061.85331144572	540.081687744834	727.555759480268	512	512	243.553305441335	168.352742228236	-593.636828783282	688.292718334865	287	54	6	9	156	252	185	11	4	60	25733	2998	2739	274	1738	1759	175	0	0	0	0	0	-368	-13	9	0
10	1	0	0	138	62	down	2	512	526.536334491647	1044.24089144468	525.059330611175	688.379417485797	497.102705699773	888.675924766394	496.891236408772	617.315088623368	512	512	230.097091318234	152.736235014608	-593.869349778203	688.831977912314	259	63	2	11	177	257	171	8	2	74	25759	3160	2552	273	1704	1713	179	0	0	0	0	0	-657	-15	12	0
10	1	0	0	138	62	down	3	512	501.834228523214	936.760184162121	503.248124817324	625.713839455849	533.033821992276	1022.95353551864	532.005112410854	697.405700168204	512	512	235.466690615768	163.814411575884	-593.844899174493	688.775450785748	246	81	3	9	173	253	190	10	0	59	25866	2992	2646	240	1757	1729	193	0	0	0	0	0	-420	-10	11	0
10	1	0	0	139	61	down	0	512	520.077354154143	1141.4936572368	509.449921631387	676.530230034446	549.568743690706	1151.56550241584	554.815858751853	780.081226906198	512	512	233.038109712017	155.816439521133	-593.812587503283	688.70037926038	255	81	4	14	158	262	181	13	5	51	25430	2967	2536	299	1772	1882	176	0	0	0	0	0	-528	-12	9	0
10	1	0	0	139	61	down	1	512	506.258767006969	911.9899008828	506.428146644912	645.978797097167	544.885891303837	1039.65508750231	554.493365024987	768.946475738989	512	512	217.659060236851	140.823403114221	-593.563448053206	688.122457192986	238	79	3	8	184	256	195	10	4	47	25233	3200	2480	319	1859	1816	194	0	0	0	0	0	-778	-12	10	0
10	1	0	0	139	61	down	2	512	452.590989616321	652.606287263036	466.506245371687	512.699359557704	597.1412128629	1382.57482340757	577.852727129414	829.531609690862	512	512	239.840813831684	162.782446821295	-593.936763164281	688.988261386051	300	64	1	4	143	247	204	17	1	43	25392	2874	2690	276	1796	1694	169	0	0	0	0	0	-215	-16	12	0
10	1	0	0	139	61	down	3	512	496.094575081018	880.332239366344	497.263904538585	597.891353345801	554.84738414071	1201.91140375493	548.364669876831	756.00339286623	512	512	233.982451726317	155.566003614196	-593.716569567615	688.477842992217	273	65	1	8	165	250	185	14	4	59	25332	3060	2569	271	1730	1849	195	0	0	0	0	0	-573	-15	13	0
10	1	0	0	140	60	down	0	512	454.549490109143	740.675916503024	460.536445988358	530.170536137957	469.347863985392	725.710951477418	474.334355799938	535.616862737312	512	512	232.916357743807	154.191241868646	-593.798681671589	688.66819331364	271	89	0	6	146	279	158	5	1	69	24914	2937	2598	271	1772	1913	197	0	0	0	0	0	-373	-11	8	0
10	1	0	0	140	60	down	1	512	478.253628732264	848.243099120353	474.426011469106	559.425733220207	475.931456120393	811.742880831796	481.61694361725	580.013845947717	512	512	228.341152348204	149.231367276004	-593.685260044237	688.405065166454	277	75	2	8	150	271	156	7	1	77	24879	3020	2530	291	1830	1779	165	0	0	0	0	0	-630	-14	10	0
10	1	0	0	140	60	down	2	512	486.939586739149	835.922487581859	486.305968032317	589.805440712244	499.798713704139	956.200971488332	491.919572364763	595.624305342601	512	512	246.802524967314	162.674699031746	-593.794931417827	688.659167371198	255	78	4	7	168	275	156	10	3	68	25001	2888	2598	233	1743	1914	189	0	0	0	0	0	-346	-12	10	0
10	1	0	0	140	60	down	3	512	477.23640780539	847.428908847076	471.313918626417	541.786294010019	466.459320165393	723.077249371801	471.70801150099	529.484781719859	512	512	236.183234408287	162.477610776358	-593.695705075147	688.429365877493	275	77	2	8	150	271	157	5	4	75	24911	2891	2617	301	1924	1888	168	0	0	0	0	0	-343	-13	11	0
10	1	0	0	141	59	down	0	512	531.152335825707	1049.67947109521	553.216580448727	778.169152477816	514.433968619763	1089.64886386723	500.605248213378	648.036263301602	512	512	224.713838637638	146.067048340402	-593.723027963265	688.492517348144	254	59	12	11	176	269	153	13	5	72	24526	2956	2471	255	1864	1909	182	0	0	0	0	0	-526	-12	12	0
10	1	0	0	141	59	down	1	512	541.843318831333	1103.82049241038	538.794374836873	709.020471544718	543.139180208211	1184.09144708211	528.695604511873	724.881980191248	512	512	239.53491730034	159.058240136416	-593.864066043904	688.819633602517	264	53	1	12	182	246	178	14	4	70	24624	2835	2473	276	1900	1865	185	0	0	0	0	0	-426	-15	10	0
10	1	0	0	141	59	down	2	512	506.057140883217	799.133582977502	531.182621017533	667.69141769166	510.32657774914	1010.42669290803	505.417674416156	633.432081995437	512	512	226.481822090746	150.437203087725	-593.791825004565	688.652192583074	250	60	3	5	194	271	159	11	5	66	24512	2896	2543	257	1953	1846	162	0	0	0	0	0	-454	-13	13	0
10	1	0	0	141	59	down	3	512	512.007510757283	849.722055962768	530.991501074669	676.330606653639	483.46541812946	755.114949257411	503.921444704535	623.72934909731	512	512	214.102859570052	142.989691326314	-593.824196109647	688.727483045196	241	66	1	6	198	266	173	5	1	67	24580	2887	2451	290	1921	1799	199	0	0	0	0	0	-509	-12	11	0
10	1	0	0	142	58	down	0	512	521.045904644446	1057.88566911385	527.3425509945	711.115830099239	462.716674379146	682.436009768073	481.790652667857	565.019629870435	512	512	212.69058330166	137.857172806027	-593.663738750818	688.3550908368	286	53	4	12	157	271	161	4	1	75	24049	2930	2428	289	1929	1864	191	0	0	0	0	0	-592	-12	9	0
10	1	0	0	142	58	down	1	512	513.590029926958	948.851976924274	515.974545401383	664.197489453906	537.745018268827	1128.23512091344	532.284717569172	729.940716413119	512	512	225.741277071816	150.985834278979	-593.826287658683	688.732105920716	258	63	8	9	174	272	170	13	3	54	24124	2867	2471	234	2020	1886	206	0	0	0	0	0	-496	-16	10	0
10	1	0	0	142	58	down	2	512	491.123991936026	881.771712829529	500.942511967302	629.706886429208	518.935521429771	994.423595551383	523.336625520874	697.450960578948	512	512	219.150952202761	142.315929925887	-593.648365498445	688.319828972573	249	83	3	8	169	257	174	10	7	64	24080	2900	2427	289	1944	1978	194	0	0	0	0	0	-536	-12	9	0
10	1	0	0	142	58	down	3	512	534.981086246327	1123.58234851062	515.135720857873	655.79400796782	482.179720026027	720.329586850183	497.811087125018	587.255033616633	512	512	210.077117006605	136.921492221002	-593.701954878816	688.443771395264	268	57	7	13	167	257	179	4	3	69	24047	2883	2494	272	1972	1941	189	0	0	0	0	0	-448	-12	11	0
10	1	0	0	143	57	down	0	512	523.158433789774	1005.07193607611	519.084970208095	671.891131441928	484.098640390396	790.531797831208	502.073208348754	626.188810574474	512	512	208.803170562002	135.770833351204	-593.662135186577	688.351646093398	253	65	3	10	181	263	166	6	7	70	23650	2840	2415	279	1993	2054	225	0	0	0	0	0	-596	-12	10	0
10	1	0	0	143	57	down	1	512	525.289143551339	1011.31007584418	522.721374089006	686.960714296426	498.542432455713	819.60674863026	508.715360100574	626.30055925531	512	512	229.159929801168	151.382874447757	-593.685690316458	688.406091904009	248	67	2	10	185	254	181	6	5	66	23549	2804	2561	270	1960	1962	211	0	0	0	0	0	-341	-12	9	0
10	1	0	0	143	57	down	2	512	487.102705699773	687.509630177359	510.905896606686	614.189528918656	507.131049589455	972.020487452357	512.095405333748	666.597261314935	512	512	235.591000711537	160.056708607193	-593.891987219106	688.884570670164	269	54	3	3	183	266	164	10	4	68	23763	2653	2496	272	1912	1934	188	0	0	0	0	0	-215	-12	11	0
10	1	0	0	143	57	down	3	512	505.384338493829	968.208513118128	510.574451620588	663.026669869179	532.313422131643	1123.56594312463	525.91352005855	711.788018578604	512	512	224.779587226132	151.373500535474	-593.842682010591	688.770557975264	268	68	4	10	162	259	169	13	6	65	23785	2748	2396	255	1937	2083	202	0	0	0	0	0	-410	-10	9	0
10	1	0	0	144	56	down	0	512	534.808876977584	1057.19211186383	535.278884340589	728.205636988368	479.521146219461	786.894549396778	488.708581450934	585.488279484395	512	512	222.625855254551	149.716822353634	-593.68142432539	688.396366996469	260	56	3	11	182	258	167	6	3	78	23201	2775	2448	248	1999	2065	201	0	0	0	0	0	-362	-14	9	0
10	1	0	0	144	56	down	1	512	550.777427467887	1219.75041832991	528.336837499098	688.82713585728	471.085484772899	699.996989408742	494.997039196417	584.753967777048	512	512	216.005478398627	137.722049272999	-593.728122461253	688.504610791999	279	49	0	15	169	263	170	4	1	74	23187	2821	2424	240	2005	2053	203	0	0	0	0	0	-475	-12	9	0
10	1	0	0	144	56	down	2	512	526.987184210394	1041.86616637121	529.532822109437	706.49914238019	503.590029926958	970.098094899255	498.206046118706	623.706740009905	512	512	213.832728588712	133.427758565854	-593.930896889538	688.974838306699	263	59	5	11	174	258	165	10	3	76	23531	2638	2287	216	1969	1983	185	0	0	0	0	0	-386	-12	10	0
10	1	0	0	144	56	down	3	512	548.284118552599	1095.73757993116	537.965889465092	714.574745231314	524.367117566955	1073.23024419486	513.797923786216	669.056099570888	512	512	194.772391791191	128.652896027985	-593.800685669079	688.672603941188	224	69	3	11	205	266	168	12	2	64	23249	2839	2328	256	2060	1990	201	0	0	0	0	0	-628	-11	12	0
10	1	0	0	145	55	down	0	512	495.029756682898	885.192997413107	499.888178505805	614.613347161272	525.85444179414	1109.65241432772	514.407477750467	671.154327555073	512	512	206.933886696358	137.09136110562	-593.879118095271	688.854499011622	255	76	4	8	169	267	162	13	5	65	22733	2758	2415	254	2057	2003	216	0	0	0	0	0	-377	-12	11	0
10	1	0	0	145	55	down	1	512	524.521146219461	1043.53978430149	520.481081886971	679.049996532863	530.596127891025	1055.02714766456	525.345332307387	690.439759603597	512	512	223.103281190715	142.31324316895	-593.710906559048	688.464848495514	254	68	1	11	178	249	183	11	3	66	22890	2653	2336	281	2044	2114	205	0	0	0	0	0	-368	-10	9	0
10	1	0	0	145	55	down	2	512	490.979053591638	866.877246066453	493.755663653259	598.237192210301	487.29416855008	828.99121887751	497.259106488234	602.509266991639	512	512	225.071446792362	153.074241452714	-593.645240210958	688.312063568745	283	62	2	8	157	276	163	7	0	66	22846	2569	2487	258	2147	2138	205	0	0	0	0	0	-165	-14	11	0
10	1	0	0	145	55	down	3	512	542.304331823525	1109.90253586706	540.981962302796	755.45576143996	477.811869321636	880.117152801404	484.05176875037	600.252810499115	512	512	214.918121826468	141.307019956128	-593.805485971364	688.683648160996	249	61	4	12	186	283	142	9	3	75	22833	2736	2345	246	2198	2180	180	0	0	0	0	0	-490	-13	9	0
10	1	0	0	146	54	down	0	512	519.424878311645	1031.01206440496	516.059145432136	681.287321183284	484.933488775082	716.498982927548	505.583590140419	610.249811724169	512	512	228.580270204559	149.379457616352	-593.809604035373	688.693390845525	263	66	1	11	171	276	174	4	3	55	22439	2547	2413	249	2061	2165	214	0	0	0	0	0	-244	-12	10	0
10	1	0	0	146	54	down	1	512	511.257694041642	978.032460960249	511.59248876736	653.739340689261	495.980126556964	779.588568014023	519.531617986346	665.335518459606	512	512	211.299912146796	131.834562688222	-593.789171026599	688.646017303937	267	64	5	10	166	254	184	5	5	64	22495	2616	2282	255	2060	2125	213	0	0	0	0	0	-429	-13	10	0
10	1	0	0	146	54	down	2	512	513.935521429771	875.339340287341	526.689672073078	668.679242129217	518.311389476954	951.450644055497	515.36685000779	641.156903976416	512	512	225.128715290754	149.500470721468	-593.669626648914	688.368847123739	269	50	3	7	183	274	174	9	4	51	22427	2650	2350	221	2024	2177	229	0	0	0	0	0	-377	-13	10	0
10	1	0	0	146	54	down	3	512	506.546497765091	909.806307095124	515.745259361218	653.439379471603	481.276947623206	931.425362518262	485.263425581888	609.653480086552	512	512	210.578323859233	137.272053198291	-593.76321705539	688.585775178198	244	75	3	8	182	262	148	10	2	90	22412	2646	2323	267	2105	2149	231	0	0	0	0	0	-393	-12	10	0
10	1	0	0	147	53	down	0	512	503.196940952901	864.03513000315	505.968113151601	616.790043046324	505.883858649148	902.034240322183	509.166460899037	640.607950508796	512	512	195.974560193063	121.995760854588	-593.752095712524	688.559981262815	255	67	2	7	181	259	176	8	3	66	22188	2588	2138	222	2208	2051	191	0	0	0	0	0	-539	-10	11	0
10	1	0	0	147	53	down	1	512	522.976061247586	967.280362428849	514.453122538797	639.213321500448	474.501892637898	666.88302072937	494.150969484741	574.01834307362	512	512	211.56790054196	140.157984774158	-593.727936649982	688.504476290948	260	58	0	9	185	271	175	3	0	63	21987	2591	2313	245	2138	2157	207	0	0	0	0	0	-340	-10	13	0
10	1	0	0	147	53	down	2	512	508.109763353203	970.9801309189	519.40260013446	679.750024549447	513.82909024851	1010.52114644971	502.922914372675	626.059698087525	512	512	200.335688440898	124.420671289251	-593.664969286912	688.35821119799	270	64	6	10	162	285	157	11	4	55	21977	2632	2295	232	2201	2222	227	0	0	0	0	0	-422	-12	9	0
10	1	0	0	147	53	down	3	512	509.760206541013	933.153522297248	504.07908928987	620.905247790209	504.060133227269	931.595211699481	502.845122082703	621.641175345931	512	512	212.153284354814	133.410552787692	-593.837468040188	688.758066519285	285	51	2	9	165	265	167	9	4	67	22039	2609	2242	246	2035	2053	200	0	0	0	0	0	-402	-13	9	0
10	1	0	0	148	52	down	0	512	497.362092568214	893.094552702126	508.842483802937	651.109845105005	544.501892637898	1222.55929530749	525.585163629649	703.113397066849	512	512	196.596401187664	122.708463080496	-593.663191321329	688.353666310291	246	80	4	8	174	247	175	15	2	73	21541	2576	2253	254	2181	2203	205	0	0	0	0	0	-407	-13	10	0
10	1	0	0	148	52	down	1	512	504.482639056335	972.90474767442	516.925738136295	686.206821883833	520.719666723197	1095.29675541978	511.481760487003	669.256546067464	512	512	198.562693709508	126.004581598801	-593.794989787185	688.659229435945	252	78	6	10	166	282	154	13	3	60	21616	2539	2247	222	2292	2168	213	0	0	0	0	0	-374	-12	12	0
10	1	0	0	148	52	down	2	512	503.081419463521	858.471489582951	517.65246902279	674.162533006985	526.201006262279	1015.04400202271	525.838414375687	704.53586345792	512	512	210.744163521997	136.243444629491	-593.679830721787	688.392307904985	261	61	8	7	175	241	187	10	4	70	21470	2614	2315	225	2117	2343	236	0	0	0	0	0	-374	-12	9	0
10	1	0	0	148	52	down	3	512	532.419853312904	1025.46617628726	526.106737731795	684.594103414551	529.521146219461	1088.51317650617	516.366886851583	666.682931036459	512	512	194.304598245556	122.848944660703	-593.941691288702	688.999936944353	243	65	2	10	192	250	177	12	3	70	21700	2521	2171	232	2234	2226	225	0	0	0	0	0	-481	-14	10	0
10	1	0	0	149	51	down	0	512	507.111796007892	971.119821844305	502.590135736802	640.18507452186	548.868670376963	1046.75885790404	556.052500736223	749.250654896784	512	512	207.152951301331	129.44445704664	-593.778888278718	688.622104571559	271	66	1	10	164	254	198	10	5	45	21266	2413	2215	218	2217	2256	232	0	0	0	0	0	-244	-10	9	0
10	1	0	0	149	51	down	1	512	494.214161879775	811.931359601421	502.310413983617	615.809318287375	569.521146219461	1263.1029798812	558.841005330218	782.000342156806	512	512	196.886545619641	124.405877069691	-593.772895108435	688.608170733818	257	68	3	6	178	250	192	15	2	53	21105	2499	2278	230	2258	2136	227	0	0	0	0	0	-283	-12	8	0
10	1	0	0	149	51	down	2	512	518.877760685081	1065.83246178659	508.819030362421	666.123317137662	561.536334491647	1247.94155787906	555.211886257817	787.90831517915	512	512	203.518427945896	125.895927624963	-593.742091070194	688.536627828821	264	70	0	12	166	251	184	15	5	57	21136	2504	2243	229	2198	2253	217	0	0	0	0	0	-325	-11	10	0
10	1	0	0	149	51	down	3	512	490.096607735707	872.500754026112	494.363641395552	606.180703773091	582.630569744774	1358.2741553205	569.521836440414	820.50467566772	512	512	207.163174415889	133.155069663811	-593.669718990667	688.368818176235	266	73	3	8	162	245	193	17	3	54	21266	2462	2149	235	2212	2293	220	0	0	0	0	0	-368	-12	12	0
10	1	0	0	150	50	down	0	512	484.96290563009	837.075927245405	483.709208636089	587.557476542635	474.060133227269	772.867937469778	483.97803833644	573.735330727934	512	512	190.18345999502	117.91557559286	-593.79604616806	688.661925916919	248	85	1	7	171	269	159	6	3	75	20679	2553	2128	240	2193	2268	233	0	0	0	0	0	-504	-14	10	0
10	1	0	0	150	50	down	1	512	452.82203259508	626.571705392496	467.071248640267	525.691571801	474.271922624465	745.932689991187	485.164538206811	582.067311995198	512	512	202.190311400636	134.754525852439	-593.895445121696	688.892453754791	276	74	4	3	155	250	171	5	3	83	20787	2385	2211	217	2267	2256	223	0	0	0	0	0	-250	-10	9	0
10	1	0	0	150	50	down	2	512	447.735927960709	622.500754026112	466.206904124395	539.550877877926	497.381346149778	856.966394575814	490.476173406705	574.916931723376	512	512	195.769677330788	126.247506221154	-593.746771167873	688.547886596596	266	84	4	3	155	249	179	7	2	75	20703	2458	2181	258	2395	2285	224	0	0	0	0	0	-350	-10	10	0
10	1	0	0	150	50	down	3	512	461.70854376039	748.176579632065	468.831705559798	552.46757794309	433.272882313828	592.525137619009	457.076402295187	518.501690723904	512	512	197.051412233751	123.443472242049	-593.696012032622	688.42989899626	275	79	6	6	146	280	140	3	3	86	20792	2349	2217	242	2432	2311	234	0	0	0	0	0	-137	-10	12	0
10	1	0	0	151	49	down	0	512	556.488737020401	1208.66972178973	541.281345342473	728.231482500688	510.433008930401	949.355749805014	513.721859401525	659.10595411572	512	512	185.624731547284	111.031198919571	-593.759217714571	688.576868842488	243	63	2	14	190	247	177	9	6	73	20386	2420	2047	235	2395	2273	228	0	0	0	0	0	-458	-12	11	0
10	1	0	0	151	49	down	1	512	543.542432455713	1113.30741506465	549.218098802454	766.443162731287	492.946644392578	799.142438470323	507.792616475485	628.683140617169	512	512	184.847916439794	114.68950207813	-593.676439440823	688.384638704681	246	62	4	12	188	280	168	6	4	54	20399	2373	2085	231	2306	2425	246	0	0	0	0	0	-344	-12	10	0
10	1	0	0	151	49	down	2	512	552.448197202586	1198.7841311779	551.249248931889	767.878078281071	526.459320165393	1114.6958764812	513.25482767897	661.589842329879	512	512	200.830721061706	126.86230931094	-593.70317952734	688.446375900538	248	62	4	14	184	263	167	13	0	69	20352	2351	2165	220	2285	2416	236	0	0	0	0	0	-326	-11	12	0
10	1	0	0	151	49	down	3	512	523.101746010411	944.192124258881	539.148826646917	712.393684526883	477.438033929141	812.036892838345	485.900476300007	579.442126747461	512	512	179.2019216745	109.820650751249	-593.819477039473	688.716404568365	231	72	1	8	200	275	155	7	2	73	20430	2408	2014	236	2369	2353	222	0	0	0	0	0	-531	-10	9	0
10	1	0	0	152	48	down	0	512	522.524138563513	1101.8639421688	518.171576200032	709.67830296421	491.363052257577	795.139332850308	520.213431382759	671.478549525646	512	512	178.457176411264	109.19048295692	-593.894970626626	688.891308681392	273	64	4	13	158	280	165	6	7	54	20053	2265	2035	223	2395	2335	238	0	0	0	0	0	-302	-10	10	0
10	1	0	0	152	48	down	1	512	543.906104574763	1210.01294582256	528.113298568207	718.723621904947	529.012535756024	1088.10608136953	518.071857522378	674.967498233568	512	512	199.067320177529	126.261955775511	-593.713620541028	688.470697829372	273	57	2	15	165	249	177	12	3	71	19892	2347	2107	230	2312	2445	230	0	0	0	0	0	-288	-12	9	0
10	1	0	0	152	48	down	2	512	492.341766021325	868.263054966839	500.736338201348	613.171729885309	546.651855981026	1192.64266915394	537.772660508149	741.789086963814	512	512	184.589897632481	108.69395508323	-593.746255393576	688.54687437566	284	60	3	8	157	241	183	14	3	71	19923	2384	2065	204	2451	2350	242	0	0	0	0	0	-341	-12	10	0
10	1	0	0	152	48	down	3	512	533.023658718831	1125.6098459869	526.172427631844	702.521476532043	496.469483438838	816.150429072288	510.360421482036	631.842597716622	512	512	174.308314595791	105.642150258937	-593.829927672679	688.740552090228	252	67	11	13	169	256	180	6	3	67	20075	2291	1991	219	2460	2274	229	0	0	0	0	0	-388	-11	9	0
10	1	0	0	153	47	down	0	512	547.82203259508	1147.75352808161	531.224745689402	708.224130291756	531.911242849467	1099.19655200529	522.944925163039	702.657302476735	512	512	169.639925047652	100.1393631718	-593.726019957915	688.499501632929	264	51	5	13	179	238	185	12	0	77	19533	2335	1981	215	2425	2374	238	0	0	0	0	0	-371	-11	11	0
10	1	0	0	153	47	down	1	512	500.749083578205	924.734012943919	498.808196589217	616.885358591212	503.974028592897	861.331357948747	516.145235288915	650.678787008053	512	512	181.777070875975	111.49708078395	-593.886226363525	688.870976149423	270	67	2	9	164	263	178	7	3	61	19592	2218	2066	188	2399	2485	261	0	0	0	0	0	-207	-11	9	0
10	1	0	0	153	47	down	2	512	481.478573746957	784.84044412518	485.918239963402	567.606597435045	516.094575081018	986.114945125726	524.53511487902	693.977390815538	512	512	182.463501574658	115.485885603421	-593.891768601555	688.884028174252	270	69	3	6	164	265	169	10	7	61	19610	2298	1944	212	2344	2503	264	0	0	0	0	0	-409	-13	8	0
10	1	0	0	153	47	down	3	512	510.720739688523	910.11672448766	530.193101207113	694.629870096847	515.662978943834	1063.55441445723	504.721777950299	645.683955730839	512	512	180.836501654056	113.091798340777	-593.833505302576	688.749043032329	257	63	5	8	179	256	166	12	1	77	19627	2317	1948	172	2395	2470	232	0	0	0	0	0	-409	-8	9	0
10	1	0	0	154	46	down	0	512	500.682232525397	892.45286412623	496.879502672207	609.925408738031	500.682232525397	966.563727185587	511.022800837143	669.845335725366	512	512	187.736158649513	116.008928908522	-593.801503990521	688.674783420399	263	68	1	8	172	255	164	10	3	80	19079	2196	2076	201	2480	2572	254	0	0	0	0	0	-194	-10	9	0
10	1	0	0	154	46	down	1	512	523.82909024851	1137.54997018408	511.226314002189	685.462919022339	552.870703031652	1166.0094118888	536.87201548685	717.212717945092	512	512	186.414160555661	119.11501332033	-593.875432020555	688.846249270047	277	64	5	14	152	247	192	13	0	60	19214	2147	1993	198	2443	2428	215	0	0	0	0	0	-171	-11	10	0
10	1	0	0	154	46	down	2	512	544.971995938209	1184.0298043124	529.714733814353	711.590186551991	539.819040251029	1110.64888039397	531.321283947737	714.776047806829	512	512	196.725142490795	126.927674807748	-593.747237034617	688.548673380549	250	65	7	14	176	241	189	12	1	69	19013	2275	2063	201	2403	2453	248	0	0	0	0	0	-247	-9	9	0
10	1	0	0	154	46	down	3	512	507.697420797582	938.127363474101	507.251721048824	640.885653470414	540.519113564772	1141.31805405109	530.839304887254	726.591064233913	512	512	180.24835664079	114.11617037289	-593.680938619085	688.395038715732	264	65	4	9	170	253	179	13	3	64	19220	2216	1905	211	2418	2568	259	0	0	0	0	0	-355	-10	9	0
10	1	0	0	155	45	down	0	512	486.201006262279	729.287904058645	503.966206227911	610.381398928281	503.119926626648	897.408075714677	507.823718812355	630.714934676273	512	512	169.84133784068	105.283143123217	-593.799285407695	688.669364499001	253	69	2	4	184	259	174	8	3	68	18726	2220	1915	179	2510	2500	241	0	0	0	0	0	-331	-10	10	0
10	1	0	0	155	45	down	1	512	450.288070586013	617.00673458253	474.770147829421	540.295147596623	501.699453452271	819.129583544835	516.198927729629	640.819867227593	512	512	165.892067449716	108.48835270689	-593.821034974849	688.719681594294	289	68	3	3	149	269	179	6	3	55	18803	2135	1898	204	2728	2499	298	0	0	0	0	0	-238	-11	9	0
10	1	0	0	155	45	down	2	512	525.201965951641	1110.33711608492	514.852810568863	679.673587273857	521.843318831333	1072.09543411972	520.976958207532	695.314717523427	512	512	168.340420187938	101.662205062547	-593.750963632715	688.557123250463	263	68	5	13	163	256	168	12	5	71	18727	2186	1907	220	2518	2524	236	0	0	0	0	0	-411	-10	8	0
10	1	0	0	155	45	down	3	512	537.793688705398	1138.519828455	520.786008888173	681.183240626733	484.693355488204	787.11849145454	501.090024475067	616.377312287624	512	512	177.936427429793	112.750688250888	-593.769519863507	688.600642093045	247	69	5	13	178	278	164	6	2	62	18595	2216	2024	205	2434	2564	270	0	0	0	0	0	-269	-12	8	0
10	1	0	0	156	44	down	0	512	507.850376484762	1040.69897383784	500.618030205378	640.156412174167	529.636667708841	1056.96816980606	525.764672045133	703.811980817307	512	512	177.209890228343	114.637879646455	-593.667178343069	688.363181138569	277	69	2	12	152	240	185	11	4	72	18175	2135	2005	213	2615	2604	263	0	0	0	0	0	-223	-11	9	0
10	1	0	0	156	44	down	1	512	483.983118901016	859.158843856311	492.077240329014	602.312005800679	512.390436457896	984.38368385841	514.102092285023	653.296777190738	512	512	168.850602273542	99.6571923573679	-593.881281926546	688.859652444016	273	73	3	8	155	259	171	10	3	69	18400	2133	1813	182	2521	2492	271	0	0	0	0	0	-416	-11	11	0
10	1	0	0	156	44	down	2	512	483.532269182269	787.369490279785	499.90822485392	611.199840506701	530.864605067585	977.805417414157	533.608358347176	703.395979975988	512	512	181.070097109588	111.579636415351	-593.757509891011	688.572537542432	269	67	6	6	164	264	188	9	2	49	18182	2156	1980	210	2575	2673	249	0	0	0	0	0	-220	-10	9	0
10	1	0	0	156	44	down	3	512	517.02569137352	1027.85818403262	521.343700246591	695.48580785104	510.17362206196	1019.07459272395	511.053667747207	672.431838735099	512	512	171.811319484289	106.846400993976	-593.754165573658	688.564673789161	257	70	5	11	169	254	167	11	2	78	18284	2156	1888	200	2632	2626	283	0	0	0	0	0	-310	-14	10	0
10	1	0	0	157	43	down	0	512	540.278980277895	1174.8821310484	522.718162286641	692.179505226793	489.665011598523	838.720713177947	507.151079131507	637.443086020022	512	512	173.604569282485	104.592609967589	-593.714627092555	688.473218505126	259	65	1	14	173	261	169	7	2	73	17877	2119	1851	169	2589	2720	266	0	0	0	0	0	-295	-12	9	0
10	1	0	0	157	43	down	1	512	491.622439126018	873.722039436027	496.35027877565	613.689283671348	531.411722694148	1054.17792241689	519.219936352391	660.65962435	512	512	165.986585669307	102.220852424699	-593.766158965829	688.592770285806	269	70	3	8	162	255	182	11	2	62	17879	2138	1800	199	2629	2760	269	0	0	0	0	0	-344	-11	13	0
10	1	0	0	157	43	down	2	512	479.137147553522	710.357520903578	498.60906198999	597.391436396749	561.536334491647	1284.99698940874	530.759219749229	715.310408298539	512	512	171.335186557009	111.303235954304	-593.761363512047	688.581429033079	269	64	2	4	173	247	180	16	6	63	17790	2179	1871	176	2568	2699	226	0	0	0	0	0	-397	-10	8	0
10	1	0	0	157	43	down	3	512	505.845351486022	900.206301310765	502.547660860519	615.278104019644	515.403592075393	1022.0537471965	512.858509512995	648.651470511188	512	512	169.457681454526	105.523096461009	-593.762946347097	688.585260897703	265	63	1	8	175	267	166	11	2	66	17909	2071	1840	196	2575	2621	256	0	0	0	0	0	-330	-11	9	0
10	1	0	0	158	42	down	0	512	552.802779013517	1265.96372553291	529.691722196017	721.016413964674	524.156401135085	1042.04089227101	520.813415676507	672.319254534787	512	512	178.959839544881	115.131283399133	-593.807043461955	688.687527090941	261	62	2	16	171	256	177	11	1	67	17430	2055	1827	192	2556	2721	284	0	0	0	0	0	-283	-10	9	0
10	1	0	0	158	42	down	1	512	526.00739748132	1101.03112230711	508.523983019486	655.266764263965	526.718707033834	1156.16993594661	511.178199779805	670.34502997892	512	512	175.445966311085	111.216894819279	-593.801946184472	688.675731739417	288	52	4	13	155	248	166	14	3	81	17371	2071	1851	211	2534	2721	275	0	0	0	0	0	-247	-9	11	0
10	1	0	0	158	42	down	2	512	466.622439126018	722.91272588133	483.667846961246	564.939379291813	549.512055911343	1127.74112212829	537.255176386571	711.224364126393	512	512	155.613228376341	91.583160467537	-593.729639497611	688.50801448035	273	74	3	5	157	236	196	12	4	64	17448	2066	1799	191	2632	2582	243	0	0	0	0	0	-324	-10	8	0
10	1	0	0	158	42	down	3	512	515.11586131727	1024.23734098418	511.283271590033	665.611350256406	501.564678381328	849.747316841577	512.636174005978	635.71692501338	512	512	166.782267253564	103.840492718377	-593.827043434009	688.734059200045	261	70	2	11	168	280	170	7	3	52	17443	2068	1799	194	2593	2643	253	0	0	0	0	0	-302	-11	8	0
10	1	0	0	159	41	down	0	512	509.43504158509	875.331362080432	507.23887017321	625.322244884671	506.824065249769	862.11051324763	535.050391186501	704.79921052332	512	512	164.046194086453	97.9503995782024	-593.907599334669	688.920840393374	248	65	7	7	185	273	177	7	2	53	17182	1903	1720	187	2574	2801	228	0	0	0	0	0	-253	-12	7	0
10	1	0	0	159	41	down	1	512	534.47247578289	1123.2018611693	519.498667635221	686.836845993377	560.566711036017	1278.50785081542	543.792440241783	741.860634876012	512	512	166.233907525407	109.132030809803	-593.790583579126	688.649241398354	271	57	3	13	168	261	176	16	3	56	17056	1982	1741	213	2646	2666	288	0	0	0	0	0	-333	-10	12	0
10	1	0	0	159	41	down	2	512	496.133082244144	882.160178377762	515.063567078767	674.581195788177	525.787590741332	966.204970920999	534.662692028587	701.086579692624	512	512	160.337520396483	96.9867552029056	-593.730890946523	688.511151444959	267	68	3	8	166	272	182	9	1	48	16907	2028	1854	203	2751	2758	277	0	0	0	0	0	-213	-9	9	0
10	1	0	0	159	41	down	3	512	502.371182876333	856.42758672068	517.684957720459	674.498372389452	556.373215531022	1203.10608136953	558.411774602801	786.970459158101	512	512	154.556389786292	96.5089195266937	-593.710398680921	688.462978933204	268	59	3	7	175	249	184	14	8	57	17029	2085	1681	197	2807	2756	273	0	0	0	0	0	-483	-10	6	0
10	1	0	0	160	40	down	0	512	468.944611737889	833.550415024559	473.873061863621	577.619845629677	476.429903310385	840.722031172657	470.912144601361	556.313438845463	512	512	159.76774671711	97.5263884479087	-593.749366731111	688.553599318982	275	83	2	8	144	283	144	8	6	71	16562	1967	1767	184	2767	2776	282	0	0	0	0	0	-224	-7	10	0
10	1	0	0	160	40	down	1	512	482.044944955084	862.140222531276	478.830488846512	571.621885469004	478.944611737889	849.412944169887	472.228410376438	541.315957918695	512	512	141.354168151415	88.9302221338125	-593.823491982334	688.725777055124	260	83	2	8	159	279	151	8	0	74	16645	1960	1708	167	2751	2702	253	0	0	0	0	0	-295	-10	9	0
10	1	0	0	160	40	down	2	512	467.044944955084	690.111398796912	475.135534652363	543.044452569287	460.508950291327	746.626247241207	467.03729152065	537.965287378161	512	512	135.295045084017	83.1986801622635	-593.726029018118	688.4995121456	268	73	3	4	164	276	146	6	4	80	16602	2008	1670	200	2753	2628	270	0	0	0	0	0	-486	-13	10	0
10	1	0	0	160	40	down	3	512	479.424878311645	893.477692559611	467.361041973722	551.168407584126	462.227317497272	719.985011769165	472.284466313235	544.305761021156	512	512	150.793034873125	94.8850803545698	-593.891510490937	688.883370276742	259	89	3	9	152	261	157	5	5	84	16443	2066	1757	214	2644	2693	269	0	0	0	0	0	-358	-9	11	0
10	1	0	0	161	39	down	0	512	519.31952009571	922.712290130554	542.374068473386	730.378925253567	558.665971287885	1415.57923875892	521.150032568862	727.133334748744	512	512	140.917719601531	93.035316103814	-593.730086352246	688.508718296026	258	55	8	8	183	267	153	20	3	69	16215	1929	1648	176	2802	2785	239	0	0	0	0	0	-340	-9	9	0
10	1	0	0	161	39	down	1	512	543.695388142893	1141.74155457372	545.774097045886	748.435429034323	479.684265180086	749.647986581313	501.628861328318	620.129434501118	512	512	163.253131736721	104.650533742353	-593.79553800921	688.660798199458	263	55	4	13	177	260	170	5	5	72	16229	1900	1684	155	2775	2798	278	0	0	0	0	0	-228	-10	9	0
10	1	0	0	161	39	down	2	512	527.602225855092	944.14688687516	541.080684987141	708.182134729898	508.369150221644	975.425366649947	505.149297850597	637.15042265804	512	512	158.063897625956	99.5349516261379	-593.792243750238	688.653121599864	244	59	5	8	196	263	166	10	4	69	16129	1934	1711	194	2768	2914	272	0	0	0	0	0	-304	-11	9	0
10	1	0	0	161	39	down	3	512	550.11586131727	1153.80053656389	553.101836443174	762.742648441889	513.46541812946	987.979694341787	510.30893085492	642.855305781095	512	512	143.884447771992	91.582008774824	-593.777378343535	688.618770425958	257	53	7	13	182	258	174	10	0	70	16124	1945	1704	195	2875	2740	311	0	0	0	0	0	-222	-11	9	0
10	1	0	0	162	38	down	0	512	493.974028592897	845.468828803419	510.306535907559	665.497550910996	489.3772808404	766.76683611095	514.298869824399	652.000074788266	512	512	152.762493483655	96.9557121837992	-593.719163010192	688.483324611972	259	70	5	7	171	259	178	5	4	66	15746	1836	1685	189	2821	2805	313	0	0	0	0	0	-194	-9	9	0
10	1	0	0	162	38	down	1	512	518.244538424146	1030.36239762216	516.415362263067	672.408900908641	515.461352820082	987.726920286292	511.359527453908	643.282958266534	512	512	149.505727115483	91.4486355312193	-593.849636513818	688.786499287385	259	69	2	11	171	260	171	10	6	65	15873	1824	1576	183	2830	2784	251	0	0	0	0	0	-311	-12	7	0
10	1	0	0	162	38	down	2	512	506.085484772899	977.835126697802	506.159986985324	642.424827704486	499.923325501637	917.126469661449	504.109724399417	636.732535979297	512	512	149.486978783522	91.8021008093319	-593.756190909217	688.569287452734	251	79	2	10	170	283	158	9	3	59	15770	1929	1580	177	2825	2905	252	0	0	0	0	0	-374	-13	7	0
10	1	0	0	162	38	down	3	512	550.355994604148	1231.45596974625	526.738807176142	695.435687410472	464.165491443204	717.030240889516	481.198853485502	555.948800151328	512	512	152.121758122082	94.0209360792572	-593.72798464601	688.504094882007	247	68	4	15	178	278	154	5	2	73	15780	1875	1618	183	2901	2872	301	0	0	0	0	0	-265	-10	7	0
10	1	0	0	163	37	down	0	512	561.076394464781	1257.8457780793	543.847947888333	773.612832455816	510.691322833515	1011.9255849385	510.211631994666	670.578099264069	512	512	139.202043822389	86.7761873243718	-593.748764502616	688.552342461312	229	72	3	15	193	269	160	11	5	67	15407	1835	1533	169	2974	2813	272	0	0	0	0	0	-349	-10	10	0
10	1	0	0	163	37	down	1	512	495.278980277895	844.126033084336	504.772411948694	618.950291461151	515.75924685165	1031.08213435375	508.231900464799	649.803960045703	512	512	141.955083753689	92.3369918578484	-593.7189389436	688.483023240744	271	63	1	7	170	247	173	11	3	78	15346	1844	1582	172	2852	2911	256	0	0	0	0	0	-295	-10	7	0
10	1	0	0	163	37	down	2	512	519.338773677273	960.721602858914	517.628288839976	662.957344845116	482.802779013517	858.509177073505	494.101506323189	615.58931725666	512	512	136.745278685016	85.5930315289827	-593.706498325305	688.454498961126	257	61	4	9	181	269	155	8	4	76	15171	1906	1684	183	2939	2785	304	0	0	0	0	0	-290	-9	9	0
10	1	0	0	163	37	down	3	512	511.632602399463	950.959297786502	510.223416925259	643.466231863496	476.045904644446	838.32247353413	486.536328953367	588.175003831218	512	512	145.586187493731	92.3966277983807	-593.701891939579	688.443508432684	254	70	0	9	179	290	143	8	3	68	15171	1959	1623	191	2876	2925	303	0	0	0	0	0	-359	-10	8	0
10	1	0	0	164	36	down	0	512	501.296201204769	926.94243929666	506.151323174883	655.382327629545	504.578906964151	829.292780777225	510.527756477159	611.29513716744	512	512	141.585317040209	85.6884951768859	-593.803700703861	688.67960821003	261	70	8	9	164	259	186	6	1	60	15081	1721	1481	149	2906	2887	305	0	0	0	0	0	-319	-10	7	0
10	1	0	0	164	36	down	1	512	482.572809000084	752.28168868693	493.310653094366	585.366965542551	472.976061247586	739.772598378811	498.940428104576	608.139668014981	512	512	137.415430182127	87.4138311487372	-593.720841424584	688.48755201111	268	66	2	5	171	260	167	5	2	78	14839	1816	1596	181	2885	2968	282	0	0	0	0	0	-251	-11	8	0
10	1	0	0	164	36	down	2	512	533.58093961884	1062.21739340106	535.00185353537	726.421284685246	484.961832664764	821.063055793176	500.59357307213	632.449645032958	512	512	106.158772761328	70.790582480387	-593.805179756866	688.683210993367	240	68	7	11	186	281	157	7	4	63	14992	1834	1462	144	3092	2772	285	0	0	0	0	0	-421	-10	9	0
10	1	0	0	164	36	down	3	512	492.756254507598	747.811192077074	508.205192928715	617.545125406198	523.878833650407	1052.68125458883	517.079411540689	675.290883214462	512	512	139.045297537408	84.8898452922751	-593.808844249462	688.691473393892	236	75	2	4	195	231	186	11	1	83	15040	1781	1454	157	2811	2887	276	0	0	0	0	0	-354	-9	7	0
10	1	0	0	165	35	down	0	512	509.521146219461	908.539784301488	528.6604396083	701.568575895033	489.884818338511	899.436001504703	490.894751964329	593.773551567943	512	512	142.287369782913	85.1081382267484	-593.718857622792	688.48307548505	254	65	7	8	178	285	150	9	3	65	14539	1696	1526	159	3017	3094	282	0	0	0	0	0	-205	-10	10	0
10	1	0	0	165	35	down	1	512	546.210096570397	1224.51672283499	526.09518220427	718.988927586946	510.64372536227	1017.62714105386	507.316493404201	646.190312159777	512	512	125.781701483559	81.2925183094149	-593.738807117504	688.529270180249	247	71	4	15	175	257	165	11	4	75	14531	1760	1461	168	2995	2914	301	0	0	0	0	0	-368	-9	8	0
10	1	0	0	165	35	down	2	512	529.329683369155	1095.30652951537	517.600793724802	678.876444716674	542.859466792881	1348.03643973449	511.926167325415	691.368802740114	512	512	127.636836823267	76.7404844937353	-593.790808075531	688.650020985521	235	80	2	12	183	275	141	19	7	70	14701	1603	1450	166	3051	2933	289	0	0	0	0	0	-230	-9	10	0
10	1	0	0	165	35	down	3	512	481.469483438838	792.396547047269	495.211547606221	594.174952631081	494.098640390396	843.449758506215	513.696679498316	645.775524134062	512	512	153.120624671458	92.6695844793217	-593.653759532902	688.332185337439	256	79	0	6	171	263	169	7	6	67	14399	1688	1660	173	2959	2992	292	0	0	0	0	0	-56	-9	12	0
10	1	0	0	166	34	down	0	512	507.946644392578	1119.41959611872	501.32519960721	662.231611007538	543.033821992276	1112.90031992801	541.45251614148	742.293012364675	512	512	134.186488286604	90.1289794348592	-593.722700425719	688.492092743037	260	87	3	14	148	245	188	12	4	63	14072	1698	1489	149	2963	3043	293	0	0	0	0	0	-255	-11	9	0
10	1	0	0	166	34	down	1	512	529.828130559147	1087.25685612186	523.875161858271	700.164742318385	479.568743690706	744.110953956429	498.160497458584	598.656125526367	512	512	134.858219536066	87.4672128659263	-593.727602028343	688.503265502699	255	67	2	12	176	270	165	5	7	65	14012	1707	1500	189	2910	2937	305	0	0	0	0	0	-239	-11	8	0
10	1	0	0	166	34	down	2	512	493.407657384771	805.251089722317	499.243834340943	598.39258453958	515.576874309462	919.126482056504	524.273110130053	677.722159341512	512	512	138.060967165147	87.9891805165216	-593.67647537019	688.384784423212	269	61	3	6	173	254	183	8	6	61	14127	1700	1445	136	3023	3115	286	0	0	0	0	0	-297	-9	9	0
10	1	0	0	166	34	down	3	512	519.597087580388	1023.2914379924	519.761291071775	676.188825325204	506.018633720091	945.527370084798	503.217583969021	631.382440524005	512	512	137.255646606377	88.3847295598396	-593.838688598183	688.760827809169	279	55	3	11	164	240	177	9	5	81	14185	1609	1474	140	3019	3031	304	0	0	0	0	0	-216	-10	10	0
10	1	0	0	167	33	down	0	512	504.021626064143	966.822704217742	503.368063076836	626.471919787001	502.160466444463	899.349097856185	515.455788162585	663.618868692144	512	512	123.235957764513	77.8956632678728	-593.794157155143	688.657398474793	267	70	3	10	162	250	176	8	4	74	13719	1537	1516	124	3080	3017	326	0	0	0	0	0	-40	-8	9	0
10	1	0	0	167	33	down	1	512	517.697420797582	991.045324149108	512.553755836044	659.528359312874	560.163458788515	1275.18101977353	537.696821400974	736.218875494984	512	512	120.349278070049	80.298459926652	-593.752016106713	688.560060895863	264	62	3	10	173	269	174	16	1	52	13633	1699	1421	143	3027	3040	266	0	0	0	0	0	-358	-8	8	0
10	1	0	0	167	33	down	2	512	513.023658718831	1019.85374802284	505.666567894924	645.707184174528	496.852409139451	876.701193908574	505.643146704058	637.668943111952	512	512	124.904390413525	82.2854538428035	-593.860936188632	688.81255972103	264	70	1	11	166	282	161	8	3	58	13674	1668	1384	170	2997	3163	327	0	0	0	0	0	-335	-10	7	0
10	1	0	0	167	33	down	3	512	500.758173886324	954.233341551509	505.624187740827	660.294567987537	522.044944955084	1073.78545743599	514.204541321149	666.394584369817	512	512	138.698941326308	85.5775968792169	-593.741997883859	688.536827103023	280	63	6	10	153	256	170	12	2	72	13727	1563	1481	125	3088	3075	319	0	0	0	0	0	-75	-7	8	0
10	1	0	0	168	32	down	0	512	574.021626064143	1337.19521335216	535.266976162526	717.281404582245	518.456327821342	929.289679288895	523.297900326978	665.235794875776	512	512	124.97337810821	82.2046073113889	-593.691293277703	688.419158427292	259	51	4	17	181	244	190	8	4	66	13217	1569	1436	162	3091	3102	316	0	0	0	0	0	-172	-10	9	0
10	1	0	0	168	32	down	1	512	500.70148610696	893.353529734281	509.430844931026	647.936274040467	526.478573746957	1041.48567902989	518.266323491177	657.611753404503	512	512	125.119906605188	79.3130910044725	-593.819975971923	688.71715350511	258	70	4	8	172	266	175	11	1	59	13275	1575	1374	160	3050	3084	321	0	0	0	0	0	-277	-8	7	0
10	1	0	0	168	32	down	2	512	506.910169884141	969.429798528043	505.978250403418	646.059317435665	506.046977609773	827.73224597704	523.127480040596	652.024937302146	512	512	131.652074855242	81.7333158109607	-593.772477500951	688.60703138354	271	65	4	10	162	265	183	6	4	54	13236	1567	1423	158	3155	3166	292	0	0	0	0	0	-186	-11	9	0
10	1	0	0	168	32	down	3	512	492.314495096969	779.685245758125	508.755572516978	629.032006535268	510.375248185711	946.627145185545	512.215338172403	650.11034205024	512	512	112.056048010861	74.1515356633795	-593.725926315959	688.499403562947	242	75	3	5	187	258	176	9	1	68	13296	1606	1349	133	3162	3017	314	0	0	0	0	0	-333	-9	6	0
10	1	0	0	169	31	down	0	512	544.837220867266	1251.72957693414	517.995517409704	700.369405636198	522.35192929477	1035.44709772668	538.501400433593	740.253732333446	512	512	119.660355677327	77.9226786944613	-593.843069638762	688.771080383925	261	67	4	16	164	261	172	11	4	64	13028	1472	1244	128	3096	3082	323	0	0	0	0	0	-236	-8	9	0
10	1	0	0	169	31	down	1	512	473.609283508522	775.216054747924	480.150968108493	560.7285928701	570.001412793217	1196.00143368189	569.516133198335	793.845873513532	512	512	133.064952500775	85.0126420375895	-593.756280573072	688.569887484217	261	80	4	6	161	242	205	13	2	50	12971	1473	1315	113	3074	3124	302	0	0	0	0	0	-152	-8	10	0
10	1	0	0	169	31	down	2	512	504.405624730082	895.111398796912	513.560759056237	659.829453083007	522.851449450088	1043.3836879901	534.066983559283	727.69461612616	512	512	110.254509284875	72.3612400376903	-593.811588569307	688.698120222975	268	61	4	8	171	244	178	11	5	74	12901	1597	1245	129	3155	3068	300	0	0	0	0	0	-396	-8	8	0
10	1	0	0	169	31	down	3	512	475.124951625388	805.062610952693	479.315733467591	564.107154258154	592.505957947276	1339.07371543804	588.113187529281	859.102560788913	512	512	127.305134934089	81.5410233822491	-593.852331820607	688.792565399083	283	70	1	7	151	245	205	16	3	43	12786	1645	1306	135	3064	3189	312	0	0	0	0	0	-368	-10	8	0
10	1	0	0	170	30	down	0	512	461.612275852573	706.537996676183	463.995501986187	512.802296877321	510.691322833515	1011.9255849385	502.591501636846	640.277188413699	512	512	111.080670307926	71.8679080142255	-593.762167695713	688.583406110227	292	66	2	5	147	269	160	11	5	67	12427	1471	1335	127	3263	3111	294	0	0	0	0	0	-173	-10	7	0
10	1	0	0	170	30	down	1	512	517.043871989757	1198.12956701809	491.427116460561	635.947758734876	473.330643058518	955.173918852533	469.292585889037	593.498598377517	512	512	116.674569867788	73.5526392555252	-593.744561869773	688.542661756792	281	76	0	16	139	257	138	11	4	102	12416	1502	1311	131	3217	3289	291	0	0	0	0	0	-234	-11	10	0
10	1	0	0	170	30	down	2	512	468.723732032575	830.959726100245	465.819557038736	549.659083884316	508.665971287885	1113.96061164953	482.564606750266	595.778099036633	512	512	111.077375421324	73.5656611319016	-593.861933226434	688.814656912107	280	80	2	8	142	275	143	14	3	77	12493	1377	1342	148	3193	3115	312	0	0	0	0	0	-91	-10	8	0
10	1	0	0	170	30	down	3	512	514.501892637898	1100.88745260747	490.540794035472	631.339179096375	521.008470446646	1034.98856222966	496.400244965098	603.878149354635	512	512	121.675352936846	84.2260250398657	-593.762762496962	688.584806751958	247	87	2	13	163	259	173	11	2	67	12519	1418	1270	153	3185	3243	318	0	0	0	0	0	-152	-12	7	0
10	1	0	0	171	29	down	0	512	549.732935616657	1056.22094799324	553.825203380283	746.231486555108	528.004405137268	1153.87325902884	518.355606434529	702.861328581868	512	512	112.00926148029	74.3263922587498	-593.744106140676	688.541316491536	239	55	2	10	206	257	163	14	4	74	12094	1349	1260	145	3253	3224	318	0	0	0	0	0	-107	-8	8	0
10	1	0	0	171	29	down	1	512	553.935521429771	1198.15086978109	552.25580392859	773.26949416582	510.231382806649	947.718942079382	511.499080579212	640.626871642293	512	512	103.448847475929	72.4582222693215	-593.693668197676	688.424494753729	253	57	6	14	182	255	177	9	1	70	12090	1439	1188	131	3317	3310	317	0	0	0	0	0	-283	-8	7	0
10	1	0	0	171	29	down	2	512	530.941619393838	1092.68080561666	522.209098868362	675.924571334779	515.769410125095	891.290568969862	524.837266903288	685.137076788477	512	512	112.58389381895	74.5804153369733	-593.806834606359	688.686852755587	248	71	1	12	180	240	195	7	3	67	12116	1363	1261	108	3219	3262	318	0	0	0	0	0	-125	-7	11	0
10	1	0	0	171	29	down	3	512	587.428943621023	1327.44666114957	576.823729007126	837.170228377005	545.989216865083	1147.81517085132	526.208429980373	690.654203430242	512	512	110.727048671547	72.6016245240038	-593.820227110886	688.717965784199	249	43	6	16	198	260	181	13	2	56	12145	1383	1186	134	3324	3254	374	0	0	0	0	0	-245	-13	9	0
10	1	0	0	172	28	down	0	512	522.649823326337	930.553977880113	517.385698140376	643.04811305779	553.407657384771	1233.92514836139	530.464992114513	719.366197290294	512	512	116.853235899971	78.3146953792387	-593.805156647588	688.683042555315	260	54	1	8	189	257	179	15	0	61	11695	1328	1186	127	3245	3253	325	0	0	0	0	0	-196	-12	9	0
10	1	0	0	172	28	down	1	512	518.637627398203	1062.31449945891	507.064988418364	641.009229558204	490.682232525397	765.397432596551	510.700696082947	631.956543750285	512	512	86.8702660705129	65.9744571935616	-593.702203778025	688.444677772572	270	66	1	12	163	267	176	5	4	60	11589	1434	1171	142	3411	3175	363	0	0	0	0	0	-353	-11	7	0
10	1	0	0	172	28	down	2	512	559.740952959449	1345.01117059231	531.815109732981	733.348003553369	542.035854646965	1150.09544238309	537.975741156175	739.363208455079	512	512	109.279300180602	72.3247879829496	-593.78141239137	688.627936226129	266	60	6	18	162	242	186	13	0	71	11724	1323	1159	130	3314	3280	292	0	0	0	0	0	-148	-8	10	0
10	1	0	0	172	28	down	3	512	511.315454786332	980.814281170349	507.686681781146	639.028628861583	517.40969003946	1030.28434946646	510.767624667868	648.366586861649	512	512	126.051505920686	77.5647983382312	-593.876112071116	688.847595455263	264	67	2	10	169	254	171	11	4	72	11607	1319	1273	137	3292	3431	322	0	0	0	0	0	-86	-9	6	0
10	1	0	0	173	27	down	0	512	487.418780347578	901.083011639663	482.779018014962	585.625864606281	537.707584071027	1031.20054317459	542.122994237818	725.578671082419	512	512	101.16622158222	65.3230906078308	-593.694199055558	688.425751448128	272	75	3	9	153	249	193	10	3	57	11209	1353	1131	131	3322	3372	326	0	0	0	0	0	-271	-9	6	0
10	1	0	0	173	27	down	1	512	512.448197202586	950.083464743516	512.961984466014	658.069212116164	524.193835332886	1101.99343068487	515.610538660669	665.236579590298	512	512	99.3312178379574	69.5752647316558	-593.894636849587	688.890582533897	256	67	3	9	177	279	157	13	4	59	11326	1321	1052	125	3368	3324	291	0	0	0	0	0	-325	-9	8	0
10	1	0	0	173	27	down	2	512	507.399526766015	968.93622805663	498.427481749633	610.998681412024	546.315454786332	1221.59698692973	528.230860096466	714.467841625254	512	512	92.520528771063	75.5019358460408	-593.595026354148	688.195927623846	277	62	1	10	162	256	173	15	2	66	11143	1394	1160	127	3512	3430	353	0	0	0	0	0	-290	-10	7	0
10	1	0	0	173	27	down	3	512	504.894981611955	931.673259855178	506.556075543477	653.477298992712	548.830163213836	1156.12382127697	538.428078882475	737.342717641748	512	512	96.5449557619768	65.6376308943558	-593.737803734426	688.527048004898	270	64	2	9	167	252	186	13	2	59	11162	1375	1192	95	3383	3353	311	0	0	0	0	0	-217	-9	8	0
10	1	0	0	174	26	down	0	512	517.218227189153	925.884800091304	520.981214744182	678.508780416211	491.229350151961	841.796545394595	503.227565002592	635.506082989667	512	512	103.715148627047	70.3688874176046	-593.696431745757	688.430747859112	247	65	4	8	188	262	171	7	0	72	10739	1280	1161	132	3329	3380	338	0	0	0	0	0	-143	-8	6	0
10	1	0	0	174	26	down	1	512	494.991249519772	846.309626872011	497.579055553988	594.931061254914	534.098640390396	1092.17703273592	524.55269710519	693.149748843458	512	512	95.2117840685622	69.1789523351632	-593.771907240808	688.606136282294	265	67	1	7	172	259	177	12	3	61	10807	1281	1113	111	3411	3430	329	0	0	0	0	0	-197	-10	6	0
10	1	0	0	174	26	down	2	512	499.952742356645	889.455080065278	503.503686291952	620.169004532263	499.607250853833	814.745990583496	514.283062974694	646.857998431763	512	512	97.4225203587182	70.4873341942111	-593.756268197787	688.569819191433	267	66	1	8	170	272	177	6	2	55	10810	1270	1108	124	3447	3485	309	0	0	0	0	0	-158	-9	7	0
10	1	0	0	174	26	down	3	512	506.757214196961	978.07769834397	505.112022891374	642.05547112427	507.381346149778	909.884355250821	511.914478336821	648.519273152845	512	512	92.5640536317929	70.754129391538	-593.82572132497	688.730763886872	254	77	1	10	170	249	182	8	1	72	10812	1279	1105	116	3430	3375	315	0	0	0	0	0	-255	-9	6	0
10	1	0	0	175	25	down	0	512	511.651855981026	877.749100335196	514.073588569078	638.551806080509	501.238440460079	887.158403147513	513.432879274602	650.046948512756	512	512	96.8131127558025	64.6838925678382	-593.759317827162	688.577087016414	257	60	1	7	187	276	167	8	2	59	10372	1243	1057	128	3362	3435	342	0	0	0	0	0	-199	-7	8	0
10	1	0	0	175	25	down	1	512	502.102705699773	970.731356296073	495.82170173997	616.884923087852	555.136187864159	1141.60321056482	552.989674457446	773.667974119045	512	512	78.7220524469023	58.4783140211301	-593.765178944421	688.59053139333	253	81	1	10	167	227	204	12	3	66	10433	1199	1066	102	3546	3367	331	0	0	0	0	0	-156	-7	8	0
10	1	0	0	175	25	down	2	512	483.858507103518	861.177914153515	494.02538660435	611.410599784693	511.6133488179	950.032024383135	511.819308835156	643.772683395924	512	512	89.5730998558488	65.9511196650962	-593.715559610225	688.47545070842	269	76	2	8	157	255	178	9	1	69	10392	1189	1100	119	3607	3492	370	0	0	0	0	0	-117	-8	8	0
10	1	0	0	175	25	down	3	512	506.55558807321	939.332243498029	511.525618943773	661.317897704747	523.935521429771	1002.3681640217	524.528843000817	680.821164302586	512	512	91.6947221824305	64.8031374743213	-593.67742726515	688.386677358693	258	70	3	9	172	261	178	10	4	59	10437	1167	1080	116	3525	3408	350	0	0	0	0	0	-139	-9	6	0
10	1	0	0	176	24	down	0	512	503.628537090085	897.815170851316	509.52593879042	660.366059424283	519.943652048527	928.683025687392	524.035489726494	664.138327896879	512	512	93.6458931296843	70.731732732705	-593.711382146916	688.465444260598	260	67	3	8	174	253	189	8	2	60	9987	1159	1001	141	3540	3544	373	0	0	0	0	0	-255	-7	7	0
10	1	0	0	176	24	down	1	512	507.707584071027	909.528700474563	511.090503708665	637.29746957621	520.980126556964	1004.53535242339	514.012123649017	646.839296547233	512	512	77.2962462668097	58.4352492126915	-593.748242532105	688.551141667739	249	71	3	8	181	246	182	10	3	71	9933	1206	1015	134	3589	3342	351	0	0	0	0	0	-246	-9	7	0
10	1	0	0	176	24	down	2	512	526.046977609773	1007.67903038641	518.905908923544	671.150900283466	545.528203872891	1215.84399045399	526.525583877834	705.504302639804	512	512	95.324774529757	64.3399353816446	-593.722385168465	688.49109182761	257	60	4	10	181	267	169	15	1	60	10012	1150	1037	89	3486	3438	389	0	0	0	0	0	-101	-6	8	0
10	1	0	0	176	24	down	3	512	538.042912300395	1060.39743259655	526.168087207737	684.985140763585	539.137147553522	1064.89410868798	533.299394061954	706.611554637602	512	512	93.418134708648	66.3592967488782	-593.712906176571	688.469264641236	267	50	1	11	183	261	186	11	1	53	9938	1173	1068	109	3548	3508	378	0	0	0	0	0	-135	-7	8	0
10	1	0	0	177	23	down	0	512	509.060133227269	1050.73268255415	500.501516002977	632.238893288017	545.126024590715	1117.31052068466	544.328659915273	753.731119225297	512	512	90.8690165015092	67.385239331451	-593.71827159231	688.481628739969	261	79	0	12	160	246	191	12	1	62	9587	1107	966	116	3448	3536	356	0	0	0	0	0	-175	-7	8	0
10	1	0	0	177	23	down	1	512	498.254701697591	858.872381742929	503.4602240862	625.398877991877	561.987184210394	1319.73091145559	536.007267643993	734.700190144315	512	512	97.3877557475736	68.5538606597357	-593.815590514709	688.707154159222	248	75	2	7	180	255	175	17	2	63	9605	1101	970	100	3496	3540	326	0	0	0	0	0	-140	-8	6	0
10	1	0	0	177	23	down	2	512	506.603185544455	896.575255852995	509.890148848401	636.35862164425	513.436001274452	1015.62447614264	514.554071897822	667.559612970972	512	512	85.9594222912506	65.291526560446	-593.72283691702	688.492327608909	274	56	3	8	171	270	161	11	6	64	9467	1198	998	113	3565	3644	400	0	0	0	0	0	-260	-8	8	0
10	1	0	0	177	23	down	3	512	528.79165605071	1048.45996091554	522.025774189297	678.160531694273	501.161426133826	994.668819713712	492.650920191674	605.929871055422	512	512	78.7580251388842	55.6591643638949	-593.670669084431	688.371085984534	258	62	2	11	179	276	153	11	1	71	9554	1210	917	95	3578	3625	344	0	0	0	0	0	-311	-7	6	0
10	1	0	0	178	22	down	0	512	526.478573746957	1115.59654208925	506.011370248025	639.739966417829	543.42798393166	1086.701214567	545.822760601111	755.321080876872	512	512	82.1301157167382	64.1398202866756	-593.743240611571	688.539460341543	258	71	3	13	167	223	200	11	6	72	9166	1066	920	112	3587	3506	339	0	0	0	0	0	-182	-7	6	0
10	1	0	0	178	22	down	1	512	488.196940952901	803.199208653138	489.567419282031	577.521741686001	534.328610403829	1050.18279500378	537.791224283986	718.204102440485	512	512	94.5484479811567	66.2996631475806	-593.722229695088	688.490462587586	255	74	2	6	175	276	177	11	1	47	9067	1067	1011	119	3541	3593	382	0	0	0	0	0	-47	-9	7	0
10	1	0	0	178	22	down	2	512	482.534301836958	787.482573409875	490.937408352547	587.026650244843	557.265824660398	1205.96594973533	542.268633478047	750.622731028472	512	512	82.6864776292176	61.3283374949771	-593.735214557308	688.521075621293	266	70	5	6	165	251	187	14	3	57	9180	1026	956	102	3759	3667	360	0	0	0	0	0	-44	-6	6	0
10	1	0	0	178	22	down	3	512	539.002372482579	1243.73356810344	516.714874218147	695.542316825666	518.446164547897	994.970381613427	527.051513961067	708.619110652043	512	512	75.8704573238121	57.1891260628556	-593.833827890004	688.749388264223	256	74	5	16	161	259	176	10	2	65	9220	1062	898	84	3617	3557	354	0	0	0	0	0	-189	-6	6	0
10	1	0	0	179	21	down	0	512	503.302299168836	972.28168868693	503.370896915306	647.765192928512	564.501892637898	1254.23113800752	557.409580733483	800.733586904764	512	512	79.8495089378434	66.1471767858659	-593.754083835992	688.564629207553	252	80	3	10	167	247	187	15	6	57	8704	1055	899	94	3624	3657	313	0	0	0	0	0	-205	-8	7	0
10	1	0	0	179	21	down	1	512	484.300266514147	866.332684206827	494.202765769109	621.168725281659	560.49076967509	1142.56329474016	564.142459566016	788.053594373278	512	512	82.9712403688285	70.8422366988539	-593.792238696434	688.65309449524	255	83	6	8	160	244	201	12	4	51	8709	1047	892	104	3670	3636	344	0	0	0	0	0	-173	-9	7	0
10	1	0	0	179	21	down	2	512	486.910169884141	900.675916503024	481.615239488323	574.324134687079	545.615381472589	1079.73491088826	553.528990281577	757.113784314591	512	512	85.1704711886536	63.4422001285172	-593.675356507784	688.382047897847	271	76	3	9	153	252	194	11	1	54	8694	1042	926	90	3608	3652	345	0	0	0	0	0	-140	-7	6	0
10	1	0	0	179	21	down	3	512	545.049010264462	1261.87636878054	513.857117189613	689.323064754351	623.109763353203	1635.07991428302	582.118780291311	873.506707848498	512	512	85.0677264056677	65.3526009265695	-593.583329449077	688.168649050778	242	80	1	16	173	258	189	23	2	40	8674	1013	963	102	3621	3732	365	0	0	0	0	0	-44	-7	8	0
10	1	0	0	180	20	down	0	512	450.365084912266	731.882122785032	448.13339488528	493.839602540305	505.394501767274	976.665281648268	504.664739428571	641.942030034848	512	512	86.4069316224458	61.8230241552246	-593.867881439623	688.828602650539	273	90	2	6	141	249	169	10	4	80	8334	936	879	91	3590	3624	363	0	0	0	0	0	-91	-7	8	0
10	1	0	0	180	20	down	1	512	481.853482104777	757.740673156118	484.496428345161	562.791226197998	494.761279506339	888.303864604149	502.13455362411	638.605500051903	512	512	77.254582575343	58.2069219798708	-593.82687020124	688.733550142451	253	76	2	5	176	248	172	8	3	81	8286	978	889	87	3625	3700	366	0	0	0	0	0	-112	-6	7	0
10	1	0	0	180	20	down	2	512	466.266784349761	862.132672638109	458.436399192995	520.86823718454	491.219186878516	907.450639923812	491.039121189914	609.931046646981	512	512	88.27159844497	68.4791784026262	-593.751595641868	688.558946862223	281	85	2	9	135	273	156	9	2	72	8293	965	880	102	3699	3729	377	0	0	0	0	0	-78	-6	6	0
10	1	0	0	180	20	down	3	512	435.882785683822	775.09009603392	432.528620088655	476.948181101835	529.040879645706	1044.42182032113	516.070622862716	654.888882165494	512	512	60.1880255749913	59.285768506463	-593.728836702456	688.5060448715	280	103	4	8	117	266	175	11	4	56	8279	1052	816	93	3776	3522	329	0	0	0	0	0	-280	-7	7	0
10	1	0	0	181	19	down	0	512	536.910169884141	1128.15707275775	541.724693260424	749.924487215502	532.82203259508	1161.05507758627	522.092271011493	705.441038543454	512	512	68.9075594135654	57.8574647528208	-593.654129060211	688.332890471966	267	57	5	13	170	260	166	14	3	69	7799	964	854	111	3754	3708	388	0	0	0	0	0	-136	-7	6	0
10	1	0	0	181	19	down	1	512	496.603185544455	769.546432118632	518.59440659437	632.873633185806	507.725764687264	968.580573280373	510.329375740751	657.410639616108	512	512	70.3631468167253	56.4528687790621	-593.786252847624	688.639011628095	282	47	2	5	176	277	161	10	3	61	7887	925	837	79	3740	3765	349	0	0	0	0	0	-112	-7	7	0
10	1	0	0	181	19	down	2	512	536.776467778524	1137.70563818172	529.547193681572	729.673635285586	552.823105560407	1097.57349714949	546.30588845165	729.146648404943	512	512	76.4024410118119	57.5843465156888	-593.86450626174	688.821048001373	245	71	5	13	178	239	204	11	1	57	7797	1024	798	109	3704	3759	394	0	0	0	0	0	-270	-8	6	0
10	1	0	0	181	19	down	3	512	495.077354154143	879.518049093067	505.678650214243	611.135143096719	523.647790671648	1041.63379713437	513.205645721531	651.954706813664	512	512	65.7439558917068	53.8247770767365	-593.797824366868	688.665995376587	271	67	1	8	165	255	177	11	1	68	7906	898	851	73	3775	3632	383	0	0	0	0	0	-48	-6	8	0
10	1	0	0	182	18	down	0	512	503.330643058518	965.652859168208	498.523823928705	615.018399489039	548.129016934766	1183.55263922698	542.793488525228	756.642274334921	512	512	77.9429979146511	57.2385656210119	-593.80621230296	688.685661516366	265	71	5	10	161	265	174	14	5	54	7509	882	743	82	3670	3665	351	0	0	0	0	0	-145	-6	7	0
10	1	0	0	182	18	down	1	512	548.206031261019	1150.17969351545	529.194773051437	697.921632716658	468.254701697591	663.089675983547	492.314224275689	567.584672047397	512	512	68.2856905287595	60.1758287381843	-593.862491679353	688.816390636598	261	53	4	13	181	256	176	3	0	77	7494	919	726	77	3668	3733	355	0	0	0	0	0	-214	-6	5	0
10	1	0	0	182	18	down	2	512	485.375248185711	832.873263160526	491.613352783881	598.107162155849	505.32657774914	891.315829848671	521.322959090021	678.239200725298	512	512	69.8398224705994	59.6364311827884	-593.910935540095	688.928204502911	258	78	2	7	167	279	167	8	5	53	7515	871	747	83	3608	3761	322	0	0	0	0	0	-186	-6	6	0
10	1	0	0	182	18	down	3	512	503.109763353203	888.951307184537	504.670880644944	621.38964983127	508.407657384771	903.169050397324	515.768898656535	652.907029089459	512	512	72.4617635292005	62.4181653518154	-593.75044792125	688.556361768512	278	56	3	8	167	269	176	8	0	59	7464	865	788	99	3715	3793	362	0	0	0	0	0	-121	-7	6	0
10	1	0	0	183	17	down	0	512	505.288070586013	1037.70961695597	493.306636729344	620.890727331627	536.334708367895	1095.49543659873	532.44083526007	709.462875853963	512	512	64.7083852178619	53.2958157099583	-593.829655558407	688.739829724732	269	74	7	12	150	263	179	12	0	58	7077	831	721	75	3766	3741	375	0	0	0	0	0	-148	-5	5	0
10	1	0	0	183	17	down	1	512	539.587997272269	1210.76771752855	512.838627538061	674.248032883376	520.673142217278	968.736241278022	518.813162901957	657.249521391636	512	512	68.7120394354453	57.2957322957159	-593.890930896544	688.882246591151	253	72	4	15	168	245	187	9	3	68	7050	827	752	75	3700	3717	323	0	0	0	0	0	-105	-7	7	0
10	1	0	0	183	17	down	2	512	507.332675713206	936.655079238941	506.440753829647	643.478443659992	561.229350151961	1212.16905452901	545.344924419978	738.4131718962	512	512	67.1198201056533	59.2693860599406	-593.623049309434	688.261168678036	270	63	0	9	170	254	190	14	1	53	6969	921	738	76	3843	3777	368	0	0	0	0	0	-188	-6	7	0
10	1	0	0	183	17	down	3	512	458.244538424146	712.907849162751	469.783228692497	537.838315586838	583.436001274452	1460.13445613173	548.909019748274	782.345352298455	512	512	60.9559278139007	60.4262202505879	-593.742085701114	688.536771626762	267	85	0	5	155	258	173	20	5	56	7040	821	751	92	3939	3720	355	0	0	0	0	0	-87	-6	6	0
10	1	0	0	184	16	down	0	512	457.121959281337	715.013394794729	467.877787927976	533.136482653996	527.553555418521	1045.05508171795	528.231542932978	694.822596934328	512	512	58.5698601789088	57.6181889078842	-593.710716050454	688.464217937805	256	92	2	5	157	261	177	11	2	61	6571	837	681	103	3803	3901	386	0	0	0	0	0	-200	-7	6	0
10	1	0	0	184	16	down	1	512	486.948677047267	791.337560925407	498.568230614525	604.987669237697	522.092542426329	1068.08390132063	519.819793347663	679.995047556058	512	512	69.7991424808974	55.3667345402979	-593.741178739486	688.534708814464	277	61	2	6	166	268	165	12	3	64	6721	761	642	68	3810	3885	384	0	0	0	0	0	-119	-7	5	0
10	1	0	0	184	16	down	2	512	488.004405137268	793.953082414787	499.819001313445	610.01016687572	520.394501767274	926.30830061393	527.042947379016	675.921124597284	512	512	51.0247949983487	55.1326824827175	-593.801796762753	688.675603298975	269	63	8	6	166	257	186	8	5	56	6638	807	685	62	3796	3768	386	0	0	0	0	0	-133	-5	5	0
10	1	0	0	184	16	down	3	512	472.947717357905	746.374820102218	481.383890960575	567.489106653997	531.737960615398	1053.82226764063	540.594087620989	731.944384063553	512	512	67.0753115431587	60.4443433740348	-593.846676036449	688.779121408741	243	88	4	5	172	255	181	11	4	61	6596	822	700	74	3669	3971	398	0	0	0	0	0	-153	-7	5	0
10	1	0	0	185	15	down	0	512	502.313422131643	964.865276690246	499.053961151036	639.739443184715	557.353002260096	1069.85687016959	560.300883936722	761.377985187761	512	512	45.6878058152443	57.0636512212174	-593.67367905457	688.377993167994	267	72	1	10	162	236	212	10	3	51	6202	744	657	77	4053	3890	435	0	0	0	0	0	-120	-7	5	0
10	1	0	0	185	15	down	1	512	519.721699377886	1169.52070160923	490.008393370202	621.282301400547	522.658913634456	997.135345812696	533.578248008179	714.066745599985	512	512	61.9450942817981	56.7473001179079	-593.780006190761	688.624708152436	271	75	4	15	147	270	175	10	2	55	6227	706	675	72	3754	3748	386	0	0	0	0	2	-35	-8	6	0
10	1	0	0	185	15	down	2	512	452.111796007892	698.612057794268	466.571066720755	536.757834375278	509.338773677273	870.748210654229	528.448421376108	686.931501909362	512	512	46.9362947524474	54.9940103938612	-593.792342910375	688.653392814684	271	85	5	5	146	261	182	7	4	58	6118	820	653	89	3902	3770	379	0	0	0	0	0	-214	-7	5	0
10	1	0	0	185	15	down	3	512	470.806844322895	805.817382658679	475.089900278798	560.919330437121	551.334708367895	1193.38678947843	539.707355306193	727.345366407685	512	512	57.9364858237719	59.9476033028562	-593.791534698653	688.65161977017	263	85	3	7	154	259	181	14	1	57	6182	774	657	67	3914	3946	393	0	0	0	0	1	-129	-8	5	0
10	1	0	0	186	14	down	0	512	504.645758016959	1009.82226350894	485.625230806005	589.168315887491	527.121959281337	937.137570015114	540.049819650057	707.190295562519	512	512	47.1925134974628	59.2233221442607	-593.685631083351	688.405789248388	254	82	2	11	163	260	191	8	3	50	5805	707	583	73	3951	3876	396	0	0	0	0	0	-139	-6	5	0
10	1	0	0	186	14	down	1	512	498.186777679456	921.771263857361	493.885934851417	599.1356187717	523.868670376963	933.031583674337	534.118797146806	687.404075864182	512	512	51.0788748444054	53.9176348143169	-593.928353036787	688.969007251285	266	71	3	9	163	258	190	8	2	54	5839	674	585	70	3952	3919	369	0	0	0	0	0	-128	-6	6	0
10	1	0	0	186	14	down	2	512	501.775394813198	1029.18500267946	494.993486554214	639.527112046223	532.458360476031	990.212075973682	537.802144711289	719.490361283118	512	512	44.7266324186568	52.9857509289269	-593.808906670227	688.692081290306	278	72	4	12	146	237	196	9	7	63	5769	717	621	61	4013	3818	385	0	0	0	0	0	-129	-6	5	0
10	1	0	0	186	14	down	3	512	527.572809000084	1083.037786651	520.679751073012	700.964996444458	557.400599731341	1249.48568729326	533.231075361366	709.551517069228	512	512	38.1111088954643	52.7337840114691	-593.850395191899	688.788228896791	256	68	2	12	174	236	189	15	1	71	5823	717	563	65	3880	3719	365	0	0	0	0	0	-188	-6	6	0
10	1	0	0	187	13	down	0	512	518.963865319453	1173.151747067	498.407948827285	654.994901370545	559.214161879775	1211.44133959051	555.159390786095	775.105266576017	512	512	35.3203253575203	48.0267554099734	-593.797256126144	688.664868435553	262	82	2	15	151	245	190	14	4	59	5338	622	628	68	4110	3893	405	0	0	0	0	1	-13	-7	5	0
10	1	0	0	187	13	down	1	512	477.735927960709	781.228028255816	487.021691682231	589.223861657621	524.674101906641	997.809845160568	537.495000714274	723.935243771438	512	512	36.8842529619949	53.9858409010589	-593.761328258623	688.581698513253	262	76	5	6	163	271	173	10	7	51	5378	644	582	52	4132	3887	424	0	0	0	0	0	-87	-5	4	0
10	1	0	0	187	13	down	2	512	468.139180208211	842.85640880237	469.477165554044	558.626932869655	568.330643058517	1291.05197609794	553.670312147856	788.698863562787	512	512	50.4326117554542	51.2289564916357	-593.777137454637	688.617848574458	250	99	3	8	152	261	181	16	4	50	5392	626	583	55	3985	3943	396	0	0	0	0	0	-76	-5	5	0
10	1	0	0	187	13	down	3	512	494.491729364453	838.346428813284	500.790454499898	614.911859603954	549.712609069768	1224.55796078604	538.664751422873	748.168724045901	512	512	59.0339924929841	58.5650685583841	-593.811810277456	688.698777376789	278	58	4	7	165	253	171	15	11	62	5446	606	532	72	3968	4135	398	0	0	0	0	0	-115	-5	5	0
10	1	0	0	188	12	down	0	512	475.768337159768	774.825364997273	492.168687290135	610.977490224842	540.452262511964	1071.98147370372	536.527287628422	699.316275372891	512	512	45.2017869707281	48.297966236349	-593.871026415128	688.835743494948	269	73	5	6	159	250	191	11	1	59	5054	547	491	52	4026	4056	395	0	0	0	0	0	-68	-5	5	0
10	1	0	0	188	12	down	1	512	483.436001274452	819.841770383261	494.639340845335	626.241284224333	559.002372482579	1275.43201859878	548.832767619005	778.661893123182	512	512	54.7453220090826	56.1895557897635	-593.810341977634	688.695162318824	278	66	4	7	157	260	174	16	5	57	4997	571	525	51	3915	4066	463	0	0	0	0	0	-52	-6	6	0
10	1	0	0	188	12	down	2	512	522.1786470607	1101.29232354169	506.866482239943	654.408880531505	553.360059913525	1128.40719429708	556.970567741527	780.507983302142	512	512	62.6321940485734	59.5332055421604	-593.857149400797	688.803658849356	274	64	3	13	158	249	194	12	4	53	4969	550	556	69	3895	4092	408	0	0	0	0	0	-21	-5	5	0
10	1	0	0	188	12	down	3	512	483.081419463521	863.855078412604	479.038330874782	577.186124249926	561.411722694148	1175.79654952628	567.049983661071	808.55649639987	512	512	49.133793200926	52.2742071358268	-593.767676911328	688.596140276682	257	83	5	8	159	247	192	13	10	50	4932	624	520	68	4059	4114	424	0	0	0	0	0	-132	-6	6	0
10	1	0	0	189	11	down	0	512	518.695388142893	1102.12514340337	501.554869628746	655.124498786593	528.063238847284	876.118067272482	565.370987052802	779.250416753716	512	512	35.5226435082513	49.9828094164964	-593.729309482887	688.50720255569	259	76	3	13	161	237	208	6	6	55	4540	544	495	53	4051	3991	400	0	0	0	0	0	-85	-5	5	0
10	1	0	0	189	11	down	1	512	500.700413141634	988.560168461718	489.73650442359	605.740067856536	547.065271501973	1019.12250328226	568.17345530889	789.995876355398	512	512	36.06440687922	52.1081135533313	-593.834543543859	688.751470903928	287	64	2	11	148	230	211	9	4	58	4560	525	486	61	4059	3939	406	0	0	0	0	0	-48	-5	5	0
10	1	0	0	189	11	down	2	512	473.436001274452	878.116712092605	472.085365697552	575.751158054139	625.682232525397	1609.41739257472	608.036395974157	953.686812059904	512	512	36.4380140760323	55.6000042557072	-593.714900100991	688.473743554343	270	86	4	9	143	243	200	22	4	43	4531	571	483	47	4151	4058	389	0	0	0	0	2	-118	-6	4	0
10	1	0	0	189	11	down	3	512	436.536334491647	679.225363344599	452.300100054031	524.29365015338	581.258767006969	1364.41784154689	578.114520738489	863.556205728475	512	512	34.7749007549915	49.5612409654646	-593.786261169049	688.639198377944	259	105	2	5	141	226	199	17	3	67	4497	594	475	66	4089	4027	385	0	0	0	0	4	-161	-7	5	0
10	1	0	0	190	10	down	0	512	462.034781681639	784.902964180801	461.665505000004	539.657595185353	576.546497765091	1206.06795317018	571.39993601352	803.92810797262	512	512	30.5689058230269	49.8297343398204	-593.884061042114	688.866210640713	275	83	5	7	142	244	209	13	2	44	4130	521	421	48	4052	4050	391	0	0	0	0	0	-118	-4	6	0
10	1	0	0	190	10	down	1	512	444.433968619763	719.302962528127	449.092329687545	507.637393918735	602.150303171019	1494.12958354483	577.911600591675	872.648991120656	512	512	44.8054051228662	57.3901715856402	-593.786807689377	688.640674355629	281	90	0	6	135	253	189	20	4	46	4134	491	452	43	3946	4107	382	0	0	0	0	0	-65	-4	4	0
10	1	0	0	190	10	down	2	512	433.56061307195	590.314936036019	441.761025065413	466.736209602288	545.029756682898	1112.70076146315	547.468653690687	752.641273753382	512	512	42.395291134163	52.1290724149039	-593.906587671017	688.918464292655	282	83	7	3	137	255	187	12	2	56	4149	505	421	45	4052	4008	410	0	0	0	0	1	-116	-6	4	0
10	1	0	0	190	10	down	3	512	487.590989616321	967.499856081775	468.828478006402	556.278610735661	568.073402120729	1096.24667850265	571.478057992262	795.300762152269	512	512	30.844761020612	50.1500112952465	-593.736321871533	688.523473952343	284	75	3	11	139	218	227	10	2	55	4111	520	439	50	4215	4009	408	0	0	0	0	0	-86	-5	5	0
10	1	0	0	191	9	down	0	512	474.894981611955	847.056848684831	474.497534520988	563.411084278992	552.717747344472	1063.43780152506	577.209845285329	815.189297236845	512	512	46.3674264307774	51.4433677766744	-593.770630190466	688.602983372459	266	84	3	8	151	234	210	10	2	56	3699	418	442	49	4169	4248	438	0	0	0	0	2	30	-5	5	0
10	1	0	0	191	9	down	1	512	441.478573746957	647.306072279827	460.932199314052	527.373112209708	571.546497765091	1198.12338469986	580.87186404305	839.779011370236	512	512	34.6501738604089	47.3098051402408	-593.829993626731	688.74084191792	266	92	5	4	145	240	205	13	5	49	3738	449	377	44	4106	4147	416	0	0	0	0	0	-81	-4	5	0
10	1	0	0	191	9	down	2	512	455.825024939132	729.922471055119	460.436471653724	517.297572259467	583.542432455713	1213.73313978969	594.717138920268	874.519188714754	512	512	45.4587703649911	53.1550180122482	-593.861711589511	688.814241209461	299	70	1	6	136	246	209	13	9	35	3723	430	419	36	4033	4269	425	0	0	0	0	0	-19	-4	4	0
10	1	0	0	191	9	down	3	512	477.054035263202	920.803629788852	467.082034983882	556.492197598189	606.546497765091	1475.98812978424	589.372913635526	878.83937105821	512	512	49.2184082661869	56.953389388623	-593.727226857888	688.502416229579	270	88	2	10	142	232	206	19	2	53	3759	436	362	51	4009	4173	427	0	0	0	0	1	-91	-5	7	0
10	1	0	0	192	8	down	0	512	425.480606401646	734.858175769249	426.883192812773	459.702737753238	600.269889969776	1425.72870377991	606.431747041763	944.093588465545	512	512	28.0444008725507	52.5333694477401	-593.640915541948	688.30229598761	255	124	0	7	126	237	202	18	6	49	3265	420	371	40	4356	4318	400	0	0	0	0	3	-49	-6	4	0
10	1	0	0	192	8	down	1	512	415.749083578205	641.773916373522	422.779147490038	445.37483750477	627.285078241961	1540.18369294812	614.607404002123	955.345042166579	512	512	37.2011253466054	48.0642308197962	-593.960345077073	689.042814638784	266	116	1	5	124	242	210	20	6	34	3279	429	354	34	4094	4260	406	0	0	0	0	2	-70	-5	4	0
10	1	0	0	192	8	down	2	512	431.103665389136	658.569921898877	434.476431397015	462.454912230803	595.481679366972	1279.68259324196	610.702473410965	937.283049737147	512	512	33.8275440135723	49.6192933960837	-593.710052461534	688.462484009926	283	93	4	5	127	226	222	14	6	44	3259	419	376	42	4230	4139	399	0	0	0	0	0	-40	-4	4	0
10	1	0	0	192	8	down	3	512	434.693355488204	744.914492848209	431.47959477075	472.830431151875	639.022699029469	1641.4985546138	640.497435641824	1068.90944014776	512	512	28.6102319034518	41.8325178252198	-593.779040296305	688.622350023503	262	111	5	7	127	218	217	22	7	48	3274	471	305	46	4159	4033	401	0	0	0	0	0	-203	-4	5	0
10	1	0	0	193	7	down	0	512	442.734854995383	746.844863608221	436.718951591552	478.03171960346	637.19897360759	1634.03070225674	615.326616021871	948.80937637491	512	512	25.744404583809	46.9287388434516	-593.83930821495	688.762205711349	291	88	2	7	124	232	213	22	3	42	2901	356	290	37	4183	4187	430	0	0	0	0	4	-63	-5	4	0
10	1	0	0	193	7	down	1	512	421.824065249769	542.041769556924	435.347562348237	457.002948187342	567.477614057594	1120.7557605474	585.241849444926	829.254302948525	512	512	29.5119265245208	52.4738790242056	-593.684118813438	688.402155883911	265	98	8	2	139	240	213	11	3	45	2896	329	327	32	4369	4298	439	0	0	0	0	5	-18	-4	5	0
10	1	0	0	193	7	down	2	512	416.583931962892	530.605846554237	439.093973818347	485.602079784257	618.600193200403	1457.32427355449	606.040519747538	906.610485521981	512	512	15.1156329958207	50.120191780797	-593.809626496629	688.6936533639	271	98	8	2	133	239	217	18	2	36	2849	365	333	37	4335	4156	366	0	0	0	0	5	-48	-5	4	0
10	1	0	0	193	7	down	3	512	447.754108576946	681.552626831922	444.223297098623	472.98982738695	570.02066637478	1085.70919690559	591.739242180353	851.046721875623	512	512	29.5344091055474	57.2459361272129	-593.723959360208	688.494754805747	294	74	4	5	135	245	216	10	6	35	2910	346	300	28	4277	4303	408	0	0	0	0	5	-38	-4	4	0
10	1	0	0	194	6	down	0	512	460.787590741332	826.109619434978	446.076162148437	502.029116480241	561.123991936026	1178.03335890459	578.098249583475	834.890930855928	512	512	7.15244014541414	46.3294311774569	-593.754111698809	688.56448915511	260	98	3	8	143	249	196	13	2	52	2411	326	311	24	4468	4127	409	0	0	0	0	1	-3	-4	5	0
10	1	0	0	194	6	down	1	512	482.956807666023	940.01161956448	466.398280695588	565.164188145866	627.717747344472	1552.92117371883	606.78319567253	923.404741210613	512	512	15.7862623987117	48.5974395520753	-593.863533708823	688.818573033624	249	97	2	10	154	218	221	20	3	50	2470	306	266	30	4328	4317	410	0	0	0	0	1	-60	-4	3	0
10	1	0	0	194	6	down	2	512	438.253628732264	673.653295745321	438.377735057416	466.294427749722	584.828130559147	1322.68258084691	584.87631266206	846.407614974458	512	512	16.0602564270338	47.2639163416379	-593.846294567818	688.778717500925	277	92	3	5	135	255	197	16	1	43	2507	301	234	30	4312	4268	435	0	0	0	0	5	-75	-5	4	0
10	1	0	0	194	6	down	3	512	469.020553098816	932.412931774831	451.657377367845	528.78212180532	594.032862302913	1170.97749906116	605.941175209091	876.612820912855	512	512	27.5616715880814	52.3553744109452	-593.763821847652	688.587006519832	292	83	4	11	122	227	237	11	3	34	2524	255	270	23	4324	4322	415	0	0	0	0	2	-3	-5	3	0
10	1	0	0	195	5	down	0	512	441.785558086643	683.131791220512	441.962772328015	475.057305267315	564.502965603224	1159.05110707539	576.698590585929	820.568333145313	512	512	28.4722565140813	53.1978690785056	-593.846930304756	688.780004579398	271	94	1	5	141	222	212	12	4	62	2082	253	206	19	4200	4304	417	0	0	0	0	9	-72	-4	3	0
10	1	0	0	195	5	down	1	512	448.129016934766	802.701189776889	442.799890696165	501.911965265415	613.158433789774	1518.33579809021	601.062522404974	906.350414728256	512	512	9.69843739116784	44.7600198332903	-593.91759000999	688.943941602302	265	104	3	8	132	241	202	20	3	46	2115	241	183	21	4370	4211	414	0	0	0	0	8	-72	-3	3	0
10	1	0	0	195	5	down	2	512	431.612275852573	621.921585505837	433.769046343332	450.872987302348	572.649823326337	1232.14599719419	584.456501740098	842.830118502306	512	512	4.19631741413606	52.9741692035128	-593.668537182758	688.366556878084	288	86	3	4	131	248	198	14	5	47	2032	288	210	30	4585	4427	439	0	0	0	0	12	-94	-5	4	0
10	1	0	0	195	5	down	3	512	437.860539758207	678.756625438252	436.433350848646	477.231092536555	601.057140883217	1320.2887978713	609.430489489842	925.519471979974	512	512	1.74669423068138	50.1627273449417	-593.706685710838	688.454813277343	262	101	5	5	139	234	217	15	8	38	2051	274	212	23	4556	4413	454	0	0	0	0	11	-89	-4	4	0
10	1	0	0	196	4	down	0	512	423.03274902695	610.20007767568	431.562122681683	477.225389293323	579.215234845101	1222.04401441777	599.053918837927	895.075633895926	512	512	-2.6841412337859	51.6465470781403	-593.846393853291	688.778776178541	278	97	7	4	126	212	219	13	8	60	1609	229	184	26	4467	4263	448	0	0	0	0	6	-52	-3	4	0
10	1	0	0	196	4	down	1	512	476.632602399463	895.453749675512	459.767067708307	538.340320903643	598.005478102594	1354.92826637646	603.28238461568	912.709236320471	512	512	27.5540742920332	49.9821976550322	-593.748751127375	688.552484725613	242	101	5	9	155	228	214	16	5	49	1610	218	195	25	4279	4367	441	0	0	0	0	8	-16	-3	4	0
10	1	0	0	196	4	down	2	512	423.369150221644	507.134896840527	433.984281185835	442.831592412837	563.984191866342	1187.24267493829	584.070888972127	865.31678178833	512	512	23.7077119561614	45.562974569602	-593.727945502807	688.504016678444	271	90	6	1	144	236	201	13	5	57	1659	189	184	16	4380	4421	421	0	0	0	0	4	-9	-4	3	0
10	1	0	0	196	4	down	3	512	394.951669391319	521.701622222317	409.291490546603	418.581404595988	595.116934282596	1278.2103090068	598.134539286914	863.990525107266	512	512	17.3178215049244	46.5614203943219	-593.907375421339	688.920219432357	292	105	6	3	106	232	222	14	2	42	1655	194	182	17	4350	4442	427	0	0	0	0	5	-4	-4	3	0
10	1	0	0	197	3	down	0	512	420.633562088826	681.210275953322	424.243602423451	462.935535347419	586.067304156662	1156.76995825771	602.362203373722	868.750522238346	512	512	13.2837050856424	43.9744652436061	-593.746710671238	688.547750644116	272	111	5	6	118	231	231	11	1	38	1248	141	131	16	4485	4438	407	0	0	0	0	14	7	-3	4	0
10	1	0	0	197	3	down	1	512	443.234375150701	717.726022341954	440.340012639482	476.251451631892	597.526284494165	1252.73891858429	604.540031699297	882.261365854273	512	512	10.9453014487201	46.5206578329034	-593.926238501736	688.963946990226	278	92	2	6	134	219	234	13	1	45	1251	119	154	12	4335	4354	428	0	0	0	0	10	39	-2	3	0
10	1	0	0	197	3	down	2	512	418.215121569138	677.182337768241	421.081376305803	445.867184322352	588.005478102594	1227.8994426421	600.173053428514	885.012311943885	512	512	3.09235509619164	54.9416956604108	-593.816947525256	688.710968574153	275	112	2	6	117	236	219	13	4	40	1238	139	141	18	4576	4357	447	0	0	0	0	20	-5	-3	3	0
10	1	0	0	197	3	down	3	512	432.850376484762	625.326464703427	436.050673309726	466.944789288707	567.304331823525	1112.46351550773	585.503180429509	838.214149541565	512	512	5.56547903662751	47.741085711362	-593.69184133357	688.420381981068	285	87	3	4	133	257	206	11	4	34	1256	137	123	20	4522	4468	447	0	0	0	0	26	-50	-4	3	0
10	1	0	0	198	2	down	0	512	452.1786470607	730.893206611957	445.641350914455	483.312942463413	584.387444113845	1259.34999580052	593.454530510474	875.885472564239	512	512	-4.46654930318686	47.7351180199104	-593.809838034665	688.69410497873	278	84	6	6	138	232	213	14	4	49	822	109	84	9	4608	4395	474	0	0	0	0	18	-31	-3	3	0
10	1	0	0	198	2	down	1	512	444.423805346319	784.930449262028	435.959591131406	485.122419558881	635.059173537906	1635.32205761544	619.610767800366	980.487108165728	512	512	20.9204542678764	47.6185931340939	-593.874969205276	688.845236257716	288	91	6	8	119	219	215	22	5	51	853	90	76	5	4454	4634	461	0	0	0	0	9	-8	-2	2	0
10	1	0	0	198	2	down	2	512	441.717634068508	894.279007248973	424.438356610417	471.503400958566	629.666084563849	1484.25909271934	622.24105376639	953.473354398766	512	512	5.88587727089699	50.409313887898	-593.831096733804	688.74278910227	277	113	2	11	109	216	231	18	6	41	801	110	103	10	4463	4391	445	0	0	0	0	15	-11	-3	3	0
10	1	0	0	198	2	down	3	512	429.53023652758	700.105624133996	433.919180904664	486.668886445133	596.288183861977	1286.38947091638	606.026375769426	915.035752854581	512	512	13.0388006486461	44.8142791299767	-593.900631436677	688.904498933342	264	110	4	6	128	218	228	14	2	50	804	113	97	10	4309	4337	405	0	0	0	0	10	-15	-2	3	0
10	1	0	0	199	1	down	0	512	408.906104574763	514.241319758418	423.086972079007	425.291111015454	655.346904296029	1701.86573805747	660.178555248582	1093.46710047614	512	512	4.86154256101011	53.0358643249138	-593.594594533499	688.195036158642	285	97	2	2	126	221	221	23	10	37	415	53	39	5	4532	4671	453	0	0	0	0	56	-16	-2	2	0
10	1	0	0	199	1	down	1	512	445.345831330703	797.147751766016	432.325223219118	474.10448957909	645.827170869784	1581.89944677378	642.227785371048	1024.95286824292	512	512	7.74949270070599	51.6858675579253	-593.734829587846	688.519974584852	266	105	4	8	129	221	233	20	3	35	417	39	52	4	4516	4671	495	0	0	0	0	41	13	-2	2	0
10	1	0	0	199	1	down	2	512	426.775394813198	687.949964399716	425.135083753591	453.601647564517	618.571849310721	1389.76241662791	642.535920570278	1006.768074367	512	512	14.2182235471029	45.6315865858491	-593.72781416693	688.503731097363	282	101	3	6	120	222	228	16	10	36	399	64	43	6	4495	4694	451	0	0	0	0	68	-25	-2	2	0
10	1	0	0	199	1	down	3	512	432.120886316011	659.357504376838	428.662078245559	455.140187888139	668.091582736966	1758.48258993662	665.495893259203	1097.26915626	512	512	17.1650843019368	49.0648772617823	-593.711508725065	688.465925974932	281	92	8	5	126	222	225	24	10	31	413	60	33	6	4516	4752	459	0	0	0	0	65	-35	-2	2	0
# final_twist	1
# forced_steps	0
# sweeps_total	445152
# completion	PASS
