# format	twist_snake_sector_blocks_v2
# status	NON-CANONICAL floating-point engineering diagnostic
# L	10
# k	1
# chain	2
# kind	0
# kind_name	main
# base	0
# restriction	-1
# schedule	round_trip
# seed	202609310102
# seam_size	100
# start_twist	100
# chain_initial	coldT
# warmup_sweeps	512
# dwell_sweeps	16384
# dwell_long_sweeps	32768
# visit_sweeps	2048
# equilibration_sweeps	32
# post_forcing_sweeps	512
# block_length	512
# segments	200
# seam_order	x2_fastest_then_x3
# class_rule	class0_if_2W_ge_minus_n_else_classMinus
# action_density	minus_sum_logW_divided_by_6L4
# sampling	every_production_sweep_after_full_heatbath_sweep
L	k	chain	kind	segment	n	phase	block	count	sumFn	sumFn2	sumFi	sumFi2	sumBn	sumBn2	sumBi	sumBi2	sumPFi	sumPFi2	sumY	sumY2	sumS	sumS2	hF0	hF1	hF2	hF3	hF4	hB0	hB1	hB2	hB3	hB4	sec0	secMinus	secPlus	secOther	untMinus	untPlus	untOther	pure0	pureMinus	purePlus	flips	classMinus	sumW	minW	maxW	forced
10	1	2	0	0	100	dwell	0	512	0	0	0	0	451.410649728822	837.260385923937	433.661630056286	482.71267679196	0	0	396.036901110081	357.102742297038	-593.869103809662	688.831270491869	0	0	0	0	0	280	124	9	3	96	41574	4808	4350	468	0	0	0	0	0	0	0	0	-516	-15	14	0
10	1	2	0	0	100	dwell	1	512	0	0	0	0	386.813901976325	478.132668506424	403.226200876983	400.123020838775	0	0	399.247431870967	361.360060764948	-593.723271024861	688.493074678544	0	0	0	0	0	280	110	2	5	115	41438	4816	4453	493	0	0	0	0	0	0	0	0	-399	-14	14	0
10	1	2	0	0	100	dwell	2	512	0	0	0	0	434.376207875074	774.796084027371	415.911320053538	441.738950685248	0	0	385.372808661107	334.672500289347	-593.812402895186	688.699787259665	0	0	0	0	0	276	118	8	3	107	41566	4967	4227	440	0	0	0	0	0	0	0	0	-899	-16	12	0
10	1	2	0	0	100	dwell	3	512	0	0	0	0	420.845351486022	580.164165415374	424.763931973318	436.539538530883	0	0	382.450291656563	332.804241895573	-593.699712048531	688.438513069926	0	0	0	0	0	261	138	3	3	107	41366	5046	4344	444	0	0	0	0	0	0	0	0	-835	-15	13	0
10	1	2	0	0	100	dwell	4	512	0	0	0	0	392.427870655697	594.730890797164	393.003218496141	384.982056187103	0	0	386.630526357994	338.771237393469	-593.827853030071	688.735808512521	0	0	0	0	0	282	100	5	3	122	41590	4781	4355	474	0	0	0	0	0	0	0	0	-588	-14	15	0
10	1	2	0	0	100	dwell	5	512	0	0	0	0	432.457287510705	741.649304576024	420.992190387286	455.543459036875	0	0	376.053208797552	325.812787491953	-593.871996261863	688.838178151868	0	0	0	0	0	266	127	7	0	112	41588	4893	4265	454	0	0	0	0	0	0	0	0	-834	-19	16	0
10	1	2	0	0	100	dwell	6	512	0	0	0	0	421.622439126018	651.597864215643	414.190753694262	439.237903293959	0	0	377.333661344743	321.822726040622	-593.830659708193	688.742170574192	0	0	0	0	0	265	128	5	2	112	41686	4815	4223	476	0	0	0	0	0	0	0	0	-767	-17	13	0
10	1	2	0	0	100	dwell	7	512	0	0	0	0	394.481566091008	523.122466097097	399.808553229196	394.905882171566	0	0	380.355577791815	335.445395643054	-593.802240045344	688.676393622235	0	0	0	0	0	285	107	3	8	109	41700	4807	4260	433	0	0	0	0	0	0	0	0	-678	-18	15	0
10	1	2	0	0	100	dwell	8	512	0	0	0	0	388.339733366636	479.353953916339	401.181329558547	403.197939010973	0	0	385.028612273278	335.455439107267	-593.726829713881	688.501566449071	0	0	0	0	0	283	110	2	5	112	41495	4969	4271	465	0	0	0	0	0	0	0	0	-760	-15	13	0
10	1	2	0	0	100	dwell	9	512	0	0	0	0	395.652815670389	494.272804272313	401.061363927955	389.934813366283	0	0	366.647199132993	316.746766690032	-593.814301609652	688.704521320152	0	0	0	0	0	279	118	2	3	110	41669	5019	4051	461	0	0	0	0	0	0	0	0	-1105	-18	13	0
10	1	2	0	0	100	dwell	10	512	0	0	0	0	384.913162228193	541.093193390565	394.83711649379	395.271777027675	0	0	385.247907841308	336.824077780889	-593.763446927517	688.586359404473	0	0	0	0	0	294	95	4	3	116	41650	4836	4289	425	0	0	0	0	0	0	0	0	-724	-22	13	0
10	1	2	0	0	100	dwell	11	512	0	0	0	0	411.458247200067	582.858163374193	414.800700791565	427.499440101067	0	0	398.090986696411	357.2782094165	-593.728949218622	688.506219383095	0	0	0	0	0	300	112	4	3	93	41540	4730	4462	468	0	0	0	0	0	0	0	0	-332	-17	13	0
10	1	2	0	0	100	dwell	12	512	0	0	0	0	406.036814336328	475.47945952649	413.939950436897	405.235296756701	0	0	379.172010429463	329.637737150608	-593.854864263394	688.798563993286	0	0	0	0	0	280	130	1	3	98	41751	4859	4151	439	0	0	0	0	0	0	0	0	-868	-15	15	0
10	1	2	0	0	100	dwell	13	512	0	0	0	0	436.391396147259	812.552622700237	414.739318569791	450.540330444411	0	0	379.751597008567	331.747424836337	-593.74338277222	688.540026437634	0	0	0	0	0	277	113	9	5	108	41532	4867	4271	530	0	0	0	0	0	0	0	0	-755	-17	14	0
10	1	2	0	0	100	dwell	14	512	0	0	0	0	395.661905978507	523.798740675218	400.909814643035	394.411542834995	0	0	381.653445861339	335.667646852135	-593.70307227028	688.446489800204	0	0	0	0	0	293	108	3	3	105	41656	4794	4275	475	0	0	0	0	0	0	0	0	-670	-16	14	0
10	1	2	0	0	100	dwell	15	512	0	0	0	0	411.113828662581	561.190769079004	412.162623804307	420.606505888221	0	0	389.087819855002	350.311139282721	-593.635665771714	688.289912060211	0	0	0	0	0	264	128	3	6	111	41564	4889	4260	487	0	0	0	0	0	0	0	0	-714	-18	13	0
10	1	2	0	0	100	dwell	16	512	0	0	0	0	384.932415809756	541.993858998616	394.981551438005	400.937675617088	0	0	396.963135970306	357.141755717083	-593.836961047462	688.757243024432	0	0	0	0	0	289	95	4	6	118	41559	4801	4392	448	0	0	0	0	0	0	0	0	-499	-18	17	0
10	1	2	0	0	100	dwell	17	512	0	0	0	0	415.892948957267	529.489217095334	418.846147115283	422.919881799226	0	0	384.17945754666	342.844180968276	-593.88159464206	688.860497898911	0	0	0	0	0	277	134	2	2	97	41678	4819	4265	438	0	0	0	0	0	0	0	0	-651	-16	14	0
10	1	2	0	0	100	dwell	18	512	0	0	0	0	379.030716372261	464.63466202523	390.120155052725	368.361321225235	0	0	381.4010171458	337.423566310296	-593.82787501407	688.735762220848	0	0	0	0	0	277	103	2	9	121	41554	4871	4306	469	0	0	0	0	0	0	0	0	-757	-16	11	0
10	1	2	0	0	100	dwell	19	512	0	0	0	0	393.080346498195	519.882110389977	398.474832002636	392.440557271387	0	0	377.363864693179	332.210204046499	-593.767651940443	688.595993771671	0	0	0	0	0	286	105	3	9	109	41530	4938	4267	465	0	0	0	0	0	0	0	0	-721	-16	12	0
10	1	2	0	0	100	dwell	20	512	0	0	0	0	425.930383155067	753.552618568552	418.590136500227	451.174677215705	0	0	381.689823441595	332.655864195034	-593.681054428685	688.395176429123	0	0	0	0	0	292	106	8	3	103	41603	4893	4237	467	0	0	0	0	0	0	0	0	-741	-16	14	0
10	1	2	0	0	100	dwell	21	512	0	0	0	0	408.762239195702	589.443979711613	407.624739110038	416.674908930842	0	0	382.450882380593	337.692745188731	-593.933329463785	688.980506819513	0	0	0	0	0	274	119	4	4	111	41735	4792	4219	454	0	0	0	0	0	0	0	0	-712	-19	14	0
10	1	2	0	0	100	dwell	22	512	0	0	0	0	397.811869321636	530.910938256025	397.997233996827	389.095512302174	0	0	374.111625113526	322.646768990447	-593.829870888788	688.740497081247	0	0	0	0	0	279	111	3	9	110	41648	4914	4179	459	0	0	0	0	0	0	0	0	-887	-16	14	0
10	1	2	0	0	100	dwell	23	512	0	0	0	0	433.474508437579	631.243984669635	432.612864499097	461.837622528016	0	0	377.618092213585	331.429028896174	-593.742084178503	688.536701148345	0	0	0	0	0	272	137	4	5	94	41371	5063	4267	499	0	0	0	0	0	0	0	0	-947	-17	14	0
10	1	2	0	0	100	dwell	24	512	0	0	0	0	393.848343830073	598.89851990765	394.918525922134	393.852911678322	0	0	384.728350961008	338.0253914749	-593.794960717024	688.659487756677	0	0	0	0	0	280	103	5	1	123	41570	4948	4197	485	0	0	0	0	0	0	0	0	-851	-19	14	0
10	1	2	0	0	100	dwell	25	512	0	0	0	0	389.4147150382	520.005395929395	397.404937508809	385.796259807636	0	0	398.127037732454	359.745440996572	-593.88866544508	688.876892637354	0	0	0	0	0	278	109	3	3	119	41642	4787	4322	449	0	0	0	0	0	0	0	0	-581	-15	13	0
10	1	2	0	0	100	dwell	26	512	0	0	0	0	414.884818338511	595.25639475464	418.007371349844	424.552044987332	0	0	397.087722156433	357.91451498103	-593.914891154889	688.937626269265	0	0	0	0	0	285	120	4	3	100	41820	4739	4203	438	0	0	0	0	0	0	0	0	-547	-15	11	0
10	1	2	0	0	100	dwell	27	512	0	0	0	0	409.146237861641	480.65063496579	414.944591406138	411.739565386259	0	0	380.565757418412	332.099056515081	-593.706755204837	688.455094141529	0	0	0	0	0	275	131	1	8	97	41480	4913	4322	485	0	0	0	0	0	0	0	0	-835	-20	15	0
10	1	2	0	0	100	dwell	28	512	0	0	0	0	415.786517776005	701.726454787383	403.939798568356	406.709105200637	0	0	389.041961245785	345.864355738703	-593.873619194672	688.841681451256	0	0	0	0	0	289	104	7	4	108	41362	4931	4450	457	0	0	0	0	0	0	0	0	-637	-19	13	0
10	1	2	0	0	100	dwell	29	512	0	0	0	0	389.165491443204	449.906065669131	399.772140067082	386.133707069204	0	0	388.730194463184	347.854002029695	-593.858098777411	688.805965458566	0	0	0	0	0	274	120	1	3	114	41468	4927	4368	437	0	0	0	0	0	0	0	0	-731	-14	16	0
10	1	2	0	0	100	dwell	30	512	0	0	0	0	420.32657774914	608.355733278274	415.948713946837	422.732988722364	0	0	371.523030928396	321.627960784184	-593.887382444665	688.873985885275	0	0	0	0	0	275	127	4	4	102	41487	4952	4324	437	0	0	0	0	0	0	0	0	-791	-18	16	0
10	1	2	0	0	100	dwell	31	512	0	0	0	0	383.522105908824	472.172135358913	393.236099549379	374.575684373461	0	0	393.090304535064	349.646875410845	-593.756954003926	688.571434213581	0	0	0	0	0	280	107	2	6	117	41378	4908	4430	484	0	0	0	0	0	0	0	0	-543	-18	14	0
10	1	2	0	1	99	down	0	512	682.78459839728	1931.7943418506	657.922164916624	1100.42927213704	454.376207875074	843.54996605239	439.81181098355	496.829773625787	512	512	379.583496614821	328.710963323387	-593.938610740479	688.992500894757	213	43	6	28	222	276	127	9	4	96	41324	4834	4083	447	40	54	7	0	0	0	0	0	-803	-16	12	0
10	1	2	0	1	99	down	1	512	697.737000926035	1961.30299558161	653.645326766769	1057.07647167202	449.84738414071	701.949091245489	447.088365012509	489.39443946721	512	512	390.691977433605	347.169121195619	-593.90171871058	688.906824456955	209	37	0	28	238	258	151	5	2	96	41431	4645	4148	464	45	34	8	0	0	0	0	0	-551	-14	15	0
10	1	2	0	1	99	down	2	512	643.725877963228	1585.04534893922	636.764866564528	1005.22995992433	447.629496779448	794.737991718161	432.935708898628	467.603557894693	512	512	373.616479674466	318.090636341545	-593.660081713776	688.346516166351	206	46	3	20	237	278	125	8	6	95	41158	4810	4238	482	51	28	6	0	0	0	0	0	-756	-17	13	0
10	1	2	0	1	99	down	3	512	670.682232525397	1903.0914512138	641.93492601139	1045.54807464832	456.612275852573	772.730899060534	449.086968558772	506.66784971536	512	512	379.690993822827	324.399221633171	-593.868942429528	688.831057632807	231	40	7	28	206	284	136	7	3	82	41116	4795	4306	471	46	56	1	0	0	0	0	0	-605	-14	13	0
10	1	2	0	2	98	down	0	512	587.582972273529	1260.72737752183	599.757487058832	882.326277611787	428.099600079758	687.507834288684	429.748917702535	453.089344668156	512	512	363.520159027147	310.98741759048	-593.913493731326	688.934454630381	245	40	0	14	213	289	119	6	2	96	40687	4892	4140	457	101	98	14	0	0	0	0	0	-952	-16	13	0
10	1	2	0	2	98	down	1	512	620.299306824784	1429.75576467908	617.851179707861	928.257801230769	424.318447130384	570.874577023551	433.26907919779	449.342052043271	512	512	373.308025015562	327.279126267944	-593.789953003889	688.647910782477	225	39	4	17	227	295	128	3	3	83	40940	4759	4036	441	102	122	3	0	0	0	0	0	-815	-19	15	0
10	1	2	0	2	98	down	2	512	638.831236179162	1500.07018150428	635.784332999282	993.22060046284	425.623398815381	754.80893895286	424.275394214813	474.60371981397	512	512	384.028626640236	337.06896237201	-593.777686499597	688.619333866876	219	34	2	18	239	287	107	8	4	106	40774	4709	4217	476	67	104	17	0	0	0	0	0	-590	-15	14	0
10	1	2	0	2	98	down	3	512	604.28208589791	1405.18769238078	596.611421359379	896.93139844718	457.054035263202	814.96770843884	446.962318041779	504.002086693083	512	512	387.63251919531	350.571536164108	-593.767928953179	688.596799038106	223	53	1	17	218	270	136	8	4	94	40742	4710	4254	470	104	106	11	0	0	0	0	0	-554	-18	11	0
10	1	2	0	3	97	down	0	512	589.798713704139	1432.38279417744	592.811660038365	890.020206490414	447.706511105701	761.391653801949	438.338163471097	480.324043659784	512	512	381.137965753984	341.005842276783	-593.714370120152	688.472461002463	263	44	6	19	180	278	133	7	1	93	40040	4798	4362	464	151	140	19	0	0	0	0	0	-572	-17	16	0
10	1	2	0	3	97	down	1	512	544.75218919822	1049.20365292629	562.733398447414	785.890814777316	469.539326835698	867.165932382253	463.321482303974	541.359346603238	512	512	368.792551922184	314.235908345687	-593.850590849263	688.788514674366	234	61	4	10	203	282	137	9	2	82	40439	4743	4050	432	140	130	22	0	0	0	0	0	-819	-14	11	0
10	1	2	0	3	97	down	2	512	607.919373468223	1374.63780483041	609.398728655867	920.689321186275	446.756141231635	792.858612346362	437.332246053591	487.050232982587	512	512	372.328480285083	321.776495053088	-593.782932259271	688.631486955469	222	46	4	16	224	283	125	8	2	94	40226	4863	4118	457	137	164	21	0	0	0	0	0	-797	-15	11	0
10	1	2	0	3	97	down	3	512	570.673142217278	1196.19078973743	588.090285338099	867.06016400749	486.909096918815	1032.93798676014	458.886598738513	547.910906612847	512	512	375.81348298007	323.773116025587	-593.797557645401	688.665355879538	237	50	9	13	203	296	125	13	2	76	40254	4832	4140	438	140	173	15	0	0	0	0	0	-813	-16	13	0
10	1	2	0	4	96	down	0	512	619.205071571657	1499.39655944232	604.682706770314	929.612468563554	464.270849659139	825.276799573295	460.87409813431	549.057312850871	512	512	384.45577341293	337.021125856326	-593.598343780686	688.203302592458	227	47	2	19	217	275	140	8	3	86	39805	4704	4194	449	212	180	17	0	0	0	0	0	-612	-17	10	0
10	1	2	0	4	96	down	1	512	573.360059913525	1197.1610763221	588.777596046564	856.865674743855	413.311389476954	525.599194605408	429.735267705533	449.579681055012	512	512	381.845501096766	338.344457662569	-593.883897618806	688.866131629708	249	42	5	13	203	274	132	2	4	100	39893	4615	4220	424	169	174	22	0	0	0	0	0	-523	-15	13	0
10	1	2	0	4	96	down	2	512	584.953815321971	1188.37483249727	598.264489970593	870.559428238997	441.987184210394	610.657735886787	445.959461296211	482.547383472533	512	512	377.008611593164	330.865789466266	-593.765961174476	688.592124542272	230	41	7	12	222	271	149	3	4	85	40084	4616	4004	448	188	208	17	0	0	0	0	0	-721	-16	12	0
10	1	2	0	4	96	down	3	512	553.063238847284	1026.95398862249	567.572707407145	770.219234005094	452.601152889766	698.091879527539	451.972055302703	502.419335493904	512	512	367.685704932467	315.572313719948	-593.736059404702	688.522706143694	237	50	2	9	214	273	145	5	6	83	39969	4725	4084	374	191	159	12	0	0	0	0	0	-701	-14	14	0
10	1	2	0	5	95	down	0	512	578.792729016036	1180.76108623814	593.871770954418	860.324503608753	413.599120235077	560.497640142727	425.475112860878	434.085506800798	512	512	370.220624159813	317.519935809286	-593.815811138781	688.707761498466	229	48	2	12	221	280	127	3	1	101	39532	4568	4098	442	244	238	20	0	0	0	0	0	-557	-14	16	0
10	1	2	0	5	95	down	1	512	623.926431121652	1613.13491336727	596.213839043281	901.165886277176	425.614308507262	614.11670796092	435.142717721597	464.663427941328	512	512	361.378910901106	301.611098366338	-593.678452003785	688.38897129767	227	54	5	22	204	285	129	4	1	93	39443	4753	4003	441	194	218	27	0	0	0	0	0	-828	-13	17	0
10	1	2	0	5	95	down	2	512	603.724804997901	1431.55132123227	594.401186713122	882.411774898367	409.030716372261	549.277680990892	413.902759660889	414.590563491824	512	512	372.459049540717	318.685443635759	-593.744612383785	688.542709218927	243	45	0	18	206	285	120	3	4	100	39416	4661	4119	444	242	208	23	0	0	0	0	0	-656	-16	14	0
10	1	2	0	5	95	down	3	512	610.07842711947	1411.30254660944	606.349588984331	923.974362402505	473.14827051633	917.382345205274	456.361941207504	534.74416289375	512	512	367.991189991552	315.238070023939	-593.837109899042	688.757327622425	226	45	6	17	218	264	142	10	1	95	39589	4610	3990	451	215	246	20	0	0	0	0	0	-752	-15	11	0
10	1	2	0	6	94	down	0	512	568.859580068844	1234.2617452355	576.044682235568	828.939034554586	465.028683717572	895.783224970197	449.327161289573	510.85826023965	512	512	344.763159375981	281.802791675323	-593.890306651551	688.880702837429	232	61	2	14	203	280	129	10	3	90	39001	4736	3952	439	308	254	27	0	0	0	0	0	-856	-17	19	0
10	1	2	0	6	94	down	1	512	629.866637722274	1655.26661782239	598.476745297697	908.575537309202	451.938513773823	727.401852079592	450.53151474713	499.475812648308	512	512	371.679624594382	318.956857785085	-593.741658901807	688.535771467571	237	48	3	23	201	288	136	6	3	79	38999	4643	4077	409	288	321	19	0	0	0	0	0	-651	-15	13	0
10	1	2	0	6	94	down	2	512	578.628537090085	1350.24311151541	576.832545540702	849.107070674924	458.397494111326	778.397420201496	454.631626930636	520.398913986264	512	512	359.037846971483	303.559574022317	-593.826841478838	688.733125284855	248	55	3	17	189	280	140	7	1	84	39283	4562	3859	424	256	266	22	0	0	0	0	0	-748	-14	14	0
10	1	2	0	6	94	down	3	512	606.210096570397	1467.86040823504	597.610423668536	922.210762432627	434.865564756947	700.138434905971	428.920346473089	454.895314900879	512	512	370.408765894403	320.56385054989	-593.71954336645	688.48491595428	247	43	4	19	199	282	124	6	6	94	39004	4610	4079	435	246	333	23	0	0	0	0	0	-612	-15	13	0
10	1	2	0	7	93	down	0	512	604.301339479473	1331.97749492948	603.492155900891	887.552829463052	421.190842988834	580.735784042484	431.591542853068	460.902630456585	512	512	367.918130850478	311.873238870648	-593.751003380634	688.557365056784	226	43	2	15	226	260	138	3	4	107	38752	4378	4018	468	317	319	37	0	0	0	0	0	-500	-15	12	0
10	1	2	0	7	93	down	1	512	604.128057245404	1360.74068141949	605.732420344978	910.038396905336	438.877760685081	753.708286566201	435.918220503217	480.840143390067	512	512	350.156994932109	292.291748860499	-593.673768752996	688.378389007347	239	38	4	16	215	260	132	7	3	110	38439	4718	4058	401	386	338	30	0	0	0	0	0	-810	-16	13	0
10	1	2	0	7	93	down	2	512	619.866637722274	1602.34865714739	599.243578673578	920.587951545869	465.461352820082	871.43866641592	454.176491012706	525.29216100919	512	512	367.749547224397	307.399181289286	-593.749129928566	688.553166579491	237	51	4	22	198	256	143	9	3	101	38694	4443	4044	435	293	332	33	0	0	0	0	0	-516	-16	14	0
10	1	2	0	7	93	down	3	512	578.552595729158	1177.24312391046	588.297072776458	843.203509172074	485.029756682898	943.494546917767	468.325998211843	560.014585214231	512	512	363.343729904866	305.234081356477	-593.821720347028	688.721669989871	235	44	3	12	218	251	156	10	0	95	38753	4555	3879	429	311	325	28	0	0	0	0	0	-804	-22	13	0
10	1	2	0	8	92	down	0	512	525.932529085719	869.906535299725	555.093347185472	724.222669500041	456.526171218202	813.65994769415	450.795187332856	511.531105308337	512	512	362.271034238613	302.646783515141	-593.770213567914	688.602473376372	246	52	3	6	205	274	136	8	1	93	38147	4480	4055	422	341	386	42	0	0	0	0	0	-549	-15	15	0
10	1	2	0	8	92	down	1	512	590.990289830409	1272.1717277036	597.466606538334	876.269142768146	428.637627398204	586.106068974479	441.452386524019	469.103504183362	512	512	360.174447294063	302.482887584623	-593.750730363458	688.55701016296	227	47	5	14	219	278	138	3	2	91	38086	4548	4041	429	386	418	33	0	0	0	0	0	-574	-16	13	0
10	1	2	0	8	92	down	2	512	593.69646110822	1348.15354295567	597.736480574538	899.484778570333	452.985151555705	737.57347649106	448.598701603432	497.580165830601	512	512	343.817444751307	278.60570861483	-593.842423772555	688.769473019684	226	53	6	16	211	266	143	6	6	91	38390	4470	3814	430	399	368	39	0	0	0	0	0	-848	-17	11	0
10	1	2	0	8	92	down	3	512	602.477614057594	1361.53846630678	598.698579178427	903.531033953886	483.876687719755	1031.42268934368	451.849647705008	522.302491889303	512	512	360.059656770571	303.192221383451	-593.748720348879	688.552418011679	232	44	3	16	217	289	126	13	1	83	38217	4508	3941	438	408	374	29	0	0	0	0	0	-609	-16	13	0
10	1	2	0	9	91	down	0	512	551.949750012594	1021.5300391277	573.7997137108	806.206696430132	503.455254856016	1037.77125972568	488.837456719297	605.533356281916	512	512	353.282747355627	298.152298223059	-593.755773159292	688.568469174389	244	46	3	9	210	265	152	12	4	79	37854	4338	3937	463	380	440	51	0	0	0	0	0	-619	-16	14	0
10	1	2	0	9	91	down	1	512	545.250636388213	1041.15397953279	565.544043631891	776.522767874536	477.918300502897	744.935346639033	485.112150983894	565.421948480872	512	512	352.236239371832	290.076355330889	-593.823920606596	688.726672884227	254	48	4	10	196	267	168	5	2	70	37972	4318	3895	407	430	410	35	0	0	0	0	0	-566	-16	15	0
10	1	2	0	9	91	down	2	512	536.278020588532	997.506977661198	551.076454657944	741.819047679582	467.965897974142	760.453300703343	476.181259072191	546.247917343671	512	512	364.470169477282	305.606068553859	-593.79963652098	688.670138478167	237	61	5	9	200	275	153	6	2	76	37847	4318	4049	378	414	483	48	0	0	0	0	0	-363	-17	12	0
10	1	2	0	9	91	down	3	512	607.458360476031	1479.74866375808	590.706918466339	885.509575234558	487.6690769079	876.002310967805	477.59541995055	566.734512802035	512	512	355.797039844656	297.771433007423	-593.735289446225	688.521075399206	229	55	0	19	209	251	167	8	1	85	37888	4361	3915	428	455	418	49	0	0	0	0	0	-544	-13	12	0
10	1	2	0	10	90	down	0	512	486.459320165393	791.857739192135	508.097159552747	619.165530555557	490.556547762573	1010.87147553522	470.448487883897	563.894583717104	512	512	334.882327030119	269.883498229248	-593.797219293899	688.664677867157	275	63	1	6	167	280	139	12	1	80	37508	4408	3734	430	431	471	39	0	0	0	0	0	-884	-14	12	0
10	1	2	0	10	90	down	1	512	519.914235193519	993.409846813242	544.903872373498	753.143946603907	432.495794673831	632.284341203091	441.209758857797	483.742748385027	512	512	339.229863001859	274.062037700923	-593.745583668981	688.544893160605	265	59	5	10	173	268	139	4	3	98	37330	4499	3822	429	461	495	47	0	0	0	0	0	-760	-18	12	0
10	1	2	0	10	90	down	2	512	524.194908298212	932.67592889808	536.170738902285	703.538263267146	463.301226203509	855.816484714341	467.962333347309	575.240233772723	512	512	356.296143911853	295.834026388932	-593.623908484503	688.26255884501	258	53	4	8	189	281	131	9	5	86	37273	4442	3919	446	453	491	47	0	0	0	0	0	-597	-17	14	0
10	1	2	0	10	90	down	3	512	581.565751346655	1289.02405030791	568.046736051186	823.364613389324	450.431935965074	690.02580074805	459.143596067216	526.148478843246	512	512	330.332759651117	264.041787020698	-593.75490283335	688.566776763883	235	53	4	15	205	284	140	5	5	78	37399	4494	3787	400	431	451	44	0	0	0	0	0	-847	-15	16	0
10	1	2	0	11	89	down	0	512	567.678167216019	1291.73667785514	569.199445958777	833.978609405307	490.201965951642	869.581018120856	489.079568637694	586.642105045613	512	512	330.165564615075	266.939428935449	-593.799419985347	688.669976800683	257	53	4	16	182	275	160	8	1	68	36999	4412	3739	418	528	513	49	0	0	0	0	0	-821	-16	12	0
10	1	2	0	11	89	down	1	512	592.650896291663	1279.83071134645	593.666510549565	877.148445053646	516.910169884141	1059.40319073273	509.209818722657	663.358549411304	512	512	331.27476791693	263.147865575523	-593.670706685478	688.371160297635	215	53	6	14	224	267	161	12	4	68	36952	4431	3761	424	515	515	54	0	0	0	0	0	-823	-18	11	0
10	1	2	0	11	89	down	2	512	556.28711089665	1169.92426694379	560.709834601579	785.38716193979	473.004405137268	770.225808185083	473.79179066693	538.876438387651	512	512	354.718427542416	289.249296992278	-593.853144809599	688.794550736873	247	56	4	13	192	273	158	6	1	74	36892	4347	3923	406	524	497	43	0	0	0	0	0	-500	-14	12	0
10	1	2	0	11	89	down	3	512	572.640733018219	1202.62006079129	577.203017416792	817.698963617894	486.690363144153	839.934020380952	483.4202382767	578.777119735646	512	512	352.239393549978	292.066187511938	-593.882546819828	688.862596314362	234	52	5	13	208	243	171	7	6	85	37062	4272	3792	442	486	473	42	0	0	0	0	0	-593	-14	11	0
10	1	2	0	12	88	down	0	512	526.057140883217	1053.19123044623	533.967059918398	724.176772774984	463.301226203509	781.705621654984	466.499606762419	528.128172075019	512	512	333.649566371203	265.685530887741	-593.779487241722	688.623781919111	234	78	5	11	184	289	139	7	3	74	36373	4453	3843	387	616	582	68	0	0	0	0	0	-749	-18	11	0
10	1	2	0	12	88	down	1	512	510.145278172278	914.510519858326	519.346449219141	664.500214785839	534.146237861641	1197.66837900491	511.872044577975	687.361252463703	512	512	341.654687092894	273.930156018749	-593.80122877689	688.67424379652	249	70	1	8	184	263	161	15	3	70	36603	4293	3801	359	622	550	61	0	0	0	0	0	-570	-15	12	0
10	1	2	0	12	88	down	2	512	523.647790671648	1004.55175780938	527.002656337673	689.309775410337	531.49782732852	1050.30430531295	525.001536489924	695.993178323131	512	512	347.374241468692	286.375275258269	-593.851336350796	688.790742266177	255	63	4	10	180	261	178	11	5	57	36580	4233	3834	409	560	541	59	0	0	0	0	0	-405	-16	14	0
10	1	2	0	12	88	down	3	512	485.029756682898	795.246213003738	505.307615010646	619.80578025508	501.353961949459	1003.86173036143	502.737339157075	652.473111331188	512	512	342.943237405563	280.697578046576	-593.76456114843	688.588893224334	263	72	0	6	171	254	160	11	3	84	36621	4256	3784	395	518	558	51	0	0	0	0	0	-573	-15	13	0
10	1	2	0	13	87	down	0	512	526.210096570397	1007.51450689594	529.138324199558	692.54531820521	565.038846991017	1470.42181618945	517.314760310845	717.144221016969	512	512	311.136724174873	238.755711641014	-593.690630570019	688.417582283001	259	59	3	10	181	249	160	21	2	80	35920	4572	3631	421	644	596	61	0	0	0	0	0	-1111	-17	14	0
10	1	2	0	13	87	down	1	512	499.281012932584	778.01960603476	522.558005163905	653.248551031703	482.812942286962	792.855082544289	492.150551209908	593.773134735012	512	512	343.821167089834	279.586851800202	-593.659727561551	688.345706570105	272	51	3	5	181	258	170	6	2	76	35957	4260	3949	378	605	575	70	0	0	0	0	0	-431	-13	12	0
10	1	2	0	13	87	down	2	512	502.639660052892	927.454190384311	504.435623252109	609.837755014689	487.802779013517	866.453745543827	492.852641083377	602.168116217786	512	512	336.119979565083	274.767662571307	-593.730896535921	688.510671442719	271	65	2	9	165	273	159	8	1	71	36161	4278	3706	399	594	604	48	0	0	0	0	0	-679	-16	10	0
10	1	2	0	13	87	down	3	512	522.486704365713	893.663069840905	529.379419515873	659.285703242306	493.52317887415	847.84355387688	490.753214145746	580.31184082962	512	512	333.614954379054	272.37824275736	-593.788372898776	688.644163683339	262	49	1	7	193	255	174	7	2	74	36218	4223	3716	387	591	571	48	0	0	0	0	0	-630	-15	13	0
10	1	2	0	14	86	down	0	512	517.457287510705	987.553969616743	523.851574010294	678.048094564005	478.483598745697	843.277685122578	477.239170848822	557.766373360778	512	512	340.485639927992	276.387620582505	-593.715420201155	688.475241121453	274	57	0	10	171	286	145	8	5	68	35711	4181	3734	406	594	694	87	0	0	0	0	0	-522	-17	12	0
10	1	2	0	14	86	down	1	512	538.52317887415	1067.4067494566	530.00859225282	690.611803521351	485.394501767274	722.607634179542	497.263112860567	598.78064420281	512	512	340.947820818203	274.785786632173	-593.626739909024	688.269306660796	251	59	3	11	188	265	179	4	2	62	35470	4285	3853	424	649	657	81	0	0	0	0	0	-467	-13	16	0
10	1	2	0	14	86	down	2	512	533.340806331962	984.588568014023	534.157630116466	701.576398516386	473.109763353203	804.33489601419	482.828227373012	577.760725455257	512	512	334.403556373788	269.802940127148	-593.816600737818	688.709702859046	254	52	6	9	191	274	151	7	4	76	35683	4264	3700	385	613	572	55	0	0	0	0	0	-638	-18	12	0
10	1	2	0	14	86	down	3	512	544.128057245404	1043.28613296008	542.733151160624	715.875202665535	508.877760685081	938.777030256907	506.198671289934	624.510080397025	512	512	336.219535695733	265.911719358876	-593.735520249154	688.521630019558	247	54	2	10	199	268	170	9	3	62	35802	4152	3687	391	685	579	62	0	0	0	0	0	-615	-16	12	0
10	1	2	0	15	85	down	0	512	522.802779013517	996.043548918858	521.90587622134	675.994587691368	520.375248185711	1073.62936112459	506.375758535962	654.18784352717	512	512	340.593029644303	276.369209310406	-593.887833526005	688.874906194523	273	53	2	10	174	246	170	12	6	78	35300	4040	3757	423	654	706	66	0	0	0	0	0	-414	-11	15	0
10	1	2	0	15	85	down	1	512	526.834228523214	1087.56949771682	534.513041567383	724.898201011306	493.225284842583	915.681242193772	498.611761243253	635.413277169263	512	512	328.504885950233	255.249966497511	-593.773031193688	688.608474614608	242	77	3	12	178	260	161	9	4	78	35490	4123	3527	380	666	696	64	0	0	0	0	0	-703	-16	9	0
10	1	2	0	15	85	down	2	512	539.156401135085	1139.9322451507	528.234997115987	702.934140975196	496.180679715389	950.596093117078	488.650200910335	591.104831277555	512	512	332.826908634161	266.575487508536	-593.696823803474	688.431853813609	252	66	2	13	179	275	154	10	2	71	35241	4161	3752	366	682	639	48	0	0	0	0	0	-518	-16	12	0
10	1	2	0	15	85	down	3	512	540.461352820082	1138.53623384099	526.210328754838	695.044934356324	510.614308507262	1045.29853065003	511.103157122993	685.984698266364	512	512	321.204264537985	251.517645914446	-593.835423303572	688.753401165064	256	61	6	13	176	273	153	12	6	68	35230	4140	3730	420	694	700	69	0	0	0	0	0	-556	-14	13	0
10	1	2	0	16	84	down	0	512	520.922365812275	1001.78014000861	525.162695731878	692.894239002128	503.206031261019	930.616497935734	497.545506331703	605.305391522759	512	512	322.347297945646	253.63430759752	-593.71247324355	688.468251141699	253	67	2	10	180	265	167	9	3	68	34768	4204	3661	375	700	795	83	0	0	0	0	0	-593	-14	10	0
10	1	2	0	16	84	down	1	512	505.797754014776	831.743778776133	533.211378796122	698.887863021206	479.626504435396	783.948205696207	495.437921200324	604.598948321685	512	512	311.694823785254	240.646925428365	-593.825268731858	688.729719747552	253	61	6	6	186	263	164	6	5	74	34766	4226	3612	404	750	729	60	0	0	0	0	0	-719	-17	12	0
10	1	2	0	16	84	down	2	512	581.55558807321	1428.8156156918	555.026173599617	790.795704934815	469.817967285702	724.263499807323	479.791642976499	555.952511098301	512	512	322.851929740222	253.65959588168	-593.737835921004	688.526833300227	242	64	4	19	183	282	156	5	3	66	34973	4116	3553	366	752	750	75	0	0	0	0	0	-675	-15	13	0
10	1	2	0	16	84	down	3	512	498.79165605071	815.595215831166	511.711938498037	628.875064484691	520.749083578205	1141.73622888297	507.812501295648	667.00556797956	512	512	320.701763419045	244.582459763255	-593.783034019809	688.631855152278	266	59	3	6	178	258	158	14	3	79	35114	3935	3561	398	803	683	78	0	0	0	0	0	-435	-14	10	0
10	1	2	0	17	83	down	0	512	534.703518761649	1060.1384555644	530.564746221252	699.767596104197	501.632602399463	972.152200170852	493.034273683907	613.014286619135	512	512	316.439033674878	244.980500067034	-593.755304715893	688.567658131346	255	60	1	11	185	246	168	10	3	85	34260	4244	3598	394	781	790	95	0	0	0	0	0	-679	-17	13	0
10	1	2	0	17	83	down	1	512	551.401559420704	1299.77880135547	527.044433947896	716.474593321483	505.864605067585	938.18900624381	496.815570367242	606.124536266709	512	512	346.610769179716	277.39266874879	-593.783289681187	688.632384500019	258	68	4	17	165	260	172	9	1	70	34509	3956	3669	362	753	783	77	0	0	0	0	0	-379	-15	11	0
10	1	2	0	17	83	down	2	512	532.25673435228	1025.63069977773	532.98090740029	708.805246003294	496.478573746957	919.813836329865	499.237383688822	623.403110915492	512	512	316.809384528404	246.749235906617	-593.76175075999	688.582558776238	241	66	3	10	192	266	163	9	1	73	34443	4161	3496	396	806	790	103	0	0	0	0	0	-773	-17	13	0
10	1	2	0	17	83	down	3	512	571.785558086643	1408.04088813933	541.247955401959	744.125993766291	468.455254856016	871.126024820966	466.417886854444	556.025682630762	512	512	316.608258478845	250.928511588129	-593.765423308303	688.591196742369	255	64	1	19	173	269	141	9	2	91	34580	3973	3599	344	808	776	88	0	0	0	0	0	-599	-15	11	0
10	1	2	0	18	82	down	0	512	505.547457454454	930.988558097979	513.606648924769	647.762000275066	527.169556752582	1005.57348475443	523.359770166473	662.763402349089	512	512	312.647387036394	234.552073909633	-593.727613688966	688.503099052544	274	61	2	9	166	268	179	10	2	53	34000	4045	3537	402	831	812	64	0	0	0	0	0	-636	-13	11	0
10	1	2	0	18	82	down	1	512	535.892948957267	1127.34288248447	528.91154431607	712.842188893038	479.856474448829	927.257733407776	480.271795629294	590.724821815364	512	512	309.591117450435	237.072162338091	-593.75276848701	688.561388009161	265	59	5	13	170	264	145	10	4	89	34065	4108	3448	363	766	836	78	0	0	0	0	0	-758	-21	11	0
10	1	2	0	18	82	down	2	512	566.776467778524	1259.40408867707	548.305254105615	745.069895724538	466.929423465704	684.600973967343	481.652278021887	561.768069184369	512	512	336.912411390039	272.306668003731	-593.78199156264	688.629337660761	249	56	1	15	191	282	160	4	1	65	33931	3913	3783	357	821	848	90	0	0	0	0	0	-168	-13	11	0
10	1	2	0	18	82	down	3	512	516.997347483839	923.320718962306	516.903047412044	643.781628493842	495.892948957267	952.779686904754	497.272296952584	623.650080658391	512	512	323.186830934846	245.512957198922	-593.674466921511	688.37993498222	256	61	0	8	187	269	156	10	2	75	33921	3953	3722	388	880	787	85	0	0	0	0	0	-383	-17	13	0
10	1	2	0	19	81	down	0	512	519.433968619763	1134.64886386723	511.369001960296	677.236790198793	537.40969003946	1136.12027081647	538.327813232386	733.869024765208	512	512	326.407753408952	256.625446328743	-593.767720551125	688.596018169725	269	73	3	14	153	254	177	13	2	66	33827	3829	3457	359	835	914	87	0	0	0	0	0	-451	-13	17	0
10	1	2	0	19	81	down	1	512	523.695388142893	1035.93224101902	522.509897087972	687.139505873061	547.102705699774	1153.2125125508	544.010070966056	759.258654027927	512	512	314.904313806535	248.233298215691	-593.718535078646	688.482293936142	267	60	2	11	172	249	184	13	5	61	33640	3962	3509	361	882	904	102	0	0	0	0	0	-537	-14	12	0
10	1	2	0	19	81	down	2	512	508.974028592897	943.36018168311	517.334670336353	679.457100466169	527.496867639157	947.093230575731	534.92547399666	688.335939439034	512	512	320.281684325334	244.046585093723	-593.805125400557	688.683125319217	255	69	6	9	173	239	199	8	3	63	33723	3859	3530	360	859	831	91	0	0	0	0	0	-441	-16	15	0
10	1	2	0	19	81	down	3	512	500.835188212577	957.942435164975	503.161407194107	634.920772913348	556.98825717572	1142.46884119847	546.212994997971	741.187405415228	512	512	316.652542662267	245.103570344439	-593.709370501865	688.460605415821	276	67	2	10	157	230	203	12	5	62	33707	3940	3456	369	819	904	76	0	0	0	0	0	-568	-13	11	0
10	1	2	0	20	80	down	0	512	512.899046921333	1021.84621052473	503.72794685833	630.390850366017	456.871662721014	665.98323240723	467.517903531967	520.249762119338	512	512	314.121317883241	242.614913173114	-593.657796507228	688.341549776986	256	74	4	11	167	285	151	4	2	70	33352	3812	3418	378	933	945	89	0	0	0	0	0	-470	-16	12	0
10	1	2	0	20	80	down	1	512	479.885891303837	899.586343811605	472.743807587981	563.897521718673	492.581899308203	908.836448824198	482.348803440119	575.128770196764	512	512	312.169021268337	242.046441960111	-593.857630260709	688.80483041175	248	96	2	9	157	274	156	9	3	70	33293	3909	3421	337	954	889	113	0	0	0	0	0	-601	-12	11	0
10	1	2	0	20	80	down	2	512	500.077354154143	961.54687282743	493.556827898236	620.690320311368	472.159393479137	798.77303082424	467.997504324832	527.490862928931	512	512	297.824558765251	223.107991878425	-593.803154019442	688.678596960964	263	75	4	10	160	287	148	7	0	70	33230	3963	3365	402	949	927	84	0	0	0	0	0	-767	-16	16	0
10	1	2	0	20	80	down	3	512	507.044944955084	975.867496760979	501.987668837159	640.173090369983	466.824065249769	687.520709872599	476.149855568285	545.126516552508	512	512	302.83994037582	232.58197635997	-593.861754136483	688.814756711479	256	74	5	10	167	273	162	4	3	70	33264	3951	3421	324	941	933	81	0	0	0	0	0	-617	-13	11	0
10	1	2	0	21	79	down	0	512	526.34487164134	976.896773599196	543.113917521064	722.462603693971	503.071256190077	998.31627055747	490.473876406701	597.398075323077	512	512	305.35961988377	234.326116166667	-593.764431650411	688.588646041217	248	62	3	9	190	276	155	11	0	70	32801	3889	3386	372	964	950	107	0	0	0	0	0	-591	-15	13	0
10	1	2	0	21	79	down	1	512	549.9051448854	1085.58236090568	543.059600056836	725.473666020639	504.405624730082	895.138006592228	506.166178304655	624.770748721526	512	512	302.530630813068	228.325236507032	-593.769017317802	688.599258318555	255	49	1	11	196	272	172	8	0	60	32877	3899	3298	374	1021	1012	111	0	0	0	0	0	-691	-14	13	0
10	1	2	0	21	79	down	2	512	524.896054577282	979.357974007432	536.823564835065	705.506220504572	547.783525431954	1331.2293545139	507.691392370508	683.15142996288	512	512	304.663921882087	236.918352895714	-593.644792108164	688.311400239724	237	70	3	9	193	254	159	18	4	77	32513	3966	3593	376	1003	945	103	0	0	0	0	0	-506	-13	11	0
10	1	2	0	21	79	down	3	512	559.866637722274	1247.8386771583	544.976679934768	742.741242078395	523.09050977164	1030.91538666086	508.973383763914	638.917214463815	512	512	296.118685232728	220.170889247302	-593.778458136033	688.621353719653	249	61	1	15	186	275	168	11	3	55	32812	3945	3352	339	1026	980	104	0	0	0	0	0	-708	-16	11	0
10	1	2	0	22	78	down	0	512	519.021626064143	990.576586242761	525.209855186101	681.065774890041	490.317487441021	875.091442950426	486.497838791823	582.277347545231	512	512	292.768609983232	217.951509441494	-593.85216190956	688.792318871386	267	58	6	10	171	261	164	8	3	76	32491	3834	3263	348	952	996	114	0	0	0	0	0	-796	-14	8	0
10	1	2	0	22	78	down	1	512	494.654848325078	875.237336852491	507.225912807896	637.991582452042	498.167524097893	846.733127394637	507.094766538155	623.181584254699	512	512	305.217623501866	232.313069058843	-593.716189781505	688.476924305741	276	63	4	8	161	275	170	7	2	58	32461	3785	3326	364	990	975	114	0	0	0	0	0	-541	-14	12	0
10	1	2	0	22	78	down	2	512	543.686297834775	1112.21561817081	541.093238777606	742.552368134631	490.624471780707	762.642220181767	498.780238160119	597.880065321486	512	512	308.455742445788	236.97222006841	-593.778221901558	688.620828919194	249	60	4	12	187	274	174	5	3	56	32398	3825	3337	376	990	1042	105	0	0	0	0	0	-596	-17	12	0
10	1	2	0	22	78	down	3	512	524.866637722274	1044.1114029286	518.554990326615	663.014475214003	503.637627398204	927.341107254221	507.476205225656	643.098267757683	512	512	305.864482641403	230.582376693117	-593.698317886281	688.435189640696	253	68	2	11	178	274	164	9	3	62	32426	3796	3358	356	941	996	125	0	0	0	0	0	-563	-17	10	0
10	1	2	0	23	77	down	0	512	538.216194534464	1068.66306984091	532.963403990346	703.231737605074	477.188810334145	816.048425637438	484.381015090022	575.804131386462	512	512	284.114572463873	209.750968400265	-593.882249041258	688.86210175314	246	62	4	11	189	263	158	7	4	80	32018	3755	3300	351	1144	1033	101	0	0	0	0	0	-519	-13	12	0
10	1	2	0	23	77	down	1	512	481.660946289145	748.521154713082	503.94603106645	614.723664006776	502.928463776341	904.201428723871	508.880581159599	639.59975331169	512	512	298.424518555966	224.902942543272	-593.838700424959	688.760822311197	271	64	4	5	168	244	180	8	2	78	32066	3769	3275	314	1013	1063	114	0	0	0	0	0	-595	-15	12	0
10	1	2	0	23	77	down	2	512	523.570776345395	1037.92470352091	526.752354766758	692.798762278222	498.109763353203	881.006738714216	497.543453701075	605.341780732852	512	512	291.342539623321	212.503508230002	-593.775760537845	688.614938019635	259	64	5	11	173	274	163	8	6	61	32076	3798	3191	359	1053	1039	101	0	0	0	0	0	-747	-13	14	0
10	1	2	0	23	77	down	3	512	488.042912300395	795.834237016835	499.712567902674	599.107121720108	498.139180208211	779.224486058687	513.5002727893	636.776660869032	512	512	299.511503456612	225.769619080436	-593.649228964813	688.321422269297	271	64	2	6	169	266	183	5	2	56	31941	3856	3296	331	1041	1043	100	0	0	0	0	0	-677	-13	13	0
10	1	2	0	24	76	down	0	512	519.722772343212	926.092336763078	530.821875540725	683.05823120876	466.680199870708	688.612506766436	487.312733531419	578.950142598965	512	512	303.881589700329	235.599265851819	-593.74764811108	688.549954143775	258	57	2	8	187	270	163	4	3	72	31365	3755	3426	366	995	1154	119	0	0	0	0	0	-402	-16	11	0
10	1	2	0	24	76	down	1	512	533.033821992276	985.871496193647	540.409640817174	720.780833351198	481.967930628831	821.402305183446	489.525776047421	592.243132775865	512	512	284.908933149043	211.55715289333	-593.828789053112	688.738105341507	253	54	3	9	193	272	160	7	1	72	31558	3726	3270	358	1091	1178	108	0	0	0	0	0	-577	-12	14	0
10	1	2	0	24	76	down	2	512	504.079386808832	932.495877307533	516.962577747883	675.001923794185	500.404665040719	866.037794914367	509.870076143132	643.878651709242	512	512	293.699607921588	216.037513553815	-593.868510924169	688.830103700149	260	69	7	9	167	242	185	7	0	78	31699	3690	3184	339	1084	1108	126	0	0	0	0	0	-529	-12	13	0
10	1	2	0	24	76	down	3	512	555.519113564772	1239.20940693078	543.996873839203	764.665125385055	495.105698043825	909.944651104023	496.632405004725	625.717945796396	512	512	285.450156249837	209.761189922731	-593.728672180066	688.505915072855	249	63	4	15	181	280	155	9	4	64	31659	3685	3203	365	1162	1129	102	0	0	0	0	0	-676	-16	10	0
10	1	2	0	25	75	down	0	512	508.177687371338	908.081248804468	508.043519203888	633.07026925056	517.678167216019	990.144658541056	510.696982238303	637.417312922552	512	512	288.072265907099	210.010801550963	-593.817172416882	688.711151298284	252	68	5	8	179	269	173	10	0	60	31244	3723	3110	323	1124	1157	131	0	0	0	0	0	-681	-13	10	0
10	1	2	0	25	75	down	1	512	520.355994604148	1035.64665619155	529.088512616217	719.267287984063	479.674101906641	778.273257376167	494.117689539861	595.379601823222	512	512	301.467016614057	222.133077237297	-593.644525252633	688.310771956599	251	71	6	11	173	279	160	6	2	65	31019	3621	3439	321	1154	1129	126	0	0	0	0	0	-207	-14	12	0
10	1	2	0	25	75	down	2	512	537.495794673831	1169.32869303753	522.06332173747	685.63286184532	501.045904644446	952.076355559149	504.40021257384	629.225204383888	512	512	284.555626146336	209.254287289679	-593.719502586127	688.484532798459	260	66	2	14	170	290	152	10	2	58	31281	3631	3130	358	1121	1150	116	0	0	0	0	0	-610	-12	11	0
10	1	2	0	25	75	down	3	512	483.926431121652	724.114953389096	502.939832978927	603.908515563829	501.987184210394	1002.27636299618	492.069447213079	606.162765635452	512	512	298.5778850263	225.271543188401	-593.805325381671	688.683415988828	251	70	7	4	180	263	159	11	0	79	31249	3668	3157	326	1147	1246	102	0	0	0	0	0	-572	-16	10	0
10	1	2	0	26	74	down	0	512	526.813901976325	1107.6847843909	523.636513074601	704.633076250023	516.459320165393	1061.77791580619	504.082881705266	639.755455433905	512	512	283.419694891849	209.160028471347	-593.807836473493	688.689540031921	272	60	8	13	159	263	164	12	1	72	30854	3574	3110	350	1225	1230	124	0	0	0	0	0	-512	-13	11	0
10	1	2	0	26	74	down	1	512	544.712609069768	1216.66660790635	535.864236170372	745.485649427413	478.292135895391	813.015606602092	492.936243948761	613.55468552384	512	512	300.831190365627	227.575721661568	-593.731264436936	688.511893182842	257	65	6	15	169	275	155	7	3	72	30662	3610	3243	373	1147	1278	143	0	0	0	0	0	-428	-14	11	0
10	1	2	0	26	74	down	2	512	525.32657774914	1145.40008511271	504.197408624361	638.823614822034	573.925358156326	1332.61206192595	543.902445799608	764.42608012786	512	512	301.739368525633	227.423191470719	-593.779651876549	688.623988901028	267	70	3	14	158	272	178	17	1	44	30689	3615	3284	300	1191	1207	133	0	0	0	0	0	-305	-11	12	0
10	1	2	0	26	74	down	3	512	499.242505769457	924.413393142055	503.463189721925	631.216051783239	537.035854646965	1068.04001085341	530.084894831579	701.17119426287	512	512	300.274249639656	227.27345519846	-593.664323107517	688.356702036228	262	72	5	9	164	246	190	11	1	64	30633	3554	3374	327	1154	1196	127	0	0	0	0	0	-231	-18	11	0
10	1	2	0	27	73	down	0	512	508.388403803207	976.352640053314	512.855128281922	672.079288516394	528.484671711024	1049.68967350454	530.084854004692	716.891405055623	512	512	281.621136418792	207.31300529263	-593.84715013173	688.780246679343	262	70	3	10	167	249	179	11	7	66	30506	3512	3054	304	1210	1202	130	0	0	0	0	0	-536	-13	11	0
10	1	2	0	27	73	down	1	512	502.707584071027	864.555308269879	511.880424091833	642.593764297691	505.154368480396	861.981024731553	512.393768585178	631.524957962669	512	512	295.10717689226	225.63385053084	-593.77453592389	688.612189369872	253	69	1	7	182	267	178	7	2	58	30487	3412	3161	316	1192	1229	117	0	0	0	0	0	-348	-17	11	0
10	1	2	0	27	73	down	2	512	537.35192929477	1170.42048993137	527.18695897623	696.438132464216	488.292135895391	902.988998806777	489.746945250387	595.630678516217	512	512	284.036519281611	204.816375426301	-593.738828848717	688.52929929221	257	68	2	14	171	271	154	9	3	75	30369	3546	3133	328	1189	1287	124	0	0	0	0	0	-535	-12	11	0
10	1	2	0	27	73	down	3	512	512.246571078835	1022.53091228193	519.714739616078	693.11564568755	514.137147553522	988.195658192639	519.384440394063	688.627218082936	512	512	289.430399965039	218.877809210716	-593.635731190187	688.29007148849	252	77	4	11	168	257	173	10	3	69	30268	3556	3218	334	1267	1242	120	0	0	0	0	0	-378	-16	12	0
10	1	2	0	28	72	down	0	512	512.899046921333	947.708739670055	511.134817383888	645.037203151621	552.505957947276	1201.53934359269	535.765262770563	732.831738842647	512	512	288.998905655599	214.371130678421	-593.660524501627	688.347768782932	260	63	6	9	174	241	186	14	5	66	29762	3543	3253	306	1285	1331	113	0	0	0	0	0	-347	-13	12	0
10	1	2	0	28	72	down	1	512	512.121959281337	876.301648665102	523.916264952691	675.911350097594	467.639660052892	723.726916154607	484.399581201229	568.768913799721	512	512	282.991298980143	205.266803045155	-593.871119972963	688.836537935949	260	57	3	7	185	275	157	5	3	72	29974	3500	3059	331	1255	1355	142	0	0	0	0	0	-505	-14	11	0
10	1	2	0	28	72	down	2	512	538.926431121652	996.622717439134	538.832411903015	705.607055675858	534.107730698514	1158.78500846382	515.510297343672	671.28912316369	512	512	282.18352652808	207.116634308075	-593.68885961273	688.413498654995	251	51	3	9	198	273	164	14	0	61	29935	3488	3086	355	1239	1338	149	0	0	0	0	0	-474	-15	14	0
10	1	2	0	28	72	down	3	512	497.525211528839	781.737126827305	515.232698656752	650.581428382585	546.459320165393	1220.50519003589	523.234929136867	702.316612181714	512	512	278.651911227738	202.803507965574	-593.798761426484	688.668238836673	256	62	4	5	185	259	172	15	2	64	29670	3660	3196	338	1316	1353	147	0	0	0	0	0	-504	-14	11	0
10	1	2	0	29	71	down	0	512	528.407657384771	1120.17126633637	514.639507913436	667.435403034438	538.03274902695	1163.10695865545	536.560792571908	738.576966293329	512	512	269.421267382205	186.444767116089	-593.853923590511	688.796398645012	257	71	1	13	170	274	164	14	4	56	29549	3502	2981	320	1296	1320	124	0	0	0	0	0	-562	-14	11	0
10	1	2	0	29	71	down	1	512	503.379313495089	864.797879916046	512.315657209108	638.442769672941	548.272882313828	1182.46084233314	553.621049596594	773.893279192045	512	512	273.050836497197	194.02971984433	-593.75450145847	688.5658137266	256	67	0	7	182	268	173	14	5	52	29659	3359	3012	322	1378	1380	155	0	0	0	0	0	-470	-14	12	0
10	1	2	0	29	71	down	2	512	503.926431121652	867.006306268787	513.089420884288	642.88880358361	534.348936950718	992.958861209388	543.283614637142	724.725374790096	512	512	280.654598566933	207.627366012752	-593.706883936134	688.455048771867	247	70	6	7	182	242	198	9	3	60	29500	3467	3069	316	1331	1426	145	0	0	0	0	0	-495	-11	12	0
10	1	2	0	29	71	down	3	512	505.278980277895	971.154856818699	512.233409664241	675.482439601467	544.521146219461	1149.32249006087	547.438350263281	770.852028188133	512	512	273.958789020702	191.779628973598	-593.8174127981	688.711509267151	263	72	2	10	165	246	182	13	7	64	29614	3525	2863	350	1276	1289	135	0	0	0	0	0	-764	-12	13	0
10	1	2	0	30	70	down	0	512	518.167524097893	1100.79077486336	504.563657467459	665.562137500828	468.253628732264	832.380569975025	468.125480993081	561.206539944511	512	512	292.098289887458	217.443840116431	-593.804896712019	688.682633430369	259	76	4	13	160	273	143	8	4	84	29223	3294	3021	302	1309	1533	142	0	0	0	0	0	-323	-14	15	0
10	1	2	0	30	70	down	1	512	469.232342496012	794.311389707205	467.186278941358	525.762429541158	478.176614406011	844.560613302201	473.473585741529	558.386333050484	512	512	271.536180533347	192.918407947249	-593.818785160012	688.714589377051	285	73	1	7	146	285	147	8	2	70	28970	3523	3031	316	1388	1416	133	0	0	0	0	0	-570	-13	12	0
10	1	2	0	30	70	down	2	512	486.210096570397	869.95352725527	480.495976516731	574.271708343509	484.031789337587	832.414727663506	481.442238648168	568.940526856045	512	512	279.010565448621	200.200614257054	-593.844394201216	688.773910157519	251	83	9	8	161	256	168	7	0	81	29073	3458	2990	319	1286	1439	141	0	0	0	0	0	-557	-12	14	0
10	1	2	0	30	70	down	3	512	482.802779013517	821.453745543827	492.686405826035	616.790076270277	490.307324167576	977.827576804636	471.735543150837	548.037433322092	512	512	260.484107982553	186.988485792031	-593.696027649679	688.430118519256	273	70	3	7	159	272	146	11	2	81	28952	3580	2983	325	1417	1355	128	0	0	0	0	0	-731	-13	12	0
10	1	2	0	31	69	down	0	512	544.147310826967	1007.13136703845	557.418004014642	762.18114589035	500.806844322895	1001.60008841806	489.007535975824	606.993025256743	512	512	267.98119453137	195.661299878879	-593.709287939166	688.46058860857	246	50	4	9	203	255	158	11	5	83	28386	3509	3047	386	1388	1483	137	0	0	0	0	0	-628	-12	15	0
10	1	2	0	31	69	down	1	512	561.699453452271	1284.85907371359	552.752864510806	770.387906211851	487.524138563513	898.136667939092	489.884789827053	612.439363641261	512	512	271.740630617143	196.052576985809	-593.729610377882	688.507972902251	253	61	1	16	181	277	150	9	5	71	28639	3259	3098	332	1475	1383	125	0	0	0	0	0	-175	-12	13	0
10	1	2	0	31	69	down	2	512	524.770369814457	1002.41960438209	533.391396979911	702.966045141972	503.907177540089	866.105640660736	508.896849924584	621.733810497054	512	512	272.756935252503	197.42239970104	-593.762139517628	688.583299510218	262	57	6	10	177	252	182	7	3	68	28715	3304	2980	329	1383	1443	172	0	0	0	0	0	-411	-18	12	0
10	1	2	0	31	69	down	3	512	526.239513425405	979.843117299767	532.673875583814	684.514427132155	521.564678381328	1066.74953278062	513.055928364535	661.647061102012	512	512	269.88378546974	194.356257688581	-593.654936531043	688.33475538097	243	66	1	9	193	268	164	12	4	64	28625	3462	2909	332	1386	1415	139	0	0	0	0	0	-586	-15	11	0
10	1	2	0	32	68	down	0	512	515.615381472589	958.063068188231	511.300060900843	647.502122192496	544.155328169759	1280.08566828751	524.529047326976	713.797906912689	512	512	266.284537847991	194.097353225351	-593.745835004503	688.545595858073	252	68	1	9	182	273	153	17	6	63	28316	3273	2932	295	1530	1464	150	0	0	0	0	0	-394	-15	11	0
10	1	2	0	32	68	down	1	512	501.594095236336	970.324261159434	501.203897416857	631.210283045902	493.628537090085	881.926033910673	498.101573361038	619.10303587782	512	512	251.47485183737	170.878382519637	-593.706785171232	688.454924623572	252	82	1	10	167	252	166	8	9	77	28272	3406	2832	306	1536	1571	178	0	0	0	0	0	-664	-13	9	0
10	1	2	0	32	68	down	2	512	507.888883647889	894.305186730545	510.726630864149	620.706480798439	500.249563422887	916.797422680507	500.863203119017	612.174356152665	512	512	267.023491204031	185.523303280648	-593.764707861874	688.58926171967	287	48	0	8	169	287	158	9	1	57	28416	3191	2896	313	1500	1462	159	0	0	0	0	0	-355	-17	10	0
10	1	2	0	32	68	down	3	512	516.795721360087	1032.82359803039	511.057667348276	651.621351864572	512.658913634456	1018.35485599236	506.784457784744	656.642713931844	512	512	265.387977976566	187.614564167196	-593.648252351734	688.319327904999	248	77	2	11	174	266	165	11	1	69	27985	3377	3102	352	1486	1554	142	0	0	0	0	0	-330	-16	14	0
10	1	2	0	33	67	down	0	512	567.006437791957	1291.49410620897	547.919834619531	775.821811216795	536.623512091344	1072.21606714298	529.930458958653	705.77474891851	512	512	255.267099852995	169.979265967529	-593.721043088229	688.488050687212	254	55	5	16	182	232	193	11	4	72	27780	3313	2921	290	1504	1499	149	0	0	0	0	0	-482	-11	13	0
10	1	2	0	33	67	down	1	512	510.499859983209	870.497211828984	512.77390537412	625.471316700987	505.259726696331	970.227583415332	501.180072955113	621.738684475601	512	512	261.203435539134	181.149402987339	-593.823315557388	688.725295078259	270	53	0	7	182	264	164	10	3	71	28012	3244	2746	302	1512	1471	142	0	0	0	0	0	-520	-11	10	0
10	1	2	0	33	67	down	2	512	531.113828662581	1047.90474767442	524.253996567154	684.140657722128	515.471516093527	959.154865082069	508.942794584675	631.476195432551	512	512	263.745429029449	176.724128363539	-593.887011640886	688.873229998324	268	54	2	11	177	249	183	9	1	70	27970	3253	2809	272	1522	1510	149	0	0	0	0	0	-490	-10	9	0
10	1	2	0	33	67	down	3	512	548.446164547897	1153.69765584313	534.376686968147	717.720288282749	491.699453452271	877.404525254179	490.04064985557	598.033268767434	512	512	263.754972422805	186.625855403197	-593.642060969061	688.304934141066	255	57	3	13	184	261	165	8	3	75	27698	3250	3043	313	1550	1504	145	0	0	0	0	0	-211	-15	13	0
10	1	2	0	34	66	down	0	512	515.64372536227	951.407630874194	527.733073172662	700.080084553613	522.02569137352	1072.85818403262	512.878113835324	667.775399105717	512	512	246.730934017768	168.661339910621	-593.766588799494	688.593441758349	261	60	7	9	175	257	169	12	3	71	27448	3228	2802	314	1567	1570	166	0	0	0	0	0	-501	-14	14	0
10	1	2	0	34	66	down	1	512	539.742025924776	1144.02182610549	519.624504791797	678.127347537192	497.899046921333	886.899426115358	510.059198186768	647.511360288279	512	512	275.578860713347	191.752845679541	-593.809068573023	688.692148289637	245	70	2	13	182	264	169	8	2	69	27512	3115	2887	278	1504	1606	162	0	0	0	0	0	-326	-14	10	0
10	1	2	0	34	66	down	2	512	475.201965951642	734.607625916172	490.372595855965	581.358815458227	507.362092568214	871.901650317776	511.401763148799	626.640788202753	512	512	257.315645801407	175.356900837919	-593.607188525783	688.224169197643	279	64	3	5	161	254	185	7	1	65	27329	3235	2866	362	1668	1584	187	0	0	0	0	0	-409	-10	9	0
10	1	2	0	34	66	down	3	512	529.837220867266	1042.6453216701	523.058967299521	680.186423027601	558.052002608513	1232.78811408383	536.424876593386	743.2144614155	512	512	259.198746322219	177.350977149181	-593.709725148456	688.461900180202	273	51	4	11	173	273	174	15	4	46	27413	3243	2822	314	1456	1611	154	0	0	0	0	0	-527	-14	12	0
10	1	2	0	35	65	down	0	512	500.259726696331	888.172151885654	507.854073340615	634.032113158325	539.406697695408	1003.65864209449	531.429409761958	684.249291982261	512	512	246.25144383949	163.894517021302	-593.806926362974	688.687596442775	268	64	4	8	168	239	204	9	1	59	27064	3188	2754	274	1645	1622	166	0	0	0	0	0	-515	-13	10	0
10	1	2	0	35	65	down	1	512	519.53023652758	991.010289174714	509.156020766665	634.258270750507	515.749083578205	1022.62536582361	503.439207683578	631.413236942028	512	512	251.610066026328	173.697171436951	-593.74988516834	688.554857188944	272	56	2	10	172	266	166	11	3	66	27031	3163	2735	351	1577	1662	175	0	0	0	0	0	-528	-14	11	0
10	1	2	0	35	65	down	2	512	504.923325501637	962.126469661449	501.598116201525	622.813230899982	524.424878311645	1038.90341728465	516.712721092985	676.487326083276	512	512	264.256584163707	186.729735143018	-593.740796044333	688.533914723066	283	60	1	10	158	259	173	11	6	63	27025	3123	2840	292	1710	1677	156	0	0	0	0	0	-315	-16	12	0
10	1	2	0	35	65	down	3	512	521.507990601965	968.787681638404	525.993839337033	683.852189025572	512.562645726639	1087.8559598302	509.671249333512	678.530181464099	512	512	246.67245618111	166.247657771768	-593.840718020082	688.765785767012	246	66	5	9	186	267	153	13	4	75	27105	3198	2707	270	1575	1632	183	0	0	0	0	0	-542	-14	11	0
10	1	2	0	36	64	down	0	512	480.528203872891	742.169931814921	504.030093772631	623.468737068054	528.763312161028	943.869280254599	529.589433636273	688.854945051749	512	512	240.866194607731	160.89708961967	-593.892268285716	688.885144980775	279	59	6	5	163	249	195	8	5	55	26726	3135	2614	293	1655	1613	165	0	0	0	0	0	-606	-13	12	0
10	1	2	0	36	64	down	1	512	515.653888635715	996.946438729328	511.047716765313	648.272014409427	497.1412128629	779.337569188777	508.720248986476	617.224967053181	512	512	257.549336838096	180.255591859939	-593.702057360665	688.444170803268	242	77	4	10	179	263	184	5	1	59	26364	3211	2878	315	1665	1663	178	0	0	0	0	0	-448	-12	12	0
10	1	2	0	36	64	down	2	512	510.845351486022	1019.31716437012	501.154816422307	621.380853447418	524.3772808404	1081.687012725	513.074631290912	659.965654578613	512	512	241.785513150539	163.371517135244	-593.770630365378	688.603011240321	257	76	1	11	167	247	175	12	2	76	26524	3144	2822	278	1709	1686	149	0	0	0	0	0	-422	-11	10	0
10	1	2	0	36	64	down	3	512	487.553555418521	870.46527834292	491.7798536238	597.565148222093	513.954775011334	987.432908279743	518.422468743221	682.51102100762	512	512	244.0671938858	165.192892477768	-593.813790012455	688.703346109114	261	78	3	8	162	256	172	10	5	69	26633	3075	2742	318	1655	1621	154	0	0	0	0	0	-431	-12	12	0
10	1	2	0	37	63	down	0	512	510.892948957267	976.560176725088	504.182127225955	627.316807335486	568.983118901016	1327.42270587042	539.678443976781	751.101680494838	512	512	236.522825663536	159.544812655108	-593.847410410851	688.781086209051	273	62	1	10	166	261	176	17	5	53	26130	3162	2703	261	1697	1655	147	0	0	0	0	0	-546	-13	14	0
10	1	2	0	37	63	down	1	512	496.084411807573	983.041765425239	501.046594682678	639.102621979879	497.965897974142	845.043104078375	505.982264233383	621.847539339997	512	512	233.142969190973	152.602403547406	-593.803561925339	688.679613475062	280	71	4	11	146	275	168	7	5	57	26172	3160	2629	295	1748	1785	150	0	0	0	0	0	-586	-11	11	0
10	1	2	0	37	63	down	2	512	481.046977609773	751.060403277015	498.246512097748	600.683506106777	523.67613456133	1035.00496761565	519.091711479665	676.608013072916	512	512	240.170024026823	166.929676873179	-593.764929557101	688.589867617797	265	69	2	5	171	268	171	11	3	59	26118	3147	2686	305	1757	1803	178	0	0	0	0	0	-634	-14	12	0
10	1	2	0	37	63	down	3	512	540.278980277895	1137.80009172341	522.296014447456	695.089111424805	513.916267848208	1022.63379300269	515.392979514969	681.973906146359	512	512	253.938646110411	174.837010313945	-593.698466733316	688.435779553111	259	60	4	13	176	254	166	11	8	73	26375	2908	2695	278	1705	1782	176	0	0	0	0	0	-256	-11	15	0
10	1	2	0	38	62	down	0	512	520.797754014776	966.717170980818	520.713529462079	663.803732854088	508.244538424146	940.362397622158	508.177420314164	648.455877966967	512	512	242.781809661816	162.478242920517	-593.804891925992	688.682476965692	249	65	4	9	185	259	171	9	6	67	25713	2979	2725	327	1676	1779	153	0	0	0	0	0	-380	-13	10	0
10	1	2	0	38	62	down	1	512	497.755181542272	887.991223009195	510.79194858376	651.488771132374	510.278980277895	904.935346639033	511.222049447841	638.292099073588	512	512	237.83146244435	158.145802600288	-593.669234405452	688.368081518523	261	71	2	8	170	267	175	8	5	57	25646	3091	2684	323	1766	1771	202	0	0	0	0	0	-506	-13	10	0
10	1	2	0	38	62	down	2	512	522.304331823525	1004.09322231236	517.808915027308	671.290603137359	505.519113564772	900.535348291707	518.089277451542	658.194951892689	512	512	254.800380263725	178.632691331646	-593.67984136499	688.392648804835	253	66	2	10	181	261	175	8	3	65	25651	3048	2774	271	1695	1791	202	0	0	0	0	0	-346	-10	11	0
10	1	2	0	38	62	down	3	512	520.433008930401	1039.35574980501	521.241201733384	689.406987803753	524.184745024767	1035.41206275229	515.107699702848	654.164104540818	512	512	232.545708236274	156.309069948037	-593.821306298677	688.720597680522	247	75	2	11	177	269	171	11	3	58	25765	3121	2562	296	1764	1778	174	0	0	0	0	0	-614	-13	11	0
10	1	2	0	39	61	down	0	512	482.725764687264	891.882122785032	484.392074640485	591.729238189838	554.982159211653	1134.23823892851	560.623586434173	781.297028003854	512	512	237.836799009416	159.633844580973	-593.817118272118	688.710440335226	273	77	5	9	148	243	198	12	3	56	25399	2908	2640	285	1795	1774	187	0	0	0	0	0	-376	-16	13	0
10	1	2	0	39	61	down	1	512	522.217154223827	1140.17569408278	515.695454577526	689.596765748222	545.634635054152	1043.58014496663	554.175915214248	768.914919601725	512	512	231.334192929912	158.020818738448	-593.870754201343	688.835297115394	264	73	6	14	155	251	198	10	3	50	25319	3008	2614	291	1816	1780	167	0	0	0	0	0	-504	-14	11	0
10	1	2	0	39	61	down	2	512	522.572809000084	1112.17525750567	511.493913658511	669.383067175878	542.342838986651	1000.56418028944	545.976002415656	717.067663622896	512	512	235.337155515754	156.753243006543	-593.705344488085	688.451663888993	252	78	2	13	167	255	199	9	3	46	25172	3096	2648	316	1721	1792	172	0	0	0	0	0	-501	-12	9	0
10	1	2	0	39	61	down	3	512	517.44712423726	1090.26349567564	506.662051978875	660.667051290538	559.501892637898	1172.20231427315	550.374593748827	744.498381463297	512	512	243.593523504923	165.764522192593	-593.741436094196	688.535220233478	281	63	3	13	152	255	192	13	3	49	25497	2942	2531	262	1744	1702	162	0	0	0	0	0	-456	-12	11	0
10	1	2	0	40	60	down	0	512	459.223252187894	748.922924158972	466.771417831989	544.5849253168	486.459320165393	828.913170721814	487.845777010932	591.756129830747	512	512	229.946474137772	155.372098690374	-593.814940100257	688.705746258727	267	87	3	6	149	271	163	7	2	69	24920	2936	2577	287	1881	1787	186	0	0	0	0	0	-435	-12	11	0
10	1	2	0	40	60	down	1	512	485.489696709764	970.64575824721	467.900078297829	551.254783221667	488.915194882882	967.057725970743	480.486290157673	581.808203636262	512	512	222.267605921942	150.803614865076	-593.784874164183	688.636146406996	269	86	3	11	143	291	138	11	2	70	24995	2980	2483	262	1856	1890	186	0	0	0	0	0	-603	-13	9	0
10	1	2	0	40	60	down	2	512	495.96996328352	845.242662543239	491.298626192768	594.64037523116	518.972955627571	1165.62225194022	488.84161152403	614.941962770669	512	512	226.950510340974	149.37570956492	-593.778378532317	688.621077366458	265	64	7	7	169	280	145	15	1	71	25133	2874	2459	254	1819	1967	194	0	0	0	0	0	-454	-12	12	0
10	1	2	0	40	60	down	3	512	493.550449798506	1010.53222614495	478.305042904003	580.636073983027	458.281972621946	735.804956046933	460.354227713049	514.441176734588	512	512	223.14431028828	144.955920218225	-593.795877509738	688.661524052075	289	71	4	12	136	294	139	6	2	71	24838	3040	2565	277	1796	1863	180	0	0	0	0	0	-524	-13	13	0
10	1	2	0	41	59	down	0	512	589.003445447906	1301.92383036668	570.458271640586	790.761762388506	496.536334491647	885.513617214971	502.485571337652	635.3022872877	512	512	226.634649548334	153.867702933944	-593.722517197755	688.491411520671	235	48	3	15	211	263	169	8	1	71	24420	2891	2621	276	1855	1861	199	0	0	0	0	0	-351	-13	12	0
10	1	2	0	41	59	down	1	512	583.542432455713	1362.00808149904	572.774935922859	830.898464293847	484.982159211653	800.921161323778	500.489303533298	619.719723160292	512	512	221.271337300871	144.540343710799	-593.820653350875	688.718948897175	238	57	5	17	195	247	175	6	3	81	24428	2997	2520	263	1847	1809	167	0	0	0	0	0	-524	-14	11	0
10	1	2	0	41	59	down	2	512	543.234375150701	1172.71494264671	543.595312154013	759.610064601209	505.192875643523	1012.03068986168	516.89549443816	704.466260567049	512	512	219.028435585304	144.419374084363	-593.653341240755	688.331171376651	274	53	2	14	169	245	163	11	8	85	24323	3003	2590	292	1829	1832	183	0	0	0	0	0	-460	-13	11	0
10	1	2	0	41	59	down	3	512	524.128057245404	900.39478008039	537.511135160217	689.995857982127	537.534301836958	1059.99033745991	522.519425680031	668.82280366842	512	512	219.17629689191	141.853317099102	-593.746923604435	688.548155620822	251	54	3	7	197	266	183	11	1	51	24480	2961	2476	291	1893	1895	186	0	0	0	0	0	-560	-12	10	0
10	1	2	0	42	58	down	0	512	539.156401135085	1102.85020582571	526.976058885865	697.054722098067	514.636667708841	959.076816926373	511.888710103667	650.628510454193	512	512	223.114016685243	144.388645074196	-593.835845150666	688.754365071147	252	61	5	12	182	244	183	9	3	73	24188	2820	2436	252	1947	1984	204	0	0	0	0	0	-468	-12	11	0
10	1	2	0	42	58	down	1	512	517.419853312904	890.466176287258	527.720507642836	686.756158149189	509.175654716649	907.994773469694	510.627720417697	636.777942401665	512	512	224.234134733398	143.494410335457	-593.978095521639	689.084568880839	243	62	8	7	192	259	179	8	2	64	24376	2710	2349	261	1909	1870	175	0	0	0	0	0	-455	-10	9	0
10	1	2	0	42	58	down	2	512	579.789623396021	1387.02093642453	547.767311358091	768.91419466935	496.536334491647	885.513617214971	497.502004228766	616.37713206873	512	512	209.965835095677	135.738309311449	-593.734706877814	688.51978795946	249	57	4	18	184	263	169	8	1	71	23922	3014	2497	263	1983	1896	188	0	0	0	0	0	-644	-16	9	0
10	1	2	0	42	58	down	3	512	499.751116232894	887.765056749015	514.042402712866	658.721770105636	525.941619393838	1047.65419782134	520.633232746707	681.343451328617	512	512	223.864902963538	143.112368210128	-593.844547436945	688.774291008328	267	65	4	8	168	244	179	11	7	71	24164	2777	2473	282	1888	1926	185	0	0	0	0	0	-393	-11	7	0
10	1	2	0	43	57	down	0	512	533.186777679456	1236.6648326761	520.113557803264	728.550997778911	486.920333157586	797.939782648814	502.645866881543	622.970770066897	512	512	213.962477414688	131.670143016643	-593.73769908195	688.5265556954	250	82	5	16	159	260	171	6	4	71	23688	2736	2483	277	1970	1987	208	0	0	0	0	0	-337	-10	10	0
10	1	2	0	43	57	down	1	512	541.804811668206	1139.02137713332	531.999516006293	717.426703745288	510.634635054152	988.101204650955	506.40086606007	641.867231167869	512	512	213.455381816279	144.237757390905	-593.79306420981	688.655081394604	262	57	4	13	176	243	175	10	4	80	23738	2799	2367	280	2013	2033	218	0	0	0	0	0	-522	-11	10	0
10	1	2	0	43	57	down	2	512	496.238440460079	953.351305531863	491.528984470921	603.168148923037	508.926431121652	874.950874739109	517.101913253654	650.674689518503	512	512	226.116071043244	146.121522957451	-593.724084720186	688.494928687556	268	75	3	10	156	251	186	7	3	65	23577	2814	2533	260	1962	1975	225	0	0	0	0	0	-350	-12	11	0
10	1	2	0	43	57	down	3	512	504.933488775082	970.58323819159	504.623807959854	643.775916755332	534.31952009571	1131.82315318991	530.774352286931	738.388577606129	512	512	240.456333302024	164.27279432185	-593.57901239307	688.158814137053	264	72	1	10	165	250	175	13	4	70	23529	2813	2585	257	1948	2101	198	0	0	0	0	0	-241	-10	11	0
10	1	2	0	44	56	down	0	512	504.712609069768	967.965941471961	506.138180890226	640.143278028235	482.793688705399	754.845769815928	508.712562693455	645.402153641925	512	512	221.680394156585	144.414106645256	-593.728139622566	688.504532981524	265	70	5	10	162	259	172	5	6	70	23169	2749	2488	266	2012	2091	207	0	0	0	0	0	-355	-12	9	0
10	1	2	0	44	56	down	1	512	514.894981611955	947.50918120519	519.268962473772	671.352288249313	508.877760685081	975.832461786586	509.99311572541	659.89502360738	512	512	213.580777778953	144.52685966193	-593.725731913396	688.498926530674	270	56	4	9	173	264	166	10	4	68	23236	2775	2377	284	2028	2096	205	0	0	0	0	0	-487	-14	11	0
10	1	2	0	44	56	down	2	512	520.11586131727	995.099870129504	516.09590661757	661.181216680743	496.257694041642	806.003637225886	513.819213508054	636.171921521887	512	512	218.074578067853	140.431696794772	-593.719600079114	688.48452213475	265	60	2	10	175	275	171	6	6	54	23278	2813	2345	236	1990	2019	233	0	0	0	0	0	-509	-11	11	0
10	1	2	0	44	56	down	3	512	516.103665389136	1015.64088152863	508.686652528543	639.754225677051	491.958840320712	807.712290130554	500.348384438617	615.254505742102	512	512	220.844442797455	142.627081235407	-593.780662972147	688.626292176404	279	56	7	11	159	258	176	6	3	69	23295	2700	2458	219	2029	2040	196	0	0	0	0	0	-314	-13	12	0
10	1	2	0	45	55	down	0	512	492.659986599782	817.338903710228	506.658968658454	632.489482428282	460.019593409454	673.008954653263	483.073505711541	562.257375339215	512	512	229.325178739902	154.861895868364	-593.732844194319	688.515536495841	241	80	1	6	184	278	154	4	5	71	22896	2632	2372	260	2041	2140	200	0	0	0	0	0	-329	-12	11	0
10	1	2	0	45	55	down	1	512	485.634635054152	763.181028036901	503.538445979004	606.383335373926	505.00033982789	965.782347684285	504.377598033145	650.384257321061	512	512	224.112719962513	144.555732650243	-593.813584087566	688.702797637908	255	72	2	5	178	271	160	10	5	66	22875	2658	2383	244	2010	2143	215	0	0	0	0	0	-354	-10	8	0
10	1	2	0	45	55	down	2	512	501.804811668206	927.376142228614	502.22850195805	626.904736214444	501.670036597263	1032.13134638003	494.86910620887	632.319741147675	512	512	227.408793710014	152.23453186422	-593.714650983559	688.473349290994	266	68	4	9	165	273	149	12	2	76	22866	2605	2433	256	2022	2179	212	0	0	0	0	0	-275	-11	10	0
10	1	2	0	45	55	down	3	512	506.825138215095	803.985913845187	518.175492685358	642.000861524325	521.027724028209	998.833796308037	506.971019901271	644.294013474717	512	512	217.978766839379	140.324489560998	-593.720024113918	688.485713109705	244	64	1	5	198	258	177	10	4	63	22797	2682	2395	286	2094	2149	183	0	0	0	0	0	-337	-10	11	0
10	1	2	0	46	54	down	0	512	484.952742356645	828.59255091995	494.112863081894	604.048591302952	560.07842711947	1146.76595882504	540.391569666637	715.184764385096	512	512	205.377207280069	138.40861237332	-593.790264259286	688.64871395967	263	74	5	7	163	234	205	12	3	58	22423	2699	2266	260	2082	2130	238	0	0	0	0	0	-534	-12	9	0
10	1	2	0	46	54	down	1	512	527.899046921333	1045.62670034506	518.597861341784	672.490496260477	493.772402469146	917.942884137144	495.360164200568	606.208207842286	512	512	217.443886569066	142.139139691765	-593.596751291546	688.199692591574	260	61	3	11	177	259	163	9	2	79	22166	2688	2531	263	2113	2155	218	0	0	0	0	0	-194	-17	14	0
10	1	2	0	46	54	down	2	512	521.219186878516	1140.31538500819	503.293757796747	645.136026551094	493.388403803207	841.379247848629	505.947156725609	636.660253283921	512	512	203.0505109289	138.797151830527	-593.823219116348	688.725041922824	265	75	1	14	157	266	168	7	5	66	22517	2641	2260	230	2147	2015	200	0	0	0	0	0	-414	-11	9	0
10	1	2	0	46	54	down	3	512	492.629496779448	866.079461179164	495.060428597228	597.309927133226	542.783525431954	1175.06305992486	524.553686700245	693.62961977685	512	512	213.303172972926	140.489700878668	-593.683082012707	688.399942511158	290	56	3	8	155	266	171	14	3	58	22280	2699	2427	242	2120	2108	197	0	0	0	0	0	-370	-12	9	0
10	1	2	0	47	53	down	0	512	474.021626064143	771.03999845836	482.051360734809	554.880147669211	490.692395798842	736.798769597013	512.776552002171	628.766619380121	512	512	203.434408931221	134.373629308058	-593.741970193855	688.53654447091	275	72	1	6	158	252	187	4	3	66	21939	2665	2277	255	2225	2238	237	0	0	0	0	0	-443	-13	9	0
10	1	2	0	47	53	down	1	512	499.9051448854	895.130028385318	507.335877434781	633.74299366832	481.49782732852	822.823149058225	490.489415946434	593.706018936068	512	512	201.687889883186	128.948190096042	-593.887517249261	688.874058052071	251	75	4	8	174	265	161	7	3	76	22184	2516	2237	199	2210	2220	194	0	0	0	0	0	-337	-12	11	0
10	1	2	0	47	53	down	2	512	496.843318831333	810.119825975991	505.86393459347	620.551171815075	499.328610403829	920.566383833433	505.796619404502	638.99537367691	512	512	192.049318918715	122.578610715194	-593.737647749191	688.526353896785	272	57	2	6	175	272	161	9	4	66	21874	2787	2211	264	2210	2184	215	0	0	0	0	0	-656	-10	7	0
10	1	2	0	47	53	down	3	512	495.75924685165	851.135349944381	505.395179231998	626.101277644112	481.804811668206	710.373926289566	498.939563864267	591.270617138958	512	512	210.667178969545	135.994625387587	-593.66189522849	688.350993476048	255	72	3	7	175	278	171	4	3	56	21876	2629	2380	251	2140	2175	218	0	0	0	0	0	-316	-11	10	0
10	1	2	0	48	52	down	0	512	515.624471780707	1024.64443612081	508.635947259931	646.825742729613	495.135114898833	845.164614387543	510.409611126842	658.078256607693	512	512	197.918663461333	122.95525711201	-593.783903840178	688.633985802431	262	69	2	11	168	260	169	7	9	67	21779	2506	2100	239	2142	2103	205	0	0	0	0	0	-423	-13	11	0
10	1	2	0	48	52	down	1	512	534.952742356645	1130.23778582466	517.56442592085	673.094652631771	535.11586131727	1130.07326233419	528.309856556759	723.558297789093	512	512	195.327831108872	129.190786492831	-593.800968364083	688.673114549907	259	65	1	13	174	261	174	13	0	64	21598	2570	2214	242	2142	2188	240	0	0	0	0	0	-446	-12	9	0
10	1	2	0	48	52	down	2	512	511.804811668206	1017.37614222861	505.867444909615	644.251344420767	537.870703031652	1068.0914512138	530.787898407563	693.196600131758	512	512	212.020454368198	139.222798951345	-593.811280683118	688.697387170584	266	70	0	11	165	247	189	11	3	62	21596	2440	2358	230	2206	2184	216	0	0	0	0	0	-140	-10	12	0
10	1	2	0	48	52	down	3	512	494.281012932584	918.349979273782	507.116856034853	650.881206271363	522.716674379146	1036.97259755247	520.634072821105	686.574338350769	512	512	196.978898689407	128.693162477135	-593.714931341758	688.473634707605	260	78	2	9	163	263	174	11	0	64	21481	2584	2308	251	2232	2164	207	0	0	0	0	0	-356	-11	10	0
10	1	2	0	49	51	down	0	512	515.182712370078	982.381018947194	521.074479497102	683.898406306729	542.707584071027	1076.20054317459	547.360483086495	748.849782396746	512	512	212.231871223267	136.075011517559	-593.762244323363	688.583697507976	272	58	5	10	167	249	193	11	1	58	21105	2522	2215	270	2189	2371	191	0	0	0	0	0	-378	-11	10	0
10	1	2	0	49	51	down	1	512	499.146237861641	1031.0231441002	488.912786936392	614.317367754519	597.007510757283	1280.93048644719	592.124531918818	856.876694311038	512	512	208.021394630084	136.454497465379	-593.888062855914	688.875434487663	267	82	1	12	150	233	223	14	2	40	21256	2384	2239	233	2209	2286	214	0	0	0	0	0	-208	-11	10	0
10	1	2	0	49	51	down	2	512	485.317487441021	830.118050745741	491.317719583004	597.682151104099	555.720739688523	1166.76195939237	560.934448000241	788.862378209146	512	512	201.527200949732	128.026636735103	-593.769362027479	688.600065821214	265	74	1	7	165	253	190	13	3	53	21253	2442	2208	209	2332	2279	247	0	0	0	0	0	-285	-11	11	0
10	1	2	0	49	51	down	3	512	477.29416855008	738.99121887751	494.165757879537	593.015761979718	565.999380138528	1187.9703898768	564.899616979937	783.728337003809	512	512	210.678757457382	134.788073502568	-593.727432588315	688.502970540081	276	64	4	5	163	245	201	13	2	51	21067	2534	2278	233	2199	2246	213	0	0	0	0	0	-238	-8	11	0
10	1	2	0	50	50	down	0	512	450.729829996642	659.270151756152	465.546666410271	532.88168896093	466.017560754765	754.977910848167	467.967459405483	534.936703026118	512	512	188.210666697143	118.837887274996	-593.81321827719	688.701891467861	279	79	0	4	150	281	150	6	1	74	20749	2492	2127	232	2204	2270	224	0	0	0	0	0	-412	-12	9	0
10	1	2	0	50	50	down	1	512	472.841286176644	807.445763205232	474.055461469991	563.036392723157	497.476541092268	956.729576934138	492.108219290955	620.469637773075	512	512	194.918661434907	121.136239452761	-593.762786221777	688.58470165097	267	81	3	7	154	261	157	10	7	77	20809	2446	2121	224	2261	2350	247	0	0	0	0	0	-393	-11	13	0
10	1	2	0	50	50	down	2	512	502.93755408446	970.782796656454	494.996095112751	622.697079903337	488.292135895391	977.126469661449	475.311641937755	575.081524250405	512	512	189.668694083056	121.19440037529	-593.726158377864	688.499686347022	254	79	3	10	166	267	147	11	1	86	20734	2516	2127	223	2340	2260	259	0	0	0	0	0	-483	-12	9	0
10	1	2	0	50	50	down	3	512	458.916267848208	639.012949954246	472.146028012304	529.470953524262	498.253628732264	916.996981145372	489.129894826572	603.897251810171	512	512	192.60677735121	122.626157326901	-593.743977849979	688.541160469369	274	72	1	3	162	277	159	9	3	64	20782	2473	2115	230	2192	2255	216	0	0	0	0	0	-381	-12	10	0
10	1	2	0	51	49	down	0	512	507.227317497272	902.492775819203	527.565712383713	690.821602677544	516.699453452271	1065.26927033855	515.476130036101	691.274324993831	512	512	182.850666573376	116.583851364202	-593.79150196359	688.651454666946	261	63	5	8	175	253	166	12	4	77	20400	2399	2063	226	2374	2343	257	0	0	0	0	0	-436	-10	10	0
10	1	2	0	51	49	down	1	512	551.229350151961	1233.36195691336	540.577343443583	750.746014142956	458.46541812946	641.361067232392	486.080364751434	573.846171976428	512	512	201.204693346047	125.090129562331	-593.851727989537	688.791016750575	246	68	4	15	179	266	164	3	2	77	20448	2351	2069	220	2282	2281	221	0	0	0	0	0	-318	-11	8	0
10	1	2	0	51	49	down	2	512	526.574841654773	1009.01339892641	531.827421915765	708.815878529685	520.163458788515	1026.45374554383	508.041539706825	629.602986432381	512	512	186.115794886844	115.349447775459	-593.820856569587	688.719340688855	257	60	3	10	182	273	166	11	4	58	20360	2368	2114	246	2305	2327	224	0	0	0	0	0	-316	-9	8	0
10	1	2	0	51	49	down	3	512	560.164531753841	1179.97438104609	551.447133089195	746.524952467642	498.436001274452	954.815162587946	493.489740914872	604.088832844159	512	512	190.175266648386	120.172512683372	-593.86958507979	688.832472824018	240	58	3	13	198	274	156	10	2	70	20325	2415	2127	221	2183	2212	220	0	0	0	0	0	-341	-10	8	0
10	1	2	0	52	48	down	0	512	478.73389530602	744.086121391363	500.98952365886	610.092406145318	497.93755408446	962.864835981448	503.651890773496	653.515732289689	512	512	187.402854444334	119.310785317373	-593.726866010556	688.501612999998	273	66	1	5	167	254	163	10	2	83	19967	2398	1988	223	2366	2497	248	0	0	0	0	0	-470	-13	10	0
10	1	2	0	52	48	down	1	512	516.084411807573	1051.82225524557	504.830753567857	625.734483718111	501.939586739149	822.647545872515	513.648654956785	639.723146194715	512	512	180.484403989616	108.679133574668	-593.764406213068	688.588423286324	284	59	1	12	156	263	182	6	2	59	19999	2361	1994	222	2418	2415	236	0	0	0	0	0	-456	-12	11	0
10	1	2	0	52	48	down	2	512	502.841286176644	929.117605905258	513.154871423943	648.830672384132	471.057140883217	706.599211132149	491.748908794167	586.15305298286	512	512	200.896565231356	124.301115409658	-593.697374474736	688.432976220846	267	67	3	9	166	246	175	4	3	84	19917	2330	2096	233	2299	2444	245	0	0	0	0	0	-302	-10	10	0
10	1	2	0	52	48	down	3	512	521.267857315087	1002.35175863572	514.858207278376	658.452679773791	513.819999940391	943.913170721814	509.128644128179	623.115502622646	512	512	177.979328349732	111.02957504142	-593.851891438678	688.791865011136	252	67	3	10	180	271	170	9	7	55	20014	2336	2017	209	2411	2350	232	0	0	0	0	0	-370	-11	10	0
10	1	2	0	53	47	down	0	512	504.20399860633	1004.614277865	506.941246277453	670.140634084386	513.196940952901	953.98191441252	522.012686273374	688.96023387824	512	512	184.003613788478	116.306405989411	-593.84317436663	688.771578037616	260	77	6	11	158	247	179	9	6	71	19537	2339	1984	204	2382	2394	217	0	0	0	0	0	-427	-11	9	0
10	1	2	0	53	47	down	1	512	560.864605067585	1284.78102555789	539.671810628982	745.335864126518	503.867597411636	922.402301051761	508.794439568592	649.123749904613	512	512	177.298548849788	106.647801532932	-593.561426384677	688.118013385944	248	64	3	16	181	287	160	9	2	54	19489	2342	2035	198	2505	2459	242	0	0	0	0	0	-341	-10	8	0
10	1	2	0	53	47	down	2	512	513.09050977164	1052.10828904521	510.075701908976	667.210206888664	525.903112230711	1008.79743507556	523.258462497505	677.789988125925	512	512	178.256684955606	115.05765322752	-593.719413393271	688.484308257972	267	70	6	12	157	258	183	10	0	61	19544	2379	1932	209	2441	2434	241	0	0	0	0	0	-499	-10	9	0
10	1	2	0	53	47	down	3	512	531.910169884141	1194.37658293741	510.969901617164	677.909421360678	546.076394464781	1122.87238587461	545.337155885148	766.035694605905	512	512	180.619280981251	110.715590819481	-593.813417513261	688.702245454613	263	72	2	15	160	233	194	12	5	68	19733	2238	1895	198	2466	2445	254	0	0	0	0	0	-424	-12	7	0
10	1	2	0	54	46	down	0	512	526.536334491647	1118.35175450403	520.375663827797	694.783653559647	483.042912300395	750.86084481215	497.895935421274	594.832306823246	512	512	187.66174413516	120.252864724101	-593.648863722481	688.320445262802	251	75	4	13	169	275	170	5	0	62	19132	2218	1976	226	2456	2539	272	0	0	0	0	0	-262	-10	9	0
10	1	2	0	54	46	down	1	512	574.309356822265	1409.14909041915	544.487907772263	763.724525759445	499.53023652758	922.22979935438	505.008838753298	640.271365521219	512	512	175.743843421012	104.629960051258	-593.674407336473	688.379588784061	261	58	2	19	172	268	162	9	5	68	18946	2286	2098	222	2455	2417	248	0	0	0	0	0	-276	-10	10	0
10	1	2	0	54	46	down	2	512	513.974028592898	1025.4422210081	508.463240599832	651.119862578546	524.655921290404	1012.89544320943	516.966102344846	667.327155387271	512	512	180.983676655475	113.597296996562	-593.713838506385	688.471206270606	255	75	1	11	170	239	186	10	5	72	19048	2310	1977	217	2527	2513	219	0	0	0	0	0	-411	-10	8	0
10	1	2	0	54	46	down	3	512	488.73389530602	834.032905800732	499.968534220383	630.330909706786	527.332675713206	1079.51982432332	520.308399960483	687.455037805885	512	512	170.826365171237	102.88487709608	-593.651832629506	688.32749183241	265	70	5	7	165	262	171	12	3	64	19064	2277	1983	228	2564	2443	252	0	0	0	0	0	-338	-10	8	0
10	1	2	0	55	45	down	0	512	497.725764687264	952.74465193036	494.512271538907	605.228879194893	520.70148610696	962.134019554615	523.84243151835	685.176107112234	512	512	189.483009568316	119.348240344502	-593.8345009452	688.751179283356	277	69	1	10	155	262	182	9	1	58	18713	2169	1943	215	2421	2584	252	0	0	0	0	0	-283	-11	8	0
10	1	2	0	55	45	down	1	512	532.064198536647	1164.68612304404	514.662294735605	685.967647584397	506.565751346655	910.706972703176	511.226654841609	636.547615662896	512	512	177.189213036168	112.053971576157	-593.612603937421	688.236750936278	251	76	1	14	170	239	182	8	6	77	18652	2233	1952	203	2591	2620	293	0	0	0	0	0	-362	-9	10	0
10	1	2	0	55	45	down	2	512	504.722772343212	939.367278472422	511.104838380113	648.940118344238	484.281012932584	791.321155539419	504.868951085875	631.53644311581	512	512	172.762735761558	105.447122753972	-593.78268167753	688.631028645909	250	76	4	9	173	268	168	6	1	69	18673	2204	1928	235	2542	2489	244	0	0	0	0	0	-321	-11	9	0
10	1	2	0	55	45	down	3	512	518.168597063219	931.499880871885	521.900544114742	661.3192895623	491.920333157586	842.939782648814	493.937642263941	600.388593820432	512	512	163.889435890931	103.952683222205	-593.612898152301	688.237131631676	242	69	0	8	193	260	171	7	2	72	18721	2264	1859	196	2682	2548	256	0	0	0	0	0	-480	-10	12	0
10	1	2	0	56	44	down	0	512	505.710576415079	893.768603077829	509.404005016254	627.536779993738	504.789623396021	971.675035085427	505.459906978134	641.462112972071	512	512	167.566905293605	104.317597508566	-593.717362568338	688.479609539421	280	54	0	8	170	261	166	10	1	74	18128	2269	1946	185	2598	2559	273	0	0	0	0	0	-338	-9	10	0
10	1	2	0	56	44	down	1	512	512.99531482915	989.400538216567	512.651485943915	664.005484238864	523.436001274452	1068.54243681765	520.996070450172	700.650135391923	512	512	163.747552327278	98.8810094310712	-593.691460279719	688.419409982163	251	74	2	10	175	270	164	12	5	61	18335	2193	1796	204	2612	2593	266	0	0	0	0	0	-456	-13	9	0
10	1	2	0	56	44	down	2	512	521.671109562589	1005.67858967761	523.19851375364	689.242697874782	478.67613456133	815.441772035935	491.653014017483	601.498779032735	512	512	155.829734853754	96.2465033520451	-593.793378013592	688.655885230702	244	71	5	10	182	272	157	7	2	74	18269	2161	1872	226	2611	2553	242	0	0	0	0	0	-428	-12	11	0
10	1	2	0	56	44	down	3	512	520.201965951641	1065.36372388024	506.152157007002	639.052661041916	518.014568410713	1035.30120382462	516.747566971223	668.890494594294	512	512	164.025544784484	104.505388831101	-593.842726814416	688.770326012013	267	66	3	12	164	246	175	11	3	77	18261	2195	1869	203	2542	2530	224	0	0	0	0	0	-374	-11	11	0
10	1	2	0	57	43	down	0	512	511.094575081018	978.19698445072	508.637717417816	654.952968446629	528.858507103518	1043.65907040824	528.635011237288	705.83746172979	512	512	171.823999818697	105.849747552289	-593.655294209937	688.335462472675	265	65	6	10	166	265	174	11	6	56	17888	2132	1804	192	2591	2577	233	0	0	0	0	0	-374	-10	8	0
10	1	2	0	57	43	down	1	512	496.364125222903	819.070164977544	508.390410726522	638.682020929659	522.1786470607	1138.32114727605	516.998152842994	694.650278468649	512	512	175.481005755158	105.294472760241	-593.807584906835	688.688625210186	247	72	5	6	182	266	153	14	8	71	17827	2131	1856	202	2441	2611	272	0	0	0	0	0	-338	-11	7	0
10	1	2	0	57	43	down	2	512	507.774435123835	941.809849292253	509.451251585294	642.062770306717	530.461352820082	1085.6448809613	529.519905516015	709.422626555856	512	512	174.610965436959	106.596125928365	-593.815175831636	688.706291117517	256	70	4	9	173	260	174	12	3	63	17895	2099	1853	169	2548	2705	281	0	0	0	0	0	-347	-12	8	0
10	1	2	0	57	43	down	3	512	502.054035263202	997.502080284193	499.150747388594	633.928294699025	542.486704365713	1147.72071730963	529.135672025071	697.394160611751	512	512	164.180289191746	107.956352934265	-593.77618968059	688.615996374637	274	72	0	11	155	246	183	13	3	67	17881	2128	1795	212	2685	2587	254	0	0	0	0	0	-319	-11	8	0
10	1	2	0	58	42	down	0	512	517.188810334145	1027.72026833746	512.806502512307	652.766326553597	489.568743690706	834.110953956429	504.841685639646	618.04502960017	512	512	148.904429188585	93.218239619991	-593.729013427677	688.506429103489	263	68	0	11	170	270	165	7	3	67	17442	2170	1706	186	2750	2670	257	0	0	0	0	0	-571	-12	8	0
10	1	2	0	58	42	down	1	512	499.002372482579	883.839999284697	507.123549280494	632.177026477608	518.446164547897	957.888342288433	523.612170290629	684.582431848742	512	512	167.178357031403	102.946261965077	-593.782457543901	688.630149666307	272	62	5	8	165	259	179	9	5	60	17298	2081	1923	202	2642	2677	257	0	0	0	0	0	-183	-11	10	0
10	1	2	0	58	42	down	2	512	537.23640780539	1164.88345730648	517.453535040193	676.712566840873	522.073288844766	1067.15662791726	520.633662462267	692.503399766018	512	512	169.193714051895	103.391971950214	-593.691823023238	688.420176184974	267	61	4	14	166	269	164	12	4	63	17518	1976	1807	203	2600	2708	277	0	0	0	0	0	-177	-7	8	0
10	1	2	0	58	42	down	3	512	510.038846991017	975.58146296134	506.73879739764	625.151632439799	537.102705699774	1026.18368881643	533.671393867205	709.128716326	512	512	159.181057984833	100.675706099951	-593.600202883405	688.207858560414	273	63	0	10	166	257	189	10	4	52	17320	2133	1856	195	2743	2668	265	0	0	0	0	0	-367	-13	8	0
10	1	2	0	59	41	down	0	512	532.255661386953	1083.75529918017	519.675515268224	694.981604925483	532.342838986651	947.646219614434	549.739060763706	735.518445623326	512	512	164.17242771588	101.220661902091	-593.807031006701	688.687514545035	270	55	4	12	171	255	196	8	4	49	16982	1993	1818	199	2654	2708	268	0	0	0	0	0	-225	-9	10	0
10	1	2	0	59	41	down	1	512	478.73389530602	818.19698445072	489.834862391931	606.632984571552	551.651855981026	1126.44976676958	556.551046895759	759.149121879406	512	512	163.823906354955	100.546538451284	-593.670018849069	688.369444242653	265	78	3	7	159	249	194	12	2	55	17153	1960	1705	174	2725	2682	257	0	0	0	0	0	-256	-10	8	0
10	1	2	0	59	41	down	2	512	508.100673045085	830.28789992696	518.284039147591	651.64362644857	545.259726696331	1218.92824984972	540.096981814043	751.415602975376	512	512	156.752162447408	97.5550767980026	-593.709066123144	688.460125759593	268	51	3	6	184	256	171	15	4	66	16949	2114	1735	194	2686	2768	287	0	0	0	0	0	-404	-10	7	0
10	1	2	0	59	41	down	3	512	456.411722694148	787.053747196501	477.412262311001	594.683063013876	522.851449450088	895.161961871382	549.116536750925	721.342903949574	512	512	165.71100530465	104.824971343958	-593.835000015928	688.752499141702	251	103	3	7	148	260	194	7	1	50	17125	2008	1685	174	2625	2841	325	0	0	0	0	0	-332	-10	9	0
10	1	2	0	60	40	down	0	512	459.597087580388	817.003184122032	462.079354000707	548.317387875697	449.654848325078	692.729572802453	462.853830112534	525.876396507053	512	512	163.922732310547	98.0723050841677	-593.837531100206	688.758143572958	275	89	4	8	136	276	143	5	4	84	16601	1881	1834	164	2728	2770	271	0	0	0	0	0	-32	-10	12	0
10	1	2	0	60	40	down	1	512	489.070296500714	842.160627349931	486.055875015597	589.294673770953	461.373215531022	719.032905800732	467.370151686475	528.955952692268	512	512	159.579987307144	98.6878720641021	-593.911122597434	688.928993092402	250	80	3	7	172	265	158	5	0	84	16722	1886	1695	177	2723	2744	239	0	0	0	0	0	-215	-9	8	0
10	1	2	0	60	40	down	2	512	449.942579083201	653.4905474851	455.126035998528	499.748593579157	448.483598745697	758.687881747546	452.48557781246	514.917654909216	512	512	158.650558468028	96.7321510098364	-593.725580701269	688.49820968656	286	74	3	4	145	286	130	7	2	87	16615	1914	1786	165	2839	2809	275	0	0	0	0	0	-152	-9	8	0
10	1	2	0	60	40	down	3	512	477.342838986651	786.357965744062	477.629164717602	559.342908626914	442.668003942574	603.370812406181	455.812851702105	493.289225950236	512	512	151.368887203162	95.0631314650861	-593.85015970038	688.787338717906	251	84	3	6	168	292	143	3	2	72	16731	1982	1607	160	2737	2836	274	0	0	0	0	0	-418	-11	9	0
10	1	2	0	61	39	down	0	512	530.222292498531	912.83602464214	541.815727355849	700.922026601352	529.405624730082	1120.05818320628	522.723428714281	702.538747155452	512	512	145.623937684359	88.0808821270396	-593.699130391369	688.437227527707	249	52	0	7	204	260	169	13	2	68	16120	1997	1673	178	2787	2829	286	0	0	0	0	0	-449	-10	8	0
10	1	2	0	61	39	down	1	512	512.237480770716	918.894112819665	530.188717861176	699.105184764263	504.491729364453	928.319821017968	507.871593153463	647.501462440231	512	512	153.744804741101	98.289670694918	-593.765062670474	688.590343135099	246	70	2	8	186	274	164	9	4	61	16272	1865	1669	162	2815	2764	295	0	0	0	0	0	-215	-9	9	0
10	1	2	0	61	39	down	2	512	590.931456120393	1512.84488013496	563.059241176602	830.063273752612	513.907177540089	993.134464395099	515.560300509968	673.156030580017	512	512	157.773708066678	93.0946589647191	-593.930047647148	688.972772862469	247	61	6	21	177	244	177	10	4	77	16357	1783	1655	173	2800	2805	265	0	0	0	0	0	-147	-9	9	0
10	1	2	0	61	39	down	3	512	567.659986599782	1195.62937351965	563.785763692628	780.278569468342	497.764271850391	954.572590941778	499.6107025986	625.81153590191	512	512	142.378097973028	90.0936537870783	-593.899105560415	688.901111960974	233	57	3	13	206	271	156	10	3	72	16207	1890	1685	186	2896	2762	298	0	0	0	0	0	-239	-9	8	0
10	1	2	0	62	38	down	0	512	535.922365812275	1136.72692441798	529.922605133473	725.872445600839	512.515048255394	982.364613561206	505.847025326393	636.675340581832	512	512	137.683064142873	83.5839475089944	-593.651080141332	688.325880839555	245	72	4	13	178	263	169	10	4	66	15895	1844	1559	158	2919	2743	280	0	0	0	0	0	-356	-9	8	0
10	1	2	0	62	38	down	1	512	500.806844322895	964.544656888382	497.043912202885	621.826133267529	565.913275504156	1228.89943851041	551.485278758058	764.201462919496	512	512	143.298855559731	87.4880600901312	-593.841798333165	688.76819087444	259	77	4	10	162	235	201	14	0	62	15824	1885	1596	151	2809	2750	269	0	0	0	0	0	-357	-12	9	0
10	1	2	0	62	38	down	2	512	524.645758016959	1004.46528247461	519.347473215415	663.921709088134	545.278980277895	1182.80009172341	528.057449083815	696.441296007067	512	512	154.33116160261	95.6006194839084	-593.787336856009	688.641981328866	262	59	1	10	180	259	176	14	2	61	15746	1861	1673	176	2832	2830	275	0	0	0	0	0	-284	-9	7	0
10	1	2	0	62	38	down	3	512	539.828130559147	1140.14820900156	524.388915824427	696.469176558439	493.446164547897	918.271931118086	495.204585096484	616.464071402705	512	512	155.699772301816	102.400318034485	-593.761573391303	688.582052773041	251	65	5	13	178	255	163	9	4	81	15863	1772	1652	169	2828	2901	278	0	0	0	0	0	-122	-9	10	0
10	1	2	0	63	37	down	0	512	507.792615740072	1037.91715362774	499.882390870305	637.438815786361	482.208063915708	787.838228186132	504.228353254527	625.160613411852	512	512	136.685839710242	88.4894506194369	-593.824574085816	688.728299236618	280	66	5	12	149	266	166	6	3	71	15351	1863	1570	160	2905	2885	310	0	0	0	0	0	-325	-14	9	0
10	1	2	0	63	37	down	1	512	495.07842711947	747.255978835952	509.846805422816	618.493749067231	529.060133227269	1008.29366219482	529.332061947736	693.039807443352	512	512	146.988887152005	89.6615882954943	-593.793072656573	688.654926940301	246	67	2	4	193	269	180	10	2	51	15414	1770	1583	177	2797	2776	279	0	0	0	0	0	-218	-12	9	0
10	1	2	0	63	37	down	2	512	487.313422131643	829.891884485561	504.042019694562	630.815654628917	533.94461173789	1196.00496348397	517.009731500395	682.436736757478	512	512	139.599466409856	89.2526269018179	-593.731546775462	688.512667269171	271	68	3	7	163	267	160	15	2	68	15322	1815	1637	170	2923	2877	299	0	0	0	0	0	-218	-9	8	0
10	1	2	0	63	37	down	3	512	508.762239195702	1081.51493934137	498.215039932497	627.40704819511	512.418780347578	1014.83689366468	505.234223703891	629.833708284078	512	512	145.065410622054	87.1464882642291	-593.842768957447	688.770343460352	270	77	1	13	151	272	162	11	2	65	15346	1869	1579	150	2840	2789	287	0	0	0	0	0	-312	-10	8	0
10	1	2	0	64	36	down	0	512	483.186777679456	749.742440122997	502.16785560472	612.961633252227	527.697420797582	1118.07414788347	515.861489723755	670.454606056614	512	512	134.152062130212	84.7343748822004	-593.778441298738	688.621195759292	274	61	4	5	168	256	168	13	4	71	14946	1707	1610	169	3006	2909	286	0	0	0	0	0	-150	-10	8	0
10	1	2	0	64	36	down	1	512	512.976061247586	914.335793958528	521.195433820243	676.803733104272	530.201965951641	1192.3925476146	513.761474431258	685.346390291754	512	512	134.517722923113	79.7848037485793	-593.806421959826	688.686136441715	256	62	5	8	181	259	159	15	4	75	14976	1782	1509	165	2992	2887	286	0	0	0	0	0	-304	-9	8	0
10	1	2	0	64	36	down	2	512	507.208063915708	938.64754174083	511.107877006769	652.696801039963	511.085484772899	911.642224313452	509.786556861182	626.334292983224	512	512	128.373698046987	75.1386390641834	-593.815192528599	688.706715041258	262	67	3	9	171	259	181	8	1	63	14880	1906	1500	146	2891	2778	267	0	0	0	0	0	-493	-10	7	0
10	1	2	0	64	36	down	3	512	573.984191866342	1351.35353799765	544.180706181275	763.758057082934	481.862572412896	713.129138704351	504.747215065153	611.382070395336	512	512	146.967276711922	91.858921944855	-593.82601086416	688.731305732926	228	71	3	17	193	271	173	4	4	60	14953	1768	1565	146	2839	2946	304	0	0	0	0	0	-242	-9	9	0
10	1	2	0	65	35	down	0	512	491.660946289145	838.494546917767	494.613014526538	595.784786800246	525.989216865083	1079.0612888263	521.084263709362	684.887802163258	512	512	130.402225218206	81.2494366210528	-593.715523136539	688.475201920374	267	67	4	7	167	260	172	12	1	67	14442	1797	1550	131	3036	3060	305	0	0	0	0	0	-337	-9	8	0
10	1	2	0	65	35	down	1	512	494.655921290404	817.112737450048	508.839578655971	638.171992309424	516.334708367895	989.659515248722	513.729465403714	651.996738900084	512	512	149.468472067729	93.667470564124	-593.681076170706	688.395106634442	247	74	3	6	182	263	173	10	2	64	14571	1647	1531	171	2918	3039	315	0	0	0	0	0	-170	-10	7	0
10	1	2	0	65	35	down	2	512	485.778500433213	762.089231143063	497.021720310747	596.344673367587	479.53023652758	816.420485799683	489.838971488987	593.190006667329	512	512	137.633611993046	85.506726217708	-593.897919074357	688.89839374251	258	70	2	5	177	272	157	7	3	73	14626	1682	1482	130	2924	2932	279	0	0	0	0	0	-212	-8	8	0
10	1	2	0	65	35	down	3	512	486.152335825707	830.169491106122	488.4137090418	579.236957611681	538.609283508522	1063.55974014797	530.047152769779	681.297084881832	512	512	145.598457613309	92.0273927865872	-593.831887473131	688.745155709619	266	72	3	7	164	261	185	11	2	53	14688	1610	1470	152	2936	2912	320	0	0	0	0	0	-195	-9	9	0
10	1	2	0	66	34	down	0	512	519.598160545714	1039.30430944463	511.922760439121	655.187212624477	522.467450784149	966.873267292211	519.863677504558	662.441990891325	512	512	135.34304627941	82.6500525082872	-593.694767704417	688.427101437777	246	77	0	11	178	259	185	9	0	59	14085	1652	1507	164	3054	3121	323	0	0	0	0	0	-145	-11	9	0
10	1	2	0	66	34	down	1	512	492.553555418521	804.27237595857	497.086860523888	586.490559571762	525.192875643523	969.644885092983	525.709648282451	684.643584566739	512	512	120.922824541805	77.0294117481764	-593.776589606175	688.616598593329	269	62	2	6	173	261	185	9	2	55	14202	1700	1358	148	3018	2889	339	0	0	0	0	0	-406	-9	6	0
10	1	2	0	66	34	down	2	512	501.046977609773	893.925148361391	512.343582093657	658.970460921543	507.515048255394	1011.50208441588	508.96851769575	658.798151213675	512	512	121.955487980227	74.5498713390822	-593.671903570687	688.373767888785	257	70	5	8	172	259	162	11	4	76	14056	1714	1459	179	3122	3039	269	0	0	0	0	0	-349	-9	11	0
10	1	2	0	66	34	down	3	512	511.008470446646	982.070601554657	510.084920062766	670.137065778454	497.725764687264	915.662612605367	500.969995791295	621.340416712547	512	512	118.755343606006	77.2788949725505	-593.668538657875	688.366398808573	259	70	3	10	170	277	158	9	4	64	14130	1712	1421	145	3120	2919	331	0	0	0	0	0	-334	-9	6	0
10	1	2	0	67	33	down	0	512	486.046977609773	870.171266336372	486.901669718569	590.655536262638	524.645758016959	1041.49410620897	528.095064208057	698.329146320326	512	512	125.785458296275	86.0505447711353	-593.678205223128	688.38870725376	257	82	2	8	163	254	175	11	6	66	13634	1631	1463	168	3002	3108	300	0	0	0	0	0	-198	-10	11	0
10	1	2	0	67	33	down	1	512	476.123991936026	672.687457565488	501.105102298351	591.09187230274	466.737960615398	654.312287651543	492.472126240821	581.718763086142	512	512	127.122054931638	74.9309327236767	-593.793861072019	688.65701639448	261	67	3	3	178	267	169	3	3	70	13696	1583	1477	140	2925	3049	307	0	0	0	0	0	-136	-8	8	0
10	1	2	0	67	33	down	2	512	499.53023652758	885.174367824702	506.028206172266	639.972474809128	522.08345211821	1038.55796491773	520.267299511619	676.083088706978	512	512	140.102495888431	85.7334420405367	-593.808301387775	688.690548698245	272	62	4	8	166	254	175	11	3	69	13761	1572	1427	136	2973	3232	299	0	0	0	0	0	-201	-9	7	0
10	1	2	0	67	33	down	3	512	488.253628732264	901.134452000044	488.472533558403	597.126285720834	519.232342496012	1021.79254596193	519.973238374411	680.343140786103	512	512	143.132397282731	88.8107942543357	-593.751764723705	688.559376119027	273	73	5	9	152	281	163	11	3	54	13614	1639	1491	152	3046	3234	331	0	0	0	0	0	-140	-9	8	0
10	1	2	0	68	32	down	0	512	488.954775011334	836.650202520361	496.723203202891	603.774699165296	515.241546080094	927.038239754851	524.614209611653	686.038423772976	512	512	128.643851591976	78.0084870575596	-593.748699710491	688.552224188546	264	72	1	7	168	240	191	8	1	72	13304	1561	1375	144	3066	3106	315	0	0	0	0	0	-240	-9	8	0
10	1	2	0	68	32	down	1	512	540.480606401646	1213.60097809903	523.622008295473	721.518131833904	521.468410473512	1025.08434202943	514.477379590438	667.306228039156	512	512	128.005354397735	78.2052706977578	-593.671051136126	688.372156934721	251	73	3	15	170	281	164	11	4	52	13261	1630	1363	130	3181	3259	312	0	0	0	0	0	-314	-10	6	0
10	1	2	0	68	32	down	2	512	499.884818338511	989.409393709388	497.802278317929	624.536347868716	552.439106894467	1095.14733171564	552.373839640859	762.203777903864	512	512	131.430653938132	87.5448803920235	-593.74684952097	688.547945963361	281	68	3	11	149	242	202	11	2	55	13203	1620	1398	163	3059	3231	340	0	0	0	0	0	-288	-8	6	0
10	1	2	0	68	32	down	3	512	488.61837381664	902.659951825835	492.735415079858	609.712180540316	521.325618059777	1005.1069710505	530.265627338195	713.463900512178	512	512	119.6752130721	77.1089283103848	-593.682767191529	688.399278450536	275	73	1	9	154	245	182	10	4	71	13296	1566	1408	114	3101	3120	305	0	0	0	0	0	-249	-9	8	0
10	1	2	0	69	31	down	0	512	464.126984280077	789.286557142139	473.614623124246	563.394481036453	575.443172203845	1246.15620373521	580.582501844353	842.367850144194	512	512	114.478100248374	80.3351234495482	-593.614394932586	688.240877831098	272	83	6	7	144	228	208	14	4	58	12649	1677	1377	169	3127	3172	343	0	0	0	0	0	-350	-9	8	0
10	1	2	0	69	31	down	1	512	499.510982946016	958.357957480692	491.504471769358	606.817008410385	582.783525431954	1386.70829482957	570.821918667388	836.324307103813	512	512	118.479566752482	72.6329216707824	-593.798744183137	688.668081228818	265	73	7	10	157	262	182	18	3	47	12944	1434	1360	134	3264	3178	314	0	0	0	0	0	-110	-10	7	0
10	1	2	0	69	31	down	2	512	472.649823326337	703.046213830075	491.330216718073	583.025629294588	553.935521429771	1124.04000672173	551.831541950941	749.308717860653	512	512	123.738160229445	80.7286247932541	-593.772765683731	688.607907521792	260	74	3	4	171	261	190	12	4	45	12813	1520	1388	151	3052	3092	285	0	0	0	0	0	-149	-9	7	0
10	1	2	0	69	31	down	3	512	480.038846991017	816.827580936321	484.267446460049	569.695476830233	569.137147553522	1334.78767750672	562.405192905441	820.627817631796	512	512	114.076904868526	78.2440544432717	-593.817349785556	688.711549458791	273	72	3	7	157	245	182	17	5	63	12787	1657	1276	152	3042	3219	339	0	0	0	0	0	-417	-9	7	0
10	1	2	0	70	30	down	0	512	506.622439126018	1082.80629470007	484.113979210211	601.753156534646	456.036814336328	740.042655106206	464.171724960096	535.494239019597	512	512	121.950516502689	87.7407617904794	-593.715977053604	688.47618080489	257	86	3	13	153	276	144	6	2	84	12383	1524	1305	148	3222	3251	339	0	0	0	0	0	-241	-7	8	0
10	1	2	0	70	30	down	1	512	460.029756682898	829.714057097433	469.32013130812	581.507655370225	477.899046921333	781.063504765345	490.155287223432	603.114336623052	512	512	114.840044029304	74.0730782992931	-593.772312416786	688.60711772611	247	106	5	8	146	264	163	6	4	75	12513	1469	1238	140	3223	3178	327	0	0	0	0	0	-281	-8	9	0
10	1	2	0	70	30	down	2	512	445.845351486022	693.918047440393	458.845153676122	525.312612163416	449.607250853833	624.320265858452	466.777836501318	519.062552939423	512	512	120.700694755858	77.6005857220251	-593.827690775352	688.735436880103	261	97	2	5	147	272	156	3	1	80	12598	1464	1166	132	3124	3259	294	0	0	0	0	0	-318	-10	6	0
10	1	2	0	70	30	down	3	512	470.931456120393	803.798312361474	467.602262856671	539.564660687803	525.345831330703	1146.32735851608	504.46316492264	669.879590873283	512	512	107.70832087681	71.3444479137537	-593.72646602874	688.50031618152	267	82	4	7	152	266	159	14	2	71	12395	1545	1268	152	3271	3221	300	0	0	0	0	0	-336	-8	10	0
10	1	2	0	71	29	down	0	512	522.93755408446	928.370384092438	531.796207824722	672.516480462185	480.950709701956	746.424036260182	503.226544285364	614.548363595342	512	512	111.035722382968	72.456656746017	-593.683502026122	688.401106127835	266	50	1	8	187	270	166	5	7	64	11970	1418	1304	156	3290	3189	322	0	0	0	0	0	-148	-9	7	0
10	1	2	0	71	29	down	1	512	558.302299168836	1170.62537408698	558.162019862119	790.36715501907	495.163458788515	838.589000459451	507.000451460812	624.064194537175	512	512	118.465732860219	81.1969995612432	-593.612397533166	688.236092517576	252	51	5	13	191	281	165	7	3	56	11970	1487	1262	129	3350	3384	291	0	0	0	0	0	-264	-9	8	0
10	1	2	0	71	29	down	2	512	544.894981611955	1143.29188696457	541.732567130859	730.518532844377	501.699453452271	930.322485929185	502.437740939974	625.468284016242	512	512	124.137027187361	78.0666337543287	-593.694265869211	688.426064391795	262	54	6	13	177	261	168	9	2	72	11969	1424	1331	124	3251	3324	317	0	0	0	0	0	-128	-8	7	0
10	1	2	0	71	29	down	3	512	498.984191866342	787.732694949209	527.739899032092	683.016045279919	504.358027258837	937.894994237262	501.554937366483	614.870141198939	512	512	105.877332798525	71.4429502727872	-593.999747431709	689.134527697489	248	66	4	5	189	256	173	9	0	74	12209	1365	1175	99	3150	3195	305	0	0	0	0	0	-218	-8	7	0
10	1	2	0	72	28	down	0	512	490.010503101335	876.37437113005	490.207213597673	585.888369821895	518.283045587272	921.024042044541	524.619177059492	669.152158887113	512	512	105.122189238084	69.6886968455136	-593.760161095747	688.578765896669	260	78	0	8	166	265	184	8	1	54	11592	1400	1205	139	3372	3280	320	0	0	0	0	0	-228	-11	6	0
10	1	2	0	72	28	down	1	512	503.379313495089	901.826703650409	510.532217401095	646.796095677926	508.119926626648	905.326036389684	520.178628170596	668.651438101261	512	512	117.49306590384	75.0683223274849	-593.82440659152	688.727740635438	248	74	5	8	177	259	177	8	4	64	11497	1424	1271	144	3131	3261	302	0	0	0	0	0	-184	-8	10	0
10	1	2	0	72	28	down	2	512	543.628537090085	1183.5978766107	525.172202375812	699.895699499475	485.720739688523	722.2785871986	503.594953848995	600.668469866549	512	512	105.314324075002	78.9391623880541	-593.57958064669	688.159932377811	252	67	1	14	178	269	179	4	0	60	11518	1399	1283	136	3283	3258	334	0	0	0	0	0	-142	-11	11	0
10	1	2	0	72	28	down	3	512	517.534301836958	1028.26527916926	515.896593005993	677.121787333746	477.102705699773	671.647101032031	498.275093521527	586.886790567964	512	512	107.034587749628	71.2705932447412	-593.75175451029	688.559299029447	258	69	5	11	169	265	176	3	5	63	11690	1329	1194	123	3287	3287	318	0	0	0	0	0	-170	-8	7	0
10	1	2	0	73	27	down	0	512	514.444131893208	1023.99476933801	511.963670579546	656.042318648227	500.758173886324	843.067046962473	509.285439318146	617.719873415428	512	512	100.862451657386	67.7379928313016	-593.720313828026	688.48648619806	258	72	3	11	168	292	165	7	3	45	11143	1412	1131	138	3329	3460	319	0	0	0	0	0	-331	-8	6	0
10	1	2	0	73	27	down	1	512	494.540399801024	811.602312620479	507.069657579986	615.953589443065	488.570776345395	871.279468616197	500.906662653956	633.851487896943	512	512	107.224213655412	71.6188760147656	-593.733119606587	688.516082336869	261	66	1	6	178	263	162	8	3	76	11135	1407	1161	121	3407	3406	339	0	0	0	0	0	-290	-7	6	0
10	1	2	0	73	27	down	2	512	546.199933296953	1253.11538583452	524.399637527264	720.662478350592	535.221219533205	1090.04487930862	532.819077022554	729.773001758504	512	512	116.895855402997	78.1125554532678	-593.869392780809	688.832146369871	262	65	5	16	164	266	174	12	5	55	11228	1314	1177	105	3298	3345	341	0	0	0	0	0	-156	-9	8	0
10	1	2	0	73	27	down	3	512	499.550563074469	865.032473355304	510.271372587442	631.499752099252	529.463385474771	1011.62049323672	530.472029196276	700.14171420882	512	512	111.885175763593	76.8532559893302	-593.795362208517	688.660197751523	238	80	3	7	184	261	182	10	4	55	11199	1259	1257	109	3296	3400	330	0	0	0	0	0	-64	-10	7	0
10	1	2	0	74	26	down	0	512	481.334708367895	823.014280344012	494.095377016999	602.287975921982	483.763312161028	798.443555529555	507.001623359545	635.442475346048	512	512	93.9355941300721	64.9323052100318	-593.779510165251	688.623728117393	267	76	0	7	162	249	174	6	2	81	10759	1308	1115	130	3347	3366	329	0	0	0	0	0	-263	-8	7	0
10	1	2	0	74	26	down	1	512	528.849416795399	1014.15974180065	526.636889147139	688.460187093173	496.353961949459	958.888338156748	496.29474956168	624.363047441992	512	512	94.5116601860716	67.6292283435252	-593.843370371738	688.771692127564	255	60	2	10	185	258	161	10	1	82	10820	1271	1121	100	3384	3304	299	0	0	0	0	0	-178	-7	8	0
10	1	2	0	74	26	down	2	512	486.871662721014	861.792545961928	487.188023727882	574.019066671419	524.156401135085	967.90342141634	527.180342817142	671.205063003997	512	512	108.696114734334	76.5154668296641	-593.747387916465	688.54925222369	281	67	0	8	156	260	184	9	3	56	10723	1325	1139	125	3396	3468	373	0	0	0	0	0	-214	-9	9	0
10	1	2	0	74	26	down	3	512	547.87979333977	1187.59077982139	529.721576131197	705.602788798447	537.313422131643	1168.56594312463	522.223605681344	695.836187420589	512	512	88.6537759864847	64.4465992415455	-593.773088951684	688.60850694458	257	60	3	14	178	259	169	14	4	66	10765	1326	1093	128	3473	3336	311	0	0	0	0	0	-277	-7	7	0
10	1	2	0	75	25	down	0	512	514.415788003526	919.430696472381	512.629653861475	636.135085058976	513.819999940391	1055.13268090148	509.471651139264	657.711902562726	512	512	104.207274012433	75.0239827077089	-593.695754850731	688.429242928949	253	64	2	8	185	267	160	12	2	71	10393	1224	1082	101	3417	3466	361	0	0	0	0	0	-160	-7	8	0
10	1	2	0	75	25	down	1	512	508.67613456133	1048.279909325	503.928991324962	656.098500582212	528.339733366636	1183.0701484508	511.790021131873	683.271345005655	512	512	97.583011545876	66.2240265373521	-593.765062841199	688.590292482623	260	78	5	12	157	275	153	15	2	67	10430	1175	1088	107	3492	3442	345	0	0	0	0	0	-129	-8	7	0
10	1	2	0	75	25	down	2	512	534.405624730082	1090.92071235161	525.055787070401	692.706368566449	512.707584071027	880.364621824576	529.010031183885	699.250831592703	512	512	100.072595197086	69.7199954042617	-593.675323258785	688.382070662387	264	58	2	12	176	249	187	7	7	62	10409	1211	1081	99	3388	3454	337	0	0	0	0	0	-127	-8	10	0
10	1	2	0	75	25	down	3	512	487.774435123835	836.000535737556	488.729063521517	580.397557138246	568.426910966334	1295.63512752414	552.196909787093	786.209326605236	512	512	84.6127432497857	66.4515024255294	-593.715862280607	688.475900335049	260	75	2	7	168	248	184	16	7	57	10384	1240	1051	125	3511	3362	372	0	0	0	0	0	-252	-9	7	0
10	1	2	0	76	24	down	0	512	495.201965951642	877.498978795863	503.894280270561	630.884316219556	503.533342147595	835.080812227355	519.475078237704	667.803851627216	512	512	90.5288013054687	63.0718107698471	-593.82968774916	688.740068738875	275	64	2	8	163	240	191	6	3	72	9964	1167	1044	113	3473	3430	345	0	0	0	0	0	-123	-8	8	0
10	1	2	0	76	24	down	1	512	483.129016934766	858.180130092563	491.844879747258	607.365974902909	543.321552750399	1258.93845225905	531.023163859198	749.555545321047	512	512	87.1545787945496	62.4455635220929	-593.903487628854	688.910930988968	273	74	2	8	155	235	170	16	8	83	10025	1100	1058	105	3570	3349	338	0	0	0	0	0	-91	-6	7	0
10	1	2	0	76	24	down	2	512	509.933488775082	1015.55663039627	502.042267042526	633.879119461232	521.306364478214	967.150873912772	525.452340724258	679.353183313608	512	512	104.446178142826	69.2391352566375	-593.701328065909	688.442462661085	260	74	3	11	164	254	186	9	0	63	9954	1188	1038	108	3430	3438	347	0	0	0	0	0	-144	-9	7	0
10	1	2	0	76	24	down	3	512	504.981086246327	964.881682076234	496.370825222865	597.610424872389	531.622439126018	1122.42270587042	519.032839885168	680.139104418781	512	512	109.327115540239	76.6341300429627	-593.649173481112	688.321506771239	276	64	2	10	160	261	169	13	4	65	10004	1131	1037	116	3500	3570	321	0	0	0	0	0	-74	-7	7	0
10	1	2	0	77	23	down	0	512	483.139180208211	755.443996238353	494.907216416112	592.963471017661	499.645758016959	853.655968919908	514.428710722518	655.651289534164	512	512	76.0379165396716	66.7597936341225	-593.76283799932	688.584881402287	262	69	3	5	173	266	175	7	1	63	9588	1173	921	94	3557	3598	350	0	0	0	0	0	-282	-7	6	0
10	1	2	0	77	23	down	1	512	519.808876977584	996.356190513813	513.952700853471	664.205566677012	517.534301836958	954.127808314585	532.807458679504	720.678643503261	512	512	87.1377088689467	66.6765406583052	-593.653460974717	688.331132452438	260	63	3	10	176	262	176	9	7	58	9495	1164	995	122	3535	3534	340	0	0	0	0	0	-203	-9	7	0
10	1	2	0	77	23	down	2	512	500.346904296029	789.118503849595	517.579674447955	649.694808755424	482.525211528839	757.983244802286	503.031242396186	612.156440321391	512	512	85.8307367685296	66.0641117005686	-593.810255467226	688.694962806164	249	64	5	5	189	256	176	5	1	74	9574	1164	932	106	3451	3598	352	0	0	0	0	0	-278	-8	6	0
10	1	2	0	77	23	down	3	512	481.420813002267	819.140663240074	489.775624086351	595.947547584466	526.565751346655	979.48746252351	536.223181353603	708.431043394121	512	512	84.7353780120483	63.2756128615593	-593.758377443709	688.574716603938	273	71	3	7	158	243	192	9	3	65	9482	1216	967	111	3480	3494	334	0	0	0	0	0	-277	-7	7	0
10	1	2	0	78	22	down	0	512	479.117893971959	783.541110559569	485.843551964849	588.212730517375	557.965897974142	1310.77259424713	530.816140732373	722.846029209622	512	512	92.9145821969928	64.4669151354775	-593.681317420259	688.395852086948	262	75	5	6	164	259	170	17	3	63	9156	1047	966	95	3605	3724	353	0	0	0	0	0	-82	-8	8	0
10	1	2	0	78	22	down	1	512	499.491729364453	1031.568154932	490.153856773196	612.461557398613	503.696461108219	797.860857207206	513.983814991179	633.289762509251	512	512	83.0270525862316	57.321747605067	-593.695174467957	688.428101031468	262	83	6	12	149	246	195	5	1	65	9088	1085	972	119	3641	3490	351	0	0	0	0	0	-99	-7	6	0
10	1	2	0	78	22	down	2	512	471.785558086643	767.721594595544	483.525807947733	571.501019351107	518.475581402905	893.161521162583	532.019639123216	694.948050594841	512	512	77.4544660698753	63.1716789352861	-593.740128833417	688.532344849454	271	75	4	6	156	247	195	7	2	61	9099	1108	948	109	3613	3481	327	0	0	0	0	0	-194	-9	6	0
10	1	2	0	78	22	down	3	512	512.092542426329	1015.16594064562	507.363664114101	650.687545262223	495.259726696331	917.309622740326	508.001042544102	655.619043725779	512	512	82.5515555102817	63.2388739475672	-593.751488289854	688.55867468825	268	67	4	11	162	264	161	9	4	74	8982	1225	965	92	3522	3622	378	0	0	0	0	0	-272	-8	6	0
10	1	2	0	79	21	down	0	512	500.806844322895	964.518049093067	500.578261367037	649.84452126772	585.729829996642	1503.26350393901	564.006454516701	838.467038800377	512	512	83.8001002278957	59.9184038326227	-593.69828063716	688.435345894323	255	78	8	10	161	251	173	21	4	63	8735	1028	913	76	3651	3558	342	0	0	0	0	0	-154	-7	6	0
10	1	2	0	79	21	down	1	512	506.757214196961	866.884795959619	504.80389463179	613.424483134901	566.546497765091	1190.20542402485	562.095537060018	776.635054034967	512	512	74.5874068483158	62.5352250143337	-593.720382602804	688.486485137124	262	60	2	7	181	240	202	13	4	53	8742	1050	859	101	3613	3758	318	0	0	0	0	0	-234	-10	7	0
10	1	2	0	79	21	down	2	512	513.436001274452	1052.70651546764	502.062561986999	645.729172689375	558.629610055411	1112.14511990828	562.150342666341	774.444738172641	512	512	69.0785723692894	63.5156831749986	-593.70456271819	688.449634530427	270	69	3	12	158	223	211	11	6	61	8663	1048	944	97	3790	3573	383	0	0	0	0	0	-127	-7	6	0
10	1	2	0	79	21	down	3	512	522.620406471329	1180.61117224499	498.337086903379	642.549121906819	546.786631051969	976.721170413486	562.318355987992	754.707804450554	512	512	77.0294725364674	60.1197461070715	-593.80389024045	688.680128806615	260	81	1	15	155	246	211	8	2	45	8700	1022	909	121	3642	3637	391	0	0	0	0	0	-128	-9	8	0
10	1	2	0	80	20	down	0	512	495.335668057258	1016.19874728591	475.191765635535	570.205577561672	490.815934631013	941.152632616281	480.553024223746	580.616601159885	512	512	69.9736029422194	55.7692183838671	-593.814219252266	688.704264680096	285	73	2	12	140	273	149	10	5	75	8259	1046	854	81	3637	3585	386	0	0	0	0	0	-219	-7	5	0
10	1	2	0	80	20	down	1	512	475.566711036017	810.190773210689	474.366679907484	548.399248873456	456.756141231635	697.528239107339	473.901908838789	549.903121038895	512	512	80.3945725219695	69.9392758738713	-593.640526203338	688.301591337583	265	78	9	7	153	295	143	5	1	68	8262	1020	851	107	3776	3630	341	0	0	0	0	0	-210	-9	8	0
10	1	2	0	80	20	down	2	512	444.971995938209	654.9566287436	454.600984825642	504.229733624338	470.375248185711	660.844439426163	488.414222497593	564.049816999079	512	512	78.0847752440379	65.2361971228814	-593.709030610654	688.46034342425	266	91	1	4	150	266	172	3	3	68	8215	1008	923	94	3796	3734	400	0	0	0	0	0	-111	-7	7	0
10	1	2	0	80	20	down	3	512	457.408617074133	733.898968879819	459.554939001208	507.274477778922	479.31952009571	822.259957610194	488.082706701917	603.293118206038	512	512	73.9540324931789	56.0506839672639	-593.630753266436	688.278586323873	295	71	2	6	138	254	161	7	7	83	8390	979	788	83	3628	3723	345	0	0	0	0	0	-239	-7	5	0
10	1	2	0	81	19	down	0	512	552.064198536647	1196.35796574406	541.188421359389	736.755434441343	534.914235193519	1091.32780748825	528.082383970331	692.114162333087	512	512	88.3049506449967	60.505010767409	-593.771013531529	688.60384931616	251	60	5	14	182	265	176	12	2	57	7911	889	838	90	3732	3788	345	0	0	0	0	0	-63	-6	7	0
10	1	2	0	81	19	down	1	512	512.006437791957	907.846655365211	521.58828602508	661.57079498449	513.119926626648	950.326036389684	517.022913735345	663.743782443109	512	512	67.8871435310718	55.6093202044538	-593.723397302764	688.493458104806	270	55	2	8	177	259	177	9	2	65	7874	984	784	86	3774	3703	375	0	0	0	0	0	-244	-8	7	0
10	1	2	0	81	19	down	2	512	550.827170869784	1060.71762408467	547.227811461598	729.165867966936	562.917227537571	1345.43467111494	531.914813160461	728.958622955748	512	512	80.6552795121877	63.2823020947669	-593.951320686902	689.022183460833	233	58	2	10	209	276	160	18	7	51	7910	873	875	70	3683	3730	384	0	0	0	0	0	2	-6	7	0
10	1	2	0	81	19	down	3	512	521.680199870708	961.067055225844	531.761535623502	701.725125577376	544.770369814457	1145.33756505709	535.871653140028	727.20791188547	512	512	63.1439571439575	57.4632125004961	-593.852421719771	688.792668619012	262	55	7	9	179	262	180	13	1	56	7855	961	818	94	3731	3619	397	0	0	0	0	0	-172	-5	7	0
10	1	2	0	82	18	down	0	512	486.392469112585	833.687453433803	491.177762954438	592.289938067509	510.049010264462	872.818721311815	527.025207668758	683.351574811238	512	512	79.505981618106	63.1634577944852	-593.751057538284	688.557780146105	260	76	2	7	167	258	183	7	5	59	7498	865	772	81	3626	3860	334	0	0	0	0	0	-94	-6	5	0
10	1	2	0	82	18	down	1	512	477.755181542272	708.044438599826	487.281988243679	560.935320445451	559.924398466963	1324.73136042776	531.669149042643	716.560317603265	512	512	66.5776744100608	60.674496222916	-593.672633830825	688.375697358115	269	65	2	4	172	238	181	17	0	76	7394	941	792	89	3892	3835	398	0	0	0	0	0	-193	-6	5	0
10	1	2	0	82	18	down	2	512	506.104738354462	1052.87326316053	498.058525957946	640.406906664148	548.235448116027	1196.61916697864	533.821667000453	723.683735884754	512	512	79.6067019597223	55.4902614529656	-593.693122796356	688.423226589291	242	92	3	12	163	237	185	14	4	72	7482	875	782	77	3662	3887	381	0	0	0	0	0	-99	-8	6	0
10	1	2	0	82	18	down	3	512	493.407657384771	842.306521251996	491.227389196929	582.233834243785	530.797754014776	1093.7726025105	532.734670668378	718.521070709482	512	512	87.2644204041538	69.1245373796149	-593.720114419155	688.485793429269	265	67	4	7	169	245	181	12	1	73	7394	935	812	75	3652	3884	381	0	0	0	0	0	-157	-7	8	0
10	1	2	0	83	17	down	0	512	484.079386808832	863.768603077829	483.099535051066	579.882657878747	549.051042919151	1195.76994173097	543.065862403249	748.804425125391	512	512	67.3817298501535	59.3188088112596	-593.823715444221	688.726268016244	264	79	2	8	159	243	184	14	3	68	7114	806	706	78	3752	3861	401	0	0	0	0	0	-114	-7	5	0
10	1	2	0	83	17	down	1	512	508.263792005709	941.31627882084	496.174110691447	595.093537024882	567.40969003946	1257.76550572118	552.288956407969	771.618472653463	512	512	62.4874762670028	62.2455564772221	-593.770026383135	688.602110685593	262	67	1	9	173	250	188	15	6	53	7046	830	747	81	3799	3734	352	0	0	0	0	0	-115	-7	8	0
10	1	2	0	83	17	down	2	512	476.958840320712	709.794329455547	494.885304425631	599.388826347607	560.260799661658	1221.63957179729	552.33937434629	768.668269045202	512	512	70.6207036979238	59.5071491314342	-593.713404692131	688.470578541988	258	71	6	4	173	227	198	14	3	70	7011	844	765	84	3823	3848	364	0	0	0	0	0	-87	-5	6	0
10	1	2	0	83	17	down	3	512	496.142172552263	985.823585635339	486.427859428433	594.761400404302	539.242505769457	1136.05862804677	536.72806407702	733.397212361072	512	512	68.8567067631603	58.7117255604427	-593.849597539239	688.785957050667	277	74	1	11	149	258	175	13	5	61	7002	831	778	93	3854	3935	382	0	0	0	0	0	-107	-7	6	0
10	1	2	0	84	16	down	0	512	486.997347483839	801.622268466965	500.965234404239	624.285184752575	521.027724028209	1110.02669869239	520.704098246713	703.107200616209	512	512	71.0789538502025	57.7007497270799	-593.743871839013	688.54126920548	252	76	4	6	174	250	166	13	3	80	6598	770	735	89	3786	3846	343	0	0	0	0	0	-30	-6	7	0
10	1	2	0	84	16	down	1	512	554.040879645706	1269.3686047305	519.241786661076	676.765148965887	612.936481119134	1796.25551333704	550.594664506611	811.834963216915	512	512	65.1424548919573	60.0629960133027	-593.766081478592	688.592601443505	258	63	2	16	173	259	157	28	2	66	6653	810	653	76	3804	3876	370	0	0	0	0	0	-147	-7	6	0
10	1	2	0	84	16	down	2	512	500.614308507262	955.325138445346	490.190071215193	596.071148815724	533.475581402905	1065.16373710163	544.304220709948	761.679310425401	512	512	60.7692423603006	52.2932622312727	-593.750735456041	688.556839507783	277	65	6	10	154	235	189	11	5	72	6720	750	663	59	3860	3777	392	0	0	0	0	0	-139	-7	5	0
10	1	2	0	84	16	down	3	512	509.002372482579	1010.86882301906	491.15435180935	599.871481376815	544.817967285702	1287.88434285577	520.878483861531	707.225693319648	512	512	64.7070072809338	57.8273676949617	-593.75844060536	688.575058867269	264	71	6	11	160	262	160	17	2	71	6676	751	704	61	3896	3887	365	0	0	0	0	0	-78	-7	5	0
10	1	2	0	85	15	down	0	512	517.438033929141	1097.79299080241	496.684170792441	620.798185788687	545.106771009151	1153.43867881098	546.931225425554	762.070517048396	512	512	55.8184344741495	52.1809445292386	-593.954897491768	689.030474346151	263	74	4	13	158	243	186	13	3	67	6223	738	647	72	3759	3740	360	0	0	0	0	0	-98	-6	6	0
10	1	2	0	85	15	down	1	512	459.20399860633	785.0776900806	471.669450940931	560.635445665228	560.010503101335	1209.66484093947	555.845250598388	777.759247574015	512	512	79.3897229030855	65.2398312197868	-593.81327013261	688.70197252093	268	91	1	7	145	252	188	14	4	54	6270	688	659	63	3821	4032	402	0	0	0	0	0	-15	-5	6	0
10	1	2	0	85	15	down	2	512	567.380273184452	1433.7118370267	517.586622456941	703.044671303199	536.748123888842	1033.1415653161	540.255985824309	723.98656487653	512	512	43.6949313757787	52.0287191170045	-593.725443827663	688.498262367022	258	68	4	20	162	240	195	10	4	63	6206	792	612	70	3936	3844	373	0	0	0	0	0	-198	-7	6	0
10	1	2	0	85	15	down	3	512	491.804811668206	874.484789348923	500.307031559204	625.987269756546	524.655921290404	975.840011679752	530.168753548339	700.880978162383	512	512	46.6860537503845	54.5908888828613	-593.82222654265	688.722642145051	270	70	1	8	163	243	190	9	4	66	6225	784	603	68	4011	3918	383	0	0	0	0	0	-232	-7	5	0
10	1	2	0	86	14	down	0	512	539.674101906641	1169.86527669025	519.951750809123	688.282861074662	530.489696709764	1116.09809076757	522.544509777532	694.628168427048	512	512	53.8248232756419	59.3844518880202	-593.749054307511	688.553216841067	267	60	2	14	169	273	165	13	2	59	5789	720	592	67	3959	4033	426	0	0	0	0	0	-147	-5	6	0
10	1	2	0	86	14	down	1	512	489.300266514147	837.195213352155	492.774860635272	606.887326852808	503.67613456133	818.002751676603	525.957714982347	667.592525340285	512	512	52.3377501682737	54.9755087819233	-593.759717543261	688.577903621995	259	73	6	7	167	280	177	6	2	47	5780	688	616	84	3927	3846	419	0	0	0	0	1	-121	-8	6	0
10	1	2	0	86	14	down	2	512	481.459320165393	820.995210046807	486.225749009428	581.845717877892	511.747050923516	940.483458959157	529.169042704761	696.072745259669	512	512	57.1543448043255	55.1133341797438	-593.860612277246	688.811969949041	271	73	1	7	160	277	170	9	1	55	5864	644	591	69	3889	3871	415	0	0	0	0	0	-49	-6	5	0
10	1	2	0	86	14	down	3	512	475.85444179414	696.867492629294	491.054787825207	579.393082009149	523.570776345395	1037.92470352091	528.279173602893	711.97578965355	512	512	64.9512479763939	62.7370507077935	-593.821554865538	688.721069681707	287	55	2	4	164	259	173	11	5	64	5744	714	640	70	3885	3960	365	0	0	0	0	0	-83	-5	7	0
10	1	2	0	87	13	down	0	512	517.524138563513	1056.89054996411	503.541506002533	628.032043586846	532.755181542272	1017.58102638423	531.707640169057	689.595926351876	512	512	43.929741496133	49.5341945042425	-593.802805013902	688.677702864259	277	62	2	12	159	261	185	10	3	53	5339	678	568	71	3970	3936	391	0	0	0	0	0	-152	-6	5	0
10	1	2	0	87	13	down	1	512	491.017560754765	868.705185077871	486.72111921406	588.956567353642	524.040879645706	1036.50385964613	528.32005964197	707.329628293509	512	512	58.4230330279233	57.6611182891607	-593.825103507327	688.729386164067	277	65	4	8	158	266	172	11	3	60	5281	724	578	73	3795	3975	403	0	0	0	0	0	-175	-6	5	0
10	1	2	0	87	13	down	2	512	488.695388142893	906.315829848671	490.394527456422	609.124887833016	509.789623396021	1016.64842729011	510.84685522042	659.962691158125	512	512	47.0818395476606	52.9050613952575	-593.841940409673	688.768381554028	263	79	5	9	156	257	165	11	3	76	5473	595	535	53	4010	4023	400	0	0	0	0	0	-81	-5	4	0
10	1	2	0	87	13	down	3	512	516.526171218202	1056.97702529889	508.657546330751	666.606158156902	527.534301836958	1081.18323984426	529.544352728904	704.184544326991	512	512	30.2740487667739	44.1004265555699	-593.782147357574	688.629884192906	270	66	5	12	159	258	172	12	4	66	5348	706	538	64	4046	3836	386	0	0	0	0	1	-204	-8	7	0
10	1	2	0	88	12	down	0	512	471.574841654773	810.643105731049	481.210979304289	597.21976425133	545.260799661658	1123.7482189176	544.174696821275	736.268083834886	512	512	59.7034909016697	57.5576700462793	-593.631523391099	688.280533844599	253	90	5	7	157	231	196	12	2	71	4880	652	553	59	3893	4052	402	0	0	0	0	0	-111	-6	6	0
10	1	2	0	88	12	down	1	512	489.712609069768	907.130020121948	482.513310103476	588.184517005314	538.686297834775	1067.21561817081	536.493337583248	707.319003734045	512	512	61.0899445751328	51.5907626548126	-593.733505433538	688.516708054537	265	77	5	9	156	249	187	11	6	59	4985	563	544	52	3819	4035	398	0	0	0	0	0	-27	-5	5	0
10	1	2	0	88	12	down	2	512	496.017560754765	1024.87147966691	496.738501789498	646.813939829185	533.235448116027	1024.61695103959	540.006856096383	720.909881452096	512	512	49.4367201324516	57.3846593040007	-593.84192360029	688.768306821607	265	84	5	12	146	249	191	10	1	61	4971	579	530	64	3921	4022	383	0	0	0	0	0	-46	-5	5	0
10	1	2	0	88	12	down	3	512	498.349896640081	958.662171896568	490.357618201853	589.926866091599	569.531309492906	1197.42227755667	564.060166966402	808.150735082328	512	512	48.2174668215857	54.3259641234718	-593.761623842834	688.581941424366	264	76	3	10	159	235	206	13	4	54	4963	596	539	46	4008	4073	427	0	0	0	0	0	-67	-6	6	0
10	1	2	0	89	11	down	0	512	458.935521429771	714.024478621654	477.13073789953	570.872984285817	567.746091234153	1265.86661947507	574.24637085553	837.587753415511	512	512	28.0331821456876	50.6659760767332	-593.746343999195	688.546501012149	261	86	6	5	154	231	194	15	8	64	4539	570	479	44	4254	4021	405	0	0	0	0	0	-113	-5	6	0
10	1	2	0	89	11	down	1	512	483.455254856016	931.961946170978	474.644619362426	559.285185041055	512.007510757283	775.584585108096	544.945374463577	704.631030883924	512	512	48.0289201987226	47.4934106952875	-593.7600051409	688.578625892819	269	84	2	10	147	245	205	4	3	55	4642	492	446	52	4058	4173	441	0	0	0	0	0	-74	-5	5	0
10	1	2	0	89	11	down	2	512	458.100673045085	602.806743672238	474.189712311641	527.18474004127	523.072329155403	934.808082325374	544.593614695062	724.485368833455	512	512	41.1978234460267	51.9061844585584	-593.696533657473	688.431110609144	272	70	1	2	167	251	192	8	2	59	4576	595	425	36	4006	4134	430	0	0	0	0	1	-174	-6	5	0
10	1	2	0	89	11	down	3	512	477.371182876333	816.784567755018	492.588197322886	614.536866808408	587.57388196541	1305.28569638297	596.714330875885	899.378666178161	512	512	35.4931317915568	56.8795798602207	-593.730444571257	688.51028667831	260	81	6	7	158	219	214	15	6	58	4525	566	497	44	4131	3996	421	0	0	0	0	2	-107	-10	5	0
10	1	2	0	90	10	down	0	512	453.983118901016	700.431569626607	461.841764598846	533.820920769138	541.066231191336	1106.49765666947	547.260843067037	756.307891625252	512	512	29.8586092798332	51.6319940869449	-593.913871215206	688.935368353644	277	81	2	5	147	252	184	12	4	60	4173	474	419	54	4018	3934	378	0	0	0	0	0	-62	-5	5	0
10	1	2	0	90	10	down	1	512	506.670036597263	1077.10473858471	486.892195084257	609.676733881361	604.347863985392	1569.70430366027	571.864395321512	868.334198352552	512	512	41.6605499329685	54.7989315923702	-593.619403647732	688.252532563209	269	78	4	13	148	251	181	22	5	53	4101	483	473	63	4212	4228	439	0	0	0	0	0	-20	-5	7	0
10	1	2	0	90	10	down	2	512	429.242505769457	554.067491802957	446.51218193232	478.699845908601	555.23138280665	1130.2000983341	554.07361011881	757.44034733729	512	512	22.759479004673	51.5006388395937	-593.766973432048	688.594628373177	274	90	0	2	146	251	194	12	5	50	4109	508	444	59	4216	4090	400	0	0	0	0	1	-116	-7	4	0
10	1	2	0	90	10	down	3	512	483.206031261019	898.918047440393	471.022266048204	562.805404523395	558.561686037277	1138.01517828835	559.943865532703	775.923342212183	512	512	43.0946729310563	51.699213033156	-593.782026049359	688.629440003147	261	85	3	9	154	249	199	12	2	50	4095	485	475	65	4119	4158	375	0	0	0	0	0	-22	-5	5	0
10	1	2	0	91	9	down	0	512	479.4147150382	847.938884704477	479.570608197914	580.517932834361	603.339733366636	1524.27857893523	597.16654334737	929.967275252661	512	512	27.519356065618	54.4274309683527	-593.804888414344	688.682624339008	278	72	6	8	148	267	178	21	7	39	3730	458	389	31	4226	4192	444	0	0	0	0	0	-73	-4	5	0
10	1	2	0	91	9	down	1	512	487.35192929477	905.857294351652	479.099978714651	576.267269763468	561.518153875409	1040.64135115922	591.355782567673	854.491164003766	512	512	29.0512191523934	53.627009337168	-593.900117774674	688.903375524156	261	82	3	9	157	235	219	9	5	44	3660	513	400	35	4104	4090	396	0	0	0	0	2	-122	-7	5	0
10	1	2	0	91	9	down	2	512	509.53023652758	1086.34066241374	488.804641193074	624.726037440329	569.415788003526	1191.85863713647	585.379558963502	868.837266684974	512	512	38.9591949922719	55.8633358551229	-593.738234881217	688.527897019735	260	82	3	13	154	241	200	13	10	48	3683	443	442	40	4260	4237	400	0	0	0	0	1	4	-6	5	0
10	1	2	0	91	9	down	3	512	492.208063915708	803.70075733146	490.332561528128	577.864556514749	604.952742356645	1537.66572648875	585.956871540443	886.514544399543	512	512	36.7736573562537	49.6257108971848	-593.744667096566	688.542637799009	270	62	1	6	173	247	189	21	3	52	3694	466	419	29	4269	4251	421	0	0	0	0	1	-41	-5	5	0
10	1	2	0	92	8	down	0	512	461.238440460079	749.624031302159	457.550013733131	524.480745662528	588.792729016036	1233.65243911783	593.564855868032	862.757531413691	512	512	31.7630839511164	46.7564231134542	-593.765843783975	688.591813330048	272	82	4	6	148	225	223	13	5	46	3327	388	352	29	4202	4268	412	0	0	0	0	0	-46	-4	4	0
10	1	2	0	92	8	down	1	512	447.831122903199	685.235112650073	454.213336856997	516.277882271783	570.760319816976	1097.190357292	575.614201304464	788.23276348363	512	512	26.8868870681849	50.5031674550477	-593.756298004258	688.569662748814	286	79	4	5	138	226	226	10	2	48	3310	381	354	51	4270	4167	429	0	0	0	0	2	-71	-6	5	0
10	1	2	0	92	8	down	2	512	485.201965951642	972.829352034885	463.683872777313	547.414327840375	577.84235914197	1249.28347631223	577.314564050795	819.930333667171	512	512	26.6720678348185	49.6658649623804	-593.777682756829	688.619296601821	263	90	3	11	145	230	209	14	4	55	3339	398	320	39	4210	4276	393	0	0	0	0	3	-116	-5	4	0
10	1	2	0	92	8	down	3	512	440.288070586013	712.337107821553	439.009379073219	475.801681157596	610.213202190412	1380.6848133127	607.768162399794	927.718691167331	512	512	24.9168098434191	49.2674743970408	-593.728325576267	688.505237332377	277	94	4	6	131	215	227	16	6	48	3294	406	355	41	4180	4190	458	0	0	0	0	2	-78	-6	4	0
10	1	2	0	93	7	down	0	512	421.054994952565	632.42268521199	428.164694012704	454.437420514722	597.237480770716	1350.10254330409	592.579908949839	874.422420032722	512	512	26.0797611205626	52.2093643974908	-593.77277926427	688.608119147703	304	87	4	5	112	238	211	16	3	44	2885	362	317	20	4253	4239	407	0	0	0	0	3	-78	-4	5	0
10	1	2	0	93	7	down	1	512	436.161426133826	743.353958048025	431.728078932648	470.490415760349	574.118966937285	1135.40543146189	597.674236900143	875.779985266117	512	512	30.4797692958025	56.0278477949352	-593.763829041683	688.587346158627	268	105	8	7	124	229	220	11	6	46	2867	388	291	38	4121	4336	397	0	0	0	0	6	-101	-5	4	0
10	1	2	0	93	7	down	2	512	434.021626064143	707.643097467679	438.732946518849	486.360996009823	612.649823326337	1517.92870295357	600.314781551403	905.525755263885	512	512	32.4897950777835	53.4654552849662	-593.817963363573	688.713004060973	267	106	1	6	132	240	202	20	3	47	2936	352	276	20	4184	4342	401	0	0	0	0	2	-72	-4	3	0
10	1	2	0	93	7	down	3	512	442.620406471329	757.29409464025	431.772102863153	467.723630484742	632.794761670725	1490.357541562	640.701517008388	1033.70275332823	512	512	24.8465119027562	53.0613125995158	-593.772996916454	688.608876327007	264	104	5	7	132	210	233	18	10	41	2862	366	318	38	4205	4339	410	0	0	0	0	6	-48	-6	5	0
10	1	2	0	94	6	down	0	512	445.566711036017	762.683009160652	439.278935593589	489.29807469008	583.859580068844	1258.01562726052	591.790891192084	867.4269200577	512	512	25.4806389966009	51.7534152623599	-593.792772649106	688.654343781631	265	102	3	7	135	232	212	14	5	49	2480	291	277	24	4414	4313	456	0	0	0	0	2	-28	-4	5	0
10	1	2	0	94	6	down	1	512	414.817967285702	637.112716791623	423.479963275416	452.671189410117	616.805884633532	1459.1872475403	608.300913142496	926.531705541233	512	512	23.5044379938711	52.2355503976869	-593.863213745506	688.817890788295	274	112	0	5	121	225	219	18	5	45	2436	336	270	30	4300	4314	444	0	0	0	0	2	-86	-5	4	0
10	1	2	0	94	6	down	2	512	430.144205206952	623.455512510706	431.533342175328	449.324094912859	624.483712021661	1475.60498992675	609.878331736844	904.801508687442	512	512	20.1483850014219	52.8613146758499	-593.819083228011	688.715404097771	278	93	4	4	133	219	228	18	3	44	2460	310	267	35	4335	4314	436	0	0	0	0	1	-54	-4	5	0
10	1	2	0	94	6	down	3	512	446.219186878516	761.998307403452	441.184065000045	490.332251744878	582.592062581647	1282.30874545441	584.528236811943	853.042486730509	512	512	19.8737497952138	48.0330636038056	-593.757660129019	688.573068981235	269	99	3	7	134	255	199	15	3	40	2510	279	258	25	4409	4338	427	0	0	0	0	1	-10	-5	3	0
10	1	2	0	95	5	down	0	512	399.270849659139	499.877682643566	415.77358040644	417.214019039809	606.565751346655	1439.80675606729	597.711235878753	895.065540803686	512	512	8.64926378811672	47.0026742489397	-593.706114135483	688.453407899378	279	107	4	2	120	227	209	18	8	50	2038	250	243	29	4400	4193	421	0	0	0	0	10	-17	-4	4	0
10	1	2	0	95	5	down	1	512	436.775394813198	703.812493545044	433.02378140999	456.093128497017	569.118966937285	1090.4320392572	593.903513530259	869.005616502541	512	512	20.6167069066925	50.7285583939351	-593.702416676667	688.444759449701	286	92	1	6	127	233	221	10	4	44	2078	237	219	26	4367	4409	415	0	0	0	0	7	-32	-4	3	0
10	1	2	0	95	5	down	2	512	458.753148887583	787.425807358746	453.920939960647	512.648006151129	609.31952009571	1547.16905452901	590.839947238251	890.562650681364	512	512	20.8470804931288	46.1820104803963	-593.757974187663	688.573524965618	260	96	2	7	147	238	193	21	7	53	2079	262	194	25	4370	4347	395	0	0	0	0	6	-75	-5	3	0
10	1	2	0	95	5	down	3	512	438.139180208211	721.157958307029	437.085227617291	481.198236959678	584.3772808404	1362.08612965473	579.863441858104	864.2264867999	512	512	22.9267802749814	50.1551800323265	-593.822555378324	688.723339277369	246	114	7	6	139	243	195	17	3	54	2072	261	196	31	4323	4382	402	0	0	0	0	7	-63	-3	4	0
10	1	2	0	96	4	down	0	512	434.875728030392	671.566379701748	439.002688581348	490.960197914201	626.181752680715	1617.38059063345	607.413086957992	949.963698487839	512	512	30.3749151434018	53.4514756945587	-593.789861627497	688.647793570049	271	99	1	5	136	230	207	22	1	52	1669	171	184	24	4320	4564	414	0	0	0	0	2	5	-3	4	0
10	1	2	0	96	4	down	1	512	420.067190880699	566.881673812864	427.528985102468	438.034369277339	589.838293832592	1264.91983919738	604.662900698769	896.364177973483	512	512	19.7208439935645	55.3579725024036	-593.784708252896	688.635800127552	290	90	1	3	128	240	214	14	4	40	1686	161	181	20	4349	4341	447	0	0	0	0	3	23	-6	3	0
10	1	2	0	96	4	down	2	512	450.652815670389	766.72735273172	444.915027338979	499.143356026227	607.102705699774	1470.69366880552	600.560133501147	909.113992598038	512	512	23.3947251821835	48.8027162478959	-593.716468072793	688.47747877833	271	93	7	7	134	245	201	19	3	44	1652	211	164	21	4258	4382	442	0	0	0	0	4	-53	-3	3	0
10	1	2	0	96	4	down	3	512	435.556547762573	812.501182339856	425.349737336558	463.545067702856	570.884931614474	1132.22671852448	587.170450393525	840.413031457281	512	512	11.3753501302819	52.3831989482368	-593.821428866258	688.720732408906	276	110	3	9	114	226	220	11	4	51	1672	189	167	20	4465	4200	450	0	0	0	0	6	-31	-4	3	0
10	1	2	0	97	3	down	0	512	441.526171218202	789.879457873816	429.240666912759	462.901886687875	641.585004928218	1644.48791149568	623.983114463489	972.813042256679	512	512	3.52167892925109	51.7555057440578	-593.833890980434	688.749794062947	270	106	2	8	126	226	219	22	2	43	1252	141	126	17	4391	4254	473	0	0	0	0	19	-33	-3	3	0
10	1	2	0	97	3	down	1	512	446.747050923516	689.195205088785	447.927224235705	503.806058385468	555.050083229788	1034.2839252844	575.661572376325	797.715405643532	512	512	12.7376791059727	48.7181813846589	-593.784079846175	688.634354494489	273	88	4	5	142	229	219	9	1	54	1204	173	136	23	4406	4332	452	0	0	0	0	25	-31	-3	3	0
10	1	2	0	97	3	down	2	512	436.468410473512	779.17967698871	433.285338139036	495.745184722295	617.496867639157	1534.46795564919	613.640737866557	974.02274693915	512	512	5.59434957543586	52.7147013572624	-593.813138055851	688.701641960358	273	107	4	8	120	219	212	20	5	56	1210	165	146	15	4361	4405	463	0	0	0	0	19	-37	-3	2	0
10	1	2	0	97	3	down	3	512	429.740952959449	657.18411299849	428.333849343243	450.527263589152	602.679240181345	1363.17527403241	601.432110680347	892.79502604247	512	512	9.63533718483449	51.9569593785067	-593.794326725093	688.657645079599	282	95	3	5	127	224	217	16	8	47	1203	173	142	18	4446	4446	427	0	0	0	0	32	-37	-3	4	0
10	1	2	0	98	2	down	0	512	448.502852327261	759.588547355597	442.455338412913	495.341016382955	583.407657384771	1355.5703832661	573.051022938733	814.821763543016	512	512	18.1828677819355	50.3201047874026	-593.732597340369	688.514907052141	281	89	5	7	130	253	190	17	4	48	805	130	71	18	4464	4599	461	0	0	0	0	23	-71	-3	2	0
10	1	2	0	98	2	down	1	512	436.852409139451	670.412940038202	436.285085056608	475.697979255315	657.102705699774	1846.42315897427	618.050514635711	976.004764784149	512	512	8.56860202443882	47.0782238705963	-593.757573983435	688.572832251605	278	92	4	5	133	229	203	27	5	48	814	89	110	11	4412	4464	443	0	0	0	0	7	23	-2	3	0
10	1	2	0	98	2	down	2	512	441.717634068508	671.919810275587	436.544777639591	460.947720495244	583.216194534464	1251.17083389094	593.230459032977	864.709430557685	512	512	13.6743680438141	52.3711976050401	-593.816074977039	688.70864837066	297	78	0	5	132	246	207	14	4	41	847	94	79	4	4486	4558	449	0	0	0	0	10	-19	-2	2	0
10	1	2	0	98	2	down	3	512	403.387330837881	497.432887621318	414.011748635733	406.439265360135	628.187850644782	1551.50032984405	615.716391709798	938.65272079471	512	512	2.18381717521137	45.8479559724249	-593.831699971	688.744603798078	299	91	5	2	115	225	220	20	1	46	847	96	76	5	4376	4353	402	0	0	0	0	7	-26	-2	2	0
10	1	2	0	99	1	down	0	512	427.562645726639	619.592097816096	430.250997102721	443.164278275067	655.260799661658	1631.65509989737	640.720472217789	1017.0134968393	512	512	9.10679974500348	49.0831345547115	-593.846492164669	688.778886649419	279	95	2	4	132	227	234	21	1	29	427	37	42	6	4491	4437	445	0	0	0	0	42	-3	-2	2	0
10	1	2	0	99	1	down	1	512	421.103665389136	642.734000548864	424.691395325164	446.839127672589	665.07842711947	1720.86574218916	657.592441235297	1082.23202271114	512	512	-3.28452314986966	41.7111304106699	-593.837275985248	688.757784429848	283	101	2	5	121	222	232	23	3	32	420	49	40	3	4460	4313	443	0	0	0	0	50	-7	-2	2	0
10	1	2	0	99	1	down	2	512	398.330643058518	465.690546658763	419.051844430501	423.507713067379	665.500932948535	1688.01119951411	673.002359955805	1126.48277044811	512	512	8.16374008647516	50.2243840330895	-593.773004646071	688.608555303206	273	108	3	1	127	209	237	22	11	33	405	64	38	5	4453	4572	451	0	0	0	0	66	-24	-2	2	0
10	1	2	0	99	1	down	3	512	411.017560754765	556.607617652802	417.874524024182	426.203585975815	653.610356473848	1632.42627698934	648.39198808199	1046.95663506369	512	512	13.9612680430454	48.8575990948643	-593.780964491413	688.626921383426	277	104	3	3	125	216	235	21	4	36	407	58	42	5	4409	4613	436	0	0	0	0	62	-22	-2	2	0
10	1	2	0	100	0	dwell	0	512	401.142172552263	575.808057535263	397.78741175772	393.502580751543	0	0	0	0	512	512	-12.0392424675282	47.6466197275192	-593.815303284385	688.706856924744	277	115	3	4	113	0	0	0	0	0	0	0	0	0	4660	4440	388	0	0	0	0	0	0	0	0	0
10	1	2	0	100	0	dwell	1	512	406.170516441945	614.179228016541	397.092929269529	381.840589312623	0	0	0	0	512	512	2.97275104071346	54.3742680641425	-593.970450860227	689.066466571863	290	107	3	5	107	0	0	0	0	0	0	0	0	0	4523	4523	427	0	0	0	0	0	0	0	0	0
10	1	2	0	100	0	dwell	2	512	396.151262860381	597.389425467846	399.368687402928	396.268555655391	0	0	0	0	512	512	-3.09312507199436	51.0338219389607	-593.849813578043	688.78672358743	287	115	6	5	99	0	0	0	0	0	0	0	0	0	4472	4571	470	0	0	0	0	0	0	0	0	0
10	1	2	0	100	0	dwell	3	512	409.837220867266	630.068813929353	412.323473291216	449.484970380637	0	0	0	0	512	512	-2.12300559006516	56.3328655498548	-593.593789503152	688.192812573643	265	119	6	5	117	0	0	0	0	0	0	0	0	0	4730	4712	469	0	0	0	0	0	0	0	0	0
10	1	2	0	100	0	dwell	4	512	429.232342496012	767.969920246203	418.540610228456	457.391266394672	0	0	0	0	512	512	13.2778229238458	47.8529835129142	-593.892165469029	688.885124236489	273	113	2	8	116	0	0	0	0	0	0	0	0	0	4426	4589	417	0	0	0	0	0	0	0	0	0
10	1	2	0	100	0	dwell	5	512	390.787590741332	529.847973359921	396.150841923244	385.531995652261	0	0	0	0	512	512	2.38455024703657	46.503630388085	-593.742298716356	688.537392225339	260	129	4	3	116	0	0	0	0	0	0	0	0	0	4495	4726	460	0	0	0	0	0	0	0	0	0
10	1	2	0	100	0	dwell	6	512	414.635594743515	673.405398408406	409.531011616484	425.827918783941	0	0	0	0	512	512	9.34911158025001	48.5815029711293	-593.783434792069	688.632901351241	269	118	3	6	116	0	0	0	0	0	0	0	0	0	4505	4498	434	0	0	0	0	0	0	0	0	0
10	1	2	0	100	0	dwell	7	512	383.665971287885	434.024906935397	393.165953253201	372.871808216267	0	0	0	0	512	512	6.89458461020816	50.5325137085854	-593.676340297795	688.384248617525	287	109	5	1	110	0	0	0	0	0	0	0	0	0	4682	4676	460	0	0	0	0	0	0	0	0	0
10	1	2	0	100	0	dwell	8	512	397.034781681639	607.778788960416	399.807874156635	405.423418260885	0	0	0	0	512	512	0.100141528125484	47.6724659632945	-593.811538687931	688.698012381698	271	126	2	5	108	0	0	0	0	0	0	0	0	0	4648	4712	447	0	0	0	0	0	0	0	0	0
10	1	2	0	100	0	dwell	9	512	387.965897974142	448.329125482959	395.969049071933	378.911067199904	0	0	0	0	512	512	4.06075411731403	53.3812598265604	-593.820536238962	688.719063154954	271	116	5	1	119	0	0	0	0	0	0	0	0	0	4508	4606	459	0	0	0	0	0	0	0	0	0
10	1	2	0	100	0	dwell	10	512	405.191802678197	652.24840828436	404.480411383093	421.2288969199	0	0	0	0	512	512	-0.174015772302976	48.3264600068374	-593.719680659022	688.484855179787	278	118	6	6	104	0	0	0	0	0	0	0	0	0	4533	4605	448	0	0	0	0	0	0	0	0	0
10	1	2	0	100	0	dwell	11	512	394.721699377886	563.695859954455	396.158589518967	403.22832028112	0	0	0	0	512	512	5.4231786741607	46.9837565935489	-593.767416358148	688.595804158757	275	119	8	4	106	0	0	0	0	0	0	0	0	0	4536	4601	497	0	0	0	0	0	0	0	0	0
10	1	2	0	100	0	dwell	12	512	412.187737368819	548.800515905467	414.423430375496	409.408085382747	0	0	0	0	512	512	0.488071176091052	44.4011259027253	-593.972452954892	689.071488485688	300	89	2	3	118	0	0	0	0	0	0	0	0	0	4510	4466	395	0	0	0	0	0	0	0	0	0
10	1	2	0	100	0	dwell	13	512	407.245498113509	654.804062234281	412.134085837124	444.496354328803	0	0	0	0	512	512	-11.4951904753723	52.8424638912737	-593.880178592882	688.85716465544	281	115	5	6	105	0	0	0	0	0	0	0	0	0	4648	4427	464	0	0	0	0	0	0	0	0	0
10	1	2	0	100	0	dwell	14	512	417.984078590379	703.190311843465	417.472487781908	462.792946858758	0	0	0	0	512	512	5.94991605169476	46.724447798284	-593.850043616343	688.787483558061	295	103	3	7	104	0	0	0	0	0	0	0	0	0	4545	4512	444	0	0	0	0	0	0	0	0	0
10	1	2	0	100	0	dwell	15	512	407.802779013517	554.302962528127	412.189518157387	416.498801288711	0	0	0	0	512	512	7.08272101824211	50.5484872651365	-593.926598865159	688.965010035132	265	112	8	3	124	0	0	0	0	0	0	0	0	0	4345	4504	435	0	0	0	0	0	0	0	0	0
10	1	2	0	100	0	dwell	16	512	426.603185544455	658.588551487282	417.932061308094	429.837040142251	0	0	0	0	512	512	-11.4162996263568	51.6414220976174	-593.872321579243	688.839055400597	266	107	4	5	130	0	0	0	0	0	0	0	0	0	4557	4483	474	0	0	0	0	0	0	0	0	0
10	1	2	0	100	0	dwell	17	512	392.29416855008	493.059946041476	395.287641226952	381.593480502053	0	0	0	0	512	512	16.6057474630839	46.7660910438016	-593.791984563924	688.652505163297	264	120	8	2	118	0	0	0	0	0	0	0	0	0	4468	4662	460	0	0	0	0	0	0	0	0	0
10	1	2	0	100	0	dwell	18	512	391.487664055075	523.461715487366	396.86862603333	382.612327420369	0	0	0	0	512	512	-8.93945334739476	45.4885711216993	-593.803239756862	688.678650190079	276	118	5	3	110	0	0	0	0	0	0	0	0	0	4605	4414	436	0	0	0	0	0	0	0	0	0
10	1	2	0	100	0	dwell	19	512	401.563605416002	601.131329853288	395.564074520124	387.924553921966	0	0	0	0	512	512	-11.885408744525	49.8760592592864	-593.748059397018	688.55075581549	301	103	4	5	99	0	0	0	0	0	0	0	0	0	4633	4538	448	0	0	0	0	0	0	0	0	0
10	1	2	0	100	0	dwell	20	512	413.685224869449	667.81692542314	408.301922891293	421.42578273289	0	0	0	0	512	512	-2.50497473217306	42.5326755469667	-593.877776218242	688.85122468724	278	113	3	6	112	0	0	0	0	0	0	0	0	0	4595	4549	433	0	0	0	0	0	0	0	0	0
10	1	2	0	100	0	dwell	21	512	381.900006610696	466.34109072748	390.506573249373	372.035206350752	0	0	0	0	512	512	8.34004980652055	46.391184212402	-593.677938642033	688.388252028231	286	114	7	2	103	0	0	0	0	0	0	0	0	0	4601	4571	482	0	0	0	0	0	0	0	0	0
10	1	2	0	100	0	dwell	22	512	405.05810057258	513.522031998994	407.380428175662	414.166528400727	0	0	0	0	512	512	-17.8640944273169	49.2337850993738	-593.891183907926	688.882591795994	264	110	10	2	126	0	0	0	0	0	0	0	0	0	4691	4349	478	0	0	0	0	0	0	0	0	0
10	1	2	0	100	0	dwell	23	512	380.288070586013	543.130893276175	388.480776564507	376.54475410441	0	0	0	0	512	512	11.6380975415354	44.4250046465083	-593.806284630596	688.685849488263	273	133	2	4	100	0	0	0	0	0	0	0	0	0	4424	4588	500	0	0	0	0	0	0	0	0	0
10	1	2	0	100	0	dwell	24	512	396.6507830157	531.241760467217	400.539659756794	394.667314906537	0	0	0	0	512	512	3.68214222620345	49.7281977646613	-593.717461309496	688.479553656179	282	112	1	3	114	0	0	0	0	0	0	0	0	0	4561	4669	437	0	0	0	0	0	0	0	0	0
10	1	2	0	100	0	dwell	25	512	432.859466792881	766.018695695367	424.357308319059	458.963506367005	0	0	0	0	512	512	1.17392306128393	52.3302203548855	-593.801774461402	688.675107401674	287	100	6	8	111	0	0	0	0	0	0	0	0	0	4443	4574	449	0	0	0	0	0	0	0	0	0
10	1	2	0	100	0	dwell	26	512	416.795721360087	651.94554078499	414.111286704254	456.563117957745	0	0	0	0	512	512	4.22178024809148	47.8232536609991	-593.776402268135	688.61647765615	244	128	4	5	131	0	0	0	0	0	0	0	0	0	4655	4809	444	0	0	0	0	0	0	0	0	0
10	1	2	0	100	0	dwell	27	512	411.036814336328	631.645754115525	407.823519050771	413.078969714564	0	0	0	0	512	512	26.9580731294565	54.641770910157	-593.788544680148	688.644721476609	268	117	4	5	118	0	0	0	0	0	0	0	0	0	4387	4807	438	0	0	0	0	0	0	0	0	0
10	1	2	0	100	0	dwell	28	512	390.249563422887	520.056836289776	396.911866977868	387.998951701374	0	0	0	0	512	512	8.89641171899989	42.3094593650576	-593.770420820947	688.60238004399	279	117	5	3	108	0	0	0	0	0	0	0	0	0	4517	4659	468	0	0	0	0	0	0	0	0	0
10	1	2	0	100	0	dwell	29	512	404.491729364453	584.523803097559	405.741805339318	408.197356935541	0	0	0	0	512	512	-8.57325228431885	46.6846725687382	-593.708895311311	688.459881983323	270	117	3	4	118	0	0	0	0	0	0	0	0	0	4615	4433	477	0	0	0	0	0	0	0	0	0
10	1	2	0	100	0	dwell	30	512	400.201965951642	578.676353080138	399.880469497071	408.726923427022	0	0	0	0	512	512	21.6236818746572	50.7611903371069	-593.759781260046	688.577859717408	267	122	3	4	116	0	0	0	0	0	0	0	0	0	4529	4723	454	0	0	0	0	0	0	0	0	0
10	1	2	0	100	0	dwell	31	512	397.696347832256	562.48255275145	398.016420611034	392.666564238482	0	0	0	0	512	512	-17.9331272493025	46.2820581800085	-593.798599711522	688.667681888351	293	107	4	4	104	0	0	0	0	0	0	0	0	0	4644	4427	471	0	0	0	0	0	0	0	0	0
10	1	2	0	101	1	up	0	512	428.349896640081	625.318486496518	428.399933681638	447.313505799344	645.222292498531	1576.88259241563	651.224394727292	1055.75739810628	512	512	12.7610391544976	50.8976837710997	-593.816777724191	688.710200240424	264	102	7	4	135	229	229	20	4	30	418	52	40	2	4454	4693	403	0	0	0	0	53	-12	-2	2	0
10	1	2	0	101	1	up	1	512	462.850376484762	858.164601992488	449.286943440034	514.598234823134	615.145278172278	1451.50165610213	626.618290769884	985.631570048715	512	512	10.2001845139709	46.3974546426772	-593.752383342636	688.560925048121	273	91	6	9	133	233	213	18	8	40	412	40	56	4	4508	4536	468	0	0	0	0	44	8	-2	1	0
10	1	2	0	101	1	up	2	512	429.347863985392	773.480345075772	424.979635156973	466.004101307016	645.097680701033	1578.8484471222	653.174668811908	1056.40449175483	512	512	23.2186624048608	47.2327579550171	-593.758943576675	688.576077319436	259	121	4	8	120	217	229	20	11	35	404	52	50	6	4369	4632	461	0	0	0	0	56	-6	-2	2	0
10	1	2	0	101	1	up	3	512	389.875728030392	526.114047181389	404.704199767886	408.237495990515	694.22432515322	1989.78059724415	670.7722382018	1154.26837909926	512	512	2.55604643509547	51.1229869055469	-593.800978648707	688.673433517219	267	126	2	3	114	206	228	29	6	43	400	55	52	5	4501	4440	437	0	0	0	0	58	-5	-2	2	0
10	1	2	0	102	2	up	0	512	430.221219533205	775.386332242886	424.579304207975	463.705368856661	668.552595729158	1764.59124118861	638.11183910523	1005.38837925668	512	512	15.4984955850927	49.2278673805417	-593.754120808584	688.564682555325	258	121	4	8	121	211	230	24	9	38	786	133	90	15	4436	4627	408	0	0	0	0	21	-57	-3	3	0
10	1	2	0	102	2	up	1	512	395.739993270087	432.301195561248	413.001661037945	405.620628745115	608.657953945093	1407.13491749895	630.074932482476	1025.02199654408	512	512	2.67274325515057	47.3198487828556	-593.728485610818	688.505392301166	260	115	1	0	136	228	215	17	8	44	835	91	85	13	4436	4417	398	0	0	0	0	8	-21	-4	2	0
10	1	2	0	102	2	up	2	512	448.071256190077	836.974801096467	432.841292744741	488.877697602549	681.872735686341	1928.06041567207	649.526211310738	1095.46253506676	512	512	27.7408380896942	52.1036876776117	-593.797240917233	688.664813832121	264	107	7	9	125	220	220	28	4	40	836	104	77	7	4386	4550	435	0	0	0	0	9	-25	-3	3	0
10	1	2	0	102	2	up	3	512	401.756141231635	499.157945911974	416.125482659084	419.922318338907	601.642765672908	1361.43381035577	612.772487271715	939.595672100067	512	512	15.1723558974828	49.4672488020916	-593.711289334166	688.465452615183	291	98	3	2	118	223	216	16	9	48	792	124	94	14	4450	4596	433	0	0	0	0	17	-34	-3	3	0
10	1	2	0	103	3	up	0	512	435.575801344136	665.153514033878	436.311930974271	470.045658205426	575.192875643523	1271.26351220238	574.593453991116	827.498773581671	512	512	8.95481653815287	49.3067254690851	-593.801425354262	688.674478071443	283	89	6	5	129	253	195	15	2	47	1260	147	114	15	4506	4468	443	0	0	0	0	22	-45	-4	3	0
10	1	2	0	103	3	up	1	512	431.391396147259	656.412935906517	440.481384088903	480.48539752252	562.189883299471	1077.96596213039	576.801640470739	811.621889422465	512	512	19.2320360584314	56.053546722864	-593.84347064843	688.772040910935	293	88	0	5	126	238	216	10	1	47	1257	154	111	14	4348	4467	435	0	0	0	0	24	-42	-2	3	0
10	1	2	0	103	3	up	2	512	463.387330837881	889.024906935397	449.82648331183	526.886615182216	654.10880366384	1735.56950598019	625.768138461242	999.255752734917	512	512	2.75044732954978	52.9913926942115	-593.727174421488	688.502341536571	287	86	5	10	124	228	217	24	3	40	1243	156	124	13	4424	4428	435	0	0	0	0	27	-42	-3	3	0
10	1	2	0	103	3	up	3	512	450.047937299135	798.792537698558	436.379762581375	476.070968127566	602.275987933843	1433.98591384519	599.916572401978	927.334102794158	512	512	9.35212630736868	48.1355769185352	-593.828230250367	688.736664872452	279	93	5	8	127	228	208	18	4	54	1222	169	127	18	4350	4437	427	0	0	0	0	29	-59	-3	2	0
10	1	2	0	104	4	up	0	512	455.26881700445	846.356618827556	438.350943906925	494.795458024608	626.220259843842	1545.09766658551	612.48516194928	936.373654501278	512	512	10.261091680273	46.6587441984761	-593.759886776281	688.578572650552	270	98	7	9	128	232	216	20	1	43	1658	215	155	20	4432	4362	415	0	0	0	0	5	-76	-3	3	0
10	1	2	0	104	4	up	1	512	449.367117566955	769.050637444801	443.34702790876	494.296322216613	580.855514759466	1249.89810812065	582.318688881886	836.074210567907	512	512	15.6974232680657	47.8244391145772	-593.875334648722	688.846077712818	266	99	2	7	138	242	208	14	2	46	1656	213	157	22	4432	4391	442	0	0	0	0	3	-68	-3	2	0
10	1	2	0	104	4	up	2	512	430.652815670389	586.807176117666	446.089964307063	483.951766897307	567.592062581647	1221.4728241044	575.445975816771	824.630046112809	512	512	5.40087660233545	49.2791952416933	-593.764049562064	688.587823009706	283	86	3	3	137	255	193	14	3	47	1617	233	172	26	4361	4270	417	0	0	0	0	6	-90	-4	3	0
10	1	2	0	104	4	up	3	512	418.599120235077	679.608503202084	418.967045013385	446.328230475992	630.029756682898	1618.02005500693	607.605639142067	919.92842775054	512	512	17.6574911042347	50.6885491910174	-593.810878738098	688.696112759518	272	114	1	6	119	239	204	22	5	42	1680	189	158	21	4474	4423	481	0	0	0	0	4	-37	-3	3	0
10	1	2	0	105	5	up	0	512	441.699453452271	612.814721879147	444.870180138615	479.476524482654	610.510023256654	1408.02715592793	614.45595586652	956.774800027926	512	512	26.20186752319	48.5100635715759	-593.76259089259	688.584729419596	261	90	8	3	150	235	215	17	6	39	2038	252	247	23	4253	4333	431	0	0	0	0	7	-11	-4	4	0
10	1	2	0	105	5	up	1	512	465.47953343632	856.379676162373	450.107490205727	502.895054386102	598.484671711024	1420.08879043426	590.457975214491	874.92355669384	512	512	8.14084729061941	45.36502431865	-593.752779002768	688.561666298832	292	79	1	9	131	245	199	18	4	46	2067	257	208	28	4393	4353	439	0	0	0	0	6	-52	-4	3	0
10	1	2	0	105	5	up	2	512	444.193835332886	752.81382393481	437.737792869753	484.656881800383	638.024731684158	1567.47416688922	623.05214973548	978.933412365486	512	512	15.9791951016372	49.3141630788079	-593.828121187906	688.736309569951	279	93	6	7	127	219	225	20	8	40	2063	259	214	24	4335	4310	456	0	0	0	0	5	-53	-3	3	0
10	1	2	0	105	5	up	3	512	471.401559420704	876.514939341367	456.990829649979	526.379953723021	624.348936950718	1543.27815475317	604.368295964587	913.021313088654	512	512	22.5216992845004	49.5113894020721	-593.902594848309	688.909110026951	270	89	0	9	144	226	215	20	4	47	2039	272	217	32	4171	4369	424	0	0	0	0	10	-84	-4	5	0
10	1	2	0	106	6	up	0	512	444.597087580388	719.111831242341	445.825085004429	500.59480209803	598.763312161028	1351.32382871401	602.995067191025	913.544422662007	512	512	19.0523969775942	50.4090829706631	-593.723533746571	688.493802540216	279	90	3	6	134	241	211	16	3	41	2459	305	279	29	4399	4398	412	0	0	0	0	0	-11	-3	4	0
10	1	2	0	106	6	up	1	512	466.747050923516	832.086557968476	455.622720526955	519.403512907619	558.868670376963	1173.81428943372	575.693580102171	836.105291824724	512	512	31.1442125563342	50.7919040970505	-593.72607756474	688.499627565834	269	88	3	8	144	250	194	13	2	53	2469	292	285	26	4201	4336	417	0	0	0	0	3	-28	-4	3	0
10	1	2	0	106	6	up	2	512	413.944611737889	598.124690299515	422.885522580455	434.574669282236	614.655921290404	1414.9930106345	611.804130654991	923.809438342298	512	512	8.84959197166801	46.8568909822894	-593.841189320844	688.766692168517	275	107	3	4	123	239	219	17	2	35	2486	309	244	33	4335	4215	432	0	0	0	0	5	-95	-4	4	0
10	1	2	0	106	6	up	3	512	474.510982946016	844.630683250988	463.277230015699	535.986737504997	572.861612723533	1205.2107497156	580.633453748536	835.024407240112	512	512	30.0130550330879	53.3992146494072	-593.703322072391	688.44682626153	269	82	4	8	149	229	210	13	5	55	2417	329	288	38	4430	4401	407	0	0	0	0	2	-65	-4	4	0
10	1	2	0	107	7	up	0	512	436.612275852573	666.894977710521	438.267855482458	471.967260268054	598.571849310721	1321.06175019352	597.059595529533	862.025673416	512	512	19.2715744008175	52.5338402448118	-593.850443656454	688.788072432885	284	88	5	5	130	230	221	15	1	45	2894	338	321	31	4258	4203	413	0	0	0	0	4	-19	-4	4	0
10	1	2	0	107	7	up	1	512	448.906104574763	837.052849252163	442.666482177315	500.4343587449	586.048050575099	1304.09101876837	594.260613946015	896.549042023496	512	512	21.809355736287	49.4805104938454	-593.77694830247	688.617693502259	269	104	5	9	125	220	215	15	2	60	2810	419	320	35	4383	4285	439	0	0	0	0	5	-114	-4	5	0
10	1	2	0	107	7	up	2	512	462.044944955084	793.386340506257	451.467741707406	501.639337062647	595.903112230711	1453.28080726933	586.004791360182	865.589840769245	512	512	43.3219813365183	51.8666278199473	-593.723212174078	688.493390336048	260	94	1	7	150	242	194	19	3	54	2909	362	280	33	4149	4311	485	0	0	0	0	0	-88	-3	5	0
10	1	2	0	107	7	up	3	512	437.245498113509	702.365041874949	435.891830896428	471.6401512979	606.171589407271	1428.95042989863	606.380048570836	913.618620681695	512	512	27.3022084103194	50.6785658757949	-593.706945400261	688.455249116919	289	89	3	6	125	253	201	18	5	35	2866	353	318	47	4235	4204	408	0	0	0	0	7	-54	-6	3	0
10	1	2	0	108	8	up	0	512	431.747050923516	628.359283738773	444.675154198041	490.150900394518	601.546497765091	1356.85065892956	604.538134699266	913.196634142141	512	512	41.8397057814708	48.5679753849612	-593.769736228406	688.600956677577	273	95	4	4	136	236	213	16	6	41	3349	351	353	43	4067	4362	406	0	0	0	0	0	-2	-4	4	0
10	1	2	0	108	8	up	1	512	423.311389476954	541.461723750736	433.586082868505	445.209922112235	593.859580068844	1310.93358793552	595.839753646572	861.780394492957	512	512	26.9673125422505	55.2048822572171	-593.920222466239	688.949959339291	278	91	2	2	139	232	215	15	4	46	3305	417	341	33	4196	4046	394	0	0	0	0	2	-81	-5	5	0
10	1	2	0	108	8	up	2	512	460.844278520695	924.071470577199	443.255439325449	515.910989678869	576.383378804467	1169.17704513097	588.879872341566	844.72840809605	512	512	38.3753630415625	56.0366219908818	-593.717366671782	688.479597867375	282	96	2	11	121	246	213	12	2	39	3311	387	362	36	4297	4305	392	0	0	0	0	0	-41	-4	4	0
10	1	2	0	108	8	up	3	512	421.421885967593	517.645770642265	438.802088732187	470.162029023681	572.909210194778	1199.53580139556	590.867858835149	868.072707617387	512	512	43.1557314589253	46.3992652820781	-593.807691029857	688.688952046623	240	111	6	1	154	245	206	13	2	46	3290	411	361	34	4110	4230	412	0	0	0	0	0	-63	-4	4	0
10	1	2	0	109	9	up	0	512	469.223252187894	801.840884833979	470.475426812188	557.455118499278	612.458360476031	1487.66662443309	599.108059654195	912.26184996469	512	512	37.5824479842719	51.6289014241062	-593.78904172516	688.645604443303	267	84	2	7	152	229	212	19	1	51	3735	456	369	48	4114	4345	415	0	0	0	0	3	-98	-5	4	0
10	1	2	0	109	9	up	1	512	450.470443128201	691.880347554783	461.862931592091	519.366815633001	559.118966937285	1037.54068637751	577.893894492777	795.560281060753	512	512	25.3084565033556	48.8251685074275	-593.827621387135	688.735338182023	282	80	3	5	142	237	219	9	1	46	3745	449	370	44	4252	4065	399	0	0	0	0	1	-99	-5	4	0
10	1	2	0	109	9	up	2	512	490.249563422887	863.879462005501	482.336449418149	575.734317013552	638.926431121652	1636.9154031876	616.600797548894	954.086843772202	512	512	52.8030122191253	57.6330420327133	-593.737796963532	688.526817294683	287	60	2	8	155	231	214	22	4	41	3760	446	366	36	4153	4250	426	0	0	0	0	2	-64	-5	6	0
10	1	2	0	109	9	up	3	512	463.800746358828	752.586780388718	473.584692289497	567.197254016444	658.283045587272	1884.15486508207	619.217714721425	1016.4496920331	512	512	33.1950643630287	52.17470632529	-593.752994659268	688.562251693547	276	78	3	6	149	233	200	28	1	50	3804	414	354	36	4199	4258	464	0	0	0	0	2	-101	-5	5	0
10	1	2	0	110	10	up	0	512	458.023658718831	747.3459839728	455.992487645806	517.7537271379	564.26175935102	1250.73978347515	552.346692646746	762.296097908512	512	512	44.0800321323822	60.8853986780758	-593.680493811809	688.394155138428	264	89	5	6	148	257	185	15	3	52	4163	497	412	48	4160	4252	392	0	0	0	0	0	-121	-4	5	0
10	1	2	0	110	10	up	1	512	443.925358156326	755.924691125852	445.114084725422	501.169908975469	571.220259843842	1198.47903947612	572.481246746066	820.426299331488	512	512	25.8842530529822	47.7220852292033	-593.697479420819	688.433458116011	272	98	5	7	130	240	206	13	3	50	4155	513	408	44	4094	3977	393	0	0	0	0	1	-106	-6	5	0
10	1	2	0	110	10	up	2	512	453.013495445387	768.026686297332	449.433253218523	505.820896721113	524.358027258837	969.566836937287	539.63203084937	715.004801972533	512	512	41.3885803460159	52.8658742201126	-593.870923037038	688.835457647193	279	87	5	7	134	256	185	9	4	58	4157	487	433	43	3936	4038	414	0	0	0	0	0	-54	-5	5	0
10	1	2	0	110	10	up	3	512	458.177687371338	680.600092549746	463.633723667611	523.486919900241	556.430976275712	1131.77703852028	559.304936147269	776.755317068188	512	512	27.6243841432357	54.7322911015096	-593.773650419413	688.610496353271	256	87	3	4	162	254	195	12	3	48	4146	549	381	44	4061	4030	376	0	0	0	0	0	-195	-5	4	0
10	1	2	0	111	11	up	0	512	470.499859983209	732.936232188315	487.878460994265	598.095016410722	540.615381472589	997.679479358578	562.33441013145	766.496967843027	512	512	40.1023133279786	52.0123242619603	-593.773912318195	688.61052686585	262	77	6	5	162	256	198	9	2	47	4579	524	474	55	3919	3976	384	0	0	0	0	2	-92	-6	4	0
10	1	2	0	111	11	up	1	512	481.391396147259	920.949523690918	485.596213907374	603.208828363888	587.477614057594	1337.75797648644	577.98804313684	846.217491799975	512	512	31.3801311072438	49.9352668488463	-593.807750902246	688.689130728635	285	75	3	10	139	228	207	16	4	57	4533	570	477	52	4093	4015	374	0	0	0	0	2	-88	-6	6	0
10	1	2	0	111	11	up	2	512	484.338773677273	868.187231013561	488.557643563552	604.87420116873	602.659986599782	1399.35664774935	590.565027621733	862.3109471833	512	512	45.1415488725175	58.3238619067525	-593.798447393681	688.667475289955	253	85	4	8	162	229	214	17	2	50	4610	529	435	58	4037	4074	397	0	0	0	0	0	-119	-5	5	0
10	1	2	0	111	11	up	3	512	454.577833998825	734.047086984302	468.191396455529	544.611223120692	589.9051448854	1297.22759581039	583.26322435525	839.14577152687	512	512	34.4298494633144	51.9670360402224	-593.725958463781	688.499429124082	284	80	2	6	140	251	207	15	1	38	4570	533	473	56	4135	4117	392	0	0	0	0	2	-60	-6	5	0
10	1	2	0	112	12	up	0	512	515.124951625388	1016.7078458574	502.194666811917	624.603352197173	555.278980277895	1235.6914446031	537.209214510197	740.628241309483	512	512	42.110410249746	50.6340403842324	-593.575012853586	688.149331385238	279	59	1	11	162	255	178	15	5	59	4966	588	535	55	4157	3989	416	0	0	0	0	0	-57	-5	5	0
10	1	2	0	112	12	up	1	512	482.639660052892	932.811171418648	474.601965597704	576.194454377816	546.786631051969	1162.02493585719	547.367493987614	764.790779779055	512	512	33.2413225339646	49.2637067079735	-593.634366774024	688.287066176954	263	88	3	10	148	230	192	13	3	74	4942	638	515	49	4186	3986	404	0	0	0	0	0	-138	-6	4	0
10	1	2	0	112	12	up	2	512	471.315454786332	806.224477795317	474.788329749636	558.950448723779	563.685224869449	1313.20496265763	547.335646499064	765.18467791698	512	512	42.6408314224903	51.9425355575546	-593.833581724922	688.748890724168	264	84	3	7	154	270	167	17	8	50	4954	616	507	67	3996	3957	389	0	0	0	0	0	-95	-5	6	0
10	1	2	0	112	12	up	3	512	496.881825994459	849.029804312402	494.530465075335	585.984379529606	561.085484772899	1176.20541989317	550.966370621268	741.530585311465	512	512	44.8250867027362	58.0092045037388	-593.694364051058	688.426279008011	266	65	1	7	173	255	195	13	0	49	4959	609	515	61	4146	4019	405	0	0	0	0	0	-101	-6	6	0
10	1	2	0	113	13	up	0	512	499.84738414071	966.512286825206	492.625983581608	617.024413826824	516.383378804467	888.751320405929	527.856803023282	670.156744906435	512	512	47.7113840725758	53.7989356176469	-593.817374905543	688.711552409573	254	82	1	10	165	246	192	7	5	62	5368	638	592	58	3959	3918	359	0	0	0	0	1	-53	-8	5	0
10	1	2	0	113	13	up	1	512	478.474508437579	813.778356514988	485.709316984939	578.582453606145	532.362092568214	1022.71096387247	536.754245797916	702.256781220346	512	512	54.3967953216021	56.0240742504133	-593.697564646389	688.433679279477	276	72	1	7	156	250	190	10	1	61	5326	661	601	68	4111	4110	428	0	0	0	0	0	-84	-5	5	0
10	1	2	0	113	13	up	2	512	508.56061307195	968.632013640754	499.970020921937	613.956811310951	512.362092568214	916.87504252246	520.05051854515	651.494680721714	512	512	37.7654217524563	49.4467711928564	-593.756530271486	688.570557138836	278	59	5	10	160	250	184	8	3	67	5413	636	550	57	4066	3880	407	0	0	0	0	0	-83	-5	5	0
10	1	2	0	113	13	up	3	512	527.649823326337	1123.77570399883	507.640025381509	651.383777597663	528.100673045085	1010.23468433633	527.123424840782	675.994254478792	512	512	50.961222212791	49.6102116668653	-593.909269479325	688.924509562386	244	79	3	13	173	260	182	10	3	57	5379	655	567	55	3948	3953	388	0	0	0	0	0	-122	-6	5	0
10	1	2	0	114	14	up	0	512	466.046977609773	727.279913456681	482.385151918368	582.015884550716	520.471516093527	967.072825757075	531.185219003627	703.371728651641	512	512	61.2914250591106	59.4941842446317	-593.85850766825	688.806610258036	261	82	3	5	161	249	186	9	2	66	5808	689	610	61	3916	3975	374	0	0	0	0	0	-84	-7	7	0
10	1	2	0	114	14	up	1	512	491.785558086643	873.530908150241	497.73597836741	630.917411233122	524.646830982285	835.147780687812	541.476208403838	693.270788390604	512	512	63.0121161856616	58.4039703029912	-593.716681541576	688.477971973854	267	70	6	8	161	241	212	5	1	53	5831	637	644	56	3920	3923	383	0	0	0	0	0	3	-6	6	0
10	1	2	0	114	14	up	2	512	516.353961949459	953.504749327095	513.780794610248	653.032042600899	505.710576415079	1042.01693699186	502.967570147708	642.206084621962	512	512	54.6601334568861	57.595487088262	-593.810175539514	688.694419047985	262	60	4	9	177	268	155	12	0	77	5863	670	570	65	3921	3949	392	0	0	0	0	0	-118	-7	7	0
10	1	2	0	114	14	up	3	512	452.927390811015	660.707401016919	471.889555227291	547.704449910546	540.298233859458	1138.72736512678	528.991812306432	700.557016553958	512	512	70.4190148145393	57.740729749654	-593.699764182555	688.438744188543	281	75	3	4	149	258	177	13	3	61	5763	722	616	67	3793	4108	411	0	0	0	0	0	-103	-6	6	0
10	1	2	0	115	15	up	0	512	511.478573746957	980.623149884562	515.329951565645	682.491959987021	530.797754014776	982.579700126146	536.727512880116	704.737833564375	512	512	50.5497187903385	52.3016831836253	-593.758433102316	688.574614349127	262	67	5	10	168	253	192	9	2	56	6237	753	630	60	3931	3728	377	0	0	0	0	0	-160	-6	6	0
10	1	2	0	115	15	up	1	512	494.165491443204	875.757515119219	496.375267591037	613.524456840472	578.532269182269	1382.68878382357	556.313864488589	798.287311550495	512	512	64.7937874960205	58.1806316452557	-593.852308311921	688.792300426478	274	65	3	8	162	253	181	18	5	55	6311	705	611	53	3932	3980	346	0	0	0	0	1	-99	-8	5	0
10	1	2	0	115	15	up	2	512	504.146237861641	890.692770861181	497.603741388109	599.449960471837	588.416747692889	1430.09631966901	553.196351975615	773.009450213491	512	512	57.3676121755467	51.5447467262666	-593.785395380899	688.637435985397	279	55	2	8	168	267	180	19	2	44	6242	770	602	66	3697	3843	356	0	0	0	0	0	-190	-5	5	0
10	1	2	0	115	15	up	3	512	489.20399860633	869.640885660316	500.522741594229	643.520925415044	533.263792005709	1055.04355305054	540.559658230406	732.340453826537	512	512	38.6599969832568	53.620431760618	-593.787518812051	688.642168379696	264	73	8	8	159	258	181	11	4	58	6200	815	597	68	3974	3753	396	0	0	0	0	0	-255	-7	5	0
10	1	2	0	116	16	up	0	512	448.73389530602	585.305631571029	475.07939720206	548.024041652246	517.390436457896	955.246213003738	532.613842679758	703.77438908863	512	512	65.5599467104729	52.6444845835655	-593.864343501437	688.820485139726	269	76	8	2	157	263	178	9	3	59	6626	795	688	83	3797	3750	342	0	0	0	0	0	-132	-7	7	0
10	1	2	0	116	16	up	1	512	489.069223535388	974.422697607046	482.362258526404	584.173172331213	495.682232525397	847.45286412623	511.157700808373	640.354333723895	512	512	60.1857701705648	64.2515410856493	-593.656341591383	688.338014378416	275	80	2	11	144	263	172	7	3	67	6620	811	686	75	3962	3809	387	0	0	0	0	0	-130	-7	6	0
10	1	2	0	116	16	up	2	512	480.528203872891	816.307402669593	486.526506300151	579.19228125537	509.761279506339	875.00231509949	522.762959848816	665.487352775227	512	512	58.7116481614061	56.6458485420308	-593.753532210178	688.563578292587	275	70	4	7	156	252	185	7	5	63	6617	734	767	74	3928	3714	399	0	0	0	0	0	38	-8	7	0
10	1	2	0	116	16	up	3	512	504.501892637898	973.858628873102	499.664178584809	625.517723710829	563.321552750399	1216.55264749035	549.528356312799	749.416053882921	512	512	53.5674801204055	60.0137505876088	-593.829144105742	688.739041239678	255	78	1	10	168	251	192	14	2	53	6611	791	697	93	3808	3739	375	0	0	0	0	0	-85	-6	6	0
10	1	2	0	117	17	up	0	512	519.300266514147	995.949095377174	515.973418051389	673.430120561781	543.09050977164	1210.86217107023	535.786178317203	747.485833045075	512	512	68.3527042359308	57.7380404707676	-593.760846722781	688.580428450528	259	64	3	10	176	267	166	15	3	61	7107	839	684	74	3761	3794	352	0	0	0	0	0	-196	-8	5	0
10	1	2	0	117	17	up	1	512	516.881825994459	1028.94998092646	511.130680626287	664.645284133758	531.478573746957	1086.45907123458	530.864067944093	711.117728125997	512	512	50.1655008277885	54.4815560036901	-593.71018697879	688.462814976564	254	72	5	11	170	262	174	12	3	61	6996	862	760	86	3907	3700	389	0	0	0	0	0	-151	-7	6	0
10	1	2	0	117	17	up	2	512	508.983118901016	1084.10562826568	494.569225238554	622.106087096287	514.290103240702	942.492326847034	527.90955850709	698.132389770552	512	512	68.910398958038	65.9524689237606	-593.784550939546	688.6353382806	265	80	1	13	153	278	169	9	5	51	7032	867	728	77	3665	3763	389	0	0	0	0	0	-165	-7	6	0
10	1	2	0	117	17	up	3	512	519.799786669465	1077.99654869994	506.863001492159	655.965416911338	553.302299168836	1199.76284494165	552.729458362538	787.651866461415	512	512	51.9795180727592	54.4124530903763	-593.742370838686	688.537479584693	234	86	6	12	174	248	184	14	5	61	7042	840	727	95	3787	3707	382	0	0	0	0	0	-164	-7	6	0
10	1	2	0	118	18	up	0	512	495.00033982789	1024.05728939363	487.507647918513	620.708988999443	511.373215531022	983.569493585133	521.963816544838	676.824256110186	512	512	65.6854780550481	54.156820195318	-593.883358236661	688.864671285377	263	86	5	12	146	257	171	10	3	71	7502	892	755	67	3738	3691	368	0	0	0	0	0	-176	-6	7	0
10	1	2	0	118	18	up	1	512	491.536334491647	914.624480274328	503.551471226294	653.072335101258	520.894021922593	1008.40896952733	530.646205069504	710.800046496423	512	512	63.0204449141966	56.6714082776352	-593.611271476719	688.233588869939	255	82	5	9	161	240	186	10	0	76	7450	898	774	94	3791	3756	390	0	0	0	0	0	-165	-7	7	0
10	1	2	0	118	18	up	2	512	492.227317497272	841.630246673875	506.942617067275	652.949912620515	552.131049589455	1302.77658541642	536.513035889867	743.813025284755	512	512	76.8114248500204	61.1121308798885	-593.860134341767	688.810443771742	257	71	9	7	168	254	167	17	4	70	7456	887	786	87	3723	3693	373	0	0	0	0	0	-144	-7	6	0
10	1	2	0	118	18	up	3	512	486.680199870708	905.641330500799	481.569032732935	580.619966245221	578.187850644782	1323.9659579987	567.385742896539	838.22359486235	512	512	69.6946653265651	64.090286812314	-593.809992456079	688.694074612929	262	83	0	9	158	221	201	16	7	67	7430	925	787	74	3828	3729	350	0	0	0	0	0	-170	-6	5	0
10	1	2	0	119	19	up	0	512	474.598160545714	671.466172155573	504.277059355099	613.307425899833	519.770369814457	994.501643707079	514.586080010072	648.814876570747	512	512	87.1747223005334	67.4952823865913	-593.776837419235	688.617319717736	258	70	3	3	178	262	174	10	5	61	7881	878	892	77	3664	3881	345	0	0	0	0	0	39	-5	7	0
10	1	2	0	119	19	up	1	512	514.991249519772	952.118940426708	517.755792823032	657.139311564612	523.139180208211	892.978368083706	532.218720100228	671.373035582168	512	512	61.0362921810002	57.5198189617504	-593.736452648101	688.523649965594	261	62	3	9	177	266	192	7	1	46	7800	992	832	104	3712	3646	373	0	0	0	0	0	-208	-8	7	0
10	1	2	0	119	19	up	2	512	547.29416855008	1109.36372801192	553.014897796294	774.614572045441	529.43504158509	1055.30475428512	525.915796838156	699.618606012748	512	512	67.7841850221239	59.7464210553915	-593.71437404661	688.472649265104	268	45	5	12	182	244	184	11	3	70	7897	901	844	86	3887	3723	361	0	0	0	0	0	-84	-6	8	0
10	1	2	0	119	19	up	3	512	506.594095236336	867.04931945009	518.017451332623	652.421196358276	524.531309492906	977.832474181641	542.424836800946	743.200542831898	512	512	68.3565791934529	59.8407609885693	-593.744481592207	688.542523406316	260	61	3	7	181	235	191	9	7	70	7834	983	815	96	3701	3817	374	0	0	0	0	0	-223	-6	5	0
10	1	2	0	120	20	up	0	512	449.126984280077	617.284341203091	466.700997226111	531.348772029748	481.296201204769	821.159733537278	481.327075250022	560.185926063665	512	512	77.8915332339944	59.6657330105819	-593.67242896872	688.375339349891	284	72	3	3	150	269	160	7	2	74	8296	1035	813	96	3655	3934	420	0	0	0	0	0	-281	-5	5	0
10	1	2	0	120	20	up	1	512	458.762239195702	891.062606821007	454.660143863815	537.771898005911	490.557620727899	878.609405278106	487.950256176937	586.0329129557	512	512	89.6672689675769	73.5772296501789	-593.85030446561	688.787902982592	266	103	4	10	129	255	167	8	2	80	8270	929	940	101	3657	3761	374	0	0	0	0	0	1	-7	6	0
10	1	2	0	120	20	up	2	512	509.079386808832	1051.60674036689	488.771943767922	614.871360791809	525.17362206196	1116.93933780833	518.931008037787	705.027318059007	512	512	74.3999673985789	56.6949788280951	-593.705542631349	688.452159503247	252	82	7	12	159	246	168	13	7	78	8321	993	845	81	3725	3655	361	0	0	0	0	0	-183	-7	7	0
10	1	2	0	120	20	up	3	512	464.481566091008	819.410719967469	458.09445144091	518.275269284519	464.194908298212	689.332243498029	486.887890087099	577.735760530102	512	512	72.49439620728	64.1805834672891	-593.724083374602	688.495096048051	289	77	3	8	135	258	165	4	4	81	8232	1014	898	96	3759	3752	365	0	0	0	0	0	-172	-8	8	0
10	1	2	0	121	21	up	0	512	517.380273184452	1057.98234685795	501.99986596722	629.43511071262	544.799786669465	1043.50209681093	558.231821512178	762.721891006985	512	512	92.3971174490133	64.5305257402644	-593.817027187272	688.710476545676	274	64	2	12	160	246	198	10	5	53	8764	1003	890	95	3516	3669	325	0	0	0	0	0	-161	-7	7	0
10	1	2	0	121	21	up	1	512	507.918300502897	940.718052398415	511.469753368262	657.345824273662	531.162499099152	1021.1340236863	539.495238983733	721.904484016938	512	512	63.5320275003793	62.1030316462202	-593.616536110209	688.24560426435	259	68	4	9	172	247	189	10	3	63	8659	1102	895	96	3808	3538	425	0	0	0	0	0	-247	-8	7	0
10	1	2	0	121	21	up	2	512	482.332675713206	859.9566287436	484.963517788384	581.633446462978	542.553555418521	1068.83557153829	550.454518756464	742.665152618255	512	512	78.0933960425959	57.3726298193912	-593.81332160782	688.702142999717	266	79	2	8	157	265	187	11	1	48	8746	1007	907	92	3659	3589	333	0	0	0	0	0	-122	-10	5	0
10	1	2	0	121	21	up	3	512	526.920333157586	1046.6404490832	514.087099204924	658.036506430714	551.018633720091	1053.92427107548	564.003017093333	770.622722332069	512	512	94.4003782751441	64.8607268676055	-593.798551907888	688.66796176549	252	66	5	11	178	248	203	10	3	48	8689	979	975	109	3654	3701	378	0	0	0	0	0	-18	-6	8	0
10	1	2	0	122	22	up	0	512	485.096607735707	827.527361821427	489.689906934612	583.103785750403	544.559653382588	1225.31450772228	528.300866241896	722.28440512376	512	512	68.9271852130245	60.7187807284655	-593.808078122448	688.689705710008	270	71	1	7	163	240	177	15	3	77	9086	1070	978	130	3699	3487	377	0	0	0	0	0	-84	-8	8	0
10	1	2	0	122	22	up	1	512	514.453222201327	1053.52070574091	499.115211341606	625.414481457163	489.291176206028	770.640453214888	503.574241847512	608.869117278573	512	512	74.6387931849114	58.9564481723409	-593.866447903052	688.825184395567	272	67	3	12	158	253	182	5	1	71	9193	1084	884	103	3659	3503	390	0	0	0	0	0	-212	-8	5	0
10	1	2	0	122	22	up	2	512	511.219186878516	1013.28656127382	501.855902585871	621.61100086249	491.776467778524	844.031579542652	509.110421428807	647.123579732782	512	512	81.3372059860029	63.3852956196081	-593.878722966519	688.85369523077	273	66	0	11	162	257	172	7	2	74	9168	1052	936	108	3523	3442	357	0	0	0	0	0	-156	-7	7	0
10	1	2	0	122	22	up	3	512	523.46541812946	1077.92647875116	511.717615535759	663.66597285821	540.720739688523	1142.98146957204	529.981984714348	706.659026628062	512	512	73.7470242818228	61.7045055397761	-593.901363545507	688.906392184238	250	74	4	12	172	249	180	13	4	66	9119	1096	940	109	3592	3480	359	0	0	0	0	0	-206	-10	6	0
10	1	2	0	123	23	up	0	512	512.092542426329	1052.2213721753	500.328131869697	632.264681013382	479.914235193519	707.653748849175	501.799065788963	597.854827109674	512	512	89.5445665143638	67.5677450234802	-593.64499887518	688.311909637931	264	73	5	12	158	277	170	4	3	58	9472	1167	1025	112	3493	3516	349	0	0	0	0	0	-198	-9	7	0
10	1	2	0	123	23	up	1	512	465.096607735707	684.636008941736	481.072997299843	555.179179803442	533.935521429771	1018.20408537172	537.92463763208	724.226742674625	512	512	101.357635639762	67.9134393338354	-593.744030908192	688.541138876848	274	71	2	4	161	261	184	10	6	51	9510	1147	1001	118	3480	3532	342	0	0	0	0	0	-163	-8	7	0
10	1	2	0	123	23	up	2	512	503.14827051633	1001.97214858031	498.167551952596	628.900616772048	559.645758016959	1282.30341976367	541.773754501785	753.909478245201	512	512	91.2892748469916	58.4000244331015	-593.762249727025	688.583868262653	264	76	4	11	157	250	180	16	2	64	9574	1146	958	98	3488	3510	338	0	0	0	0	0	-212	-8	6	0
10	1	2	0	123	23	up	3	512	507.102705699773	978.649316971079	505.074427283351	636.749001839584	508.100673045085	978.536233840989	517.859516703178	680.138162025693	512	512	93.8052266898603	74.3355781444944	-593.878072428819	688.851981426914	253	77	2	10	170	256	169	10	3	74	9544	1169	962	101	3519	3596	335	0	0	0	0	0	-218	-10	8	0
10	1	2	0	124	24	up	0	512	489.828130559147	838.556189687476	497.822301604965	610.884375909422	512.966970939468	921.891896880617	520.718724680392	659.62524479501	512	512	91.1441242869417	66.222069223767	-593.841510161212	688.767406491694	263	72	1	7	169	242	188	8	2	72	9934	1231	1026	97	3384	3532	326	0	0	0	0	0	-233	-9	8	0
10	1	2	0	124	24	up	1	512	544.156401135085	1147.85020582571	528.264730841251	705.114530741832	490.576874309462	842.481247151794	493.840663672436	590.315508554935	512	512	95.1329662370525	71.6662177743169	-593.850564319117	688.788679115739	252	62	3	13	182	258	172	7	0	75	9908	1232	1025	123	3455	3537	343	0	0	0	0	0	-276	-7	7	0
10	1	2	0	124	24	up	2	512	505.298233859458	935.000090897072	497.901107911042	608.153787928679	546.296201204769	1146.53224267169	541.882120648936	748.288674843839	512	512	96.2171846107317	64.3316307712777	-593.860068007484	688.810598687299	262	68	4	9	169	261	179	13	5	54	9990	1203	972	123	3389	3527	348	0	0	0	0	0	-292	-10	7	0
10	1	2	0	124	24	up	3	512	494.424878311645	917.258182379945	497.198937395442	625.031703836375	567.169556752582	1402.52248510285	534.396929800502	754.191676286467	512	512	93.0092185613901	67.0919465109201	-593.80161008772	688.674803351582	263	76	2	9	162	248	171	19	3	71	9998	1144	1022	124	3449	3467	346	0	0	0	0	0	-143	-7	8	0
10	1	2	0	125	25	up	0	512	452.601152889766	623.981016468182	478.700928827068	546.99371011848	564.128057245404	1186.15087804446	557.493297864385	774.7343392989	512	512	94.8521395619298	63.0733993343229	-593.740545579213	688.533410762359	281	71	4	3	153	239	200	13	5	55	10380	1204	1111	105	3404	3345	319	0	0	0	0	0	-123	-8	7	0
10	1	2	0	125	25	up	1	512	507.581899308203	932.616938644532	503.43743212013	618.034013666228	501.671109562589	862.813844593235	513.221403827654	634.610424520161	512	512	113.180338413117	68.5716748282966	-593.801996553953	688.675774021036	278	57	2	9	166	252	181	7	2	70	10416	1241	1032	111	3414	3591	338	0	0	0	0	0	-198	-9	6	0
10	1	2	0	125	25	up	2	512	477.82203259508	851.518489801866	483.13090779817	586.25461751715	538.52317887415	1030.35131792692	545.597877494397	744.659948449993	512	512	94.2126865561291	63.2062940028478	-593.772301888098	688.606911377847	268	81	2	8	153	255	192	10	2	53	10435	1243	1020	102	3400	3421	325	0	0	0	0	0	-268	-10	6	0
10	1	2	0	125	25	up	3	512	495.662978943834	809.470159193185	500.051959711327	595.086375003058	560.729829996642	1315.37215105932	544.171668085533	761.870272066941	512	512	83.5931318172847	65.2175964955152	-593.786787182594	688.640831048062	268	60	3	6	175	255	171	17	7	62	10328	1277	1084	111	3421	3284	360	0	0	0	0	0	-267	-7	8	0
10	1	2	0	126	26	up	0	512	467.02569137352	689.184125393546	482.396155526472	561.664701931777	546.987184210394	1221.81295078058	531.571265329616	719.810097808047	512	512	84.3445411286597	59.785619468932	-593.768314203336	688.59762162827	269	72	4	4	163	255	172	15	5	65	10865	1240	1101	106	3429	3181	333	0	0	0	0	0	-184	-9	7	0
10	1	2	0	126	26	up	1	512	507.457287510705	971.6648326761	508.353319355839	651.056244276363	499.952742356645	963.565943124635	507.693926173498	654.932548158739	512	512	99.5629414711164	66.9125681036327	-593.682917995512	688.399954456236	266	67	6	10	163	259	162	10	3	78	10767	1237	1182	126	3451	3460	342	0	0	0	0	0	-104	-7	7	0
10	1	2	0	126	26	up	2	512	499.309356822265	919.639110430066	496.060623686202	608.41624272372	527.02569137352	1043.72071317795	522.700711274229	680.842564713879	512	512	103.556523935708	68.0876230985852	-593.849473412408	688.786183546853	273	65	5	9	160	261	176	11	3	61	10807	1278	1102	125	3383	3378	338	0	0	0	0	0	-176	-9	7	0
10	1	2	0	126	26	up	3	512	456.545424799765	740.449750242845	475.365026228476	555.572105915939	551.046977609773	1269.68124632546	531.321124689586	734.379404442351	512	512	101.283519779417	72.7028281968977	-593.919426081305	688.948354962637	277	83	2	6	144	245	175	16	3	73	10780	1327	1089	116	3345	3401	318	0	0	0	0	0	-266	-10	7	0
10	1	2	0	127	27	up	0	512	517.534301836958	991.209847639579	517.302880902658	676.433638408154	522.814015252288	983.431149576234	527.190218691272	701.464328665511	512	512	101.137250135701	72.1691559172087	-593.824653864452	688.728287132835	262	63	4	10	173	221	198	9	2	82	11234	1351	1129	110	3267	3412	341	0	0	0	0	0	-288	-8	6	0
10	1	2	0	127	27	up	1	512	527.428943621023	1084.12958354483	513.119464970871	661.135407159547	520.192875643523	961.673708827346	526.0595549475	687.350341773275	512	512	105.65230110371	69.1650649936993	-593.821210728067	688.720274107009	253	70	2	12	175	253	180	9	9	61	11136	1337	1224	127	3279	3276	352	0	0	0	0	0	-155	-8	6	0
10	1	2	0	127	27	up	2	512	525.010503101335	1005.96417450508	516.927622720999	654.737452099089	512.755181542272	948.827144359208	512.907837674295	651.792252574224	512	512	92.9289670125413	65.2737689165538	-593.724967784186	688.497012833019	260	60	1	10	181	261	176	9	2	64	11209	1375	1128	112	3393	3364	337	0	0	0	0	0	-295	-10	7	0
10	1	2	0	127	27	up	3	512	503.503925292587	899.807633353205	514.011978157021	669.594384823347	546.401559420704	1254.80540915079	522.005395702437	698.770139662476	512	512	106.014931189827	69.3586563907407	-593.731191411725	688.511624808851	252	71	6	8	175	262	166	16	2	66	11171	1350	1187	116	3294	3281	302	0	0	0	0	0	-218	-9	7	0
10	1	2	0	128	28	up	0	512	501.210096570397	856.705193341241	515.281273465971	656.675994709007	522.765344815717	973.146442034676	523.267292281389	663.511028985828	512	512	119.055823970793	72.6473073137732	-593.812669767798	688.700560137563	263	63	3	7	176	246	190	9	0	67	11630	1324	1257	125	3183	3393	322	0	0	0	0	0	-127	-7	7	0
10	1	2	0	128	28	up	1	512	506.70854376039	967.766383007096	510.436050468389	654.418680333715	528.129016934766	1114.79875720196	520.747428579974	695.387374554943	512	512	105.03569043991	72.7405378627918	-593.797402776739	688.665228947634	275	63	3	10	161	265	165	13	4	65	11679	1343	1190	124	3319	3337	352	0	0	0	0	0	-204	-8	6	0
10	1	2	0	128	28	up	2	512	487.563718691966	730.673712959032	501.870437999761	604.604965300114	560.317487441021	1356.65685446919	530.299347117752	731.894015221539	512	512	102.701374229043	73.4393255508515	-593.705494771486	688.452277800767	254	67	3	4	184	245	172	18	3	74	11679	1362	1168	127	3469	3336	365	0	0	0	0	0	-228	-8	7	0
10	1	2	0	128	28	up	3	512	510.278980277895	1016.12824902338	502.292357866287	642.595979437964	499.953815321971	794.248441337841	522.089189372694	667.200650928849	512	512	100.441849530596	68.2767570589634	-593.691787849758	688.420205527587	259	74	4	11	164	238	194	5	3	72	11580	1433	1183	140	3367	3204	347	0	0	0	0	0	-299	-7	7	0
10	1	2	0	129	29	up	0	512	498.714641724457	848.968161542694	511.235826300247	638.874451769539	598.263792005709	1491.63557236462	563.111167814838	814.503239653741	512	512	111.069069256439	73.3360488281327	-593.671954998407	688.374089751271	270	60	4	7	171	246	190	20	2	54	12027	1446	1237	138	3313	3348	343	0	0	0	0	0	-218	-9	8	0
10	1	2	0	129	29	up	1	512	506.201006262279	872.179256938336	527.294740145725	672.31972657258	516.506917636639	1130.21383054551	505.97934108008	647.270018938847	512	512	112.785711500251	67.2403605511249	-593.725313712033	688.497702402686	249	69	1	7	186	271	152	14	0	75	12076	1442	1237	93	3168	3240	324	0	0	0	0	0	-221	-9	7	0
10	1	2	0	129	29	up	2	512	533.839253521955	1087.75840480019	533.605999859661	721.915451700225	507.208063915708	901.592110211151	512.112227699016	649.795243015691	512	512	118.742555779903	74.8690484363134	-593.814189786875	688.703791864726	270	55	1	12	174	266	175	8	2	61	11989	1414	1297	148	3245	3261	301	0	0	0	0	0	-152	-8	9	0
10	1	2	0	129	29	up	3	512	557.438033929141	1309.43822570712	535.10638466695	737.244279606385	501.833155557888	846.636449650535	517.74357365665	648.321264052441	512	512	112.093421203421	75.5592986574737	-593.684027249229	688.402136826405	259	63	4	17	169	287	167	7	4	47	11902	1487	1313	146	3230	3343	320	0	0	0	0	0	-223	-10	8	0
10	1	2	0	130	30	up	0	512	468.455254856016	871.126024820966	467.486031990722	561.416568895405	477.255661386953	885.411613780121	479.809710420445	580.887472874364	512	512	121.983121290563	78.7828811020671	-593.750986502117	688.557631474796	269	91	2	9	141	270	147	9	2	84	12433	1471	1295	161	3086	3245	349	0	0	0	0	0	-202	-8	8	0
10	1	2	0	130	30	up	1	512	456.948677047267	706.72114975506	462.434636514783	526.366850856345	516.133082244144	1062.10696278713	503.738739376934	661.660770536609	512	512	110.147934671668	77.2062381521888	-593.731422821445	688.512091038293	273	81	3	5	150	259	164	12	3	74	12399	1470	1344	147	3237	3080	308	0	0	0	0	0	-189	-12	9	0
10	1	2	0	130	30	up	2	512	472.255661386953	840.411613780121	466.554830572292	551.93414191304	490.442099238519	836.016941123543	492.665729310325	593.726676053444	512	512	128.004421149826	83.0751597473395	-593.702698689102	688.44562285317	270	83	4	8	147	269	166	7	3	67	12517	1422	1292	129	3079	3319	308	0	0	0	0	0	-198	-11	9	0
10	1	2	0	130	30	up	3	512	483.590029926958	901.317605078921	475.796900672986	582.174771049541	473.09050977164	766.378798876461	482.53429875671	569.155279852337	512	512	129.154579274311	84.4458313256116	-593.760198124556	688.579013050871	254	88	6	9	155	283	155	6	0	68	12426	1450	1347	137	3135	3198	334	0	0	0	0	0	-105	-11	8	0
10	1	2	0	131	31	up	0	512	461.987184210394	679.411617911806	486.661887650999	586.075486626081	547.572809000084	1114.73623714634	547.901118901942	740.353486618188	512	512	120.030504715431	87.5659215025345	-593.655138631135	688.33534110157	271	74	5	4	158	260	187	12	2	51	12777	1526	1409	160	3208	3241	328	0	0	0	0	0	-195	-11	10	0
10	1	2	0	131	31	up	1	512	516.420813002267	1059.92336899946	507.517131271316	654.386598310665	533.79165605071	1019.29588226555	547.88280414185	736.24431870835	512	512	124.29350396597	85.8369091617672	-593.675870213098	688.383146625548	265	70	3	12	162	258	185	10	6	53	12825	1574	1318	155	3152	3349	348	0	0	0	0	0	-327	-9	7	0
10	1	2	0	131	31	up	2	512	504.559653382588	902.476370433215	501.712277628542	616.356277878141	554.608323819159	1066.13137117014	568.153981258173	785.930778589157	512	512	110.539480423893	78.2869268436007	-593.899157011876	688.901168313833	252	71	4	8	177	231	210	10	6	55	12843	1523	1359	147	3168	2939	339	0	0	0	0	0	-199	-10	7	0
10	1	2	0	131	31	up	3	512	492.678167216019	987.557071105073	493.529341574507	629.081766514489	546.517080910083	1112.06750006633	550.731561452423	749.104102959701	512	512	120.805621925765	73.626644068754	-593.76578075187	688.591829039861	257	88	4	11	152	260	185	12	4	51	12806	1536	1375	155	3133	3120	285	0	0	0	0	0	-226	-8	8	0
10	1	2	0	132	32	up	0	512	535.278980277895	1166.93756257808	513.966872431627	663.239090425778	562.87979333977	1396.67503508543	533.309278279996	761.877635380236	512	512	127.436053297586	79.3230681041418	-593.75790652943	688.573418530301	255	70	4	14	169	245	169	19	3	76	13371	1504	1347	162	3166	3048	306	0	0	0	0	0	-137	-10	8	0
10	1	2	0	132	32	up	1	512	539.433968619763	1240.43156962661	525.877078050713	727.36406764022	496.036814336328	951.687890010916	495.029438666984	605.897711601061	512	512	132.269208552122	84.3371917640528	-593.6214506391	688.257078313539	261	69	9	16	157	272	155	10	2	73	13185	1613	1429	157	3159	3256	320	0	0	0	0	0	-230	-8	8	0
10	1	2	0	132	32	up	2	512	493.590029926958	917.180134224248	500.748289432987	630.398947858174	521.104738354462	928.405419066831	523.647012823803	663.723963301763	512	512	124.203102320068	85.5278333245464	-593.770158539855	688.602210675272	258	79	4	9	162	258	188	8	2	56	13223	1665	1342	154	3053	3245	289	0	0	0	0	0	-382	-12	8	0
10	1	2	0	132	32	up	3	512	503.819999940391	965.132680901479	501.210953973163	636.754519934515	514.991249519772	989.174371956387	516.819907999556	667.338087706232	512	512	116.81011060096	76.4383355287812	-593.799798430439	688.670842461871	267	69	6	10	160	257	173	10	4	68	13364	1584	1291	145	3140	3128	306	0	0	0	0	0	-332	-7	6	0
10	1	2	0	133	33	up	0	512	514.252669042902	956.65065149253	516.951432184731	664.192875692924	514.53023652758	983.092328499708	508.052038058953	628.974164700692	512	512	147.295091733038	97.2145074580163	-593.720288591458	688.485977351324	247	71	4	9	181	272	169	10	1	60	13725	1580	1438	153	3074	3157	314	0	0	0	0	0	-171	-8	10	0
10	1	2	0	133	33	up	1	512	494.817967285702	837.990774037026	512.764958752194	649.92740708744	493.158433789774	846.344661846405	503.385675575268	629.11957523779	512	512	134.689326602867	87.3552258033039	-593.932888701638	688.979121257199	278	57	6	7	164	257	173	7	2	73	13721	1566	1448	161	2933	3059	303	0	0	0	0	0	-133	-9	12	0
10	1	2	0	133	33	up	2	512	479.088477116951	848.294539480734	498.647000897566	621.340725091936	493.944611737889	910.222257724584	503.987102676725	654.55981589425	512	512	118.725044676414	74.8045183637203	-593.718532709377	688.482414310412	278	73	4	8	149	275	156	9	4	68	13722	1634	1400	140	3187	3039	346	0	0	0	0	0	-304	-9	10	0
10	1	2	0	133	33	up	3	512	454.587997272269	668.392992455085	473.201417842754	546.350878865759	560.653888635715	1179.45420277937	548.096968582174	745.948999849035	512	512	124.195741313632	78.0757697963725	-593.74444091765	688.542150456488	273	80	0	4	155	242	197	13	4	56	13775	1586	1391	144	3070	3043	307	0	0	0	0	0	-264	-8	6	0
10	1	2	0	134	34	up	0	512	517.313422131643	1099.81206109962	508.211307163015	657.612142148104	483.810909632273	829.770823148562	495.028313107929	614.060515121666	512	512	133.53009766425	84.7003686757828	-593.783739820897	688.633309854965	259	77	3	13	160	253	164	7	8	80	14008	1730	1503	167	2987	3014	306	0	0	0	0	0	-252	-9	10	0
10	1	2	0	134	34	up	1	512	512.658913634456	907.161953608011	513.587462068174	635.177101414129	518.446164547897	1069.1078524681	507.583843514936	646.715637376015	512	512	118.977254339435	72.4637797281142	-593.684428604541	688.40296978084	274	52	2	8	176	255	169	12	0	76	14097	1666	1487	158	3087	2953	288	0	0	0	0	0	-234	-9	8	0
10	1	2	0	134	34	up	2	512	529.703518761649	1052.19388709407	522.367114583843	690.398659649995	511.969003594157	884.922940685713	522.78674592122	672.652267706969	512	512	129.927965370728	81.849487982548	-593.671943877917	688.373942418383	251	65	4	11	181	239	192	7	4	70	14135	1617	1478	178	3048	3071	314	0	0	0	0	0	-135	-7	8	0
10	1	2	0	134	34	up	3	512	525.566711036017	1111.86261591071	511.065233391856	654.723444141119	507.150303171019	935.86572153073	508.537738012463	641.726029216383	512	512	140.415628697421	90.1114227140264	-593.756225717852	688.569616259088	265	68	1	13	165	265	168	9	6	64	14080	1646	1535	147	2994	3027	280	0	0	0	0	0	-151	-9	7	0
10	1	2	0	135	35	up	0	512	499.318447130384	875.027575978299	506.549964374707	638.140968209765	501.199933296953	959.441327195451	497.215969045472	611.228293558196	512	512	129.621512589543	85.5546620741433	-593.748900076018	688.552528851191	291	49	7	8	157	274	158	10	2	68	14523	1761	1493	143	3061	2974	317	0	0	0	0	0	-302	-9	8	0
10	1	2	0	135	35	up	1	512	510.059173537906	918.357529166949	515.6518904208	656.471923499005	523.330643058517	1071.48878051822	514.641861886293	665.270219580099	512	512	134.058904610454	83.6548782608749	-593.737558430986	688.526218179807	239	76	2	8	187	265	167	12	3	65	14553	1725	1466	176	3002	2982	295	0	0	0	0	0	-334	-10	7	0
10	1	2	0	135	35	up	2	512	477.313422131643	776.973923810555	490.26075197023	600.047914594889	564.079386808832	1361.16993594661	542.571484173725	769.20771620053	512	512	116.788039492191	73.1586262009102	-593.828529059247	688.737300710273	271	71	4	6	160	248	173	18	4	69	14428	1760	1572	160	2969	2948	285	0	0	0	0	0	-256	-10	9	0
10	1	2	0	135	35	up	3	512	499.079386808832	850.46705357317	508.983971005082	634.118846365662	498.426910966334	925.289226185041	501.576269160488	623.804075565752	512	512	137.591261996393	91.758582712585	-593.737557245314	688.526251314043	268	61	4	7	172	260	166	9	2	75	14345	1837	1564	174	2927	2930	276	0	0	0	0	0	-293	-12	10	0
10	1	2	0	136	36	up	0	512	509.424878311645	941.038672200279	513.715556097718	661.118830826356	504.012535756024	900.241336285159	508.301011914998	643.84983849545	512	512	133.567420402954	83.9487359129384	-593.818288389441	688.713606823934	267	63	1	9	172	257	176	8	2	69	15044	1800	1442	146	2821	2986	327	0	0	0	0	0	-375	-11	8	0
10	1	2	0	136	36	up	1	512	495.806844322895	808.378362299347	505.139550579856	608.170538323989	505.729829996642	968.780131745237	502.949549702274	626.238790914763	512	512	145.321365187252	89.6143553422726	-593.867640572394	688.828188786607	271	58	3	6	174	267	162	10	5	68	14963	1727	1558	184	2881	2887	304	0	0	0	0	0	-239	-9	12	0
10	1	2	0	136	36	up	2	512	526.248603733524	1046.42448523235	519.136923869928	665.339418606441	552.716674379146	1195.67326398686	534.538613978058	727.546414667507	512	512	141.1587211908	84.084537499398	-593.704222865741	688.44913649248	253	67	2	11	179	255	181	14	5	57	14932	1794	1537	169	2887	3060	288	0	0	0	0	0	-298	-9	9	0
10	1	2	0	136	36	up	3	512	510.940546428512	1007.91405213941	511.036500837174	655.075698230427	526.411722694148	1009.17792241689	522.185447596602	685.565625013613	512	512	141.803392616861	91.1711468835571	-593.707609140366	688.45692479883	281	60	3	11	157	255	182	10	4	61	14908	1748	1610	166	2904	2971	314	0	0	0	0	0	-209	-12	8	0
10	1	2	0	137	37	up	0	512	489.405624730082	834.2754774469	500.173100842174	625.920335744713	594.991249519772	1560.71317567984	557.549258804521	817.993144695452	512	512	143.908914993643	93.8560986099196	-593.763124681156	688.585540036261	268	68	4	7	165	237	180	22	4	69	15390	1828	1565	161	2819	2898	277	0	0	0	0	0	-315	-9	9	0
10	1	2	0	137	37	up	1	512	519.722772343212	963.147768292757	528.106710688902	686.017465972282	529.491729364453	1153.26660542734	512.811672112144	676.869432415782	512	512	153.296755139731	95.7001226303847	-593.795636193149	688.660816179916	254	63	3	9	183	266	162	14	2	68	15263	1891	1624	166	2839	2974	287	0	0	0	0	0	-260	-11	8	0
10	1	2	0	137	37	up	2	512	555.404665040719	1175.54777490345	546.661867547727	762.053323981094	501.834228523214	825.593889573086	501.642072148389	593.908591350555	512	512	139.268096391446	79.5951077032082	-593.778905161415	688.622164270616	230	67	5	13	197	258	185	6	0	63	15363	1797	1597	187	2935	2779	261	0	0	0	0	0	-249	-10	10	0
10	1	2	0	137	37	up	3	512	538.283045587272	1138.02625798359	527.041825682952	710.22357821007	501.334708367895	891.741554573715	511.084625939288	655.506294905057	512	512	135.058311430005	77.9423034029479	-593.757283187363	688.57206235862	253	66	2	13	178	263	170	8	5	66	15329	1890	1573	152	2837	2914	287	0	0	0	0	0	-375	-10	6	0
10	1	2	0	138	38	up	0	512	497.965897974142	919.180574933047	498.780595958709	614.717238888772	529.876800995718	1097.54156366342	514.173894150012	666.150209367737	512	512	160.473162037366	99.4002218828337	-593.863570625193	688.818611321482	271	68	3	9	161	230	184	12	4	82	15840	1832	1622	162	2759	2905	273	0	0	0	0	0	-265	-13	8	0
10	1	2	0	138	38	up	1	512	504.626504435396	971.839558575898	504.423259897857	632.267012400716	507.467450784149	906.010738146883	516.841934397607	668.1416396416	512	512	145.553639743696	92.242981675637	-593.832604077346	688.746844251325	259	75	2	10	166	255	178	8	4	67	15702	1912	1639	203	2784	2811	254	0	0	0	0	0	-279	-9	8	0
10	1	2	0	138	38	up	2	512	513.109763353203	978.924699389222	514.422932545094	662.877946086802	533.456327821342	1027.18103216859	527.787732657525	689.391820256634	512	512	146.993295795718	89.7009802093622	-593.734570490227	688.519238810871	274	59	3	10	166	240	192	10	5	65	15637	1988	1656	175	2834	2810	294	0	0	0	0	0	-366	-10	10	0
10	1	2	0	138	38	up	3	512	499.559653382588	857.50297822853	508.042854646873	628.690588468691	514.952742356645	913.208962090297	526.27293852558	682.463914070416	512	512	136.675284724916	87.3245461196636	-593.725630757572	688.498697769838	256	69	2	7	178	267	179	8	4	54	15671	1927	1670	188	2825	2747	281	0	0	0	0	0	-249	-11	9	0
10	1	2	0	139	39	up	0	512	537.304331823525	1064.90253586706	548.178782901389	763.292214146823	523.579866653514	1104.53267924881	513.105705355618	664.846005752947	512	512	162.120124954752	105.013219392095	-593.77084499611	688.603492317251	249	60	6	11	186	273	160	13	2	64	16317	1859	1631	161	2690	2898	301	0	0	0	0	0	-318	-9	9	0
10	1	2	0	139	39	up	1	512	529.761279506339	980.838236449503	540.00727473792	716.117072281655	513.234375150701	976.905629092018	508.968097173157	650.710965102362	512	512	129.178299083809	85.8452135125286	-593.767123391434	688.594905788215	252	57	3	9	191	278	164	10	4	56	16248	1920	1599	201	3015	2632	286	0	0	0	0	0	-368	-11	8	0
10	1	2	0	139	39	up	2	512	549.368190532281	1091.77748749245	552.150763216425	744.604309347113	497.457287510705	844.662616737052	502.403882840508	607.366096349797	512	512	154.354431396534	96.2095167528006	-593.694745348951	688.426935116277	237	60	3	11	201	278	169	7	1	57	16242	1901	1654	171	2795	2841	262	0	0	0	0	0	-276	-10	7	0
10	1	2	0	139	39	up	3	512	575.433008930401	1385.97437691441	550.666169076546	767.955280271639	516.267857315087	920.269719310723	517.690586844977	658.209633341648	512	512	154.991646235003	95.9134887565418	-593.728237992247	688.5048548243	239	68	0	18	187	252	183	8	8	61	16167	1872	1755	174	2862	2815	289	0	0	0	0	0	-175	-9	10	0
10	1	2	0	140	40	up	0	512	484.290103240702	932.039994326675	476.619477703345	576.535303027266	468.330643058518	724.896761204141	473.292531663086	540.345758444764	512	512	138.357714538298	83.7784739486392	-593.716339671779	688.477005662994	274	81	0	10	147	277	158	5	1	71	16654	1966	1667	193	2851	2795	295	0	0	0	0	0	-389	-9	8	0
10	1	2	0	140	40	up	1	512	449.030716372261	686.78544504093	463.659487328334	539.164807022219	445.365084912266	612.771259725676	458.428487669133	498.075366165251	512	512	168.598696591083	108.292094976462	-593.69914787878	688.437109994358	285	78	6	5	138	281	149	3	2	77	16580	1920	1785	195	2735	2814	262	0	0	0	0	0	-191	-12	8	0
10	1	2	0	140	40	up	2	512	497.543392145076	1026.09276507682	482.644801269936	606.965907433673	470.528203872891	763.416049789902	477.03003538293	570.052881262691	512	512	153.67007026652	95.8490210521502	-593.769577578201	688.600443121384	268	81	5	12	146	279	154	6	1	72	16589	1965	1754	172	2698	2749	278	0	0	0	0	0	-251	-12	9	0
10	1	2	0	140	40	up	3	512	461.833155557888	783.239548659854	463.979217089221	544.000586540749	489.347863985392	942.68655962115	481.076147452562	597.711477405238	512	512	145.305828071277	93.4880611559601	-593.777901698376	688.619868638802	279	81	4	7	141	263	151	10	6	82	16693	1968	1652	167	2734	2683	271	0	0	0	0	0	-373	-14	8	0
10	1	2	0	141	41	up	0	512	500.05810057258	886.508736364707	506.616688139764	636.521945208155	537.055108228528	1031.88524493179	545.42029161961	724.979752268979	512	512	150.069731451311	93.0785384104281	-593.881096320595	688.85940656313	272	62	3	8	167	245	194	10	3	60	17160	1980	1683	169	2771	2723	272	0	0	0	0	0	-347	-10	8	0
10	1	2	0	141	41	up	1	512	454.654848325078	663.618709743096	470.281883336667	524.476175384609	602.093615391655	1470.30520325729	576.474832688228	842.552103714271	512	512	161.602632316567	101.769509991138	-593.833273136951	688.748343100881	284	73	0	4	151	227	204	19	3	59	16900	2039	1866	187	2624	2663	261	0	0	0	0	0	-198	-11	11	0
10	1	2	0	141	41	up	2	512	505.768337159768	896.497207697299	520.582645820445	685.302318302741	566.796794325414	1128.06929182332	567.835112836083	786.269855424109	512	512	153.370596167148	101.332875879766	-593.681264469954	688.396302019987	269	59	5	8	171	223	220	11	1	57	16987	2066	1730	209	2667	2627	243	0	0	0	0	0	-408	-11	11	0
10	1	2	0	141	41	up	3	512	523.023658718831	1035.66306157754	517.073838826104	672.956844864734	543.272882313828	1174.51627386282	548.705839357988	776.945941975244	512	512	157.511725304672	98.4788981791729	-593.643197541267	688.307927907993	260	63	7	11	171	264	169	14	8	57	16971	2092	1712	217	2613	2681	260	0	0	0	0	0	-462	-12	11	0
10	1	2	0	142	42	up	0	512	554.367117566955	1231.95751842457	529.364090503556	703.701474163032	511.008470446646	870.904306965622	516.273369738528	638.182040400853	512	512	163.325493919499	105.161655417288	-593.673758865671	688.378615218373	262	56	3	15	176	271	182	7	0	52	17379	2053	1861	211	2722	2694	242	0	0	0	0	0	-257	-10	10	0
10	1	2	0	142	42	up	1	512	533.119926626648	1167.32825232873	517.275596253067	687.042389250063	494.9051448854	850.156636180633	510.416785545768	651.684655326635	512	512	154.634156225086	99.6499739260543	-593.802244906768	688.676562608684	247	77	3	14	171	255	175	7	2	73	17397	2122	1775	210	2660	2690	234	0	0	0	0	0	-406	-10	8	0
10	1	2	0	142	42	up	2	512	535.749083578205	1128.46128717362	520.945881005361	678.465031624559	518.849416795399	924.186349595964	521.409398928738	666.007431292431	512	512	152.613367058372	97.4832221112277	-593.817663958723	688.711890935463	266	60	1	13	172	259	186	8	2	57	17448	2094	1770	192	2658	2627	258	0	0	0	0	0	-335	-12	9	0
10	1	2	0	142	42	up	3	512	507.544465110402	946.775263290028	504.089233191704	625.161550555294	506.987184210394	973.13889214151	505.619115008506	633.897251265501	512	512	145.372071802646	97.4781466701396	-593.738560302293	688.528375243517	247	77	1	9	178	267	166	10	0	69	17400	2115	1804	185	2798	2646	274	0	0	0	0	0	-376	-9	7	0
10	1	2	0	143	43	up	0	512	487.735927960709	834.145988930822	501.266345252538	621.923593707907	525.538367146336	1081.38279830913	518.654401202915	690.441234000433	512	512	161.37223616648	101.352143345771	-593.757251199442	688.571667574739	262	73	4	7	166	248	173	12	6	73	17876	2112	1849	179	2677	2562	282	0	0	0	0	0	-315	-13	10	0
10	1	2	0	143	43	up	1	512	469.607250853833	767.185010942828	487.405101711947	593.63654324533	533.186777679456	1162.55396961674	523.229771631616	698.151059854518	512	512	153.73586930887	94.6313925188643	-593.835967098168	688.754589370859	264	81	4	6	157	258	167	14	3	70	17836	2178	1794	208	2667	2590	254	0	0	0	0	0	-493	-14	7	0
10	1	2	0	143	43	up	2	512	504.117893971959	786.128697995552	516.009286114974	625.865701491829	521.325618059777	1079.24444190517	510.321425746763	666.870106137244	512	512	163.906295163424	106.140251701153	-593.726078363914	688.499670557446	274	47	1	5	185	241	175	12	2	82	17795	2106	1913	202	2606	2646	252	0	0	0	0	0	-320	-9	10	0
10	1	2	0	143	43	up	3	512	508.714641724457	901.859514422385	514.23566974549	656.162181652539	493.311389476954	837.723369825793	502.683275937623	608.25044448169	512	512	170.378484168529	110.264393307325	-593.738000577472	688.527218142308	266	58	7	8	173	278	166	7	1	60	17968	2025	1835	188	2619	2615	262	0	0	0	0	0	-271	-8	10	0
10	1	2	0	144	44	up	0	512	501.545424799765	997.068377352239	511.664248357329	675.404852164689	518.206031261019	1065.58989014042	503.825361215757	639.447025381539	512	512	170.694181689063	107.236299679151	-593.94768592328	689.013750847171	269	74	4	11	154	261	166	12	1	72	18357	2151	1831	189	2560	2597	264	0	0	0	0	0	-385	-9	9	0
10	1	2	0	144	44	up	1	512	500.087517427588	895.892778298214	502.850314488582	614.508841145815	510.26881700445	970.616048963565	510.814631100482	655.94639001801	512	512	173.239419612124	105.869039367137	-593.758486979265	688.57517550094	252	75	2	8	175	282	161	10	3	56	18148	2287	1889	204	2518	2569	298	0	0	0	0	0	-447	-10	10	0
10	1	2	0	144	44	up	2	512	519.952742356645	995.264393619975	521.666775219263	680.154857529601	526.123991936026	1011.36151620456	523.911662346847	681.498858669981	512	512	175.17221389893	106.263241314151	-593.859054678772	688.808117525718	263	61	3	10	175	249	184	10	4	65	18156	2201	1935	236	2493	2528	259	0	0	0	0	0	-332	-12	9	0
10	1	2	0	144	44	up	3	512	495.154368480396	809.063064056546	509.709261301381	635.189684972666	537.562645726639	1201.60984185522	520.84285297975	710.461628614425	512	512	163.869472894149	98.2348036404776	-593.62745857558	688.271034487542	267	61	3	6	175	267	162	15	3	65	18195	2189	1933	211	2711	2563	224	0	0	0	0	0	-324	-9	9	0
10	1	2	0	145	45	up	0	512	497.985151555705	957.163279866092	500.095524927078	636.622480252073	520.308397132903	1004.31938857254	520.696437818338	669.212887434938	512	512	174.581066069085	112.308334332775	-593.836685808022	688.756255924289	266	75	3	10	158	247	183	10	0	72	18864	2147	1842	187	2472	2551	281	0	0	0	0	0	-321	-11	10	0
10	1	2	0	145	45	up	1	512	532.706511105701	1155.51804496138	528.892586583441	723.147122150047	521.526171218202	1064.92159376921	518.480457577076	667.994133818095	512	512	169.616924760101	104.442457769114	-593.747295513943	688.548758509757	270	62	5	14	161	274	163	12	2	61	18560	2300	1967	213	2555	2499	245	0	0	0	0	0	-369	-9	10	0
10	1	2	0	145	45	up	2	512	532.246571078835	1017.14732345227	532.328495582878	710.157202277015	517.111796007892	1061.09321404899	515.0969883961	682.72070392908	512	512	183.763781736731	113.71246002385	-593.782169339471	688.629945872814	256	55	7	10	184	267	163	12	1	69	18874	2100	1887	179	2411	2553	226	0	0	0	0	0	-247	-10	8	0
10	1	2	0	145	45	up	3	512	506.201006262279	909.2080806727	511.574247003534	649.883825290703	477.227317497272	706.683462264505	510.312830559442	647.105560764477	512	512	172.221664022331	103.980214802438	-593.786552114234	688.639918053559	241	76	6	8	181	265	170	4	7	66	18577	2319	1909	235	2553	2572	234	0	0	0	0	0	-498	-11	8	0
10	1	2	0	146	46	up	0	512	546.181752680715	1119.95264996936	535.825933852749	720.401261467297	507.562645726639	1005.82713609584	500.220613370812	631.224574042712	512	512	182.720135861058	116.889663724151	-593.814179294849	688.704129451271	242	63	3	12	192	275	158	11	1	67	19098	2192	2033	229	2574	2404	241	0	0	0	0	0	-198	-12	8	0
10	1	2	0	146	46	up	1	512	495.422845656956	880.063059924861	508.05062975738	648.326715309643	536.594095236336	1136.96949606414	512.644778811091	661.715434828296	512	512	174.093618833786	105.140753996236	-593.824078176912	688.727227936734	266	68	6	8	164	248	178	13	3	70	19169	2239	1938	206	2585	2473	267	0	0	0	0	0	-334	-9	9	0
10	1	2	0	146	46	up	2	512	494.616341161951	947.52026090043	494.095436650984	619.376237942334	521.920333157586	964.585017553524	528.611355117893	694.806625320483	512	512	172.472805055542	111.851172694871	-593.831548046294	688.744334690115	274	72	4	10	152	256	182	9	6	59	19041	2321	1962	228	2481	2442	234	0	0	0	0	0	-354	-12	10	0
10	1	2	0	146	46	up	3	512	484.454295166653	725.475929724416	500.895834974144	599.558225834515	515.250636388213	919.508744628077	515.966395230016	650.652771485576	512	512	165.517763294606	106.940092126643	-593.705349472771	688.451661402367	255	69	2	4	182	258	185	8	0	61	19245	2194	1901	212	2565	2541	248	0	0	0	0	0	-434	-11	9	0
10	1	2	0	147	47	up	0	512	520.883858649148	1037.00763252687	512.515342911745	657.162102757189	507.649823326337	795.553977880113	525.191153671018	662.560595559544	512	512	175.961851306714	110.927628223957	-593.767094770624	688.594858605427	255	70	1	11	175	260	189	5	7	51	19426	2364	2067	207	2416	2406	236	0	0	0	0	0	-347	-11	9	0
10	1	2	0	147	47	up	1	512	492.371182876333	877.620489105031	498.284235337723	618.584687612869	489.051042919151	730.040451562213	514.162115263248	650.349634980422	512	512	179.513975200569	109.040320217153	-593.668966733629	688.367318491179	260	74	6	8	164	259	182	4	5	62	19496	2295	2042	231	2432	2568	275	0	0	0	0	0	-341	-10	7	0
10	1	2	0	147	47	up	2	512	528.177687371338	1050.97260168416	528.362391871551	701.374447686073	514.098640390396	1023.4231507109	504.049349195735	627.3482067688	512	512	185.705820762886	118.155303121776	-593.805158725329	688.683214620036	248	68	4	11	181	259	168	11	2	72	19473	2338	2029	224	2382	2354	251	0	0	0	0	0	-310	-10	9	0
10	1	2	0	147	47	up	3	512	529.433968619763	1150.51139301255	509.212272063312	652.087641560379	566.660946289145	1365.05995843653	533.522889990487	723.811879508654	512	512	178.685744608848	108.731515474572	-593.825734432401	688.730923839238	273	64	1	14	160	251	175	18	2	66	19642	2283	1942	197	2402	2425	243	0	0	0	0	0	-364	-11	8	0
10	1	2	0	148	48	up	0	512	522.448197202586	1040.03024915289	528.439437568415	714.423929328033	469.510982946016	725.546427986947	485.517025069457	564.013351449841	512	512	185.633425363348	116.687892196836	-593.897989799425	688.898595451081	248	71	7	11	175	281	158	5	0	68	20141	2292	1943	200	2287	2313	212	0	0	0	0	0	-422	-11	10	0
10	1	2	0	148	48	up	1	512	511.075321499454	977.296318842668	510.223857201254	643.822297225828	544.26175935102	1181.98590145013	529.922893615854	707.528907514517	512	512	198.260717262986	131.891493648697	-593.659659551408	688.345776370008	270	63	3	10	166	257	176	14	2	63	19745	2397	2227	207	2413	2470	263	0	0	0	0	0	-284	-15	9	0
10	1	2	0	148	48	up	2	512	508.839253521955	973.977914979852	509.738954322415	641.512197577028	539.798713704139	1167.84620639304	521.87552555116	680.241958609417	512	512	172.576759176795	105.59548130793	-593.813719205347	688.702959175089	266	66	6	10	164	271	167	14	3	57	19956	2371	2045	204	2469	2321	198	0	0	0	0	0	-423	-10	10	0
10	1	2	0	148	48	up	3	512	517.889956613215	963.209411062465	517.305077510028	663.26922397865	511.373215531022	909.432022730461	518.789055707198	647.582662717592	512	512	196.787236431714	128.922081125268	-593.948663778248	689.015679161198	250	68	0	9	185	261	178	8	5	60	19990	2333	2018	235	2270	2387	230	0	0	0	0	0	-316	-11	9	0
10	1	2	0	149	49	up	0	512	577.735927960709	1310.35441941525	563.916791879786	798.122575479727	501.911242849467	903.387238450594	501.763936110636	625.057418120583	512	512	181.43124302451	118.104254347199	-593.659652696378	688.345539184419	254	48	3	16	191	242	180	8	2	80	20293	2492	2075	228	2431	2387	230	0	0	0	0	0	-490	-10	9	0
10	1	2	0	149	49	up	1	512	547.725764687264	1217.28123971476	537.111926643006	730.983203682725	532.668003942574	1116.60806662497	524.886857685369	696.567309940698	512	512	200.988603667448	125.533142391098	-593.789588679478	688.647271755848	269	56	4	15	168	276	163	13	6	54	20283	2357	2226	222	2228	2264	220	0	0	0	0	0	-149	-10	7	0
10	1	2	0	149	49	up	2	512	541.229350151961	1143.38856470867	545.915168944664	755.610800039316	505.566711036017	968.971263031024	510.639592335993	649.522900223794	512	512	194.320973028284	121.01774416981	-593.657895097221	688.341470434935	250	65	4	13	180	269	163	10	2	68	20284	2410	2161	233	2421	2331	245	0	0	0	0	0	-305	-11	11	0
10	1	2	0	149	49	up	3	512	594.780533087902	1381.27548984196	573.349500148047	803.908221547561	518.656880979767	989.1043020076	507.114548387701	632.368163272748	512	512	187.624433306995	117.676835453927	-593.820813743986	688.719340592056	239	49	3	17	204	273	171	10	2	56	20488	2336	2059	205	2287	2319	211	0	0	0	0	0	-387	-11	7	0
10	1	2	0	150	50	up	0	512	469.961832664764	834.364605297836	472.455965338915	578.145840852031	445.489696709764	684.863052487828	456.714422813332	513.02513702703	512	512	196.239377172986	117.568113069405	-593.721107191501	688.488205881142	277	81	2	8	144	277	139	5	5	86	20708	2462	2202	228	2364	2265	222	0	0	0	0	0	-308	-11	12	0
10	1	2	0	150	50	up	1	512	498.848343830073	1098.8608324171	479.580570171556	600.520213764381	479.107730698514	960.414715268451	469.341166310027	561.282103885484	512	512	209.960267567554	134.391656593764	-593.688887540505	688.413413372677	272	86	3	14	137	269	139	11	2	91	20733	2400	2247	220	2336	2404	200	0	0	0	0	0	-191	-11	10	0
10	1	2	0	150	50	up	2	512	478.09050977164	885.463054140502	477.208154845086	577.083573877216	480.480606401646	859.064390314627	481.946689471897	587.700257314389	512	512	186.322448663782	118.584158870066	-593.74316791908	688.539141053301	271	82	4	9	146	259	157	8	4	84	20735	2463	2154	248	2365	2286	256	0	0	0	0	0	-403	-14	10	0
10	1	2	0	150	50	up	3	512	494.107730698514	984.195205088785	480.567079913375	613.346571518649	485.11586131727	791.3725958998	482.655384805917	561.125635924085	512	512	189.737148091551	123.509185532264	-593.822466651926	688.723257668887	273	78	1	11	149	269	167	6	3	67	20639	2505	2224	232	2317	2185	228	0	0	0	0	0	-285	-10	10	0
10	1	2	0	151	51	up	0	512	511.383378804467	843.777928201245	520.193762239768	662.918890291004	559.914235193519	1242.13712104295	554.824564293652	775.771699475024	512	512	192.310295415306	123.313018048551	-593.844132777623	688.773274910332	250	60	3	6	193	261	181	15	2	53	21315	2372	2210	215	2259	2202	220	0	0	0	0	0	-213	-12	10	0
10	1	2	0	151	51	up	1	512	507.438033929141	970.764167068048	497.544935620324	611.047566907369	539.501892637898	1029.33756918878	550.522684440885	737.976630323064	512	512	219.564254430081	145.527264813128	-593.808848931788	688.691438438979	271	65	3	10	163	263	191	10	0	48	21112	2445	2293	262	2103	2322	223	0	0	0	0	0	-206	-11	9	0
10	1	2	0	151	51	up	2	512	508.379313495089	909.744664325416	503.753844454079	619.928728144608	567.160466444463	1261.80364631559	553.425873831638	781.741389087647	512	512	209.685992122319	134.052990770962	-593.881593659213	688.860467235039	248	70	6	8	180	242	192	15	4	59	21396	2345	2135	236	2203	2246	231	0	0	0	0	0	-309	-12	9	0
10	1	2	0	151	51	up	3	512	524.819040251029	901.564625129924	531.525611898149	686.982981665328	534.598160545714	1025.97615214466	550.11181247467	768.336312164769	512	512	191.193736433571	119.364772476176	-593.884005711706	688.866030713104	253	53	1	7	198	246	190	10	6	60	21372	2405	2131	204	2254	2146	239	0	0	0	0	0	-324	-10	8	0
10	1	2	0	152	52	up	0	512	485.269889969776	761.655528211109	500.244354775257	605.730159175572	524.510982946016	1035.08301577135	522.938624827895	669.237161207989	512	512	198.338719991393	127.544234690034	-593.760494797388	688.579657559433	253	72	6	5	176	273	171	11	1	56	21658	2452	2279	235	2210	2151	204	0	0	0	0	0	-219	-10	11	0
10	1	2	0	152	52	up	1	512	542.668003942574	1243.66349815465	521.93024075674	705.688456724873	539.396534421963	1143.45020747838	522.778385571241	687.383497714947	512	512	206.64165013206	132.77022361126	-593.850516044496	688.788480308434	272	62	3	16	159	246	182	13	1	70	21738	2426	2227	233	2166	2250	215	0	0	0	0	0	-277	-10	10	0
10	1	2	0	152	52	up	2	512	483.73389530602	826.114945125726	491.365143215525	597.78539000329	506.469483438838	869.068389747295	513.279360268875	631.17734040294	512	512	217.225569376246	141.071968308638	-593.801988651505	688.675659816312	265	74	4	7	162	256	183	7	2	64	21520	2480	2398	226	2143	2254	217	0	0	0	0	0	-95	-13	11	0
10	1	2	0	152	52	up	3	512	471.239513425405	670.279921720051	494.203508069648	583.97722539038	511.364125222903	879.906086327557	525.365771000008	673.637876737832	512	512	178.266391621069	108.970988480701	-593.765866130711	688.591891549165	247	79	4	3	179	247	188	7	5	65	21630	2664	2110	220	2222	2121	211	0	0	0	0	0	-581	-12	7	0
10	1	2	0	153	53	up	0	512	527.976061247586	1012.25375463353	528.187622150793	688.243611375172	506.689290178826	1003.92114892872	500.947149963753	628.814414305136	512	512	204.347591785526	131.958406655303	-593.813963128619	688.703746017613	256	60	2	10	184	276	157	11	1	67	21915	2592	2369	260	2178	2038	205	0	0	0	0	0	-345	-13	14	0
10	1	2	0	153	53	up	1	512	491.834228523214	772.649321102764	514.370573660067	637.869296347411	515.710576415079	1094.90828987155	505.766019632748	671.553734250589	512	512	208.581141683766	132.377441850722	-593.737955402161	688.52730010526	254	67	5	5	181	264	157	13	3	75	22046	2598	2279	213	2175	2191	206	0	0	0	0	0	-360	-13	10	0
10	1	2	0	153	53	up	2	512	533.954775011334	1093.26882962976	526.038895356007	687.999094838459	529.242505769457	1120.22270669675	517.145556782335	674.307821899805	512	512	208.571761562516	137.301342083885	-593.927079519751	688.965972544909	256	63	3	12	178	258	169	13	3	69	22072	2664	2169	231	2030	2182	233	0	0	0	0	0	-578	-11	9	0
10	1	2	0	153	53	up	3	512	524.731862651331	1111.78456775502	506.704770140487	640.996517041974	514.665011598523	989.530026732644	508.807779077795	642.14931172424	512	512	199.499146357737	126.751186370208	-593.769342287419	688.600235191894	260	71	3	13	165	257	174	10	2	69	21904	2639	2332	261	2229	2086	206	0	0	0	0	0	-448	-11	8	0
10	1	2	0	154	54	up	0	512	539.367117566955	1171.12159707455	522.676614663814	697.758982657566	498.579866653514	916.66793416443	498.017779589284	602.91733420028	512	512	205.928929585778	136.268393121824	-593.683217294591	688.400520740799	262	63	3	14	170	281	159	9	1	62	22464	2645	2317	222	2257	2086	232	0	0	0	0	0	-362	-11	10	0
10	1	2	0	154	54	up	1	512	524.663938633196	1137.62801833977	511.46004151838	678.560140493801	522.332675713206	997.464392793638	517.09657000837	663.618725727988	512	512	221.336422147828	141.537627860563	-593.769090757422	688.599546332409	282	61	3	14	152	266	175	10	4	57	22573	2565	2256	254	2055	2183	222	0	0	0	0	0	-338	-10	10	0
10	1	2	0	154	54	up	2	512	511.824065249769	944.165944777309	516.877457619205	654.483487904448	500.845351486022	929.343772165437	506.953347507827	644.013807606489	512	512	196.681342797137	127.61143833603	-593.847415384717	688.781392004803	269	60	1	9	173	261	168	9	1	73	22587	2608	2207	246	2133	2051	268	0	0	0	0	0	-437	-12	9	0
10	1	2	0	154	54	up	3	512	507.390436457896	976.465723183404	511.460963663303	665.13805548487	513.916267848208	948.549537738647	511.617307727313	635.87515990447	512	512	210.402648733089	133.768839292685	-593.749327536251	688.553625975921	259	73	2	10	168	266	175	9	2	60	22411	2714	2294	229	2159	2115	214	0	0	0	0	0	-440	-12	13	0
10	1	2	0	155	55	up	0	512	491.267857315087	843.624484406013	505.888879015285	640.409264323753	501.536334491647	930.487009419656	507.579813413411	647.088419596726	512	512	213.869752673409	134.53087162915	-593.834872995073	688.752008510122	256	75	2	7	172	259	168	9	3	73	22916	2670	2333	241	2006	2016	209	0	0	0	0	0	-376	-11	11	0
10	1	2	0	155	55	up	1	512	502.735927960709	857.926478751156	515.857693892224	649.322299868337	552.485631400386	1407.01161130111	517.20769985964	720.154389011424	512	512	211.929501799011	136.186713583847	-593.844438052578	688.774353694169	266	60	3	7	176	263	150	20	3	76	23042	2561	2332	225	2160	2029	233	0	0	0	0	0	-298	-12	12	0
10	1	2	0	155	55	up	2	512	478.887923958526	751.42448523235	490.32968793816	585.843603760659	584.251596077576	1496.34066241374	536.479909967251	742.181680899192	512	512	213.157594960953	137.908966477952	-593.858335886864	688.806119640789	253	77	5	5	172	260	168	21	5	58	22846	2693	2350	271	2037	2095	241	0	0	0	0	0	-433	-12	10	0
10	1	2	0	155	55	up	3	512	521.343798676014	990.021373001639	519.887556257301	670.631424820965	558.071256190077	1233.7153874872	544.85916452122	749.120629214946	512	512	195.321893166664	122.279995339562	-593.803689378074	688.67971630187	277	50	6	10	169	272	175	15	3	47	22816	2768	2333	243	2047	2022	181	0	0	0	0	0	-498	-12	11	0
10	1	2	0	156	56	up	0	512	488.388403803207	870.543326498617	493.280873403818	600.985627899852	508.954775011334	1016.57037913442	509.767597546999	664.866819753299	512	512	211.947176174607	140.41687674284	-593.7936753861	688.656468940022	266	75	1	8	162	252	165	11	5	79	23134	2836	2468	234	1999	2002	222	0	0	0	0	0	-443	-14	12	0
10	1	2	0	156	56	up	1	512	513.79165605071	987.597431770214	514.464950294811	669.300629584815	509.281012932584	905.075037564438	509.224263435212	630.903620560545	512	512	220.370756436912	151.576369038936	-593.743601156554	688.540417227577	254	70	6	10	172	268	177	8	0	59	23291	2696	2426	259	2034	2092	191	0	0	0	0	0	-266	-13	13	0
10	1	2	0	156	56	up	2	512	520.307324167576	1025.36194864999	518.351979630517	679.160331333759	526.429903310385	1179.39608981173	523.489559622577	727.651752590661	512	512	205.054289461555	133.202573762174	-593.786560861256	688.639990745553	276	56	4	11	165	271	150	15	7	69	23159	2883	2385	245	2106	2006	201	0	0	0	0	0	-585	-14	9	0
10	1	2	0	156	56	up	3	512	485.931456120393	901.716273036481	489.586932651336	601.025836347349	536.680199870708	1096.06705522584	527.354533872887	690.952974846572	512	512	219.092592510908	140.460180019146	-593.886304943557	688.871189072746	267	80	1	9	155	262	179	12	1	58	23527	2561	2327	257	2072	2011	202	0	0	0	0	0	-273	-12	12	0
10	1	2	0	157	57	up	0	512	556.641692707581	1237.1038612988	541.260188945992	743.44696450264	533.579866653514	1231.56150298317	505.786865641924	662.22613506379	512	512	205.742688821197	126.653376779383	-593.697430688488	688.433108830318	260	56	2	15	179	265	155	16	3	73	23577	2973	2387	247	1937	1986	191	0	0	0	0	0	-651	-11	8	0
10	1	2	0	157	57	up	1	512	521.076394464781	935.007640790238	521.083460935275	652.808032850558	471.785558086643	767.748202390859	483.961281608616	569.581896883062	512	512	236.252773026258	159.262900722958	-593.863235139804	688.818063531174	241	66	4	8	193	275	157	6	0	74	23676	2804	2458	246	1876	2048	182	0	0	0	0	0	-420	-12	12	0
10	1	2	0	157	57	up	2	512	484.876800995718	840.922936554028	498.463836514488	627.46577241902	502.055108228528	902.268833761441	522.323384529101	697.986697950809	512	512	231.72807775718	157.198998936985	-593.815625195896	688.707339122002	238	91	2	7	174	241	178	8	6	79	23575	2790	2546	273	1903	1947	193	0	0	0	0	0	-302	-13	20	0
10	1	2	0	157	57	up	3	512	526.536334491647	1118.35175450403	515.43779784391	676.54014417554	545.077354154143	1181.11006840715	526.270605921948	702.806386003376	512	512	216.234237758523	140.178077377869	-593.762082720833	688.583199861397	251	75	4	13	169	259	174	14	5	60	23669	2814	2408	293	2032	1921	216	0	0	0	0	0	-460	-13	9	0
10	1	2	0	158	58	up	0	512	513.590029926958	948.878584719589	519.743197320603	668.470984417712	505.231382806649	902.718942079382	510.054071300486	646.665772133493	512	512	220.054817300211	144.691944379531	-593.802140923951	688.676057422032	262	62	4	9	175	255	177	8	3	69	24221	2751	2466	258	1979	1872	176	0	0	0	0	0	-301	-12	10	0
10	1	2	0	158	58	up	1	512	461.689290178826	710.220482494335	482.5596127482	569.525907756085	531.49782732852	1087.38634463794	519.424962863152	671.355698328873	512	512	237.212022889187	157.199632524325	-593.707408496222	688.4562082277	284	71	2	5	150	261	175	12	2	62	23948	2877	2566	305	1845	2003	184	0	0	0	0	0	-402	-13	14	0
10	1	2	0	158	58	up	2	512	520.615381472589	1003.0098525976	525.939312764208	694.146663692259	504.300266514147	972.16860555684	501.462260457591	638.86613819945	512	512	217.135645636124	143.028952516111	-593.743781009037	688.540699021036	244	71	7	10	180	255	166	10	4	77	24021	2949	2487	239	1969	1880	194	0	0	0	0	0	-551	-12	11	0
10	1	2	0	158	58	up	3	512	524.279939967257	1172.25728443561	503.366148830828	650.957866176761	514.789623396021	950.455524905761	511.62835525935	633.73950013269	512	512	224.173840854777	142.966536254927	-593.737953635511	688.527418673365	281	65	5	15	146	265	176	9	2	60	23996	2947	2492	261	1900	1930	204	0	0	0	0	0	-495	-12	8	0
10	1	2	0	159	59	up	0	512	580.884931614474	1259.28215005415	569.267861283308	799.291351497368	484.952742356645	828.619158715265	493.902168428116	608.156008531054	512	512	231.916405327526	152.609685415536	-593.81921278433	688.715920423109	222	59	1	14	216	267	164	7	1	73	24583	2972	2415	238	1742	1936	179	0	0	0	0	0	-601	-15	9	0
10	1	2	0	159	59	up	1	512	566.536334491647	1255.88612634938	552.522341295373	767.682091709042	509.808876977584	869.300758984134	521.709444643672	675.788121289454	512	512	243.989635846412	165.454288083712	-593.837087554392	688.75712766546	255	52	2	15	188	264	180	7	6	55	24717	2652	2566	273	1909	1971	200	0	0	0	0	0	-173	-12	11	0
10	1	2	0	159	59	up	2	512	523.695388142893	961.794770164346	534.564005965076	706.688677382216	543.340806331962	1148.69943107338	536.720937622613	735.331898879887	512	512	225.35126720207	144.798113212282	-593.794362628615	688.658156885937	271	49	4	9	179	246	183	13	4	66	24590	2825	2500	293	1914	1869	184	0	0	0	0	0	-398	-12	11	0
10	1	2	0	159	59	up	3	512	588.331716023844	1338.76329804551	570.651361524531	817.336730015457	466.276947623206	685.285675724542	485.27087115287	566.869001758024	512	512	223.142555353283	148.514522844017	-593.72332631863	688.493334092468	232	55	1	16	208	278	161	4	1	68	24462	3016	2430	300	1874	1968	183	0	0	0	0	0	-661	-14	10	0
10	1	2	0	160	60	up	0	512	457.735927960709	712.474146230797	468.340781466011	541.36343274603	459.981086246327	708.236447171524	475.315004902	558.805776333705	512	512	232.691466757449	153.211369622097	-593.659914027097	688.34631378543	262	87	4	5	154	280	149	5	4	74	24899	2900	2638	283	1899	1869	200	0	0	0	0	0	-324	-11	11	0
10	1	2	0	160	60	up	1	512	462.994241863824	782.961942039293	463.653830612957	534.358822755426	505.049010264462	939.03823149148	493.18306173627	607.400673872392	512	512	223.165774693352	145.593771148465	-593.810967753946	688.696703326558	284	77	4	7	140	254	173	9	2	74	24974	2899	2545	302	1813	1869	218	0	0	0	0	0	-521	-11	8	0
10	1	2	0	160	60	up	2	512	463.56061307195	823.179681120395	471.52769047391	588.286314790128	491.506917636639	905.267046136136	487.168510335948	597.012424347581	512	512	237.588436413711	159.322844517532	-593.835035223964	688.752519436696	274	86	6	8	138	279	154	9	2	68	24931	2897	2628	264	1782	1758	208	0	0	0	0	0	-289	-11	11	0
10	1	2	0	160	60	up	3	512	459.500819672572	738.282561841157	461.599332923577	521.066554385335	475.547457454454	809.316715397953	475.317964925459	547.997952659114	512	512	238.356474034522	156.893332013339	-593.858687602757	688.807217407291	292	71	3	6	140	274	154	7	2	75	24967	2801	2705	247	1815	1836	177	0	0	0	0	0	-195	-11	10	0
10	1	2	0	161	61	up	0	512	490.892948957267	907.806294700069	488.311070704837	592.02569957885	584.712609069768	1354.2009797517	567.519619874727	804.544286032455	512	512	235.319739993421	157.790296321294	-593.666275888869	688.360883443036	273	73	0	9	157	261	188	17	4	42	25365	2989	2612	266	1780	1823	165	0	0	0	0	0	-435	-14	12	0
10	1	2	0	161	61	up	1	512	514.981086246327	1054.85507428092	506.227946203452	655.881923257523	574.96290563009	1202.09145534548	570.087647327328	793.097172739378	512	512	230.936405254917	150.902397244299	-593.871456747729	688.836908441488	272	67	2	12	159	248	207	13	1	43	25364	3032	2562	274	1790	1771	190	0	0	0	0	0	-541	-12	13	0
10	1	2	0	161	61	up	2	512	518.763312161028	1039.22626128894	508.226586789513	652.60379143812	572.947717357905	1275.47460346634	571.243295870478	830.647463992929	512	512	238.223294940043	159.016455212658	-593.770585654438	688.60306405526	241	80	2	11	178	231	199	15	6	61	25400	2985	2559	288	1736	1839	189	0	0	0	0	0	-538	-12	10	0
10	1	2	0	161	61	up	3	512	501.603185544455	888.657295177989	507.461801195196	637.387081264717	549.474621713542	1030.70654438943	560.520502836044	770.844275887637	512	512	232.330793421752	157.792695729961	-593.778111078722	688.620575309429	274	60	2	8	168	213	219	9	4	67	25400	2946	2584	302	1763	1736	165	0	0	0	0	0	-426	-14	10	0
10	1	2	0	162	62	up	0	512	508.023658718831	900.716277168166	511.639501624738	630.379992876053	514.194908298212	953.895439077745	523.797922927432	689.288193028618	512	512	244.977092506613	170.453348802414	-593.743682293697	688.540646002524	268	58	5	8	173	254	179	9	3	67	25887	2914	2662	281	1703	1734	163	0	0	0	0	0	-376	-16	10	0
10	1	2	0	162	62	up	1	512	524.424878311645	1001.87459355029	519.881053920905	661.836778752928	517.428943621023	957.100759810471	520.963871248567	664.743016013461	512	512	233.456287835719	153.073213676732	-593.822844930439	688.724285884	267	56	1	10	178	261	180	9	1	61	25761	3050	2618	315	1709	1744	157	0	0	0	0	0	-495	-13	13	0
10	1	2	0	162	62	up	2	512	502.525211528839	900.874597681977	500.371610356266	610.739090544606	543.667044253212	1148.34377629712	545.87202229609	780.835863889717	512	512	238.469003827032	158.0348101192	-593.806402008198	688.685993283289	252	74	0	8	178	246	182	13	6	65	25788	2968	2686	302	1738	1723	164	0	0	0	0	0	-326	-13	13	0
10	1	2	0	162	62	up	3	512	502.265824660398	1007.62226433528	498.541628671732	644.674895697412	498.109763353203	843.951307184537	512.185425248905	647.300788669403	512	512	234.206319210165	155.097757970262	-593.742933952265	688.539152547841	251	86	1	11	163	278	167	7	5	55	25657	3080	2723	284	1752	1717	172	0	0	0	0	0	-420	-11	10	0
10	1	2	0	163	63	up	0	512	508.253628732264	1006.94376555474	510.39655199642	669.809771107715	540.529276838217	1075.66395952187	526.881116025611	687.333189620781	512	512	237.373740651706	161.303024438193	-593.706303613746	688.453710484226	269	68	7	11	157	242	194	11	1	64	26231	3065	2685	275	1788	1630	180	0	0	0	0	0	-439	-12	12	0
10	1	2	0	163	63	up	1	512	514.722772343212	918.174376088072	520.694586404516	664.702149004771	522.342838986651	968.8657297941	519.769717980495	660.052038021183	512	512	245.55751675247	168.840592120053	-593.68531188675	688.405193443144	258	61	1	8	184	251	186	9	3	63	26168	3082	2712	294	1756	1751	183	0	0	0	0	0	-452	-13	11	0
10	1	2	0	163	63	up	2	512	536.085484772899	1136.56240092751	523.336576595387	710.282160086164	516.785558086643	987.28479017526	518.967448170229	667.303586104667	512	512	254.036335745243	170.270533091706	-593.844598285787	688.774418645469	247	71	3	13	178	267	170	10	5	60	26381	2933	2661	281	1641	1819	194	0	0	0	0	0	-317	-13	13	0
10	1	2	0	163	63	up	3	512	521.939586739149	1002.59433028188	518.165046221078	666.59468363876	498.974028592897	779.275926419068	508.945156586934	622.514322483175	512	512	250.058936901068	169.144685466546	-593.902763286308	688.909471979935	255	65	2	10	180	267	182	5	4	54	26444	2957	2586	269	1659	1738	184	0	0	0	0	0	-464	-12	9	0
10	1	2	0	164	64	up	0	512	538.446164547897	1063.69765584313	536.150127745647	711.193489065726	507.850376484762	966.561502983169	503.526657040119	625.449695482809	512	512	253.957540477383	176.913443501749	-593.804117395545	688.680802886277	255	55	7	11	184	281	159	10	4	58	26690	3014	2781	283	1656	1616	186	0	0	0	0	0	-302	-13	12	0
10	1	2	0	164	64	up	1	512	498.177687371338	781.079032865421	507.216108071158	610.63376668825	484.549490109143	825.265719878056	489.715089448154	578.119392529695	512	512	237.591647629697	162.376054917072	-593.654130453293	688.332833560341	264	58	0	5	185	271	161	7	3	70	26367	3257	2836	308	1691	1643	168	0	0	0	0	0	-505	-13	11	0
10	1	2	0	164	64	up	2	512	523.877760685081	1036.6683831366	517.057257842831	674.527379866467	517.399526766015	1058.90962026131	514.006355461963	668.968676859003	512	512	249.09572841	170.906195052148	-593.766961676469	688.59420504596	264	61	4	11	172	273	161	12	1	65	26781	2965	2737	285	1658	1591	187	0	0	0	0	0	-304	-13	9	0
10	1	2	0	164	64	up	3	512	509.952742356645	979.428472269963	510.922062734812	648.271300383998	494.040879645706	914.832016946102	496.519956351647	617.198425607678	512	512	258.026178634213	178.713511397536	-593.677322679735	688.386879943356	263	69	1	10	169	266	160	9	3	74	26541	3150	2759	318	1565	1760	175	0	0	0	0	0	-503	-16	9	0
10	1	2	0	165	65	up	0	512	489.415788003526	805.676814447362	506.398955539199	626.817311892081	535.528203872891	1125.84399045399	520.692087959896	678.984796474176	512	512	253.629572837271	172.845966028532	-593.76770335525	688.596613290161	253	74	3	6	176	267	169	13	5	58	26822	3208	2941	309	1673	1526	139	0	0	0	0	0	-309	-15	10	0
10	1	2	0	165	65	up	1	512	495.192875643523	885.028473922637	506.019750586312	649.738000583103	519.770369814457	1068.63911456175	513.29237772003	670.029132766765	512	512	256.458989359897	173.235044885347	-593.763331897531	688.586104115743	257	75	3	8	169	258	167	12	3	72	26984	3193	2791	312	1582	1683	149	0	0	0	0	0	-459	-13	13	0
10	1	2	0	165	65	up	2	512	506.190842988834	900.751312142559	513.768368672242	653.318536051791	512.40969003946	874.118054877426	515.499561432805	642.179425760483	512	512	262.861881363199	178.924835301674	-593.854701850851	688.798160757451	260	64	6	8	174	266	183	7	3	53	27103	3061	2819	297	1581	1626	162	0	0	0	0	0	-342	-17	11	0
10	1	2	0	165	65	up	3	512	527.02569137352	1080.77614470763	517.583139973871	679.787405048111	506.853482104777	871.494555181137	519.674595422168	664.269896664516	512	512	242.301858814853	160.247043729178	-593.935647448681	688.985658664835	257	67	4	12	172	253	185	7	1	66	27123	3137	2728	292	1680	1590	154	0	0	0	0	0	-453	-13	11	0
10	1	2	0	166	66	up	0	512	487.495794673831	867.710065928136	492.178692452598	594.41585195739	540.384338493829	1171.90917955252	524.701682313532	696.603253205934	512	512	252.713342039086	170.12096968077	-593.731998798421	688.513435667268	268	74	2	8	160	260	169	14	7	62	27619	3143	2715	315	1568	1491	160	0	0	0	0	0	-531	-13	9	0
10	1	2	0	166	66	up	1	512	537.515048255394	1207.31139797058	513.811358696835	683.197686097476	526.267857315087	973.214287781045	530.490170032499	704.417327615048	512	512	267.256440155122	186.293770462024	-593.7449662682	688.543631253526	255	73	2	15	167	256	187	9	3	57	27361	3219	2916	296	1475	1548	129	0	0	0	0	0	-357	-15	12	0
10	1	2	0	166	66	up	2	512	511.276947623206	978.959734363615	516.016267500841	666.758783121089	526.411722694148	1046.23335394656	520.082037955213	681.867475885677	512	512	258.270487020624	181.091201013427	-593.666096403683	688.360657806391	266	65	4	10	167	251	178	11	5	67	27278	3284	2904	326	1642	1594	152	0	0	0	0	0	-431	-13	13	0
10	1	2	0	166	66	up	3	512	528.292135895391	1077.57880218181	518.957963456569	673.152340986127	504.463385474771	897.866611211697	513.909492338736	659.282966604889	512	512	263.606789898542	193.505970337017	-593.700372799646	688.440127610479	271	58	2	12	169	261	173	8	5	65	27337	3222	2937	296	1588	1687	155	0	0	0	0	0	-440	-12	9	0
10	1	2	0	167	67	up	0	512	488.897014266644	870.897206044624	506.580546200609	652.828011057392	520.346904296029	932.009856729286	526.476205976189	684.802749550478	512	512	257.528913172628	178.998035718972	-593.72940276629	688.50749691889	259	76	9	8	160	245	191	8	4	64	27899	3309	2789	307	1572	1565	151	0	0	0	0	0	-567	-12	9	0
10	1	2	0	167	67	up	1	512	509.540399801024	909.49366550017	509.37378691065	637.753413494996	542.33160274788	1235.53577660545	516.958056232736	684.356192286108	512	512	259.437099529327	176.482631647052	-593.829830767294	688.740293868937	257	65	2	8	180	287	152	16	5	52	27922	3194	2882	306	1550	1471	140	0	0	0	0	0	-440	-11	9	0
10	1	2	0	167	67	up	2	512	497.093615391655	896.178812097853	515.471333463026	675.410531853995	531.507990601965	1058.7876816384	523.644026110823	677.483857595295	512	512	250.519487585073	169.001038137133	-593.743681399538	688.540668364108	235	86	7	8	176	246	186	11	1	68	27780	3307	2881	336	1490	1417	133	0	0	0	0	0	-551	-13	10	0
10	1	2	0	167	67	up	3	512	524.252669042902	1009.56861216754	524.785605032323	697.636707921642	462.218227189153	690.485683161575	486.126800834501	575.297051851873	512	512	256.08328470421	180.278656309297	-593.800676537651	688.672755675242	247	68	3	10	184	251	168	4	1	88	27906	3235	2859	304	1530	1438	158	0	0	0	0	0	-443	-12	10	0
10	1	2	0	168	68	up	0	512	533.215121569138	1118.86970856834	529.698613947209	704.677442328023	455.75924685165	639.490115039671	475.623060417572	543.933439852759	512	512	278.210435419906	199.845584913794	-593.729459608473	688.507563373334	275	55	4	13	165	259	164	3	3	83	28167	3208	3087	354	1465	1516	153	0	0	0	0	0	-177	-12	12	0
10	1	2	0	168	68	up	1	512	495.768337159768	843.579247022292	509.862127282061	635.033761214699	520.653888635715	967.808967874656	522.53366413741	685.34821735509	512	512	269.895999808908	191.160813289789	-593.829077235878	688.738684316076	269	62	6	7	168	246	186	9	4	67	28343	3204	2984	285	1441	1502	147	0	0	0	0	0	-340	-13	11	0
10	1	2	0	168	68	up	2	512	490.154368480396	838.200534911218	509.975622644685	655.32525161389	503.196940952901	901.090561532829	507.375240485119	629.48852805858	512	512	260.870626476829	180.658669693308	-593.881047771888	688.859017433774	263	71	3	7	168	251	177	8	3	73	28201	3369	2916	330	1423	1421	147	0	0	0	0	0	-538	-13	11	0
10	1	2	0	168	68	up	3	512	559.089550082277	1213.46040988771	542.999456565632	737.753650199527	488.360059913526	840.06350889703	507.202774942842	647.359606995749	512	512	269.951339447086	193.272051129325	-593.781086216498	688.627123014782	241	62	3	14	192	249	170	7	6	80	28264	3279	2954	319	1423	1467	166	0	0	0	0	0	-458	-13	11	0
10	1	2	0	169	69	up	0	512	570.538367146336	1263.89056235917	569.254948704519	831.693708021362	505.91220253883	969.542881658133	504.960256170461	642.066134209891	512	512	271.823935436427	196.703195030581	-593.804386127704	688.681718316853	248	52	6	15	191	268	163	10	3	68	28701	3376	2958	293	1358	1467	147	0	0	0	0	0	-517	-12	13	0
10	1	2	0	169	69	up	1	512	545.788663706658	1013.88968507325	554.432957319728	747.266625676226	486.306364478214	763.396991887753	506.788089206113	622.909849850516	512	512	259.920998351318	173.762751878805	-593.825082428299	688.729621175214	239	54	2	9	208	254	177	5	5	71	28817	3315	2887	309	1480	1429	153	0	0	0	0	0	-544	-15	12	0
10	1	2	0	169	69	up	2	512	560.865678032911	1078.40809224142	565.756468810911	781.332241444314	446.152335825707	581.442216876419	471.00198559324	529.683141149137	512	512	271.369312041518	194.77942427675	-593.744061047401	688.541501619864	231	52	2	10	217	270	156	2	6	78	28643	3404	3000	281	1394	1459	126	0	0	0	0	0	-479	-15	10	0
10	1	2	0	169	69	up	3	512	566.450229857275	1185.59566480334	567.896142811588	809.334071131377	517.313422131643	1025.67459024494	506.257464066795	636.015290583236	512	512	270.723521531792	196.618802561469	-593.757797179636	688.573190948616	249	47	5	13	198	263	167	11	5	66	28666	3321	3021	320	1393	1454	151	0	0	0	0	0	-448	-16	11	0
10	1	2	0	170	70	up	0	512	485.537294181009	964.917594336539	484.872137630895	623.347601843982	447.140139897574	721.147306925533	458.509340938009	521.03128009073	512	512	274.415341275824	193.282930287513	-593.84965521936	688.786320630833	277	79	8	11	137	284	134	6	3	85	29200	3406	2920	314	1356	1369	140	0	0	0	0	0	-531	-13	10	0
10	1	2	0	170	70	up	1	512	488.340806331962	913.273706348335	483.755484380606	597.513149192583	432.054035263202	590.047531824786	448.385340852813	483.727942709514	512	512	274.117644675098	196.488098478993	-593.755039661571	688.567062798949	246	90	5	9	162	282	139	3	2	86	29276	3301	2975	288	1479	1348	160	0	0	0	0	0	-357	-16	11	0
10	1	2	0	170	70	up	2	512	457.149230205692	877.728674858116	456.831187493263	539.514117119909	487.620406471329	865.690995630931	481.458069415011	569.173585852416	512	512	261.154090881002	183.787006048352	-593.730837359034	688.51098983127	294	88	0	10	120	272	158	8	3	71	29151	3466	2905	318	1324	1381	146	0	0	0	0	0	-650	-13	9	0
10	1	2	0	170	70	up	3	512	459.521146219461	681.085235842081	471.765611552599	543.221434851716	431.679126905382	654.202734323526	446.222128525619	494.552318856085	512	512	266.443516973749	190.87726082694	-593.66584419358	688.359865335251	262	83	1	4	162	295	123	5	4	85	29106	3395	3016	323	1472	1373	155	0	0	0	0	0	-437	-13	14	0
10	1	2	0	171	71	up	0	512	484.751116232894	864.011174723997	491.384968733186	601.335595680943	557.102705699774	1169.07504169612	550.011368953237	746.8762075368	512	512	282.097611869951	206.02703728574	-593.801883884493	688.675379346166	267	77	1	8	159	253	191	13	3	52	29345	3530	3141	336	1312	1352	123	0	0	0	0	0	-462	-13	11	0
10	1	2	0	171	71	up	1	512	496.306364478214	853.396991887753	506.765720103414	635.882240562416	518.321552750399	959.934020380952	529.796224656228	683.987015208097	512	512	268.479213989092	191.735110460171	-593.764277343527	688.588193287837	254	73	1	7	177	259	182	9	0	62	29398	3539	3091	324	1306	1273	132	0	0	0	0	0	-518	-14	10	0
10	1	2	0	171	71	up	2	512	492.543392145076	869.953078283101	499.5942595652	620.992707022386	580.250636388213	1393.12958767652	567.419431940521	850.602378167658	512	512	279.479191334454	200.838523930663	-593.896959110764	688.89582771268	284	61	0	8	159	238	189	18	3	64	29772	3280	3022	278	1330	1320	146	0	0	0	0	0	-337	-16	11	0
10	1	2	0	171	71	up	3	512	497.658913634456	957.492326847034	500.603316871868	633.703804559161	543.072329155403	1040.61739588007	553.094194763324	747.194264208024	512	512	278.016990337011	198.995220344251	-593.826746560419	688.733166993186	262	77	5	10	158	247	197	10	4	54	29528	3444	3051	329	1436	1313	151	0	0	0	0	0	-418	-12	13	0
10	1	2	0	172	72	up	0	512	511.257694041642	903.921597900892	512.059218444779	630.80595769473	478.158433789774	785.508740496392	489.43943527264	594.039183987662	512	512	296.084983924838	224.608333327361	-593.754744725363	688.566438709578	275	52	3	8	174	257	167	6	2	80	29849	3417	3272	326	1302	1287	129	0	0	0	0	0	-156	-13	14	0
10	1	2	0	172	72	up	1	512	509.26175935102	941.20319569075	512.668802791093	647.176131332055	516.641692707581	1025.45862639409	507.742077004184	637.69137711707	512	512	278.266798560594	202.864346427655	-593.79950174676	688.669912359299	265	64	2	9	172	264	168	11	2	67	29936	3524	3067	337	1268	1216	136	0	0	0	0	0	-489	-17	13	0
10	1	2	0	172	72	up	2	512	546.978093902275	1155.231582848	535.489907060999	725.173891956336	492.29416855008	911.020042611873	496.82235995833	618.999408172418	512	512	278.104979890364	198.442416650246	-593.799434133933	688.669799388963	245	64	4	13	186	268	158	9	3	74	29972	3476	3062	354	1337	1329	128	0	0	0	0	0	-502	-13	12	0
10	1	2	0	172	72	up	3	512	531.507990601965	947.594779254053	528.876196593693	678.022946380334	501.373215531022	819.485238321092	509.405919943999	615.048161042745	512	512	291.343495434881	213.549846946866	-593.932901943153	688.979326932052	254	51	2	8	197	269	180	6	1	56	30028	3450	3076	310	1292	1363	133	0	0	0	0	0	-381	-16	11	0
10	1	2	0	173	73	up	0	512	545.615381472589	1190.90120547729	538.181399761566	750.846072905006	468.656880979767	761.596537957562	487.138362559318	606.615589851181	512	512	295.149414070663	212.991657891042	-593.883016448902	688.863928039776	240	72	4	14	182	273	153	6	4	76	30510	3440	3152	274	1250	1207	94	0	0	0	0	0	-325	-11	11	0
10	1	2	0	173	73	up	1	512	549.875728030392	1298.55751594556	534.161457779112	762.234487877281	492.428943621023	843.346877785452	514.002302535632	666.166495285689	512	512	286.152647097575	208.078797425193	-593.764483471269	688.588975986625	255	71	4	17	165	261	171	7	2	71	30411	3574	3039	352	1180	1257	125	0	0	0	0	0	-604	-17	12	0
10	1	2	0	173	73	up	2	512	500.269889969776	896.655528211109	502.077913348808	609.928137540252	523.138107242885	1099.32469360486	524.741296620387	718.343344212873	512	512	277.972554792022	201.961282385092	-593.760367638274	688.579344395014	253	75	0	8	176	279	155	13	6	59	30347	3574	3131	324	1289	1253	128	0	0	0	0	0	-504	-13	12	0
10	1	2	0	173	73	up	3	512	531.161426133826	1190.45152547309	507.515272731195	659.787100209167	526.824065249769	1153.25020004135	516.329519010276	688.233277838319	512	512	278.018149221422	200.940164412388	-593.7180040221	688.481145018419	268	69	3	15	157	257	164	14	1	76	30318	3656	3074	328	1209	1318	119	0	0	0	0	0	-645	-11	12	0
10	1	2	0	174	74	up	0	512	511.046977609773	946.843109036397	509.245635899808	632.065015693993	518.67613456133	1064.14243847032	508.178524713692	661.434497965649	512	512	282.038145004973	208.222795458488	-593.777694561966	688.619596963892	257	67	4	9	175	264	164	12	3	69	30647	3661	3211	369	1190	1225	122	0	0	0	0	0	-563	-15	13	0
10	1	2	0	174	74	up	1	512	556.737960615398	1167.57614966565	538.509292556487	706.389741152058	453.753148887583	668.314944299389	478.912312171144	570.212786115354	512	512	294.357618097038	217.059152090402	-593.654544008984	688.33384807981	255	51	3	13	190	268	155	4	2	83	30789	3542	3239	318	1233	1258	131	0	0	0	0	0	-329	-11	14	0
10	1	2	0	174	74	up	2	512	552.687257524138	1297.48212443771	535.557245511829	756.00628496078	493.330643058518	875.706074758838	496.024178087331	613.777148131842	512	512	306.57822010621	231.629860539472	-593.90010818553	688.903480177705	267	61	5	17	162	273	163	8	1	67	31093	3426	3058	311	1150	1221	139	0	0	0	0	0	-429	-12	11	0
10	1	2	0	174	74	up	3	512	501.824065249769	891.247984102302	507.441838829174	636.056984448545	508.877760685081	975.832461786586	506.329951384398	638.304776272459	512	512	267.425749887134	197.894038429987	-593.684571916308	688.403501702498	269	63	2	8	170	264	166	10	4	68	30555	3805	3156	372	1256	1207	122	0	0	0	0	0	-767	-16	12	0
10	1	2	0	175	75	up	0	512	476.017560754765	770.81383219818	494.300952320922	599.45504350547	514.348936950718	961.260410714048	519.951610714908	674.588141323548	512	512	285.154376598785	215.493141010609	-593.761925191355	688.582858232262	281	66	3	6	156	238	185	9	3	77	31150	3744	3175	331	1191	1123	122	0	0	0	0	0	-666	-16	10	0
10	1	2	0	175	75	up	1	512	546.785558086643	1294.28700611431	527.586381756331	732.489692641363	505.585964617581	895.734457784403	500.268545409763	606.024144709149	512	512	271.538745244892	195.054515451747	-593.673064372905	688.376672211936	255	74	2	17	164	268	170	8	7	59	31053	3845	3147	355	1200	1110	119	0	0	0	0	0	-783	-14	11	0
10	1	2	0	175	75	up	2	512	502.476541092268	890.563282345103	507.981756877892	634.37918504303	509.194908298212	908.922046873061	512.082260745292	645.482959224768	512	512	293.241003334891	219.079751926012	-593.695222936693	688.428091337499	273	60	2	8	169	258	180	8	1	65	30986	3710	3348	356	1070	1166	103	0	0	0	0	0	-472	-16	14	0
10	1	2	0	175	75	up	3	512	513.407657384771	911.060403277015	520.140478721813	650.784337356791	491.737960615398	842.177032735918	502.815413768957	620.661843998569	512	512	307.967271707978	236.881697308411	-593.833881851099	688.749603499694	265	56	5	8	178	259	170	7	4	72	31114	3610	3317	359	1154	1202	119	0	0	0	0	0	-417	-14	17	0
10	1	2	0	176	76	up	0	512	484.424878311645	864.340221704938	487.429705162528	586.615509190139	491.632602399463	845.096768641174	499.673378250033	625.449251310806	512	512	300.173770914208	222.486260623677	-593.864228480211	688.820154819294	263	79	3	8	159	250	172	7	6	77	31826	3602	3136	348	1014	1154	142	0	0	0	0	0	-559	-11	11	0
10	1	2	0	176	76	up	1	512	481.852409139451	778.809841028883	497.045302534519	596.418802399211	494.501892637898	809.747765813746	501.408637984566	601.553921048864	512	512	287.027563312156	213.813263250942	-593.66239217191	688.351982707731	286	59	2	6	159	263	176	6	3	64	31482	3813	3255	362	1158	1147	96	0	0	0	0	0	-635	-12	11	0
10	1	2	0	176	76	up	2	512	538.196940952901	1030.70697270318	533.52512396428	693.300340038856	500.480606401646	890.762840809968	502.601841150464	623.991384554488	512	512	284.493127317144	213.371324560414	-593.680777878219	688.394599552853	255	54	0	10	193	263	170	8	4	67	31465	3909	3186	352	1089	1035	108	0	0	0	0	0	-841	-15	10	0
10	1	2	0	176	76	up	3	512	534.654848325078	1198.07547414155	517.646457078409	693.133490361843	522.35192929477	1035.44709772668	515.142118606547	667.193502050013	512	512	293.031548556797	221.437411664456	-593.704459296808	688.449376357775	264	69	3	15	161	261	172	11	4	64	31432	3842	3262	376	1063	1157	125	0	0	0	0	0	-675	-18	12	0
10	1	2	0	177	77	up	0	512	498.292135895391	918.851527952105	500.892852273128	620.328681716529	517.601152889766	1023.51760425258	508.270666352492	649.314550510872	512	512	309.22501729507	233.407520239096	-593.790279072989	688.648684763931	275	66	1	9	161	273	166	11	1	61	32101	3740	3243	340	994	1153	102	0	0	0	0	0	-507	-13	13	0
10	1	2	0	177	77	up	1	512	506.507990601965	945.033799613385	508.740939815885	649.007010499795	560.259726696331	1279.76417119973	537.146463555238	745.861850035723	512	512	301.198369803912	224.170926144999	-593.899328128151	688.901359430688	246	78	2	9	177	256	177	16	4	59	32109	3751	3207	357	1033	1097	107	0	0	0	0	0	-728	-15	12	0
10	1	2	0	177	77	up	2	512	476.296201204769	739.1043020076	494.179436692408	585.325684565439	524.175654716649	1080.02359720406	520.441861913479	696.946745231922	512	512	290.30429267711	212.844123799013	-593.720892631996	688.487657879195	273	67	3	5	164	251	174	12	1	74	31807	3865	3411	341	1054	1038	101	0	0	0	0	0	-603	-13	11	0
10	1	2	0	177	77	up	3	512	527.688330489464	1051.49277995089	525.504722504712	702.837570480597	491.44006658383	835.930465788769	494.814389168948	587.135836259356	512	512	317.147147831151	245.68174530519	-593.75008118426	688.555765581828	246	70	3	11	182	276	166	7	0	63	31987	3694	3409	334	1091	1108	94	0	0	0	0	0	-310	-14	11	0
10	1	2	0	178	78	up	0	512	526.967930628831	1040.96550076316	528.319698618654	701.066537703769	487.678167216019	831.390776516037	497.642064561055	610.976463312414	512	512	298.477400974296	222.845305727744	-593.72470099777	688.496701174082	268	57	2	11	174	269	164	7	3	69	32440	3826	3313	357	1010	982	91	0	0	0	0	0	-568	-13	12	0
10	1	2	0	178	78	up	1	512	571.488737020401	1343.6165061991	551.146209240604	777.395814076081	516.622439126018	987.475921461046	514.271303453381	648.663000705252	512	512	317.98969554747	256.940345509526	-593.750980841508	688.557269845379	235	68	4	17	188	269	171	10	2	60	32433	3705	3440	358	979	1080	102	0	0	0	0	0	-353	-14	16	0
10	1	2	0	178	78	up	2	512	508.167524097893	973.735343333685	515.6672540576	677.98569547452	524.971995938209	1078.24709855302	509.908332641637	645.802815398802	512	512	305.215762332603	232.306612801951	-593.895852111803	688.893485926421	263	68	7	10	164	258	172	12	1	69	32465	3734	3380	357	1013	981	82	0	0	0	0	0	-448	-13	13	0
10	1	2	0	178	78	up	3	512	519.981086246327	1099.8284664856	517.881203752252	704.317467744714	479.012535756024	786.48745426014	494.252508703242	590.899579989554	512	512	313.903428142345	237.975609441548	-593.81667456849	688.709780739411	268	69	4	13	158	257	167	6	3	79	32536	3678	3365	357	978	1013	104	0	0	0	0	0	-342	-13	12	0
10	1	2	0	179	79	up	0	512	532.371182876333	1052.23690027538	541.03643117543	729.534200758087	510.346904296029	916.173935379273	515.336261936567	661.663580676472	512	512	311.763203518814	241.757513421601	-593.763036084267	688.585586130103	264	56	1	11	180	245	185	8	2	72	32755	3908	3403	382	916	971	96	0	0	0	0	0	-622	-15	14	0
10	1	2	0	179	79	up	1	512	559.214161879775	1211.44133959051	553.206548855856	782.555399654274	509.281012932584	942.130469094117	501.727943053434	617.410868973339	512	512	302.221164562194	228.937059205519	-593.783862288963	688.633590957311	245	59	4	14	190	264	173	9	1	65	32949	3851	3288	360	923	1013	104	0	0	0	0	0	-669	-15	15	0
10	1	2	0	179	79	up	2	512	599.751116232894	1491.02891876312	568.55360090741	820.86664178241	491.545424799765	832.984122088198	498.290275271553	607.71351597611	512	512	324.464645752987	250.476369803554	-593.706966941523	688.455399371503	255	48	0	20	189	281	163	7	2	59	32715	3798	3543	392	949	984	105	0	0	0	0	0	-294	-13	15	0
10	1	2	0	179	79	up	3	512	528.062165881958	1045.46217685459	525.319863722646	685.502116482437	512.802779013517	1054.3184906282	510.68769082664	671.453638530619	512	512	312.410754290092	239.115292713476	-593.754797481216	688.566090044582	262	60	2	11	177	265	160	12	2	73	32875	3810	3413	350	964	964	107	0	0	0	0	0	-490	-14	15	0
10	1	2	0	180	80	up	0	512	480.499859983209	859.991663717994	476.582323393023	564.650472043098	447.02569137352	731.596537957562	451.352086811071	509.111986974782	512	512	296.401148698041	223.084032876521	-593.770640451365	688.603156470176	258	85	3	8	158	257	142	6	6	101	33268	3962	3336	394	947	942	103	0	0	0	0	0	-727	-14	13	0
10	1	2	0	180	80	up	1	512	520.278980277895	994.908738843718	511.500282947939	662.317356720992	466.44006658383	833.342878352785	462.168395383382	537.266347670011	512	512	322.882920301556	255.498056519635	-593.707079440241	688.455643898147	263	60	5	10	174	264	145	8	4	91	33431	3692	3466	371	908	962	90	0	0	0	0	0	-295	-17	12	0
10	1	2	0	180	80	up	2	512	464.386371148518	682.565498284151	479.048272146162	548.575438033428	456.478573746957	634.031130570483	468.416417235292	523.470733860237	512	512	309.278782507454	233.012059122788	-593.804343762272	688.681295993062	277	70	1	4	160	274	159	3	3	73	33385	3793	3413	369	958	888	90	0	0	0	0	0	-537	-12	13	0
10	1	2	0	180	80	up	3	512	479.175654716649	786.296322974353	484.780173475932	581.534729329918	461.363052257577	784.687000329949	467.057229804405	542.720246119412	512	512	296.721856239429	215.044010995323	-593.751012075625	688.557505268812	255	79	6	6	166	276	143	7	2	84	33381	3956	3275	348	928	922	78	0	0	0	0	0	-777	-14	11	0
10	1	2	0	181	81	up	0	512	545.394501767274	1188.31051655298	534.209537267764	730.825500217367	520.317487441021	996.763285650451	518.038969508501	663.004530881561	512	512	312.581452612143	242.475194855234	-593.800408954509	688.671980049244	245	69	4	14	180	261	176	10	3	62	33742	3940	3410	380	841	889	84	0	0	0	0	0	-662	-16	10	0
10	1	2	0	181	81	up	1	512	560.192875643523	1284.53845391172	533.197959556376	717.009014622173	552.112868973218	1132.55841802158	540.424069982492	721.294700356881	512	512	319.196245960278	245.376352068943	-593.822878009065	688.724071186146	245	66	4	16	181	238	199	12	1	62	33465	3981	3627	399	837	897	96	0	0	0	0	0	-374	-13	13	0
10	1	2	0	181	81	up	2	512	517.678167216019	1027.20009007073	510.12739468334	653.953839932747	550.376321151037	988.954878303461	556.497275767942	739.909041096663	512	512	295.846102358095	225.822085197002	-593.719773417652	688.485383120642	265	66	1	11	169	233	219	8	1	51	33416	4268	3422	366	888	902	105	0	0	0	0	0	-1000	-17	8	0
10	1	2	0	181	81	up	3	512	545.278980277895	1182.80009172341	521.972146002212	687.194340827274	525.585964617581	1112.76328151877	523.216435382928	708.766310320184	512	512	317.778784488386	251.12196542635	-593.831221407054	688.743638665504	259	61	2	14	176	260	165	13	4	70	33808	3898	3434	332	947	903	90	0	0	0	0	0	-535	-16	11	0
10	1	2	0	182	82	up	0	512	503.667044253211	899.669717658049	517.384483047462	668.550492862484	540.605218199144	1211.60851559714	515.553836719828	685.467320058281	512	512	320.082565480049	247.093080553549	-593.787524876643	688.642360855518	258	69	1	8	176	259	169	15	0	69	33871	4132	3609	372	751	798	79	0	0	0	0	0	-632	-19	10	0
10	1	2	0	182	82	up	1	512	517.120886316011	1053.5371111269	510.358288587251	657.056441324945	505.154368480396	899.036456261231	507.686453471914	635.00069188223	512	512	332.155683180684	270.285257787816	-593.645290753276	688.31245811083	281	59	4	12	156	263	174	8	3	64	34007	4013	3575	389	787	893	79	0	0	0	0	0	-496	-14	12	0
10	1	2	0	182	82	up	2	512	558.14827051633	1237.39787330535	546.566095878789	764.279987979356	530.336741022584	1124.71938278818	513.403072164923	674.948531041235	512	512	307.571975727022	238.935747081572	-593.742015474945	688.536590565557	264	52	3	15	178	252	172	13	3	72	34026	4104	3434	420	896	856	96	0	0	0	0	0	-763	-16	11	0
10	1	2	0	182	82	up	3	512	492.02569137352	802.911399623249	514.724141830738	650.255502585463	509.156401135085	907.067500066327	502.1255590706	621.579620416096	512	512	317.943527631135	245.226719222349	-593.762551712724	688.584296541944	265	63	7	6	171	260	178	8	3	63	34057	4025	3545	357	809	826	79	0	0	0	0	0	-600	-16	10	0
10	1	2	0	183	83	up	0	512	516.987184210394	951.919381961844	520.025953693043	668.121875724218	524.626504435396	1077.67547992591	507.499725552419	636.975738255222	512	512	326.778458696897	258.858408874274	-593.61476693286	688.241620433725	271	55	1	9	176	259	172	12	0	69	34331	4113	3656	396	779	759	67	0	0	0	0	0	-592	-15	11	0
10	1	2	0	183	83	up	1	512	539.991249519772	1214.12115636576	529.385655807101	728.245351810762	518.772402469146	1031.69676616216	509.939650456538	654.690126911511	512	512	314.772248469167	243.328963838015	-593.772737144982	688.608284929032	249	75	2	15	171	259	172	11	1	69	34475	4044	3563	414	778	795	82	0	0	0	0	0	-669	-15	10	0
10	1	2	0	183	83	up	2	512	492.342838986651	810.138455564396	506.336658051053	625.367629072395	525.806844322895	1004.16106805873	520.870862507567	672.588826278217	512	512	329.452394053219	262.272843370259	-593.754615404353	688.566118290089	255	71	2	6	178	263	178	10	5	56	34263	4111	3695	427	766	776	92	0	0	0	0	0	-500	-17	13	0
10	1	2	0	183	83	up	3	512	566.670036597263	1320.47503178008	537.764679329587	729.521820170047	446.583931962892	578.193433990221	481.428890123962	571.802331872	512	512	313.844152439678	239.204413862101	-593.957463777813	689.036505645114	273	49	0	17	173	283	154	2	2	71	34644	4019	3467	366	701	784	52	0	0	0	0	0	-690	-16	11	0
10	1	2	0	184	84	up	0	512	543.177687371338	1148.86395456385	537.548682254911	743.092429803252	468.46541812946	805.445322496434	479.744350672004	571.250507123589	512	512	318.117532750327	244.459771104073	-593.848642577423	688.784001269787	244	67	5	13	183	254	155	7	4	92	35075	4019	3573	341	715	700	78	0	0	0	0	0	-581	-14	12	0
10	1	2	0	184	84	up	1	512	517.802779013517	1062.23645130321	519.229616674341	692.685995740464	511.075321499454	977.296318842668	498.589895572922	607.277060054266	512	512	339.142665987958	271.527616496064	-593.73175949917	688.512801691275	265	69	3	12	163	270	166	10	3	63	35005	4041	3599	363	703	762	67	0	0	0	0	0	-515	-13	11	0
10	1	2	0	184	84	up	2	512	540.903112230711	1143.74421948493	538.422586433608	742.725636985082	514.626504435396	1024.73091145559	509.229862098153	650.787564332694	512	512	326.037689298894	257.740408119061	-593.716955444163	688.478811474066	250	66	2	13	181	255	168	11	5	73	34771	4187	3620	430	700	737	77	0	0	0	0	0	-704	-16	11	0
10	1	2	0	184	84	up	3	512	521.583931962892	1067.67680618399	512.161503102515	664.372539527604	511.066231191336	873.632911585091	518.902244436566	653.029818115203	512	512	340.014894019633	272.569571565576	-593.88752723363	688.874230687835	267	65	3	12	165	260	183	7	5	57	35288	3803	3552	365	675	715	86	0	0	0	0	0	-351	-16	11	0
10	1	2	0	185	85	up	0	512	512.121959281337	913.383687990095	523.089417002767	676.956015037548	491.229350151961	841.76993759928	499.323581669355	616.045103150192	512	512	313.235093944625	239.392012403997	-593.79009952285	688.64825565429	260	62	0	8	182	258	170	7	4	73	35350	4215	3559	396	706	695	66	0	0	0	0	0	-771	-14	12	0
10	1	2	0	185	85	up	1	512	516.046977609773	917.705638181725	522.769900422174	664.930676127684	528.800746358828	1115.04132884813	509.038679403892	650.222311224415	512	512	322.380250583954	252.476406534021	-593.681369182813	688.395763446784	261	57	4	8	182	268	165	13	3	63	35258	4278	3570	414	713	710	74	0	0	0	0	0	-804	-16	19	0
10	1	2	0	185	85	up	2	512	561.487664055075	1348.84975272186	536.114708916015	743.665777409445	473.119926626648	738.680801484974	489.473720889998	585.148755217943	512	512	345.983187989205	287.210837688893	-593.754542551988	688.565724340459	268	59	2	18	165	263	166	5	2	76	35257	4041	3851	371	667	718	69	0	0	0	0	0	-245	-14	12	0
10	1	2	0	185	85	up	3	512	502.265824660398	859.347322625936	516.903674098265	664.092431956092	459.232342496012	630.200526647848	474.788894856378	525.539849721272	512	512	324.544700812969	255.137808981064	-593.80312350664	688.678111001816	259	64	5	7	177	293	154	3	3	59	35244	4246	3626	404	690	723	81	0	0	0	0	0	-720	-15	12	0
10	1	2	0	186	86	up	0	512	476.459320165393	738.939778517129	495.85732350912	589.158480134019	548.177687371338	1230.91938609353	524.237921340005	712.351652599008	512	512	327.923961234947	263.796208116677	-593.85346630215	688.795139854011	275	66	2	5	164	240	179	15	4	74	35674	4317	3653	388	640	666	56	0	0	0	0	0	-803	-16	14	0
10	1	2	0	186	86	up	1	512	514.300266514147	913.893663847496	519.555521999486	664.782552443595	540.499859983209	1140.39078064772	526.327697715661	708.26383047514	512	512	329.053622676459	258.005421940571	-593.735958492917	688.522799073071	263	57	4	8	180	254	178	13	4	63	35563	4270	3780	419	640	628	77	0	0	0	0	0	-611	-14	12	0
10	1	2	0	186	86	up	2	512	526.967930628831	1152.1317953522	516.194107933487	693.060184407032	506.785558086643	971.448868825247	498.413648873014	617.682946873243	512	512	336.280583570492	276.166056633577	-593.80333713952	688.679515680661	256	75	5	14	162	267	164	10	3	68	35521	4319	3761	431	612	624	62	0	0	0	0	0	-622	-15	11	0
10	1	2	0	186	86	up	3	512	546.306364478214	1117.96018746747	534.643501323378	695.921976605969	498.590029926958	962.153526428933	498.93647462439	643.426756654935	512	512	328.23439520792	259.124643677473	-593.722433563896	688.491227446383	250	59	0	12	191	254	161	10	6	81	35687	4233	3700	412	655	663	68	0	0	0	0	0	-726	-15	13	0
10	1	2	0	187	87	up	0	512	515.585964617581	911.623594725046	524.891886503479	667.64501914903	490.32657774914	867.561947823652	483.476505815961	568.463498437118	512	512	331.553311297421	259.294428575351	-593.78877212259	688.645066783686	276	49	1	8	178	279	158	8	2	65	36263	4211	3633	437	601	665	70	0	0	0	0	0	-768	-20	11	0
10	1	2	0	187	87	up	1	512	545.903112230711	1188.71761168962	535.126204887034	726.77169343443	506.49782732852	973.632462612923	504.747907956846	647.310106489385	512	512	341.229957739304	278.142276919181	-593.795958931763	688.661569717158	246	68	4	14	180	261	166	10	3	72	36310	4180	3673	381	591	640	67	0	0	0	0	0	-648	-16	13	0
10	1	2	0	187	87	up	2	512	528.772402469146	1047.53268751218	536.498234206141	720.535878492158	512.1786470607	1011.318931337	498.488351080307	623.89455115845	512	512	346.934536575523	284.760176760524	-593.806970622486	688.68735850522	259	61	3	11	178	278	159	11	3	61	36311	4254	3607	372	566	686	76	0	0	0	0	0	-661	-16	11	0
10	1	2	0	187	87	up	3	512	515.355994604148	879.506969397828	524.122082500221	667.54507264222	492.50488498195	868.098531476368	492.610808097995	593.330056527454	512	512	336.687897401749	267.343375912024	-593.867492204725	688.827471892176	267	51	1	7	186	286	157	8	2	59	36267	4215	3672	390	623	609	65	0	0	0	0	0	-633	-14	12	0
10	1	2	0	188	88	up	0	512	529.290103240702	1114.5211505814	528.567587776302	704.290654878081	477.87979333977	743.0807998323	491.530121016661	595.222039637337	512	512	336.070218108138	271.727784200054	-593.78596427172	688.638558164385	270	61	4	13	164	269	166	5	4	68	36447	4395	3817	397	608	561	69	0	0	0	0	0	-703	-16	16	0
10	1	2	0	188	88	up	1	512	514.894981611955	984.564612734869	522.601434295402	693.034639298754	465.510023256654	622.308745454414	488.821855335893	571.851350591017	512	512	343.55791920915	280.001369614249	-593.84708941722	688.780472384564	266	62	5	10	169	255	178	2	2	75	36762	4229	3658	407	541	554	62	0	0	0	0	0	-627	-15	12	0
10	1	2	0	188	88	up	2	512	537.035854646965	1068.04001085341	533.602483165083	700.514466593149	462.956807666023	611.816501241082	487.188710658833	558.631878369029	512	512	352.866930870618	291.627235526989	-593.805939342002	688.684875603107	246	64	1	11	190	269	171	2	2	68	36484	4257	3919	396	502	603	53	0	0	0	0	0	-453	-15	12	0
10	1	2	0	188	88	up	3	512	526.353961949459	1080.56018085677	514.797846306022	657.441883463986	499.424878311645	888.094103729957	504.980010983989	643.25085943135	512	512	318.437830076885	249.894858230191	-593.796023929192	688.661806899107	258	68	1	12	173	263	168	8	6	67	36662	4338	3606	450	648	509	70	0	0	0	0	0	-840	-16	14	0
10	1	2	0	189	89	up	0	512	587.448197202586	1476.62226846697	564.592030686019	809.394091388321	463.493762019142	716.761061448033	480.011484723793	570.559237382663	512	512	333.389361107844	261.282710705631	-593.795742253685	688.661177493064	236	67	5	20	184	271	153	5	7	76	36984	4388	3780	416	530	535	59	0	0	0	0	0	-678	-14	12	0
10	1	2	0	189	89	up	1	512	622.976061247586	1644.60187191168	595.431967752908	919.768745472533	472.841286176644	733.30829235056	487.758466179158	583.585365703394	512	512	339.718052322756	280.208781606036	-593.609910038712	688.230361009485	232	55	6	23	196	271	161	5	5	70	36820	4435	3897	416	537	527	48	0	0	0	0	0	-665	-15	15	0
10	1	2	0	189	89	up	2	512	581.28711089665	1320.73358049849	570.301228838323	804.586412443384	500.652815670389	957.206293047395	494.161468858498	620.817460655838	512	512	351.990862355611	293.132492141595	-593.768784923141	688.598757463975	243	52	4	16	197	279	157	10	0	66	36826	4368	3966	408	451	536	49	0	0	0	0	0	-545	-17	15	0
10	1	2	0	189	89	up	3	512	561.565751346655	1146.13269742822	565.482673386927	788.205501721802	481.008470446646	860.398758854632	489.12816786885	611.416034546662	512	512	356.682544261324	296.902635377468	-593.840317999538	688.764827211219	239	53	5	12	203	259	158	8	3	84	36853	4389	3874	452	468	582	53	0	0	0	0	0	-584	-16	11	0
10	1	2	0	190	90	up	0	512	559.540399801024	1174.05686107989	554.838150898654	760.259873352865	430.710576415079	626.644427857444	443.661347114445	483.659242291107	512	512	339.966791916529	273.242197467283	-593.930110985777	688.973146421397	253	51	1	13	194	276	136	4	1	95	37620	4330	3700	430	461	450	48	0	0	0	0	0	-747	-20	10	0
10	1	2	0	190	90	up	1	512	584.559653382588	1362.84887956763	561.826085600523	792.635923167216	444.347863985392	649.012500982077	456.932921372914	505.501376480285	512	512	344.176475970259	277.136262730982	-593.879150500066	688.85493792274	244	54	1	17	196	275	145	4	3	85	37548	4326	3813	393	457	442	34	0	0	0	0	0	-671	-17	11	0
10	1	2	0	190	90	up	2	512	559.838293832592	1217.38546735203	549.761193365695	766.802069921347	470.815934631013	761.232456002227	470.452503759926	537.812410495282	512	512	333.973193058553	267.397254366009	-593.734698206572	688.519781430814	236	65	2	14	195	285	152	6	1	68	37326	4435	3858	461	468	468	53	0	0	0	0	0	-803	-14	12	0
10	1	2	0	190	90	up	3	512	541.872735686341	1002.01163195954	546.673307441979	718.087200203603	465.403592075393	905.738885530814	455.645859710656	534.619014210609	512	512	364.68302004969	314.560948798933	-593.829406326435	688.739080983146	252	49	1	9	201	259	137	10	3	103	37630	4246	3819	385	454	525	43	0	0	0	0	0	-498	-14	13	0
10	1	2	0	191	91	up	0	512	606.190842988834	1466.93313483167	592.076186934785	876.407732977539	522.590989616321	1134.1716987818	487.634059615514	587.464503793542	512	512	354.251810118286	288.141804571336	-593.741500614337	688.535489326811	248	42	5	19	198	284	151	14	1	62	37670	4433	4065	424	444	431	44	0	0	0	0	0	-445	-14	11	0
10	1	2	0	191	91	up	1	512	590.797754014776	1411.2271509699	581.665372067798	863.041957324165	505.384338493829	968.208513118128	489.36848195755	599.824094244235	512	512	363.05165128612	315.838452948815	-593.733200082804	688.516294868259	237	57	3	18	197	268	162	10	4	68	37747	4325	4072	448	431	395	38	0	0	0	0	0	-326	-16	13	0
10	1	2	0	191	91	up	2	512	645.336741022584	1788.79255835698	608.481111337938	962.542139402868	468.983118901016	798.322922506298	464.344143267197	523.814167814713	512	512	341.639003941908	280.22193055805	-593.731552166199	688.512572624875	236	49	3	26	198	273	149	7	3	80	37808	4478	3882	424	437	385	41	0	0	0	0	0	-690	-15	15	0
10	1	2	0	191	91	up	3	512	609.147310826967	1480.77881788221	592.307488648922	883.512150403711	473.781492777265	915.770370044708	469.509857752258	553.338056189779	512	512	343.784216022642	278.968557136044	-593.702239867306	688.44461539242	230	52	3	19	208	269	140	10	2	91	37836	4497	3853	406	426	436	47	0	0	0	0	0	-839	-16	12	0
10	1	2	0	192	92	up	0	512	566.325618059777	1187.61473510054	574.873315803018	815.786329557089	467.111796007892	759.44797914428	462.171124041523	523.06634842209	512	512	353.098327959564	294.778114321273	-593.759865617325	688.57828812379	245	50	4	13	200	271	152	6	5	78	38229	4480	3969	426	360	338	32	0	0	0	0	0	-715	-19	12	0
10	1	2	0	192	92	up	1	512	588.407657384771	1437.62581479578	574.608472990227	832.87590036102	440.451189546638	675.117152801404	447.396294649114	491.970480643068	512	512	359.093045901206	306.363144084269	-593.899186164069	688.901335026878	249	55	3	19	186	283	135	5	2	87	38380	4395	3912	417	414	376	38	0	0	0	0	0	-631	-15	13	0
10	1	2	0	192	92	up	2	512	555.66405190916	994.689245190792	575.866055210059	784.834449291299	451.689290178826	805.550855733357	444.132559740113	494.503575832178	512	512	364.307428212253	306.468597555292	-593.807809325339	688.689177355318	239	43	2	8	220	272	132	8	3	97	38302	4424	3952	426	345	389	36	0	0	0	0	0	-542	-12	14	0
10	1	2	0	192	92	up	3	512	524.943652048527	862.463515507726	559.830768209428	751.012581699086	475.384338493829	846.536670418103	463.086248006716	535.573196529856	512	512	358.253259385299	299.380109871947	-593.872941267232	688.840277077504	257	45	5	6	199	268	150	8	4	82	38490	4394	3830	390	412	370	39	0	0	0	0	0	-679	-15	14	0
10	1	2	0	193	93	up	0	512	608.95584797666	1376.37926850705	604.035446724474	899.133537164507	456.554515107884	844.086549705106	448.641693919565	524.751576397823	512	512	360.553418946147	297.889107773537	-593.712504568463	688.468297854991	223	45	3	16	225	283	126	9	4	90	38749	4564	3929	374	330	337	27	0	0	0	0	0	-713	-16	10	0
10	1	2	0	193	93	up	1	512	587.458360476031	1262.6932322284	595.566507917344	877.350071979947	424.146237861641	652.706066495468	428.236758536166	466.122034148454	512	512	355.343889967831	299.280484851586	-593.785379217421	688.637305295779	233	45	7	14	213	271	127	5	3	106	38519	4638	4019	440	296	307	35	0	0	0	0	0	-725	-16	13	0
10	1	2	0	193	93	up	2	512	652.342838986651	1767.91229756759	613.685169581347	961.912280456184	441.352888984132	707.449741979474	446.300541400662	484.851724552309	512	512	358.849086622658	301.671779503313	-593.828553889778	688.737394854397	231	44	1	25	211	291	126	6	5	84	38796	4455	3950	415	307	345	42	0	0	0	0	0	-635	-18	11	0
10	1	2	0	193	93	up	3	512	587.237480770716	1297.18458262908	595.820964587101	881.893640196254	448.320479785073	758.852405238017	442.823999413312	494.213944986934	512	512	368.389478135978	318.683533599265	-593.707377182131	688.456162479215	238	47	4	15	208	284	130	7	3	88	38397	4605	4157	457	303	358	26	0	0	0	0	0	-562	-20	13	0
10	1	2	0	194	94	up	0	512	601.393542077911	1291.36108789082	602.528576012057	877.112748348498	464.914235193519	720.928690558519	458.463889038401	508.613973685759	512	512	372.21095112483	324.924363227153	-593.718216793298	688.481493314677	223	42	5	14	228	269	156	5	5	77	38855	4696	4129	448	258	341	26	0	0	0	0	0	-664	-16	15	0
10	1	2	0	194	94	up	1	512	628.648863636974	1409.3340393867	624.775858975296	945.495819448175	420.402519110066	670.189426294183	422.552079146101	439.693222239821	512	512	365.092116706149	310.605918053858	-593.720518444021	688.486621622718	222	31	4	16	239	300	110	6	1	95	39099	4498	4048	483	278	300	30	0	0	0	0	0	-682	-18	14	0
10	1	2	0	194	94	up	2	512	560.855514759466	1181.11761830031	566.690569134654	777.317990683087	418.790583085383	635.733110867897	420.097576877551	432.432358781362	512	512	359.253521108698	301.577477060638	-593.726067956029	688.499532453908	238	58	5	13	198	287	116	5	5	99	39065	4644	4016	403	279	310	26	0	0	0	0	0	-722	-13	13	0
10	1	2	0	194	94	up	3	512	604.233415461338	1468.98724010327	597.797002956005	900.816949986487	439.539326835698	782.549521211907	434.228306486558	481.275297328587	512	512	359.446021033144	304.262368532185	-593.788001382389	688.643361227188	236	51	5	19	201	278	121	8	3	102	38971	4671	4056	430	293	256	31	0	0	0	0	0	-698	-13	11	0
10	1	2	0	195	95	up	0	512	593.042912300395	1444.04488344031	582.964707616028	865.606256853349	437.313422131643	639.466159760517	441.017905671186	476.155914331148	512	512	359.965459768637	301.441932831058	-593.862329627461	688.815500753173	251	50	4	19	188	271	142	4	2	93	39594	4583	3990	473	279	245	26	0	0	0	0	0	-697	-16	16	0
10	1	2	0	195	95	up	1	512	596.662019254471	1317.38769155445	598.532296146251	886.112590050523	436.286037931324	667.250632486779	439.928612718886	477.45735325378	512	512	355.819376390671	296.675015089132	-593.789480582388	688.646770913956	226	47	6	15	218	284	131	5	3	89	39239	4772	4181	448	256	220	28	0	0	0	0	0	-733	-18	15	0
10	1	2	0	195	95	up	2	512	544.540399801024	1039.0834688752	568.315942376353	786.089966439489	423.963865319453	577.8058457279	434.251748343325	458.901869017162	512	512	366.20865845079	312.203596294317	-593.756532202215	688.570338205528	257	47	3	10	195	274	133	3	7	95	39387	4709	4122	422	205	218	19	0	0	0	0	0	-739	-14	15	0
10	1	2	0	195	95	up	3	512	554.761279506339	1131.62094220888	578.388793334152	848.507327656451	443.052002608513	828.156174813409	435.820729483189	494.963187552059	512	512	362.624746129593	308.821316557845	-593.755460459153	688.567861494873	244	54	7	12	195	269	122	9	3	109	39560	4591	4070	419	232	230	22	0	0	0	0	0	-610	-16	13	0
10	1	2	0	196	96	up	0	512	598.926431121652	1388.21473675321	588.62450508632	856.226747326121	423.944611737889	539.849748590171	434.824303716933	450.273562297978	512	512	370.447736076408	316.074896879407	-593.80550553861	688.684022006346	239	46	3	17	207	283	137	2	3	87	40033	4653	4020	446	156	187	18	0	0	0	0	0	-739	-17	13	0
10	1	2	0	196	96	up	1	512	545.317487441021	1036.40630461611	558.999391980823	755.891025244096	446.151262860381	676.67546339917	449.687644682973	495.665953104232	512	512	377.325332616208	327.309956109759	-593.773830505119	688.610829776759	269	40	0	10	193	303	133	5	0	71	39805	4674	4241	432	164	164	15	0	0	0	0	0	-577	-14	12	0
10	1	2	0	196	96	up	2	512	566.325618059777	1150.55930357086	579.547633772941	809.063890730284	450.950709701956	735.971703739822	444.646910144649	481.41416529992	512	512	369.587390513133	321.243755491984	-593.788353679274	688.64430423395	249	44	3	12	204	266	144	6	2	94	39907	4711	4118	416	227	191	20	0	0	0	0	0	-697	-16	14	0
10	1	2	0	196	96	up	3	512	565.750156543531	1154.8998833509	575.51854260754	822.023327664449	512.1786470607	1048.37436286668	502.482632233708	680.231372459792	512	512	390.392058645213	341.849318445623	-593.813254284419	688.702224177613	233	53	7	12	207	274	155	12	4	67	39895	4639	4159	459	168	186	21	0	0	0	0	0	-585	-15	10	0
10	1	2	0	197	97	up	0	512	587.237480770716	1297.2111904244	586.163223999955	865.751593979392	458.542432455713	682.072376784907	461.952954923083	528.720631314509	512	512	372.935177141442	318.547137096758	-593.830839692279	688.742437054752	242	46	0	15	209	250	162	4	7	89	40302	4747	4173	442	148	129	15	0	0	0	0	0	-681	-15	14	0
10	1	2	0	197	97	up	1	512	585.673142217278	1294.13535820775	592.490331739873	883.268599726037	453.925358156326	771.78722027118	445.925274331927	491.983428249344	512	512	372.933366426035	322.608667588069	-593.847628691485	688.781555025526	241	47	2	15	207	276	137	7	3	89	40193	4814	4189	468	115	129	10	0	0	0	0	0	-700	-17	15	0
10	1	2	0	197	97	up	2	512	595.500932948535	1280.60986664533	608.271043882863	903.633599950926	433.330643058518	743.502076152508	440.696743571291	524.167327927192	512	512	380.348891180026	330.473882572953	-593.863445109841	688.818710884484	225	45	5	14	223	257	126	7	8	114	40292	4690	4192	490	129	146	23	0	0	0	0	0	-580	-15	13	0
10	1	2	0	197	97	up	3	512	620.203038916968	1462.20143698724	621.293384800068	969.68890481983	415.91220253883	567.445314233064	430.821189442944	459.407160818769	512	512	373.03813565039	326.233779803775	-593.743851096923	688.541030168549	230	39	6	18	219	268	130	3	6	105	40363	4760	4080	461	144	129	17	0	0	0	0	0	-770	-18	13	0
10	1	2	0	198	98	up	0	512	600.520186530098	1289.4551007237	613.424193958845	927.347971652225	411.900006610696	588.039541222821	424.532144043385	453.399803243286	512	512	371.296025246068	321.191003814703	-593.812632747729	688.700297593395	224	42	5	14	227	290	116	4	3	99	40664	4835	4183	494	103	117	8	0	0	0	0	0	-839	-17	17	0
10	1	2	0	198	98	up	1	512	591.211169535723	1311.8444559529	600.374169588939	898.629616012258	418.129016934766	532.754405367519	430.760030919274	445.031218073337	512	512	379.757844257892	326.707387481344	-593.750505009597	688.556123336747	222	55	2	15	218	273	134	2	7	96	40891	4689	4151	445	81	101	7	0	0	0	0	0	-729	-17	12	0
10	1	2	0	198	98	up	2	512	652.189883299471	1665.31407940853	634.56504889362	1004.9293229409	445.451189546638	794.228015860761	441.423783428161	503.676378595042	512	512	395.603010687757	357.860858992263	-593.832511482797	688.746504874314	214	41	7	22	228	275	127	8	2	100	40788	4718	4218	452	87	102	12	0	0	0	0	0	-610	-15	11	0
10	1	2	0	198	98	up	3	512	610.443172203845	1375.77261490555	600.271500242369	873.315715289002	457.802779013517	818.866158107843	448.362300029544	509.173426107244	512	512	390.764473740854	345.371668388451	-593.81963669835	688.716948796906	232	39	1	16	224	261	138	8	7	98	40863	4682	4191	440	104	76	5	0	0	0	0	0	-637	-18	14	0
10	1	2	0	199	99	up	0	512	622.641805983545	1372.00322543888	625.324571367126	935.161040345807	416.631529434137	562.012937559191	425.590772762565	443.486624610669	512	512	374.456580824047	325.802150393725	-593.800407423179	688.672179417331	205	43	2	15	247	287	126	3	2	94	41259	4853	4161	415	52	58	14	0	0	0	0	0	-850	-20	11	0
10	1	2	0	199	99	up	1	512	633.283045587272	1659.18147287738	626.293818379293	991.848295376292	410.518040599446	511.588988064396	425.210643037033	434.051038389686	512	512	390.696931674047	347.607830137512	-593.698791186932	688.436250046975	237	44	7	23	201	294	122	2	5	89	41059	4837	4306	486	41	64	9	0	0	0	0	0	-553	-16	15	0
10	1	2	0	199	99	up	2	512	668.21726749979	1735.44756735728	654.759966963135	1071.12377428513	454.165491443204	812.334006333223	441.301245364333	488.980647472748	512	512	382.954462782454	334.515713071015	-593.730479697249	688.51007342655	201	43	3	23	242	262	135	8	7	100	41155	4803	4237	493	39	39	6	0	0	0	0	0	-671	-15	14	0
10	1	2	0	199	99	up	3	512	665.529276838217	1755.57305644069	642.523966739184	1017.72741662395	427.764271850391	584.173474012049	446.041571874362	507.148244220607	512	512	374.898152213035	320.148591427801	-593.809636196104	688.693751366974	226	33	3	24	226	275	136	3	6	92	41188	4892	4160	448	34	49	2	0	0	0	0	0	-862	-14	12	0
# final_twist	99
# forced_steps	0
# sweeps_total	445152
# completion	PASS
