# format	twist_snake_sector_blocks_v2
# status	NON-CANONICAL floating-point engineering diagnostic
# L	10
# k	1
# chain	1
# kind	5
# kind_name	classMinus
# base	0
# restriction	1
# schedule	up_only
# seed	202609310151
# seam_size	100
# start_twist	1
# chain_initial	hot1CM
# warmup_sweeps	512
# dwell_sweeps	16384
# dwell_long_sweeps	32768
# visit_sweeps	2048
# equilibration_sweeps	32
# post_forcing_sweeps	512
# block_length	512
# segments	100
# seam_order	x2_fastest_then_x3
# class_rule	class0_if_2W_ge_minus_n_else_classMinus
# action_density	minus_sum_logW_divided_by_6L4
# sampling	every_production_sweep_after_full_heatbath_sweep
L	k	chain	kind	segment	n	phase	block	count	sumFn	sumFn2	sumFi	sumFi2	sumBn	sumBn2	sumBi	sumBi2	sumPFi	sumPFi2	sumY	sumY2	sumS	sumS2	hF0	hF1	hF2	hF3	hF4	hB0	hB1	hB2	hB3	hB4	sec0	secMinus	secPlus	secOther	untMinus	untPlus	untOther	pure0	pureMinus	purePlus	flips	classMinus	sumW	minW	maxW	forced
10	1	1	5	0	1	up	0	512	86.2888037234489	211.527728159894	79.2876208494148	100.398699050269	0	0	0	0	85.0241425085602	81.7505829158375	-27.9925526098411	52.4269153440726	-593.544577971162	688.07880958771	41	16	6	3	20	0	0	0	0	0	0	481	0	31	4677	4613	478	0	0	0	0	512	-544	-3	-1	0
10	1	1	5	0	1	up	1	512	80.5481905918899	127.134826601881	85.0031058379592	100.294426758199	0	0	0	0	94.6070238010742	92.721495350335	-18.3011562648808	50.7621255791696	-593.677142151318	688.386173717602	46	20	4	1	24	0	0	0	0	0	0	486	0	26	4574	4526	471	0	0	0	0	512	-538	-2	-1	0
10	1	1	5	0	1	up	2	512	68.7781606053228	150.062981422845	70.1210384465518	83.6122991614438	0	0	0	0	78.2346020764702	74.7852525204555	-25.4527972868577	57.3804234590856	-593.557931192107	688.109845700191	39	18	4	2	15	0	0	0	0	0	0	487	0	25	4571	4553	471	0	0	0	0	512	-537	-2	-1	0
10	1	1	5	0	1	up	3	512	99.7305631340778	184.059439225716	100.25675228127	118.511510164285	0	0	0	0	113.040262122731	109.536439086559	-26.8337683602428	51.4967090390906	-593.662594531036	688.352622575963	59	22	6	2	25	0	0	0	0	0	0	485	0	27	4685	4493	470	0	0	0	0	512	-539	-2	-1	0
10	1	1	5	1	2	up	0	512	415.443058927882	799.482997591933	393.998492017619	439.539081031418	475.723732032575	1026.52735355806	478.516175824252	690.528488305642	473.186744466631	472.811730832961	-43.5732232774409	54.9467194669493	-593.533277752014	688.052544796153	243	100	9	9	112	188	149	12	33	67	171	637	2	214	4474	4488	461	0	0	0	0	512	-1075	-4	-2	1
10	1	1	5	1	2	up	1	512	410.526171218202	650.338438211319	410.171193137684	453.022502550073	474.645758016959	971.414282823023	490.497027090941	727.59721749248	476.106487035446	475.392507615115	-60.6835135379292	58.2506805698088	-593.544402848504	688.078576049692	238	95	8	5	130	178	177	10	11	56	220	546	1	257	4717	4376	475	0	0	0	0	512	-1066	-4	-2	1
10	1	1	5	1	2	up	2	512	400.346791020066	665.762375311058	397.138977692611	443.089368742183	418.97498828226	866.735335070315	423.879500290498	626.105231740372	463.284038034802	462.922271791674	-63.4077214737364	55.4885773055321	-593.431541406144	687.816752011828	260	81	0	6	116	149	156	9	15	44	251	486	0	287	4789	4512	447	0	0	0	0	512	-1070	-4	-2	1
10	1	1	5	1	2	up	3	512	336.816894320376	419.809375529974	349.819593880961	341.749461135766	505.05810057258	1262.38234520527	492.624723684419	767.16078264882	454.619569190381	454.01494454402	-55.9777614503412	53.3012973718775	-593.428181210226	687.80861920097	251	105	6	2	90	152	149	17	49	85	151	684	0	189	4686	4596	479	0	0	0	0	512	-1063	-4	-2	1
10	1	1	5	2	3	up	0	512	83.7113095525145	127.105558027034	87.7202839023016	91.6202999043983	276.541246214424	535.346395759803	286.195886270176	417.511826585457	103.566735508099	101.259069718608	-35.8651247618287	52.6279250027599	-593.566030247859	688.128726551088	56	21	2	1	23	110	107	5	3	26	657	680	0	199	4396	4407	448	0	0	0	0	512	-1083	-4	-2	0
10	1	1	5	2	3	up	1	512	106.352662432206	197.835052327471	104.374829465076	127.961178049411	343.950596425993	777.952612784192	355.38960096928	567.442146808974	114.839301629937	112.370347880924	-49.2315837434691	54.7045471603621	-593.480319091417	687.929683185297	57	20	2	2	33	121	128	9	4	24	603	753	6	174	4600	4444	423	0	0	0	0	512	-1099	-4	-2	0
10	1	1	5	2	3	up	2	512	95.444865030644	109.218645288809	103.056364877198	111.323593871446	317.773248882546	775.465241157754	311.396870960197	479.404907976285	111.650301580602	108.91200208987	-50.3831755852932	52.9900157483765	-593.558818566939	688.111854199457	54	18	4	0	35	124	108	10	0	21	628	732	1	175	4483	4547	395	0	0	0	0	512	-1084	-4	-2	0
10	1	1	5	2	3	up	3	512	88.9109030215767	95.6270666835282	94.5126940326905	97.132247824229	343.867484135673	847.959701310135	334.241704839539	519.533001040102	107.777478272825	105.410899773422	-34.1397435746526	52.8692660152156	-593.538398466957	688.064365904486	63	13	3	0	28	130	117	11	2	18	684	620	2	230	4416	4432	431	0	0	0	0	512	-1085	-5	-2	0
10	1	1	5	3	4	up	0	512	392.21811391319	725.803613262112	385.31716257324	430.999147738158	524.590989616321	1382.11405131307	510.662727572335	834.39779197428	462.642152248855	461.851564880064	-82.3030058213911	61.5500707164309	-593.40791059236	687.762018602865	250	99	5	8	101	172	171	19	16	31	791	881	12	364	4605	4362	497	0	0	0	0	512	-1628	-6	-3	1
10	1	1	5	3	4	up	1	512	422.230309841323	742.987660153641	410.478956892851	465.741946857867	499.635594743515	1053.55396548506	506.304898580281	715.968917848436	469.158688514315	468.508274942148	-73.2848753509429	53.3896105702803	-593.511956098618	688.003007025518	244	85	2	7	131	225	162	12	14	59	741	984	15	308	4455	4405	474	0	0	0	0	512	-1612	-6	-3	1
10	1	1	5	3	4	up	2	512	398.333635402569	743.149959441694	385.65542206249	434.90041075585	488.149230205692	1157.5889880644	491.060749955361	776.235942497617	458.57565652171	457.572747635307	-71.968900127344	62.8662106375794	-593.509165221208	687.99685633891	236	99	5	8	111	182	143	15	40	53	751	1007	3	287	4508	4390	445	0	0	0	0	512	-1591	-6	-3	1
10	1	1	5	3	4	up	3	512	418.271809348502	838.195188562045	402.636419665429	463.491483618769	458.797640738813	1147.19696379229	455.298088502987	699.341741458479	466.962830707193	466.23069682367	-69.1474804624845	58.4980293554503	-593.419187583525	687.788059232699	253	90	6	10	108	196	123	16	23	68	780	924	11	333	4593	4464	437	0	0	0	0	512	-1615	-6	-3	1
10	1	1	5	4	5	up	0	512	109.135848036269	197.605784578961	109.423497767714	120.702575899337	327.10965007724	715.61735456322	336.000797708699	511.486059819865	125.069161198598	123.043569472483	-49.8403780587041	52.7076853373588	-593.533193487628	688.052101373658	64	25	1	2	32	125	122	8	1	21	1178	1084	26	272	4318	4403	455	0	0	0	0	512	-1628	-5	-3	0
10	1	1	5	4	5	up	1	512	96.1104964906389	177.368085519688	95.7285746852128	101.037823985875	444.536221215683	1242.2550561015	430.524453019726	721.680761812586	113.555956414911	111.180545697165	-56.7617583124955	50.6563746936446	-593.536668216694	688.060526807507	66	21	1	2	23	146	139	18	9	29	1240	996	12	312	4404	4359	419	0	0	0	0	512	-1629	-6	-3	0
10	1	1	5	4	5	up	2	512	102.378013977836	155.236830036731	106.078522641279	111.84012984791	308.884705062547	689.776107522459	310.768485780426	465.280372546033	125.651628324052	123.154485962158	-68.270630061135	56.6852371810126	-593.430859416104	687.815186177385	55	31	0	1	36	120	111	8	3	20	1191	1085	17	267	4512	4369	430	0	0	0	0	512	-1628	-6	-3	0
10	1	1	5	4	5	up	3	512	92.5157813928302	97.8878230776177	98.3766540489275	92.5352728410594	322.337587435984	815.70515202439	317.226986832962	477.903445738136	121.176050315074	119.010102992196	-79.0388505565779	57.312409634281	-593.443669980665	687.844923861043	67	23	1	0	29	125	104	11	2	29	1171	1115	10	264	4628	4347	451	0	0	0	0	512	-1641	-6	-3	0
10	1	1	5	5	6	up	0	512	378.329570093191	666.387205397113	377.636376806384	405.044712763175	442.313422131643	881.654630266772	459.846253518052	661.590335448648	467.078555279574	466.37368081739	-88.7780462815087	58.7803019529081	-593.401421949611	687.747210868596	250	110	4	7	96	159	153	9	32	74	1314	1331	25	402	4427	4311	413	0	0	0	0	512	-2145	-7	-4	1
10	1	1	5	5	6	up	1	512	413.496754363194	755.200514252793	402.922692960236	447.512607245795	590.870703031652	1472.84311729977	577.034630734072	903.770779853824	478.232559363396	477.567280226319	-98.3944997524814	64.4575282304935	-593.388381560421	687.716640962205	258	97	3	8	113	195	209	19	8	39	1383	1207	26	456	4475	4272	455	0	0	0	0	512	-2148	-8	-4	1
10	1	1	5	5	6	up	2	512	375.522105908824	481.467037046429	388.471390070498	413.884183356201	434.893908646629	916.933114173245	444.521022287593	663.879256526034	474.087978098015	473.823208205184	-96.2100307462734	66.6439730672931	-593.497305707036	687.96937904188	248	101	6	2	117	179	155	10	8	30	1394	1257	7	414	4531	4260	452	0	0	0	0	512	-2131	-7	-4	1
10	1	1	5	5	6	up	3	512	368.500819672572	429.561935428597	385.100230779262	387.851822860247	554.317487441021	1296.57259920515	551.561081266587	838.200461387074	476.484301983512	475.895885687232	-76.4638420635595	57.8494915231205	-593.377280655184	687.691055718436	260	98	3	1	114	193	186	16	27	49	1378	1224	19	451	4314	4451	407	0	0	0	0	512	-2159	-7	-4	1
10	1	1	5	6	7	up	0	512	124.970696420955	258.46653849404	121.543091657464	161.77753931578	321.648637085048	784.37566433465	321.769676942272	511.534543347141	123.298588732755	119.806338850668	-89.4602820624419	62.6619693876478	-593.352243526258	687.632790059514	61	17	7	3	36	116	112	10	3	21	1802	1327	30	425	4610	4372	418	0	0	0	0	512	-2177	-7	-4	0
10	1	1	5	6	7	up	1	512	111.294901687516	237.16187923768	104.222495553843	114.295931545596	351.156287859122	786.030665071574	350.170685974056	510.822325927034	118.505989746047	116.389885274511	-79.6532907439973	58.0380182578954	-593.454690301794	687.870183101801	64	21	3	3	28	127	132	9	0	32	1777	1425	33	349	4445	4375	442	0	0	0	0	512	-2147	-7	-4	0
10	1	1	5	6	7	up	2	512	132.122692418773	226.068760217447	131.350822671107	152.87139905937	314.667890666611	649.735310280204	319.474505963693	456.153720781897	145.35589936745	143.601600333527	-87.8840949914994	61.6213407640225	-593.51144696567	688.0022845507	76	24	1	2	42	143	111	7	0	24	1745	1477	23	339	4459	4317	453	0	0	0	0	512	-2157	-8	-4	0
10	1	1	5	6	7	up	3	512	96.0436454378306	102.195583822307	100.255954951502	95.2890434611476	332.191689402233	865.683865788138	329.326208665959	522.503836795598	123.522363048235	121.032534462601	-75.8566221741198	56.0179811587031	-593.492281398554	687.957606697545	63	24	7	0	29	125	104	12	5	29	1739	1482	23	340	4215	4414	403	0	0	0	0	512	-2151	-7	-4	0
10	1	1	5	7	8	up	0	512	427.099600079758	854.995638360551	412.860404978831	486.141012570254	508.931456120393	1167.90031166464	508.921851923984	775.364241499481	476.420296613059	475.43187197592	-101.276185405757	64.3031785843231	-593.502509788029	687.981122577057	249	98	1	10	118	179	178	14	17	47	1944	1616	35	501	4182	4271	440	0	0	0	0	512	-2653	-8	-5	0
10	1	1	5	7	8	up	1	512	392.960759699438	652.278558276804	394.539849487822	427.843017823177	448.309356822265	897.180130092563	462.889906480669	673.03834128051	460.089261516138	459.589746610031	-106.44609237107	71.0346738850367	-593.423562818589	687.79840547435	262	81	2	6	109	177	166	9	10	49	1982	1525	28	561	4355	4252	447	0	0	0	0	512	-2675	-7	-5	0
10	1	1	5	7	8	up	2	512	379.579866653514	528.222249461214	388.378374928384	409.774581890965	622.225284842583	1810.8896726782	586.588265888091	993.033562757327	472.841703992021	471.82014931476	-118.399892759695	77.8911878555044	-593.342655899606	687.610702817226	241	106	4	3	119	188	191	27	15	50	1949	1622	19	506	4283	4155	446	0	0	0	0	512	-2663	-8	-5	0
10	1	1	5	7	8	up	3	512	410.525098252876	748.436429818447	400.216591830008	443.236992682264	608.789623396021	1707.37348558077	581.650262208471	941.577420545756	471.362372569079	470.907410900829	-94.5636134256185	67.8852680872364	-593.313125946446	687.542429150901	263	86	6	8	108	201	184	25	16	60	1974	1607	17	498	4333	4382	428	0	0	0	0	512	-2660	-8	-5	0
10	1	1	5	8	9	up	0	512	125.232115944085	181.239935656746	129.948188424021	150.884279747259	344.476427816304	692.471015820671	363.003491667835	544.37789218919	139.717533905497	137.611088500998	-110.336507927307	70.7010832663025	-593.470799993403	687.90769322964	71	22	3	1	43	144	127	7	5	22	2385	1684	48	491	4259	4139	406	0	0	0	0	512	-2665	-8	-5	0
10	1	1	5	8	9	up	1	512	105.109536801276	124.292265698095	113.314465323274	122.375579543212	337.002259206616	681.747732760265	349.136348093808	506.583078784848	128.064442898301	126.297197389641	-93.8024589054644	64.1528450037351	-593.390341274642	687.721291478708	52	30	1	0	43	143	123	7	4	24	2397	1682	47	482	4289	4190	391	0	0	0	0	512	-2658	-8	-5	0
10	1	1	5	8	9	up	2	512	138.738693752834	304.806673433591	140.329600352487	171.589094776923	305.015414824112	641.340188651458	311.112318349248	448.923921201816	152.93878941272	150.237750492734	-85.6333318000672	67.9209877757206	-593.400027452541	687.743729803134	79	32	3	4	34	127	109	7	3	30	2386	1713	36	473	4311	4383	429	0	0	0	0	512	-2682	-9	-5	0
10	1	1	5	8	9	up	3	512	107.919033640333	113.429732421082	119.203178413813	123.894110113184	335.534188560994	612.062149585469	356.264181990325	526.592485206526	139.530023872284	137.748334653735	-114.356357675847	76.8959737547518	-593.410072445409	687.767065976552	79	26	2	0	33	137	135	5	3	16	2381	1680	49	498	4372	4108	391	0	0	0	0	512	-2679	-8	-5	0
10	1	1	5	9	10	up	0	512	399.825024939132	622.011158197256	407.810379793326	441.533780058713	503.697420797582	1016.83246178659	504.381294688394	674.963197555489	480.683883469837	479.896602562523	-116.284001233343	70.7073647350047	-593.282978555872	687.472630957397	263	94	4	5	115	232	165	11	14	71	2520	1918	53	629	4302	4172	432	0	0	0	0	512	-3197	-9	-6	1
10	1	1	5	9	10	up	1	512	434.552482453195	718.321583853163	435.679841116084	515.541112191714	390.164418477878	680.915370134121	408.295752725473	540.839562333145	473.057816820131	472.451308124515	-116.595177291913	74.9910159536765	-593.377992173096	687.692721474195	262	66	3	6	137	207	129	6	8	58	2511	1950	42	617	4200	4113	440	0	0	0	0	512	-3183	-8	-6	1
10	1	1	5	9	10	up	2	512	389.179606750063	641.05549763664	393.386358883788	437.344917963562	502.585964617581	1069.8164971094	502.781741276926	726.685829517873	469.991770736642	469.739782795666	-127.480200841678	73.2794345249199	-593.228655373323	687.346485338635	268	91	2	6	103	204	172	12	16	55	2521	1941	50	608	4336	4234	433	0	0	0	0	512	-3191	-11	-6	1
10	1	1	5	9	10	up	3	512	399.176614406011	593.649300444339	414.939554958474	459.262542543247	501.961832664764	1058.11627138381	504.372664645605	721.468962225442	473.392887773572	472.584199689817	-118.365725456565	75.2550596102494	-593.283454566884	687.473524624698	249	91	3	4	126	225	164	12	14	54	2462	2037	38	583	4219	4119	401	0	0	0	0	512	-3187	-9	-6	1
10	1	1	5	10	11	up	0	512	142.086217910335	278.245257215809	138.448227115101	168.321241450997	340.186664403493	643.78542851419	357.225427634423	516.575983402868	145.796553167878	143.961042754385	-136.346954808972	81.0997564887422	-593.372521288613	687.680083933643	75	22	2	3	44	153	125	6	4	27	2978	2038	35	581	4214	3938	402	0	0	0	0	512	-3203	-10	-6	1
10	1	1	5	10	11	up	1	512	159.155101617832	411.504234247965	152.001332132225	215.009264221892	442.505844671312	1080.20095909328	425.130138032828	625.259513184314	146.447458287476	142.74544629619	-116.172837467221	76.8695136903139	-593.32963534125	687.580479098101	71	24	10	6	38	176	148	14	1	29	3040	1877	61	654	4161	4171	428	0	0	0	0	512	-3193	-9	-6	1
10	1	1	5	10	11	up	2	512	175.704251899085	436.794704057384	163.689939792054	229.510631020393	362.697307521619	824.387646105912	360.702897307847	520.715563323183	155.901131832258	153.612476626897	-114.464079262925	74.6042136206304	-593.255721870028	687.409442854268	79	17	4	6	50	151	123	10	2	37	2879	2189	60	504	4156	4213	452	0	0	0	0	512	-3195	-9	-6	1
10	1	1	5	10	11	up	3	512	149.9808596944	292.109561591387	146.338553792804	182.168965116603	315.978940315675	734.490077854505	307.167798545751	444.428862446634	149.063545437782	147.055351922463	-112.397431486994	69.3629906169128	-593.439746978067	687.835706674039	70	22	4	3	50	122	110	9	2	30	2984	2047	49	552	4207	4209	434	0	0	0	0	512	-3177	-8	-6	1
10	1	1	5	11	12	up	0	512	430.94963673663	748.473244154774	434.948465542239	519.804217089129	528.863645378222	1002.21740166443	540.387387837056	749.21311598045	471.871414229278	471.237277862425	-139.520219868993	84.5228899035205	-593.287018298892	687.481707606277	263	70	2	7	130	210	207	9	5	58	3101	2295	58	690	4180	3904	389	0	0	0	0	512	-3712	-10	-7	0
10	1	1	5	11	12	up	1	512	426.069223535388	642.881677944549	434.542501712884	500.822110869279	442.549490109143	726.157072757747	457.978368146985	594.946476772148	464.084689523523	463.855663105014	-154.739199024941	96.2116177290935	-593.301180519922	687.514659011741	243	65	4	4	148	203	168	5	11	53	3147	2180	68	749	4369	4006	470	0	0	0	0	512	-3720	-10	-7	0
10	1	1	5	11	12	up	2	512	452.897973956007	902.622692649024	447.487892222485	561.203286159666	507.76630450508	1034.57259507346	509.585702831588	715.322242444345	462.832519162066	461.81049636164	-143.628052586901	91.359942775951	-593.138549660748	687.137875006958	245	66	2	10	139	224	176	11	10	47	3102	2277	62	703	4314	4157	431	0	0	0	0	512	-3712	-10	-7	0
10	1	1	5	11	12	up	3	512	438.668003942574	690.776577153053	448.144980418465	529.962551959362	471.498787017883	1054.92557667513	462.120324963493	648.301290314291	477.597095242802	476.609604841209	-135.380046543028	79.6690127437589	-593.214492247321	687.313753553437	252	68	8	5	145	219	147	13	6	58	3121	2238	58	727	4275	4165	402	0	0	0	0	512	-3708	-10	-7	0
10	1	1	5	12	13	up	0	512	136.109536801276	238.290049759047	137.058853463142	160.690870650206	385.845238210058	762.978779870709	388.233580326366	516.414691498125	143.429776696408	141.873250142156	-138.710265030009	84.1286015038899	-593.261699479464	687.423243283918	64	25	2	2	49	192	129	8	3	36	3526	2339	81	710	4101	4038	409	0	0	0	0	512	-3723	-11	-7	0
10	1	1	5	12	13	up	1	512	141.281746070019	309.733501996474	138.522528286651	174.155436918126	338.480493125682	665.539751248007	344.123149009885	451.923887173002	146.824252893348	145.097737410734	-133.716888094687	87.5883657363742	-593.24458427083	687.383182985172	80	24	3	4	36	166	112	7	3	53	3377	2674	61	544	4156	4058	455	0	0	0	0	512	-3724	-10	-7	0
10	1	1	5	12	13	up	2	512	134.036587784401	191.968985116699	137.66038120142	153.113004595635	394.226244531945	744.380121002856	406.379505227183	553.76758092455	151.607296318117	149.517344742582	-131.917407026832	79.4796753464891	-593.241514821428	687.376226495956	74	27	3	1	47	178	144	7	2	53	3592	2347	50	667	4043	4195	429	0	0	0	0	512	-3715	-9	-7	0
10	1	1	5	12	13	up	3	512	142.779233570649	240.554793190749	143.617424754235	165.010347953554	371.021512788179	870.94551599488	348.67715857518	473.185714713628	151.0020024174	148.536472021282	-122.590451483395	73.6460920139596	-593.169736774347	687.210023690451	78	22	3	2	47	158	122	11	1	33	3442	2514	80	620	4024	4256	452	0	0	0	0	512	-3718	-11	-7	0
10	1	1	5	13	14	up	0	512	486.397494111326	995.284341203091	470.960957021979	604.975170552028	468.094575081018	900.740220052264	468.698199465344	605.691397386061	469.602433311022	468.731132358358	-173.240530854377	105.851386583465	-593.222984559373	687.333689884543	236	59	5	11	159	221	161	9	6	67	3670	2604	87	807	4171	3887	376	0	0	0	0	512	-4235	-12	-8	0
10	1	1	5	13	14	up	1	512	486.445091582571	1023.77347153304	467.950771176466	593.296007039493	492.665011598523	847.530026732644	502.983405245441	623.07564774556	474.949360570293	474.443381227622	-163.992190069599	98.6562000371596	-593.378806587653	687.694693104762	252	59	3	12	149	257	174	7	1	66	3634	2671	86	777	4132	4018	360	0	0	0	0	512	-4233	-11	-8	0
10	1	1	5	13	14	up	2	512	422.099600079758	744.505618349636	425.789858835921	512.063519441901	503.031789337587	982.87370800101	512.901275287397	705.003150630764	461.183605482515	460.156712018155	-162.435769506572	93.4545161998328	-593.212176875725	687.308471840365	237	78	9	7	130	224	172	10	14	76	3706	2604	67	791	4112	4000	430	0	0	0	0	512	-4221	-11	-8	0
10	1	1	5	13	14	up	3	512	424.77132950382	703.963268297374	429.859240122133	486.268669619907	496.140139897574	1119.00762013181	487.768575596167	668.823047545995	473.655977450609	473.078626921912	-163.474342996995	102.117775172963	-593.162571372383	687.193546205123	260	74	1	6	132	236	152	14	4	65	3664	2720	55	729	4141	3966	456	0	0	0	0	512	-4224	-11	-8	0
10	1	1	5	14	15	up	0	512	115.393202250021	129.93572124087	128.675789626627	150.540195674666	333.064085260683	545.514033133659	342.548911700684	421.707337659971	134.702928625155	132.870039966281	-166.894316625436	106.026697550735	-593.197537742876	687.274650406587	72	18	3	0	41	174	120	4	2	44	4056	2841	85	698	4024	3873	423	0	0	0	0	512	-4228	-11	-8	0
10	1	1	5	14	15	up	1	512	129.358760396272	147.305124755269	135.937484669483	147.234682440539	342.117780695995	720.69274607107	348.09528761394	502.987093351271	146.741823829141	144.696039882687	-154.818809395903	88.1875931254672	-593.358835607878	687.648426166347	80	15	3	0	47	145	119	8	4	45	4100	2696	98	786	3976	3864	385	0	0	0	0	512	-4228	-11	-8	0
10	1	1	5	14	15	up	2	512	142.671842700025	242.38805376123	145.633563066363	172.422449047264	364.424765035681	730.030660939889	373.276190815922	506.957449435877	152.041847124587	150.680145108322	-153.644031430771	92.1542623721132	-593.444860183686	687.847661652426	76	23	1	2	49	190	116	8	1	48	4074	2789	90	727	3875	3788	372	0	0	0	0	512	-4242	-11	-8	0
10	1	1	5	14	15	up	3	512	125.15916692721	176.892263219084	130.693656540976	146.821383732441	381.369036945681	908.173453353624	377.308654318958	537.45431144075	146.402339847644	144.822045608422	-154.403493380324	90.5715455027454	-593.214243883676	687.313297059567	77	26	3	1	40	174	113	12	5	52	4052	2771	93	764	4056	3968	402	0	0	0	0	512	-4256	-12	-8	0
10	1	1	5	15	16	up	0	512	449.936481119134	932.723357430738	437.385528019143	542.72795057472	482.251596077576	885.79964275124	494.149597811362	671.303383871513	469.401907766108	468.738665550152	-195.503210392705	118.709289102575	-593.169156579413	687.208562843349	243	81	2	11	132	228	172	8	10	37	4247	2970	87	888	4067	3744	369	0	0	0	0	512	-4755	-13	-9	0
10	1	1	5	15	16	up	1	512	466.579866653514	961.457287740956	461.227472210062	605.713949130114	505.086444462262	1256.04620143502	477.074078384185	671.751316486509	475.094303184035	474.347760911622	-179.799995217443	112.252246361854	-593.328076557111	687.577027505964	237	79	3	11	145	209	154	17	7	65	4219	2936	126	911	3992	3824	411	0	0	0	0	512	-4772	-13	-9	0
10	1	1	5	15	16	up	2	512	444.31952009571	749.991663717994	453.808848483904	561.039091794216	477.345831330703	1029.54686869575	484.129808489553	708.472108083186	476.58811232133	475.67136157824	-165.802394721442	102.986994506171	-593.052283701659	686.937769760239	226	85	3	6	157	198	154	12	20	70	4158	3053	99	882	4083	4006	401	0	0	0	0	512	-4772	-14	-9	0
10	1	1	5	15	16	up	3	512	457.97498828226	945.495864912477	441.323526233022	541.441379227838	482.959800010075	1032.14065910839	470.742465709622	634.995579435288	472.012197802128	471.849488180264	-190.543984780847	117.520602606771	-593.248108868356	687.391390967976	241	79	4	11	137	224	156	12	7	60	4339	2910	66	877	4336	3783	397	0	0	0	0	512	-4741	-12	-9	0
10	1	1	5	16	17	up	0	512	151.109536801276	330.398696879356	145.021937505099	191.607119752098	349.863418826295	865.68475133742	341.591008204687	497.8833852977	150.447326472749	149.150095544374	-164.22984631841	95.9040617005417	-593.286492339476	687.480546709825	68	30	3	4	47	168	96	12	5	41	4598	3172	106	828	3962	3810	398	0	0	0	0	512	-4774	-14	-9	1
10	1	1	5	16	17	up	1	512	119.612049300647	175.413327035094	127.478486402928	152.824880913873	346.217040947863	672.704270606793	351.912919956816	476.092921109326	133.491481857289	132.223999103852	-161.335923762317	99.7204973021939	-593.202566072763	687.286076664593	70	19	0	1	42	179	112	7	5	34	4704	2955	121	924	3895	3948	437	0	0	0	0	512	-4764	-14	-9	1
10	1	1	5	16	17	up	2	512	154.313195579716	219.226195181975	163.083087414764	198.891867229891	341.682119249433	636.065695914282	350.606469540361	464.354324721265	165.982117233268	164.376802822882	-167.303103974778	99.827609486689	-593.233440909401	687.357544926117	81	23	4	1	57	166	120	6	2	45	4587	3150	138	829	3833	3862	375	0	0	0	0	512	-4773	-13	-9	1
10	1	1	5	16	17	up	3	512	133.852182587524	190.066544278399	134.36489815946	147.832860682239	317.785444810679	650.68475960079	323.21956506791	449.781534559678	147.220462103479	145.170898681732	-168.149869172497	103.51079565082	-593.123483704843	687.102796128817	72	25	9	1	44	138	110	7	5	44	4664	3153	95	792	3982	3863	391	0	0	0	0	512	-4741	-13	-9	1
10	1	1	5	17	18	up	0	512	461.983118901016	882.755295048486	455.588657194787	574.528342334613	490.092542426329	1032.97968607842	479.624742953631	624.331511344045	475.349978661645	474.487085141591	-194.965417560414	118.926364279744	-593.242101733142	687.377726926726	237	75	2	9	152	240	155	12	3	75	4873	3240	106	997	3902	3705	368	0	0	0	0	512	-5269	-14	-10	0
10	1	1	5	17	18	up	1	512	421.345831330703	590.575692430108	441.90902118831	502.588764714151	551.130089900093	1208.32160864327	540.499341709588	773.575894385222	483.27818482714	482.867566937524	-191.865088170106	119.802022966827	-593.13473957161	687.129051389029	254	79	3	3	144	220	191	14	9	71	4794	3321	131	970	3900	3796	410	0	0	0	0	512	-5259	-13	-10	0
10	1	1	5	17	18	up	2	512	449.994241863824	861.367706786166	447.169469304247	555.834303978463	515.470443128201	1194.30828821888	491.466767678756	683.252092585623	468.968511897295	468.539889944691	-195.234243622331	119.801863500928	-593.184890141452	687.245411020498	244	73	1	9	142	206	162	15	22	57	4784	3422	85	925	3927	3743	393	0	0	0	0	512	-5278	-15	-10	0
10	1	1	5	17	18	up	3	512	515.679126905382	1212.95218447045	487.695430220278	655.695321060739	471.226244531945	930.187218618506	472.501252650384	611.44103824892	480.186596356912	479.589822162489	-195.103685019808	122.721042283183	-593.112644162807	687.077857053713	255	58	3	16	149	250	150	10	2	54	4864	3291	89	972	3874	3808	378	0	0	0	0	512	-5253	-14	-10	0
10	1	1	5	18	19	up	0	512	155.435774722525	299.932179043742	153.464448640466	188.212041177524	353.81582135505	715.599169815298	362.106283244232	504.785606026938	152.047731386766	150.653830065202	-188.902627934902	122.786678119927	-593.149101784593	687.162230030561	76	18	0	3	54	188	109	8	4	37	5316	3352	109	951	3858	3842	424	0	0	0	0	512	-5265	-14	-10	0
10	1	1	5	18	19	up	1	512	196.040653093779	462.164111703468	189.169257413813	262.185479753097	375.918187226933	911.277668595837	362.155522857005	532.457805690222	180.963604156215	179.652406524684	-196.754241477802	120.104156258018	-593.077399064961	686.996250661094	88	25	2	6	60	154	118	12	5	52	5204	3407	146	971	4020	3736	416	0	0	0	0	512	-5279	-13	-10	0
10	1	1	5	18	19	up	2	512	182.201739399715	412.615995251659	174.238978796322	238.369934554181	379.240359838805	868.884318065655	368.31614837046	529.262128869363	161.561030575409	160.695188083909	-186.912255842585	114.757226521465	-593.053497542886	686.940734814897	77	16	2	5	61	176	116	11	5	44	5338	3222	127	1041	3787	3701	365	0	0	0	0	512	-5281	-14	-10	0
10	1	1	5	18	19	up	3	512	152.418553795651	297.09138097515	149.389016675331	191.928928346814	330.645644740996	501.512702743894	346.48503568532	426.364922300427	148.159028094656	146.583149908157	-195.321074291274	119.06183404753	-593.300053951643	687.512005368909	70	21	2	3	53	181	120	3	2	43	5290	3359	125	954	3758	3643	338	0	0	0	0	512	-5266	-14	-10	0
10	1	1	5	19	20	up	0	512	461.330643058518	763.573035782262	458.382714848447	535.636616892084	521.885891303837	1118.98767668038	510.522234721573	686.07454987108	489.942559463524	489.718898380407	-205.964725837685	127.572601846226	-593.161319314582	687.190959633684	253	70	3	6	158	232	171	13	8	80	5220	3904	138	978	3780	3677	350	0	0	0	0	512	-5839	-16	-11	1
10	1	1	5	19	20	up	1	512	436.219186878516	766.401856211277	440.418473046789	524.449760749769	455.350856329444	900.469697825961	452.583336977735	569.53461881822	477.280117004785	476.847178352996	-215.556621832406	136.187609040564	-593.023580250997	686.871427342694	241	86	1	7	142	250	135	10	7	68	5309	3761	132	1038	3864	3719	390	0	0	0	0	512	-5806	-14	-11	1
10	1	1	5	19	20	up	2	512	428.599120235077	641.573031650577	432.773939963192	478.764467874888	471.672069251952	891.812056967931	469.584219696418	596.920894771369	477.073588298147	476.916921804605	-208.827854321312	127.6299383685	-593.051663441438	686.936693930605	252	73	1	4	147	242	152	9	9	71	5343	3810	112	975	3842	3687	388	0	0	0	0	512	-5787	-15	-11	1
10	1	1	5	19	20	up	3	512	467.581899308203	929.406292221058	452.249410085129	557.840206555753	459.180679715389	916.247975838932	456.527590762432	591.346439808756	472.736954862777	471.512722999937	-196.633231595191	124.268263929746	-593.00259213269	686.822816685077	234	73	3	10	152	235	147	10	1	77	5325	3793	124	998	3691	3815	385	0	0	0	0	512	-5775	-14	-11	1
10	1	1	5	20	21	up	0	512	127.742759062211	141.948584429729	138.928478924471	145.137830588885	422.286997620687	921.375236020907	428.263501120762	610.231857962334	154.181761363557	152.776514406348	-215.227130220354	133.877632018803	-592.944021293184	686.687308973514	85	23	0	0	45	202	135	11	2	44	5826	3817	115	994	3876	3620	401	0	0	0	0	512	-5787	-15	-11	0
10	1	1	5	20	21	up	1	512	168.2169276719	391.427965454203	160.954889317809	224.032784987488	382.361979292251	812.45905057615	376.457301873275	507.687465871627	155.280668628434	153.926039991842	-213.857614163445	135.578966118093	-593.180387164203	687.234869841502	74	21	3	5	52	161	137	9	0	41	5919	3625	139	1069	3692	3608	407	0	0	0	0	512	-5789	-16	-11	0
10	1	1	5	20	21	up	2	512	165.12675772815	387.157455622954	163.669942362136	231.90356212177	361.397380835362	858.839525522417	343.180940570017	483.924339160311	156.020268748715	154.637883543445	-217.610976925109	131.74057593975	-593.134048424312	687.12745988041	74	24	1	5	51	155	117	11	2	26	5825	3804	125	998	3759	3521	385	0	0	0	0	512	-5787	-15	-11	0
10	1	1	5	20	21	up	3	512	166.94845049534	299.13528383742	170.957864911585	201.485402440759	407.960759699438	999.083439953406	405.482077030603	625.440282558826	187.020240337577	184.362109340402	-222.695391357664	141.049864171133	-592.95139611215	686.704228138518	95	37	7	3	47	154	136	13	4	43	5798	3740	168	1046	3885	3508	369	0	0	0	0	512	-5836	-15	-11	0
10	1	1	5	21	22	up	0	512	470.366044601629	957.115373439469	457.624949592142	580.728586760738	543.327650714466	1159.73225010873	538.686354945843	759.267655127822	472.738894326144	471.891877188495	-234.943548333111	154.372878081964	-593.056965196622	686.948767221876	259	59	6	11	138	218	189	13	13	67	6125	3802	116	1221	3773	3598	379	0	0	0	0	512	-6287	-15	-12	1
10	1	1	5	21	22	up	1	512	476.47247578289	907.906959481783	476.649569867013	611.024453838903	443.571736034758	862.599190473723	440.070762021032	560.846089380831	469.108547478767	468.714864877047	-224.677834283164	146.150092706241	-593.084951924372	687.013335312354	239	57	1	9	163	225	144	9	6	59	6016	4006	133	1109	3586	3671	375	0	0	0	0	512	-6277	-16	-12	1
10	1	1	5	21	22	up	2	512	491.333635402569	1296.46925298548	473.078583154852	701.96101895769	448.390436457896	794.25507675993	460.223345277381	591.203765609753	461.715371317987	460.943614658269	-219.44466509684	136.671336211417	-593.105438462346	687.060944569729	220	86	9	19	128	215	154	7	12	85	5915	4010	171	1168	3753	3604	374	0	0	0	0	512	-6331	-19	-12	1
10	1	1	5	21	22	up	3	512	470.307324167576	1009.20673375619	460.910146744946	609.907959763533	462.290103240702	847.28168042356	471.50798212952	603.401947292637	466.709479876975	466.087672565292	-229.059295941865	143.265320063104	-592.988393286815	686.789748052344	228	77	3	12	147	234	155	8	8	65	6001	3855	163	1245	3524	3649	393	0	0	0	0	512	-6313	-16	-12	1
10	1	1	5	22	23	up	0	512	164.322285887835	381.590268873941	158.692449455063	208.663669592022	366.469370162875	725.659045618127	369.248515822844	467.849555409171	156.614433849366	155.387744582663	-209.929352835423	129.713686047911	-593.110030615346	687.071609887047	83	20	1	5	47	195	113	8	1	71	6429	4112	143	1092	3502	3701	346	0	0	0	0	512	-6300	-15	-12	0
10	1	1	5	22	23	up	1	512	170.993055622534	240.000922734448	181.266364984603	212.360803975111	358.13500162287	762.103387536522	355.644189405859	472.678792712451	184.488818790481	180.687595371285	-222.209417640448	141.308980048214	-593.170524859515	687.211762522784	84	30	7	1	64	175	111	9	4	57	6278	4327	147	1024	3579	3435	392	0	0	0	0	512	-6308	-16	-12	0
10	1	1	5	22	23	up	2	512	148.435774722525	247.14947328436	151.116810273317	182.201619418591	350.54937683318	728.361923859879	356.900281533973	516.519307244025	159.986008063703	158.804621580874	-230.979319639663	147.155799963109	-593.133029424165	687.125081042394	84	23	0	2	50	158	120	8	4	34	6463	3974	161	1178	3634	3502	367	0	0	0	0	512	-6306	-16	-12	0
10	1	1	5	22	23	up	3	512	158.109536801276	340.343265349677	155.529309035004	200.461601708799	322.334595091932	532.463033482077	330.050189511192	395.832389929875	154.197393554062	152.515193122945	-212.16773967301	127.388790131861	-593.08199774899	687.006884355357	72	25	2	4	51	170	116	4	0	44	6462	4081	141	1092	3550	3552	335	0	0	0	0	512	-6309	-17	-12	0
10	1	1	5	23	24	up	0	512	479.882785683822	899.835114302747	478.234949094481	598.804716410995	432.897973956007	725.54065332403	439.788290026269	522.504410591008	480.817433855368	480.402785827439	-259.243640021034	172.120769658827	-593.048068814335	686.928017414026	264	52	1	9	155	245	142	6	6	58	6542	4299	182	1265	3632	3308	372	0	0	0	0	512	-6835	-19	-13	1
10	1	1	5	23	24	up	1	512	433.747050923516	647.734008812234	446.121161695795	514.348307144668	502.946644392578	1057.57702695156	501.135858378903	683.439281931236	483.947660592621	483.760967585825	-258.313733276138	173.869014274493	-593.050630953637	686.934283578507	253	76	2	4	149	232	165	12	8	60	6408	4454	197	1229	3882	3499	365	0	0	0	0	512	-6846	-17	-13	1
10	1	1	5	23	24	up	2	512	432.927390811015	720.494538654397	441.17041742852	512.834193104615	511.841286176644	1149.4701550615	494.489092852464	680.663256843623	482.272769029402	481.714206197411	-240.639045702088	156.062477944472	-593.024542998659	686.873669260233	249	85	1	6	141	219	166	14	9	68	6486	4395	178	1229	3567	3480	301	0	0	0	0	512	-6821	-16	-13	1
10	1	1	5	23	24	up	3	512	506.858507103518	987.361952781674	498.112858432179	637.344800517325	495.86149944757	1036.65950285367	485.189899584505	637.116493819353	484.934591027983	484.35496386138	-234.548662566984	147.755133790362	-592.982575578202	686.77615987838	245	52	3	10	175	260	154	12	1	49	6579	4214	172	1323	3499	3606	395	0	0	0	0	512	-6852	-18	-13	1
10	1	1	5	24	25	up	0	512	159.276721071279	303.431515914701	161.542452907925	212.670554650358	294.295014963479	606.276321679331	299.7065588269	398.778467076039	162.420923342002	158.91366718778	-245.790473841813	158.853816770965	-592.985112411798	686.782571930044	72	28	5	3	54	157	88	7	4	35	6936	4425	197	1242	3602	3373	399	0	0	0	0	512	-6825	-16	-13	0
10	1	1	5	24	25	up	1	512	228.896787714718	650.499810633239	210.922928803221	320.968700965312	377.311276200991	912.930436866973	364.168464098542	531.900941729813	203.620913159933	200.652256364285	-255.798276576144	170.146294002848	-593.07267034943	686.985062450677	97	36	3	10	58	157	117	12	8	38	6802	4628	197	1173	3729	3324	335	0	0	0	0	512	-6841	-17	-13	0
10	1	1	5	24	25	up	2	512	147.139913345647	278.018205406348	147.128835878573	171.26964291411	359.785444810679	695.868798228949	364.517149873325	490.403803356047	159.745395899202	158.450169094268	-231.288443366658	152.275549906392	-592.982076904808	686.775503200984	86	25	4	3	41	178	123	7	3	30	7014	4368	172	1246	3562	3575	375	0	0	0	0	512	-6819	-18	-13	0
10	1	1	5	24	25	up	3	512	144.07102963815	241.623973458568	148.300817556383	172.507563405014	321.656767703803	520.207153806567	334.347542300086	415.439960589422	155.538380302218	154.814246371194	-252.175787050676	168.214885613816	-593.153982796326	687.173186056658	82	23	0	2	48	188	107	4	1	46	7000	4483	147	1170	3660	3387	352	0	0	0	0	512	-6814	-17	-13	0
10	1	1	5	25	26	up	0	512	441.627464124759	842.001849600581	444.01222506481	549.558008877699	512.26175935102	958.686567884521	516.208740329715	687.415583773469	475.127626297494	474.521807156213	-256.933161764471	179.891987867078	-593.024335119267	686.872972884151	249	81	5	9	131	249	183	9	1	48	7131	4641	172	1368	3561	3555	367	0	0	0	0	512	-7345	-19	-14	1
10	1	1	5	25	26	up	1	512	474.193835332886	971.753960527036	465.856572821221	593.234977226317	493.483598745697	1035.54597901478	486.039768628093	635.395528710365	471.984327399078	471.56332809274	-255.551297243922	170.92616027949	-592.927917702816	686.649719264889	243	66	4	11	148	250	154	12	4	57	6989	4838	195	1290	3570	3463	397	0	0	0	0	512	-7355	-18	-14	1
10	1	1	5	25	26	up	2	512	436.171589407271	809.105628265681	428.657812542105	511.876393252736	458.583931962892	955.550415024559	463.168330246718	629.446169655626	477.319707854449	476.809258994043	-258.971215091952	172.851724636982	-593.039105687503	686.907580114535	217	102	9	8	141	211	142	11	15	90	7052	4848	163	1249	3597	3441	336	0	0	0	0	512	-7371	-19	-14	1
10	1	1	5	25	26	up	3	512	441.929423465704	628.14199362984	465.001092469606	556.601225008316	512.436001274452	1057.48922122702	498.439668576204	628.868763367941	476.575283393036	476.143336477449	-256.107332612189	168.032799421822	-592.977770304163	686.765167945587	250	60	3	3	161	262	162	12	2	63	7132	4688	161	1331	3498	3466	345	0	0	0	0	512	-7328	-18	-14	1
10	1	1	5	26	27	up	0	512	156.143978655025	337.945038100916	150.051686281939	193.154312876948	364.589916650995	608.220906676393	373.965450111248	450.500348667347	150.31668294304	149.300810228352	-260.84243847092	178.942973022123	-592.992906976395	686.800443122998	72	22	2	4	50	213	120	5	1	45	7466	4809	245	1304	3409	3207	337	0	0	0	0	512	-7346	-18	-14	0
10	1	1	5	26	27	up	1	512	171.871436169087	394.882954622408	163.358387191147	215.717627939779	427.977980626312	1090.27678717824	402.88992792411	584.952621370766	159.355530677963	158.208604583761	-257.999869034662	176.942834521571	-592.965041852929	686.735631714097	79	20	2	5	53	176	132	15	1	50	7611	4674	202	1337	3480	3348	377	0	0	0	0	512	-7363	-19	-14	0
10	1	1	5	26	27	up	2	512	146.225058290656	211.042160685501	156.459499966324	185.570717464595	353.779346846612	711.966353258964	356.433392248261	458.649886690073	162.28688058449	160.907943884484	-247.357944533041	165.300107469992	-593.073253555014	686.986425009315	74	30	1	1	56	191	106	8	6	41	7420	4834	270	1300	3378	3315	329	0	0	0	0	512	-7351	-18	-14	0
10	1	1	5	26	27	up	3	512	161.543165593149	258.396036099824	166.423125695735	196.414525300866	350.814861665687	650.470134403074	349.961301826634	441.485583975129	172.534730526836	170.982205139633	-262.554176928145	182.450907885816	-593.002420314665	686.822312913874	98	19	3	2	51	166	127	6	0	48	7538	4739	203	1344	3510	3350	362	0	0	0	0	512	-7352	-18	-14	0
10	1	1	5	27	28	up	0	512	462.892948957267	845.42935368756	471.47375577033	594.894821375955	438.438993618504	920.602732670852	432.473524471045	549.801387341259	479.032044879327	478.901634920319	-277.559473171487	191.998331762091	-592.928787531911	686.651697838054	241	72	3	8	155	237	128	11	2	71	7707	4968	208	1453	3472	3326	340	0	0	0	0	512	-7864	-20	-15	0
10	1	1	5	27	28	up	1	512	463.860539758207	847.914056271096	463.877340802108	571.540736529532	483.599120235077	956.865717399045	483.06092031347	640.826761036998	482.377344381551	481.718247212011	-284.440539780534	203.240856921981	-592.951995049325	686.705475890132	234	79	6	8	156	232	163	10	6	56	7592	5157	215	1372	3528	3181	345	0	0	0	0	512	-7870	-19	-15	0
10	1	1	5	27	28	up	2	512	471.47247578289	971.181901191128	464.670177402365	608.798205812614	466.309356822265	860.93622805663	477.371935495511	634.559008473856	473.802053387019	473.361587614146	-272.353301444168	198.174097338281	-592.983612573417	686.778726432874	231	77	6	11	149	229	164	8	3	55	7804	4819	187	1526	3414	3262	383	0	0	0	0	512	-7849	-19	-15	0
10	1	1	5	27	28	up	3	512	418.230309841323	584.930012684915	439.032479060397	501.786926793638	463.253628732264	927.460393360971	469.904006893543	643.638020641458	474.760527915185	474.239738486577	-274.427141627874	186.68172246929	-592.940480495533	686.679073165532	260	69	2	3	141	221	151	10	9	71	7572	4999	261	1504	3411	3357	329	0	0	0	0	512	-7886	-21	-15	0
10	1	1	5	28	29	up	0	512	201.025464821594	351.487396416548	214.641135253288	300.844718413491	369.900966300059	822.651948828815	364.434278853439	508.111948222708	195.266086193709	193.063929189654	-271.931288163689	183.243224072092	-592.928953058802	686.652229614269	99	19	9	3	68	168	119	10	2	52	8001	5331	211	1305	3406	3262	308	0	0	0	0	512	-7854	-19	-15	0
10	1	1	5	28	29	up	1	512	202.604991647217	427.428414426371	195.840841412674	250.231475771329	385.302185892872	808.699402151584	379.319585127428	522.257780659347	197.252936738163	196.041597722712	-266.531711154221	183.392400965041	-592.973132720962	686.754532191935	105	23	0	5	63	175	132	9	2	37	7863	5325	274	1386	3433	3261	357	0	0	0	0	512	-7933	-20	-15	0
10	1	1	5	28	29	up	2	512	173.426684414407	368.406242640837	176.942155019719	248.25910567811	327.896900990681	575.481214098314	337.192441560494	428.78187052079	159.750314779154	158.252821430772	-256.704790055754	169.138270478499	-592.961703649729	686.727977423444	62	25	4	4	64	170	113	5	3	46	8349	4787	197	1515	3201	3384	328	0	0	0	0	512	-7827	-19	-15	0
10	1	1	5	28	29	up	3	512	173.806617770968	280.038614356688	180.720132996633	217.586857485852	333.737847339434	546.869687909917	343.83329680091	425.974607370044	181.979261873225	180.444733900389	-263.730687264623	177.257267983448	-592.892508974249	686.567914040554	93	24	1	2	62	174	121	4	1	45	7915	5326	240	1367	3374	3228	261	0	0	0	0	512	-7911	-20	-15	0
10	1	1	5	29	30	up	0	512	455.884818338511	865.196531346866	440.659802414401	525.981643809931	426.021626064143	685.638665589583	436.891717085237	536.514620350103	478.032784684907	477.747487419481	-289.174644700406	204.103748466614	-592.874736716433	686.526719605199	249	74	5	9	141	227	149	5	4	79	8049	5600	242	1469	3448	3287	322	0	0	0	0	512	-8409	-22	-16	1
10	1	1	5	29	30	up	1	512	439.038846991017	741.370816537866	442.65518677701	545.549476049457	450.617300851314	976.92202208295	440.615751811519	591.796012105957	465.941856159112	465.384555373158	-299.540325095833	214.960986810894	-593.009825722202	686.839307940912	229	74	5	6	152	236	131	12	5	60	8239	5463	191	1467	3356	3159	302	0	0	0	0	512	-8355	-22	-16	1
10	1	1	5	29	30	up	2	512	432.26881700445	789.059501200992	429.312138838971	497.976932331578	455.518040599446	939.613379920663	444.867137405407	555.382430914199	484.433469999224	483.735443925895	-292.744184116593	209.69277857575	-592.87761319092	686.533188317704	250	94	3	8	129	246	134	11	3	78	8220	5384	225	1531	3434	3156	335	0	0	0	0	512	-8413	-21	-16	1
10	1	1	5	29	30	up	3	512	438.931456120393	694.583234059904	441.563492405227	501.664075610884	431.184745024767	730.447534303797	436.549246668455	522.721179015985	485.474504927236	485.067448159724	-289.83732237283	211.172860360292	-592.871504107343	686.519192617865	247	81	2	5	150	225	148	6	5	80	8157	5501	223	1479	3513	3317	373	0	0	0	0	512	-8393	-22	-16	1
10	1	1	5	30	31	up	0	512	200.334481815969	475.993825945135	194.89664197383	298.403139118404	386.973915316934	846.99740532743	387.556948796748	562.739858567692	171.710328834478	169.691194613569	-290.256101873673	206.129866711864	-592.82455426864	686.410577210032	73	21	6	6	67	174	128	10	3	41	8721	5423	224	1504	3309	3076	343	0	0	0	0	512	-8366	-19	-16	0
10	1	1	5	30	31	up	1	512	189.881599442532	418.554801454119	189.812323613176	261.604359142558	416.050929643187	1002.6244596159	409.113497510242	607.345125036579	182.881957056819	181.192867506787	-289.650524100979	206.744489124249	-593.041400645192	686.912727398765	80	31	4	5	62	170	135	13	3	44	8496	5765	251	1360	3290	3097	355	0	0	0	0	512	-8395	-21	-16	0
10	1	1	5	30	31	up	2	512	164.779233570649	302.66122437201	165.668009992812	201.205284708412	379.499746707246	762.136651412351	392.624929343017	557.806137680997	168.935338146301	167.936303612995	-293.789364617316	211.905214022094	-593.004281268172	686.8267090122	94	19	2	3	51	177	131	8	4	32	8585	5725	212	1350	3317	3143	332	0	0	0	0	512	-8367	-21	-16	0
10	1	1	5	30	31	up	3	512	166.463158922844	267.744157509656	172.409914559319	208.580023866944	451.581899308203	779.508291524223	464.41042461758	618.427104662685	185.906147949375	185.146616409116	-300.108749985913	216.764429749761	-592.814018347366	686.386056520979	91	35	1	2	57	210	173	6	3	39	8429	5739	284	1420	3639	3046	331	0	0	0	0	512	-8412	-21	-16	0
10	1	1	5	31	32	up	0	512	500.335668057258	1084.32957032344	481.840598016728	630.835757203528	494.568743690706	921.949091245489	493.012269060122	608.361359672996	472.100516205523	471.144944332676	-315.374925887261	235.232845614812	-592.872632500571	686.521605647544	253	50	0	13	156	258	165	9	2	68	8721	5859	258	1546	3329	3162	329	0	0	0	0	512	-8893	-21	-17	0
10	1	1	5	31	32	up	1	512	506.086444462262	1168.50518177252	493.083061537958	686.346343739858	454.524138563513	842.325138445346	460.445343039398	601.530773272952	478.445360605763	477.959927093522	-298.552183387874	219.459437117679	-592.96677427799	686.739475814566	241	67	2	15	153	229	156	8	3	58	8475	6081	303	1525	3373	3159	363	0	0	0	0	512	-8953	-22	-17	0
10	1	1	5	31	32	up	2	512	428.730789686005	744.969030565235	434.439708831809	512.424683803862	505.64372536227	904.27237595857	513.865426055603	661.964497104635	471.292103877637	470.635752071452	-317.080855200195	243.541689208855	-592.873776534613	686.524287973761	261	71	4	7	128	253	176	8	8	57	8923	5662	210	1589	3205	3140	395	0	0	0	0	512	-8864	-21	-17	0
10	1	1	5	31	32	up	3	512	467.813901976325	925.580569148688	470.488624099685	614.769737905495	438.061092916632	764.593424074177	446.601327203717	542.951172478453	472.462601676952	471.672896666935	-294.493982071565	212.15729645857	-592.811992041875	686.381304311253	244	68	2	10	149	255	138	7	3	64	8598	5932	279	1575	3236	3196	333	0	0	0	0	512	-8949	-24	-17	0
10	1	1	5	32	33	up	0	512	149.298007307531	206.8244216044	166.098622751562	206.734996744743	450.254588421627	1054.07058502792	435.171639594514	656.017398049542	178.838702665844	177.104559248338	-303.957889501862	222.84202676955	-592.819363392502	686.398585197602	84	38	4	1	51	175	155	13	6	26	9260	5764	250	1622	3300	3097	333	0	0	0	0	512	-8911	-21	-17	0
10	1	1	5	32	33	up	1	512	194.570549793468	379.800033879818	199.32780386696	264.474480341734	380.143132241625	591.846189866302	389.716033031576	464.728058070794	195.42635482068	194.274480821257	-311.484684256241	234.012711039553	-592.813249829432	686.384099398364	101	26	1	4	63	219	132	4	1	46	9112	5981	270	1533	3312	3194	299	0	0	0	0	512	-8935	-24	-17	0
10	1	1	5	32	33	up	2	512	192.789396844094	464.953914252163	179.959582280214	246.788871242138	392.519000288809	847.389866176645	379.262179692974	500.940684453513	173.910259651305	172.121292791347	-300.443425544035	220.230174892247	-592.866326900036	686.506935743781	75	26	1	6	64	188	126	10	2	44	9271	5699	300	1626	3207	3161	314	0	0	0	0	512	-8916	-22	-17	0
10	1	1	5	32	33	up	3	512	136.12675772815	155.292710538578	151.20160685851	176.884957191739	388.705438140375	766.431997940351	384.920638324219	497.127997967753	156.00284971441	154.742145826107	-304.014725221775	217.965762806316	-592.91826595124	686.627511667683	82	21	3	0	50	191	131	8	2	46	9241	5813	252	1590	3282	3070	326	0	0	0	0	512	-8895	-22	-17	0
10	1	1	5	33	34	up	0	512	448.892948957267	819.78411878285	459.1418610303	562.568919542473	474.935521429771	833.181909454498	481.923406832684	617.327752977054	486.291197693154	485.232661296898	-321.400410011163	244.311037540254	-592.832751877705	686.429380408403	245	87	1	8	144	233	171	7	4	63	9305	6128	268	1707	3223	3020	329	0	0	0	0	512	-9444	-22	-18	1
10	1	1	5	33	34	up	1	512	450.305291512887	708.27990519331	456.601648439882	539.704029115235	428.002372482579	729.549529475277	437.949790819166	537.944891297953	480.804265535014	480.297151053583	-321.314754206298	243.045102880844	-592.770019915358	686.283979072535	259	60	4	5	153	216	148	6	8	78	9261	6134	311	1702	3185	3057	328	0	0	0	0	512	-9449	-24	-18	1
10	1	1	5	33	34	up	2	512	460.489696709764	768.856404670684	464.418348133825	566.553441333684	486.426910966334	881.936677028799	492.791452642497	630.531022103908	472.014460224618	471.892519425988	-316.072192988184	236.136729901157	-592.656814370124	686.022074838979	249	54	1	6	162	244	171	8	1	66	9354	6027	280	1747	3203	3232	321	0	0	0	0	512	-9409	-22	-18	1
10	1	1	5	33	34	up	3	512	454.639660052892	802.132680901479	459.073986622516	569.788146288344	481.911242849467	883.227591678702	482.477484281768	603.917259926603	469.219868142199	468.813004308504	-318.318463865287	236.388312123198	-592.870563285365	686.517166721954	235	68	0	7	159	218	174	8	6	86	8982	6531	319	1576	3206	3021	306	0	0	0	0	512	-9474	-23	-18	1
10	1	1	5	34	35	up	0	512	170.600926337839	304.395150550542	173.778710697616	201.986381749367	310.340693055999	406.720243547353	326.196803701854	392.059312747987	186.527935087832	185.111307993495	-325.507882968098	244.601125585519	-592.887546047847	686.556471597044	103	29	2	3	50	161	122	1	5	46	9739	6224	301	1656	3230	2956	339	0	0	0	0	512	-9442	-23	-18	0
10	1	1	5	34	35	up	1	512	198.534075285031	463.005354612544	191.044901011097	256.964192431521	344.225171566619	675.156603127153	340.548484148863	448.276331928022	190.614080009048	189.553951392568	-324.647059499043	246.079779354566	-592.696281080801	686.113219262088	92	31	1	6	60	167	116	7	3	46	9731	6295	273	1621	3244	2939	334	0	0	0	0	512	-9427	-23	-18	0
10	1	1	5	34	35	up	2	512	188.050816367224	302.753919210185	192.242506208718	233.168645715482	358.482525780371	689.677226234365	360.097060998373	467.056814929847	193.246737950924	192.159484075608	-322.164341711395	242.755547288772	-592.809012338394	686.374462695938	89	28	2	2	72	179	120	7	3	48	9764	6346	248	1562	3149	3079	306	0	0	0	0	512	-9414	-24	-18	0
10	1	1	5	34	35	up	3	512	146.199706745026	232.26565790278	156.232844364088	180.952671462433	284.526057942238	604.325995072833	290.244975471471	409.400031058519	180.563966469228	177.791015262786	-323.471803628131	242.926166819108	-592.82466496403	686.410756230774	96	38	3	2	40	121	91	7	10	57	9569	6517	297	1537	3296	3103	316	0	0	0	0	512	-9432	-23	-18	0
10	1	1	5	35	36	up	0	512	507.794648394761	1090.56904048128	494.682451408168	655.008756750335	496.408617074133	1104.30473362669	485.94009252658	653.338307840326	488.276414241072	487.292424955028	-337.627152605403	263.54957013252	-592.719494254651	686.166850066381	257	59	2	13	157	255	140	14	9	73	9601	6812	344	1675	3266	2990	336	0	0	0	0	512	-10011	-25	-19	0
10	1	1	5	35	36	up	1	512	507.274914968517	1056.63157293196	495.465958080243	649.961872275524	504.55558807321	985.899870955841	506.183236791529	669.705175937532	490.763037144457	490.023372853637	-340.614050914623	262.375768416123	-592.756823988198	686.253783872261	249	65	2	12	164	230	174	10	10	66	9948	6507	257	1720	2996	2944	321	0	0	0	0	512	-9913	-25	-19	0
10	1	1	5	35	36	up	2	512	482.195867987575	940.946867043071	473.148736658481	584.272404530716	455.948677047267	842.829796875369	467.88216268886	624.485599116297	485.965355417718	485.38556174352	-337.800251109462	260.445052626034	-592.725688470929	686.181302454364	252	65	7	10	152	213	153	8	17	75	9862	6550	266	1754	3073	3007	311	0	0	0	0	512	-9959	-24	-19	0
10	1	1	5	35	36	up	3	512	449.420813002267	829.765938166613	454.044441628834	579.077304166387	538.797754014776	1147.52870047456	525.959438378825	711.842780627955	469.813638872308	468.529886642956	-334.683850916988	256.322688554644	-592.763923459868	686.270123239154	229	79	4	8	150	233	184	13	6	69	9918	6339	322	1853	3124	2938	304	0	0	0	0	512	-9948	-25	-19	0
10	1	1	5	36	37	up	0	512	211.509796704727	279.370330380531	227.24047587762	265.030518710644	380.40144614474	923.036868048234	362.474445700488	541.78349621807	240.552550023866	239.437579123635	-341.361445817449	268.570154862043	-592.84200208823	686.451179187344	125	36	3	1	75	157	124	12	2	27	9996	6961	342	1645	3177	2850	318	0	0	0	0	512	-10043	-25	-19	0
10	1	1	5	36	37	up	1	512	188.68200597347	417.004469063262	180.236367331466	225.902562720629	353.300153238183	609.750397671482	357.010127286361	455.328232618521	182.03695999851	180.414285242515	-326.94090944617	243.110508200798	-592.871899348509	686.519888896523	81	32	2	5	62	178	125	5	6	38	10200	6722	324	1698	2923	2820	267	0	0	0	0	512	-9948	-23	-19	0
10	1	1	5	36	37	up	2	512	161.931229568466	268.831073553229	165.511215284841	208.151254180291	392.080346498195	702.385442561919	398.957217601356	520.140078696555	163.940010350401	162.775040146328	-349.372678406564	277.238067274824	-592.748958370348	686.23552615898	81	21	2	2	59	182	145	6	3	50	10433	6400	295	1816	3069	2835	277	0	0	0	0	512	-9929	-24	-19	0
10	1	1	5	36	37	up	3	512	164.253402180338	379.468762696458	163.019035197704	223.638581444575	348.651742705063	560.040422640418	359.814372715609	446.261457232957	165.362080293141	164.602311830898	-339.505078575825	265.917625079757	-592.758036084428	686.256422334646	83	30	1	5	46	188	124	4	1	53	10376	6576	279	1713	2987	2760	305	0	0	0	0	512	-9936	-24	-19	0
10	1	1	5	37	38	up	0	512	467.656880979767	960.357067799725	461.184928564479	574.350384115506	433.727797341953	809.432010335406	442.454161125042	587.38371568786	485.129360803381	484.156420307849	-356.568874375765	292.279306941243	-592.802261686531	686.358686720035	237	90	4	11	144	210	140	8	15	86	10286	6999	340	1831	2934	2865	310	0	0	0	0	512	-10463	-27	-20	0
10	1	1	5	37	38	up	1	512	500.856474448829	1045.63245848124	493.708196289789	647.459652331958	498.755181542272	971.74953691231	513.896056533718	705.696569233237	493.527643791965	493.039377254698	-339.743679983085	259.569096811971	-592.87179140678	686.519675210662	244	72	7	12	158	237	167	10	9	75	9840	7599	400	1617	2828	2854	313	0	0	0	0	512	-10588	-26	-20	0
10	1	1	5	37	38	up	2	512	488.476541092268	1073.35263592163	478.796895044509	636.412819601094	452.468410473512	892.421363085595	463.480934714499	613.138123003988	477.819640802611	477.503841331473	-370.406253190981	307.700660630962	-592.775365997094	686.296521397405	229	80	1	13	155	233	128	10	22	95	10310	7017	324	1805	3059	2767	279	0	0	0	0	512	-10463	-26	-20	0
10	1	1	5	37	38	up	3	512	493.745018268827	1035.32159211653	481.394378397333	619.084677703997	520.59302227101	1147.71493851503	499.52263128984	664.663065633198	487.901768710155	487.560724881915	-346.330962234816	275.384138367589	-592.822555448219	686.405764860643	248	71	2	12	155	257	161	14	3	51	10415	6976	285	1780	2746	2883	268	0	0	0	0	512	-10474	-29	-20	0
10	1	1	5	38	39	up	0	512	228.275761381916	424.839068286879	228.402682166822	290.868281373218	414.412682383511	767.475468357193	422.383448051747	567.358570355863	229.640228232646	227.463054055772	-338.776658898891	259.794119558013	-592.882157477435	686.543944132263	106	36	4	4	80	189	151	7	4	55	10484	7375	404	1705	3072	2803	273	0	0	0	0	512	-10564	-27	-20	0
10	1	1	5	38	39	up	1	512	187.881599442532	382.390722804131	183.145244954961	236.347923090139	372.297160894132	625.295416766646	391.374488989066	501.583195936826	174.891076424254	174.184368643121	-344.342946454637	270.82162190156	-592.757272384996	686.254731875727	80	22	1	4	68	191	129	5	6	68	10854	7014	314	1786	2877	2945	281	0	0	0	0	512	-10468	-25	-20	0
10	1	1	5	38	39	up	2	512	242.419626760977	526.447937827429	241.444080029548	340.84869404054	363.766191229116	687.402721102134	365.401047803305	464.433403953514	219.90245698621	218.97868708675	-348.855129987969	276.147274605797	-592.795887952582	686.343743483421	101	26	0	6	86	199	115	7	4	40	10869	6859	357	1883	2933	2795	295	0	0	0	0	512	-10463	-25	-20	0
10	1	1	5	38	39	up	3	512	217.653662083788	415.764121619512	219.771919421407	291.152285556552	325.748970302242	489.508707442911	335.434677207708	398.301073375866	211.438199061414	210.198882797262	-353.580209221008	281.522776449424	-592.726307489274	686.183048998561	100	28	0	4	79	185	112	3	7	41	10818	6956	366	1828	2955	2773	280	0	0	0	0	512	-10479	-26	-20	0
10	1	1	5	39	40	up	0	512	456.655808014441	927.508274997483	448.189068741992	549.550476336632	386.123878660062	693.681662244146	384.039053581482	447.844158073911	483.704093171476	483.149250154628	-369.862449398977	312.824472756437	-592.681826960037	686.080361382982	270	76	4	11	124	236	111	7	3	76	10711	7479	405	1885	3024	2719	333	0	0	0	0	512	-11083	-29	-21	1
10	1	1	5	39	40	up	1	512	446.288070586013	738.629793570021	444.997567196112	510.575028489767	423.56061307195	742.966818757872	425.353888984749	486.605185992208	483.167817563987	482.912392080098	-357.747887059393	290.020397132634	-592.753906131136	686.246848571288	257	71	2	6	147	242	130	7	5	93	10837	7384	361	1898	2910	2772	321	0	0	0	0	512	-10991	-27	-21	1
10	1	1	5	39	40	up	2	512	466.1229189707	843.4905474851	451.548260295953	530.255546135322	466.199933296953	952.583229928219	457.901734042714	566.910192058175	482.180500736228	481.763744222927	-372.734456276995	309.942000235762	-592.619260142263	685.93513613389	254	64	5	8	151	246	139	11	4	92	10948	7351	327	1854	2835	2796	298	0	0	0	0	512	-10960	-25	-21	1
10	1	1	5	39	40	up	3	512	436.199933296953	728.419151278232	442.554035464034	520.24133676269	433.295128239443	796.800960745951	429.204014193388	529.905009182698	477.395731892757	476.966976032727	-361.971201932535	295.624470410343	-592.847592756234	686.463713997857	246	79	1	6	145	250	133	8	2	66	10906	7383	318	1873	2934	2859	282	0	0	0	0	512	-11010	-26	-21	1
10	1	1	5	40	41	up	0	512	173.648523809084	427.369869013308	162.098105040415	214.537732460851	504.460279854756	1303.44575494186	485.451759289939	743.542085621748	165.814470908589	164.603732816899	-377.11417491124	316.132899585302	-592.694985357373	686.110210594536	91	22	1	6	45	201	158	18	2	42	11558	7006	363	2065	2824	2602	275	0	0	0	0	512	-10975	-26	-21	0
10	1	1	5	40	41	up	1	512	178.119700074721	286.121543362649	184.928161016217	227.96711123919	424.361979292251	851.833775649611	424.330265923507	569.289313338767	188.599807870065	187.426267793301	-370.628455994434	308.578244614408	-592.749431472345	686.236359863005	89	30	4	2	64	205	145	9	2	34	11399	7334	353	1906	2830	2687	279	0	0	0	0	512	-10983	-27	-21	0
10	1	1	5	40	41	up	2	512	175.253402180338	316.411115227731	172.930151431688	211.831360644585	313.311276200991	605.932652806021	322.996350563446	432.865081174705	176.218672445713	174.613453819744	-374.399284732288	312.244813457259	-592.681693652193	686.079511883117	99	16	2	3	56	145	111	6	2	39	11562	7113	335	1982	2844	2664	277	0	0	0	0	512	-10962	-26	-21	0
10	1	1	5	40	41	up	3	512	204.319293543783	358.61422828478	201.141338701416	239.288879279264	458.952629080682	1239.95483285493	427.866736283254	640.676857679055	199.934270389155	198.025815452428	-361.688952193183	295.93643837434	-592.566259613089	685.812321629504	104	18	0	3	74	190	132	18	4	38	11461	7261	352	1918	2895	2822	284	0	0	0	0	512	-10966	-26	-21	0
10	1	1	5	41	42	up	0	512	477.431935965074	931.45595735119	479.168911942094	601.07564263922	481.255661386953	986.679907672322	473.967424581302	609.227277645483	489.251191111667	488.438013975499	-399.685359562328	351.100259705519	-592.527551979888	685.722932588233	260	69	1	10	149	234	156	11	4	71	11689	7402	331	2082	2876	2691	289	0	0	0	0	512	-11458	-25	-22	1
10	1	1	5	41	42	up	1	512	493.747050923516	1005.16194947633	487.125684690025	636.373135363805	480.678167216019	790.093658889474	496.653223530318	632.787545970921	479.458824787151	478.648040773932	-394.010129170697	341.366058532499	-592.696269085741	686.113310163368	241	62	1	11	164	249	165	6	15	65	11849	7194	322	2139	2806	2637	279	0	0	0	0	512	-11456	-27	-22	1
10	1	1	5	41	42	up	2	512	516.998307173201	1185.21028421669	497.683951446939	680.126602242488	515.199933296953	1025.03334650953	508.550952246164	664.220727194793	483.169594504702	482.744728982752	-381.177297251231	321.611883307829	-592.628903922262	685.957199936266	242	64	2	15	160	262	167	11	5	56	11285	7909	386	1924	2838	2669	280	0	0	0	0	512	-11542	-29	-22	1
10	1	1	5	41	42	up	3	512	521.626504435396	1014.96816567438	514.175407661116	680.125335694144	459.425838001008	975.447081199943	453.977254201447	565.877384874955	484.357100020777	483.729738544021	-390.699103704696	340.782938867671	-592.602909816639	685.897395692349	239	44	3	10	188	257	128	12	1	85	11408	7736	374	1986	3025	2709	280	0	0	0	0	512	-11525	-27	-22	1
10	1	1	5	42	43	up	0	512	183.229123600034	373.239503211318	182.990698711595	238.809943402769	399.953702046008	705.561939560282	397.783599149178	493.026622885825	180.869946541679	179.297804257651	-402.510845347021	357.928895364879	-592.544217951699	685.76156197656	76	33	5	4	63	197	144	6	2	54	12129	7499	348	2040	2843	2516	291	0	0	0	0	512	-11487	-27	-22	0
10	1	1	5	42	43	up	1	512	198.271696072538	298.049706446983	212.019108877502	258.489713402359	429.940546428512	903.756621306567	433.826191326106	616.742396195447	233.988216931552	231.924175520487	-352.134700154825	281.631080406598	-592.813714029042	686.385652797971	116	47	4	2	64	181	150	10	5	60	11260	8644	428	1684	2710	2739	287	0	0	0	0	512	-11681	-31	-22	0
10	1	1	5	42	43	up	2	512	186.712382517841	400.788056240241	184.326555336798	235.232953066352	375.757100920998	943.85460878201	361.639732889794	525.816003587685	195.482170523667	193.121748665832	-385.604572391849	330.712962614064	-592.691721261371	686.103306043798	99	36	6	5	50	157	112	13	3	67	11781	7945	395	1895	2807	2693	256	0	0	0	0	512	-11534	-28	-22	0
10	1	1	5	42	43	up	3	512	190.920106605659	406.952583862397	187.198806899395	237.5564271875	399.125911314751	933.657274519563	395.888674241593	585.958297972795	208.029036159469	206.210912599702	-373.132824022911	306.900706720164	-592.856139841477	686.48385551168	98	48	3	5	54	173	124	12	5	63	11739	8072	382	1823	2651	2522	273	0	0	0	0	512	-11533	-27	-22	0
10	1	1	5	43	44	up	0	512	494.846311175384	1108.17790589015	475.169054088185	629.903243516047	477.787590741332	826.346873653767	493.800978009165	631.48103022395	482.039272913736	481.953055882446	-407.796138886412	361.662355188492	-592.656175493024	686.020536753914	251	69	3	14	145	244	163	7	11	69	11953	8180	358	2037	2758	2513	271	0	0	0	0	512	-12013	-27	-23	1
10	1	1	5	43	44	up	1	512	465.925358156326	809.86261177903	475.656746585559	601.453035188236	493.199933296953	999.982346857948	487.843327603117	644.675827266893	479.783623071842	478.646203944596	-407.305250729498	367.821428098495	-592.685141321804	686.08771984142	248	60	7	7	157	242	159	11	7	65	11784	8327	425	1992	3011	2619	280	0	0	0	0	512	-12080	-29	-23	1
10	1	1	5	43	44	up	2	512	477.628537090085	797.518053224752	490.445603611732	626.020137782001	532.208063915708	1172.18856140333	528.973504001584	761.254032294003	486.287059035565	485.408364795208	-412.248444082506	366.341819255113	-592.568227603335	685.81698998354	240	62	3	6	175	230	172	14	13	68	12062	8187	330	1949	2820	2538	280	0	0	0	0	512	-11982	-28	-23	1
10	1	1	5	43	44	up	3	512	465.274914968517	808.795651581943	475.332018133542	595.494021563289	474.328610403829	892.515384181851	475.024384251858	595.618821032051	484.433633060985	483.756812907468	-395.438967315003	345.207450580617	-592.73119860652	686.194332860504	249	68	3	7	158	252	153	9	3	75	11432	8795	469	1832	2807	2604	282	0	0	0	0	512	-12113	-28	-23	1
10	1	1	5	44	45	up	0	512	274.494608432541	463.935301190497	277.550009274789	330.064112408359	427.745018268827	620.860395839982	451.311451084119	549.953854740263	290.369653112121	288.827380686846	-373.050999305696	311.495416170364	-592.733942645664	686.20074412682	160	34	6	4	86	228	162	3	3	51	11593	9034	569	1844	2793	2527	298	0	0	0	0	512	-12242	-30	-23	0
10	1	1	5	44	45	up	1	512	184.944385185963	409.419097566326	179.574360358601	249.949980302602	323.347750709428	568.079881229537	333.123487259566	432.291877813145	170.825037225453	169.164070344036	-387.887293866715	328.741368480128	-592.66576792734	686.042874428768	89	16	3	5	57	170	109	5	5	43	12626	7935	379	2100	2581	2498	282	0	0	0	0	512	-12006	-27	-23	0
10	1	1	5	44	45	up	2	512	194.645531465032	385.234181652255	194.620547140259	260.149983706879	386.684151904122	842.285210225633	375.12081103855	504.731722865817	187.598748069933	185.924581386617	-397.210791251442	345.995671674721	-592.514188245243	685.692122237264	88	26	5	4	66	179	125	10	3	48	12263	8511	420	1846	2748	2620	280	0	0	0	0	512	-12013	-28	-23	0
10	1	1	5	44	45	up	3	512	193.873468823776	489.375194704056	182.949537344733	246.291151222115	365.225171566619	730.453720753716	373.352073673757	507.795987723579	186.925795540847	184.78936980592	-398.165519652408	348.136193618343	-592.581361018959	685.847762631117	96	32	2	7	50	187	115	8	5	50	12371	8141	457	2071	2767	2615	246	0	0	0	0	512	-12020	-28	-23	0
10	1	1	5	45	46	up	0	512	469.487664055075	882.206733756193	471.469991133745	570.333958491694	498.346904296029	901.176151318321	510.119863591428	672.077115752245	490.410456248855	490.003701076475	-420.354319620004	384.166827247557	-592.461714532999	685.570406478749	260	72	1	9	148	233	179	8	6	79	12616	8357	415	2164	2721	2432	241	0	0	0	0	512	-12512	-30	-24	1
10	1	1	5	45	46	up	1	512	431.524138563513	607.839550312528	448.240783193147	520.961819391015	492.961832664764	1151.55529174314	476.859088052968	664.844115306378	475.704304115979	475.328912990356	-415.813630635392	376.133087963312	-592.512555494258	685.688151191785	257	62	3	3	151	217	144	15	16	83	12782	8045	407	2318	2528	2566	246	0	0	0	0	512	-12487	-28	-24	1
10	1	1	5	45	46	up	2	512	443.276947623206	744.937558446396	459.183796601084	566.494729765813	476.860539758207	778.235565753927	490.102777882498	581.951059026604	474.052785871297	473.785990774291	-419.338730437465	386.190997177108	-592.686183081391	686.090324294132	238	76	0	6	154	270	162	6	1	72	11706	9524	545	1777	3168	2482	319	0	0	0	0	512	-12652	-30	-24	1
10	1	1	5	45	46	up	3	512	464.772402469146	777.563727185587	470.025864750604	569.740728936516	543.259726696331	1216.90164205441	523.055919706428	711.855402026534	483.060090859213	482.89892190137	-427.503194115014	395.841665404353	-592.633195178193	685.967399024162	239	69	2	6	167	252	170	15	6	67	12749	8349	331	2123	2741	2409	242	0	0	0	0	512	-12501	-32	-24	1
10	1	1	5	46	47	up	0	512	186.231156254723	251.756135149233	198.952972987423	232.855450724989	371.486591089749	707.874568760181	390.384427498639	556.917057655568	210.515492283536	209.382555577197	-411.646577995228	370.889691915557	-592.590819996367	685.869010826637	109	32	1	1	67	181	127	7	4	48	12952	8470	476	2166	2558	2447	237	0	0	0	0	512	-12549	-29	-24	0
10	1	1	5	46	47	up	1	512	237.582745721602	444.201375011965	232.484336791197	302.358817177229	440.458247200067	943.769476232056	429.057276017119	584.961867915484	218.527846037434	217.41210596631	-422.574705537783	384.401722298765	-592.627506369151	685.954384095889	103	19	4	4	89	208	143	11	3	51	12664	8885	509	2006	2697	2336	275	0	0	0	0	512	-12614	-32	-24	0
10	1	1	5	46	47	up	2	512	210.622212574091	472.351251819957	204.241411434412	268.160606087033	355.939473463185	601.965475973052	366.302587763066	442.110993618903	203.917828339033	202.810043740143	-413.959569252051	376.217347477729	-592.504339674368	685.669079417241	111	25	0	6	61	198	120	5	1	53	13279	8212	371	2202	2468	2583	261	0	0	0	0	512	-12514	-28	-24	0
10	1	1	5	46	47	up	3	512	206.44593799597	351.034182478592	212.674203633662	256.837572979099	354.969850007556	755.263475017212	351.510746944466	461.129035342213	215.943466851299	214.891163342922	-415.41933026674	374.936650441652	-592.632673548785	685.966483692208	117	27	3	3	67	180	108	9	2	58	12864	8647	462	2091	2685	2391	257	0	0	0	0	512	-12552	-29	-24	0
10	1	1	5	47	48	up	0	512	454.76630450508	755.470595770298	475.840853700318	601.292947214439	486.686297834775	994.60363887856	482.724925271984	636.826904462853	485.267281502475	484.287511012122	-415.831519994379	375.598718698047	-592.700280244602	686.12272827621	248	72	4	6	155	221	159	11	10	94	12817	9164	483	2112	2567	2430	218	0	0	0	0	512	-13090	-30	-25	0
10	1	1	5	47	48	up	1	512	485.963865319453	914.661727056084	481.889190082735	613.345596928082	469.459320165393	766.050641576486	487.976297439599	594.264484652644	483.663695407587	483.178973863604	-432.920108302754	404.002365234176	-592.41509627073	685.462635335196	250	59	3	9	163	267	156	6	4	77	13342	8345	465	2424	2532	2425	267	0	0	0	0	512	-13070	-34	-25	0
10	1	1	5	47	48	up	2	512	457.831122903199	972.077681817229	455.381003677054	594.795307795737	540.647790671648	1421.12603308434	528.380316482743	864.265678778818	491.049018156663	490.418928275833	-423.738597904249	394.228213797024	-592.657941867114	686.024699820508	250	99	5	12	126	191	164	20	15	89	12067	10002	601	1906	2801	2339	261	0	0	0	0	512	-13325	-34	-25	0
10	1	1	5	47	48	up	3	512	493.004405137268	893.356631222611	507.229471960899	682.821031479672	466.740952959449	960.153073325079	452.445388643481	546.646375868316	481.883929259796	481.628033939807	-409.536062834688	364.702265109277	-592.460113482571	685.566944716569	241	52	7	8	174	238	143	11	6	76	12730	9074	556	2216	2588	2589	284	0	0	0	0	512	-13131	-31	-25	0
10	1	1	5	48	49	up	0	512	197.635368191588	416.886060242424	203.032043627126	279.503731793213	368.818926975065	616.39918303669	379.910707719775	456.939548684421	193.386904274162	192.165062664637	-428.160316169854	395.623991641136	-592.53447967225	685.738816195819	111	18	1	5	57	204	125	5	1	62	13438	8892	524	2234	2675	2377	299	0	0	0	0	512	-13062	-32	-25	0
10	1	1	5	48	49	up	1	512	236.858280551591	665.399145851525	216.437454037918	318.997157129461	347.137034277559	515.320685908825	365.521714856126	436.981322269589	196.510335247129	195.288719252461	-450.732641210829	431.951458082516	-592.469184000516	685.5878081065	99	22	1	10	65	200	122	3	3	43	13841	8610	383	2254	2451	2272	229	0	0	0	0	512	-13000	-30	-25	0
10	1	1	5	48	49	up	2	512	215.795494808161	454.37077108933	214.35646369901	297.955935555352	397.686184558811	814.531332332299	386.962738344836	495.023711552965	196.730427260934	195.324062028011	-430.533927849511	397.103327889337	-592.566428325507	685.812798572724	90	24	3	5	76	196	131	9	1	45	13743	8669	404	2272	2481	2357	244	0	0	0	0	512	-13036	-30	-25	0
10	1	1	5	48	49	up	3	512	297.616227885988	550.374778785368	312.125606283184	431.460987149897	482.993282174461	892.637788303671	480.400172174061	618.525896064745	286.771235110887	285.420065724768	-418.835471253262	379.765776848881	-592.841337782149	686.449255876839	137	32	4	5	108	218	180	8	2	58	12177	10591	603	1717	2847	2279	316	0	0	0	0	512	-13502	-38	-25	0
10	1	1	5	49	50	up	0	512	448.731862651331	669.92203860969	454.196813661479	523.019114624235	450.753148887583	748.073258202504	455.373109869775	528.889958187311	491.045161308271	490.862633467126	-447.65200656836	425.422029359524	-592.577859068431	685.839636236868	256	71	2	4	158	244	152	6	5	87	13487	9335	483	2295	2444	2287	221	0	0	0	0	512	-13604	-33	-26	0
10	1	1	5	49	50	up	1	512	456.687257524138	906.706066495468	448.933689962231	556.491384051543	439.376207875074	677.330455872724	444.64901457167	491.668639362595	476.036591851349	475.456990204969	-435.688561878667	406.890709129699	-592.545994036111	685.765353536839	239	81	6	10	140	280	137	5	1	79	13703	8954	512	2431	2356	2329	236	0	0	0	0	512	-13587	-30	-26	0
10	1	1	5	49	50	up	2	512	423.498787017883	766.313597382883	428.319524275215	537.740203654241	428.373215531022	748.285671592857	426.01897012996	489.313229481691	489.144229398799	487.882202199889	-418.98101072192	385.587284258673	-592.714153626114	686.154991535284	255	100	13	8	114	229	131	7	13	119	11908	11399	682	1611	2737	2363	260	0	0	0	0	512	-14002	-37	-26	0
10	1	1	5	49	50	up	3	512	426.556547762573	749.523358257075	423.223725036794	495.51996918812	432.01445513475	946.237761034549	405.623738732886	486.420107894018	468.064050509836	467.150369852226	-465.583625825388	457.555715958607	-592.472421765022	685.594895532979	240	81	8	7	132	237	118	12	4	71	13942	8792	450	2416	2375	2230	220	0	0	0	0	512	-13507	-30	-26	0
10	1	1	5	50	51	up	0	512	182.875501478465	362.459454099782	183.438740686711	237.008670721485	445.286997620687	1107.23998110528	429.023858193231	622.642803197204	187.535629025735	186.932954707657	-447.907735497056	432.801888831102	-592.536909795197	685.744465111004	101	26	0	4	56	194	136	15	1	46	14245	8967	491	2409	2300	2235	233	0	0	0	0	512	-13560	-33	-26	0
10	1	1	5	50	51	up	1	512	235.722545791285	461.482078989171	229.650705378513	282.131228243585	419.571736034758	701.756621306567	449.137740643942	629.813237767051	239.21645544893	237.876977704762	-430.249543365398	402.594704128693	-592.627123479535	685.953444312528	128	32	3	5	72	197	161	5	6	30	13362	10129	581	2040	2623	2188	286	0	0	0	0	512	-13700	-34	-26	0
10	1	1	5	50	51	up	2	512	237.335554781295	392.031089253632	249.292392890225	311.426911909771	470.026651062883	988.823140794855	465.766686146373	645.665277464502	254.182356538374	253.156241291024	-425.611503200708	389.792188141528	-592.560958371827	685.800130695592	120	44	5	3	83	215	162	11	1	37	13386	10163	575	1988	2734	2162	281	0	0	0	0	512	-13687	-33	-26	0
10	1	1	5	50	51	up	3	512	162.491502812526	262.871425955	166.098079554081	194.935096543123	480.468410473512	1044.00451864348	478.274775207377	681.192032531386	171.822745228835	169.973104504054	-449.57328880085	430.234180922808	-592.380315584065	685.382277899521	92	21	3	2	54	205	166	12	4	44	14445	9016	376	2275	2393	2348	219	0	0	0	0	512	-13491	-31	-26	0
10	1	1	5	51	52	up	0	512	488.495794673831	883.166830326591	488.159092430247	607.459755939478	453.017560754765	719.219596945053	465.892370986098	568.083735243751	488.342315254628	487.874591959283	-467.93857410113	462.936691910734	-592.652048295497	686.011042059055	248	59	3	8	170	241	158	5	11	59	14681	8949	400	2594	2174	2185	204	0	0	0	0	512	-14019	-31	-27	0
10	1	1	5	51	52	up	1	512	444.70854376039	742.635559969568	448.300953353822	525.792132333709	488.960872975401	888.557079368443	494.301891512114	639.166130440424	474.556903815313	473.767530813613	-456.496345645578	441.529559349895	-592.611038592624	685.916354941146	243	71	5	6	150	227	173	8	10	77	14378	9319	464	2463	2293	2222	231	0	0	0	0	512	-14050	-32	-27	0
10	1	1	5	51	52	up	2	512	452.334708367895	682.608515597139	465.555395594958	551.530882780055	495.599120235077	1037.30030588028	489.823685115775	665.054359960483	482.821495335723	482.447644652151	-451.168517531206	433.854154732375	-592.417843769873	685.469175765057	243	67	4	4	165	248	155	12	4	70	13877	9826	585	2336	2363	2309	262	0	0	0	0	512	-14138	-34	-27	0
10	1	1	5	51	52	up	3	512	463.502852327261	877.745978188441	462.920523922084	572.22395790588	474.380273184451	849.06660212199	480.919135137815	592.728954238544	477.208495038739	476.753396017773	-449.696984054671	436.210203602892	-592.689135675876	686.096811914433	253	66	2	9	147	262	151	8	7	71	13131	10917	639	1937	2805	2171	270	0	0	0	0	512	-14259	-34	-27	0
10	1	1	5	52	53	up	0	512	261.974875006297	460.782755339603	265.173593440248	325.033116524568	407.370109911007	867.561049879315	403.901550167909	554.492161129422	272.337924456455	271.768236894316	-445.775936440645	423.301029726481	-592.530193023241	685.729137553542	132	42	3	4	91	185	135	10	2	65	14011	10354	613	2158	2526	2271	240	0	0	0	0	512	-14250	-36	-27	0
10	1	1	5	52	53	up	1	512	237.97583469566	470.37077108933	238.63711152157	311.395193733247	424.995201553186	867.011154065571	427.962693268638	578.362982437393	229.819922291791	228.333295073239	-450.348514760309	436.738015909794	-592.556069867876	685.788987935415	122	22	3	5	77	230	124	10	8	58	13919	10369	646	2202	2454	2152	211	0	0	0	0	512	-14225	-38	-27	0
10	1	1	5	52	53	up	2	512	179.403365523466	328.467881278861	179.59355961138	232.037766735682	412.818926975065	800.771692171104	409.09635003187	548.067851311777	172.657281962439	171.807536458322	-468.293764836749	465.372224539034	-592.373908374169	685.367036228715	89	16	2	3	63	196	144	8	4	39	15076	9100	422	2538	2348	2169	249	0	0	0	0	512	-14015	-31	-27	0
10	1	1	5	52	53	up	3	512	201.323358853161	360.705139629335	207.911660011476	277.11130688753	334.201852675678	659.058594993285	329.898614378706	427.610621025463	193.655080722288	192.286755837602	-459.554003821575	449.64026270786	-592.492264166771	685.641031702154	90	22	1	3	77	170	109	7	2	44	14899	9382	439	2416	2201	2200	245	0	0	0	0	512	-14044	-31	-27	0
10	1	1	5	53	54	up	0	512	502.347863985392	976.032460960249	490.240935468286	619.927173987287	466.745018268827	728.454631093109	480.41388424569	574.31120448657	490.01150796961	489.785511000558	-482.40020067694	487.499843590507	-592.412406525413	685.456630674723	251	57	3	10	169	268	160	5	4	59	15190	9296	470	2692	2189	2150	219	0	0	0	0	512	-14551	-32	-28	0
10	1	1	5	53	54	up	1	512	436.91722753757	678.982338594578	455.171815509128	533.238734158575	494.119926626648	848.408075714677	504.096330122212	627.459609821061	486.051394656704	485.928044844436	-461.33587287823	448.923201025349	-592.454584386532	685.553778498576	272	67	4	5	138	259	174	7	1	67	14558	10080	570	2440	2151	2122	194	0	0	0	0	512	-14639	-34	-28	0
10	1	1	5	53	54	up	2	512	507.665971287885	1084.57923875892	484.970764387183	606.277803870961	496.510982946016	918.302525951014	506.976719305927	642.11319561448	496.017200659436	495.839082272692	-457.310436810205	448.242552968159	-592.788719144737	686.326974325028	267	62	1	13	153	269	161	9	3	67	12258	12847	791	1752	2596	2236	261	0	0	0	0	512	-15554	-44	-28	0
10	1	1	5	53	54	up	3	512	490.18570471413	1011.78943207854	478.101674514566	605.115913662052	520.398567076652	1008.40142789753	528.535652667728	725.766321946236	499.405756848376	499.015515399115	-481.246709122537	487.517371959565	-592.503899678946	685.667986230253	279	65	5	12	138	231	183	10	11	69	14117	10535	662	2334	2463	1997	223	0	0	0	0	512	-14751	-36	-28	0
10	1	1	5	54	55	up	0	512	247.097454149106	465.142837862271	252.090612777308	309.210824315892	411.83614790194	1027.67456958652	419.223777498418	675.809590704557	282.163700488574	279.536161990602	-455.248460600374	442.580642606822	-592.696386897308	686.113710134642	139	61	6	5	70	162	123	14	12	68	13780	11532	782	2066	2549	2098	258	0	0	0	0	512	-14955	-37	-28	0
10	1	1	5	54	55	up	1	512	375.103552113173	1245.20936148224	339.919917535966	587.532257421644	411.317374165058	1258.49141237596	396.370046190419	731.615422430534	316.639406947536	311.684141326955	-440.610979646648	414.266741549164	-592.637834873317	685.977966568694	126	75	14	21	81	132	104	20	18	75	13656	11749	792	1963	2458	2108	265	0	0	0	0	512	-14904	-35	-28	0
10	1	1	5	54	55	up	2	512	276.266671073797	560.554817980859	284.039324522002	391.763744171924	459.245498113509	967.602296093739	463.693525295677	657.786021798703	267.881355129691	264.38923854633	-453.775282492235	439.803397748294	-592.638311122111	685.979351868225	116	42	11	6	93	209	150	11	10	54	14305	10991	704	2160	2353	2049	239	0	0	0	0	512	-14762	-35	-28	0
10	1	1	5	54	55	up	3	512	253.807690736294	487.723328508942	258.141418866085	326.68897494299	411.318447130384	837.927792614182	418.535929480543	598.406851946877	261.702971639939	260.401471482525	-474.095815512712	475.950886681442	-592.436337376699	685.5116220658	124	45	5	5	83	175	140	9	12	63	14470	10715	683	2292	2412	2098	269	0	0	0	0	512	-14831	-38	-28	0
10	1	1	5	55	56	up	0	512	508.566711036017	1035.07547827324	502.000402419211	675.759886715647	468.605218199144	776.637339331502	470.586155776846	562.778800492683	470.188347695598	469.775905648178	-501.130258649511	526.274008798937	-592.29338680696	685.181017968002	233	46	2	11	178	251	164	6	3	66	15506	10037	477	2652	2260	2194	235	0	0	0	0	512	-15061	-34	-29	1
10	1	1	5	55	56	up	1	512	482.426910966334	846.610735667872	491.658254468644	650.07052854812	499.845351486022	894.153085720135	502.692327572914	628.025605488298	476.021700169526	475.701413065986	-487.301832503621	498.759649986901	-592.331866436283	685.270262806134	232	56	4	7	177	257	173	8	3	65	15431	10034	547	2660	2122	2140	212	0	0	0	0	512	-15111	-35	-29	1
10	1	1	5	55	56	up	2	512	474.82909024851	928.416931207499	473.819059468349	602.754842122941	484.788550430694	975.449301270676	483.230165937932	638.481013558589	482.753114309203	482.324699957187	-493.204782772973	507.900159058623	-592.45463192902	685.554121515577	257	65	4	10	147	262	144	11	9	61	14986	10691	586	2409	2168	1968	209	0	0	0	0	512	-15114	-35	-29	1
10	1	1	5	55	56	up	3	512	495.587997272269	1074.96283585195	489.654841252036	683.655511391765	503.999380138528	1093.65996008921	509.754061094031	722.455886938627	498.412126265375	498.000513186389	-467.279144633739	464.214730180591	-592.734196248861	686.201214233679	233	91	10	13	151	213	160	13	16	103	13576	12460	759	1877	2411	1991	221	0	0	0	0	512	-15498	-40	-29	1
10	1	1	5	56	57	up	0	512	348.334595091932	815.145955877342	338.038778725816	455.213494552233	481.614308507262	1258.6311198281	480.450213701828	778.02652513707	366.650991393714	365.073070856628	-471.415826584235	474.087409485112	-592.701280210994	686.124867602648	174	82	5	11	93	185	134	18	19	92	13486	12902	860	1936	2339	1864	237	0	0	0	0	512	-15954	-47	-29	0
10	1	1	5	56	57	up	1	512	280.365931325665	552.592950311898	276.923719607145	347.434894596729	470.685224869449	1062.69719860759	473.915043999316	688.534472517599	280.274794966493	278.966585770384	-469.131468319179	472.669898836468	-592.596281062687	685.882041193048	154	31	1	6	87	206	154	13	3	58	14347	11932	790	2115	2662	2025	280	0	0	0	0	512	-15440	-38	-29	0
10	1	1	5	56	57	up	2	512	261.688103937537	567.960129623878	250.897470418048	318.138160812491	460.113828662581	939.370375829067	452.752038206072	585.957787591897	257.940566726336	257.049543060898	-462.776334637674	453.583874693165	-592.536703170612	685.744349543005	140	34	1	7	76	200	163	10	2	66	14709	11660	702	2113	2253	2057	226	0	0	0	0	512	-15313	-36	-29	0
10	1	1	5	56	57	up	3	512	263.734741719419	456.400047927547	272.20982510379	346.72161760603	492.902039265385	1116.4674860186	477.02589480688	653.823063926913	279.630877288735	278.884170909004	-461.490939760579	451.577437572459	-592.8179828408	686.395401329294	146	40	2	4	87	231	151	14	6	62	14395	12008	739	2042	2172	1862	219	0	0	0	0	512	-15448	-38	-29	0
10	1	1	5	57	58	up	0	512	472.386371148518	822.024478621654	482.49346971275	608.680519968336	497.244538424146	1003.4466528862	498.187885197334	650.883928255645	485.220000214959	484.792426744034	-484.823322801692	496.254799751997	-592.26118407741	685.106835369804	245	65	4	7	164	247	162	11	1	80	15272	11235	718	2471	2087	2047	226	0	0	0	0	512	-15721	-37	-30	0
10	1	1	5	57	58	up	1	512	480.91220253883	907.301195561248	478.709259320326	606.44269261996	504.902039265385	1088.62713279049	492.877109346883	653.722844559455	486.64921072676	486.142492757843	-487.310466470148	503.900514638425	-592.596319726543	685.882001714792	244	69	5	9	160	255	157	13	1	55	15062	11474	719	2441	2348	1999	263	0	0	0	0	512	-15800	-40	-30	0
10	1	1	5	57	58	up	2	512	497.495794673831	1006.27769338595	500.031715005405	688.385507841231	481.695388142893	859.342437643986	491.380571801793	605.133609116864	492.132569678071	491.797058260998	-479.695374112727	493.819811720505	-592.680138148573	686.076284193114	240	72	7	11	162	267	157	8	1	77	13909	13050	829	1908	2342	1952	241	0	0	0	0	512	-16083	-41	-30	0
10	1	1	5	57	58	up	3	512	488.691322833515	995.548643925995	497.576595912414	698.114357979284	465.416747692889	954.839105472044	456.245732381565	571.659451682667	479.303689068245	478.132250822375	-505.676515162246	532.646174688235	-592.451442153882	685.546704719211	237	67	7	11	158	243	141	11	3	86	15563	10985	617	2531	2176	1949	194	0	0	0	0	512	-15681	-37	-30	0
10	1	1	5	58	59	up	0	512	266.1977873663	400.184977889347	283.662278276528	368.874349273221	433.797640738813	962.356610564186	429.348288750512	599.940112671888	267.52854414961	266.295924215587	-467.062103212707	460.387237845916	-592.630234894948	685.960739905707	128	29	1	2	107	220	129	12	2	58	15288	11955	746	2219	2099	1992	214	0	0	0	0	512	-15793	-37	-30	0
10	1	1	5	58	59	up	1	512	363.694201901604	959.427986112628	341.75422434385	514.938336724037	493.545424799765	1043.41871056943	482.840726533441	649.134830018224	318.08170576937	317.594282392085	-469.628778908064	467.60101901772	-592.668475812263	686.049143968404	175	31	2	14	96	233	160	12	5	64	14620	12713	836	2039	2228	1916	219	0	0	0	0	512	-16068	-41	-30	0
10	1	1	5	58	59	up	2	512	316.410536452859	642.64705971518	310.108841336598	401.442641108992	481.56061307195	990.093209917305	469.737966387446	607.858202356408	298.584652068767	297.811098844729	-491.346528986739	511.380200258993	-592.655112587389	686.018171315993	159	27	0	7	105	234	158	11	3	59	14692	12645	820	2051	2555	1837	256	0	0	0	0	512	-16001	-40	-30	0
10	1	1	5	58	59	up	3	512	240.44091299723	477.840843517128	244.001694920244	321.762310605542	436.209023605071	912.481675465538	432.984523846141	599.041064723254	238.544903102779	237.847470221818	-489.851761744737	501.657419801036	-592.407271091755	685.444490585736	113	37	0	5	83	188	153	10	4	47	15780	11445	633	2350	2117	1935	193	0	0	0	0	512	-15720	-36	-30	0
10	1	1	5	59	60	up	0	512	453.572809000084	760.150865649402	460.912257443887	563.468289411478	473.251596077576	842.103408194948	462.869037225614	531.193245335834	483.461858076043	482.839332608442	-513.396723040188	556.618775687141	-592.584181176015	685.854017524698	236	79	2	6	160	276	148	8	1	73	14685	13111	749	2175	2110	1724	184	0	0	0	0	512	-16789	-49	-31	1
10	1	1	5	59	60	up	1	512	493.466377818823	1027.05773010243	471.374498601715	585.760892173283	444.637627398204	724.970814058855	450.968058122459	510.075756786346	492.949516178149	492.811720659972	-520.073784254459	571.540943861877	-592.574098752449	685.830662684579	260	68	5	12	148	270	139	6	1	92	14140	13718	854	2008	2366	1835	261	0	0	0	0	512	-16971	-49	-31	1
10	1	1	5	59	60	up	2	512	436.867597411636	788.954400409497	433.504137680122	532.153075998071	408.395461456637	641.182337768241	412.848832252371	484.6924014818	495.077890457224	494.937157103323	-518.354642475194	560.22662135039	-592.412691511811	685.45698130589	259	96	6	8	126	243	123	5	13	97	16360	11106	568	2686	1915	1772	190	0	0	0	0	512	-16158	-36	-31	1
10	1	1	5	59	60	up	3	512	445.348823674755	834.899850297416	440.607159469182	519.742094490862	484.201965951642	866.392547614602	479.80684214908	584.298080933465	489.408583563469	488.908392783058	-490.259009142473	510.642376698959	-592.590796375255	685.869297197314	273	79	4	9	124	259	159	8	7	68	15560	11989	716	2455	2055	1766	212	0	0	0	0	512	-16303	-40	-31	1
10	1	1	5	60	61	up	0	512	325.006324515994	514.412919379776	330.535490307891	384.732971318805	566.761279506339	1272.24178525733	570.399220188185	851.288020591496	370.788730147825	370.013047431073	-539.238239702768	626.043387995761	-592.792623878234	686.336424835195	193	65	9	4	100	224	199	15	6	50	13479	14921	972	1860	2638	1744	269	0	0	0	0	512	-17718	-57	-31	0
10	1	1	5	60	61	up	1	512	509.944611737889	1300.35972857926	493.382408880968	757.544525917566	520.82203259508	1300.00850981278	526.998981094207	833.231601676786	458.433764918736	457.881462206574	-548.26666756271	636.213269727688	-592.702685878113	686.128226304312	207	74	5	18	154	216	146	18	19	96	12281	16360	976	1615	2553	1753	263	0	0	0	0	512	-18538	-50	-31	0
10	1	1	5	60	61	up	2	512	435.799673393502	1030.87989031924	423.392641851039	581.166730751283	528.113828662581	1250.36815989002	533.278595410306	826.083096582938	439.295002453749	438.995633148109	-581.78386785791	740.013009170804	-592.813656582137	686.385379743572	217	83	10	14	115	212	169	16	12	65	11411	17012	903	1906	2101	1794	223	0	0	0	0	512	-19825	-64	-31	0
10	1	1	5	60	61	up	3	512	308.807690736294	742.856367485519	296.157609559112	413.107296379364	528.457287510705	1215.71583232768	518.504458796876	760.074334657289	291.549613690123	290.424688738837	-482.584420772439	489.676268190814	-592.63262816191	685.966008305524	144	45	5	10	88	222	176	15	4	51	15136	13016	898	2182	2044	1794	214	0	0	0	0	512	-16554	-41	-31	0
10	1	1	5	61	62	up	0	512	570.340806331962	1600.81694194988	552.498752122306	935.954454011659	449.422845656956	884.697198607591	450.722571208629	576.188695981928	508.501994478706	508.019262564151	-834.386805453566	1425.0689677952	-592.754624143434	686.248564439621	202	108	18	24	157	238	127	10	14	117	12690	16259	1018	1777	7631	1105	653	0	0	0	0	512	-18704	-52	-32	1
10	1	1	5	61	62	up	1	512	508.976061247586	913.227146838219	512.604039383019	659.950894758116	472.098640390396	772.695876481196	489.725988710736	598.4669987857	503.078694621125	502.999183384152	-809.971518353878	1334.70660913668	-592.642543835869	685.989278485195	252	59	1	8	183	263	160	6	3	78	13239	15584	1115	1806	7744	1127	687	0	0	0	0	512	-17991	-47	-32	1
10	1	1	5	61	62	up	2	512	468.850376484762	835.809836897198	475.126140688315	586.456168479395	538.651855981026	1181.6714928883	539.884618505591	770.354538314093	502.964117855085	502.918184163044	-842.317033755125	1447.67586368714	-592.701212328281	686.124784113395	269	75	7	8	144	233	178	14	7	77	13027	15817	1089	1811	8006	1071	729	0	0	0	0	512	-18266	-54	-32	1
10	1	1	5	61	62	up	3	512	514.654848325078	1063.85817990093	523.891145718208	720.289107639923	523.888883647889	1147.20097148833	505.505717661576	658.891420380204	496.657106132966	496.013773496986	-530.587473248932	595.614939159296	-592.755961314388	686.251580264081	256	60	4	12	165	259	159	14	6	65	15317	13488	796	2143	2609	1699	283	0	0	0	0	512	-16990	-46	-32	1
10	1	1	5	62	63	up	0	512	413.503812016623	875.604503769416	412.793656187237	579.49728979299	456.101632734447	785.667485192261	461.506130070867	558.489973885826	382.745707674548	382.307815929307	-519.854225764041	570.197158040807	-592.972461149637	686.752960060609	195	38	4	10	136	266	145	7	3	65	13950	15435	935	1936	1799	1641	178	0	0	0	0	512	-18369	-52	-32	0
10	1	1	5	62	63	up	1	512	504.152335825707	1031.2204907577	493.338324620793	655.938601227212	516.302299168836	996.92692359164	517.057497439583	682.484347056947	469.248299315543	469.023595753314	-628.149865897903	848.293543145864	-592.64498982867	685.994717959867	222	55	5	11	177	248	178	10	4	65	11677	17520	1133	1926	2862	1671	306	0	0	0	0	512	-20150	-57	-32	0
10	1	1	5	62	63	up	2	512	454.422845656956	784.393433163884	466.699513812801	573.135459096895	550.179720026027	1051.6200566596	577.571668986062	840.530468759308	500.997044404409	500.990564003221	-688.543292041695	998.380183555551	-592.704766756034	686.133116314081	254	90	4	7	146	249	201	10	5	45	10109	19411	962	1774	2786	1543	234	0	0	0	0	512	-21881	-60	-32	0
10	1	1	5	62	63	up	3	512	431.299306824784	912.924258680423	444.22111029996	622.185523815247	500.129016934766	1340.21781758312	499.914294377407	819.569043453355	503.214941928634	502.814235114951	-747.887746397857	1172.54412282343	-592.973114291929	686.754457291057	181	164	21	11	126	217	126	20	11	120	9407	20056	859	1934	3061	1622	275	0	0	0	0	512	-23027	-67	-32	0
10	1	1	5	63	64	up	0	512	463.931456120393	731.30829235056	476.8795971527	562.693618170634	520.576874309462	1038.26395291118	513.008233603534	649.850732175727	490.289745239026	490.013800501421	-523.783734973645	575.80151507113	-592.827191720396	686.416252159868	255	63	3	5	164	250	176	11	2	73	14701	15098	957	2012	1965	1673	177	0	0	0	0	512	-18137	-53	-33	0
10	1	1	5	63	64	up	1	512	492.371182876333	892.103861298801	490.859483774651	610.859434090552	500.030716372261	1080.91626807846	486.787514356073	634.905181578056	486.83814121101	486.44332367388	-555.192783301265	637.148591266385	-592.55803899425	685.793184100294	244	58	2	8	175	253	154	13	1	62	17211	12137	673	2747	1860	1566	192	0	0	0	0	512	-17216	-42	-33	0
10	1	1	5	63	64	up	2	512	459.82203259508	762.165940645624	476.387707434661	587.316465190265	516.849416795399	1036.21738926937	508.567025818903	661.617810024091	489.105820546144	488.688041750349	-514.24470290273	549.547329024477	-592.653247731174	686.013933427846	252	71	2	6	158	239	175	11	7	73	16168	13384	836	2380	1882	1714	202	0	0	0	0	512	-17472	-41	-33	0
10	1	1	5	63	64	up	3	512	481.843318831333	1054.32159211653	481.700530552412	672.231905983955	566.276947623206	1664.80673540887	531.166971109573	865.886458083745	497.169492433474	496.543655916986	-512.705344685047	548.113007446394	-592.731194403566	686.194208519021	216	106	22	13	140	206	143	26	19	108	15107	14554	966	2141	1862	1637	156	0	0	0	0	512	-17880	-45	-33	0
10	1	1	5	64	65	up	0	512	278.256507800353	594.124657246034	274.887339497246	365.357882927745	371.349783364117	725.813807408069	374.636302912215	484.696360376027	265.799984405598	264.90750435683	-524.021484288753	572.340018432523	-592.676327117809	686.067027377435	139	30	2	7	87	211	109	8	4	54	16725	13434	777	2344	1643	1583	172	0	0	0	0	512	-17462	-44	-33	0
10	1	1	5	64	65	up	1	512	297.980972970364	580.281651501764	301.433050770486	386.328812510149	348.879680063807	710.91092586097	344.515928796613	437.39672500974	301.479173490475	300.925431327723	-525.471173550451	570.361112983409	-592.687948907011	686.094171736494	147	47	1	6	100	180	110	8	0	56	16587	13550	824	2319	2017	1585	211	0	0	0	0	512	-17471	-44	-33	0
10	1	1	5	64	65	up	2	512	427.919260192259	811.148637315298	429.070391198561	548.994652025336	498.446164547897	974.83734263685	494.361651913538	639.150923632514	428.347361882577	428.028204560655	-942.135479775866	2227.0866966388	-593.079631416142	687.001551449816	213	59	2	8	146	239	171	10	2	70	10635	19782	685	2178	6115	1046	503	0	0	0	0	512	-23462	-71	-33	0
10	1	1	5	64	65	up	3	512	508.79165605071	942.62403956553	521.825576673827	685.757153817754	464.31952009571	650.257741671146	484.788045065606	559.76840039109	512	512	-1679.17839938133	5557.60278664905	-593.597728353945	688.201817565836	258	68	4	9	173	266	167	3	4	72	3750	26911	271	2348	14415	147	1131	0	0	0	0	512	-31387	-75	-45	0
10	1	1	5	65	66	up	0	512	555.538367146336	1314.27415118882	530.062072123953	715.48891690275	498.273955279154	859.799655146295	501.66831437812	611.568489543246	512	512	-1668.72142263541	5489.73733105652	-593.6069557359	688.223273110605	244	75	1	17	175	247	181	7	1	76	3879	27278	231	2404	13833	185	1157	0	0	0	0	512	-31893	-74	-48	0
10	1	1	5	65	66	up	1	512	559.837220867266	1275.51006675447	538.010526518317	726.893223773343	515.883858649148	1029.06306405655	506.822482705634	652.114904588433	512	512	-1679.25090759912	5558.06979828664	-593.746191208249	688.546173995184	265	54	3	16	174	251	171	11	4	75	3972	27272	231	2317	13928	157	1290	0	0	0	0	512	-31738	-73	-50	0
10	1	1	5	65	66	up	2	512	560.557620727899	1248.98191441252	545.854762264512	756.279183863754	494.012535756024	847.323375610152	493.997047572305	600.996039338893	512	512	-1679.5657050885	5560.24515561311	-593.613358181414	688.238429977729	247	61	3	15	186	257	173	7	3	72	3882	27279	237	2394	14016	138	1135	0	0	0	0	512	-31907	-74	-52	0
10	1	1	5	65	66	up	3	512	588.158433789774	1478.71938691987	552.763406222537	792.404985685209	491.305291512887	977.714493674546	492.677109930846	629.966871593812	512	512	-1674.77569237007	5529.35826700914	-593.640944657497	688.302475008162	237	67	2	20	186	275	145	11	3	78	3841	27306	246	2399	14003	139	1105	0	0	0	0	512	-31908	-73	-47	0
10	1	1	5	66	67	up	0	512	515.91220253883	1022.43423453782	525.847555537268	708.092391638821	509.424878311645	1089.28700611431	495.025011145176	637.64760921535	512	512	-1670.34512108542	5494.67372143939	-593.812621836739	688.700595077883	264	66	6	11	165	255	157	13	1	86	3922	27770	221	2391	13416	173	1115	0	0	0	0	512	-32362	-75	-52	0
10	1	1	5	66	67	up	1	512	541.680199870708	1141.04044743053	539.858294685759	732.597066026601	467.390436457896	727.7384489537	480.165122764415	565.221067617951	512	512	-1668.39140266372	5486.97888845822	-593.651051131579	688.325670569293	258	60	3	13	178	263	160	5	5	79	3906	27793	231	2374	13542	134	1128	0	0	0	0	512	-32354	-73	-47	0
10	1	1	5	66	67	up	2	512	554.348936950718	1209.96107714844	548.832676126195	769.047263161109	492.264751695072	975.746863737723	487.688247877359	607.352686188059	512	512	-1659.24027360799	5425.85734605882	-593.643946545723	688.309316030125	230	72	4	14	192	280	142	11	6	73	4005	27651	265	2383	13550	153	1154	0	0	0	0	512	-32204	-75	-51	0
10	1	1	5	66	67	up	3	512	502.390436457896	857.354860124047	518.65649528752	668.534965707979	509.079386808832	1014.55130883721	512.770244509767	695.977204517938	512	512	-1663.4528250964	5461.3225971377	-593.604423174395	688.217596545136	267	60	2	7	176	256	163	11	6	76	3996	27668	256	2384	13397	155	1153	0	0	0	0	512	-32220	-74	-47	0
10	1	1	5	67	68	up	0	512	523.331716023844	865.115847201748	542.513717166916	700.608781978589	499.751116232894	998.957959133366	497.205346499564	639.752639919976	512	512	-1663.90735291015	5456.2159151874	-593.683406852815	688.400808050163	248	53	2	6	203	259	157	11	3	82	3988	28204	251	2373	13134	127	1081	0	0	0	0	512	-32737	-77	-52	0
10	1	1	5	67	68	up	1	512	505.250636388213	866.590783953071	526.809420140053	688.386377205752	486.871662721014	972.958840550963	486.600251479572	600.724875521517	512	512	-1647.87218890299	5346.79901081529	-593.679219027028	688.391069395159	258	64	1	7	182	269	144	11	3	85	4092	27969	254	2501	13156	150	1027	0	0	0	0	512	-32737	-79	-50	0
10	1	1	5	67	68	up	2	512	529.251596077576	1038.58234851062	539.263951906077	722.344345344751	476.459320165393	850.106073106164	479.673277663465	580.571276927269	512	512	-1660.18926055562	5430.24463931862	-593.767350118837	688.595165474861	284	46	0	11	171	263	152	8	5	84	4072	28096	229	2419	13121	153	1105	0	0	0	0	512	-32752	-75	-50	0
10	1	1	5	67	68	up	3	512	549.674101906641	1185.70119804026	542.221849340679	744.732054900763	518.349896640081	1064.49809324658	502.504596381825	647.888446129167	512	512	-1663.97409711095	5463.12577970366	-593.576915906826	688.15388392286	267	52	4	14	175	264	165	12	1	70	4051	28013	247	2505	13135	140	1083	0	0	0	0	512	-32823	-77	-51	0
10	1	1	5	68	69	up	0	512	578.637627398203	1342.68700859332	571.901489113966	820.633809642116	513.772402469146	986.696766162163	495.08764066765	601.133649027809	512	512	-1656.55511952481	5415.74630465138	-593.698330451511	688.435505157927	262	45	6	17	182	259	172	10	3	68	4044	28528	305	2451	12737	134	1067	0	0	0	0	512	-33194	-78	-51	0
10	1	1	5	68	69	up	1	512	631.872735686341	1626.44178856268	610.26030263662	952.085028585202	496.794648394761	1059.22313914218	477.854000846614	593.396427984762	512	512	-1667.4153837829	5477.16750031764	-593.707505809747	688.456543176793	228	48	4	22	210	269	139	13	7	84	3922	28700	227	2479	12786	144	1030	0	0	0	0	512	-33487	-78	-53	0
10	1	1	5	68	69	up	2	512	548.821072905718	1052.4604140194	570.056757495616	807.064392977093	474.789623396021	738.810290001051	484.956085343479	567.72588744585	512	512	-1666.67429316724	5476.79373295998	-593.62824286593	688.272735103426	242	53	4	10	203	269	165	5	2	71	4097	28494	233	2504	12656	133	1073	0	0	0	0	512	-33332	-77	-51	0
10	1	1	5	68	69	up	3	512	577.717747344472	1177.16507575477	593.005437184937	873.636541480165	483.339733366636	926.451521341409	477.496221249032	571.28060875825	512	512	-1651.25657749063	5376.86132136914	-593.735799773593	688.522328170194	230	47	5	12	218	283	143	10	0	76	4114	28511	284	2419	12702	161	1040	0	0	0	0	512	-33107	-75	-52	0
10	1	1	5	69	70	up	0	512	493.004405137268	913.090553269459	499.962735200729	629.869882773905	445.135114898833	765.958399842165	446.686037036405	512.934935895315	512	512	-1662.39841050944	5450.32288914616	-593.41699074274	687.783178805031	265	75	4	9	159	256	138	7	3	108	4196	28751	271	2622	12262	135	1049	0	0	0	0	512	-33779	-77	-54	0
10	1	1	5	69	70	up	1	512	520.355994604148	1035.67326398686	506.666178391874	636.580502251688	467.927390811015	832.736224751282	464.431286478489	542.694441438955	512	512	-1671.08490678166	5509.50351423404	-593.703276445643	688.44691834411	255	70	2	11	174	273	144	8	2	85	4184	28838	252	2566	12339	129	1088	0	0	0	0	512	-33801	-78	-55	0
10	1	1	5	69	70	up	2	512	483.272882313828	894.143764728404	481.903628268377	588.215272812919	447.505957947276	701.577031083244	456.165191932116	525.393932602924	512	512	-1660.0850927084	5427.81080731621	-593.720265398037	688.486221127887	272	78	3	9	150	249	152	5	3	103	4150	28822	241	2627	12275	132	1035	0	0	0	0	512	-33886	-80	-56	0
10	1	1	5	69	70	up	3	512	478.253628732264	811.161059795359	481.69323153491	570.073310259125	459.770369814457	751.184566102344	454.604174736135	504.572911340512	512	512	-1661.32910531094	5442.51323413441	-593.693612653606	688.424382887269	277	70	5	7	153	266	151	6	1	88	4191	28845	262	2542	12112	143	1143	0	0	0	0	512	-33742	-79	-54	0
10	1	1	5	70	71	up	0	512	523.79165605071	966.404529385864	527.793307729177	685.090955274002	531.383378804467	986.642673285621	539.570404889777	721.274259424284	512	512	-1654.94672722771	5400.72286497267	-593.627920477142	688.272282100619	262	55	3	9	183	242	194	9	6	61	4463	28976	274	2639	12127	116	931	0	0	0	0	512	-34052	-83	-54	0
10	1	1	5	70	71	up	1	512	492.534301836958	766.289671025525	504.764870335898	595.714824139508	547.362092568214	1046.46484589749	549.742373489675	739.988125050561	512	512	-1652.38295469865	5386.93430600701	-593.571890341443	688.142132172447	274	55	2	5	176	250	199	10	4	49	4187	29306	283	2576	11904	121	997	0	0	0	0	512	-34244	-80	-49	0
10	1	1	5	70	71	up	2	512	563.532269182269	1321.87947026887	537.909094860836	730.074902415233	557.505957947276	1172.42848053333	535.924735364571	718.24084731435	512	512	-1650.79249563041	5373.46361466752	-593.754117253629	688.564720423212	257	61	1	17	176	249	194	13	1	55	4196	29377	238	2541	11855	127	946	0	0	0	0	512	-34304	-80	-54	0
10	1	1	5	70	71	up	3	512	506.641692707581	898.429802659728	518.508540216259	652.992897067984	499.098640390396	777.283463917179	513.292586406388	629.683867406274	512	512	-1653.78127892997	5397.81770015378	-593.671291957978	688.372634923529	272	58	1	8	173	275	181	5	1	50	4179	29343	272	2558	11822	131	1013	0	0	0	0	512	-34251	-78	-55	0
10	1	1	5	71	72	up	0	512	547.572809000084	1151.79166867602	537.846455577721	723.544433561583	471.44006658383	767.149975968434	483.763594243229	582.389060672097	512	512	-1649.17685514513	5367.11626199262	-593.623225049732	688.260922173027	256	57	3	13	183	272	156	6	3	75	4277	29631	274	2682	11427	120	955	0	0	0	0	512	-34757	-82	-53	0
10	1	1	5	71	72	up	1	512	513.830163213836	952.396547047269	528.353718369174	691.644937357349	469.002372482579	762.194764379987	478.801998097923	568.298835458192	512	512	-1645.93628430791	5337.5193176702	-593.638378565914	688.296236263731	256	66	3	9	178	276	154	6	1	75	4305	29673	247	2639	11417	147	933	0	0	0	0	512	-34777	-79	-53	0
10	1	1	5	71	72	up	2	512	529.501892637898	1050.50386377781	537.719598703933	728.244957295444	500.00033982789	957.864387009279	492.797933241975	610.93711780285	512	512	-1667.24681613648	5479.65656854252	-593.752262120636	688.560483085771	251	64	7	11	179	271	157	10	4	70	4180	29883	229	2572	11457	113	983	0	0	0	0	512	-34829	-79	-52	0
10	1	1	5	71	72	up	3	512	499.866637722274	856.220050048906	528.168923111587	702.956792059649	498.349896640081	884.551308837211	498.30457961147	615.245801615689	512	512	-1639.10763944851	5297.97135086567	-593.727716589789	688.503683416911	257	67	5	7	176	272	167	8	1	64	4282	29825	281	2476	11496	119	934	0	0	0	0	512	-34547	-78	-57	0
10	1	1	5	72	73	up	0	512	540.001412793217	1074.30298318655	543.488514254498	734.901616161836	469.137147553522	731.550423287929	487.841184620047	607.122831208241	512	512	-1649.73141166875	5365.34087751822	-593.665967406691	688.360393430328	238	65	6	11	192	261	162	5	5	79	4384	30035	281	2676	11043	111	979	0	0	0	0	512	-35154	-80	-55	0
10	1	1	5	72	73	up	1	512	534.693355488204	1088.73711856393	533.532496307022	719.249956246815	490.73892030476	974.552186123123	489.852807438384	624.567224959872	512	512	-1656.5127018372	5411.15969690909	-593.610012939547	688.230753889819	270	54	2	12	174	281	143	11	2	75	4292	30067	261	2756	10981	124	936	0	0	0	0	512	-35400	-80	-57	0
10	1	1	5	72	73	up	2	512	549.012535756024	1119.77792406956	546.941387478408	744.481232259985	504.654848325078	1039.32159211653	483.572902162949	597.419861827936	512	512	-1660.90338034505	5443.48485721623	-593.636991578163	688.293102219149	249	55	7	12	189	264	152	12	6	78	4348	30029	256	2743	11105	116	943	0	0	0	0	512	-35291	-81	-56	0
10	1	1	5	72	73	up	3	512	518.196940952901	924.871051353163	530.643751552534	671.247094456289	464.693355488204	755.393433163884	476.140988222082	570.403626169631	512	512	-1640.52275526137	5306.19074051516	-593.697583237449	688.433712176186	255	60	2	8	187	270	150	6	6	80	4364	30159	272	2581	11079	104	907	0	0	0	0	512	-35119	-80	-57	0
10	1	1	5	73	74	up	0	512	507.927390811015	1044.38145965599	511.994425474494	676.003977238459	509.318447130384	1039.13843903766	500.921460091211	651.777655572985	512	512	-1662.15241487898	5449.40772876999	-593.681862534615	688.397046459109	269	74	2	12	155	283	149	12	5	63	4299	30485	240	2864	10606	125	868	0	0	0	0	512	-36067	-81	-57	0
10	1	1	5	73	74	up	1	512	565.154368480396	1253.54643625032	551.502321186529	783.061415129544	493.292135895391	873.851527952105	499.132510075825	625.96004973167	512	512	-1650.35452310859	5371.98134302422	-593.857145448552	688.803570633597	251	54	6	15	186	275	161	8	3	65	4307	30611	259	2711	10852	102	812	0	0	0	0	512	-35805	-82	-57	0
10	1	1	5	73	74	up	2	512	512.227317497272	984.548207348881	527.448681702541	719.283987379851	473.590029926958	737.233349814879	490.6971809376	593.683541334023	512	512	-1639.39763784547	5298.96316193673	-593.702717185171	688.445422029071	257	70	4	10	171	266	164	5	4	73	4415	30494	279	2700	10685	118	872	0	0	0	0	512	-35685	-84	-58	0
10	1	1	5	73	74	up	3	512	572.909210194778	1273.64666445492	567.318920011518	835.466722189781	461.862572412896	681.43068820901	469.525167621462	531.081474519694	512	512	-1636.49156864116	5282.29908363007	-593.628264929882	688.272717948962	237	58	4	15	198	267	160	4	4	77	4443	30518	294	2633	10576	123	885	0	0	0	0	512	-35539	-80	-57	0
10	1	1	5	74	75	up	0	512	574.20399860633	1375.01339479473	550.488955216063	789.764109729011	519.386371148518	1029.15751759823	508.359858868548	649.458593788244	512	512	-1646.73955786166	5354.87232277653	-593.682428881235	688.398276563951	256	57	3	18	178	265	169	11	3	64	4320	30970	276	2834	10203	113	813	0	0	0	0	512	-36434	-86	-57	0
10	1	1	5	74	75	up	1	512	558.647790671648	1245.36107136408	545.252812106779	748.111616421781	496.583931962892	916.867492629294	482.305446861444	569.334703178929	512	512	-1635.49829218356	5274.75476248873	-593.649348793708	688.321721242106	251	61	0	15	185	271	160	9	3	69	4462	30849	274	2815	10188	114	877	0	0	0	0	512	-36258	-83	-56	0
10	1	1	5	74	75	up	2	512	541.872735686341	1039.0404556939	546.881892406979	746.871839870474	465.489696709764	753.643542308162	471.239194474738	537.179396467993	512	512	-1639.23315888254	5301.93085662087	-593.623879310668	688.262849259222	244	56	6	10	196	281	149	6	2	74	4492	30780	320	2808	10231	133	851	0	0	0	0	512	-36156	-82	-54	0
10	1	1	5	74	75	up	3	512	502.918300502897	895.74466019373	517.365816059247	655.38656531199	495.615381472589	852.200539042904	503.819390545676	628.137524003529	512	512	-1628.91412963579	5232.04868995099	-593.560588051201	688.116294113648	263	66	2	8	173	248	175	7	7	75	4658	30669	290	2783	10131	110	899	0	0	0	0	512	-35996	-82	-56	0
10	1	1	5	75	76	up	0	512	487.08345211821	760.719827628665	507.406378381581	621.438537613687	519.991249519772	1034.14776416107	508.343207446492	647.869731111574	512	512	-1627.80270540369	5227.69000922767	-593.685363709694	688.405132682693	266	64	2	5	175	253	172	11	6	70	4635	31354	283	2640	9925	89	863	0	0	0	0	512	-36423	-85	-60	0
10	1	1	5	75	76	up	1	512	532.99531482915	1021.09898871191	536.496154540974	714.328993494341	494.558580417262	1018.90251934032	484.801806995189	608.670220137882	512	512	-1628.82832779591	5231.23521841925	-593.740609429703	688.533422979124	255	57	2	10	188	277	143	12	1	79	4554	31308	290	2760	9968	118	707	0	0	0	0	512	-36597	-85	-57	0
10	1	1	5	75	76	up	2	512	531.142172552263	1115.41338901037	520.073069408023	674.92093761383	455.556547762573	658.895867391489	473.326157662908	540.399864510047	512	512	-1630.56335328415	5243.73799186076	-593.669072409783	688.367500255527	277	56	2	13	164	296	146	4	2	64	4516	31334	325	2737	9882	109	857	0	0	0	0	512	-36546	-83	-59	0
10	1	1	5	75	76	up	3	512	562.495794673831	1320.13800659223	541.901827425976	763.848606442601	515.749083578205	1022.62536582361	503.514698322988	627.780076904254	512	512	-1630.71169249654	5248.38304223787	-593.686656085549	688.408136380626	256	62	2	17	175	266	166	11	3	66	4535	31278	311	2788	9871	90	785	0	0	0	0	512	-36573	-83	-57	0
10	1	1	5	76	77	up	0	512	529.43504158509	1018.24932275544	532.82907568528	696.55936487164	476.871662721014	845.9300168166	472.27586203237	551.709870094768	512	512	-1643.13355061062	5326.93273629396	-593.715239985918	688.474522816225	248	64	2	10	188	277	149	8	2	76	4487	31889	274	2774	9576	80	758	0	0	0	0	512	-37213	-83	-59	0
10	1	1	5	76	77	up	1	512	505.413755348837	903.481691992278	517.313628820405	654.4405118197	527.841286176644	1154.03778251931	509.366189489063	666.817437510867	512	512	-1624.92269508393	5205.03128992591	-593.702337118344	688.444638594734	256	69	1	8	178	255	163	14	5	75	4710	31602	293	2819	9523	96	744	0	0	0	0	512	-37002	-83	-60	0
10	1	1	5	76	77	up	2	512	530.422845656956	972.62403956553	538.128400718458	703.76178603124	484.616341161951	857.546868695745	487.429579187748	593.856978018322	512	512	-1622.91388929332	5199.59848805573	-593.699846740695	688.439088056509	274	43	2	9	184	278	153	8	4	69	4617	31828	287	2692	9338	98	802	0	0	0	0	512	-36986	-85	-59	0
10	1	1	5	76	77	up	3	512	518.609283508522	994.805858122956	523.457182038035	678.758134730433	454.328610403829	663.947756724038	472.830405497564	541.553249977994	512	512	-1645.04376140868	5336.23708919294	-593.626147876472	688.268072231549	261	64	1	10	176	280	151	4	2	75	4521	31798	272	2833	9492	83	799	0	0	0	0	512	-37280	-85	-60	0
10	1	1	5	77	78	up	0	512	546.201006262279	1046.74245251805	557.395367406111	773.502620533127	492.946644392578	873.279909324996	489.084906214407	589.557162075478	512	512	-1624.83972213541	5204.49650980016	-593.635249339086	688.289254477707	245	53	4	10	200	276	161	8	2	65	4556	32178	310	2892	8951	106	776	0	0	0	0	512	-37712	-87	-61	0
10	1	1	5	77	78	up	1	512	512.812942286962	914.526925244314	531.277941357062	700.046669497492	470.557620727899	772.773483928094	477.364897033509	568.014995923923	512	512	-1615.30634784722	5152.43827588056	-593.546893182841	688.084416010689	258	62	2	8	182	255	161	6	4	86	4862	31900	355	2819	9037	98	755	0	0	0	0	512	-37211	-87	-59	0
10	1	1	5	77	78	up	2	512	572.265824660398	1229.74643955566	562.633388927373	798.34535761936	490.508950291327	1016.54642385526	472.348670804922	567.666127860726	512	512	-1630.97053173351	5245.84871903997	-593.686922189389	688.40898365134	255	44	2	14	197	264	143	12	4	89	4563	32359	255	2759	9010	87	776	0	0	0	0	512	-37655	-84	-57	0
10	1	1	5	77	78	up	3	512	515.625544746033	781.189463479349	551.326740560005	729.619472592469	462.946644392578	788.663498154649	476.080921472701	575.638093957346	512	512	-1642.45346274241	5313.85908043587	-593.569348579377	688.136543466294	245	52	4	4	207	272	145	7	3	85	4584	32199	284	2869	8953	104	819	0	0	0	0	512	-37731	-86	-60	0
10	1	1	5	78	79	up	0	512	568.907177540089	1154.42271826547	575.235400596934	808.866495177386	481.008470446646	897.454190384311	485.980023106407	613.376794099649	512	512	-1628.27732501215	5229.44741368377	-593.594301778369	688.193957239957	248	42	5	12	205	255	154	9	4	90	4659	32574	311	2904	8537	103	766	0	0	0	0	512	-38132	-87	-60	0
10	1	1	5	78	79	up	1	512	526.353961949459	932.285239147429	548.703579493829	736.907908572079	462.792615740072	707.134447868359	485.335008425025	593.064877840073	512	512	-1621.00529804835	5187.25289659804	-593.573432137109	688.145646561238	266	46	5	8	187	288	145	5	9	65	4897	32279	289	2983	8511	104	760	0	0	0	0	512	-38054	-86	-58	0
10	1	1	5	78	79	up	2	512	523.110836318529	899.553982011798	549.440737002788	735.75495882442	525.720739688523	1045.09011669235	505.38825850652	638.20710258162	512	512	-1621.89328224852	5184.7488051959	-593.711138199906	688.465125607968	245	57	7	7	196	253	178	11	3	67	4744	32548	294	2862	8616	113	644	0	0	0	0	512	-38056	-86	-63	0
10	1	1	5	78	79	up	3	512	556.739033580724	1072.36951093821	570.873168680134	801.005720398317	484.568743690706	826.192993281422	484.816150883197	573.01872467497	512	512	-1630.97634620436	5245.10522027252	-593.641406816003	688.303493919317	226	57	5	10	214	270	162	7	2	71	4621	32551	304	2972	8573	100	704	0	0	0	0	512	-38286	-87	-62	0
10	1	1	5	79	80	up	0	512	531.757214196961	1128.86040410335	519.151955158676	691.852441823806	482.687257524138	890.054183773614	468.680746539372	556.808238402565	512	512	-1618.29984377106	5168.68729437598	-593.735069331913	688.520495603378	246	74	5	13	174	279	147	9	3	74	4746	33072	287	2855	8201	98	680	0	0	0	0	512	-38535	-89	-58	0
10	1	1	5	79	80	up	1	512	480.519113564772	749.72603473701	501.290262034311	619.572559740568	450.624471780707	736.300750720764	456.522412252362	530.322922367995	512	512	-1615.25748109487	5146.59678416283	-593.75969165241	688.577848647799	265	69	3	5	170	262	144	6	4	96	4714	33007	312	2927	8201	87	689	0	0	0	0	512	-38636	-88	-65	0
10	1	1	5	79	80	up	2	512	509.731862651331	939.755744020655	516.17879088987	666.08459862349	462.927390811015	861.873695605954	447.318414296438	505.906629113554	512	512	-1628.48528370851	5227.87576117087	-593.669359732979	688.368413420264	268	61	4	9	170	269	137	9	2	95	4712	33018	319	2911	8254	89	714	0	0	0	0	512	-38582	-90	-59	0
10	1	1	5	79	80	up	3	512	535.336741022584	1095.58191193351	523.246447364917	674.565469798494	489.644685051633	1081.22180462073	461.228277271987	562.241768958566	512	512	-1620.82117730629	5185.67284631381	-593.679341531741	688.391239874982	256	62	3	12	179	275	128	14	5	90	4573	33213	300	2874	8088	94	761	0	0	0	0	512	-38744	-87	-60	0
10	1	1	5	80	81	up	0	512	544.559653382588	1114.12160533793	550.633043695815	762.725758821233	476.603185544455	700.792550093613	496.446639939489	596.550978078229	512	512	-1617.31550807224	5157.04436886621	-593.689576242764	688.415358891839	248	60	4	12	188	282	167	4	1	58	4749	33442	319	2962	7737	81	664	0	0	0	0	512	-39128	-88	-56	0
10	1	1	5	80	81	up	1	512	566.211169535723	1123.97971086853	558.488077280537	759.669658192314	525.499859983209	1005.44399623835	516.956743142581	663.897362189077	512	512	-1603.19859026423	5066.54661453704	-593.637640653651	688.294540271242	230	53	1	11	217	262	180	10	2	58	4872	33403	328	2869	7817	71	648	0	0	0	0	512	-38854	-88	-60	0
10	1	1	5	80	81	up	2	512	572.332675713206	1373.2204907577	554.323651455366	797.332677131307	516.853482104777	1035.57881044518	518.647529916141	678.882309965913	512	512	-1611.55824330656	5120.63583671853	-593.578978757203	688.158395883221	254	60	2	18	178	241	176	11	3	81	4869	33363	278	2962	7696	96	632	0	0	0	0	512	-39095	-88	-63	0
10	1	1	5	80	81	up	3	512	539.175654716649	1066.69543990408	537.207609023527	710.178249793939	514.281012932584	987.103861298801	510.751175549241	643.392060705408	512	512	-1626.2660898919	5214.50841520282	-593.778787947919	688.621899954179	251	57	7	11	186	260	172	10	3	67	4769	33422	303	2978	7752	89	698	0	0	0	0	512	-39151	-88	-59	0
10	1	1	5	81	82	up	0	512	553.081419463521	1123.06129295798	552.842481713171	763.109132127156	453.186777679456	739.263499807323	465.043298663121	545.991942583318	512	512	-1592.05108348303	5003.38563448148	-593.690869208344	688.417930237873	261	46	3	12	190	266	145	6	3	92	4995	33756	302	2931	7397	63	608	0	0	0	0	512	-39391	-91	-64	0
10	1	1	5	81	82	up	1	512	586.114901627907	1262.23469673138	582.350248462653	846.122743003007	478.493762019142	851.761061448033	481.840347161336	580.849562649601	512	512	-1609.05051928451	5111.53915644439	-593.799175897975	688.669373278422	231	48	5	14	214	271	153	8	1	79	4820	33898	298	2968	7412	72	635	0	0	0	0	512	-39603	-90	-63	0
10	1	1	5	81	82	up	2	512	537.255661386953	1128.75529918017	539.191724024182	726.595621191564	499.031789337587	893.224041218204	493.078827209153	601.763616988392	512	512	-1631.40351021414	5245.98390518937	-593.570825984431	688.139612684141	270	56	2	13	171	252	173	8	4	75	4664	33953	287	3080	7365	86	603	0	0	0	0	512	-39906	-91	-65	0
10	1	1	5	81	82	up	3	512	510.91220253883	940.405410803461	526.922727987787	690.775318276173	492.428943621023	843.346877785452	493.916623995275	604.702137247036	512	512	-1629.03650021823	5235.69301042011	-593.62067651677	688.255185441271	272	58	3	9	170	261	171	7	2	71	4690	33871	317	3106	7443	63	632	0	0	0	0	512	-39827	-91	-65	0
10	1	1	5	82	83	up	0	512	545.470443128201	1176.00673871422	538.895528118159	726.964971405811	465.85444179414	755.142434338638	468.025388442659	533.050048204998	512	512	-1610.79406340618	5117.11203218075	-593.616285295255	688.24473400377	274	51	3	14	170	279	150	6	2	75	4837	34297	327	3035	6931	70	586	0	0	0	0	512	-40104	-97	-65	0
10	1	1	5	82	83	up	1	512	540.11586131727	1100.93579147952	539.342787150188	713.637303350868	446.76630450508	653.067046962473	458.143603793675	504.283286362289	512	512	-1626.82107919401	5217.99117252238	-593.655955762326	688.337208239763	265	54	0	12	181	276	147	4	2	83	4833	34283	292	3088	6867	64	632	0	0	0	0	512	-40200	-89	-65	0
10	1	1	5	82	83	up	2	512	544.252669042902	1004.2116311332	560.383550508998	776.794943805702	463.283045587272	722.653748849175	466.266153929391	526.616002011595	512	512	-1622.78792517027	5191.0492504829	-593.718810261874	688.482817156238	255	45	2	9	201	261	159	5	3	84	4738	34334	307	3117	6983	75	558	0	0	0	0	512	-40366	-92	-63	0
10	1	1	5	82	83	up	3	512	552.1412128629	1162.98502003253	551.447953339437	763.147607538235	493.819999940391	912.214720226473	486.320257254126	597.83042117997	512	512	-1596.12680655594	5021.55790243216	-593.570427350301	688.138860385566	247	59	4	13	189	267	157	9	7	72	4963	34169	348	3016	7017	64	530	0	0	0	0	512	-39897	-91	-63	0
10	1	1	5	83	84	up	0	512	600.413755348837	1535.82980927042	571.529508184752	853.962707096062	464.088477116951	750.403186601043	468.548584682604	537.003234931854	512	512	-1588.23275934577	4968.80671991419	-593.781916086117	688.629699123183	232	64	5	21	190	282	147	6	3	74	4978	34927	264	2839	6600	66	520	0	0	0	0	512	-40417	-92	-68	0
10	1	1	5	83	84	up	1	512	539.396534421963	1143.39699188775	542.82372183979	752.578433391326	478.052002608513	883.635115129084	473.686286208399	572.102985658196	512	512	-1621.25787812545	5184.63610329939	-593.822446134311	688.723369398889	238	72	9	13	180	277	145	9	2	79	4847	34812	284	3065	6463	56	612	0	0	0	0	512	-40725	-93	-61	0
10	1	1	5	83	84	up	2	512	547.793688705398	1117.32692607065	551.493641117102	750.31244002304	454.865564756947	731.863493196627	462.752799829915	529.066070690928	512	512	-1616.9641352563	5162.75666608451	-593.691416404617	688.419199819958	255	54	2	12	189	290	138	6	2	76	5015	34652	310	3031	6602	60	549	0	0	0	0	512	-40473	-94	-67	0
10	1	1	5	83	84	up	3	512	589.694428453531	1377.20453847557	569.127431350872	811.671122610115	466.727797341953	868.241323890103	466.147922769568	557.299471149681	512	512	-1598.96299336097	5044.8981305889	-593.628542573145	688.273562927118	229	59	3	17	204	270	140	9	1	92	5047	34592	334	3035	6594	67	547	0	0	0	0	512	-40380	-89	-62	0
10	1	1	5	84	85	up	0	512	543.024731684158	972.181481140754	562.665609677344	766.523133136549	464.712609069768	793.402745892244	467.586839245599	544.133974230184	512	512	-1603.74646017607	5066.13533240978	-593.715033443395	688.47389453182	239	51	5	8	209	269	148	7	2	86	5054	35014	324	3128	6075	61	535	0	0	0	0	512	-41001	-94	-62	0
10	1	1	5	84	85	up	1	512	511.518153875409	850.242234229496	536.74948736175	690.104529191514	458.532269182269	710.69764757976	467.487072527594	543.596428484855	512	512	-1626.88043982472	5218.79645936058	-593.677503601275	688.386912778642	239	68	0	6	199	269	152	5	4	82	4849	35176	283	3212	6075	67	571	0	0	0	0	512	-41368	-94	-67	0
10	1	1	5	84	85	up	2	512	560.567784001344	1146.24578055831	560.251977760041	781.65122245562	479.338773677273	786.158407279198	479.038046183982	560.914058282079	512	512	-1599.51526126341	5045.27732565548	-593.555313756963	688.103811656193	236	56	4	12	204	261	167	6	1	77	5168	34850	297	3205	6109	55	529	0	0	0	0	512	-41023	-94	-62	0
10	1	1	5	84	85	up	3	512	552.25673435228	1131.46662112774	545.044148520042	728.355015667651	501.161426133826	1105.83511430275	474.454280031741	585.299547908057	512	512	-1597.91372417676	5033.89336284831	-593.724696198825	688.496591519621	241	60	1	12	198	264	141	14	4	89	5070	35070	314	3066	6212	72	479	0	0	0	0	512	-40963	-93	-64	0
10	1	1	5	85	86	up	0	512	566.55558807321	1219.70475263244	559.274461777412	787.099632323433	505.403592075393	1006.16461025586	495.559719424326	636.528834813475	512	512	-1592.76023179492	5005.19864796263	-593.703745958098	688.447727644842	250	49	8	14	191	259	158	11	8	76	5137	35548	314	3033	5757	73	427	0	0	0	0	512	-41350	-93	-68	0
10	1	1	5	85	86	up	1	512	511.018633720091	879.334467700447	539.560065375898	724.763578089412	469.875728030392	764.100751547101	475.437886388159	561.202624034888	512	512	-1589.83606734708	4987.53802097152	-593.73405349148	688.518068516103	248	65	4	7	188	275	155	6	1	75	5178	35363	312	3179	5720	75	476	0	0	0	0	512	-41445	-94	-69	0
10	1	1	5	85	86	up	2	512	546.681272836034	1016.69633784842	564.942005857939	782.934355355729	460.797754014776	686.318054051089	471.292342925104	542.036426558995	512	512	-1593.48555433155	5014.67657980751	-593.633543666578	688.284808153026	233	56	5	9	209	253	165	4	3	87	5239	35172	340	3281	5716	72	470	0	0	0	0	512	-41452	-99	-66	0
10	1	1	5	85	86	up	3	512	552.659986599782	1060.65598131496	570.935992284097	799.437121726975	468.637627398204	797.751303879189	469.52101303983	546.216732698373	512	512	-1609.54336419185	5109.69355842168	-593.737930284279	688.527162597742	237	53	5	10	207	274	149	7	2	80	4933	35537	331	3231	5661	72	526	0	0	0	0	512	-41712	-98	-66	0
10	1	1	5	86	87	up	0	512	566.162499099152	1224.861297916	555.983361207622	768.720960089451	445.835188212577	722.516710439931	452.984604458786	504.786548789843	512	512	-1600.19931308631	5048.07412009682	-593.751779701488	688.55962927804	243	56	2	14	197	276	136	6	3	91	5070	35895	309	3270	5299	73	397	0	0	0	0	512	-42175	-97	-69	0
10	1	1	5	86	87	up	1	512	564.780533087902	1259.60364714193	557.207802966257	795.303067374771	437.543392145076	634.527353558057	451.30131803736	501.313460484439	512	512	-1594.20555095622	5013.6982250484	-593.706361684924	688.454151530019	239	63	3	15	192	284	138	4	1	85	5232	35890	319	3103	5304	48	457	0	0	0	0	512	-41860	-95	-67	0
10	1	1	5	86	87	up	2	512	571.114901627907	1238.45420691105	583.950683134414	872.329634561765	476.689290178826	882.222698433383	473.969633750718	584.163242693503	512	512	-1586.08746233699	4971.74307990192	-593.70815101712	688.458213750705	227	61	6	14	204	272	144	9	5	82	5197	35846	341	3160	5340	53	485	0	0	0	0	512	-41865	-98	-68	0
10	1	1	5	86	87	up	3	512	537.285078241961	1026.94643872933	541.601103931055	726.338308923799	476.38230583914	772.312724228656	478.015289909571	561.322930868485	512	512	-1598.22587861054	5038.36151344575	-593.733608707947	688.517064639672	258	52	2	10	190	279	157	6	3	67	5103	36000	299	3142	5356	61	431	0	0	0	0	512	-42035	-94	-67	0
10	1	1	5	87	88	up	0	512	584.194908298212	1324.26794821216	570.436383406159	817.765999450649	479.712609069768	817.183235712578	474.941002486304	546.767790354624	512	512	-1579.50091558687	4923.80582533217	-593.778457986956	688.621100881092	246	48	4	16	198	273	158	7	1	73	5202	36538	311	3005	4886	43	416	0	0	0	0	512	-42310	-95	-70	0
10	1	1	5	87	88	up	1	512	583.446164547897	1320.36949854316	576.041758193005	816.340424467881	444.828130559147	693.103857167116	452.457097204039	510.258793989514	512	512	-1588.02872480336	4976.15024638855	-593.63460442324	688.287896841266	255	44	1	16	196	259	147	5	2	99	5218	36331	363	3144	4915	55	383	0	0	0	0	512	-42336	-96	-65	0
10	1	1	5	87	88	up	2	512	566.018633720091	1151.81562395517	569.225053441412	792.981390786588	453.79165605071	744.280354165479	455.887205995295	512.063641772964	512	512	-1585.29706027996	4959.73508904544	-593.699415166196	688.437499315171	244	47	4	12	205	258	149	6	2	97	5082	36536	333	3105	4856	62	407	0	0	0	0	512	-42487	-98	-68	0
10	1	1	5	87	88	up	3	512	606.392469112585	1431.54111882294	593.007930012342	888.778337186157	456.199933296953	739.878131615735	461.746815870078	529.731761990532	512	512	-1587.68847639056	4973.35797017644	-593.651488574083	688.326755851356	248	38	5	18	203	278	144	6	1	83	5027	36579	347	3103	4913	39	444	0	0	0	0	512	-42500	-99	-68	0
10	1	1	5	88	89	up	0	512	567.985151555705	1290.45374967551	573.832490082667	854.950817197926	498.742985614138	953.558842203637	484.609805913092	583.516150186827	512	512	-1584.71530322447	4957.74557441822	-593.70850124709	688.458947608894	258	51	7	16	180	279	155	10	1	67	5248	36737	332	3251	4533	49	355	0	0	0	0	512	-42955	-100	-66	0
10	1	1	5	88	89	up	1	512	589.53023652758	1398.43822983881	593.712960779225	915.210363325138	483.742985614138	892.696313058309	471.697712513075	556.738385939434	512	512	-1601.17590545406	5061.3335661951	-593.640128510849	688.300633023458	260	43	4	18	187	275	148	9	5	75	5197	36719	305	3347	4481	55	402	0	0	0	0	512	-43184	-99	-69	0
10	1	1	5	88	89	up	2	512	586.325618059777	1293.42404865524	600.017628366817	899.971321991803	447.629496779448	683.545089333811	448.377344058428	484.721763240789	512	512	-1604.19462792224	5074.9702030685	-593.67940465464	688.391490886832	241	45	6	15	205	286	136	5	7	78	5159	36764	304	3341	4519	46	422	0	0	0	0	512	-43226	-96	-73	0
10	1	1	5	88	89	up	3	512	527.295241515406	834.210304875118	567.762133405422	763.055020196804	481.967930628831	895.513168242803	474.632871859927	572.732374450393	512	512	-1588.30609331977	4978.51166666614	-593.717099172788	688.478817613921	247	45	7	5	208	264	152	9	3	84	5207	36824	334	3203	4473	49	385	0	0	0	0	512	-42973	-101	-66	0
10	1	1	5	89	90	up	0	512	595.433008930401	1417.64621961443	585.338187791912	867.873542551381	471.506917636639	910.624027170474	452.207435488856	523.004032934904	512	512	-1571.97557711348	4881.53017901553	-593.502467545497	687.981182225033	239	52	4	18	199	271	137	10	3	91	5462	36959	334	3325	4062	47	340	0	0	0	0	512	-43341	-98	-71	0
10	1	1	5	89	90	up	1	512	581.257694041642	1348.40497009466	574.499529006196	828.35937720463	447.50488498195	722.646198956009	443.532342425847	480.378221934319	512	512	-1579.48372444361	4924.25689848551	-593.665336619876	688.35864947035	259	45	6	17	185	282	135	6	3	86	5367	37191	342	3180	4001	48	392	0	0	0	0	512	-43259	-100	-73	0
10	1	1	5	89	90	up	2	512	638.341879297288	1537.64579130069	621.382995207981	974.079837731407	411.314381821006	621.00539179771	419.924974052546	457.453189283971	512	512	-1587.00477241809	4968.06327869102	-593.672419865204	688.374840606625	213	42	2	19	236	293	109	5	4	101	5277	37185	323	3295	4079	37	334	0	0	0	0	512	-43528	-99	-71	0
10	1	1	5	89	90	up	3	512	564.003445447906	1151.11451681198	570.059493106025	801.798030891681	425.950709701956	733.410724099154	426.895165663438	463.353645616551	512	512	-1589.98524422622	4988.25127481368	-593.706185188735	688.453518237292	239	52	3	12	206	258	124	7	2	121	5263	37118	318	3381	4086	55	327	0	0	0	0	512	-43553	-96	-72	0
10	1	1	5	90	91	up	0	512	613.58093961884	1448.47903947612	612.062565331964	943.078137463728	446.056067917891	725.107399364245	449.214681933421	502.244699533411	512	512	-1590.646443054	4992.69985825788	-593.616975906972	688.246578600388	240	39	2	18	213	271	138	6	3	94	5276	37560	323	3433	3680	42	295	0	0	0	0	512	-44184	-101	-72	0
10	1	1	5	90	91	up	1	512	611.671109562589	1518.94245169172	603.943331687892	923.478746739831	481.257694041642	856.360618260223	469.296414359398	542.264658574427	512	512	-1583.15623960584	4942.79885142642	-593.795100000744	688.659712536216	232	52	5	20	203	267	154	8	5	78	5365	37575	318	3334	3706	27	287	0	0	0	0	512	-44017	-97	-74	0
10	1	1	5	90	91	up	2	512	616.30743744354	1319.01519481509	626.006499303201	948.914857559119	453.321552750399	708.64576651058	448.677933814404	495.68868190875	512	512	-1570.61853957556	4868.41172521131	-593.679322191451	688.391358468755	221	34	1	14	242	255	154	5	3	95	5378	37588	364	3262	3698	30	294	0	0	0	0	512	-43819	-99	-70	0
10	1	1	5	90	91	up	3	512	629.655921290404	1624.05065810323	610.229775814939	945.929623750319	454.021626064143	739.314940167704	459.562466181979	539.197973701693	512	512	-1581.67950243128	4936.66565331562	-593.626038016917	688.268156132959	223	52	6	22	209	267	144	6	5	90	5362	37620	318	3292	3634	54	338	0	0	0	0	512	-43925	-99	-68	0
10	1	1	5	91	92	up	0	512	661.814974941651	1893.55353717131	643.618958611978	1095.15261164281	426.1229189707	688.6080583616	422.733364278641	459.811943364632	512	512	-1570.69434267995	4871.45883142284	-593.625889638435	688.267502047928	215	55	11	28	203	274	120	6	7	105	5595	37645	392	3472	3335	34	246	0	0	0	0	512	-44266	-101	-73	0
10	1	1	5	91	92	up	1	512	610.971036248846	1377.05376785493	622.130220965601	957.764228115245	443.445091582571	823.052845120478	424.332849139598	455.593291080946	512	512	-1567.88714455853	4847.11367450504	-593.717445009862	688.479528497398	224	41	8	16	223	284	118	9	1	100	5415	38110	330	3249	3279	42	256	0	0	0	0	512	-44368	-100	-71	0
10	1	1	5	91	92	up	2	512	687.918300502897	1967.24577642662	653.23706313085	1110.50016979655	410.442099238519	560.974805228152	416.271947693051	427.57941082838	512	512	-1565.148011537	4840.45622679075	-593.622386513052	688.259178593781	235	30	4	29	214	265	129	3	3	112	5748	37525	361	3470	3218	50	298	0	0	0	0	512	-44173	-99	-70	0
10	1	1	5	91	92	up	3	512	662.112868973218	1788.68702512006	629.676727048392	1004.26267427003	424.961832664764	651.830233452483	428.019398118273	465.722112080576	512	512	-1588.15090422349	4974.46294500155	-593.549901617469	688.09116901197	218	44	4	25	221	273	125	5	6	103	5371	37997	327	3409	3203	35	321	0	0	0	0	512	-44540	-100	-74	0
10	1	1	5	92	93	up	0	512	604.118966937285	1331.18813722127	621.98747922577	960.367204247371	418.03274902695	639.364156325667	424.216136704684	464.39133103412	512	512	-1569.60155396156	4862.6911954148	-593.824931875027	688.729009539584	221	44	8	15	224	278	120	5	3	106	5621	38287	331	3377	2899	31	199	0	0	0	0	512	-44796	-101	-73	0
10	1	1	5	92	93	up	1	512	621.853482104777	1498.45908362963	618.371688862784	978.175518655488	441.229350151961	725.481683728908	440.001264743542	491.517704721807	512	512	-1564.60034344058	4831.81631716129	-593.682666193521	688.399194542632	233	39	8	19	213	254	142	6	1	109	5510	38541	348	3217	2851	34	230	0	0	0	0	512	-44689	-101	-73	0
10	1	1	5	92	93	up	2	512	618.399640041978	1360.42761151079	640.844087984721	1005.53625309078	389.693355488204	525.351297268493	404.692259971369	426.487228333864	512	512	-1571.31900065537	4876.27575411174	-593.778432895276	688.621164747187	210	41	7	15	239	266	113	3	4	126	5365	38528	372	3351	2896	30	220	0	0	0	0	512	-44933	-101	-74	0
10	1	1	5	92	93	up	3	512	610.250636388213	1477.71939105155	603.703693081133	923.094166062327	442.494721708505	780.382332810219	433.359228506093	476.165041393487	512	512	-1573.0983886711	4886.78067964893	-593.676764781952	688.385420166505	238	45	6	19	204	293	117	8	4	90	5534	38283	329	3470	2860	21	229	0	0	0	0	512	-44933	-101	-76	0
10	1	1	5	93	94	up	0	512	655.126024590715	1736.38369625347	638.460739887753	1034.18590533628	461.392469112585	831.099865997819	442.810751504679	507.398144182154	512	512	-1574.70312506319	4891.57318884726	-593.69747755048	688.433369525845	230	38	3	24	217	248	146	8	6	104	5635	38665	346	3482	2400	33	231	0	0	0	0	512	-45390	-104	-73	0
10	1	1	5	93	94	up	1	512	649.713682035094	1658.53092880867	636.664032902562	1022.5047501808	407.869630066325	623.692758466125	410.599875227434	417.79391420419	512	512	-1569.03279845815	4864.07555347417	-593.723412291385	688.49376120814	224	38	3	22	225	276	114	5	2	115	5475	38831	366	3456	2462	25	189	0	0	0	0	512	-45441	-104	-75	0
10	1	1	5	93	94	up	2	512	567.410763004786	1051.39257240471	602.400213069469	867.424759681609	418.972955627571	636.469252985477	418.146394802132	432.198220821118	512	512	-1557.60963296823	4790.70615884676	-593.715472186101	688.474940444249	233	41	5	9	224	284	116	5	7	100	5460	38910	373	3385	2417	30	231	0	0	0	0	512	-45375	-101	-70	0
10	1	1	5	93	94	up	3	512	628.926431121652	1546.9154031876	631.626412074135	1006.52601529974	448.416747692889	837.573027518892	435.716378361575	488.410499982138	512	512	-1559.58492861325	4798.35036750722	-593.727227222736	688.502423596807	231	39	8	20	214	267	126	9	4	106	5496	38960	352	3320	2498	27	188	0	0	0	0	512	-45309	-100	-76	0
10	1	1	5	94	95	up	0	512	634.501892637898	1624.60364714193	631.818954415316	1006.61770238056	395.959800010075	567.100739152046	405.16496573616	418.664139496462	512	512	-1570.80027078871	4872.37064305804	-593.666837529423	688.362217470191	239	38	7	22	206	272	108	4	8	120	5452	39316	360	3512	2043	25	205	0	0	0	0	512	-46062	-103	-78	0
10	1	1	5	94	95	up	1	512	598.561686037277	1423.77127625242	598.299243637355	911.936698136157	427.370109911007	647.428010902738	423.94969774377	444.164077214474	512	512	-1568.09708789551	4852.20852248647	-593.691237562901	688.418636066909	237	51	4	18	202	293	120	5	5	89	5654	39118	347	3521	2045	23	160	0	0	0	0	512	-45868	-103	-76	0
10	1	1	5	94	95	up	2	512	660.385411459156	1785.8023241892	642.460799769759	1051.35128267803	409.47247578289	554.45905883952	415.04688323472	424.758479028864	512	512	-1566.33884965119	4842.10345967241	-593.758766946421	688.575677890011	219	45	3	25	220	275	124	3	4	106	5487	39385	350	3418	2027	26	186	0	0	0	0	512	-45924	-101	-74	0
10	1	1	5	94	95	up	3	512	610.414828314164	1382.37483662896	608.370078194348	897.602178890038	452.735927960709	926.888774733861	433.334925740967	510.970444397919	512	512	-1567.33778921807	4850.56161460473	-593.738610034582	688.528713702851	215	49	3	16	229	238	127	11	9	127	5603	39326	310	3401	2034	21	172	0	0	0	0	512	-45882	-104	-72	0
10	1	1	5	95	96	up	0	512	620.60629116447	1539.66573888381	617.409593812958	976.367935731227	420.144205206952	570.5375518357	423.204626082246	432.844510507587	512	512	-1568.6012590214	4853.68881425717	-593.765016562254	688.590059557913	218	54	6	20	214	278	130	3	5	96	5619	39655	337	3541	1650	16	130	0	0	0	0	512	-46475	-104	-71	0
10	1	1	5	95	96	up	1	512	627.929536741668	1414.76641606058	643.078373531675	1026.08168969844	396.094575081018	536.483005855304	404.060879089844	405.891144336299	512	512	-1554.33189075387	4767.27458220557	-593.685660501232	688.406111517813	203	42	8	16	243	261	117	3	8	123	5793	39468	381	3510	1641	20	125	0	0	0	0	512	-46139	-106	-78	0
10	1	1	5	95	96	up	2	512	641.181752680715	1715.24533571783	630.211880128032	1034.62004134326	398.742985614138	535.625353428555	407.340121627456	411.601091775198	512	512	-1564.82924883549	4837.23010189191	-593.576253678483	688.152291168926	222	52	6	24	208	279	116	3	2	112	5782	39497	389	3484	1625	20	137	0	0	0	0	512	-46182	-103	-73	0
10	1	1	5	95	96	up	3	512	613.293208860717	1487.71806479347	611.741585392352	945.370754659436	406.583931962892	551.825356733903	412.55860228346	419.172002897303	512	512	-1550.76677721849	4749.800268204	-593.667599926561	688.363979669136	230	49	3	19	211	267	123	3	7	112	5808	39512	329	3503	1586	37	135	0	0	0	0	512	-46239	-105	-72	0
10	1	1	5	96	97	up	0	512	639.387444113845	1642.99744664428	638.666465191614	1036.25868698371	409.703518761649	491.395653234617	431.973691615926	471.798821124069	512	512	-1550.20126614782	4747.75873047064	-593.671620782821	688.373343946461	216	49	7	22	218	259	141	1	2	109	5803	39978	357	3526	1234	19	77	0	0	0	0	512	-46735	-105	-74	0
10	1	1	5	96	97	up	1	512	648.619446781966	1654.00764492192	626.653934128184	970.444942910055	429.770369814457	703.623586461676	425.54130927752	458.34007065097	512	512	-1552.84211881049	4759.33352554539	-593.728855425469	688.506043134239	226	36	7	22	221	258	131	6	3	114	5889	39861	351	3563	1226	14	113	0	0	0	0	512	-46699	-106	-78	0
10	1	1	5	96	97	up	2	512	604.550563074469	1439.13225671942	600.962269403572	912.004379646457	410.729829996642	521.709172115483	418.049973119308	425.988696848331	512	512	-1555.0555207199	4777.33131758687	-593.726985156904	688.501728626203	226	54	3	18	211	271	130	2	6	103	5714	39994	373	3583	1250	14	106	0	0	0	0	512	-46857	-107	-73	0
10	1	1	5	96	97	up	3	512	628.264864971035	1518.10077633721	627.413289423559	997.939616632027	409.213088914449	661.206725492823	406.715770950893	418.304578067221	512	512	-1550.70574658083	4748.63157872565	-593.509214048521	687.996891618408	217	46	4	19	226	274	109	6	5	118	5845	39891	370	3558	1236	12	119	0	0	0	0	512	-46714	-104	-73	0
10	1	1	5	97	98	up	0	512	669.722772343212	1905.0324733553	647.158723616215	1110.31624533058	433.14827051633	668.628463180255	430.985075970585	457.853408086001	512	512	-1557.58398962507	4787.9812814634	-593.760760903322	688.579985085688	222	46	8	28	208	264	133	5	8	102	5786	40445	346	3599	800	13	76	0	0	0	0	512	-47394	-105	-80	0
10	1	1	5	97	98	up	1	512	617.1037786651	1391.34955922341	627.831526155051	965.246018782604	440.605218199144	719.51094817207	432.635825225204	465.896332223762	512	512	-1545.06258603345	4707.6730136444	-593.709369516934	688.461010242321	220	41	3	16	232	259	136	6	7	104	5841	40359	414	3562	824	8	57	0	0	0	0	512	-47131	-105	-73	0
10	1	1	5	97	98	up	2	512	617.170629717908	1460.68613957078	601.896792801076	898.734066984357	432.888883647889	701.291874569517	433.705700910838	480.781448050092	512	512	-1557.80605172007	4793.91564538811	-593.764097227442	688.587704771818	223	46	5	18	220	275	127	6	3	101	5653	40602	381	3540	805	13	69	0	0	0	0	512	-47356	-108	-81	0
10	1	1	5	97	98	up	3	512	633.571849310721	1561.81784815759	632.987998977115	1004.47640749565	413.839253521955	564.015602470407	425.390257396394	446.078473557817	512	512	-1541.27365014152	4684.72426856257	-593.712021926909	688.467128302666	218	45	5	20	224	274	130	3	0	105	5837	40550	347	3442	799	16	66	0	0	0	0	512	-47158	-109	-77	0
10	1	1	5	98	99	up	0	512	695.923438777601	1925.13004904374	692.0677052302	1209.80844226802	430.431935965074	769.52025263706	416.0458130742	441.637609729859	512	512	-1571.20383846036	4865.96369604616	-593.710762890814	688.464532294091	192	41	11	27	241	272	116	8	4	112	5693	41039	326	3630	380	4	47	0	0	0	0	512	-48053	-108	-79	0
10	1	1	5	98	99	up	1	512	628.908250505415	1450.80809885211	658.867147240523	1074.97240107386	418.071256190077	715.302958396442	405.619630640874	424.956916319079	512	512	-1547.74536656741	4732.41509521678	-593.725196103309	688.497668721106	207	43	7	17	238	264	113	7	7	121	5969	40737	357	3625	417	3	28	0	0	0	0	512	-47653	-107	-76	0
10	1	1	5	98	99	up	2	512	682.756254507598	1790.1748374553	678.363475333827	1146.45667780261	421.919260192259	678.913599035557	423.290745086101	454.177775459051	512	512	-1539.64027950024	4680.48644836144	-593.703791956345	688.447859135161	212	29	4	24	243	281	115	6	6	104	5784	40783	411	3710	399	5	24	0	0	0	0	512	-47890	-107	-74	0
10	1	1	5	98	99	up	3	512	681.441139549156	1857.1717277036	678.121615601181	1160.1051392735	416.641692707581	644.580569148688	414.184842079384	425.615844112635	512	512	-1537.79163302602	4662.82380981467	-593.598297687478	688.203243741433	211	36	10	26	229	260	125	5	4	118	5973	40879	363	3473	387	8	37	0	0	0	0	512	-47542	-105	-78	0
10	1	1	5	99	100	dwell	0	512	0	0	0	0	385.403592075393	556.585886576066	384.875371779398	371.972914020314	0	0	-1534.75375201105	4648.26935769852	-593.76549001408	688.591023496529	0	0	0	0	0	263	108	4	1	136	6007	41244	369	3580	0	0	0	0	0	0	0	512	-48122	-107	-80	0
10	1	1	5	99	100	dwell	1	512	0	0	0	0	373.387330837881	561.064810365	374.583264177495	356.961633132644	0	0	-1533.83023322393	4645.07309716776	-593.612326702304	688.235821595378	0	0	0	0	0	283	84	5	6	134	6050	41259	351	3540	0	0	0	0	0	0	0	512	-48093	-109	-81	0
10	1	1	5	99	100	dwell	2	512	0	0	0	0	355.614308507262	391.96592494522	367.603460574079	327.879605006284	0	0	-1540.50392527667	4687.56652595952	-593.753881159485	688.564363366367	0	0	0	0	0	277	94	1	4	136	6067	41144	360	3629	0	0	0	0	0	0	0	512	-48126	-108	-78	0
10	1	1	5	99	100	dwell	3	512	0	0	0	0	390.64372536227	530.939770253759	392.264228635724	385.915127743078	0	0	-1541.91503733409	4696.31841913539	-593.71004236472	688.462398639949	0	0	0	0	0	257	117	3	4	131	5984	41197	379	3640	0	0	0	0	0	0	0	512	-48172	-109	-76	0
10	1	1	5	99	100	dwell	4	512	0	0	0	0	412.457287510705	635.786775430696	407.460158313218	418.529314043899	0	0	-1536.38090329322	4659.26478025494	-593.592733756999	688.190610538263	0	0	0	0	0	262	120	5	6	119	6074	41121	392	3613	0	0	0	0	0	0	0	512	-48021	-106	-79	0
10	1	1	5	99	100	dwell	5	512	0	0	0	0	411.947604081941	656.475455962137	405.233098272105	403.723808470408	0	0	-1558.27108406529	4790.98704836503	-593.653715532447	688.331988220274	0	0	0	0	0	298	104	6	2	102	5817	41206	361	3816	0	0	0	0	0	0	0	512	-48565	-108	-80	0
10	1	1	5	99	100	dwell	6	512	0	0	0	0	373.963865319453	461.544199652844	383.276547781297	365.070009989481	0	0	-1544.26143782878	4708.71982690903	-593.722929500735	688.49224753544	0	0	0	0	0	274	106	2	0	130	5924	41256	387	3633	0	0	0	0	0	0	0	512	-48195	-111	-77	0
10	1	1	5	99	100	dwell	7	512	0	0	0	0	398.406584419444	564.553063409035	397.735224738163	396.64877031576	0	0	-1546.87651302382	4720.52118336559	-593.679469455489	688.391734049042	0	0	0	0	0	290	105	4	5	108	6018	41120	343	3719	0	0	0	0	0	0	0	512	-48305	-107	-81	0
10	1	1	5	99	100	dwell	8	512	0	0	0	0	413.311389476954	785.040430903788	391.870446840547	398.376864204419	0	0	-1530.62391461789	4627.34697038066	-593.631110105284	688.279270648735	0	0	0	0	0	254	106	9	3	140	5920	41355	391	3534	0	0	0	0	0	0	0	512	-48083	-109	-77	0
10	1	1	5	99	100	dwell	9	512	0	0	0	0	373.502852327261	455.408940605534	382.60919812093	360.93861362444	0	0	-1552.96125028674	4760.4247802816	-593.568168656815	688.133400208962	0	0	0	0	0	281	100	2	5	124	5791	41333	397	3679	0	0	0	0	0	0	0	512	-48392	-112	-74	0
10	1	1	5	99	100	dwell	10	512	0	0	0	0	395.672069251952	569.310940735036	394.404060394833	394.074175043028	0	0	-1546.84785621098	4724.80758471889	-593.740846260549	688.534198216256	0	0	0	0	0	270	111	4	4	123	5925	41166	368	3741	0	0	0	0	0	0	0	512	-48306	-109	-77	0
10	1	1	5	99	100	dwell	11	512	0	0	0	0	413.03274902695	816.749961094368	389.872477446402	407.121671441103	0	0	-1559.53027402283	4801.24600075878	-593.81900104345	688.715380548682	0	0	0	0	0	262	98	10	3	139	5871	41349	339	3641	0	0	0	0	0	0	0	512	-48385	-110	-78	0
10	1	1	5	99	100	dwell	12	512	0	0	0	0	417.408617074133	744.612930948495	401.312883797909	412.340357700272	0	0	-1548.38302609489	4732.86565998945	-593.660402035656	688.34726806934	0	0	0	0	0	279	104	8	4	117	5910	41226	338	3726	0	0	0	0	0	0	0	512	-48414	-108	-80	0
10	1	1	5	99	100	dwell	13	512	0	0	0	0	386.429903310385	623.981444781926	377.655556482177	362.315823243448	0	0	-1548.48624878366	4734.93346861138	-593.672242995447	688.374527169069	0	0	0	0	0	275	94	6	2	135	5908	41248	397	3647	0	0	0	0	0	0	0	512	-48263	-110	-78	0
10	1	1	5	99	100	dwell	14	512	0	0	0	0	394.807804012258	596.930889970827	395.752645417427	410.203722427934	0	0	-1549.60476984237	4742.04846826752	-593.843066047148	688.770824329051	0	0	0	0	0	285	100	5	4	118	5891	41321	385	3603	0	0	0	0	0	0	0	512	-48220	-105	-78	0
10	1	1	5	99	100	dwell	15	512	0	0	0	0	395.79668104945	641.429341292504	389.845044399598	388.684008531255	0	0	-1546.87165969109	4722.21016838765	-593.779827081271	688.624229410647	0	0	0	0	0	270	102	6	3	131	5925	41353	376	3546	0	0	0	0	0	0	0	512	-48147	-115	-78	0
10	1	1	5	99	100	dwell	16	512	0	0	0	0	407.639660052892	628.60495687327	404.746735410549	428.564252333798	0	0	-1526.79689133801	4604.58188381512	-593.707549682754	688.456630949448	0	0	0	0	0	259	117	5	7	124	6034	41247	362	3557	0	0	0	0	0	0	0	512	-48034	-109	-76	0
10	1	1	5	99	100	dwell	17	512	0	0	0	0	417.755181542272	687.059950173161	408.733748407194	446.57715832275	0	0	-1547.49934304674	4726.46559841757	-593.808348969008	688.69084581219	0	0	0	0	0	249	125	6	4	128	5837	41493	360	3510	0	0	0	0	0	0	0	512	-48209	-107	-80	0
10	1	1	5	99	100	dwell	18	512	0	0	0	0	379.395461456637	429.104730321343	391.351748271675	372.006765986602	0	0	-1536.22303259802	4665.85596322008	-593.637998015164	688.295414956307	0	0	0	0	0	283	109	1	4	115	6008	41116	370	3706	0	0	0	0	0	0	0	512	-48234	-110	-78	0
10	1	1	5	99	100	dwell	19	512	0	0	0	0	395.451189546638	492.582780956051	404.193972363739	414.096572260843	0	0	-1548.66085527999	4737.29287861337	-593.709651119122	688.461767954271	0	0	0	0	0	279	116	2	6	109	5911	41350	330	3609	0	0	0	0	0	0	0	512	-48317	-107	-80	0
10	1	1	5	99	100	dwell	20	512	0	0	0	0	419.040879645706	721.84531258039	403.987984650999	419.842855079468	0	0	-1538.14144206927	4669.21755660006	-593.829824611941	688.740403518268	0	0	0	0	0	258	119	7	2	126	5882	41464	357	3497	0	0	0	0	0	0	0	512	-48192	-110	-80	0
10	1	1	5	99	100	dwell	21	512	0	0	0	0	397.792615740072	678.258606562003	390.807808650424	390.251852701918	0	0	-1551.26282801526	4748.63333113987	-593.657362749209	688.340320123075	0	0	0	0	0	272	96	7	6	131	5859	41297	334	3710	0	0	0	0	0	0	0	512	-48449	-110	-79	0
10	1	1	5	99	100	dwell	22	512	0	0	0	0	356.977020936949	467.462596904963	364.290009912611	330.21046868989	0	0	-1549.24059322066	4738.31015240531	-593.57369061919	688.146507702702	0	0	0	0	0	270	86	3	7	146	6051	41000	392	3757	0	0	0	0	0	0	0	512	-48214	-107	-81	0
10	1	1	5	99	100	dwell	23	512	0	0	0	0	374.970922972882	490.930445130343	380.066669217431	358.488177206849	0	0	-1548.17938578765	4733.22309869164	-593.866486316196	688.825506640077	0	0	0	0	0	287	94	3	5	123	5904	41350	358	3588	0	0	0	0	0	0	0	512	-48255	-108	-81	0
10	1	1	5	99	100	dwell	24	512	0	0	0	0	397.754108576946	602.293196695913	396.98210926119	411.278124365623	0	0	-1531.63985416572	4636.36566283801	-593.724530261726	688.496235280827	0	0	0	0	0	282	102	5	6	117	5914	41272	376	3638	0	0	0	0	0	0	0	512	-48242	-107	-78	0
10	1	1	5	99	100	dwell	25	512	0	0	0	0	398.436001274452	648.047968401899	399.252149096619	420.049037787421	0	0	-1538.71963347435	4676.89030176588	-593.598751362582	688.20465665492	0	0	0	0	0	262	105	6	6	133	6119	40890	440	3751	0	0	0	0	0	0	0	512	-48042	-107	-75	0
10	1	1	5	99	100	dwell	26	512	0	0	0	0	409.856474448829	630.996087332719	403.407436427008	418.805596325709	0	0	-1540.14460198769	4683.26433975963	-593.707522796141	688.456797512025	0	0	0	0	0	264	118	5	5	120	5936	41276	351	3637	0	0	0	0	0	0	0	512	-48278	-112	-80	0
10	1	1	5	99	100	dwell	27	512	0	0	0	0	384.990176554446	581.85771853371	386.415088533894	378.331990888413	0	0	-1546.12424348204	4724.43279951624	-593.697925584526	688.434420593804	0	0	0	0	0	286	95	5	0	126	5942	41184	382	3692	0	0	0	0	0	0	0	512	-48291	-111	-76	0
10	1	1	5	99	100	dwell	28	512	0	0	0	0	378.82909024851	388.886991240242	388.900343027664	354.379366629869	0	0	-1544.47503707077	4707.05685540066	-593.680448865532	688.393950604148	0	0	0	0	0	293	111	0	2	106	5755	41505	383	3557	0	0	0	0	0	0	0	512	-48310	-109	-79	0
10	1	1	5	99	100	dwell	29	512	0	0	0	0	428.541359490387	729.718035871675	417.367484513038	455.027352424927	0	0	-1542.89241158819	4696.44715544395	-593.643014259203	688.30758164466	0	0	0	0	0	271	118	7	7	109	6034	40982	379	3805	0	0	0	0	0	0	0	512	-48304	-109	-75	0
10	1	1	5	99	100	dwell	30	512	0	0	0	0	377.936481119134	460.137985933802	379.690955089613	349.859401639763	0	0	-1546.83885308779	4732.44483590386	-593.728919485455	688.506375881532	0	0	0	0	0	283	100	2	9	118	5913	41271	358	3658	0	0	0	0	0	0	0	512	-48274	-107	-78	0
10	1	1	5	99	100	dwell	31	512	0	0	0	0	377.313422131643	470.233337419824	382.328607595474	360.413754848367	0	0	-1540.23184287146	4687.38631138803	-593.756858934332	688.571095492677	0	0	0	0	0	263	110	2	4	133	6093	41152	348	3607	0	0	0	0	0	0	0	512	-48072	-108	-81	0
10	1	1	5	99	100	dwell	32	512	0	0	0	0	419.174581751322	712.270139361096	412.53390323067	444.108760786243	0	0	-1548.99712908499	4740.16234444954	-593.710496432962	688.463637071756	0	0	0	0	0	276	110	7	6	113	5776	41395	333	3696	0	0	0	0	0	0	0	512	-48536	-109	-79	0
10	1	1	5	99	100	dwell	33	512	0	0	0	0	405.09553477038	647.665256858158	393.403903904742	390.401003476873	0	0	-1558.89312154876	4795.47513319759	-593.76994823289	688.601258398263	0	0	0	0	0	291	101	6	3	111	5577	41598	359	3666	0	0	0	0	0	0	0	512	-48634	-112	-78	0
10	1	1	5	99	100	dwell	34	512	0	0	0	0	386.074248534128	503.760155240326	387.317750236989	364.514858034146	0	0	-1552.74914712649	4759.57632345982	-593.732871638175	688.515752120455	0	0	0	0	0	303	98	3	2	106	5820	41453	340	3587	0	0	0	0	0	0	0	512	-48396	-108	-78	0
10	1	1	5	99	100	dwell	35	512	0	0	0	0	399.146237861641	576.007616000128	398.813961972437	404.633169229488	0	0	-1540.50046711796	4686.74598992541	-593.718801372405	688.482724442162	0	0	0	0	0	267	114	4	5	122	6005	41105	367	3723	0	0	0	0	0	0	0	512	-48231	-111	-80	0
10	1	1	5	99	100	dwell	36	512	0	0	0	0	374.184745024767	464.108280781842	379.795406303124	351.599569176908	0	0	-1557.30207175649	4788.2732950933	-593.717860118549	688.480851106179	0	0	0	0	0	265	107	2	4	134	5789	41286	390	3735	0	0	0	0	0	0	0	512	-48414	-110	-80	0
10	1	1	5	99	100	dwell	37	512	0	0	0	0	413.71356875913	698.270135229411	398.518716631713	401.270755968705	0	0	-1544.32258661125	4705.2968546	-593.73160925034	688.512737776379	0	0	0	0	0	291	103	7	2	109	5927	41231	403	3639	0	0	0	0	0	0	0	512	-48194	-109	-79	0
10	1	1	5	99	100	dwell	38	512	0	0	0	0	373.483598745697	417.426235672489	380.483231610081	343.208317459595	0	0	-1554.01921328701	4767.95200922503	-593.718149845584	688.480907048945	0	0	0	0	0	286	103	1	5	117	5844	41243	363	3750	0	0	0	0	0	0	0	512	-48473	-108	-79	0
10	1	1	5	99	100	dwell	39	512	0	0	0	0	391.631529434137	485.287879268535	395.055926230928	381.970027952916	0	0	-1539.21612896014	4685.17283719961	-593.585566307661	688.17397424617	0	0	0	0	0	279	112	2	8	111	6002	41050	391	3757	0	0	0	0	0	0	0	512	-48235	-108	-77	0
10	1	1	5	99	100	dwell	40	512	0	0	0	0	421.1229189707	754.827568541266	398.667648131203	412.019538433821	0	0	-1541.70793886814	4695.76346892859	-593.702304050547	688.444846645892	0	0	0	0	0	270	110	8	4	120	5941	41284	388	3587	0	0	0	0	0	0	0	512	-48118	-115	-79	0
10	1	1	5	99	100	dwell	41	512	0	0	0	0	409.913162228193	654.847075415584	399.353020745766	406.667972526294	0	0	-1534.32842660687	4647.40132505348	-593.624182886019	688.263412142031	0	0	0	0	0	294	104	6	2	106	6047	41208	367	3578	0	0	0	0	0	0	0	512	-48117	-110	-80	0
10	1	1	5	99	100	dwell	42	512	0	0	0	0	400.94963673663	714.836873006256	383.93319042436	380.851691960029	0	0	-1545.94868117415	4714.54413821154	-593.802306498312	688.676414715662	0	0	0	0	0	283	90	8	5	126	5841	41355	385	3619	0	0	0	0	0	0	0	512	-48313	-107	-78	0
10	1	1	5	99	100	dwell	43	512	0	0	0	0	402.006437791957	585.243539829151	399.469808643338	403.427432844897	0	0	-1549.07648592925	4738.31486174638	-593.697865282346	688.434339439876	0	0	0	0	0	258	120	4	4	126	5933	41180	383	3704	0	0	0	0	0	0	0	512	-48311	-109	-73	0
10	1	1	5	99	100	dwell	44	512	0	0	0	0	364.520073254135	440.387209528798	368.435198859611	327.223308754103	0	0	-1537.18383432309	4667.80423142581	-593.580193641654	688.16147852348	0	0	0	0	0	283	94	2	3	130	5975	41121	412	3692	0	0	0	0	0	0	0	512	-48188	-108	-80	0
10	1	1	5	99	100	dwell	45	512	0	0	0	0	363.013495445387	403.037765992571	375.532565395856	343.802015021769	0	0	-1549.46490539353	4742.9146148283	-593.629877997016	688.276616950682	0	0	0	0	0	283	99	1	1	128	5776	41355	365	3704	0	0	0	0	0	0	0	512	-48497	-109	-77	0
10	1	1	5	99	100	dwell	46	512	0	0	0	0	409.597087580388	700.688322456344	397.494523106826	411.465679004709	0	0	-1525.41017348473	4594.02837205116	-593.610877306696	688.232615959076	0	0	0	0	0	267	107	7	5	126	6069	41182	394	3555	0	0	0	0	0	0	0	512	-47952	-110	-77	0
10	1	1	5	99	100	dwell	47	512	0	0	0	0	410.086444462262	626.030673334944	403.07347941088	406.398833379097	0	0	-1539.36410308499	4678.49230350905	-593.73862993665	688.528749582063	0	0	0	0	0	273	113	5	8	113	5892	41283	363	3662	0	0	0	0	0	0	0	512	-48299	-107	-80	0
10	1	1	5	99	100	dwell	48	512	0	0	0	0	428.56061307195	730.671917070357	416.362412813094	453.632130692131	0	0	-1533.86229774163	4647.5687390551	-593.753608742857	688.563435024581	0	0	0	0	0	274	120	7	2	109	5941	41469	367	3423	0	0	0	0	0	0	0	512	-48059	-110	-79	0
10	1	1	5	99	100	dwell	49	512	0	0	0	0	433.695388142893	707.972144448621	423.464873968693	458.493542158961	0	0	-1543.30990340671	4702.54484111753	-593.81167869088	688.698099129329	0	0	0	0	0	263	132	6	3	108	5821	41496	373	3510	0	0	0	0	0	0	0	512	-48218	-109	-81	0
10	1	1	5	99	100	dwell	50	512	0	0	0	0	390.508950291327	487.420032695829	392.572810562147	373.284653060556	0	0	-1553.5763090884	4765.57708206042	-593.687162942124	688.40949037039	0	0	0	0	0	272	115	2	6	117	5903	41201	341	3755	0	0	0	0	0	0	0	512	-48438	-106	-75	0
10	1	1	5	99	100	dwell	51	512	0	0	0	0	388.723732032575	444.724687820504	392.35655632751	367.725629347136	0	0	-1535.86167295713	4655.57004801379	-593.717453236313	688.4798349887	0	0	0	0	0	284	116	1	3	108	5930	41389	389	3492	0	0	0	0	0	0	0	512	-48072	-106	-79	0
10	1	1	5	99	100	dwell	52	512	0	0	0	0	383.876687719755	539.325121918606	385.325363833579	376.655410052339	0	0	-1540.29667544914	4684.78403145236	-593.717004323505	688.478549342378	0	0	0	0	0	289	93	4	8	118	5864	41324	380	3632	0	0	0	0	0	0	0	512	-48288	-108	-80	0
10	1	1	5	99	100	dwell	53	512	0	0	0	0	361.53526152632	396.088316671985	376.357094877679	345.170322092299	0	0	-1553.96354710462	4771.95025989788	-593.731449185405	688.512206856089	0	0	0	0	0	288	93	1	6	124	5850	41299	371	3680	0	0	0	0	0	0	0	512	-48378	-113	-80	0
10	1	1	5	99	100	dwell	54	512	0	0	0	0	404.328610403829	584.661718792714	402.541643171596	404.597050993562	0	0	-1540.13336069718	4678.32088726206	-593.72954316027	688.507745399755	0	0	0	0	0	264	117	4	8	119	5846	41427	373	3554	0	0	0	0	0	0	0	512	-48220	-108	-79	0
10	1	1	5	99	100	dwell	55	512	0	0	0	0	386.449156891949	439.57834494627	395.398309355338	374.371239054928	0	0	-1558.15086139558	4793.77047840914	-593.72255130216	688.491396535246	0	0	0	0	0	286	113	1	4	108	5756	41528	329	3587	0	0	0	0	0	0	0	512	-48504	-108	-83	0
10	1	1	5	99	100	dwell	56	512	0	0	0	0	380.921292846948	430.326015731258	391.51149654093	362.855086173055	0	0	-1554.30647304722	4765.26611043885	-593.660647596046	688.347939022485	0	0	0	0	0	286	109	1	4	112	5879	41143	377	3801	0	0	0	0	0	0	0	512	-48442	-111	-77	0
10	1	1	5	99	100	dwell	57	512	0	0	0	0	379.136074588196	461.74153391529	390.373922927878	374.21206716625	0	0	-1536.58901993513	4660.91063988464	-593.813189483562	688.701976621064	0	0	0	0	0	290	102	2	3	115	5865	41426	365	3544	0	0	0	0	0	0	0	512	-48232	-109	-79	0
10	1	1	5	99	100	dwell	58	512	0	0	0	0	415.642652396944	628.680780826548	411.215702550608	426.902097315619	0	0	-1558.11122747203	4793.3146883628	-593.733568655571	688.517162217913	0	0	0	0	0	290	112	5	6	99	5877	41286	357	3680	0	0	0	0	0	0	0	512	-48392	-109	-77	0
10	1	1	5	99	100	dwell	59	512	0	0	0	0	401.957767355386	649.043087551634	397.155785992777	415.638443019993	0	0	-1552.65631082439	4757.20547549843	-593.778676064755	688.621445189602	0	0	0	0	0	271	103	6	8	124	5837	41213	355	3795	0	0	0	0	0	0	0	512	-48537	-106	-80	0
10	1	1	5	99	100	dwell	60	512	0	0	0	0	360.431935965074	436.203175032325	371.906279361659	341.131360915193	0	0	-1554.29613711441	4767.77649868448	-593.761392608029	688.581615127002	0	0	0	0	0	276	93	2	4	137	5762	41485	369	3584	0	0	0	0	0	0	0	512	-48380	-107	-80	0
10	1	1	5	99	100	dwell	61	512	0	0	0	0	398.464345164134	567.30827582382	398.962511790583	406.288706326069	0	0	-1544.93609887732	4716.85502781762	-593.68439710682	688.403126225035	0	0	0	0	0	283	107	4	6	112	5895	41381	362	3562	0	0	0	0	0	0	0	512	-48193	-109	-77	0
10	1	1	5	99	100	dwell	62	512	0	0	0	0	386.736887650071	511.505614217951	394.435893859874	394.93919066699	0	0	-1541.28879960632	4689.00888104372	-593.716460533085	688.477498199145	0	0	0	0	0	284	103	3	6	116	5844	41343	378	3635	0	0	0	0	0	0	0	512	-48301	-110	-79	0
10	1	1	5	99	100	dwell	63	512	0	0	0	0	370.297160894132	408.545966619723	382.897052794185	351.681691141918	0	0	-1550.08618888086	4748.19048628612	-593.69098318008	688.418208029701	0	0	0	0	0	295	98	1	4	114	5876	41220	381	3723	0	0	0	0	0	0	0	512	-48354	-112	-79	0
# final_twist	100
# forced_steps	19
# sweeps_total	248320
# completion	PASS
