# format	twist_snake_sector_blocks_v2
# status	NON-CANONICAL floating-point engineering diagnostic
# L	10
# k	2
# chain	0
# kind	4
# kind_name	class0
# base	0
# restriction	0
# schedule	up_only
# seed	202609310240
# seam_size	100
# start_twist	1
# chain_initial	cold1C0
# warmup_sweeps	512
# dwell_sweeps	16384
# dwell_long_sweeps	32768
# visit_sweeps	2048
# equilibration_sweeps	32
# post_forcing_sweeps	512
# block_length	512
# segments	100
# seam_order	x2_fastest_then_x3
# class_rule	class0_if_2W_ge_minus_n_else_classMinus
# action_density	minus_sum_logW_divided_by_6L4
# sampling	every_production_sweep_after_full_heatbath_sweep
L	k	chain	kind	segment	n	phase	block	count	sumFn	sumFn2	sumFi	sumFi2	sumBn	sumBn2	sumBi	sumBi2	sumPFi	sumPFi2	sumY	sumY2	sumS	sumS2	hF0	hF1	hF2	hF3	hF4	hB0	hB1	hB2	hB3	hB4	sec0	secMinus	secPlus	secOther	untMinus	untPlus	untOther	pure0	pureMinus	purePlus	flips	classMinus	sumW	minW	maxW	forced
10	2	0	4	0	1	up	0	512	219.327127602217	425.335019876795	251.899711125872	235.593933656274	1252.86385540341	10072.8827510522	1155.71909462711	4956.81702699011	502.187284409478	499.021185689198	-2.56454908884738	49.5241260892446	-593.72550629382	688.498167507975	271	73	1	2	155	115	280	85	10	22	470	0	37	5	4739	4436	440	0	0	0	0	0	47	0	2	0
10	2	0	4	0	1	up	1	512	327.441096281589	1448.5233204691	292.690677443316	438.610723763078	1168.9223925531	8978.53350574889	1159.18019514937	4734.00734931738	501.381167082572	497.504902476615	-0.253344726353055	43.1269567055623	-593.844366768175	688.774027146708	249	79	4	10	160	98	298	74	12	30	466	0	44	2	4525	4533	457	0	0	0	0	0	48	0	2	0
10	2	0	4	0	1	up	2	512	304.886624441273	1502.01253575602	282.000083133951	416.283313542033	1079.62527492654	8210.20520685396	1084.00133130484	4122.35773715978	504.520115766994	501.524985733537	6.00524503676296	48.1669944465345	-593.769049212835	688.59935632338	292	65	1	12	135	117	313	72	0	10	479	0	32	1	4688	4548	464	0	0	0	0	0	34	0	2	0
10	2	0	4	0	1	up	3	512	300.082929005961	1320.87581298736	281.917827817761	399.165803648057	1076.63591804466	8187.60038512069	1087.44824283471	4320.31980451367	499.813987361946	495.426548452689	3.65943526610429	53.3228144936439	-593.883707317602	688.86518499299	279	67	4	9	142	119	306	71	2	14	457	0	54	1	4518	4457	430	0	0	0	0	0	56	0	2	0
10	2	0	4	1	2	up	0	512	327.931709413148	1667.38032982243	297.475398596679	482.627012219051	671.095491502812	4252.34613968328	718.485410736526	2263.83989326703	476.939817811506	464.212237115079	17.5561295847323	51.4520967680605	-593.940049790686	688.995931097884	250	70	2	13	144	113	240	31	13	45	789	146	79	10	4389	4363	443	0	0	0	0	0	-51	-1	3	0
10	2	0	4	1	2	up	1	512	251.828383851902	857.681442749979	265.895825474299	342.543916714219	857.978417203425	6150.25749265238	841.051947911316	3156.64899265372	467.019089080605	454.015626699002	15.6061839554108	50.9310166733649	-593.712236257375	688.467665600813	234	74	1	6	149	115	227	45	21	33	775	165	80	4	4647	4633	424	0	0	0	0	0	-77	-1	2	0
10	2	0	4	1	2	up	2	512	262.128013977836	1085.42597959596	253.909634907188	333.012540187465	888.11367211905	6398.24224774221	874.767873311463	3193.92211424666	472.896840935116	461.286335409386	23.7997052649533	51.9754860858743	-593.701669814556	688.443342983001	273	64	4	7	126	109	240	48	19	33	806	138	78	2	4476	4575	460	0	0	0	0	0	-60	-1	2	0
10	2	0	4	1	2	up	3	512	246.80961011502	735.960872975401	255.691272958224	311.579589150435	691.227937358744	4359.1271510377	723.935064573092	2410.22657016182	459.954782335414	443.560471890343	4.43245501756288	51.4930110173695	-593.912681824297	688.932498256784	252	50	3	4	153	108	222	27	25	33	764	180	79	1	4473	4390	416	0	0	0	0	0	-99	-1	2	0
10	2	0	4	2	3	up	0	512	361.905398178155	2017.00971332592	324.832640410487	764.181028930234	930.922689113425	6342.31824574112	934.84202992373	3302.2965326009	509.071301419622	507.647902009124	33.5404581785845	53.315348618921	-593.698917976655	688.436593172206	270	99	10	13	117	131	278	45	24	32	1219	177	131	9	4554	4503	468	0	0	0	0	0	-28	-1	2	0
10	2	0	4	2	3	up	1	512	235.995568121904	678.84563467593	265.001325120563	304.152738357325	1054.70761081185	7794.24492857736	988.457392192936	3861.71847692353	508.731600761964	507.160591894548	29.2974391619226	47.1357286246972	-593.742009270028	688.536510008374	286	76	2	4	142	134	273	60	20	24	1196	210	120	10	4459	4465	524	0	0	0	0	0	-82	-1	3	0
10	2	0	4	2	3	up	2	512	275.401332868777	998.000566379817	292.973733889979	455.427059951106	1038.28588138779	7814.76164134057	983.826954440877	3781.18739629944	507.274239721778	505.263248732157	28.8114428810567	49.1675451791897	-593.854872455281	688.798461030582	276	74	4	6	148	145	262	62	16	24	1204	180	144	8	4294	4332	379	0	0	0	0	0	-39	-1	4	0
10	2	0	4	2	3	up	3	512	294.420106605659	1253.7211361544	292.137160293763	471.893923364328	836.225128299051	5528.12074156473	894.11087082202	3092.93042023986	508.722157414397	506.949808121494	3.52484501793652	52.0863048397791	-593.797593434422	688.665725488875	258	101	5	8	137	141	294	43	11	21	1223	190	116	7	4587	4326	440	0	0	0	0	0	-68	-1	2	0
10	2	0	4	3	4	up	0	512	230.486181253463	615.897212499581	242.810269904232	214.465050487549	776.694751754681	5189.91725270023	790.916622603089	2394.67211169671	495.919735934111	490.270574897532	26.7927684103123	55.7996112534256	-593.770692848989	688.603305143122	283	65	3	3	142	127	269	41	9	31	1553	297	179	19	4223	4287	447	0	0	0	0	0	-128	-2	3	0
10	2	0	4	3	4	up	1	512	297.55255246159	1180.21944174943	289.093264135114	410.068353401092	914.657500841239	6563.61616809168	896.558656417176	3430.41300838863	494.995215410132	489.129613820878	25.6668916717216	47.4967113207248	-593.811807603759	688.698775392367	245	81	3	8	158	152	217	45	30	43	1562	310	149	27	4313	4300	416	0	0	0	0	0	-183	-2	3	0
10	2	0	4	3	4	up	2	512	210.186551127529	376.328950231719	248.420193198476	234.284208691185	809.885734760306	5366.7653133404	846.394708760038	2922.73047309689	496.000056352263	490.087641536306	20.9652003774123	47.3084200030117	-593.671860987048	688.374086393174	268	73	0	2	153	117	258	38	20	39	1544	317	164	23	4393	4493	463	0	0	0	0	0	-157	-2	4	0
10	2	0	4	3	4	up	3	512	240.637400846277	981.739146856687	254.371223690021	331.142815933248	878.752992344052	6248.71952197192	879.601268767468	3161.31000284251	484.441177635104	475.787350818144	31.498458133505	51.399362289436	-593.701065447912	688.441455068317	284	72	2	7	116	113	247	47	18	37	1574	306	142	26	4319	4440	486	0	0	0	0	0	-194	-2	3	0
10	2	0	4	4	5	up	0	512	312.390689750651	1332.9640352334	289.971305777461	384.368461714833	910.596451192175	6474.64950866111	901.463910397724	3158.45924199683	511.67188551638	511.37938571377	39.1708149201921	51.2482295491764	-593.756638100771	688.570480683826	270	75	4	9	154	147	269	51	13	30	1993	366	178	23	4232	4366	417	0	0	0	0	0	-174	-2	3	0
10	2	0	4	4	5	up	1	512	283.000889680967	1083.49000821866	275.177008338132	330.068602006759	826.527567484678	5496.91713942427	870.813997090267	2920.5351432225	510.738499269712	509.964547008584	41.9189896082205	48.3310111726774	-593.797833003549	688.666196414703	263	84	1	8	155	139	294	44	8	25	1969	354	212	25	4241	4295	409	0	0	0	0	0	-151	-2	3	0
10	2	0	4	4	5	up	2	512	284.589803375032	1144.95511483922	280.253382598807	432.256228825026	904.469326895307	6175.74402710415	925.126223848796	3234.52440977889	510.135381596522	509.724293608693	51.8176476912441	55.3063370800639	-593.685509658512	688.405916024999	268	92	5	7	138	133	252	42	28	55	1916	373	243	28	4308	4431	457	0	0	0	0	0	-150	-2	3	0
10	2	0	4	4	5	up	3	512	277.679973318781	1097.94901687516	288.766531023248	461.298834109361	878.432075981866	5851.82598147217	915.093577811361	3234.29762036679	510.344467926053	509.434843292934	27.6853696535989	54.4056699414727	-593.816938346349	688.710393837456	272	89	4	7	138	138	273	41	23	36	1913	403	219	25	4460	4328	468	0	0	0	0	0	-206	-2	4	0
10	2	0	4	5	6	up	0	512	232.473025635967	794.891227811477	234.980705735714	230.136507843458	933.819363552179	6876.48243766707	928.731090542037	3506.96425266598	495.340836130575	490.920738149735	32.2176117648689	52.9217153325525	-593.844678120639	688.774581515766	291	79	5	4	117	135	232	52	20	50	2254	534	243	41	4318	4286	425	0	0	0	0	0	-346	-3	3	0
10	2	0	4	5	6	up	1	512	233.963935327848	734.830644636681	254.858747682794	297.284878091734	897.493125630929	6265.94452362459	906.007099407036	3233.12882004143	504.234202400674	501.271308286525	31.3794726922628	54.417909174198	-593.727335430148	688.50256105392	265	99	1	5	135	119	264	47	18	45	2366	466	215	25	4390	4171	460	0	0	0	0	0	-277	-3	4	0
10	2	0	4	5	6	up	2	512	230.961126268156	773.51437175594	249.544897215348	283.978831975823	975.230449858114	7080.93529172152	950.225417739202	3602.14452259248	488.456335722413	483.595373348555	29.7629719765762	55.3807711014988	-593.689210590212	688.414039246593	270	83	2	5	127	130	233	50	29	51	2261	519	256	36	4429	4303	427	0	0	0	0	0	-307	-3	4	0
10	2	0	4	5	6	up	3	512	250.555361521283	910.98859700361	258.743740454042	322.986348879007	884.246414535304	6487.79247098879	855.18878872995	3017.18546833966	498.244103819403	492.785797842887	43.9996850023776	63.2910896871558	-593.515780800678	688.012438671245	260	92	0	7	139	137	235	51	14	42	2285	489	248	50	4425	4454	444	0	0	0	0	0	-298	-3	3	0
10	2	0	4	6	7	up	0	512	281.494311872219	1181.03413350118	270.364089312273	352.881327188399	1074.21448518093	7954.60083822454	1035.06829542074	4061.77265427849	510.656975990177	509.890322562618	35.7239553935674	59.576915954641	-593.626554747873	688.268642087402	279	92	6	7	127	119	245	57	31	58	2656	585	285	58	4393	4244	448	0	0	0	0	0	-354	-3	3	0
10	2	0	4	6	7	up	1	512	287.064451829401	1108.68443509403	296.655108371173	478.554630460037	918.461196276551	6601.74679289627	882.238856467006	3173.20558042133	511.730502178961	511.496711146047	54.3169937883276	52.6785594189076	-593.647036920869	688.316142104003	278	74	4	7	149	153	255	51	16	35	2674	585	267	58	4171	4381	448	0	0	0	0	0	-369	-3	3	0
10	2	0	4	6	7	up	2	512	271.26075639409	1169.25281063786	271.564390062291	397.784532627629	914.100516501553	6420.68914542755	898.468866292822	3209.63740496774	511.291355889636	510.723173319724	24.4103500963408	48.6184139282989	-593.647030925417	688.316373461469	297	74	1	9	131	137	262	48	19	42	2724	557	255	48	4433	4159	423	0	0	0	0	0	-354	-3	4	0
10	2	0	4	6	7	up	3	512	281.563195579716	1004.0675023896	280.876821954175	362.879146629821	1005.23577141718	7267.66780255331	1001.26590148164	3784.96792644743	511.506523505609	511.100858328194	52.8323725742529	52.3936016860959	-593.743063780571	688.53884458784	267	81	4	6	154	119	263	54	23	53	2688	558	300	38	4244	4265	417	0	0	0	0	0	-287	-3	4	0
10	2	0	4	7	8	up	0	512	290.374725073462	937.301424436446	307.520589826651	474.562393775543	726.769253581563	4721.77163785639	773.288178862489	2400.77728398975	502.620050264195	499.37569733024	57.9421768232567	58.6893158104516	-593.797266155901	688.664589034212	259	67	7	4	166	153	239	34	16	51	3046	689	306	55	4049	4290	429	0	0	0	0	0	-419	-4	3	0
10	2	0	4	7	8	up	1	512	267.080416506591	1007.81822215662	263.466503123979	306.686949914159	891.230449858114	6023.13595815591	912.239235700721	3169.47118202277	508.463318719549	506.539869264976	51.9707844559503	55.2493411698001	-593.76823390205	688.597466234928	281	77	2	7	142	138	272	43	22	34	3145	584	320	47	4308	4252	433	0	0	0	0	0	-285	-4	4	0
10	2	0	4	7	8	up	2	512	346.937030972211	1804.57182099173	302.282632627361	466.300084296403	872.514411867182	6002.4643703268	904.478001362613	3233.31047682639	502.591569667191	499.959759884908	58.1005877886342	56.6082611519947	-593.712885054257	688.468927808677	271	73	5	13	140	139	251	43	22	49	3096	622	313	65	4146	4387	445	0	0	0	0	0	-386	-4	4	0
10	2	0	4	7	8	up	3	512	271.390689750651	954.881995908404	293.45232061105	469.136144554977	944.583295574679	6713.66791582928	938.417244674996	3609.52088928389	502.400080554089	499.455869890754	54.046862806988	57.7690481574182	-593.835665611384	688.754245820415	270	70	3	6	152	139	226	45	33	54	3093	643	304	56	4072	4219	401	0	0	0	0	0	-409	-4	3	0
10	2	0	4	8	9	up	0	512	305.133335536899	1030.62966669339	322.467468579104	434.150600747636	871.493125630929	5882.31536667303	888.944215741346	3023.53439565519	511.229012762755	510.807288905093	47.7860627667459	55.3274966507693	-593.663887269667	688.355750709165	254	66	4	6	181	139	272	43	19	39	3475	698	361	74	4285	4070	408	0	0	0	0	0	-375	-4	4	0
10	2	0	4	8	9	up	1	512	378.016557797834	1936.08240747187	341.353351215331	572.214085568326	973.904211936865	6997.37298582277	967.572371464437	3518.56993227315	511.840676048375	511.703317674685	58.7553588578926	62.6708318798382	-593.669505390275	688.368497281182	261	70	5	14	162	130	259	52	22	49	3457	735	366	50	4089	4114	434	0	0	0	0	0	-430	-4	4	0
10	2	0	4	8	9	up	2	512	300.356247896902	1024.82734078373	331.937645524298	534.201400002038	999.933332231551	7360.4063263922	931.781963623633	3335.50729036595	511.628845012162	511.30669734587	56.4707987774147	55.300147528123	-593.779934804757	688.624456612722	250	77	4	6	175	141	246	55	23	47	3526	734	300	48	4164	4176	405	0	0	0	0	0	-466	-4	4	0
10	2	0	4	8	9	up	3	512	406.085441505331	2065.47442348061	391.969249778152	761.333877385498	778.307464184367	4954.96589481781	820.741278709964	2713.5414076673	511.148960280713	510.68085487423	77.276434631594	65.0305020423367	-593.727437389348	688.502637513741	245	64	5	15	182	162	269	35	18	27	3461	708	373	66	4029	4222	428	0	0	0	0	0	-403	-4	4	0
10	2	0	4	9	10	up	0	512	329.576351197213	1430.14942843863	321.167113168224	497.479153160525	668.185661446562	4183.5041203692	669.988480167566	1943.47014056758	506.874872436071	506.020273125253	78.6013399608688	61.5861569589254	-593.712596184728	688.467915409614	247	75	1	11	173	181	249	32	9	35	3901	738	405	76	4051	4262	421	0	0	0	0	0	-405	-5	4	0
10	2	0	4	9	10	up	1	512	274.528753725968	957.100984553984	293.634957025706	371.681554452349	827.185661446562	5793.93261088637	781.65592314722	2699.91726645867	507.510420501882	505.879308907317	54.7080616347732	59.4911386304895	-593.788362510441	688.644099515195	259	85	3	6	154	153	230	43	18	61	3905	773	365	77	4212	4079	414	0	0	0	0	0	-486	-5	4	0
10	2	0	4	9	10	up	2	512	320.26326889346	1361.41073468579	324.58500202709	483.41515874239	755.323428861557	4714.01764255541	762.547959092758	2568.14333775207	509.616573408773	508.841341496903	55.2987262322833	55.6933102184066	-593.87158439705	688.837226595249	267	64	2	10	167	165	263	32	20	30	3965	696	397	62	4211	4033	403	0	0	0	0	0	-359	-5	4	0
10	2	0	4	9	10	up	3	512	400.71944017127	2000.84834383007	374.688153461716	814.490517070038	855.617737428428	6063.54019841176	813.014666175426	2985.55012832305	508.938459963346	508.362065388683	60.9175483559255	59.8978717202385	-593.70566508858	688.452503715125	240	69	6	14	180	187	218	43	24	34	3881	808	361	70	4332	4327	417	0	0	0	0	0	-568	-5	4	0
10	2	0	4	10	11	up	0	512	386.568220578457	1808.08844879796	395.023834731117	763.31394367214	714.342202598438	4353.02091808937	753.775842772031	2142.15373435527	510.480085867503	510.117300504821	70.5835216676754	57.5433560830184	-593.815012440795	688.705928847023	239	63	4	13	191	155	262	30	17	47	4349	844	371	68	4023	3952	379	0	0	0	0	0	-540	-5	6	0
10	2	0	4	10	11	up	1	512	382.462085957518	1705.32550478381	401.016220599764	735.171855363898	907.85912696499	6648.64044667198	835.087392665466	2950.01655371126	511.998348304227	511.996697631544	78.6795670683481	67.1273298583186	-593.815824388668	688.708235538278	240	58	4	12	198	164	239	52	15	40	4220	841	481	90	4122	4079	393	0	0	0	0	0	-447	-5	4	0
10	2	0	4	10	11	up	2	512	428.942055970951	2032.34055146104	435.852536673299	902.488517679387	810.867257583746	5441.64377884393	803.168402229216	2669.72734513978	511.96457236703	511.930399851238	82.3528189896206	65.3978204597458	-593.655519702075	688.335998466055	231	49	6	14	212	156	254	40	17	45	4345	762	441	84	4055	4202	427	0	0	0	0	0	-391	-5	4	0
10	2	0	4	10	11	up	3	512	421.058833710016	2161.31020323566	413.431838090291	939.455504491816	868.455874717488	5840.12071324574	841.816842399135	2766.42759046106	511.259620233939	511.067402665871	69.9043338306216	61.1256908433778	-593.792472231378	688.653365823656	248	57	7	15	184	148	277	43	18	25	4247	855	458	72	4085	4030	392	0	0	0	0	0	-449	-5	4	0
10	2	0	4	11	12	up	0	512	447.610496490639	2464.93320558517	407.114410395122	792.698317749656	721.143088974058	4696.01764255541	679.338752653865	2148.50680710085	511.632875858631	511.31951456135	84.5800428807557	61.7140033086432	-593.755991798496	688.569143894053	246	53	4	19	190	197	229	33	18	30	4797	789	475	83	4037	4011	401	0	0	0	0	0	-400	-6	4	0
10	2	0	4	11	12	up	1	512	456.605174931576	2416.10645950025	445.801883336922	1002.04975877792	625.944271909999	3861.29134296365	617.486292572961	1707.10584987324	511.755032115006	511.552675687748	84.3932392823495	62.5098223630097	-593.87984256525	688.856243303335	233	52	5	18	204	208	240	30	7	27	4778	812	469	85	3994	4034	369	0	0	0	0	0	-431	-6	4	0
10	2	0	4	11	12	up	2	512	430.753882025019	2171.36197929225	410.442589910177	757.222509476917	681.888543819998	4180.36429198052	683.47353419819	2059.02901984464	511.927803386029	511.857587787069	83.0487081536156	65.5790935855502	-593.787314034094	688.641516909986	228	68	7	15	194	184	246	29	16	34	4744	826	485	89	4027	3930	385	0	0	0	0	0	-436	-6	6	0
10	2	0	4	11	12	up	3	512	457.674058639073	2438.3161029668	434.199401242479	971.519133613958	691.506577808748	4387.77460188145	677.930247113286	2122.94299777519	508.940894968873	508.057633591317	77.8619763899997	62.435599017974	-593.672587018389	688.375812013078	245	44	8	17	195	188	234	31	16	36	4720	870	446	108	4118	4076	375	0	0	0	0	0	-542	-6	4	0
10	2	0	4	12	13	up	0	512	383.844051968768	1725.99723420788	407.409426662954	752.279151854479	555.520029986567	3037.05146454769	569.329438834654	1441.35953879781	512	512	100.085567601516	64.4701838672797	-593.647955015881	688.318713209194	236	58	2	13	203	201	246	22	8	35	5241	867	470	78	4049	4041	439	0	0	0	0	0	-479	-6	5	0
10	2	0	4	12	13	up	1	512	455.146194594073	2591.15191104084	424.7215942773	867.201647334704	634.639320225002	4028.51939359835	583.898542943598	1568.48615708334	512	512	92.1294609246175	62.5463538158516	-593.752236665843	688.560233863	257	41	2	21	191	212	219	30	11	40	5076	950	555	75	3922	4031	407	0	0	0	0	0	-463	-6	5	0
10	2	0	4	12	13	up	2	512	388.440799721266	1770.89989333473	396.970004438615	690.204888994934	584.565114958442	3265.3189253969	610.289558599562	1635.10113325662	511.999587088433	511.999174347361	101.014153447324	71.7013138706447	-593.669352214936	688.368286805817	244	51	3	13	201	187	255	24	8	38	5109	950	530	67	3879	4073	376	0	0	0	0	0	-485	-6	6	0
10	2	0	4	12	13	up	3	512	407.469920015952	1949.12170441042	412.084524129514	793.760960712344	557.504065309378	2999.9176774851	595.532952572296	1530.09788445568	510.648194959434	510.312746654805	96.252370089816	71.390160834735	-593.641010829774	688.302163605111	239	47	2	15	207	198	256	22	7	29	5035	1008	521	92	3967	4033	373	0	0	0	0	0	-551	-6	4	0
10	2	0	4	13	14	up	0	512	402.114561800017	1864.89080302661	423.69541237851	898.643091935642	779.54885372093	5054.71969188586	720.710524522422	2297.76965498895	510.878145995391	510.764906931798	104.744369886426	80.0146335216214	-593.8859092293	688.870465810146	236	56	5	13	201	167	259	36	18	29	5562	937	573	96	3905	3862	375	0	0	0	0	0	-480	-7	5	0
10	2	0	4	13	14	up	1	512	376.135848036269	1639.68115956007	379.408700143558	631.076754293485	655.493422191252	3660.62283243556	696.556402750549	2036.69738141598	511.300865231579	511.085406392513	95.393447590769	64.8843604049528	-593.768864967474	688.599039746737	240	60	5	11	195	168	259	22	21	42	5681	894	514	79	3895	3901	411	0	0	0	0	0	-458	-7	6	0
10	2	0	4	13	14	up	2	512	424.374428513139	2144.83597798799	405.657865054399	777.428328184266	645.862232585005	3923.0940087012	667.636129998806	1940.9424120545	511.031012326224	510.387778726837	84.6604351380606	71.6028227048369	-593.707512396979	688.456805571794	242	50	4	16	199	176	239	28	13	53	5368	1108	589	103	4072	3964	400	0	0	0	0	0	-631	-7	6	0
10	2	0	4	13	14	up	3	512	452.28425856939	2411.20072307237	447.42050423359	1027.06732863732	606.875388202502	3468.55897372681	621.831620716149	1779.225899122	511.864056308124	511.746593303609	94.2147840150044	68.8632981194822	-593.658250417658	688.342450210226	234	56	5	18	199	200	239	23	15	35	5558	941	573	96	4019	3929	395	0	0	0	0	0	-457	-6	5	0
10	2	0	4	14	15	up	0	512	383.467407516581	1550.53528984531	405.711156349825	807.887286711704	693.556984339686	4543.95084814058	643.360945668426	1776.13061806791	512	512	117.155122091892	79.5481253162691	-593.648697742063	688.32015642385	233	61	10	8	200	187	249	37	5	34	5873	1117	571	119	3815	4070	412	0	0	0	0	0	-675	-7	5	0
10	2	0	4	14	15	up	1	512	449.268293892201	2428.51981838322	444.821865577622	1012.1234792798	657.406061307195	4228.72624295378	638.050867476724	1869.63754543929	512	512	103.709193447745	76.009485777295	-593.645387146812	688.312950103247	251	51	8	17	185	179	231	33	8	61	5924	1084	593	79	3951	3986	379	0	0	0	0	0	-558	-7	6	0
10	2	0	4	14	15	up	2	512	464.167480830325	2384.95446350243	457.456350715938	1047.70269954743	683.132742416254	4298.06961684493	666.997900998162	1942.52004080565	511.905275747689	511.819524179354	123.389970739288	78.989538714694	-593.894411193338	688.89027083337	221	49	4	18	220	176	238	31	14	53	6065	932	604	79	3645	4002	405	0	0	0	0	0	-394	-7	6	0
10	2	0	4	14	15	up	3	512	436.631782726891	2157.82389533582	438.588615681616	890.509184662512	583.912639115943	3146.94209766036	632.503581863365	1713.73240290486	511.989146527474	511.978410852815	112.744739440526	70.9330481541232	-593.745673311184	688.545150029148	222	58	4	16	212	175	262	22	10	43	6026	938	625	91	3897	3987	372	0	0	0	0	0	-344	-7	6	0
10	2	0	4	15	16	up	0	512	449.997784060952	2448.2615044801	422.336399447322	865.747626866077	704.790539817815	4536.36742591953	664.185446192479	1878.63180076464	511.978004859431	511.95649350507	119.698589100291	77.8453793487795	-593.664253728038	688.35653325316	243	56	6	18	189	161	257	36	7	51	6459	1015	625	93	3869	3996	418	0	0	0	0	0	-503	-7	5	0
10	2	0	4	15	16	up	1	512	437.133038976576	2158.71743583557	452.052376060183	972.30672643189	623.129933356561	3799.570971422	612.841795303918	1684.18125531693	511.646579995862	511.418065691048	110.099337425689	76.8557550374438	-593.564836598143	688.12563575894	229	50	4	16	213	209	241	29	8	25	6443	1037	618	94	3933	3874	422	0	0	0	0	0	-496	-8	5	0
10	2	0	4	15	16	up	2	512	448.793645437831	2446.42575304403	425.577138347564	922.160280786813	701.509386868441	4768.97834561687	653.884094054781	1977.35463652026	511.940768444824	511.884694068269	115.55112245884	79.951556801796	-593.554726355051	688.102291075108	233	68	6	18	187	187	223	38	8	54	6244	1126	701	121	3903	4030	421	0	0	0	0	0	-540	-8	6	0
10	2	0	4	15	16	up	3	512	486.785514819075	2685.36477340337	472.251310653964	1109.99711144541	698.657797401562	4629.70467352762	639.659169758869	1914.43512748695	511.443037881141	511.196282564126	107.897767530821	74.8275822476797	-593.673446435448	688.377649371897	225	53	6	20	207	201	225	35	12	39	6337	1059	691	105	3975	3902	379	0	0	0	0	0	-449	-8	5	0
10	2	0	4	16	17	up	0	512	468.28677106876	2703.79323560154	432.34074085455	899.590764213457	700.288987007808	4533.76232099635	659.524296913525	2080.54851124223	512	512	123.641235243861	78.096261736174	-593.722367706895	688.491328431803	252	42	2	22	194	201	239	34	12	26	6893	1004	687	120	3837	3850	373	0	0	0	0	0	-453	-8	5	0
10	2	0	4	16	17	up	1	512	362.28425856939	1506.48952679582	380.792831895175	630.101216280537	629.737324227185	3767.41592644215	613.920992345443	1650.05416582208	512	512	136.509664114669	87.9404381964477	-593.624811999068	688.265029203371	254	42	2	11	203	199	256	29	7	21	6863	977	771	93	3880	3864	398	0	0	0	0	0	-237	-8	6	0
10	2	0	4	16	17	up	2	512	444.268293892201	2363.15507329884	427.930825464368	881.838670478437	611.647154283435	3609.7867694906	596.055770526699	1537.25103056893	512	512	118.287781023427	82.8328637841364	-593.673047475207	688.376854430934	243	49	4	18	198	203	255	28	6	20	6984	936	693	91	3964	3770	401	0	0	0	0	0	-309	-7	5	0
10	2	0	4	16	17	up	3	512	403.796157937201	1906.77214759823	415.426494954562	904.960057750494	655.241389536563	4051.26099473827	648.858402518049	1883.31737030528	511.374671009894	511.103014518983	121.63429062252	82.5225716419284	-593.666213221955	688.360969278173	251	45	6	13	196	193	242	30	11	36	6815	1125	671	93	3855	3848	438	0	0	0	0	0	-537	-8	6	0
10	2	0	4	17	18	up	0	512	540.52283904626	3197.26740421123	511.116763750432	1385.11146689551	508.512195928134	2435.08508830703	574.506585625239	1468.62308511587	512	512	124.852581951561	80.8765456408	-593.687906005245	688.411070834118	224	53	10	23	202	190	255	16	9	42	7197	1153	759	107	3877	3807	421	0	0	0	0	0	-493	-8	6	0
10	2	0	4	17	18	up	1	512	495.270806391571	2753.84791904521	486.113050557792	1097.42774304586	550.923282234069	2933.42541321614	571.738937768242	1430.03824713009	512	512	152.542893935063	92.9851437274359	-593.85108122917	688.789344725045	233	40	5	21	213	189	252	21	8	42	7416	940	769	91	3587	3648	350	0	0	0	0	0	-223	-7	6	0
10	2	0	4	17	18	up	2	512	465.971176265637	2740.90271576484	425.300205312537	965.443077205701	670.960236587188	4363.41903206217	628.15178671537	1793.44596053575	509.152126478103	508.666815168657	137.327850843603	91.671733872129	-593.780625787969	688.626485857366	250	49	3	22	184	199	225	33	11	41	7215	1136	751	114	3779	3806	379	0	0	0	0	0	-482	-9	6	0
10	2	0	4	17	18	up	3	512	455.003105620015	2552.00011327596	441.106821699059	980.866083507866	670.798373876249	4304.6287038477	627.954092515459	1818.75995241891	511.112110395207	510.714134868146	114.447418994158	76.0937416818578	-593.638744566208	688.297423372374	244	59	6	19	183	204	229	32	12	34	7146	1271	681	118	3849	3751	396	0	0	0	0	0	-708	-9	4	0
10	2	0	4	18	19	up	0	512	613.156541151876	3924.905368281	560.950340196296	1444.99168676173	530.570436517505	3028.96329893964	532.180333165979	1380.51414017532	512	512	149.608961714788	93.8022120972641	-593.678055449482	688.388266055536	218	33	4	32	225	228	222	23	6	33	7869	1005	764	90	3675	3738	415	0	0	0	0	0	-282	-6	6	0
10	2	0	4	18	19	up	1	512	543.36097633532	3023.30080141865	548.534639319842	1387.21441011173	639.968367205944	4092.39187441378	607.228784574171	1730.79762245117	512	512	149.678736622371	91.9805094074681	-593.795022589285	688.659735271876	205	45	8	22	232	195	220	31	10	56	7718	1112	787	111	3569	3742	350	0	0	0	0	0	-439	-8	7	0
10	2	0	4	18	19	up	2	512	533.435181601881	2817.44362215137	547.703636781006	1370.79818465951	616.726977669381	3654.83264581605	600.820307934419	1603.34986852459	512	512	145.236868266797	98.3439202506953	-593.624545001086	688.264341433902	214	37	13	18	230	186	237	26	12	51	7585	1205	815	123	3648	3812	401	0	0	0	0	0	-464	-9	7	0
10	2	0	4	18	19	up	3	512	553.888840380321	3250.44060148833	556.856368706832	1493.16874727032	510.419216924691	2652.39187441378	539.723074974437	1203.12935993276	512	512	138.78214523788	87.6644385382749	-593.650364731562	688.32413958115	209	48	6	25	224	211	253	21	2	25	7649	1174	781	124	3795	3706	368	0	0	0	0	0	-494	-8	5	0
10	2	0	4	19	20	up	0	512	318.921066295021	1202.90921019478	352.339991522545	625.387783497666	451.101109622198	2429.70817561351	453.142157054949	1006.83999082062	512	512	167.160952162181	101.244205954288	-593.644985028969	688.311661011561	260	60	3	8	181	247	202	19	3	41	8211	1116	839	74	3586	3777	411	0	0	0	0	0	-318	-6	8	0
10	2	0	4	19	20	up	1	512	349.448930340022	1589.68426518009	349.683011878126	600.698198841382	506.101109622198	2883.97868544476	497.912881949745	1327.75991211933	512	512	158.194652717347	97.0504112713492	-593.703846986487	688.448067917858	256	66	2	12	176	231	202	21	8	50	8205	1170	755	110	3559	3767	324	0	0	0	0	0	-488	-9	5	0
10	2	0	4	19	20	up	2	512	451.453955338763	2743.77505498531	395.614443573743	802.635849764736	399.244495156578	1782.77830220028	424.789470990425	795.379579220311	512	512	155.876217403762	97.8656595839141	-593.68881917596	688.413258129733	268	49	1	23	171	233	213	13	3	50	8226	1079	831	104	3704	3702	364	0	0	0	0	0	-267	-9	6	0
10	2	0	4	19	20	up	3	512	289.196897685333	817.100701364075	348.325264901381	567.246390726837	469.318700423138	2488.71435853455	444.421274562096	994.315718627118	512	512	160.08616563731	100.451131847261	-593.746399530359	688.546874373103	265	52	4	4	187	222	214	19	4	53	8251	1145	746	98	3592	3755	351	0	0	0	0	0	-419	-7	5	0
10	2	0	4	20	21	up	0	512	524.117074299387	3236.55315895265	475.097880935277	1166.26630039388	803.755801403744	5473.67714773235	775.045098190563	2551.08167980783	512	512	162.006211898758	97.5425264114879	-593.660599245994	688.347925751828	230	58	4	26	194	176	239	40	18	39	8601	1187	863	101	3632	3676	358	0	0	0	0	0	-399	-7	6	0
10	2	0	4	20	21	up	1	512	455.223208920326	2081.45302396839	494.558582379414	1180.5623113566	661.623355547813	3979.12119466858	688.947833508629	1914.56473441515	512	512	161.507591063895	106.002364700498	-593.748299393843	688.551271968334	209	51	9	13	230	173	264	30	9	36	8387	1348	909	108	3563	3690	347	0	0	0	0	0	-561	-9	6	0
10	2	0	4	20	21	up	2	512	471.178123948451	2511.07303397385	455.569843613582	993.403746628745	828.981226263118	5815.3791970628	796.917121124567	2670.99803751854	512	512	164.839086580093	108.059564976955	-593.712735732046	688.468882724744	227	55	7	18	205	178	236	44	16	38	8397	1336	885	134	3648	3864	369	0	0	0	0	0	-543	-10	7	0
10	2	0	4	20	21	up	3	512	439.819956672823	2063.80246750462	454.90677093594	893.849883510206	746.294308566871	4858.31855725002	731.538124137976	2214.8702402324	512	512	154.394880423179	94.2587451341275	-593.804839997271	688.682585379712	225	40	4	15	228	166	266	38	9	33	8588	1247	815	102	3605	3533	397	0	0	0	0	0	-495	-10	5	0
10	2	0	4	21	22	up	0	512	548.509386868441	3224.91460018407	514.547713954817	1204.32225264053	494.28928356813	2517.14572811981	519.043453104785	1183.37681229987	512	512	170.18879589835	106.745176228344	-593.673799464461	688.378602715048	223	30	3	26	230	218	243	19	4	28	8922	1246	977	119	3630	3644	348	0	0	0	0	0	-334	-10	7	0
10	2	0	4	21	22	up	1	512	463.2125658022	2404.31615960478	473.258734055871	1073.38769430586	558.589210254387	3256.23708430484	582.158712845426	1580.71434298589	511.759950016104	511.577524026976	156.675909327443	97.0704080248886	-593.722766898258	688.49191185615	231	49	7	17	208	202	214	23	11	62	8828	1491	819	126	3551	3730	331	0	0	0	0	0	-818	-11	6	0
10	2	0	4	21	22	up	2	512	413.488397192511	1818.1429056897	444.341269444281	822.587651085797	560.795861376879	3122.04838724666	575.579413132186	1490.99501885386	512	512	158.441138164123	99.6588812089101	-593.642057180898	688.304841756761	228	36	1	14	233	210	237	22	10	33	8951	1234	971	108	3602	3591	332	0	0	0	0	0	-351	-8	6	0
10	2	0	4	21	22	up	3	512	498.085144945009	2756.84489838217	491.607624432444	1128.27255660646	515.14338553438	2677.75969679918	561.671476379899	1335.36730823186	512	512	163.307100021956	104.174330211318	-593.620825523723	688.255491227279	228	42	5	21	216	210	247	20	5	30	8998	1232	930	104	3669	3608	408	0	0	0	0	0	-383	-10	7	0
10	2	0	4	22	23	up	0	512	539.719143610948	3020.13068144257	529.572466352725	1425.30545763847	572.130229916884	3408.10626126732	559.53580365973	1435.90182826765	512	512	179.888757261457	120.205842037697	-593.780354645329	688.625569206098	211	55	13	20	213	202	225	26	7	52	9291	1357	1008	120	3478	3621	327	0	0	0	0	0	-435	-9	6	0
10	2	0	4	22	23	up	1	512	473.942055970951	2651.86937519541	476.558641208373	1171.69944828554	592.480266573755	3568.59855385526	584.920768608969	1556.52978706607	512	512	176.551666326931	111.030003703008	-593.539720878353	688.067584526284	239	57	8	19	189	204	229	27	8	44	9394	1359	891	132	3453	3615	356	0	0	0	0	0	-571	-9	6	0
10	2	0	4	22	23	up	2	512	447.334665100327	2404.57153780182	434.926191212489	880.884721603869	671.172505829066	4323.49813568109	650.492914221162	1960.71006433217	512	512	178.187556552465	105.268600013262	-593.664511758681	688.357081333628	229	55	0	20	208	189	232	33	10	48	9397	1357	899	123	3452	3536	410	0	0	0	0	0	-564	-10	7	0
10	2	0	4	22	23	up	3	512	416.053512150953	1899.39531986168	443.422248136915	826.266741732858	580.695048315003	3302.02405202838	575.086745651165	1606.83991801695	512	512	186.14026743505	110.744786823995	-593.63050543628	688.277986167396	223	52	3	14	220	212	229	22	14	35	9460	1281	919	116	3538	3722	351	0	0	0	0	0	-437	-9	7	0
10	2	0	4	23	24	up	0	512	428.788027318445	1836.54099134351	461.81288197787	978.975231367093	589.212269241877	3506.76867383133	558.021015523669	1403.30355772798	512	512	190.453742337926	122.69238464189	-593.736406079723	688.523793248092	231	27	6	12	236	214	230	26	9	33	9856	1327	981	124	3497	3549	341	0	0	0	0	0	-477	-8	6	0
10	2	0	4	23	24	up	1	512	490.146194594073	2610.16410696898	479.390525521154	1062.45210431378	505.018773736882	2588.52876709638	533.808335747505	1285.30934658869	512	512	169.16153138939	104.170151210823	-593.733491585225	688.516879299182	217	45	4	20	226	214	236	18	8	36	9728	1466	960	134	3502	3505	309	0	0	0	0	0	-617	-11	6	0
10	2	0	4	23	24	up	2	512	527.782705759382	2927.31901035387	508.335937743872	1196.06410958579	552.957724087818	3013.75057817207	553.00477061372	1293.38452323303	512	512	180.448768494957	120.87044192279	-593.703227419675	688.446699861526	214	40	6	22	230	193	254	23	5	37	9853	1371	930	134	3442	3515	365	0	0	0	0	0	-518	-9	7	0
10	2	0	4	23	24	up	3	512	430.525648105953	2073.42569640605	449.967543461998	1026.21562580946	550.06918026782	2932.4466994524	552.940921966717	1282.13755155542	512	512	172.899289344129	106.467331610857	-593.645881755516	688.313821260794	231	54	7	14	206	189	251	21	8	43	9848	1328	981	131	3548	3572	331	0	0	0	0	0	-442	-8	6	0
10	2	0	4	24	25	up	0	512	458.713822051885	2184.03952349047	502.034960526091	1196.02365342147	485.674058639073	2487.7750833043	513.255763394146	1254.02090845656	512	512	196.247952844244	126.818564021264	-593.632677321193	688.283155997872	226	40	9	14	223	213	229	18	6	46	10309	1340	1020	131	3515	3552	354	0	0	0	0	0	-389	-10	9	0
10	2	0	4	24	25	up	1	512	405.374428513139	1712.94850713332	463.805865365833	1187.47838594334	495.422025984384	2498.62610796952	539.78607623353	1237.10310990976	512	512	202.514753191089	127.85173794563	-593.780989321944	688.626872950035	238	48	11	9	206	206	240	18	6	42	10203	1473	1002	122	3350	3576	346	0	0	0	0	0	-539	-11	6	0
10	2	0	4	24	25	up	2	512	460.849076967509	2302.74767078499	472.584614786316	935.707633854866	525.193792065318	2885.21864881769	525.25105430514	1236.04662390367	512	512	177.745147496724	113.617955625026	-593.587257723721	688.177747892379	224	36	2	18	232	217	235	22	5	33	10108	1556	982	154	3447	3456	362	0	0	0	0	0	-710	-10	6	0
10	2	0	4	24	25	up	3	512	422.607687430946	1947.08810897007	461.040277210159	970.945618858738	484.467110956259	2348.89966678281	524.772342570977	1196.83377908125	512	512	190.140581638731	120.710468489826	-593.592606664915	688.190137492568	243	30	4	14	221	204	247	17	5	39	10333	1355	994	118	3442	3484	338	0	0	0	0	0	-426	-9	8	0
10	2	0	4	25	26	up	0	512	460.045381532197	2380.86926191944	459.281216720525	1012.16550214601	554.692535815633	3075.23697102888	537.43824113625	1329.75150899323	512	512	205.990629291533	134.711136899037	-593.680345407466	688.393546185651	235	39	4	18	216	198	237	22	9	46	10704	1399	1068	141	3369	3478	354	0	0	0	0	0	-445	-9	6	0
10	2	0	4	25	26	up	1	512	474.994975001259	2574.58048651499	474.535563023153	1135.03576205737	606.649963343128	3663.46778745571	576.211851373664	1580.34078832663	512	512	197.603916425803	124.929372793944	-593.700288515691	688.439697023612	240	41	6	19	206	206	230	27	10	39	10571	1556	1036	149	3326	3496	303	0	0	0	0	0	-605	-12	7	0
10	2	0	4	25	26	up	2	512	493.414191925951	2671.99398699291	479.452559957878	1027.61650115368	531.827790731257	2853.86917696247	555.668520884584	1438.5174801278	512	512	204.465581614464	138.225939992628	-593.688061970903	688.411529773516	207	56	3	21	225	208	235	20	9	40	10577	1514	1078	143	3396	3487	372	0	0	0	0	0	-552	-9	8	0
10	2	0	4	25	26	up	3	512	474.719143610948	2593.30695602069	466.801563248444	1037.64712687552	490.045381532197	2354.88145784758	512.154270831088	1101.53376198658	512	512	192.350654187351	125.250759530171	-593.696130965287	688.430462664073	235	44	4	20	209	195	253	17	5	42	10719	1425	1033	135	3370	3252	349	0	0	0	0	0	-396	-7	7	0
10	2	0	4	26	27	up	0	512	563.663415520947	3399.90872877193	534.911100998858	1503.66389380478	660.721656110318	4429.15168448892	589.516912059187	1652.7969158808	512	512	209.576555400989	130.873089126848	-593.771562390759	688.605225214073	219	56	12	24	201	201	212	35	8	56	11096	1516	1064	148	3322	3330	381	0	0	0	0	0	-539	-12	7	0
10	2	0	4	26	27	up	1	512	451.403548807825	2371.05778906368	440.718883876697	955.451067201221	526.400739748132	2710.11235923138	555.060531131761	1361.33730579313	512	512	207.313409271728	133.073039049931	-593.639887224634	688.29970899254	237	47	4	18	206	198	248	19	8	39	11126	1466	1086	146	3443	3476	331	0	0	0	0	0	-457	-10	9	0
10	2	0	4	26	27	up	2	512	467.984331883133	2310.65038654983	472.520670111177	948.502513060248	579.965558146251	3417.72305237679	574.81166125929	1581.44769590931	512	512	210.64235198692	139.057553335328	-593.696846610399	688.431770669499	218	34	2	18	240	216	235	26	7	28	11129	1484	1082	129	3274	3509	300	0	0	0	0	0	-470	-8	7	0
10	2	0	4	26	27	up	3	512	506.427347543447	2707.08810897007	488.429636768191	1026.26057428606	582.406061307195	3459.01504667723	578.727032023428	1581.2752215919	512	512	190.574223860902	122.5602078134	-593.659631049312	688.345827043739	211	46	6	20	229	199	229	26	8	50	11040	1524	1113	147	3579	3255	334	0	0	0	0	0	-520	-8	6	0
10	2	0	4	27	28	up	0	512	471.628973667198	2491.58966178008	476.1042573242	1020.85442618333	563.260163273445	3359.08189773004	560.426854445061	1406.07718423105	512	512	205.637711197435	135.466724526603	-593.65307257109	688.330342124459	227	45	4	19	217	211	223	26	6	46	11541	1538	1116	141	3380	3336	344	0	0	0	0	0	-496	-10	6	0
10	2	0	4	27	28	up	1	512	552.90731755688	3210.27333226135	519.876505384132	1207.31476468528	455.321212922509	2217.6899100403	475.469085940178	973.978140234086	512	512	222.508134931986	146.762975252507	-593.62913874582	688.274662963504	214	37	5	25	231	220	241	18	0	33	11525	1525	1150	136	3323	3330	332	0	0	0	0	0	-418	-9	6	0
10	2	0	4	27	28	up	2	512	501.326534481572	2662.06377375178	509.982573152985	1208.95891891661	554.817147613131	3173.92078310511	557.359720939864	1413.40248858856	512	512	211.671899790512	135.055184667931	-593.756579247891	688.570412438562	213	43	5	20	231	214	226	23	9	40	11487	1550	1152	147	3284	3161	308	0	0	0	0	0	-447	-10	6	0
10	2	0	4	27	28	up	3	512	592.278640450004	3274.93292239526	559.568484324783	1455.97579720399	508.031929354378	2729.42832060322	514.318911785715	1210.28823886994	511.790701419097	511.607528668606	210.70821872022	137.699860445569	-593.579831200507	688.160521989387	188	40	13	22	249	222	236	21	4	24	11187	1803	1186	160	3310	3467	309	0	0	0	0	0	-717	-14	8	0
10	2	0	4	28	29	up	0	512	654.111456180002	3951.56196607086	661.429121814426	1861.45895079802	503.437990661573	2567.03650282743	501.376191552356	1125.69894594076	512	512	226.936614084316	156.929716279885	-593.760058041652	688.578220550498	180	40	11	29	252	205	230	17	10	50	11982	1561	1181	124	3335	3307	318	0	0	0	0	0	-459	-9	7	0
10	2	0	4	28	29	up	1	512	643.633998665939	3997.68654954937	633.912252203777	1659.49695891914	509.416704425321	2750.05767578772	517.127805820242	1278.93268579262	512	512	234.058654392427	155.32240880676	-593.696944526521	688.43240792451	187	37	5	32	251	217	225	20	7	43	12020	1517	1161	150	3149	3470	349	0	0	0	0	0	-483	-8	7	0
10	2	0	4	28	29	up	2	512	640.013155617496	3759.60131964738	641.588483890393	1780.93916209991	477.231042978759	2420.06075308874	490.785985250976	1148.57218645605	512	512	225.637048117635	148.213463832924	-593.707730571836	688.457225131836	192	19	9	28	264	224	224	17	7	40	11904	1556	1268	120	3222	3184	324	0	0	0	0	0	-329	-10	7	0
10	2	0	4	28	29	up	3	512	677.07420526656	4311.53748925762	667.232871584952	2016.60127286994	549.440503160944	3265.06970180191	529.986376704174	1298.0066564788	512	512	218.323626968744	144.167525589538	-593.65036503808	688.323998527437	201	31	12	32	236	219	223	26	4	40	11909	1635	1143	161	3289	3332	339	0	0	0	0	0	-623	-8	7	0
10	2	0	4	29	30	up	0	512	349.523135606582	1491.82098794874	345.390172186742	503.935533171875	448.615818049702	2465.94842217635	413.572129235495	820.244395848236	512	512	229.766334587505	152.40706540355	-593.717207660918	688.47913166194	253	58	2	11	188	243	191	19	4	55	12372	1625	1224	139	3152	3181	335	0	0	0	0	0	-466	-10	7	0
10	2	0	4	29	30	up	1	512	382.186254567207	1606.60518988015	381.162373195062	629.360720209119	424.167480830325	2203.49548316493	394.43215446161	739.481179164978	512	512	233.349932275028	156.158384926626	-593.763262520135	688.585785517355	227	61	4	11	209	253	195	17	3	44	12390	1642	1164	164	3113	3203	313	0	0	0	0	0	-573	-11	6	0
10	2	0	4	29	30	up	2	512	358.19157612627	1599.52007325414	363.335666043411	576.033771664403	450.199410184703	2310.49864542293	426.329435340213	918.044606468153	512	512	238.371223937599	160.047429357193	-593.719564618291	688.484643312167	252	60	2	12	186	223	208	17	5	59	12173	1749	1297	141	3144	3336	326	0	0	0	0	0	-575	-11	7	0
10	2	0	4	29	30	up	3	512	359.146491154395	1679.61125952523	358.067267773007	633.928561475041	496.854398526572	2912.37984839959	438.273569855058	945.691305964984	512	512	234.728866996504	157.023178871604	-593.63694032744	688.292823694701	262	62	4	12	172	241	199	23	4	45	12291	1648	1268	153	3295	3207	333	0	0	0	0	0	-449	-8	9	0
10	2	0	4	30	31	up	0	512	416.95802064814	1880.0214561502	451.706885705179	840.403065706475	737.397634128117	4655.05403210688	728.923123082714	2330.75101862196	512	512	252.721372113614	174.5598208158	-593.589005923653	688.181867595788	214	51	0	15	232	190	251	32	19	20	12796	1674	1255	147	3085	3345	360	0	0	0	0	0	-534	-11	7	0
10	2	0	4	30	31	up	1	512	565.772062641256	3303.28247920746	521.71501032095	1252.091920093	717.602069311561	4788.31254424293	689.256990727395	2189.17400191465	512	512	232.568342178867	156.906404352611	-593.705791884953	688.452778007853	208	42	7	25	230	197	227	36	13	39	12603	1797	1311	161	3368	3220	298	0	0	0	0	0	-558	-9	7	0
10	2	0	4	30	31	up	2	512	443.188767066577	2146.02142783121	477.914340150354	1115.16636493781	714.461492836874	4490.04816069474	715.219990491552	2133.08084161029	512	512	239.678764198396	162.181463792067	-593.585467490724	688.173876859022	221	54	6	15	216	170	258	33	13	38	12714	1769	1233	156	3146	3229	337	0	0	0	0	0	-648	-10	7	0
10	2	0	4	30	31	up	3	512	580.520029986567	3594.02707269142	522.524754919029	1312.72662032487	610.493422191252	3607.96318566367	632.999175520861	1703.37371652423	512	512	227.563409319359	150.434176140041	-593.731662094858	688.512914452734	217	39	4	29	223	192	253	28	6	33	12810	1621	1251	190	3275	3116	296	0	0	0	0	0	-456	-9	9	0
10	2	0	4	31	32	up	0	512	498.384775070943	2678.60163115628	476.118836900533	1022.71746901035	569.413895365628	3306.45259918353	558.134967946587	1435.2263827232	512	512	246.972132095904	172.384188872119	-593.660308791011	688.346870168528	227	29	3	21	232	202	249	27	2	32	13125	1766	1342	151	3165	3109	302	0	0	0	0	0	-487	-8	6	0
10	2	0	4	31	32	up	1	512	488.586401194694	2629.37979176161	473.929292077173	1055.07274774738	548.209756742507	2989.17616130216	549.303933193205	1371.4418807808	512	512	246.201541674089	169.478610859089	-593.769901802773	688.601509040918	239	33	7	19	214	196	245	22	7	42	13243	1675	1314	152	3106	3069	324	0	0	0	0	0	-458	-8	9	0
10	2	0	4	31	32	up	2	512	524.766741082193	2982.99675278503	501.773703509876	1163.32069354053	549.363488834691	3108.44652953845	545.736852062299	1305.49339359343	512	512	252.252139524084	173.498271058125	-593.766248635951	688.592978339423	227	34	5	23	223	215	239	24	5	29	13372	1626	1241	145	3071	3197	283	0	0	0	0	0	-449	-9	8	0
10	2	0	4	31	32	up	3	512	562.329046980942	3142.75661949815	568.117133652055	1543.82760239037	522.406061307195	2862.66249752099	525.954403787243	1255.15997530791	512	512	245.396912747061	169.636318798594	-593.73125958179	688.511716408924	203	36	8	23	242	215	228	21	7	41	13241	1726	1250	167	3100	3172	303	0	0	0	0	0	-582	-9	7	0
10	2	0	4	32	33	up	0	512	529.61552148938	2851.79007334355	524.783386310019	1335.48651677787	604.740133286878	3602.73829728696	577.880431330541	1575.15724957373	512	512	252.344852354823	171.777588122184	-593.669288364456	688.368059186154	218	32	9	20	233	206	232	26	11	37	13685	1801	1245	165	3129	3175	287	0	0	0	0	0	-649	-10	7	0
10	2	0	4	32	33	up	1	512	505.297414186886	2745.20060979641	480.007558108104	1119.28084070315	518.586401194694	2720.83877209911	540.034276781564	1295.68721524317	512	512	255.574446081343	178.141840660503	-593.728448739822	688.505393151396	214	51	7	20	220	207	243	20	6	36	13532	1870	1340	154	3070	3082	302	0	0	0	0	0	-630	-10	8	0
10	2	0	4	32	33	up	2	512	508.838433849383	2827.43453184325	489.412855272226	1075.33879890579	580.695048315003	3419.47083643775	584.357905479712	1616.13577752972	512	512	275.646824905523	200.012263325287	-593.612137461419	688.235226507244	222	40	4	22	224	220	221	24	12	35	13707	1743	1282	164	2958	3191	311	0	0	0	0	0	-554	-12	8	0
10	2	0	4	32	33	up	3	512	426.403548807825	1911.16422024494	461.212654407922	958.675186772513	472.708500492822	2277.29481673054	518.634247557875	1251.97083872896	512	512	261.286707141656	180.91692427675	-593.799747527461	688.670563278981	221	42	3	14	232	213	238	16	6	39	13574	1793	1378	151	3028	3248	322	0	0	0	0	0	-482	-9	7	0
10	2	0	4	33	34	up	0	512	533.788027318445	3169.86914864348	532.905064423331	1394.66889924284	508.989653442196	2906.55917195974	496.212262775638	1232.78169585085	512	512	264.357125253551	184.498246305032	-593.839192895534	688.762086307181	231	44	7	24	206	231	209	22	6	44	13978	1877	1375	178	2945	3032	289	0	0	0	0	0	-547	-11	6	0
10	2	0	4	33	34	up	1	512	422.610496490639	2122.4864211758	422.567782636148	762.595066468582	569.490909691881	3445.08186941105	560.48139280309	1552.75923244767	512	512	259.262009800659	182.613772875872	-593.677855956454	688.387990116173	238	48	1	17	208	218	215	26	8	45	13996	1857	1401	154	3053	3060	342	0	0	0	0	0	-516	-11	6	0
10	2	0	4	33	34	up	2	512	464.241686096885	2307.45593135547	481.938222773732	1123.69136252336	554.843755408446	3075.27347385631	533.301852968924	1320.27416145863	512	512	241.296654761551	163.428444800285	-593.650303733885	688.323953810275	226	42	7	16	221	195	237	22	9	49	13974	1857	1387	190	3135	2938	354	0	0	0	0	0	-552	-9	10	0
10	2	0	4	33	34	up	3	512	476.928603793132	2223.45282573545	477.407333247195	990.367191744484	493.058537149694	2496.51050152317	507.093749041971	1123.2848138946	512	512	259.793965598453	180.271130909092	-593.722457988391	688.491540981939	210	33	7	15	247	219	238	18	6	31	14026	1849	1334	199	3088	3066	310	0	0	0	0	0	-618	-11	8	0
10	2	0	4	34	35	up	0	512	481.376941012509	2443.71729424062	487.549453216431	1045.64866492728	543.28677106876	3024.08203932499	572.902343093433	1602.60806554265	512	512	265.778601133992	185.264378657785	-593.73490051159	688.520232009149	216	41	5	18	232	208	217	20	13	54	14425	1948	1370	177	2991	2979	312	0	0	0	0	0	-658	-11	7	0
10	2	0	4	34	35	up	1	512	474.167480830325	2612.76599299618	477.821260845359	1128.38507425187	493.965854706574	2496.72951848774	515.677328993337	1166.54708005362	512	512	270.524453140362	193.907587075644	-593.629822340515	688.276692866513	237	52	7	19	197	201	238	18	6	49	14247	2002	1462	209	2973	3004	298	0	0	0	0	0	-677	-12	8	0
10	2	0	4	34	35	up	2	512	477.456467838133	2322.23397868483	509.238845069957	1161.40645534638	483.562602459071	2661.89049151771	489.378761940551	1081.1941278347	512	512	268.295722514382	198.093989181369	-593.722626944869	688.491746213577	218	35	7	16	236	233	215	21	3	40	14486	1886	1413	135	3035	3032	313	0	0	0	0	0	-571	-10	7	0
10	2	0	4	34	35	up	3	512	522.331856040635	2901.80238254765	504.686302558754	1253.03011324947	477.032225914701	2419.24021824385	508.121172260349	1179.75341982695	512	512	258.91267333663	181.607331955739	-593.720533758719	688.486873462085	214	49	8	21	220	211	223	17	7	54	14430	1954	1362	174	2974	3029	311	0	0	0	0	0	-733	-11	7	0
10	2	0	4	35	36	up	0	512	444.446121280329	2226.18561975716	473.922919316767	1104.83455014454	490.647450843758	2414.5227257703	530.33659021086	1174.09024105407	512	512	268.284357752508	191.1802629317	-593.746201793155	688.546257313471	225	62	8	15	202	204	250	18	4	36	14888	1977	1374	193	2885	2975	282	0	0	0	0	0	-675	-10	8	0
10	2	0	4	35	36	up	1	512	464.241686096885	2345.81457847578	474.757325879539	974.16059960599	531.400739748132	3030.73541821887	527.716846011532	1344.64428200456	512	512	290.168453289931	216.882494495028	-593.819827904517	688.717163581713	222	41	3	18	228	230	208	21	11	42	14973	1829	1457	173	2925	2974	269	0	0	0	0	0	-463	-13	9	0
10	2	0	4	35	36	up	2	512	516.45114627907	2875.38284074364	511.568880814767	1211.04451661479	504.114265239694	2587.53788572349	532.763516370336	1275.17770844731	512	512	284.275901317784	210.0027383367	-593.668406768945	688.365739442494	221	39	5	22	225	215	235	18	8	36	14999	1851	1416	166	2899	2958	325	0	0	0	0	0	-524	-10	8	0
10	2	0	4	35	36	up	3	512	539.063858708757	2861.7962279456	558.695259167649	1439.84425667054	537.331856040635	3095.52577475233	546.544427441522	1484.17637085214	512	512	271.520980614696	199.169991084123	-593.631761826585	688.281350185928	200	40	9	20	243	218	210	22	10	52	14867	2007	1391	167	3016	2999	304	0	0	0	0	0	-689	-9	7	0
10	2	0	4	36	37	up	0	512	507.83311229032	2650.24913863802	496.362789933208	1137.84327610122	509.642129284695	2593.50750917912	541.131248361703	1412.42989818238	512	512	278.567628033245	202.356927197378	-593.656074152783	688.337245226867	213	38	7	19	235	207	241	18	8	38	15234	2009	1498	203	2930	2950	305	0	0	0	0	0	-657	-12	9	0
10	2	0	4	36	37	up	1	512	452.056024650323	2313.26444018617	455.887696612595	913.64479807117	553.108943680631	3230.6867477823	534.663366358952	1426.36582464018	512	512	298.079860242023	222.315464012853	-593.637915713989	688.295177926348	237	42	5	17	211	218	220	24	8	42	15288	2038	1439	179	2845	3152	294	0	0	0	0	0	-755	-10	9	0
10	2	0	4	36	37	up	2	512	509.971176265637	2653.10948016329	530.931310872646	1295.24009879496	453.7404298472	2216.56239085572	484.155102883042	1052.5175370418	512	512	292.513133323813	218.953248787653	-593.498942840089	687.973152942507	206	55	12	17	222	219	224	16	5	48	15078	2065	1606	195	2909	3077	306	0	0	0	0	0	-613	-12	7	0
10	2	0	4	36	37	up	3	512	536.45114627907	3114.10623294833	521.912977348565	1292.68148174083	436.101109622198	2059.81460679477	471.827947053497	959.625633773514	512	512	302.604617875496	226.594364962409	-593.673080221101	688.37664714725	225	43	8	23	213	231	224	15	4	38	15264	1989	1536	155	2906	3168	345	0	0	0	0	0	-547	-9	7	0
10	2	0	4	37	38	up	0	512	584.490909691881	3656.79916365167	546.035737490708	1412.91537900396	519.164671770632	2819.63209265763	536.487863713547	1306.96787720623	512	512	290.179875089646	214.730684627344	-593.638181657905	688.295952528532	210	46	3	30	223	214	232	21	6	39	15718	2033	1530	175	2833	2877	273	0	0	0	0	0	-595	-10	9	0
10	2	0	4	37	38	up	1	512	590.368810393754	3449.09700104525	580.085767767258	1591.45685776134	558.963045646881	3197.57732425699	543.889996051559	1335.92692843509	512	512	294.591163098715	224.451209972225	-593.691172288945	688.418767036576	204	38	10	25	235	206	234	24	7	41	15639	2085	1572	160	2862	2900	291	0	0	0	0	0	-608	-10	7	0
10	2	0	4	37	38	up	2	512	489.591722753757	2551.30687106372	502.795015056432	1061.94667564597	533.108943680631	3012.32810066199	531.266239715983	1368.02358196171	512	512	289.635282827315	215.914248364622	-593.73993074637	688.531776753208	224	34	5	19	230	222	221	22	8	39	15690	2083	1509	174	2750	2838	265	0	0	0	0	0	-717	-10	7	0
10	2	0	4	37	38	up	3	512	424.14087303501	1870.71430189657	458.238158099456	955.246180507599	540.368810393754	2981.10309900932	543.785937892269	1357.27400271515	512	512	298.365562813528	220.171388040632	-593.719502782685	688.484503471322	236	34	7	12	223	216	237	22	7	30	15650	2073	1546	187	2615	2775	272	0	0	0	0	0	-627	-10	7	0
10	2	0	4	38	39	up	0	512	768.029120294686	5275.97512672089	709.673832185176	2330.23390840682	488.512195928134	2589.4315394992	504.781241019134	1177.87083793107	512	512	308.799849836445	229.559773844772	-593.723562285331	688.494225531638	183	46	14	40	229	226	221	19	6	40	16143	2049	1598	178	2625	2964	246	0	0	0	0	0	-550	-9	8	0
10	2	0	4	38	39	up	1	512	550.493422191252	2815.075714809	595.841763618636	1431.92176946924	425.949890029385	1734.8845351486	476.722604478087	1019.697013489	512	512	295.244927902558	221.126076135434	-593.735876898079	688.52235027039	188	23	5	21	275	218	244	11	6	33	16035	2096	1623	214	2817	2759	285	0	0	0	0	0	-612	-11	8	0
10	2	0	4	38	39	up	2	512	579.488100632189	3063.69575313345	637.465452123763	1719.38896404975	466.276127950634	2329.05770410671	487.243732991982	1056.5720518199	512	512	290.863089245788	216.997833897073	-593.698124334583	688.434817007925	183	26	8	22	273	226	227	17	5	37	16110	2161	1487	210	2835	2928	284	0	0	0	0	0	-807	-13	10	0
10	2	0	4	38	39	up	3	512	744.485291572496	4935.4249317933	726.593992410643	2278.56760273411	446.302735745949	2188.22192435165	458.375032239999	931.426294038582	512	512	303.437279674579	230.62370308368	-593.835383972532	688.753368141419	180	34	11	38	249	223	227	17	2	43	16265	1977	1555	171	2813	2873	269	0	0	0	0	0	-539	-16	10	0
10	2	0	4	39	40	up	0	512	371.432965662833	1908.72065473155	364.954004984553	659.476224762229	373.390393190328	1459.71754911154	408.065641327853	718.982037231095	512	512	293.054312554736	214.798098868535	-593.779741911893	688.624205850022	265	64	2	15	166	233	219	10	3	47	16631	2102	1560	187	2853	2862	273	0	0	0	0	0	-670	-11	8	0
10	2	0	4	39	40	up	1	512	369.398523809084	1749.30735248657	378.344185134365	720.834154681345	419.796157937201	2178.21283404353	408.606185542903	745.228164713327	512	512	308.265936030803	234.54803711902	-593.670542340079	688.370773463665	249	68	3	13	179	247	201	18	0	46	16427	2270	1578	205	2714	2818	253	0	0	0	0	0	-829	-12	6	0
10	2	0	4	39	40	up	2	512	328.218183921585	1330.32564637877	343.285282623233	506.655596665331	404.772359201578	1788.74792565591	407.174288394747	753.902642968819	512	512	314.45209717762	235.341654072592	-593.636221710456	688.291359171818	253	65	1	10	183	225	219	13	3	52	16499	2170	1614	197	2639	2777	296	0	0	0	0	0	-635	-10	12	0
10	2	0	4	39	40	up	3	512	393.064155269079	1972.4135571159	392.227629861653	775.784654238679	374.849373527831	1539.93041147406	408.21674416307	813.44540979649	512	512	296.748488610906	222.657491928927	-593.745281430481	688.544368308428	257	54	3	15	183	233	205	10	5	59	16484	2216	1579	201	2836	2811	271	0	0	0	0	0	-793	-12	7	0
10	2	0	4	40	41	up	0	512	387.207244243137	1534.13686436361	414.84880678832	685.3165293001	661.848780407187	3998.74120467404	669.803834862101	1829.7579372615	512	512	317.79316397738	250.196025573063	-593.696860823545	688.431985503285	234	34	2	11	231	175	268	31	7	31	16824	2219	1741	208	2659	2811	273	0	0	0	0	0	-589	-13	9	0
10	2	0	4	40	41	up	1	512	495.926091293762	2891.81762745781	482.749194843154	1219.02120045003	803.153732092184	5531.482664219	764.567957544246	2477.41763183901	512	512	323.295548134229	259.056457504206	-593.671507679398	688.373356095576	236	54	6	22	194	175	234	41	17	45	16928	2229	1619	216	2616	2873	299	0	0	0	0	0	-691	-11	9	0
10	2	0	4	40	41	up	2	512	488.28677106876	2628.53492169843	490.686977774652	1174.62973996186	645.291796067501	3843.82637793804	663.802560862715	1850.16757731757	512	512	324.589794772938	249.761304167835	-593.624782509932	688.264959273379	228	45	7	19	213	184	254	28	11	35	16852	2245	1677	218	2632	2918	259	0	0	0	0	0	-683	-12	8	0
10	2	0	4	40	41	up	3	512	401.003105620015	1726.02450513223	442.088388159887	888.939626379532	711.596747752498	4349.22748425489	710.191097409233	2006.80450776289	512	512	299.443061358657	227.047344634529	-593.890229466686	688.880343027788	228	49	4	12	219	160	274	32	12	34	16826	2419	1558	189	2748	2650	271	0	0	0	0	0	-990	-12	7	0
10	2	0	4	41	42	up	0	512	526.578567136261	3180.74157282092	501.886725237489	1204.14148241602	497.37945351188	2501.41623795105	523.258728469558	1207.47163544181	512	512	326.632301871432	258.622617431206	-593.774271912803	688.611512207615	228	53	5	25	201	218	243	18	6	27	17423	2191	1701	189	2545	2741	270	0	0	0	0	0	-581	-12	8	0
10	2	0	4	41	42	up	1	512	406.981819383763	1791.59889368315	434.925111362102	798.809928514296	558.76141952313	3159.17000670011	566.217253999893	1526.23295766295	512	512	318.348271424292	247.488662469795	-593.658627901537	688.34311194714	232	42	3	13	222	214	227	22	11	38	17245	2305	1741	213	2753	2669	296	0	0	0	0	0	-674	-12	8	0
10	2	0	4	41	42	up	2	512	533.209756742507	3071.07582808496	536.300239056809	1324.53277899761	548.586401194694	3205.36759583347	521.818035787167	1212.47601496774	512	512	332.117899773295	261.839884877412	-593.746911917994	688.548096259274	224	41	7	23	217	215	226	25	5	41	17415	2179	1694	216	2617	2736	279	0	0	0	0	0	-606	-11	10	0
10	2	0	4	41	42	up	3	512	448.461789397196	2191.06072476975	477.620336265217	959.382972846414	582.329046980942	3458.19730594346	538.717743496305	1249.79174518323	512	512	323.889648326797	253.531748052238	-593.760137021099	688.578678289454	231	32	2	17	230	199	244	28	3	38	17420	2209	1662	213	2689	2626	246	0	0	0	0	0	-639	-11	9	0
10	2	0	4	42	43	up	0	512	439.59453181345	2102.90584970385	452.451970652387	945.474578686766	620.870066643439	3796.70783578562	595.19311195395	1608.50190445157	512	512	320.899195020283	256.091165375956	-593.643393406044	688.307933091913	227	45	5	15	220	203	238	29	8	34	17563	2465	1761	227	2624	2687	276	0	0	0	0	0	-845	-11	7	0
10	2	0	4	42	43	up	1	512	475.926091293762	2594.37084304844	452.98455290363	956.1476392275	480.021582796575	2324.39825556775	528.204027471462	1189.19915221528	512	512	326.38213921343	259.34126207803	-593.654036724731	688.332603304111	228	50	4	20	210	201	238	16	7	50	17650	2385	1769	212	2576	2642	237	0	0	0	0	0	-755	-10	9	0
10	2	0	4	42	43	up	2	512	425.021582796575	2145.75080472399	458.625613552255	1019.35372464559	577.756097964067	3649.76565316829	530.945884990659	1326.21505985047	512	512	315.094637928045	247.891043273678	-593.78109579063	688.627283660959	249	43	4	16	200	225	216	30	3	38	17851	2251	1704	210	2724	2577	252	0	0	0	0	0	-691	-12	7	0
10	2	0	4	42	43	up	3	512	462.533482164386	2343.85715094828	477.398005461172	1044.38951178762	593.435181601881	3687.04838724666	546.943352381144	1420.61103374868	512	512	327.951712690089	256.499908083027	-593.746244577551	688.546488639736	222	43	3	18	226	210	222	29	6	45	17790	2295	1726	205	2672	2558	266	0	0	0	0	0	-698	-11	9	0
10	2	0	4	43	44	up	0	512	532.281449509697	2971.42546985413	511.454070101577	1249.66624097535	484.241686096885	2446.72644118672	502.106031343596	1111.10135678939	512	512	319.436668736056	250.811964946228	-593.666708018501	688.362100838029	207	49	7	22	227	210	235	18	5	44	18086	2457	1759	226	2500	2495	257	0	0	0	0	0	-822	-12	8	0
10	2	0	4	43	44	up	1	512	487.634295226261	2627.60487837125	481.606898236381	1076.97639427659	647.527864045	4082.37648790866	601.135083923661	1736.97071491926	512	512	343.755272466328	281.668831068071	-593.73560911382	688.521919047916	224	50	7	19	212	208	226	30	12	36	18265	2295	1753	215	2560	2636	242	0	0	0	0	0	-613	-11	8	0
10	2	0	4	43	44	up	2	512	484.315891363446	2251.78112463038	495.030812614425	1119.67057583809	513.535994663756	2734.54999669465	520.198276983941	1154.56990621013	512	512	342.931568663126	284.463685822601	-593.655848168362	688.337019317255	207	37	10	14	244	212	241	21	4	34	18158	2344	1788	238	2523	2682	282	0	0	0	0	0	-707	-12	9	0
10	2	0	4	43	44	up	3	512	481.753585464697	2680.27347385631	475.809643130382	1131.46191872664	546.249520155319	3007.52264081332	546.688324662725	1353.65742253163	512	512	343.554775684115	280.258191601165	-593.586913726615	688.177294217468	243	41	6	20	202	209	232	21	10	40	18102	2421	1775	230	2564	2696	257	0	0	0	0	0	-763	-12	8	0
10	2	0	4	44	45	up	0	512	533.185958006884	2875.33431190202	552.295688018532	1427.55688915229	500.751072965326	2759.03351048338	515.541135776648	1257.56279424771	512	512	345.366645016355	285.715813031471	-593.606338486315	688.222165350792	206	50	12	19	225	209	218	21	5	59	18493	2475	1850	222	2511	2719	259	0	0	0	0	0	-801	-13	8	0
10	2	0	4	44	45	up	1	512	497.35846383595	2795.05474008165	504.63840438449	1297.05603472936	483.764228582823	2524.12763246054	513.759574946058	1202.94557956964	512	512	348.366984240104	286.629822170438	-593.70065492868	688.440867555754	223	55	6	21	207	213	234	20	2	43	18527	2405	1908	200	2469	2493	263	0	0	0	0	0	-653	-12	9	0
10	2	0	4	44	45	up	2	512	506.000296560322	2590.33738920305	547.611307073582	1469.62264913713	462.331856040635	2364.17322559609	487.51845049659	1123.79073575915	512	512	343.716470882984	276.022582208379	-593.578654798324	688.157670331397	213	48	13	16	222	234	215	17	6	40	18542	2468	1776	254	2556	2614	259	0	0	0	0	0	-881	-16	8	0
10	2	0	4	44	45	up	3	512	498.008130618756	2521.13358882965	483.302523565869	969.8796389259	524.565114958442	2865.50129793909	540.260637496543	1337.66710582561	512	512	362.707988584481	305.718562550705	-593.693745449601	688.424875193592	212	30	4	19	247	223	231	21	7	30	18630	2353	1821	236	2448	2686	270	0	0	0	0	0	-678	-11	10	0
10	2	0	4	45	46	up	0	512	519.567924018134	2702.2826491214	517.476559644989	1156.99527046372	516.024095295945	2873.70806233755	511.233704833337	1139.12393266299	512	512	373.134970381374	321.005176239036	-593.661990447175	688.351195529802	198	47	8	19	240	211	239	24	0	38	19026	2370	1949	207	2403	2490	234	0	0	0	0	0	-450	-9	8	0
10	2	0	4	45	46	up	1	512	485.499040310637	2623.97267243766	471.895033635335	971.361009654429	443.236364537822	2243.88749917366	474.866532633873	964.638448964685	512	512	368.471618744295	313.678712153126	-593.801658293218	688.674958175117	214	51	2	21	224	237	220	18	1	36	19214	2340	1773	225	2353	2463	264	0	0	0	0	0	-680	-11	8	0
10	2	0	4	45	46	up	2	512	474.692535815633	2398.33730424607	497.64450835724	1193.78564093843	572.278640450004	3253.10919697339	563.453507149925	1589.3619547053	512	512	349.046526511576	289.059215049642	-593.576138322421	688.151909480305	234	35	9	16	218	212	227	22	13	38	18833	2515	1952	252	2555	2549	282	0	0	0	0	0	-723	-10	7	0
10	2	0	4	45	46	up	3	512	454.292092627823	2197.10335388024	471.914605877362	952.084211892285	532.053215590631	2932.21257917261	525.652602258183	1246.86474229692	512	512	364.497476243406	304.066845649108	-593.639440672341	688.298782248255	217	40	2	17	236	214	235	22	6	35	18947	2451	1926	228	2558	2558	236	0	0	0	0	0	-594	-13	10	0
10	2	0	4	46	47	up	0	512	514.867554144069	2913.38583308769	499.432384117116	1149.82675027861	547.154028652506	3164.31895371589	545.791640892102	1347.51472131556	512	512	368.527476088998	317.504716219768	-593.655119139298	688.335016878972	233	35	6	22	216	212	232	25	4	39	19392	2522	1943	207	2434	2449	251	0	0	0	0	0	-658	-12	8	0
10	2	0	4	46	47	up	1	512	477.305248245319	2380.92086806209	488.675265054086	1090.75423399932	452.130229916884	2274.12455515952	483.273050960605	1059.01748956259	512	512	369.539203481983	316.535942593533	-593.713686888222	688.471262219091	225	32	6	17	232	238	219	17	4	34	19429	2534	1852	249	2344	2484	233	0	0	0	0	0	-772	-11	10	0
10	2	0	4	46	47	up	2	512	535.67124957938	3035.62898703761	531.413080438347	1391.70152836794	512.254841714382	2772.62599469356	512.900002303518	1131.56679587813	512	512	363.320499911687	309.205489509507	-593.526793877818	688.037639759279	230	37	11	21	213	218	232	21	5	36	19352	2534	1940	238	2591	2548	256	0	0	0	0	0	-756	-12	7	0
10	2	0	4	46	47	up	3	512	506.326534481572	2627.97563646272	525.515596842396	1294.33428773338	611.371322893124	3610.51933696037	582.786931416538	1574.48612551064	512	512	355.024548452832	295.147031608447	-593.696233358453	688.43047907631	201	43	4	20	244	210	240	26	11	25	19363	2586	1879	236	2504	2426	223	0	0	0	0	0	-842	-11	7	0
10	2	0	4	47	48	up	0	512	534.716334551255	2935.17305568214	530.175973296598	1202.70938254717	457.231042978759	2122.61396867937	492.586159818871	1019.44123986533	512	512	373.881234289994	325.892195451604	-593.674978030595	688.381028521456	212	34	6	22	238	216	240	15	5	36	19906	2541	1905	224	2353	2407	278	0	0	0	0	0	-730	-12	7	0
10	2	0	4	47	48	up	1	512	457.732299228444	2182.2309013838	492.930362612833	1071.88026121486	516.652772402821	2837.0728640599	518.359644011168	1363.52700415296	512	512	373.775987159859	319.965312710461	-593.923853104741	688.958543345247	227	28	4	16	237	221	218	20	9	44	19906	2476	1970	224	2261	2353	215	0	0	0	0	0	-610	-11	10	0
10	2	0	4	47	48	up	2	512	546.803991995634	3125.10326892326	532.620456825311	1302.88799645538	513.512195928134	2970.23697102888	497.896347205042	1226.54904941165	512	512	386.921176585956	344.252570976843	-593.682178357815	688.398020948786	206	51	8	23	224	230	210	23	5	44	19722	2600	2036	218	2326	2462	247	0	0	0	0	0	-630	-10	11	0
10	2	0	4	47	48	up	3	512	503.586401194694	2685.29165447255	507.771315499672	1178.59509737984	526.199113624381	2944.95725761355	501.41368021827	1104.97445021096	512	512	376.564487403171	329.756716203024	-593.710701092233	688.463845852524	227	35	8	19	223	218	232	23	4	35	19918	2534	1870	254	2318	2443	224	0	0	0	0	0	-752	-10	8	0
10	2	0	4	48	49	up	0	512	741.119290238435	4775.71681281777	731.403390711889	2367.170884282	479.292092627823	2422.10335388024	480.649683692151	1061.49517368057	512	512	369.70791716341	313.7966112687	-593.744408072254	688.542391165041	175	40	17	34	246	217	226	17	7	45	20412	2488	1986	202	2374	2277	239	0	0	0	0	0	-635	-10	7	0
10	2	0	4	48	49	up	1	512	734.71071643187	4826.68629467845	718.992757033506	2157.5814643778	465.422025984384	2386.80238254765	473.900783188414	1048.8686250304	512	512	384.004170071696	335.474928354325	-593.680400532589	688.393738639803	186	28	11	37	250	230	222	18	4	38	20390	2513	1932	253	2361	2436	254	0	0	0	0	0	-789	-12	8	0
10	2	0	4	48	49	up	2	512	726.798373876249	4739.53446859458	719.218851294941	2244.88489422167	540.973688765007	3157.41928693309	502.504434448596	1145.7868722872	512	512	380.098104581233	332.732435959772	-593.645975265859	688.314177877611	180	42	14	35	241	216	225	25	4	42	20239	2576	2033	240	2372	2349	249	0	0	0	0	0	-702	-13	11	0
10	2	0	4	48	49	up	3	512	731.495934690622	4705.37332565066	724.302732279806	2216.46825401919	502.456467838133	2605.95737088951	525.978264554543	1296.41947423231	512	512	377.638887550566	326.999944416103	-593.681515852963	688.396285471102	174	36	13	35	254	222	222	17	11	40	20319	2583	1949	237	2368	2396	254	0	0	0	0	0	-750	-15	8	0
10	2	0	4	49	50	up	0	512	367.989950002519	1748.19479502225	362.040181916261	616.27077526133	359.698153935018	1601.42883034506	367.251699062709	584.332674330732	512	512	380.308223100864	331.317581211083	-593.836175117899	688.755036696948	260	58	3	13	178	256	188	12	2	54	20755	2635	1949	261	2329	2354	222	0	0	0	0	0	-787	-14	13	0
10	2	0	4	49	50	up	1	512	381.130526477206	1781.74798229389	367.898452117836	625.968414476596	350.178420508773	1629.79069636135	366.667211703158	656.763456517181	512	512	382.397026913609	334.448719427918	-593.653552558488	688.331566920566	243	58	1	14	196	256	169	12	3	72	20704	2664	1986	246	2387	2372	225	0	0	0	0	0	-825	-13	8	0
10	2	0	4	49	50	up	2	512	420.801479496264	2199.59279571908	392.014083653383	711.657900911755	363.417000985644	1664.14008325959	368.018199692989	649.045751696679	512	512	375.052660330684	331.4801853742	-593.538263297512	688.064567036395	252	49	3	17	191	254	188	13	1	56	20453	2858	2019	270	2373	2340	228	0	0	0	0	0	-1049	-16	8	0
10	2	0	4	49	50	up	3	512	412.963342207203	2152.38922189762	388.380296578215	755.793233232034	383.167777390647	1843.30738080556	375.061903430108	750.731954990755	512	512	382.785648193316	339.971859334599	-593.582829391342	688.167489241001	259	56	7	15	175	242	179	13	5	73	20507	2777	2028	288	2321	2297	283	0	0	0	0	0	-871	-12	8	0
10	2	0	4	50	51	up	0	512	502.005618119385	2643.43464511922	499.629655468535	1196.81821745187	715.665631459995	4530.24255925111	710.283684642924	2126.58127907259	512	512	393.418986370568	351.275001817295	-593.723271143585	688.493309613525	210	48	7	19	228	176	267	35	9	25	21004	2725	2096	287	2169	2353	247	0	0	0	0	0	-867	-14	6	0
10	2	0	4	50	51	up	1	512	444.520326546889	2245.76912693519	453.609013883921	1060.40510085561	771.368513833431	5220.34884883742	734.93644166067	2244.82251053559	512	512	392.69734762915	349.71090848527	-593.715077523797	688.474275188007	230	54	6	16	206	179	252	41	10	30	21043	2694	2140	235	2237	2279	223	0	0	0	0	0	-710	-13	11	0
10	2	0	4	50	51	up	2	512	363.2125658022	1312.52292400323	426.587644988449	900.131319273384	678.45617127781	4194.39768918794	669.982026250625	1886.81837537606	512	512	393.361672744876	353.107358485243	-593.60264580061	688.213834940915	251	34	7	7	213	181	260	32	9	30	21067	2717	2066	262	2221	2343	242	0	0	0	0	0	-830	-12	7	0
10	2	0	4	50	51	up	3	512	610.419216924691	3629.1091686544	570.533425397409	1614.72017646298	689.612712429687	4382.53144793153	657.400182587081	1804.74059614204	512	512	399.091500689088	358.345712898454	-593.554709146266	688.102272174787	203	43	14	25	227	175	260	35	6	36	21016	2771	2057	268	2193	2496	237	0	0	0	0	0	-905	-11	10	0
10	2	0	4	51	52	up	0	512	464.268293892201	2405.3435438051	478.969010528287	1158.79518031799	614.238877037193	3847.65018831689	587.372908127008	1634.97978255857	512	512	396.486902135314	361.261006052185	-593.635540109352	688.289732884473	227	52	7	17	209	203	226	30	7	46	21470	2854	2083	217	2261	2255	261	0	0	0	0	0	-860	-11	8	0
10	2	0	4	51	52	up	1	512	483.963045646881	2662.75969679918	480.883643278261	1082.40608839549	448.636807725632	2034.49839055201	499.345073155783	1052.16999002762	512	512	393.058999340057	351.300497182468	-593.769324802112	688.600118178875	242	30	3	21	216	222	246	15	3	26	21519	2709	2126	270	2250	2177	239	0	0	0	0	0	-770	-11	9	0
10	2	0	4	51	52	up	2	512	470.724465170011	2490.59878040719	490.747833887925	1108.4191360898	538.435181601881	3115.33109300604	530.748239123543	1247.71126633425	512	512	386.645130226059	342.53111978949	-593.664708668775	688.357648396801	228	45	4	19	216	218	230	25	3	36	21478	2838	2018	290	2276	2263	227	0	0	0	0	0	-995	-17	10	0
10	2	0	4	51	52	up	3	512	513.36097633532	3146.37064481551	477.887441179889	1161.11524781309	529.114265239694	2947.97857216879	525.405875338476	1309.16207677471	512	512	400.257140149138	359.55079118987	-593.631823361926	688.281520953238	245	41	2	26	198	211	235	23	4	39	21466	2841	2066	251	2198	2182	234	0	0	0	0	0	-897	-13	10	0
10	2	0	4	52	53	up	0	512	462.008427179078	2364.1217610484	510.078529494536	1354.30603899499	539.968367205944	3097.68067813723	522.364508384601	1243.63801315362	512	512	400.187078498087	357.602840552939	-593.688926547542	688.413665099942	225	62	11	15	199	215	228	24	5	40	21890	2889	2101	256	2170	2149	197	0	0	0	0	0	-995	-12	8	0
10	2	0	4	52	53	up	1	512	516.952402528755	2779.19434191839	518.395939252516	1260.83427150417	507.631486166569	2729.28860549051	529.559502581196	1308.60457013364	512	512	403.85782807221	368.938698930023	-593.877686377382	688.851569181297	228	32	10	19	223	229	220	19	9	35	22096	2743	2057	240	2099	2181	216	0	0	0	0	0	-838	-13	9	0
10	2	0	4	52	53	up	2	512	389.570733077827	1594.97586301465	429.940147366982	750.838156492364	540.896674438754	2862.98458517589	541.35833350697	1253.10260458886	512	512	415.431897486058	395.819224060978	-593.521890815061	688.02611141391	225	45	1	12	229	196	260	22	4	30	21820	2862	2179	275	2177	2253	249	0	0	0	0	0	-811	-13	9	0
10	2	0	4	52	53	up	3	512	572.883518821258	3467.78403201746	551.584254147707	1500.58986530854	457.106431181261	2279.18847050625	470.65721649281	936.61546349619	512	512	415.259529157057	390.81512510899	-593.680251648895	688.393395086916	208	49	6	27	222	224	224	17	4	43	21868	2775	2217	276	2166	2122	212	0	0	0	0	0	-669	-12	12	0
10	2	0	4	53	54	up	0	512	543.76141952313	3179.97543822979	499.777845273196	1130.35148128998	521.90480505751	2744.32217261187	529.747567263799	1156.10329506207	512	512	411.140106040772	382.484733609017	-593.63638012325	688.291496092382	218	34	2	26	232	200	235	19	9	49	22191	3029	2175	253	2169	2110	226	0	0	0	0	0	-1032	-14	8	0
10	2	0	4	53	54	up	1	512	543.663415520947	3258.26737589224	517.397962654151	1267.30724508597	560.445824720007	3238.63813398371	540.150895684942	1334.28079679113	512	512	404.059258102332	365.197630082858	-593.680713483408	688.39458789542	215	51	4	26	216	208	228	24	8	44	22398	2887	2131	232	2117	2051	213	0	0	0	0	0	-832	-12	11	0
10	2	0	4	53	54	up	2	512	468.28677106876	2213.64135287969	496.591739795247	1025.43806528072	555.06918026782	3135.62297403052	539.95874510855	1461.58286297863	512	512	422.752111481005	400.842644226396	-593.635700912702	688.29016290279	212	41	7	15	237	213	219	21	13	46	22430	2758	2179	281	2047	2180	214	0	0	0	0	0	-769	-11	11	0
10	2	0	4	53	54	up	3	512	438.541612783142	2042.38320889052	487.138708657569	1138.11741093663	498.81463511376	2600.416407865	494.901144445716	1144.52094368612	512	512	411.294052582026	383.417106663317	-593.537701704431	688.063015828111	210	60	6	14	222	208	232	19	6	47	22147	3006	2202	293	2117	2250	228	0	0	0	0	0	-969	-14	8	0
10	2	0	4	54	55	up	0	512	543.358167275628	2886.26113633322	549.179293057857	1362.24948235167	458.461789397196	2201.97258748069	472.865674639811	960.91918439921	512	512	417.2766013118	393.182499313617	-593.677231318341	688.386377073963	206	26	7	21	252	219	241	17	2	33	22768	2972	2173	247	2079	2043	218	0	0	0	0	0	-988	-14	7	0
10	2	0	4	54	55	up	1	512	483.989653442196	2387.94221093632	491.596923951809	1133.29834762057	460.923282234069	2225.24913863802	491.954973907831	1088.08107342589	512	512	421.792833727871	396.876944561526	-593.805030577089	688.682942253312	211	39	6	17	239	229	233	16	5	29	22809	3008	2103	240	1987	2185	197	0	0	0	0	0	-1068	-11	9	0
10	2	0	4	54	55	up	2	512	523.209756742507	2863.62904367559	518.227888288717	1242.5153522895	567.329046980942	3305.20340390752	552.882593434629	1400.42385186139	512	512	432.538948640356	416.394110116096	-593.624818085276	688.264980404302	216	39	7	21	229	211	232	25	7	37	22782	2902	2187	289	2048	2222	202	0	0	0	0	0	-853	-12	8	0
10	2	0	4	54	55	up	3	512	488.838433849383	2491.62910031358	486.966952605298	1089.19722795721	546.350333217194	3066.27036823629	546.062600123572	1414.71554744647	512	512	428.23019168831	410.353712077523	-593.629353840905	688.275548078145	218	37	6	18	233	211	228	22	9	42	22767	2797	2322	274	2129	2109	212	0	0	0	0	0	-616	-13	11	0
10	2	0	4	55	56	up	0	512	451.528160605323	2155.75989503211	480.559153396741	999.307828693488	522.308057305012	2803.1429056897	549.177077203365	1426.87947038596	512	512	433.396983018794	411.271030941057	-593.621813054426	688.257879576141	225	40	6	15	226	196	231	20	8	57	23073	3059	2269	271	1924	2100	223	0	0	0	0	0	-984	-11	8	0
10	2	0	4	55	56	up	1	512	586.098300562505	3482.56207934682	545.390428511123	1263.02710194807	498.7404298472	2757.00307730102	482.812353585549	1051.67148043913	512	512	443.252121567643	429.38755840846	-593.754234922753	688.565124473108	200	42	6	27	237	215	216	21	5	55	23109	2937	2358	268	2025	2066	167	0	0	0	0	0	-752	-11	10	0
10	2	0	4	55	56	up	2	512	546.878197262195	3203.41016830598	538.600793985756	1335.87247212352	409.570733077827	1754.61111793027	439.134611192142	803.8560186623	512	512	434.920962066053	419.813024460567	-593.657611857906	688.340905850437	215	43	5	25	224	217	232	13	2	48	23175	2968	2259	270	2043	2093	204	0	0	0	0	0	-837	-12	9	0
10	2	0	4	55	56	up	3	512	494.896970999077	2674.69614959932	484.071022196239	1048.34567729685	462.355654776257	2345.38591804466	497.917551352561	1245.44736437723	512	512	437.909481185799	426.000015891311	-593.623538445353	688.261992886091	213	60	8	19	212	244	212	16	8	32	22925	3056	2377	314	2012	2140	209	0	0	0	0	0	-828	-13	9	0
10	2	0	4	56	57	up	0	512	577.957724087818	3259.11532325644	580.806417532607	1647.97020408951	527.254841714382	2887.26124960918	515.787116720777	1235.25177352975	512	512	444.27342024419	435.261334978926	-593.775074042845	688.613402350736	201	43	13	22	233	210	237	22	5	38	23627	2988	2291	278	1908	2059	206	0	0	0	0	0	-865	-15	9	0
10	2	0	4	56	57	up	1	512	479.268293892201	2637.42558313009	474.952689062067	1105.00340297818	512.83311229032	2733.60778575833	516.350321506102	1152.64044182068	512	512	442.862245822369	430.361856501794	-593.634701615968	688.287929578838	227	54	5	20	206	209	240	21	4	38	23462	3193	2259	270	1999	2109	208	0	0	0	0	0	-1085	-13	13	0
10	2	0	4	56	57	up	2	512	607.984331883133	3803.17311232012	578.660980754181	1671.47499344352	450.146194594073	2232.17020493305	466.567729992669	959.853086126836	512	512	440.989430780511	432.008895031227	-593.688322928058	688.412162066715	214	59	16	26	197	229	224	17	3	39	23614	3047	2251	272	2002	1968	210	0	0	0	0	0	-966	-12	9	0
10	2	0	4	56	57	up	3	512	486.151516153136	2448.73253915079	500.352982172832	1089.74545259276	471.201922684074	2510.27962845836	470.747121463306	985.466918986761	512	512	442.357085668158	434.545127116312	-593.748140931484	688.550646968746	206	46	5	18	237	225	220	20	2	45	23602	3000	2312	270	1966	2097	214	0	0	0	0	0	-872	-12	10	0
10	2	0	4	57	58	up	0	512	505.345011658131	2666.89650452481	529.326717786022	1199.39019041594	492.281449509697	2631.7902149385	490.082803886331	1055.50680977994	512	512	450.976978448036	455.931862725224	-593.709468024867	688.461260629589	218	33	5	20	236	215	232	21	2	42	23985	3069	2361	281	1896	1978	196	0	0	0	0	0	-823	-11	10	0
10	2	0	4	57	58	up	1	512	632.604878371253	3986.55287576274	596.013318472857	1749.4706554058	523.108943680631	2784.51657116825	507.490531571686	1096.71373169478	512	512	446.085491391852	441.616404626983	-593.705264817328	688.451318906408	204	44	10	30	224	206	244	21	5	36	23958	3139	2342	257	1893	1990	217	0	0	0	0	0	-955	-15	12	0
10	2	0	4	57	58	up	2	512	622.729490168752	3974.8719427546	581.513911993576	1621.58400246216	491.803991995634	2612.10936688733	473.05202269457	976.524978837952	512	512	442.372718365289	425.396074037054	-593.666773471541	688.362301149231	212	35	5	32	228	218	228	20	4	42	24093	3099	2239	265	1982	1902	180	0	0	0	0	0	-1021	-13	8	0
10	2	0	4	57	58	up	3	512	519.867554144069	2899.66244088301	518.372818783229	1342.08780186831	495.926091293762	2498.74778406095	522.361658379962	1311.76343986246	512	512	461.880272423982	463.270489252717	-593.78606056365	688.639029149483	229	36	8	21	218	196	240	18	6	52	24106	3093	2245	252	1777	1976	201	0	0	0	0	0	-936	-14	10	0
10	2	0	4	58	59	up	0	512	667.100813061876	3985.07865051507	691.773927591467	1915.15954339941	478.788027318445	2715.59863881223	455.115092275168	966.422995296659	512	512	452.980379982623	450.00343922681	-593.683078842166	688.399764369908	166	37	9	30	270	247	206	22	2	35	24577	3062	2272	297	1874	1937	177	0	0	0	0	0	-1000	-12	8	0
10	2	0	4	58	59	up	1	512	734.609903369994	4709.21517505079	705.23836225036	2062.45962107454	517.607687430946	2838.07591304194	518.214543763769	1272.21764276888	512	512	451.77024261319	449.820756447194	-593.664009141737	688.35563812276	180	26	13	35	258	219	219	20	9	45	24516	3062	2355	275	1935	1892	201	0	0	0	0	0	-870	-11	9	0
10	2	0	4	58	59	up	2	512	675.443015660314	4131.8567828014	678.509155117694	1978.11069486209	444.191279565947	2030.36172442133	474.229795932907	1099.59577572266	512	512	458.456873853593	462.594451803071	-593.771601585635	688.605353139638	169	42	10	31	260	227	226	13	8	38	24469	3088	2379	272	1978	1908	195	0	0	0	0	0	-908	-13	8	0
10	2	0	4	58	59	up	3	512	654.938950350936	3913.37645958967	668.366374287925	1867.1419384385	451.276127950634	2135.33431190202	462.66836334386	897.615026225751	512	512	464.053539940422	469.769233426572	-593.618130489254	688.249460257518	183	29	10	29	261	222	237	16	3	34	24156	3228	2524	300	1918	1939	196	0	0	0	0	0	-892	-13	11	0
10	2	0	4	59	60	up	0	512	334.700962994711	1357.66306390081	358.622033609885	688.765203174452	425.199410184703	2223.31017491667	396.222994591469	715.486491379651	512	512	470.409707777548	486.146973572364	-593.725899511386	688.499256563138	251	69	4	9	179	239	199	18	1	55	24911	3085	2435	289	1786	1843	186	0	0	0	0	0	-814	-13	9	0
10	2	0	4	59	60	up	1	512	391.833408850642	1893.05493831458	413.06667458191	928.486417477594	408.26578139283	1910.92730585404	400.904236028734	818.201369756272	512	512	468.376558236654	476.531423007447	-593.609248110644	688.228617831259	254	57	6	13	182	233	200	13	6	60	24826	3144	2461	289	1888	1900	179	0	0	0	0	0	-803	-12	8	0
10	2	0	4	59	60	up	2	512	320.276424510956	1066.96993496453	356.28176645205	547.163707746268	360.10140618252	1601.5261712182	392.716440223846	748.148494846379	512	512	465.906049461618	478.795057287068	-593.555295967199	688.103965816318	251	50	2	7	202	248	188	12	2	62	24608	3260	2524	328	1865	1859	190	0	0	0	0	0	-903	-16	9	0
10	2	0	4	59	60	up	3	512	408.743238906893	2244.58986001301	375.777861819989	700.021742757711	305.878493822517	894.529163562254	361.637842050888	597.893337939702	512	512	464.195480541915	473.072008681248	-593.659554052267	688.345339936296	258	61	2	18	173	260	202	5	3	42	24849	3213	2394	264	1796	1911	207	0	0	0	0	0	-988	-13	11	0
10	2	0	4	60	61	up	0	512	519.66873708001	2781.39512162875	494.421375903851	1158.86911306895	656.973392204685	3896.61958522059	681.131446163867	1978.57201584161	512	512	454.887250766789	455.880462684931	-593.68410782042	688.402428787107	208	50	10	19	225	187	260	28	12	25	25184	3355	2359	334	1786	1867	169	0	0	0	0	0	-1233	-14	9	0
10	2	0	4	60	61	up	1	512	448.615818049702	2269.41350047792	466.677318310727	1047.5818304728	731.647154283435	4587.96304406872	733.359995281836	2266.89780860908	512	512	474.738360035425	489.719231852195	-593.713274135904	688.470033950437	223	54	4	17	214	163	262	33	15	39	25351	3262	2333	286	1831	1890	185	0	0	0	0	0	-1049	-14	10	0
10	2	0	4	60	61	up	2	512	465.398227248762	2484.67782738813	462.064918230428	1047.9332796549	747.952105968433	4704.4583856387	754.742448755648	2443.03548990203	512	512	473.633205616309	485.554509973434	-593.802496181897	688.677005701434	232	47	4	19	210	163	269	34	15	31	25379	3207	2361	285	1730	1767	151	0	0	0	0	0	-1019	-15	8	0
10	2	0	4	60	61	up	3	512	462.183445507514	2618.62317226345	470.036001207403	1009.55404859958	712.625868047183	4448.90217770401	716.983599990693	2168.80913164758	512	512	468.726176117595	473.105049337008	-593.777388405765	688.618880634335	244	56	5	20	187	175	264	33	12	28	25324	3235	2362	311	1785	1846	175	0	0	0	0	0	-1021	-15	10	0
10	2	0	4	61	62	up	0	512	453.7404298472	2196.19764577135	476.608885982039	930.268372725993	540.193792065318	3137.66543322706	530.75020148472	1381.04798044554	512	512	470.840583472752	492.040988786553	-593.62646836699	688.268654280209	211	47	2	17	235	225	221	24	6	36	25656	3327	2446	315	1838	1870	209	0	0	0	0	0	-1100	-14	8	0
10	2	0	4	61	62	up	1	512	578.058537149694	3435.30983508878	548.921972971063	1470.24839710437	581.374131952817	3497.92374713017	538.264025099778	1324.0357196576	512	512	477.235754708645	497.928142952242	-593.70980543892	688.461786843254	211	45	10	25	221	217	221	26	9	39	25637	3311	2501	295	1770	1786	200	0	0	0	0	0	-953	-13	8	0
10	2	0	4	61	62	up	2	512	510.721656110318	2575.74758582802	526.075008500208	1302.54243024506	537.002809059693	2801.03023494942	562.6458746752	1464.44510334898	512	512	479.561596155966	502.198612374396	-593.612921844648	688.237309175658	213	33	10	17	239	203	245	19	10	35	25653	3351	2440	300	1691	1836	175	0	0	0	0	0	-1057	-20	10	0
10	2	0	4	61	62	up	3	512	543.36097633532	3082.02419362333	538.605326784106	1377.69559527018	528.636807725632	3066.10925361137	520.575752136201	1294.43828579418	512	512	482.384084450636	503.88862803471	-593.70578254403	688.4525123965	209	45	7	23	228	230	212	23	7	40	25698	3208	2535	303	1713	1802	178	0	0	0	0	0	-877	-15	10	0
10	2	0	4	62	63	up	0	512	476.729786729074	2536.61399699836	481.996200697938	1048.57758742159	504.642129284695	2724.67768579317	502.944461248793	1152.13938096079	512	512	474.813596236865	485.347371371639	-593.607415348138	688.224734818773	225	48	5	19	215	219	231	21	4	37	26123	3328	2501	304	1659	1691	167	0	0	0	0	0	-1031	-15	10	0
10	2	0	4	62	63	up	1	512	452.910126616573	2176.43162445618	483.052782069916	1060.11034359781	450.223208920326	2074.8116710887	477.033292187723	962.330645191554	512	512	476.74058137938	496.848277587648	-593.6663973549	688.361385260348	221	40	4	16	231	205	239	15	4	49	26214	3387	2359	296	1644	1826	165	0	0	0	0	0	-1216	-14	9	0
10	2	0	4	62	63	up	2	512	554.894161939384	3271.82056316388	533.679286941876	1462.73119037324	567.957724087818	3424.37363715956	501.642923904717	1209.45541299255	512	512	490.606729825694	525.761198432917	-593.552931761655	688.097976657341	214	51	9	24	214	225	210	25	10	42	26100	3155	2682	319	1737	1725	193	0	0	0	0	0	-650	-14	12	0
10	2	0	4	62	63	up	3	512	548.610199930317	3166.21554319767	534.818505417449	1358.75269006392	521.878197262195	2822.6047367763	510.900739804562	1138.85945878028	512	512	499.330874123403	536.913805752155	-593.758727928555	688.575284239244	217	32	4	25	234	211	235	21	6	39	26136	3288	2571	261	1691	1801	173	0	0	0	0	0	-911	-17	8	0
10	2	0	4	63	64	up	0	512	519.819956672823	2819.79027157648	530.815248771247	1314.50702380949	504.440503160944	2744.99376044098	508.295799571184	1233.7819045628	512	512	493.612214452198	522.463736883424	-593.740894971248	688.534180309597	201	52	6	21	232	231	220	20	7	34	26581	3322	2549	316	1646	1678	153	0	0	0	0	0	-945	-14	10	0
10	2	0	4	63	64	up	1	512	480.247007655948	2423.10640286227	501.87425071855	1210.39339088789	640.644641784065	4054.16986510515	573.148130385401	1467.93461803122	512	512	485.008494639625	506.56478168652	-593.700789318505	688.440961885623	215	46	7	17	227	201	229	31	9	42	26500	3420	2546	302	1649	1701	160	0	0	0	0	0	-1125	-13	9	0
10	2	0	4	63	64	up	2	512	518.162159271262	2917.29789403157	529.932013467166	1388.49968725042	511.52535154563	2791.24295571698	496.103857440227	1042.91477751247	512	512	508.462703923882	556.96221518494	-593.688975605981	688.413760002645	220	57	11	20	204	222	235	22	3	30	26722	3258	2492	296	1590	1734	179	0	0	0	0	0	-903	-13	10	0
10	2	0	4	63	64	up	3	512	650.920473174377	4242.89018000882	573.376177013099	1546.6500484567	505.573245577198	2882.27957182038	497.62195188765	1180.69051768632	512	512	490.75313485131	517.996791150062	-593.743712527877	688.540542361464	214	41	11	32	214	223	216	23	3	47	26653	3342	2488	285	1608	1681	179	0	0	0	0	0	-1023	-12	9	0
10	2	0	4	64	65	up	0	512	493.313378864075	2671.96965177462	480.405655592314	1036.62452785378	540.872875703132	3039.94816730543	528.749943719963	1337.95507057461	512	512	512.821458622485	559.113936148867	-593.680289441973	688.393355927304	209	54	3	21	225	210	233	23	6	40	27012	3369	2584	315	1581	1691	174	0	0	0	0	0	-886	-13	12	0
10	2	0	4	64	65	up	1	512	480.774871700949	2580.61094801633	470.4746765915	1111.62584836118	562.732299228444	3221.94209766036	546.901801921505	1427.33883491139	512	512	507.249991189794	551.705552323623	-593.670428970977	688.370497401394	227	48	6	19	212	207	227	23	10	45	26918	3397	2632	333	1634	1741	178	0	0	0	0	0	-949	-13	9	0
10	2	0	4	64	65	up	2	512	499.894161939384	2444.84495502015	517.90725598887	1194.55372740616	474.416704425321	2299.61698934241	479.21214703062	1043.7016886152	512	512	496.245323783806	523.865749770809	-593.689224935004	688.414077781286	198	41	7	17	249	221	229	15	9	38	26773	3639	2555	313	1588	1755	181	0	0	0	0	0	-1279	-19	10	0
10	2	0	4	64	65	up	3	512	560.119586798757	3356.80531825372	522.828017089249	1403.74859519078	477.331856040635	2420.08508830703	490.086648621926	1074.3793375921	512	512	500.26560098427	544.167263988961	-593.686061532541	688.407055721737	224	48	11	24	205	222	224	17	7	42	26820	3420	2698	342	1631	1706	167	0	0	0	0	0	-952	-13	14	0
10	2	0	4	65	66	up	0	512	603.986844382504	3561.05442857275	569.015277543052	1380.13791191914	451.477754074385	2331.91790403702	458.874522458894	922.279152421322	512	512	502.377820625951	538.452031967827	-593.722068837618	688.490281907941	188	38	5	28	253	238	214	18	3	39	27252	3549	2670	321	1548	1495	148	0	0	0	0	0	-1075	-17	11	0
10	2	0	4	65	66	up	1	512	522.305248245319	2803.91477009802	537.499623575705	1383.92958499899	543.963045646881	2886.40714764293	531.295596906969	1173.76305217103	512	512	512.458805972718	563.653423352839	-593.712653119783	688.468856330641	213	39	8	20	232	194	252	21	7	38	27470	3472	2574	276	1548	1616	151	0	0	0	0	0	-1082	-14	8	0
10	2	0	4	65	66	up	2	512	546.45114627907	3359.911664478	524.353323421332	1313.68365954867	513.108943680631	2714.88131625262	531.037608587936	1310.08132008583	512	512	508.270057964425	549.687191525083	-593.720618008107	688.487116375607	229	44	4	27	208	214	237	20	6	35	27447	3471	2552	322	1548	1594	160	0	0	0	0	0	-1086	-12	10	0
10	2	0	4	65	66	up	3	512	528.76141952313	2909.53475178448	519.917071133273	1327.64145089879	502.560089959701	2819.73866543384	496.259447874698	1147.54945339197	512	512	529.707639782957	594.097778302274	-593.653980789611	688.332622929479	222	33	8	21	228	211	216	22	4	59	27383	3323	2794	292	1565	1735	173	0	0	0	0	0	-685	-11	12	0
10	2	0	4	66	67	up	0	512	534.61552148938	3072.9602499576	519.850693202973	1241.35890442869	478.33998665939	2499.41657777894	511.941561070816	1325.61303486111	512	512	524.485564594706	591.53849295243	-593.709767647959	688.46186358865	230	33	7	23	219	214	209	17	9	63	27566	3673	2742	323	1486	1701	187	0	0	0	0	0	-1163	-14	8	0
10	2	0	4	66	67	up	1	512	485.045381532197	2623.86316395538	493.81384642225	1028.98857932344	601.249520155319	3558.87518996957	567.222927218684	1439.73091502534	512	512	510.492805520897	564.644363927341	-593.545298261941	688.080401902934	223	42	2	21	224	193	235	26	10	48	27534	3710	2728	332	1567	1490	183	0	0	0	0	0	-1140	-17	12	0
10	2	0	4	66	67	up	2	512	505.549446841575	2803.98484004681	504.171856365731	1200.39772935618	513.663415520947	2776.10939520632	514.212997754882	1289.99215531371	512	512	515.152799906978	568.432748437767	-593.647938912811	688.318447487183	213	56	6	21	216	227	204	17	15	49	27697	3561	2708	338	1559	1575	173	0	0	0	0	0	-1096	-14	9	0
10	2	0	4	66	67	up	3	512	631.901995997817	4023.96931194673	585.115025391612	1536.63131522607	549.292092627823	3264.26133456616	492.968183318736	1084.74498400915	512	512	508.107688370909	554.024519633918	-593.702009455435	688.443908970459	197	47	6	32	230	205	222	26	4	55	27730	3586	2657	331	1521	1542	148	0	0	0	0	0	-1146	-14	11	0
10	2	0	4	67	68	up	0	512	525.193792065318	2826.495256613	539.878467509545	1277.48984330605	501.652772402821	2819.51964846927	486.910141374086	1125.85180002744	512	512	523.191458664453	580.973164809598	-593.610107551419	688.230815214922	213	33	6	21	239	229	216	22	4	41	28191	3635	2642	348	1502	1511	156	0	0	0	0	0	-1117	-13	8	0
10	2	0	4	67	68	up	1	512	529.843755408446	3008.44974843443	522.138105444782	1330.26687285695	552.506874369071	3308.85700935333	520.78886421811	1295.27589055062	512	512	524.745905239966	586.089652637079	-593.663740539128	688.354991500276	219	46	8	22	217	225	204	24	10	49	28243	3610	2658	305	1559	1568	131	0	0	0	0	0	-1122	-14	10	0
10	2	0	4	67	68	up	2	512	559.238877037193	3158.4861096669	542.96128511253	1326.1307886836	470.573245577198	2235.30396367664	495.730308802479	1042.39517197547	512	512	541.545598255375	621.77131375679	-593.787983536416	688.643295247207	203	37	6	24	242	207	243	16	5	41	28234	3515	2763	304	1437	1533	157	0	0	0	0	0	-908	-19	10	0
10	2	0	4	67	68	up	3	512	523.788027318445	2883.33422694505	517.071767208818	1131.33878773169	447.583888695324	2229.2340636418	457.429879956369	968.245671732717	512	512	529.001296541347	602.140224741876	-593.775926805609	688.615497893356	211	41	5	22	233	229	221	17	3	42	28139	3560	2781	336	1488	1506	149	0	0	0	0	0	-954	-14	10	0
10	2	0	4	68	69	up	0	512	747.450849718747	4703.56484513895	744.077587551125	2406.55826357237	465.021582796575	2406.29792235056	460.021804878233	997.164165102891	512	512	530.376222180829	596.676108678276	-593.666975111432	688.362428293385	156	39	15	34	268	229	210	17	7	49	28650	3653	2716	309	1367	1528	138	0	0	0	0	0	-1157	-14	11	0
10	2	0	4	68	69	up	1	512	709.2360679775	4719.0451117127	668.796674432005	1995.01474721206	397.28425856939	1722.03664442238	451.502848928544	894.346678217561	512	512	522.8991716463	583.521966793209	-593.690761566891	688.417611420421	188	42	9	37	236	234	215	12	4	47	28527	3707	2746	348	1525	1415	177	0	0	0	0	0	-1149	-17	9	0
10	2	0	4	68	69	up	2	512	654.185661446562	3912.4220810442	672.384906467569	1952.24849713445	484.944568470322	2506.39204432772	470.61277195116	993.028483132071	512	512	535.393779594333	608.219626086037	-593.640059388344	688.300033758792	181	32	10	29	260	217	232	19	4	40	28605	3658	2761	304	1448	1512	141	0	0	0	0	0	-1098	-15	8	0
10	2	0	4	68	69	up	3	512	687	4106.3309230921	704.229808793891	2074.76724693774	455.071989327512	2237.22195267064	459.061490405619	934.895854681025	512	512	535.763765360331	612.929638691232	-593.587107792252	688.177496948864	164	39	14	29	266	216	229	17	3	47	28691	3518	2814	305	1586	1440	150	0	0	0	0	0	-804	-17	10	0
10	2	0	4	69	70	up	0	512	399.64774740408	1900.32242748279	383.745538173491	658.882474605042	396.80961011502	1877.75410857695	393.898615575021	743.626336858757	512	512	539.130924261392	623.6732514127	-593.749924637633	688.555027685592	233	58	1	15	205	232	198	14	3	65	29055	3736	2724	325	1314	1359	115	0	0	0	0	0	-1257	-20	10	0
10	2	0	4	69	70	up	1	512	438.2125658022	2278.76904197821	424.543341208774	972.507116707622	379.926387854085	1976.44715255625	348.374216471881	578.503017906436	512	512	542.513660079174	626.961959234459	-593.597813557883	688.202085469223	251	46	7	16	192	253	171	16	1	71	28958	3728	2816	338	1461	1425	127	0	0	0	0	0	-1084	-16	11	0
10	2	0	4	69	70	up	2	512	357.512492488456	1697.23733917576	355.1078944102	656.75416539584	411.02971341533	2345.34060809903	387.113529029096	767.611791115621	512	512	535.791016346043	608.713469421492	-593.584746951728	688.172095584207	267	56	2	13	174	265	164	19	2	62	29021	3689	2770	360	1432	1384	140	0	0	0	0	0	-1123	-14	8	0
10	2	0	4	69	70	up	3	512	450.602662432206	2410.04886866951	422.177477670193	944.51696617502	364.520326546889	1568.86946015238	369.417731987422	669.742363557332	512	512	542.330326550016	618.076302001729	-593.789521915401	688.646834030429	235	69	10	16	182	266	187	10	6	43	29081	3637	2799	323	1387	1449	139	0	0	0	0	0	-1023	-17	9	0
10	2	0	4	70	71	up	0	512	413.061346209386	1877.56236253673	439.029266826093	861.558700918478	584.663118960625	3383.56190943288	614.403603356129	1592.60352417934	512	512	548.798657834694	633.659346863953	-593.618552653719	688.250411838296	242	38	5	13	214	210	248	26	6	22	29205	3878	2914	355	1381	1398	123	0	0	0	0	0	-1177	-15	11	0
10	2	0	4	70	71	up	1	512	523.209756742507	3019.43447520527	513.239016447191	1229.42372792808	648.657797401562	3965.17584979326	626.683433299464	1702.93908250417	512	512	541.158731910664	624.124672199351	-593.665656978413	688.359442280648	220	38	1	25	228	193	250	30	9	30	29492	3641	2874	345	1399	1358	155	0	0	0	0	0	-1038	-18	10	0
10	2	0	4	70	71	up	2	512	565.116777739065	3303.1243002886	544.608199016015	1426.57696421369	611.572949016875	3648.92665451725	626.093675997785	1720.41175290703	512	512	557.321260541459	656.266383691619	-593.522862471753	688.028416352696	221	29	7	25	230	202	247	28	7	28	29338	3730	2938	346	1340	1554	128	0	0	0	0	0	-1027	-16	10	0
10	2	0	4	70	71	up	3	512	561.952402528755	3299.27028327932	529.653271632737	1234.83266071956	754.686917696247	5240.00242596423	685.149587213165	2001.40657852682	512	512	550.245141206961	645.853952209896	-593.69429363915	688.426022295177	216	38	7	25	226	184	240	43	6	39	29313	3829	2875	335	1303	1413	155	0	0	0	0	0	-1141	-19	11	0
10	2	0	4	71	72	up	0	512	590.594235253127	3468.71701105071	556.244722923308	1429.7572972278	451.074501826883	2135.28564146545	470.450142833667	929.086767890636	512	512	568.107301447509	676.264572364759	-593.709291075157	688.460649378654	206	33	8	26	239	226	237	16	3	30	30046	3634	2844	340	1327	1386	117	0	0	0	0	0	-948	-17	9	0
10	2	0	4	71	72	up	1	512	515.398227248762	2717.77816060532	532.74753727453	1261.50424441549	645.443015660314	4119.48593975296	593.86707734224	1802.9453543786	512	512	559.756701982217	665.104976665073	-593.714153083513	688.472308554943	204	55	11	18	224	213	216	30	13	40	29551	3945	3016	352	1277	1430	129	0	0	0	0	0	-1167	-14	9	0
10	2	0	4	71	72	up	2	512	478.992462501889	2421.25848381706	515.083366642428	1231.95413512031	550.721656110318	3129.911664478	558.317039603547	1482.8187331957	512	512	561.056909126784	662.565810531147	-593.652064587732	688.327929879596	206	57	7	17	225	213	229	23	8	39	29752	3889	2868	355	1310	1473	145	0	0	0	0	0	-1238	-14	10	0
10	2	0	4	71	72	up	3	512	536.83059979095	2956.82070475884	543.203560330003	1291.21275439534	600.872875703132	3636.30071646167	570.841810775001	1522.36354743681	512	512	570.117226321779	685.117744955064	-593.58195017175	688.165814838122	195	59	9	21	228	194	234	28	7	49	29699	3795	3050	320	1306	1383	134	0	0	0	0	0	-880	-13	9	0
10	2	0	4	72	73	up	0	512	503.663415520947	2625.01515995319	515.818956315193	1143.42927979848	496.201922684074	2597.46809896461	499.838194397848	1140.76315653904	512	512	573.980818344227	695.778498130341	-593.661778822917	688.350544696257	203	44	4	20	241	209	229	19	6	49	30317	3840	2859	360	1210	1323	119	0	0	0	0	0	-1120	-15	9	0
10	2	0	4	72	73	up	1	512	545.247007655948	2867.92403032008	567.653397896822	1520.06514147173	506.326534481572	2627.97563646272	495.799439622575	1108.59963701729	512	512	570.473873338388	684.523081583163	-593.569528146599	688.136752997857	179	55	9	20	249	201	244	20	4	43	30177	3903	2937	359	1224	1430	157	0	0	0	0	0	-1144	-13	10	0
10	2	0	4	72	73	up	2	512	547.530673104693	3125.25207434409	514.86886799103	1109.47883625867	493.613008990009	2652.44977675342	494.676529784492	1095.62619364697	512	512	565.888557646476	673.894824530549	-593.669549312866	688.368674369157	207	37	3	25	240	212	237	22	0	41	30288	3878	2899	311	1269	1321	144	0	0	0	0	0	-1145	-15	10	0
10	2	0	4	72	73	up	3	512	525.395418189069	3081.80224095269	498.091738175418	1189.72549883037	549.642129284695	3147.67158782911	540.132444689743	1285.23673077233	512	512	566.395326700672	682.309126162687	-593.727130503108	688.502022304967	233	38	5	24	212	207	231	24	6	44	30165	3933	2919	359	1244	1324	135	0	0	0	0	0	-1169	-17	10	0
10	2	0	4	73	74	up	0	512	547.204435183444	3087.61382708442	550.370615440555	1442.73766167934	486.679380198136	2527.14894701578	482.886619882658	1057.4729778207	512	512	557.097646584318	653.086069105868	-593.660802853286	688.348544636415	219	42	12	21	218	206	237	20	2	47	30667	4027	2858	336	1244	1259	112	0	0	0	0	0	-1359	-19	14	0
10	2	0	4	73	74	up	1	512	584.464301896566	3382.74137458799	552.35795844637	1338.79750623538	471.501552810008	2569.84789072622	457.956962519521	929.984588603961	512	512	561.826032614499	666.469819045856	-593.67877694968	688.389861050605	197	36	6	26	247	240	217	21	1	33	30726	3849	2963	350	1252	1224	124	0	0	0	0	0	-1140	-14	12	0
10	2	0	4	73	74	up	2	512	543.83562478969	3161.20029828751	535.217569099033	1252.55516256719	544.21507830157	3200.44969179645	513.63912579219	1207.46897829037	512	512	563.796537291189	674.526098058836	-593.585906043519	688.174597576598	227	27	4	25	229	217	221	25	5	44	30749	3921	2855	363	1200	1313	133	0	0	0	0	0	-1295	-15	9	0
10	2	0	4	73	74	up	3	512	540.270806391571	3235.56521328583	518.162687574345	1297.19498773915	574.013452177819	3370.94813898644	558.212718471531	1367.44898353465	512	512	574.844661866956	695.93474908997	-593.67353634543	688.377917929281	225	47	6	25	209	201	235	26	6	44	30709	3918	2888	373	1127	1317	137	0	0	0	0	0	-1322	-18	8	0
10	2	0	4	74	75	up	0	512	538.283962009067	3056.57119797393	526.389989722983	1228.67331506343	488.942055970951	2784.49853214696	464.259702983476	997.703020971323	512	512	580.011566015691	708.622952787995	-593.670068564247	688.369867987901	217	33	4	24	234	219	212	23	1	57	31224	3962	2876	338	1147	1365	123	0	0	0	0	0	-1262	-14	12	0
10	2	0	4	74	75	up	1	512	563.711012992192	3163.42834892221	554.252086286847	1379.58211426868	446.326534481572	2110.71122459554	467.355663823704	978.926793024901	512	512	587.008102869432	723.141409996773	-593.669243826339	688.367681767613	199	36	6	24	247	229	228	15	5	35	30919	4011	3100	370	1135	1280	137	0	0	0	0	0	-1172	-13	10	0
10	2	0	4	74	75	up	2	512	471.326534481572	2315.34647951117	489.628844503432	1024.63403834118	581.726977669381	3418.92078310511	543.127052491912	1388.6611289256	512	512	588.569100674833	724.622655840675	-593.609237709408	688.22879692054	221	39	7	16	229	198	236	26	7	45	30989	3986	3059	366	1196	1321	120	0	0	0	0	0	-1154	-13	10	0
10	2	0	4	74	75	up	3	512	531.602365871883	3206.9542652695	537.780236478547	1455.24111193822	568.711012992192	3287.51648621128	551.474286395698	1436.83002720505	512	512	584.761882446184	719.577367407288	-593.642179834694	688.305457601383	238	46	8	24	196	211	230	24	9	38	30989	4061	2978	372	1151	1194	100	0	0	0	0	0	-1324	-19	9	0
10	2	0	4	75	76	up	0	512	491.777384200319	2396.77497002834	528.956267766685	1226.39398497138	490.573245577198	2670.56227757976	462.698843387391	1096.8054874262	512	512	578.744632727089	702.288483956369	-593.788011086065	688.643334195932	209	32	6	17	248	231	208	19	8	46	31413	4006	3147	346	1141	1153	121	0	0	0	0	0	-1073	-15	9	0
10	2	0	4	75	76	up	1	512	442.207244243137	2026.76602131517	483.317352001395	974.743057154542	538.613008990009	3271.97860048778	519.780146860076	1292.20405067724	512	512	570.102498982352	679.225495710412	-593.857570412047	688.804567162059	214	42	3	15	238	220	214	27	2	49	31533	4074	2958	347	1122	1064	133	0	0	0	0	0	-1381	-18	9	0
10	2	0	4	75	76	up	2	512	523.058537149694	2863.59254084817	540.987696207925	1328.95625795507	541.551959340945	3021.31903867287	513.333482720058	1173.95236659939	512	512	594.062144511177	747.482829009319	-593.677341571028	688.386714590534	219	36	7	21	229	207	230	22	8	45	31245	4149	3147	371	1095	1180	142	0	0	0	0	0	-1170	-23	9	0
10	2	0	4	75	76	up	3	512	607.228233919066	3721.53161784548	565.408161367138	1460.35800379146	463.262972333137	2345.60493500924	474.919273638625	1095.99744358209	512	512	597.497616712277	746.82597442786	-593.729806907759	688.508444225348	197	40	4	30	241	226	212	16	8	50	31606	3914	3022	370	1085	1213	120	0	0	0	0	0	-1063	-15	11	0
10	2	0	4	76	77	up	0	512	442.533482164386	1890.60493500924	490.819355924742	1002.25729049378	439.719143610948	2201.58966178008	452.470183814828	931.322682265917	512	512	595.679753657419	746.583236244219	-593.634346299715	688.286737076228	210	40	7	12	243	243	209	16	5	39	31877	4032	3162	353	1160	1172	116	0	0	0	0	0	-1053	-16	9	0
10	2	0	4	76	77	up	1	512	549.61552148938	3149.23685775292	554.225983181159	1505.84581063903	421.053512150953	1924.03057477731	438.546157556288	813.84647048484	512	512	588.818189376469	724.069291097313	-593.742856456305	688.538604093042	226	36	11	22	217	215	229	15	1	52	31840	4142	3052	390	1052	1150	114	0	0	0	0	0	-1318	-16	13	0
10	2	0	4	76	77	up	2	512	462.459276897826	2285.91499664995	496.950808359411	1197.93684476099	483.36097633532	2465.30689938271	504.904308640613	1118.5662971058	512	512	574.854778747248	697.534368790591	-593.604656540702	688.218116721749	221	52	9	15	215	217	238	19	3	35	31920	4185	2959	360	1125	1059	100	0	0	0	0	0	-1426	-16	10	0
10	2	0	4	76	77	up	3	512	599.840946348753	3772.29145623961	545.0048478218	1366.97086669931	490.422025984384	2512.34950017421	489.727611902721	1004.56453895885	512	512	601.822659449879	758.58281686777	-593.600483349486	688.20831976986	212	37	3	31	229	210	238	19	4	41	31821	4080	3155	368	1051	1220	124	0	0	0	0	0	-1103	-14	9	0
10	2	0	4	77	78	up	0	512	539.040059973134	3077.11845719545	531.664226797146	1318.13425731307	424.117074299387	1909.86635453236	466.514094103258	1030.6199837241	512	512	596.322541350567	741.344369571953	-593.694074382331	688.425244079097	210	49	7	23	223	234	215	12	8	43	32297	4179	3061	399	977	1112	117	0	0	0	0	0	-1353	-18	9	0
10	2	0	4	77	78	up	1	512	613.432372542188	3847.45550657061	575.550033227773	1514.66062549944	478.767037642515	2460.36186601629	505.240187367579	1240.85354666711	512	512	617.790854877171	795.582974622256	-593.795662429661	688.660914758051	219	30	7	30	226	208	217	17	8	62	32404	3971	3179	382	1034	1150	108	0	0	0	0	0	-926	-14	12	0
10	2	0	4	77	78	up	2	512	588.183148947192	3328.00584309315	595.031138121959	1533.73457957297	524.917960675006	2865.58647120309	493.21017892638	1065.09323405729	512	512	599.105986445725	753.479178927285	-593.682801362997	688.399446008767	187	38	7	25	255	216	231	21	7	37	32370	4098	3070	398	1030	1064	107	0	0	0	0	0	-1214	-17	10	0
10	2	0	4	77	78	up	3	512	678.506577808748	4370.58003341113	608.083692338714	1648.28841268899	392.987140942826	1815.79038485245	428.360089868088	879.545396750784	512	512	606.815749641733	767.87270933206	-593.693043926884	688.422744100446	192	31	6	35	248	253	199	13	4	43	32251	4105	3211	369	1018	1068	118	0	0	0	0	0	-1130	-15	15	0
10	2	0	4	78	79	up	0	512	733.479970013433	4394.98732264902	751.533830032361	2371.5623366002	442.005618119385	2184.89362545672	465.501193651582	1091.63479916358	512	512	610.797652710777	778.097392405548	-593.788028804588	688.643230577259	159	31	20	29	273	242	208	15	7	40	32832	4131	3117	368	986	1056	111	0	0	0	0	0	-1182	-15	14	0
10	2	0	4	78	79	up	1	512	706.445528159684	4421.63776583683	699.153510669432	2030.5517651855	431.201922684074	2093.92707930212	452.313659128552	956.876721170345	512	512	615.21198333717	791.289930237878	-593.639079071208	688.29809372039	171	30	9	34	268	241	211	15	5	40	32493	4273	3305	377	1000	1096	101	0	0	0	0	0	-1124	-18	8	0
10	2	0	4	78	79	up	2	512	794.808720434053	5403.47029837692	756.258280794692	2388.12968060394	474.769550141886	2652.04251583452	452.565194530295	981.496296338141	512	512	613.306990959362	781.401894727529	-593.5491425225	688.08924528933	177	20	9	43	263	238	205	21	3	45	32890	4057	3125	376	1025	1092	120	0	0	0	0	0	-1150	-16	9	0
10	2	0	4	78	79	up	3	512	821.644345223743	5531.8047518739	769.584983059815	2547.25713398666	418.767037642515	1746.56253245068	457.054561156493	964.566740614625	512	512	609.602001064603	777.873189247042	-593.600738440732	688.209037373928	156	34	14	42	266	216	224	10	9	53	32607	4211	3216	414	940	1076	106	0	0	0	0	0	-1229	-17	10	0
10	2	0	4	79	80	up	0	512	398.918257235329	1921.31023155466	411.384429570556	967.317067199839	404.748560465956	2141.8816843995	391.053133252842	806.741886715886	512	512	629.63626993718	828.478165972654	-593.761855179235	688.582779226421	257	55	9	12	179	251	180	17	2	62	33151	4210	3235	364	929	974	97	0	0	0	0	0	-1146	-14	12	0
10	2	0	4	79	80	up	1	512	358.515004987826	1305.9545767784	399.092488831179	645.285736593318	348.71944017127	1411.76630450508	364.226624553067	584.989546804595	512	512	621.808735964752	801.523231955024	-593.737778137186	688.526637704692	241	38	2	9	222	240	202	11	0	59	33142	4174	3245	399	966	921	96	0	0	0	0	0	-1167	-16	13	0
10	2	0	4	79	80	up	2	512	417.809313554697	1863.77813228633	440.026242716795	982.060866093501	334.976794385022	1436.01863372009	341.124540569528	492.284793385019	512	512	623.631970058866	805.120644480998	-593.748523380491	688.552010214518	243	34	7	12	216	256	179	11	1	65	33186	4175	3213	386	919	1043	96	0	0	0	0	0	-1182	-14	9	0
10	2	0	4	79	80	up	3	512	472.711309552515	2511.41652114096	465.400194829136	1038.27124805361	440.602662432206	2299.68412358513	418.249436414273	893.647575518238	512	512	612.625705663433	779.062470419596	-593.649102034726	688.321240375724	212	57	2	20	221	227	197	17	5	66	33212	4233	3189	326	881	961	114	0	0	0	0	0	-1289	-18	9	0
10	2	0	4	80	81	up	0	512	615.695048315003	3946.62881712367	569.979902267892	1490.16319171401	602.254841714382	3794.78397537948	578.379013163852	1537.76669053417	512	512	630.017851428109	823.845926769373	-593.695342301246	688.428324425879	208	38	2	33	231	206	220	30	6	50	33475	4317	3281	399	869	999	75	0	0	0	0	0	-1231	-14	10	0
10	2	0	4	80	81	up	1	512	542.756097964067	2885.34326061519	539.568862105001	1262.06316164218	585.745454845941	3326.67147455314	617.929406787564	1734.39437243055	512	512	640.559319767931	848.748852208104	-593.744694343842	688.542910190454	201	32	7	21	251	203	238	23	12	36	33755	4034	3278	405	888	973	101	0	0	0	0	0	-962	-15	12	0
10	2	0	4	80	81	up	2	512	550.546637781882	2972.49229258794	573.983170970043	1516.03984390538	538.183148947192	2821.65329393691	579.664002190171	1447.5210888687	512	512	624.571611359431	813.90501120047	-593.801605787707	688.675024174043	194	44	9	21	244	203	250	20	8	31	33664	4259	3198	351	824	1018	97	0	0	0	0	0	-1272	-18	10	0
10	2	0	4	80	81	up	3	512	516.928603793132	2815.97555150575	513.144148803028	1120.31919429679	557.204435183444	3039.80229759067	580.345824728551	1526.84811593902	512	512	615.725157586243	789.649751383555	-593.737506843363	688.525865134428	206	38	1	23	244	203	233	20	13	43	33659	4308	3140	365	905	989	99	0	0	0	0	0	-1409	-16	11	0
10	2	0	4	81	82	up	0	512	546.827790731257	2968.5044318781	562.051570954244	1482.15784656535	588.034738414071	3544.09714264021	561.825366037374	1547.70042144273	512	512	630.749111906945	825.51289136434	-593.647753516327	688.31812406468	200	42	9	21	240	201	220	26	10	55	34134	4364	3113	373	797	933	108	0	0	0	0	0	-1437	-15	8	0
10	2	0	4	81	82	up	1	512	588.358167275628	3426.70182277852	577.09018099024	1519.38383006128	465.626461167828	2465.16732586496	454.905322571999	956.794933002361	512	512	627.039909857341	823.398155582357	-593.757619657685	688.572901809739	202	33	7	26	244	221	206	18	6	61	33853	4474	3284	373	872	899	102	0	0	0	0	0	-1441	-14	11	0
10	2	0	4	81	82	up	2	512	546.021286236252	3065.3917894568	550.789584221777	1322.03959329625	539.241686096885	3370.78408865544	488.31208597223	1161.89544258523	512	512	624.7924308994	814.354493705665	-593.757548930511	688.572455639228	216	25	4	24	243	226	203	28	2	53	33963	4459	3205	357	848	1013	82	0	0	0	0	0	-1448	-16	9	0
10	2	0	4	81	82	up	3	512	612.981522823441	3670.40395706595	605.175901943341	1704.39139047197	537.130229916884	3251.28253584544	501.320723869565	1302.53799442936	512	512	623.206498619679	809.795505289183	-593.605948333505	688.221251382018	199	39	10	27	237	226	209	26	4	47	33838	4445	3316	385	882	849	89	0	0	0	0	0	-1319	-17	14	0
10	2	0	4	82	83	up	0	512	605.042572472504	3661.5346951465	600.445739720128	1608.02332019372	536.477754074385	3074.18231590421	502.058742399562	1243.78503892278	512	512	637.655078516123	846.88660470988	-593.671305795459	688.372594638053	204	43	10	27	228	210	220	23	7	52	34172	4562	3353	409	837	950	101	0	0	0	0	0	-1494	-17	11	0
10	2	0	4	82	83	up	1	512	553.411382866258	2937.14279241374	603.774023851306	1552.44994301272	440.350629777517	2279.25854045504	438.725473882611	905.852438315603	512	512	663.678076934278	910.702230994779	-593.779031346431	688.622483942947	192	48	13	19	240	224	208	18	2	60	34601	4216	3274	405	760	997	105	0	0	0	0	0	-1126	-15	10	0
10	2	0	4	82	83	up	2	512	549.013452177819	3107.58949186613	533.824965023535	1296.03821316143	476.90480505751	2400.416407865	483.551862338548	1181.3917831497	512	512	654.527589056439	888.928410438104	-593.589077905634	688.182076238318	205	40	5	24	238	224	220	16	9	43	34349	4294	3468	385	831	903	98	0	0	0	0	0	-1017	-17	11	0
10	2	0	4	82	83	up	3	512	610.570436517505	3823.30975013181	570.149399510397	1487.62393041252	425.273615451264	1969.64146615565	457.737327449675	977.932021685008	512	512	630.164346708326	828.083568541007	-593.726365885775	688.5002263239	200	44	4	31	233	232	212	13	7	48	34093	4577	3379	447	803	911	104	0	0	0	0	0	-1487	-17	10	0
10	2	0	4	83	84	up	0	512	572.554471840316	3134.92984509424	591.812730360533	1474.59717830788	495.199410184703	2792.21593966355	445.131107794462	945.286855861223	512	512	662.20868478649	906.856203025687	-593.834716865299	688.751711382086	197	33	10	22	250	215	204	21	6	66	34956	4208	3487	357	757	862	86	0	0	0	0	0	-855	-15	11	0
10	2	0	4	83	84	up	1	512	533.262972333137	3108.6747784061	533.790558306566	1285.27189652236	484.292092627823	2604.91488337398	484.060498286931	1210.63203233243	512	512	649.073920290374	868.409911676494	-593.722314037349	688.491000259023	202	59	3	25	223	233	205	18	9	47	34988	4331	3301	388	756	839	95	0	0	0	0	0	-1279	-15	10	0
10	2	0	4	83	84	up	2	512	653.583592135001	4028.95098973554	639.896456671483	1858.46908964626	453.464598456889	2373.10038985518	446.04906703144	933.988483763503	512	512	664.588268882544	911.894761080582	-593.686100731987	688.40715748102	184	38	8	31	251	230	208	18	4	52	34787	4345	3475	401	688	987	114	0	0	0	0	0	-1078	-16	13	0
10	2	0	4	83	84	up	3	512	486.124908357821	2213.03339720741	549.537392860408	1162.95331486216	449.042869032827	2447.25845549807	449.160736459949	990.422321652432	512	512	653.355139513239	884.411649006465	-593.624282311841	688.263542891546	189	35	4	16	268	245	188	18	6	55	34634	4563	3422	389	746	894	94	0	0	0	0	0	-1325	-17	12	0
10	2	0	4	84	85	up	0	512	520.573245577198	2899.83278741101	534.721978162454	1255.1399226115	458.313378864075	2338.97574973869	447.018266086992	939.276586718838	512	512	663.800228464206	911.350696692628	-593.663885500916	688.355149321632	215	50	8	21	218	221	221	18	3	49	35154	4470	3447	449	713	818	93	0	0	0	0	0	-1301	-15	11	0
10	2	0	4	84	85	up	1	512	593.30776074469	3510.04830228969	580.795597169688	1476.72050117896	491.578567136261	2768.65953349593	450.435880082152	891.753738371686	512	512	668.63674096974	923.782272999067	-593.745932108534	688.545478870013	199	32	4	28	249	228	212	22	3	47	35177	4552	3389	402	675	926	96	0	0	0	0	0	-1390	-16	12	0
10	2	0	4	84	85	up	2	512	629.138063975317	4041.34924530329	578.677262903415	1578.45898781138	496.000296560322	2735.23095802179	480.295120406666	1151.82312609704	512	512	651.958980431742	883.596409756995	-593.714309876296	688.472623871848	209	47	9	31	216	229	210	20	7	46	35027	4570	3484	439	694	833	88	0	0	0	0	0	-1366	-17	9	0
10	2	0	4	84	85	up	3	512	552.254841714382	3150.61989672949	550.590060762314	1401.27530298053	483.690023316262	2721.44379206532	463.257428910467	1111.63347029394	512	512	665.238136165215	912.477139053665	-593.64224162492	688.305593723235	206	42	6	24	234	236	196	20	7	53	35120	4455	3501	444	674	838	63	0	0	0	0	0	-1195	-22	11	0
10	2	0	4	85	86	up	0	512	627.254841714382	4058.14262249979	618.680564737994	1732.0062333968	409.523135606582	1970.72675269562	425.05546007555	900.287645486451	512	512	666.731096760935	917.125767185996	-593.602900645711	688.214089400452	202	54	7	32	217	229	197	14	5	67	35599	4568	3454	411	684	863	75	0	0	0	0	0	-1384	-16	10	0
10	2	0	4	85	86	up	1	512	617.077014326253	3811.49511501805	587.244988174177	1511.13893912211	471.101109622198	2706.7902149385	453.924778944963	1046.01587905712	512	512	666.42354213318	917.724960563755	-593.535576111374	688.057844637876	200	39	6	30	237	247	197	22	2	44	35315	4688	3571	458	646	828	107	0	0	0	0	0	-1382	-17	12	0
10	2	0	4	85	86	up	2	512	625.594235253127	3822.07565817102	617.404501621238	1693.88719754603	413.767037642515	1819.00931686005	423.574513604301	739.856960375382	512	512	679.168340629421	948.894350583494	-593.485311040507	687.941406470953	202	39	11	28	232	224	218	12	6	52	35521	4547	3547	417	592	857	74	0	0	0	0	0	-1197	-15	16	0
10	2	0	4	85	86	up	3	512	620.21759080094	4051.03610636156	590.631830173067	1632.92073002816	400.828087291579	1765.1400549406	413.125021626646	699.456339970061	512	512	678.832028281108	952.391395954026	-593.577764218396	688.155684199094	223	40	7	32	210	229	211	12	5	55	35648	4442	3535	407	637	897	88	0	0	0	0	0	-1070	-18	12	0
10	2	0	4	86	87	up	0	512	644.387287570313	3824.84159452922	668.79278708246	2009.43643273729	389.597340873143	1830.67500495802	391.249435757796	668.311883062861	512	512	678.951901842959	949.946062207467	-593.695130923121	688.428030190426	197	37	18	25	235	242	198	14	2	56	36039	4573	3523	409	615	795	61	0	0	0	0	0	-1310	-17	10	0
10	2	0	4	86	87	up	1	512	644.488100632189	3784.13643957875	638.673086316398	1812.02188581229	438.716631111578	2278.89071806964	442.825895681069	1036.54458282037	512	512	693.55369684817	990.145569207168	-593.761792008872	688.582755863581	179	37	12	27	257	241	192	16	7	56	35971	4464	3693	416	581	755	70	0	0	0	0	0	-1017	-18	10	0
10	2	0	4	86	87	up	2	512	514.191279565947	2596.89664611976	545.109519971769	1241.24608002272	485.573245577198	2546.4741402907	471.815765872021	1023.13597873215	512	512	670.753049294905	929.438205287013	-593.697912481273	688.434463300273	183	46	3	20	260	219	225	19	5	44	35995	4626	3505	418	654	689	72	0	0	0	0	0	-1425	-19	11	0
10	2	0	4	86	87	up	3	512	678.734811727815	4156.90545323797	673.556364623508	2109.3239138597	559.016261237512	3531.16407864999	494.001387041844	1273.96459357041	512	512	693.194688192869	987.217309164404	-593.70732958135	688.455989555815	181	47	18	28	238	224	191	27	8	62	36104	4590	3432	418	584	1016	93	0	0	0	0	0	-1352	-17	13	0
10	2	0	4	87	88	up	0	512	591.626164607506	3470.53780076652	596.959256653602	1601.79629582218	399.822765732516	1802.48348546973	424.590944852322	768.892911423303	512	512	697.723623506997	1000.16729600396	-593.670001927621	688.369715157996	204	46	13	24	225	228	217	14	1	52	36272	4639	3695	450	543	735	67	0	0	0	0	0	-1200	-17	11	0
10	2	0	4	87	88	up	1	512	663.681596137184	3923.21226766371	658.819978549827	1803.923137635	470.06918026782	2470.07585640395	456.747782415835	916.550735876619	512	512	681.920103531504	962.332295511143	-593.68449827347	688.403334424245	179	23	10	29	271	233	227	20	1	31	36492	4716	3454	394	592	757	71	0	0	0	0	0	-1446	-18	12	0
10	2	0	4	87	88	up	2	512	637.100813061876	3814.53153288851	637.612503836404	1815.46527442658	371.708797053144	1496.92434182898	410.44428648377	813.047616840715	512	512	695.987490845627	1002.44110698672	-593.703049461283	688.446407086937	186	33	8	29	256	230	209	10	4	59	36487	4575	3581	413	548	852	85	0	0	0	0	0	-1197	-17	8	0
10	2	0	4	87	88	up	3	512	670.61803398875	4029.7473309571	656.771105767312	1915.9112704165	469.671546139703	2567.88766908761	448.25586777705	961.814152577622	512	512	687.654256448812	979.697661512963	-593.710421721067	688.463403418089	180	37	15	28	252	227	199	19	6	61	36436	4609	3558	453	516	814	91	0	0	0	0	0	-1254	-17	14	0
10	2	0	4	88	89	up	0	512	747.800886375619	4625.33374552221	749.694561687279	2160.04297632996	396.077310886575	1976.23107129775	405.158026801219	816.107994886371	512	512	703.076262624327	1014.88016995051	-593.669773761766	688.369336939104	154	27	13	34	284	265	187	15	3	42	36833	4607	3684	444	525	682	72	0	0	0	0	0	-1161	-17	9	0
10	2	0	4	88	89	up	1	512	777.851292906557	5188.96287415477	768.611358997833	2426.24429544771	410.401036308454	1894.19476670326	393.517625989079	717.473051160346	512	512	677.612555917725	950.905374306044	-593.646630779515	688.315476580859	173	34	14	39	252	235	199	12	8	58	36911	4728	3471	458	505	670	80	0	0	0	0	0	-1580	-18	10	0
10	2	0	4	88	89	up	2	512	823.883222260935	5710.85960523151	776.33088858082	2475.9206936141	454.623948668458	2649.00330385295	432.249381045368	1039.5827219751	512	512	700.023350289366	1007.9963984468	-593.813814028807	688.703248109641	159	53	16	43	241	239	170	20	6	77	36972	4661	3539	396	491	850	87	0	0	0	0	0	-1341	-15	10	0
10	2	0	4	88	89	up	3	512	859.111456180002	6182.51928032239	846.497318635439	3086.98452770819	442.761716083452	2264.16427688292	439.170926540792	1066.82366518104	512	512	695.546060165096	1002.26847638776	-593.684697658612	688.40381987704	160	74	22	45	211	239	193	15	9	56	37064	4706	3378	420	498	928	111	0	0	0	0	0	-1543	-20	9	0
10	2	0	4	89	90	up	0	512	665.641832724372	4004.31867052598	646.223026754524	1797.43888177539	333.194385185963	1434.84244409894	335.839877392527	581.716675035015	512	512	709.94692028306	1034.14285046221	-593.732346447549	688.514250084144	186	27	12	29	258	259	162	9	6	76	37261	4682	3756	381	445	684	46	0	0	0	0	0	-1095	-16	13	0
10	2	0	4	89	90	up	1	512	729.888543819998	4723.80497842582	730.317300529036	2333.55264969345	370.905101617832	1889.02763907124	339.079415944486	571.317356891232	512	512	703.471474934668	1014.40490321917	-593.672233304702	688.375054909164	180	41	16	34	241	269	162	14	4	63	37497	4561	3580	442	451	597	71	0	0	0	0	0	-1262	-17	10	0
10	2	0	4	89	90	up	2	512	799.684108636554	5352.15732934913	747.37350192414	2455.07455034155	278.2447917169	784.049180178407	306.679309512534	362.582865692044	512	512	709.776626849282	1039.6442052071	-593.755047104218	688.566821457457	181	30	20	38	243	254	185	5	1	67	37294	4651	3681	454	443	666	59	0	0	0	0	0	-1229	-21	12	0
10	2	0	4	89	90	up	3	512	776.243902035933	5266.11791913462	737.769575830714	2337.85844326281	345.807097615649	1527.79075299933	340.199464989751	615.268848801147	512	512	704.952474717928	1022.43100560135	-593.686954283104	688.408872954984	183	39	16	39	235	258	161	9	8	76	37339	4666	3696	379	527	660	60	0	0	0	0	0	-1142	-16	10	0
10	2	0	4	90	91	up	0	512	924.909533495928	6530.39430037801	895.109898644932	3160.30414543547	355.581672756276	1537.07650774074	362.10381615616	585.009137604387	512	512	717.189312058801	1051.30421048244	-593.595925393755	688.197817036159	139	43	19	49	262	232	186	11	3	80	37637	4726	3799	430	410	586	75	0	0	0	0	0	-1118	-16	14	0
10	2	0	4	90	91	up	1	512	834.885734760306	5606.11176453257	838.013414301662	2722.7797857748	407.210053302829	2006.98196097872	406.242597786065	781.956188755439	512	512	699.739352199002	1009.72967473888	-593.688613862418	688.412867690453	153	38	18	41	262	237	202	16	1	56	37836	4800	3526	430	421	628	62	0	0	0	0	0	-1538	-18	11	0
10	2	0	4	90	91	up	2	512	851.09268244312	5683.45225935564	888.178923606218	3000.70861370321	406.987437503148	2183.12500826337	381.197607327107	797.34646828886	512	512	724.513057229962	1072.49170787675	-593.716203117977	688.477065038489	142	47	22	40	261	238	174	17	3	80	37818	4655	3681	438	398	689	66	0	0	0	0	0	-1198	-15	11	0
10	2	0	4	90	91	up	3	512	898.880413201243	6187.72570489296	895.290655898795	3164.65369084493	332.7169276719	1198.26192926497	358.902495286943	689.136036505651	512	512	717.965120900877	1054.57543543789	-593.602571226969	688.213150756798	136	46	21	45	264	234	192	7	5	74	37636	4854	3701	401	425	665	73	0	0	0	0	0	-1282	-19	14	0
10	2	0	4	91	92	up	0	512	855.989060321552	5747.1936905816	872.891203599004	2912.98975071473	246.613602110654	650.721022878432	273.929456885773	314.637677726853	512	512	719.678923600216	1060.80569419431	-593.846144817909	688.778231826742	149	26	16	43	278	270	161	4	1	76	38507	4630	3540	427	337	575	63	0	0	0	0	0	-1312	-16	12	0
10	2	0	4	91	92	up	1	512	1039.15343553186	7465.75890386743	1002.54841876095	3813.57184890058	244.231932659726	686.213740251239	276.649315578213	327.138751749916	512	512	731.802426698587	1095.47284979734	-593.669607234945	688.368858040282	134	49	37	50	242	247	149	4	2	110	37972	4916	3781	435	308	665	70	0	0	0	0	0	-1371	-19	10	0
10	2	0	4	91	92	up	2	512	851.697560814373	5783.05115303879	870.378662344429	2926.5784355131	335.40665442784	1712.54460670536	305.788252315025	538.54978641648	512	512	718.03605469287	1056.83909020654	-593.660919684493	688.348554469892	150	61	27	39	235	281	126	11	8	86	38103	4807	3728	466	369	579	67	0	0	0	0	0	-1292	-16	12	0
10	2	0	4	91	92	up	3	512	884.458683777181	6092.79563324679	880.821603129677	3062.29265504858	300.003402180338	1142.1889519291	313.010440578397	443.35644825925	512	512	711.747840394809	1038.48284885027	-593.67544218481	688.382004619175	139	46	19	45	263	265	167	8	2	70	38217	4858	3593	436	368	522	65	0	0	0	0	0	-1386	-16	12	0
10	2	0	4	92	93	up	0	512	852.071396206868	5762.75004011124	868.760144251066	3113.03405214266	265.00621124003	946.234714978592	281.692797522101	373.486328236248	512	512	727.482254530811	1089.40721555148	-593.758919169304	688.575838808918	150	39	19	42	262	276	143	6	3	84	38761	4793	3610	452	269	537	50	0	0	0	0	0	-1401	-18	12	0
10	2	0	4	92	93	up	1	512	942.471839394677	6668.33044166926	939.929445049307	3360.33870097671	304.327127602216	1342.85774564709	305.714480101083	527.115760426455	512	512	740.45599289615	1126.56249398537	-593.7234332063	688.493331508969	139	43	22	49	259	267	148	10	2	85	38435	4882	3831	468	250	719	76	0	0	0	0	0	-1246	-16	11	0
10	2	0	4	92	93	up	2	512	1067.54323560154	7808.94412715872	999.830894175647	3683.2784475463	292.343092279406	1231.268140505	285.056444981368	386.819144818218	512	512	739.07044458039	1116.97064186038	-593.711562232621	688.465906883186	121	36	25	58	272	266	146	9	2	89	38550	4757	3820	489	346	627	58	0	0	0	0	0	-1191	-16	17	0
10	2	0	4	92	93	up	3	512	903.678787077491	6094.86550496264	900.124538056755	3016.0099501699	357.518110607842	1774.78174764818	320.349635880505	486.216446308996	512	512	740.945975695359	1123.66208732449	-593.69827756822	688.435320984431	124	42	21	44	281	245	157	13	4	93	38593	4842	3758	423	286	633	62	0	0	0	0	0	-1299	-16	10	0
10	2	0	4	93	94	up	0	512	867.172209268743	5839.05098312484	901.480917231629	3161.69158111445	253.902885678784	933.51143604987	260.816278457424	289.584736727002	512	512	733.530214651756	1097.04340432409	-593.590989857072	688.186709340946	144	44	23	41	260	276	130	6	3	97	38919	4972	3785	452	281	491	52	0	0	0	0	0	-1515	-16	12	0
10	2	0	4	93	94	up	1	512	950.511602807489	6891.75286254135	920.307842085118	3263.2949794213	294.451739399715	1254.45951839833	288.008420580224	381.838733703281	512	512	738.738259458877	1118.91156851821	-593.730531332341	688.510043279761	140	40	15	54	263	283	138	8	5	78	39070	4795	3834	429	271	408	52	0	0	0	0	0	-1218	-14	11	0
10	2	0	4	93	94	up	2	512	925.010346557804	6433.3365962713	932.587275589467	3399.35160977983	270.910719737218	933.502204146797	300.866506167086	439.460150780297	512	512	729.44384633892	1090.57447418862	-593.625364380758	688.266231811598	137	46	24	46	259	271	146	5	5	85	38814	5088	3771	455	241	527	33	0	0	0	0	0	-1524	-19	12	0
10	2	0	4	93	94	up	3	512	735.944271909999	4514.57404872303	795.724534732269	2420.01931637143	348.846861028461	1688.21927183549	323.704000626229	592.624942601727	512	512	739.945894481162	1120.46497870519	-593.632352947526	688.282229969616	152	44	18	31	267	271	149	11	7	74	38815	4927	3880	506	259	509	48	0	0	0	0	0	-1385	-17	12	0
10	2	0	4	94	95	up	0	512	978.95180940811	6964.06888055117	941.508030851046	3356.68966489476	262.393498810343	1060.73319048757	264.116662980305	312.693852984111	512	512	737.45251547392	1112.65805781781	-593.718109736988	688.481236858833	134	32	21	52	273	285	132	8	1	86	39245	5036	3919	440	238	338	36	0	0	0	0	0	-1353	-17	11	0
10	2	0	4	94	95	up	1	512	944.182852386869	6651.5221027525	934.013382232885	3426.18772139294	356.136144596591	1715.75137110381	322.364432064206	598.800919069654	512	512	746.173151159065	1136.13414696976	-593.718320601186	688.481573569916	134	61	29	46	242	253	145	10	10	94	39337	5067	3767	469	178	540	45	0	0	0	0	0	-1575	-20	12	0
10	2	0	4	94	95	up	2	512	851.997190940307	5566.99635631916	869.508504876557	2829.48438301643	255.987734063471	858.043337085258	271.160150928804	326.593474755593	512	512	739.879240534964	1125.19944648902	-593.616166544145	688.245012331748	133	47	24	38	270	275	133	4	6	94	39343	4948	3859	490	259	358	36	0	0	0	0	0	-1350	-15	11	0
10	2	0	4	94	95	up	3	512	879.206651122492	6244.2697168995	867.927717366251	3091.38972731821	302.31648448409	1085.56899856162	313.493949385684	479.639726707578	512	512	744.617585499886	1140.45619235221	-593.63491526176	688.2881555868	164	41	18	47	242	249	173	7	3	80	39439	4913	3832	456	231	456	46	0	0	0	0	0	-1397	-19	14	0
10	2	0	4	95	96	up	0	512	904.909533495928	6135.86547664365	920.722096819519	3213.85646613305	302.592315874402	1263.37745075435	288.829974885573	389.594164455216	512	512	754.801782882308	1161.26544680547	-593.873887926837	688.842404957696	131	40	22	44	275	274	147	8	5	78	40034	4840	3845	433	162	320	35	0	0	0	0	0	-1280	-16	11	0
10	2	0	4	95	96	up	1	512	1071.7185504903	8146.61608313471	1037.70864032358	4188.06000732773	239.229123600034	721.073741948619	252.212047500547	255.910014663356	512	512	750.810803672577	1147.14515527611	-593.757504711848	688.572455941687	125	67	26	61	233	276	137	4	3	92	39876	5038	3774	464	176	382	48	0	0	0	0	0	-1493	-14	8	0
10	2	0	4	95	96	up	2	512	917.273022330619	6151.26378884938	942.258063985692	3320.27406214971	297.69593799597	1217.62992156431	292.570684619797	452.31358106215	512	512	758.162941476766	1171.61907302286	-593.690996125499	688.418325468396	126	55	32	40	259	255	148	8	4	97	39820	5021	3853	458	186	361	31	0	0	0	0	0	-1338	-20	11	0
10	2	0	4	95	96	up	3	512	879.105838060616	6047.71045998279	855.312343200561	2891.43004343866	302.289876688775	1242.93970001511	301.274908344867	424.304964824777	512	512	740.793255729467	1120.82823351271	-593.680730737601	688.394349476819	146	38	18	45	265	272	158	9	2	71	39885	5067	3735	465	184	330	29	0	0	0	0	0	-1610	-16	13	0
10	2	0	4	96	97	up	0	512	895.737027666863	6244.94438202964	874.864947252842	3095.32065668166	246.916041296281	671.158773617665	272.455049546698	283.540058098579	512	512	764.575719397304	1191.87075228778	-593.752957801187	688.561780589811	170	30	25	44	243	272	150	3	4	83	40520	4958	3731	455	111	250	31	0	0	0	0	0	-1441	-19	10	0
10	2	0	4	96	97	up	1	512	934.583295574679	6677.46724939489	928.33570871314	3284.6102151688	299.47834719503	1259.53560135421	296.465844289524	476.780370871409	512	512	757.029434225367	1171.45967814244	-593.747569902526	688.549602309343	131	46	15	52	268	268	143	8	5	88	40186	5121	3883	474	113	274	29	0	0	0	0	0	-1427	-18	11	0
10	2	0	4	96	97	up	2	512	904.660309900932	6469.37922538179	920.927673952479	3362.92527742199	295.987734063471	1215.67249403682	303.856154791451	451.739162214916	512	512	762.384963341025	1177.59571943846	-593.736732405765	688.524749934691	155	55	23	47	232	255	146	8	4	99	40257	5064	3857	486	111	277	37	0	0	0	0	0	-1429	-15	15	0
10	2	0	4	96	97	up	3	512	1009.58048651499	7429.95640804382	976.443441556353	3700.0098901262	267.141466155654	1046.94896023718	263.282424990565	333.370636976364	512	512	761.081612671423	1176.31048655071	-593.697004969063	688.432313247417	140	41	22	56	253	286	134	7	3	82	40411	4914	3899	440	114	258	19	0	0	0	0	0	-1308	-16	11	0
10	2	0	4	97	98	up	0	512	1056.59112963311	7798.62819410587	989.990459816663	3806.51462629538	247.16807395097	847.389788277433	271.661449603009	321.143477728801	512	512	764.373350792717	1191.69224126205	-593.840307637027	688.76447622759	138	55	35	54	230	279	138	6	1	88	40776	5067	3892	441	82	205	22	0	0	0	0	0	-1416	-17	11	0
10	2	0	4	97	98	up	1	512	930.036954353119	6479.14216939594	960.675889668003	3566.94293131589	338.926684414407	1754.07057969062	293.551517181056	453.979396476657	512	512	761.180084192597	1178.61282083044	-593.730986851975	688.510923077585	138	58	30	44	242	258	136	13	4	101	40805	5003	3904	464	85	208	18	0	0	0	0	0	-1349	-15	13	0
10	2	0	4	97	98	up	2	512	937.270213270926	6467.47633970301	955.689338861578	3539.53660941847	309.09889368315	1427.73299225464	307.054090915509	533.718665965727	512	512	744.092855326627	1134.79293624768	-593.713926556872	688.471470644659	139	39	27	45	262	286	139	10	4	73	40565	5346	3786	479	87	157	16	0	0	0	0	0	-1853	-21	12	0
10	2	0	4	97	98	up	3	512	879.488100632189	6068.19408704748	931.004534662598	3297.8100123051	284.454548459407	1084.59951670095	284.506871736782	397.010929046847	512	512	774.211124273089	1222.54282337345	-593.667648367392	688.364335408373	131	75	26	42	238	254	156	8	1	93	40833	4996	3909	438	87	235	22	0	0	0	0	0	-1329	-19	15	0
10	2	0	4	98	99	up	0	512	1062.19600800437	7938.48540169213	1087.5244421371	4161.04366567611	268.526241226597	911.043393723239	269.600650889203	316.602475155857	512	512	766.025627711518	1190.96446943428	-593.778659927112	688.622097854734	106	64	21	61	260	261	139	4	7	101	41071	5214	3941	462	44	111	7	0	0	0	0	0	-1493	-20	9	0
10	2	0	4	98	99	up	1	512	1265.78181607841	10108.7796520429	1179.62188235009	4831.98368644979	245.00621124003	689.517420737974	276.768624955172	330.976845235237	512	512	771.414189066975	1220.00765317315	-593.772141497074	688.606650938647	107	49	23	80	253	284	137	2	7	82	41267	4984	3963	474	43	88	16	0	0	0	0	0	-1275	-17	14	0
10	2	0	4	98	99	up	2	512	1164.70509831248	8372.39410214508	1153.20229733447	4613.55146736205	255.133632097221	1033.23479993556	254.39887192233	296.845491786911	512	512	762.347748094016	1185.48892108324	-593.754831745533	688.566215050207	92	62	49	53	256	287	120	7	3	95	41007	5242	3947	492	23	122	18	0	0	0	0	0	-1594	-17	13	0
10	2	0	4	98	99	up	3	512	1152.82187605155	8534.08104816031	1134.50317524169	4453.59644741392	290.133632097221	1424.95209417618	271.888752955691	394.828342874907	512	512	769.25852823518	1202.26008789016	-593.735350655463	688.521051507902	101	67	41	58	245	279	120	11	2	100	41087	5147	3986	468	41	126	12	0	0	0	0	0	-1444	-19	14	0
10	2	0	4	99	100	dwell	0	512	0	0	0	0	248.579456817228	888.459971502183	239.538391884727	265.701661109958	0	0	779.133247456188	1234.72253605944	-593.718805856073	688.483185292668	0	0	0	0	0	267	116	4	7	118	41571	5179	3995	455	0	0	0	0	0	0	0	0	-1424	-19	11	0
10	2	0	4	99	100	dwell	1	512	0	0	0	0	221.895051620351	583.99184421858	236.449047735918	216.490171498314	0	0	778.884552989715	1239.70216176981	-593.721153297611	688.488309068065	0	0	0	0	0	273	125	2	5	107	41460	5195	4072	473	0	0	0	0	0	0	0	0	-1366	-17	14	0
10	2	0	4	99	100	dwell	2	512	0	0	0	0	250.287660749727	772.970614620309	251.428136229405	317.520572772997	0	0	771.629626914577	1215.09728212464	-593.811082377862	688.697029081822	0	0	0	0	0	259	126	2	9	116	41590	5166	3992	452	0	0	0	0	0	0	0	0	-1415	-20	13	0
10	2	0	4	99	100	dwell	3	512	0	0	0	0	249.709390173789	947.42951000084	257.791169323806	359.344163814966	0	0	771.737967115892	1213.87029751088	-593.649837242879	688.322955499817	0	0	0	0	0	264	128	7	1	112	41302	5313	4109	476	0	0	0	0	0	0	0	0	-1463	-18	11	0
10	2	0	4	99	100	dwell	4	512	0	0	0	0	227.271696072538	786.459886545211	240.662120884173	372.730349596846	0	0	769.767990798838	1205.55632168031	-593.83348632714	688.748964101351	0	0	0	0	0	288	108	4	5	107	41500	5267	3975	458	0	0	0	0	0	0	0	0	-1570	-16	13	0
10	2	0	4	99	100	dwell	5	512	0	0	0	0	198.52905028629	479.177294061792	217.313419080975	180.526339158715	0	0	776.011251845385	1230.56246686818	-593.800247878819	688.671752535942	0	0	0	0	0	284	114	2	3	109	41652	5102	3980	466	0	0	0	0	0	0	0	0	-1340	-20	13	0
10	2	0	4	99	100	dwell	6	512	0	0	0	0	242.67494832004	822.104345044917	243.160917091668	243.239836446201	0	0	778.071348391429	1232.56083564367	-593.780143241389	688.625046802108	0	0	0	0	0	260	128	5	3	116	41528	5174	4018	480	0	0	0	0	0	0	0	0	-1362	-19	13	0
10	2	0	4	99	100	dwell	7	512	0	0	0	0	253.250409836286	873.858000518009	240.004205461669	260.1735035716	0	0	782.112235093117	1245.99520737101	-593.753132798508	688.562749274404	0	0	0	0	0	268	133	5	4	102	41753	5018	4002	427	0	0	0	0	0	0	0	0	-1253	-15	12	0
10	2	0	4	99	100	dwell	8	512	0	0	0	0	243.778273881286	823.915761262699	242.893084095382	262.697034284963	0	0	778.380764188448	1233.21332163945	-593.77207715849	688.606584295159	0	0	0	0	0	272	130	5	3	102	41543	5215	3964	478	0	0	0	0	0	0	0	0	-1455	-15	12	0
10	2	0	4	99	100	dwell	9	512	0	0	0	0	201.29298230879	737.420419692721	209.874297107958	227.893234667033	0	0	755.257660742783	1159.87910326067	-593.773967624854	688.610943694606	0	0	0	0	0	304	90	5	2	111	41500	5315	3951	434	0	0	0	0	0	0	0	0	-1630	-21	12	0
10	2	0	4	99	100	dwell	10	512	0	0	0	0	254.93200597347	915.739345089623	257.915454457682	366.105403116109	0	0	777.891259295017	1233.08770466203	-593.70462636129	688.449952292851	0	0	0	0	0	283	128	5	5	91	41353	5266	4132	449	0	0	0	0	0	0	0	0	-1320	-17	12	0
10	2	0	4	99	100	dwell	11	512	0	0	0	0	251.794238558475	930.684803240912	235.010998442803	233.881731505382	0	0	774.636039462436	1219.69835388075	-593.895753472247	688.893282586047	0	0	0	0	0	267	127	6	3	109	41617	5153	3960	470	0	0	0	0	0	0	0	0	-1419	-21	10	0
10	2	0	4	99	100	dwell	12	512	0	0	0	0	216.319590104106	753.408365359542	227.768466862995	235.059818818931	0	0	760.576913185897	1177.52810317642	-593.762435192629	688.584118962648	0	0	0	0	0	277	106	5	2	122	41413	5380	3922	485	0	0	0	0	0	0	0	0	-1696	-20	11	0
10	2	0	4	99	100	dwell	13	512	0	0	0	0	207.648340524725	549.399105137478	232.216584418797	301.308965636264	0	0	786.378164142729	1257.63472215151	-593.844213811055	688.773666726459	0	0	0	0	0	295	106	1	7	103	41714	5035	4006	445	0	0	0	0	0	0	0	0	-1259	-17	10	0
10	2	0	4	99	100	dwell	14	512	0	0	0	0	279.4573575191	1217.36867195513	256.690276970337	416.5770701969	0	0	769.782589340348	1203.77093243228	-593.931437930435	688.975742692759	0	0	0	0	0	269	116	7	7	113	41839	5078	3819	464	0	0	0	0	0	0	0	0	-1473	-18	8	0
10	2	0	4	99	100	dwell	15	512	0	0	0	0	216.343388839728	617.17427339875	228.729332450522	274.76660161701	0	0	767.451529472767	1199.03161325535	-593.740973680797	688.534203412613	0	0	0	0	0	279	111	2	6	114	41332	5297	4073	498	0	0	0	0	0	0	0	0	-1492	-20	11	0
10	2	0	4	99	100	dwell	16	512	0	0	0	0	203.027794036605	561.642400682353	234.43770632406	239.680205299036	0	0	754.555726144885	1164.74847678596	-593.660974967417	688.348969322034	0	0	0	0	0	273	118	4	0	117	41454	5344	3921	481	0	0	0	0	0	0	0	0	-1669	-17	14	0
10	2	0	4	99	100	dwell	17	512	0	0	0	0	237.271696072538	797.37174925615	233.519772122718	252.824824418367	0	0	785.82761137454	1257.74225036169	-593.807466695483	688.688302560345	0	0	0	0	0	276	119	4	5	108	41687	5028	4019	466	0	0	0	0	0	0	0	0	-1267	-19	12	0
10	2	0	4	99	100	dwell	18	512	0	0	0	0	257.295494808161	917.854951535975	243.311803125915	288.319750433711	0	0	761.474390325565	1176.7763720242	-593.948896650173	689.016713023582	0	0	0	0	0	270	130	5	5	102	41689	5199	3907	405	0	0	0	0	0	0	0	0	-1534	-15	14	0
10	2	0	4	99	100	dwell	19	512	0	0	0	0	267.319293543783	1007.06154602049	250.563673744517	256.482436305256	0	0	773.686001122095	1216.64590055896	-593.801255222918	688.674069008626	0	0	0	0	0	268	141	7	2	94	41532	5122	4075	471	0	0	0	0	0	0	0	0	-1277	-18	11	0
10	2	0	4	99	100	dwell	20	512	0	0	0	0	209.285148250357	628.083200403619	223.448950675438	229.374162604106	0	0	784.455919514694	1248.82303230012	-593.810991478751	688.696833595328	0	0	0	0	0	273	106	3	4	126	41522	5137	4075	466	0	0	0	0	0	0	0	0	-1218	-20	12	0
10	2	0	4	99	100	dwell	21	512	0	0	0	0	254.406950988162	1071.44464163504	249.687978486432	374.706935830603	0	0	775.909940779738	1230.30430127757	-593.752197507629	688.560254690378	0	0	0	0	0	282	111	7	4	108	41525	5181	4004	490	0	0	0	0	0	0	0	0	-1341	-18	13	0
10	2	0	4	99	100	dwell	22	512	0	0	0	0	246.340579780035	964.663432047687	238.255534833918	246.687413274482	0	0	787.401233733939	1256.58302471624	-593.913999229354	688.935519650455	0	0	0	0	0	288	114	6	4	100	41669	5054	4044	433	0	0	0	0	0	0	0	0	-1293	-18	11	0
10	2	0	4	99	100	dwell	23	512	0	0	0	0	196.017150918479	534.976712584376	220.354643569211	239.631141258131	0	0	768.93593696088	1203.5607008786	-593.755103568283	688.567278193263	0	0	0	0	0	287	107	3	2	113	41534	5155	4037	474	0	0	0	0	0	0	0	0	-1393	-16	15	0
10	2	0	4	99	100	dwell	24	512	0	0	0	0	219.887217561918	560.824801543532	228.43641706231	200.270210531401	0	0	769.791743825097	1200.1728991693	-593.817313879935	688.711289438609	0	0	0	0	0	254	133	3	2	120	41514	5293	3941	452	0	0	0	0	0	0	0	0	-1657	-18	9	0
10	2	0	4	99	100	dwell	25	512	0	0	0	0	223.356841017547	780.879626582152	215.269199890678	188.809499033753	0	0	795.270476525134	1288.26454250872	-593.743351736757	688.539902489026	0	0	0	0	0	264	102	4	5	137	41385	5134	4231	450	0	0	0	0	0	0	0	0	-1105	-19	12	0
10	2	0	4	99	100	dwell	26	512	0	0	0	0	229.733188909412	769.006947533793	239.942977258093	260.402318661874	0	0	793.343969288399	1280.6181483282	-593.718564595689	688.482342264612	0	0	0	0	0	282	122	5	2	101	41439	5146	4164	451	0	0	0	0	0	0	0	0	-1099	-18	13	0
10	2	0	4	99	100	dwell	27	512	0	0	0	0	234.709390173789	873.523745253967	241.481034528291	333.651282494609	0	0	771.755810090149	1205.49180781084	-593.822976087224	688.724605096997	0	0	0	0	0	288	101	4	7	112	41653	5181	3932	434	0	0	0	0	0	0	0	0	-1488	-16	9	0
10	2	0	4	99	100	dwell	28	512	0	0	0	0	239.783595440349	859.019115142936	238.309450238783	269.292956042066	0	0	774.291780710211	1227.90943784059	-593.800558032686	688.672404721744	0	0	0	0	0	281	118	5	4	104	41550	5162	4009	479	0	0	0	0	0	0	0	0	-1513	-19	16	0
10	2	0	4	99	100	dwell	29	512	0	0	0	0	285.738510468475	1341.73945836559	261.373593804467	435.016886878379	0	0	769.255261238784	1205.13380230635	-593.848475398404	688.78353278229	0	0	0	0	0	271	115	9	5	112	41757	5080	3904	459	0	0	0	0	0	0	0	0	-1458	-24	12	0
10	2	0	4	99	100	dwell	30	512	0	0	0	0	234.282339190664	813.125574643187	234.437331403743	277.113121989251	0	0	770.712659357351	1210.87679096315	-593.778746580344	688.621615911014	0	0	0	0	0	274	119	5	3	111	41576	5149	4001	474	0	0	0	0	0	0	0	0	-1455	-16	11	0
10	2	0	4	99	100	dwell	31	512	0	0	0	0	221.918850355974	603.563183787466	219.810086852647	181.853011599542	0	0	775.601744974097	1225.37568976607	-593.72761352696	688.503285926193	0	0	0	0	0	279	129	3	3	98	41457	5209	4041	493	0	0	0	0	0	0	0	0	-1379	-23	13	0
10	2	0	4	99	100	dwell	32	512	0	0	0	0	214.308946985979	575.207755563135	220.264621958669	203.697072994223	0	0	766.845737974111	1195.9550559143	-593.8571116615	688.803629593608	0	0	0	0	0	271	116	2	5	118	41564	5249	3926	461	0	0	0	0	0	0	0	0	-1561	-19	11	0
10	2	0	4	99	100	dwell	33	512	0	0	0	0	182.399116929729	461.37793217719	209.883454017364	196.856769923937	0	0	778.709468587602	1228.62452395189	-593.910998960787	688.928619014031	0	0	0	0	0	299	96	2	3	112	41751	5099	3912	438	0	0	0	0	0	0	0	0	-1382	-16	10	0
10	2	0	4	99	100	dwell	34	512	0	0	0	0	273.502442490975	1151.00087788872	247.225051963707	289.979904658021	0	0	754.388148784219	1166.19199271298	-593.730557951185	688.510095532292	0	0	0	0	0	263	128	8	3	110	41510	5349	3901	440	0	0	0	0	0	0	0	0	-1772	-20	12	0
10	2	0	4	99	100	dwell	35	512	0	0	0	0	219.560979640668	678.991985813534	223.272252388374	210.613278692706	0	0	769.543954716328	1207.93498157406	-593.70110196906	688.441367787148	0	0	0	0	0	270	110	3	5	124	41369	5356	4007	468	0	0	0	0	0	0	0	0	-1603	-16	13	0
10	2	0	4	99	100	dwell	36	512	0	0	0	0	291.592612434724	1387.71817212933	252.096431198591	366.526418739389	0	0	753.829447796697	1163.36473565327	-593.803026743702	688.678121979989	0	0	0	0	0	271	114	9	6	112	41516	5324	3883	477	0	0	0	0	0	0	0	0	-1744	-18	12	0
10	2	0	4	99	100	dwell	37	512	0	0	0	0	245.587290875661	963.709053502225	240.806165445427	317.302887267892	0	0	778.421567649511	1229.2129337567	-593.876785873468	688.849447865231	0	0	0	0	0	286	113	6	4	103	41813	5092	3847	448	0	0	0	0	0	0	0	0	-1402	-16	9	0
10	2	0	4	99	100	dwell	38	512	0	0	0	0	225.086034625976	744.456865882168	233.342692027104	279.993670165533	0	0	764.372726851926	1188.75308737679	-593.689639009171	688.415069174525	0	0	0	0	0	283	113	4	4	108	41346	5297	4051	506	0	0	0	0	0	0	0	0	-1545	-18	10	0
10	2	0	4	99	100	dwell	39	512	0	0	0	0	222.852775708169	760.393205406348	224.772427134511	221.260390586551	0	0	762.601964961312	1188.13222167315	-593.810913898652	688.696106057809	0	0	0	0	0	266	113	5	2	126	41614	5186	3912	488	0	0	0	0	0	0	0	0	-1617	-21	9	0
10	2	0	4	99	100	dwell	40	512	0	0	0	0	261.844645089413	1158.5085003438	242.397635551835	295.928516290023	0	0	768.344681639339	1201.27931115678	-593.842344227144	688.769511915615	0	0	0	0	0	282	104	7	6	113	41541	5271	3928	460	0	0	0	0	0	0	0	0	-1598	-19	11	0
10	2	0	4	99	100	dwell	41	512	0	0	0	0	229.181526128789	788.465984509278	228.402502746194	263.530981472609	0	0	765.141821192007	1186.32215935393	-593.854821016735	688.798157074034	0	0	0	0	0	284	110	4	5	109	41698	5251	3799	452	0	0	0	0	0	0	0	0	-1713	-17	9	0
10	2	0	4	99	100	dwell	42	512	0	0	0	0	247.399116929729	906.195559635002	246.559155233871	285.851464633711	0	0	764.26427383236	1191.19578851123	-593.739861787953	688.531761076969	0	0	0	0	0	263	118	5	5	121	41447	5344	3905	504	0	0	0	0	0	0	0	0	-1658	-21	10	0
10	2	0	4	99	100	dwell	43	512	0	0	0	0	193.125798038788	434.07995318865	221.113202125418	203.133775990866	0	0	768.275384637536	1200.95966028907	-593.771724736263	688.605546722331	0	0	0	0	0	292	116	2	2	100	41417	5300	3999	484	0	0	0	0	0	0	0	0	-1561	-17	10	0
10	2	0	4	99	100	dwell	44	512	0	0	0	0	239.481156254723	917.669501692763	226.076066791818	252.193307577651	0	0	786.000407155467	1252.15398661721	-593.69920705358	688.437280760645	0	0	0	0	0	291	114	6	3	98	41726	5009	4005	460	0	0	0	0	0	0	0	0	-1205	-15	12	0
10	2	0	4	99	100	dwell	45	512	0	0	0	0	187.049080272857	367.709365011125	222.974696632885	204.296174971839	0	0	762.996131205493	1184.4171598805	-593.726845933576	688.501612605884	0	0	0	0	0	273	112	1	3	123	41355	5304	4046	495	0	0	0	0	0	0	0	0	-1582	-18	10	0
10	2	0	4	99	100	dwell	46	512	0	0	0	0	195.139250216607	514.426659251743	214.906323569557	214.127239922095	0	0	774.74795064071	1222.25922012999	-593.761905539989	688.582981225729	0	0	0	0	0	281	102	2	4	123	41523	5210	4007	460	0	0	0	0	0	0	0	0	-1411	-16	12	0
10	2	0	4	99	100	dwell	47	512	0	0	0	0	201.468000637226	580.858085474982	211.927761088323	210.274710552375	0	0	785.751763142849	1252.94850688545	-593.694837479139	688.427412003599	0	0	0	0	0	295	106	3	3	105	41267	5191	4258	484	0	0	0	0	0	0	0	0	-1219	-18	11	0
10	2	0	4	99	100	dwell	48	512	0	0	0	0	233.428237224414	753.423468674755	235.02618457688	243.836246327648	0	0	767.841433108247	1201.49338231933	-593.828303066075	688.7365942405	0	0	0	0	0	270	122	4	4	112	41696	5149	3909	446	0	0	0	0	0	0	0	0	-1492	-17	11	0
10	2	0	4	99	100	dwell	49	512	0	0	0	0	253.730676410041	1148.02529806398	234.577098091212	284.757199872211	0	0	766.666290055586	1197.06739496538	-593.778175842922	688.62029929238	0	0	0	0	0	272	109	9	1	121	41552	5238	3972	438	0	0	0	0	0	0	0	0	-1468	-17	15	0
10	2	0	4	99	100	dwell	50	512	0	0	0	0	221.592612434724	701.365622973093	232.239759180926	266.807833574159	0	0	771.583492215003	1208.66203367249	-593.794057718491	688.657171037375	0	0	0	0	0	287	117	4	3	101	41533	5225	3983	459	0	0	0	0	0	0	0	0	-1588	-17	10	0
10	2	0	4	99	100	dwell	51	512	0	0	0	0	243.099190243472	804.186242774956	238.544325574176	250.130228590541	0	0	767.384144094082	1201.73566519746	-593.817927898573	688.712725498817	0	0	0	0	0	279	126	4	5	98	41565	5223	3924	488	0	0	0	0	0	0	0	0	-1607	-18	9	0
10	2	0	4	99	100	dwell	52	512	0	0	0	0	235.536884344723	835.338238772773	236.22972947384	257.994856468402	0	0	771.364208557513	1210.33625023685	-593.829030514239	688.73847921563	0	0	0	0	0	291	110	4	6	101	41542	5151	4024	483	0	0	0	0	0	0	0	0	-1319	-16	9	0
10	2	0	4	99	100	dwell	53	512	0	0	0	0	191.844645089413	354.709166778189	216.862935935449	170.904858999337	0	0	779.336297039406	1240.04918725173	-593.904019860264	688.912391463349	0	0	0	0	0	290	115	0	5	102	41580	5196	3979	445	0	0	0	0	0	0	0	0	-1388	-18	14	0
10	2	0	4	99	100	dwell	54	512	0	0	0	0	214.181526128789	732.554121798338	222.784170812009	230.578807466541	0	0	781.436932866695	1237.51414214817	-593.986781480361	689.104535501322	0	0	0	0	0	296	101	4	4	107	41798	5035	3945	422	0	0	0	0	0	0	0	0	-1302	-14	13	0
10	2	0	4	99	100	dwell	55	512	0	0	0	0	238.401629429099	720.900601309504	246.990960518355	319.102341057576	0	0	775.061679500285	1224.62606571662	-593.809348259466	688.692650631135	0	0	0	0	0	277	121	2	8	104	41176	5385	4125	514	0	0	0	0	0	0	0	0	-1541	-20	10	0
10	2	0	4	99	100	dwell	56	512	0	0	0	0	251.115154920662	852.231892548485	244.241400607133	272.576343653935	0	0	778.462635290392	1233.30137056502	-593.731564252034	688.51239297994	0	0	0	0	0	270	127	4	6	105	41629	5101	3985	485	0	0	0	0	0	0	0	0	-1404	-16	10	0
10	2	0	4	99	100	dwell	57	512	0	0	0	0	235.133632097221	659.070721285577	236.45392155324	262.758435848855	0	0	770.250264741178	1205.14178727589	-593.651774372596	688.327664937317	0	0	0	0	0	287	122	1	9	93	41347	5277	4105	471	0	0	0	0	0	0	0	0	-1368	-19	12	0
10	2	0	4	99	100	dwell	58	512	0	0	0	0	257.019663417849	898.222773921376	241.076915526364	276.391148923413	0	0	765.924243628366	1195.86349556864	-593.759480736558	688.576996152882	0	0	0	0	0	269	126	4	7	106	41487	5287	3944	482	0	0	0	0	0	0	0	0	-1581	-19	14	0
10	2	0	4	99	100	dwell	59	512	0	0	0	0	285.409463487533	1185.05544805642	249.777223876678	279.430647515155	0	0	780.908058229541	1235.59938429035	-593.731532076297	688.512080709216	0	0	0	0	0	272	131	7	6	96	41517	5165	4061	457	0	0	0	0	0	0	0	0	-1334	-16	13	0
10	2	0	4	99	100	dwell	60	512	0	0	0	0	204.91101629754	623.937160774914	221.228761398698	263.10885259102	0	0	771.337828455314	1217.31207251431	-593.678325550969	688.389062838903	0	0	0	0	0	292	102	3	4	111	41376	5352	3985	487	0	0	0	0	0	0	0	0	-1669	-17	12	0
10	2	0	4	99	100	dwell	61	512	0	0	0	0	222.826167912854	624.146945836412	235.775516122996	301.482076136575	0	0	780.642527054226	1231.23946532247	-593.726581803782	688.501047973812	0	0	0	0	0	269	118	2	6	117	41503	5183	4032	482	0	0	0	0	0	0	0	0	-1399	-16	16	0
10	2	0	4	99	100	dwell	62	512	0	0	0	0	177.197490805978	298.882477331249	203.546789531058	146.584960942397	0	0	756.190711012714	1173.90381933676	-593.755683609956	688.568326706129	0	0	0	0	0	295	106	0	4	107	41459	5298	3973	470	0	0	0	0	0	0	0	0	-1679	-21	12	0
10	2	0	4	99	100	dwell	63	512	0	0	0	0	214.507764050038	713.839819901772	224.958352454415	254.133969311475	0	0	781.076641855621	1245.02304395571	-593.873632023497	688.842073764576	0	0	0	0	0	300	98	3	6	105	41514	5228	4011	447	0	0	0	0	0	0	0	0	-1379	-16	12	0
# final_twist	100
# forced_steps	0
# sweeps_total	239200
# completion	PASS
