# format	twist_snake_sector_blocks_v2
# status	NON-CANONICAL floating-point engineering diagnostic
# L	10
# k	2
# chain	3
# kind	0
# kind_name	main
# base	0
# restriction	-1
# schedule	round_trip
# seed	202609310203
# seam_size	100
# start_twist	100
# chain_initial	hotT
# warmup_sweeps	512
# dwell_sweeps	16384
# dwell_long_sweeps	32768
# visit_sweeps	2048
# equilibration_sweeps	32
# post_forcing_sweeps	512
# block_length	512
# segments	200
# seam_order	x2_fastest_then_x3
# class_rule	class0_if_2W_ge_minus_n_else_classMinus
# action_density	minus_sum_logW_divided_by_6L4
# sampling	every_production_sweep_after_full_heatbath_sweep
L	k	chain	kind	segment	n	phase	block	count	sumFn	sumFn2	sumFi	sumFi2	sumBn	sumBn2	sumBi	sumBi2	sumPFi	sumPFi2	sumY	sumY2	sumS	sumS2	hF0	hF1	hF2	hF3	hF4	hB0	hB1	hB2	hB3	hB4	sec0	secMinus	secPlus	secOther	untMinus	untPlus	untOther	pure0	pureMinus	purePlus	flips	classMinus	sumW	minW	maxW	forced
10	2	3	0	0	100	dwell	0	512	0	0	0	0	235.613898670976	815.791234422173	240.573215429381	331.124423284195	0	0	999.700243393167	2150.21557861304	-592.92459626569	686.642805508774	0	0	0	0	0	283	106	3	8	112	36949	4872	8474	905	0	0	0	0	0	0	0	0	4052	-18	49	0
10	2	3	0	0	100	dwell	1	512	0	0	0	0	193.45484501973	414.593786883763	219.455997506426	232.98689287003	0	0	770.011843843119	1210.64579643643	-593.395325198018	687.732930361236	0	0	0	0	0	279	112	1	4	116	41383	5285	4081	451	0	0	0	0	0	0	0	0	-1481	-17	17	0
10	2	3	0	0	100	dwell	2	512	0	0	0	0	246.064748389724	1062.47803884246	237.764880731256	343.228061870421	0	0	778.501892215865	1231.66414765748	-593.39274142456	687.726904794806	0	0	0	0	0	295	102	7	4	104	41251	5295	4168	486	0	0	0	0	0	0	0	0	-1398	-18	11	0
10	2	3	0	0	100	dwell	3	512	0	0	0	0	228.12860709848	648.855206406893	230.650230244192	218.35549914209	0	0	777.800548341998	1236.10033293952	-593.539758082089	688.067651740625	0	0	0	0	0	255	127	3	4	123	41253	5293	4191	463	0	0	0	0	0	0	0	0	-1314	-17	13	0
10	2	3	0	0	100	dwell	4	512	0	0	0	0	260.587290875661	1019.62091621316	257.652134276097	427.483041372644	0	0	768.662572199904	1203.48751695702	-593.558482897892	688.111315389593	0	0	0	0	0	274	122	6	5	105	41506	5248	3963	483	0	0	0	0	0	0	0	0	-1549	-19	10	0
10	2	3	0	0	100	dwell	5	512	0	0	0	0	217.701556115356	597.90991816955	235.795354064099	235.109784584506	0	0	767.844677540993	1200.157838242	-593.554192853833	688.101121878974	0	0	0	0	0	261	123	3	3	122	41386	5329	3999	486	0	0	0	0	0	0	0	0	-1614	-17	13	0
10	2	3	0	0	100	dwell	6	512	0	0	0	0	204.080713066913	466.359609965998	221.012234373147	227.351631646489	0	0	778.487608308028	1235.06180420985	-593.515876235124	688.012487902692	0	0	0	0	0	286	117	1	5	103	41298	5383	4054	465	0	0	0	0	0	0	0	0	-1622	-22	12	0
10	2	3	0	0	100	dwell	7	512	0	0	0	0	237.343092279406	679.915591348754	254.571094192886	271.621699564136	0	0	762.976578423539	1186.07710204664	-593.541966205359	688.072642925316	0	0	0	0	0	282	143	4	2	81	41371	5389	3966	474	0	0	0	0	0	0	0	0	-1693	-22	12	0
10	2	3	0	0	100	dwell	8	512	0	0	0	0	287.672139260348	1363.31689589854	257.307427973254	388.228623645338	0	0	772.351479381958	1213.28334167702	-593.412770872803	687.773036368393	0	0	0	0	0	273	121	10	3	105	41377	5263	4077	483	0	0	0	0	0	0	0	0	-1464	-20	11	0
10	2	3	0	0	100	dwell	9	512	0	0	0	0	275.584481815969	1252.47481994648	255.796566440532	390.081667092991	0	0	765.952372081577	1194.83710826524	-593.45218674967	687.864865140455	0	0	0	0	0	291	120	9	3	89	41379	5295	4042	484	0	0	0	0	0	0	0	0	-1472	-19	15	0
10	2	3	0	0	100	dwell	10	512	0	0	0	0	251.568813699102	990.152930524516	246.924541480703	332.362590407089	0	0	783.418943013716	1247.8689727957	-593.554230934253	688.101166362736	0	0	0	0	0	277	108	5	7	115	41298	5286	4145	471	0	0	0	0	0	0	0	0	-1302	-17	11	0
10	2	3	0	0	100	dwell	11	512	0	0	0	0	264.982412504408	1181.92168931282	254.580134927311	354.692538452577	0	0	766.322081757217	1198.97653902803	-593.57719613095	688.154650347041	0	0	0	0	0	294	112	8	4	94	41587	5242	3884	487	0	0	0	0	0	0	0	0	-1634	-24	11	0
10	2	3	0	0	100	dwell	12	512	0	0	0	0	237.725354850978	777.11651265406	231.479567004619	226.943629322089	0	0	761.876654335224	1185.73362808407	-593.46442340209	687.892926100715	0	0	0	0	0	259	130	5	2	116	41326	5286	4114	474	0	0	0	0	0	0	0	0	-1463	-17	12	0
10	2	3	0	0	100	dwell	13	512	0	0	0	0	269.231932659726	1087.38391686529	245.748483189206	262.353724762045	0	0	756.68964648125	1168.5870637961	-593.384281085418	687.707331391591	0	0	0	0	0	259	127	7	4	115	41100	5540	4066	494	0	0	0	0	0	0	0	0	-1748	-17	14	0
10	2	3	0	0	100	dwell	14	512	0	0	0	0	241.014341858786	820.930949534884	253.416887614793	384.845860296502	0	0	756.009716558599	1167.12572929307	-593.456980810368	687.875717024488	0	0	0	0	0	276	127	5	3	101	41255	5406	4038	501	0	0	0	0	0	0	0	0	-1633	-17	11	0
10	2	3	0	0	100	dwell	15	512	0	0	0	0	234.9852215641	872.791177784192	242.632673015326	305.12434738881	0	0	788.760627584001	1258.26830631818	-593.537325067208	688.061815561409	0	0	0	0	0	281	116	6	2	107	41607	5049	4114	430	0	0	0	0	0	0	0	0	-1180	-15	10	0
10	2	3	0	0	100	dwell	16	512	0	0	0	0	236.969256886911	776.933998516918	250.695601698235	300.746262868247	0	0	770.66280231925	1216.60629121793	-593.49194441638	687.956643675117	0	0	0	0	0	274	130	5	2	101	41485	5145	4085	485	0	0	0	0	0	0	0	0	-1468	-18	12	0
10	2	3	0	0	100	dwell	17	512	0	0	0	0	283.9294934741	1163.58751900575	258.959884343034	298.870878873762	0	0	778.171917371479	1233.77567357944	-593.592014409942	688.188834032355	0	0	0	0	0	261	125	6	8	112	41653	5073	4024	450	0	0	0	0	0	0	0	0	-1268	-20	14	0
10	2	3	0	0	100	dwell	18	512	0	0	0	0	272.645531465032	1209.51742073797	245.882447697416	265.673807637216	0	0	761.428896803876	1181.27762733874	-593.459042565869	687.880773907987	0	0	0	0	0	284	124	9	2	93	41278	5400	4036	486	0	0	0	0	0	0	0	0	-1656	-20	13	0
10	2	3	0	0	100	dwell	19	512	0	0	0	0	244.205324864411	884.313931873479	236.411189446988	285.834247082463	0	0	790.428205329165	1271.99027435322	-593.513248444108	688.006294599852	0	0	0	0	0	286	112	4	7	103	41546	5196	4012	446	0	0	0	0	0	0	0	0	-1334	-20	14	0
10	2	3	0	0	100	dwell	20	512	0	0	0	0	243.200003305348	745.487185788557	237.596964660332	236.971724528156	0	0	771.145705528937	1207.44441559651	-593.488533177127	687.949187521226	0	0	0	0	0	273	130	3	6	100	41424	5269	4029	478	0	0	0	0	0	0	0	0	-1520	-18	12	0
10	2	3	0	0	100	dwell	21	512	0	0	0	0	212.67494832004	592.833835213669	224.859036973755	201.003743589844	0	0	778.071134665467	1230.10517087274	-593.536964777108	688.061365910119	0	0	0	0	0	276	118	3	3	112	41283	5302	4140	475	0	0	0	0	0	0	0	0	-1379	-19	12	0
10	2	3	0	0	100	dwell	22	512	0	0	0	0	256.115154920662	994.313931873479	246.302848513713	277.177470039809	0	0	773.519593298951	1214.76105820507	-593.51303984339	688.005573467935	0	0	0	0	0	270	128	7	2	105	41456	5223	4069	452	0	0	0	0	0	0	0	0	-1439	-16	11	0
10	2	3	0	0	100	dwell	23	512	0	0	0	0	232.194681746285	733.560106486441	238.745374867716	282.533137082898	0	0	782.817414123761	1248.44460477973	-593.498488516977	687.971830834643	0	0	0	0	0	288	118	3	6	97	41349	5225	4151	475	0	0	0	0	0	0	0	0	-1336	-16	12	0
10	2	3	0	0	100	dwell	24	512	0	0	0	0	255.139250216607	855.52089450487	246.28393221157	246.796988246281	0	0	775.992390695174	1234.22372006502	-593.531553939912	688.048446576566	0	0	0	0	0	241	130	4	6	131	41521	5185	4013	481	0	0	0	0	0	0	0	0	-1472	-20	16	0
10	2	3	0	0	100	dwell	25	512	0	0	0	0	255.388473811603	1052.88851865733	239.168510501755	327.921392982069	0	0	780.416781164019	1240.82232474252	-593.483721050161	687.937859989498	0	0	0	0	0	273	108	6	6	119	41452	5258	4024	466	0	0	0	0	0	0	0	0	-1568	-17	15	0
10	2	3	0	0	100	dwell	26	512	0	0	0	0	269.759796704727	1244.88846201935	242.781026473583	365.435365240497	0	0	782.008207954358	1243.96136378179	-593.420701077854	687.791695692089	0	0	0	0	0	271	112	9	3	117	41545	5082	4089	484	0	0	0	0	0	0	0	0	-1242	-18	14	0
10	2	3	0	0	100	dwell	27	512	0	0	0	0	230.812715735035	751.247024182689	234.433535323869	268.870092516203	0	0	770.959756834379	1207.33255677965	-593.465007236123	687.894234646141	0	0	0	0	0	288	120	4	4	96	41332	5350	4064	454	0	0	0	0	0	0	0	0	-1488	-19	14	0
10	2	3	0	0	100	dwell	28	512	0	0	0	0	247.369700074721	946.891341087441	235.795144038724	287.541592309631	0	0	772.828573447353	1212.59324242685	-593.577014961165	688.154190904469	0	0	0	0	0	295	112	5	6	94	41461	5278	3972	489	0	0	0	0	0	0	0	0	-1598	-16	12	0
10	2	3	0	0	100	dwell	29	512	0	0	0	0	228.979900005037	650.605784578961	247.395910635506	266.153697585827	0	0	762.791962538609	1182.74978378555	-593.494704828465	687.9630446048	0	0	0	0	0	272	129	3	4	104	41451	5349	3924	476	0	0	0	0	0	0	0	0	-1631	-14	10	0
10	2	3	0	0	100	dwell	30	512	0	0	0	0	267.144275215347	1125.26523311792	243.94720823878	272.709199340697	0	0	778.224113484622	1236.94083637199	-593.566424966365	688.129380572719	0	0	0	0	0	281	118	7	5	101	41357	5251	4083	509	0	0	0	0	0	0	0	0	-1373	-16	11	0
10	2	3	0	0	100	dwell	31	512	0	0	0	0	213.526241226597	614.949158470112	216.866676120129	179.650320839873	0	0	786.716236752594	1261.31825533733	-593.466774616802	687.898614001212	0	0	0	0	0	301	109	2	6	94	41327	5206	4122	545	0	0	0	0	0	0	0	0	-1353	-19	11	0
10	2	3	0	1	99	down	0	512	1144.70509831248	8603.45784757787	1138.42426621512	4771.85052705261	281.038140594409	1042.32601452565	264.888926908562	299.968559553404	512	512	773.605158849216	1219.86145046888	-593.385656203078	687.710730406318	120	58	38	60	236	258	145	6	5	98	40893	5183	4099	513	40	115	10	0	0	0	0	0	-1330	-16	12	0
10	2	3	0	1	99	down	1	512	1050.1349583553	7496.47329072097	1063.97090020532	4027.83468088751	303.799263557216	1323.16472998678	295.434331298892	467.231750138352	512	512	770.774673696779	1206.54365694921	-593.39587835726	687.73424279004	109	60	35	51	257	271	144	9	4	84	41023	5265	3921	479	37	111	11	0	0	0	0	0	-1544	-16	12	0
10	2	3	0	1	99	down	2	512	1096.41892036437	8156.24238933717	1095.02669542759	4220.61813732286	270.940136592226	1089.34134439279	285.043449057835	418.171745065226	512	512	783.136283059536	1246.35252198468	-593.630074481502	688.276948112554	106	85	38	56	227	259	129	7	4	113	41307	4937	3974	470	33	150	4	0	0	0	0	0	-1251	-21	13	0
10	2	3	0	1	99	down	3	512	1162.84567478717	8896.53985858387	1115.71439202366	4417.27829351367	304.677164259088	1187.90935178973	313.269166910811	552.218886548491	512	512	760.344110269817	1188.26333835646	-593.348876380359	687.625300804605	111	58	30	66	247	273	150	6	8	75	40812	5357	4040	479	48	113	9	0	0	0	0	0	-1586	-17	10	0
10	2	3	0	2	98	down	0	512	909.082039324994	6298.1391204139	915.536021766376	3290.89539135073	300.409463487533	1279.32595788767	286.811072363544	391.496505954551	512	512	766.435899232054	1198.7005317601	-593.418883092391	687.787231718188	140	53	26	44	249	256	147	9	3	97	40439	5219	4070	448	69	183	27	0	0	0	0	0	-1388	-16	13	0
10	2	3	0	2	98	down	1	512	919.936141291243	6271.67104976828	923.140376610505	3327.82337171435	312.743535467215	1412.13734578646	298.02419045539	508.605454391002	512	512	774.97713745253	1220.87556747955	-593.460598654632	687.884508356604	132	54	30	42	254	275	139	9	6	83	40575	5097	4070	434	75	211	23	0	0	0	0	0	-1252	-22	10	0
10	2	3	0	2	98	down	2	512	1022.11899367811	7562.04460197087	983.454570579314	3657.3834471031	288.473025635967	1148.15563967866	277.992294627091	335.115656029476	512	512	752.461309676715	1153.79457883722	-593.458187319309	687.878452323717	138	49	25	56	244	263	157	9	0	83	40488	5250	3989	449	82	180	11	0	0	0	0	0	-1519	-18	10	0
10	2	3	0	2	98	down	3	512	959.156244591554	6923.52805912161	963.635040660486	3546.437152808	255.711902673159	1052.93998320502	266.745539745464	356.247216690437	512	512	748.096459090355	1138.59724770879	-593.535774394977	688.058322300952	149	54	28	49	232	282	124	8	1	97	40488	5280	3931	477	84	229	36	0	0	0	0	0	-1781	-18	8	0
10	2	3	0	3	97	down	0	512	929.909533495928	6575.39430037801	924.552822045182	3332.02545266863	245.359056956595	610.514456712913	275.868802061133	340.074057347457	512	512	756.530976662611	1165.68718440419	-593.35534213868	687.64015595028	139	44	20	49	260	265	152	2	5	88	40110	5062	4050	442	142	234	29	0	0	0	0	0	-1303	-19	10	0
10	2	3	0	3	97	down	1	512	893.678787077491	6513.01128972043	861.300857880975	2971.23265985522	249.303328866594	692.845719632903	277.353269622305	319.956001897033	512	512	748.351249444586	1142.85384122353	-593.432780626409	687.81992818802	152	39	7	54	260	265	156	4	2	85	40104	5202	3912	446	126	224	20	0	0	0	0	0	-1499	-19	10	0
10	2	3	0	3	97	down	2	512	903.177530827806	6035.24857225821	907.819009127871	3055.80488371811	296.26075639409	1315.1646733488	279.412030539562	403.417429856854	512	512	763.8695845551	1194.86492542623	-593.402971207091	687.750544098942	113	50	22	43	284	285	136	9	4	78	39969	5124	4068	503	119	276	26	0	0	0	0	0	-1298	-18	15	0
10	2	3	0	3	97	down	3	512	966.691942694988	6638.68301914449	952.929326840338	3485.50214635376	386.584185255646	2240.29207925741	311.219239602212	563.441655859662	512	512	761.368658705666	1185.37039112738	-593.363126161687	687.658042140726	132	42	33	44	261	282	137	17	5	71	40138	5054	4005	467	124	279	29	0	0	0	0	0	-1366	-20	13	0
10	2	3	0	4	96	down	0	512	956.994381880615	7036.53706447276	922.442769590425	3298.68163997409	278.526241226597	1019.03729575917	283.27486018758	398.482537074728	512	512	731.156243211126	1094.22905842508	-593.431702684668	687.817126618149	146	44	16	55	251	249	153	7	2	101	39734	5122	3815	481	172	329	29	0	0	0	0	0	-1647	-16	13	0
10	2	3	0	4	96	down	1	512	883.93081973218	6170.18465691147	868.957328472012	3018.2754560003	249.93200597347	850.374600005248	261.312703990584	318.351029610538	512	512	753.148955040221	1156.86231707618	-593.338149823043	687.600521624198	143	44	16	47	262	275	141	6	1	89	39755	4995	3932	470	198	342	57	0	0	0	0	0	-1253	-17	14	0
10	2	3	0	4	96	down	2	512	1008.3021426253	7370.17850230942	1007.39320241985	3844.6526354704	325.534075285031	1603.0097699639	290.863174372738	482.783749262659	512	512	757.673110039123	1170.3974650088	-593.450972841407	687.861707022609	129	62	28	53	240	272	126	10	8	96	39629	5096	3925	502	190	410	38	0	0	0	0	0	-1432	-18	10	0
10	2	3	0	4	96	down	3	512	940.840649788431	6646.82600979116	934.663661710825	3335.51597380716	277.443905341281	861.398906904542	288.166145614439	352.88235617508	512	512	743.210084220165	1128.44344709884	-593.584070352416	688.170423207007	131	56	24	48	253	248	168	5	3	88	39784	5075	3857	436	174	406	19	0	0	0	0	0	-1375	-18	15	0
10	2	3	0	5	95	down	0	512	801.371322893124	5213.95392544161	830.24315161089	2570.03078588481	418.57102963815	2452.02168270212	371.144861013947	864.831368384542	512	512	745.389081279405	1136.88475263291	-593.483474267419	687.936891579687	130	52	14	39	277	254	145	18	7	88	39517	4921	3788	414	230	389	47	0	0	0	0	0	-1386	-20	11	0
10	2	3	0	5	95	down	1	512	1022.03917029217	7248.01701953761	994.689932423332	3692.39525654683	263.923875354714	847.319718328646	287.148985406045	438.745655667157	512	512	751.244777765516	1151.91474143156	-593.426881910184	687.805605753609	127	18	22	54	291	279	154	5	3	71	39002	5115	4037	486	224	419	38	0	0	0	0	0	-1293	-18	13	0
10	2	3	0	5	95	down	2	512	871.291499507178	5922.99618640521	886.410795367024	3153.41634058782	275.4808596944	977.599290149022	296.068008419849	376.648565312443	512	512	737.553776085711	1114.65129471992	-593.559429391295	688.113340965238	159	37	25	41	250	278	159	7	1	67	39382	4990	3819	449	214	388	32	0	0	0	0	0	-1367	-16	12	0
10	2	3	0	5	95	down	3	512	887.047597471245	5979.09056325329	929.263590455813	3330.28765391619	275.809906675342	1016.83651604882	288.865167374993	403.097404250389	512	512	757.642979708193	1173.91016221414	-593.310602976172	687.536560940665	132	54	26	41	259	269	151	7	2	83	39013	5131	4031	465	234	450	42	0	0	0	0	0	-1304	-16	11	0
10	2	3	0	6	94	down	0	512	1105.18255582655	8712.56108818214	1006.1911148793	3973.50089159702	297.693128936277	1277.12517817732	286.797829738459	414.771218507816	512	512	750.274781754948	1150.89087016964	-593.573346144812	688.14564442253	141	49	17	70	235	276	145	9	3	79	38949	4888	3852	439	261	621	53	0	0	0	0	0	-1253	-16	12	0
10	2	3	0	6	94	down	1	512	967.397634128117	7011.55846398497	949.874792478939	3561.62121353987	279.53156278566	1216.58743404878	264.866586972791	338.941409075396	512	512	721.403995480274	1064.66933429868	-593.47121523161	687.908603081191	150	57	30	49	226	266	131	9	2	104	38781	5111	3817	419	289	498	40	0	0	0	0	0	-1569	-15	11	0
10	2	3	0	6	94	down	2	512	930.363192274368	6616.23329902905	902.076772249609	3191.65714262315	293.425428164722	1095.2895683362	301.537409963435	526.337738834321	512	512	730.130277037604	1094.82981234059	-593.459046736321	687.88067015072	146	55	26	47	238	247	151	6	6	102	38811	5120	3764	433	250	517	54	0	0	0	0	0	-1574	-16	12	0
10	2	3	0	6	94	down	3	512	860.134958355302	5712.1268395288	869.108292147991	2959.90995552576	287.091059624717	1068.76051804991	293.776759345317	425.588836026627	512	512	722.139164133393	1069.24234774029	-593.354918280894	687.639078493968	137	27	15	43	290	263	156	7	3	83	38764	5078	3778	508	286	429	53	0	0	0	0	0	-1588	-20	12	0
10	2	3	0	7	93	down	0	512	744.562305898749	4581.53147625052	823.485830376523	2563.60702086247	285.984925003778	1029.36231912014	288.944152869768	430.058020300456	512	512	720.207725219865	1066.51713654088	-593.53113342967	688.047577031592	136	43	12	34	287	272	148	5	7	80	38498	4906	3766	446	301	502	47	0	0	0	0	0	-1425	-16	14	0
10	2	3	0	7	93	down	1	512	882.522245925615	5916.18462859248	873.773373561895	2903.06486187617	323.396011309714	1541.42603623394	302.299126482381	467.596777998847	512	512	718.360209739856	1060.55086169351	-593.474508376114	687.916592106455	150	36	27	40	259	275	143	11	4	79	38478	4934	3754	450	323	509	51	0	0	0	0	0	-1414	-14	15	0
10	2	3	0	7	93	down	2	512	833.278343889682	5348.92035832025	866.648471211566	2879.25993077052	254.528753725968	757.46572963836	283.051634876991	346.40670141197	512	512	715.804472611878	1053.7557561745	-593.347574091329	687.622140970569	127	41	19	38	287	267	158	5	1	81	38090	5165	3877	484	316	539	48	0	0	0	0	0	-1567	-19	13	0
10	2	3	0	7	93	down	3	512	943.251736094366	6688.08429537528	908.340527896815	3140.19740026328	261.411975986903	982.207274140291	269.898024429468	376.523117745606	512	512	728.452059379067	1086.36215084784	-593.443220804251	687.843842026971	130	49	20	50	263	294	132	6	4	76	38582	4846	3745	443	301	536	51	0	0	0	0	0	-1334	-17	11	0
10	2	3	0	8	92	down	0	512	910.538210602804	6241.312317691	909.727962489119	3256.28026723097	330.003402180338	1509.27099125409	302.769277211823	426.170391139773	512	512	709.387167902822	1036.75928866094	-593.454089671291	687.868999366476	141	46	27	43	255	265	158	11	3	75	38213	4821	3659	411	377	591	63	0	0	0	0	0	-1404	-15	11	0
10	2	3	0	8	92	down	1	512	1026.59112963311	7508.26344902149	950.726315647913	3384.92179404239	297.266077953153	1119.64496824154	303.36014233996	416.564963660586	512	512	731.847279042389	1098.54433501202	-593.381301699287	687.70034605691	130	48	26	55	253	262	160	7	4	79	37965	4867	3822	450	348	676	76	0	0	0	0	0	-1288	-17	11	0
10	2	3	0	8	92	down	2	512	749.992165941567	4882.69270415141	797.705835528201	2619.01912423108	286.462382517841	1128.13130446037	281.238334815851	361.809790776483	512	512	722.552702650325	1067.49087873102	-593.47423149081	687.915821468548	153	64	17	35	243	281	137	6	7	81	37955	4957	3750	442	380	688	91	0	0	0	0	0	-1504	-18	13	0
10	2	3	0	8	92	down	3	512	940.413598805306	6744.6041137585	901.064408249387	3306.42106553418	248.375021633784	672.283498691126	274.45377229693	293.049224025612	512	512	724.651100310283	1078.14276193377	-593.365357944808	687.66323058197	141	57	24	49	241	260	151	3	4	94	38159	4849	3660	436	347	670	69	0	0	0	0	0	-1409	-17	9	0
10	2	3	0	9	91	down	0	512	905.437397540929	6410.81680620708	889.234336460471	3134.0608256313	379.549743401897	1839.343855314	378.409750989768	718.239339625399	512	512	719.727256666377	1066.44148037092	-593.310104475617	687.535562539903	151	42	19	48	252	246	175	13	5	73	37400	4850	3882	460	435	700	53	0	0	0	0	0	-1135	-22	15	0
10	2	3	0	9	91	down	1	512	717.851292906557	4396.0754033001	742.635595735467	2239.15572590482	339.950186589707	1265.68423686109	360.713281291285	591.462081100295	512	512	715.735473006653	1054.18374005054	-593.482071101186	687.933883753252	169	24	13	32	274	247	197	8	4	56	37778	4726	3644	444	412	569	68	0	0	0	0	0	-1370	-16	13	0
10	2	3	0	9	91	down	2	512	701.824981671564	4142.63494340673	783.091401038218	2396.02136764196	405.175611449081	2123.19171772122	375.061922775969	674.356042706258	512	512	711.799794891785	1039.59389645904	-593.425387600779	687.802574122971	149	47	17	28	271	253	177	16	4	62	37751	4772	3645	424	411	669	66	0	0	0	0	0	-1324	-16	12	0
10	2	3	0	9	91	down	3	512	900.211972681555	5935.13305076883	919.360866121363	3167.63741126969	391.308353865335	1910.94870536626	362.264232267962	603.98703362999	512	512	727.113584337347	1085.76681205915	-593.417853615229	687.7851011719	121	46	27	40	278	237	184	14	4	73	37698	4745	3711	438	389	667	86	0	0	0	0	0	-1228	-16	11	0
10	2	3	0	10	90	down	0	512	717.124611797498	4748.26695110738	700.282456230754	2180.67425908892	296.990246562841	1138.37143774725	306.057253637292	397.452588588293	512	512	703.18543516584	1017.71085104612	-593.468053282638	687.901545058888	192	38	12	36	234	257	163	8	2	82	37296	4776	3579	429	493	720	62	0	0	0	0	0	-1402	-15	12	0
10	2	3	0	10	90	down	1	512	579.262675772815	3396.4160963561	595.102306915099	1560.99418231487	443.292389188145	2479.62034983335	409.512499792233	942.939416290685	512	512	703.722835020397	1016.09861008422	-593.429446792351	687.811977692473	205	31	4	27	245	238	173	18	7	76	37129	4801	3742	408	419	648	79	0	0	0	0	0	-1335	-17	16	0
10	2	3	0	10	90	down	2	512	721.649963343128	4831.53763085257	707.732566531184	2199.91471573297	335.884111941903	1436.23765068466	333.076302791759	485.044897161485	512	512	708.901795562747	1029.06759251786	-593.438878138061	687.833909211805	182	57	14	36	223	238	179	11	1	83	37457	4692	3518	413	451	777	82	0	0	0	0	0	-1286	-16	14	0
10	2	3	0	10	90	down	3	512	731.647154283435	4784.49796576715	755.633898850817	2379.37444495848	257.77014326253	683.049350092352	284.811209186412	369.613065654063	512	512	716.176802779474	1057.30433111692	-593.481912135704	687.933427364423	183	40	15	35	239	260	162	3	4	83	37258	4738	3643	441	405	766	83	0	0	0	0	0	-1319	-16	9	0
10	2	3	0	11	89	down	0	512	781.747967345311	5272.88094810574	780.974065003137	2660.85531904608	430.300223246579	2171.25247080997	443.357356337757	1014.63454226413	512	512	714.503488907524	1051.24916456149	-593.451605541885	687.863224534887	177	51	21	37	226	237	194	15	7	59	36855	4561	3746	406	522	855	66	0	0	0	0	0	-1008	-16	12	0
10	2	3	0	11	89	down	1	512	771.368513833431	4906.36714272962	784.778261048305	2461.52526555157	343.114561800017	1524.79656777349	364.264484479726	626.582413441245	512	512	706.957242278903	1029.57749633143	-593.43293926161	687.82012552608	151	29	12	37	283	276	174	11	3	48	36863	4627	3647	431	487	718	63	0	0	0	0	0	-1232	-16	11	0
10	2	3	0	11	89	down	2	512	779.78492169843	5248.89895880803	754.573792297957	2352.30110170979	414.244495156578	2152.67187101902	392.326601117408	723.054294648048	512	512	693.427103457769	993.364234841683	-593.375338136829	687.686699169641	171	26	8	42	265	249	191	17	2	53	36904	4680	3573	411	551	803	72	0	0	0	0	0	-1311	-16	11	0
10	2	3	0	11	89	down	3	512	757.448040659055	4656.52518005352	797.307952114681	2424.74835531309	446.806801055327	2249.43783569621	434.570271072367	931.629364295964	512	512	691.354910717364	986.978568065976	-593.389442481175	687.719131497261	157	22	16	33	284	237	194	14	11	56	36842	4745	3529	452	475	781	71	0	0	0	0	0	-1493	-19	10	0
10	2	3	0	12	88	down	0	512	479.265484832508	2362.57438855092	525.656874842598	1160.34853930867	371.708797053144	1555.64773403367	395.532056830297	753.889542412971	512	512	688.086875168474	975.251857183768	-593.456619639033	687.874966574974	212	34	3	18	245	234	205	11	3	59	36511	4612	3493	440	534	823	72	0	0	0	0	0	-1365	-16	10	0
10	2	3	0	12	88	down	1	512	601.045084971875	3403.79295241164	634.379100417339	1823.83443400467	416.305544805642	2037.26768740114	416.387704531411	834.486449241738	512	512	666.895334107699	915.042932064789	-593.451584881835	687.86318998268	210	27	16	22	237	234	201	15	4	58	36363	4777	3512	404	545	765	88	0	0	0	0	0	-1581	-15	12	0
10	2	3	0	12	88	down	2	512	641.522542485937	3936.90838894404	625.271070472916	1733.24287853664	541.350333217194	3197.44054485035	497.200694089546	1190.52436300624	512	512	671.397333069787	933.044625699607	-593.343161920328	687.611684682184	191	31	6	31	253	223	218	25	5	41	36310	4805	3505	436	616	739	79	0	0	0	0	0	-1586	-15	11	0
10	2	3	0	12	88	down	3	512	641.798373876249	3821.09988011334	657.427735468503	2036.54407456444	408.565411518764	1891.40743083284	421.829295762486	870.708286472966	512	512	688.542718554759	969.803482249808	-593.364318716499	687.660782354759	196	29	13	27	247	236	212	14	3	47	36519	4672	3436	429	517	834	73	0	0	0	0	0	-1490	-19	10	0
10	2	3	0	13	87	down	0	512	641.477754074385	3955.71723760264	652.522995670375	1942.29747778245	414.093275563765	2114.27672107128	413.161104544597	848.690333403602	512	512	695.488465122491	997.314923572424	-593.354226446841	687.637321066863	166	67	9	30	240	256	184	15	6	51	35906	4605	3617	416	540	1005	81	0	0	0	0	0	-1256	-15	11	0
10	2	3	0	13	87	down	1	512	579.363488834691	3181.91160784002	587.169673544292	1520.07117336169	369.395714749391	1415.73276570271	405.608007732464	660.558842483755	512	512	680.69230902357	953.839432689825	-593.357202265095	687.644442267778	195	34	11	22	250	230	222	10	2	48	36004	4615	3503	422	569	972	99	0	0	0	0	0	-1342	-16	13	0
10	2	3	0	13	87	down	2	512	679.411086305936	4312.84752257934	631.966625759435	1792.40489875063	438.565411518764	2258.48947015784	448.619949153599	952.379336876257	512	512	668.311197332716	923.410372476106	-593.351771178076	687.631754978471	187	31	7	34	253	236	203	17	4	52	35897	4713	3524	410	625	725	79	0	0	0	0	0	-1481	-17	10	0
10	2	3	0	13	87	down	3	512	609.538507163126	3588.96623464571	618.81692379065	1881.00095829689	447.88632788095	2249.67181438103	456.090799613149	1058.79459268155	512	512	678.706665535195	952.465556678863	-593.410161338017	687.767542221544	206	34	13	25	234	231	210	16	6	49	35915	4663	3554	412	574	750	65	0	0	0	0	0	-1389	-16	13	0
10	2	3	0	14	86	down	0	512	696.572949016875	4684.80802740786	650.32445711967	1966.62003439035	486.151516153136	2762.71424525858	461.551213873568	1047.09028244881	512	512	684.474276886796	965.103061640541	-593.39741605157	687.737514980828	194	41	6	38	233	234	206	22	3	47	35355	4645	3590	442	609	879	97	0	0	0	0	0	-1275	-15	11	0
10	2	3	0	14	86	down	1	512	596.222912360003	3709.60453854336	579.373114812871	1516.33266909223	493.888840380321	2654.08805233209	475.452276690919	1076.43663634766	512	512	657.596641141945	890.2329241977	-593.51178847025	688.00285221059	212	37	4	30	229	225	223	20	5	39	35743	4450	3436	403	671	674	71	0	0	0	0	0	-1259	-16	12	0
10	2	3	0	14	86	down	2	512	556.649963343128	3057.66235592603	573.264176145843	1454.70549882613	503.841242909076	2743.30402031463	493.876412360659	1214.32885502399	512	512	669.500106586689	926.300690966092	-593.333031723497	687.588421725534	202	30	6	23	251	209	218	20	7	58	35456	4687	3484	405	629	830	90	0	0	0	0	0	-1403	-16	9	0
10	2	3	0	14	86	down	3	512	614.262675772815	3729.40999839203	598.674340288995	1477.0155408365	464.392905689699	2366.21582638758	462.699038996773	1008.98300528189	512	512	651.611404229265	878.965206381268	-593.435481349764	687.825914994606	193	36	4	30	249	227	217	17	6	45	35752	4543	3326	411	719	833	88	0	0	0	0	0	-1494	-19	12	0
10	2	3	0	15	85	down	0	512	586.323725421879	3366.74140290698	588.632003083317	1592.18778584193	396.783002319705	1721.14310392263	419.506560283328	784.628295547123	512	512	664.833156082445	914.040109016597	-593.303271909056	687.519452263086	206	39	13	23	231	227	214	12	4	55	35076	4602	3415	427	645	878	99	0	0	0	0	0	-1413	-20	12	0
10	2	3	0	15	85	down	1	512	537.782705759382	2820.78408865544	577.263714123999	1411.63737102755	432.835921350013	2214.11252914533	438.064728072567	989.545578646308	512	512	675.9723686093	948.044730354527	-593.292168585006	687.49385607963	194	41	8	20	249	252	190	15	8	47	35136	4416	3525	443	701	880	96	0	0	0	0	0	-1103	-21	10	0
10	2	3	0	15	85	down	2	512	627.077014326253	3881.13036993367	597.893843608513	1607.82859839429	449.671546139703	2387.88766908761	445.76935459386	932.135974636268	512	512	653.200226507315	882.366986914319	-593.492105230553	687.956823850321	192	40	5	31	244	227	207	19	2	57	35172	4506	3401	441	703	836	91	0	0	0	0	0	-1372	-16	10	0
10	2	3	0	15	85	down	3	512	601.854398526572	3617.74459348396	591.188638755627	1622.74156995865	454.366297894383	2081.24617461296	473.37388759333	1015.14714572266	512	512	658.387863628634	897.688813900983	-593.259879688237	687.418893111883	185	60	9	27	231	226	230	13	9	34	35082	4566	3444	428	726	853	95	0	0	0	0	0	-1328	-16	10	0
10	2	3	0	16	84	down	0	512	588.989653442196	3427.65340721287	599.4885442851	1677.5338411685	470.04819059189	2725.35571141424	440.178077532033	883.389975298933	512	512	660.824142736145	910.176116265241	-593.368884317713	687.671692887186	191	56	12	24	229	242	184	21	5	60	34810	4468	3333	397	745	1015	105	0	0	0	0	0	-1333	-17	11	0
10	2	3	0	16	84	down	1	512	656.596747752498	4208.93868053144	620.218216600741	1635.19021536294	505.926091293762	2844.00609796407	478.670063504694	1174.61300735943	512	512	652.189477489539	875.591384478341	-593.556385746543	688.106216245165	204	26	5	34	243	220	209	21	7	55	34849	4468	3305	386	748	993	95	0	0	0	0	0	-1408	-17	11	0
10	2	3	0	16	84	down	2	512	701.196304564688	4436.89929863592	654.308643627432	1908.45459313861	494.695344875325	2850.8176557768	451.673579325303	1015.44075814221	512	512	665.149786850888	916.166345184559	-593.248349772252	687.392190345233	183	45	17	31	236	229	200	22	5	56	34630	4461	3518	399	673	899	87	0	0	0	0	0	-1165	-17	10	0
10	2	3	0	16	84	down	3	512	456.326534481572	2239.06987171585	487.882592158077	1025.03035832255	522.607687430946	2921.43456016224	507.911033858418	1198.20005203171	512	512	664.069931993621	913.568298453577	-593.414246010197	687.776695842316	225	36	3	17	231	215	224	22	6	45	34606	4465	3556	381	767	853	81	0	0	0	0	0	-1065	-15	12	0
10	2	3	0	17	83	down	0	512	649.464301896566	3985.73527662392	630.139832011052	1752.76395028057	459.719143610948	2478.67170110507	451.737964857852	1051.6675396155	512	512	651.285634955739	882.066315589302	-593.325840015874	687.571741442949	185	47	12	29	239	243	204	19	4	42	34094	4472	3477	453	799	1021	100	0	0	0	0	0	-1205	-15	13	0
10	2	3	0	17	83	down	1	512	585.973688765007	3639.13658117371	579.626786457485	1484.74798589318	471.83059979095	2414.92103797603	488.802257550161	1263.82932144458	512	512	645.202117684197	866.032268074682	-593.374507079453	687.684882485202	208	49	5	29	221	231	203	15	12	51	34200	4434	3418	444	825	899	100	0	0	0	0	0	-1244	-18	12	0
10	2	3	0	17	83	down	2	512	671.095491502812	4225.59835562232	652.558101468244	1955.47769345133	478.2125658022	2460.22802231572	458.272769415969	1050.2737031829	512	512	654.642430033786	887.603073365408	-593.262256020833	687.424537609037	189	37	10	32	244	219	217	17	8	51	34271	4384	3407	434	735	964	114	0	0	0	0	0	-1150	-15	15	0
10	2	3	0	17	83	down	3	512	696.371322893124	4391.14239594786	671.566273334293	2005.57115437831	389.069476828142	1555.72367539459	427.071728250265	801.482396664274	512	512	642.04810800955	858.619688559343	-593.392001797679	687.725290706003	178	37	11	33	253	222	221	10	5	54	34227	4472	3408	389	805	920	116	0	0	0	0	0	-1279	-20	10	0
10	2	3	0	18	82	down	0	512	621.347524157501	3778.03003671648	594.031067858303	1621.77216312031	487.984331883133	2707.55005333263	462.668608210476	1131.90364573476	512	512	632.839738345638	834.357528131913	-593.386721808269	687.712761178196	204	35	10	28	235	246	198	19	9	40	33899	4332	3340	413	869	931	96	0	0	0	0	0	-1131	-15	11	0
10	2	3	0	18	82	down	1	512	538.613008990009	2978.36163946436	552.683171516815	1370.6062658974	484.443312220636	2584.58664111703	485.112406482554	1118.1050055418	512	512	654.34214083131	881.389807534435	-593.387659664976	687.715090048996	200	49	7	22	234	222	216	19	6	49	33937	4215	3413	419	834	1048	132	0	0	0	0	0	-988	-18	13	0
10	2	3	0	18	82	down	2	512	583.734811727815	3304.27629628642	583.862713087961	1491.7012847779	428.891649440013	1894.51685435816	457.647587064225	946.875008013232	512	512	630.349412608831	826.517438669856	-593.392705657196	687.726728243805	201	31	9	24	247	216	231	13	5	47	33785	4392	3398	409	816	895	93	0	0	0	0	0	-1232	-15	11	0
10	2	3	0	18	82	down	3	512	590.973688765007	3390.51962015028	594.296995177681	1657.1593947711	430.801479496264	2230.8694035144	449.457657103739	972.182844246686	512	512	628.157525558347	819.39330054411	-593.32491506375	687.569430503895	188	50	11	24	239	248	191	16	6	51	33793	4519	3279	393	909	949	109	0	0	0	0	0	-1475	-17	10	0
10	2	3	0	19	81	down	0	512	593.633998665939	3667.50417700718	553.69740229985	1299.07893476978	515.472432515322	2579.18539320523	562.226801774876	1264.57070539467	512	512	620.202447710513	802.337152614282	-593.28692052101	687.48166853866	215	30	3	30	234	185	258	19	5	45	33084	4571	3414	403	899	1087	112	0	0	0	0	0	-1442	-17	15	0
10	2	3	0	19	81	down	1	512	637.305248245319	3951.6198684105	605.281363117918	1616.53519347962	500.273615451264	2524.82383869784	547.676263554613	1417.04164129217	512	512	636.325719415835	837.411477069862	-593.500677781411	687.977234566526	181	56	9	30	236	204	219	15	14	60	33613	4304	3202	353	805	1107	106	0	0	0	0	0	-1285	-13	14	0
10	2	3	0	19	81	down	2	512	475.949890029385	2379.04861379859	502.745712327817	1159.14964166286	640.342202598438	3936.65007504093	614.455798348178	1735.36874662615	512	512	628.592945279165	823.569390117323	-593.478546885968	687.925722079939	218	41	6	17	230	199	237	29	11	36	33437	4307	3326	402	815	970	91	0	0	0	0	0	-1252	-16	9	0
10	2	3	0	19	81	down	3	512	524.843755408446	2766.914826736	530.589716600286	1265.41790201504	555.718847050626	3076.23064651289	570.28290099041	1375.54555103546	512	512	626.197115198299	814.638547338131	-593.397591303763	687.738118894732	199	44	7	20	242	210	254	24	4	20	33407	4350	3334	381	858	982	95	0	0	0	0	0	-1210	-21	10	0
10	2	3	0	20	80	down	0	512	390.249816715641	1714.15826387583	407.038271234632	738.988761735207	352.915744735958	1534.88789563954	367.243234789423	652.124118579236	512	512	618.238027011042	794.206795401485	-593.32152065554	687.561834404031	238	51	4	12	207	251	184	11	3	63	32973	4356	3240	391	975	1045	91	0	0	0	0	0	-1339	-15	10	0
10	2	3	0	20	80	down	1	512	338.568220578457	1204.28301726828	388.455267347581	583.719752615284	365.478050634707	1666.18268405109	354.862836746991	542.211167862035	512	512	632.769091297112	836.071950776389	-593.437440843673	687.830426105397	235	54	0	9	214	247	190	13	1	61	32820	4198	3520	422	921	936	85	0	0	0	0	0	-857	-15	12	0
10	2	3	0	20	80	down	2	512	379.520326546889	1839.31014659768	385.589536865348	694.962223378915	318.669033640332	1202.84837214906	362.896970253879	637.579894406939	512	512	610.549312678722	775.118579063519	-593.471269179772	687.909205764518	262	44	0	15	191	265	181	8	3	55	33137	4285	3168	370	919	1028	97	0	0	0	0	0	-1299	-14	8	0
10	2	3	0	20	80	down	3	512	512.960533147511	3068.78414529343	490.640524092464	1388.14653744394	326.634591786584	1230.51710922907	344.474934875653	468.454530011791	512	512	610.472496724932	781.115055208755	-593.354508874038	687.63813676059	244	53	10	22	183	249	193	9	1	60	32972	4351	3238	399	976	974	120	0	0	0	0	0	-1328	-15	11	0
10	2	3	0	21	79	down	0	512	743.254545154059	4738.61952858261	739.134870162458	2314.58037147698	458.185958006884	2320.15193935984	465.982165487815	1072.69249854991	512	512	623.807819110227	811.750300453262	-593.463039675652	687.889735441042	169	37	16	34	256	234	218	17	5	38	32579	4168	3353	348	964	1062	117	0	0	0	0	0	-993	-13	10	0
10	2	3	0	21	79	down	1	512	803.429563482495	5492.39144962891	760.471565044334	2500.16466688743	498.737620787507	2757.77494170934	492.629896347829	1140.60898224535	512	512	597.064514760281	748.689473110812	-593.288569204343	687.485408486213	172	41	16	41	242	232	217	21	5	37	32567	4369	3134	378	947	1109	115	0	0	0	0	0	-1473	-20	12	0
10	2	3	0	21	79	down	2	512	679.212269241877	4135.85681112039	702.486775027143	2030.48099603133	458.81463511376	2439.32217261187	465.787811415448	1117.69770159761	512	512	615.833216370645	789.435851590167	-593.487762680986	687.947160348931	162	45	10	31	264	248	196	17	8	43	32640	4205	3223	380	1051	1116	100	0	0	0	0	0	-1145	-19	11	0
10	2	3	0	21	79	down	3	512	664.838137289061	4062.07551657606	673.01819887789	1950.24514342528	527.90731755688	2888.19129293636	516.465080154352	1222.62001789471	512	512	617.981257342742	792.923280557548	-593.390506829443	687.721703282597	189	29	11	30	253	214	238	22	5	33	32798	4106	3208	336	1008	1083	98	0	0	0	0	0	-1098	-14	10	0
10	2	3	0	22	78	down	0	512	463.28677106876	2344.81152949375	492.315641413818	1073.74124063439	562.278640450004	3181.10309900932	527.602412200325	1213.16905563984	512	512	602.358062753272	764.900017093726	-593.36283053625	687.657630041894	224	40	3	18	227	200	249	25	4	34	32330	4167	3066	373	1011	1203	115	0	0	0	0	0	-1317	-15	9	0
10	2	3	0	22	78	down	1	512	574.618330549072	3332.73550317585	586.456159953169	1547.95810504374	466.026904355638	2386.94839385736	459.998429859002	959.183530957601	512	512	596.36691578859	737.88491828842	-593.470217360043	687.906517872026	193	57	10	24	228	218	222	18	4	50	32138	4195	3203	400	1111	1155	117	0	0	0	0	0	-1149	-15	14	0
10	2	3	0	22	78	down	2	512	544.440503160944	2906.08799569411	549.10009677032	1227.98222651283	509.719143610948	2808.85407364726	500.363250749082	1212.15012233583	512	512	604.876668304856	763.755318706575	-593.366566136244	687.666588691076	191	38	5	22	256	215	221	21	6	49	32333	4153	3083	367	1024	1112	113	0	0	0	0	0	-1275	-14	11	0
10	2	3	0	22	78	down	3	512	532.732299228444	2913.58345054005	553.210992309163	1474.15104494059	476.679380198136	2536.60182938922	472.275181286528	1096.26361408466	512	512	598.03880659631	750.424484364424	-593.429889187056	687.812773322079	211	40	8	21	232	226	215	19	5	47	32354	4121	3081	380	1030	1094	99	0	0	0	0	0	-1332	-15	10	0
10	2	3	0	23	77	down	0	512	468.135551475947	2331.05163446163	488.480372462154	1052.85072567264	567.37945351188	3422.66235592603	539.730864184212	1386.46814347592	512	512	613.551720213712	785.371465769014	-593.341403135491	687.607529037372	223	38	5	17	229	218	224	27	5	38	31686	4143	3200	395	1074	1112	108	0	0	0	0	0	-1136	-14	11	0
10	2	3	0	23	77	down	1	512	429.846564468139	2012.96668774956	469.182363026377	1032.52794344711	468.185958006884	2272.34040986609	495.879245470236	1109.8263665233	512	512	603.39185592847	765.931667209008	-593.378800468962	687.694433211532	222	48	3	15	224	218	233	16	6	39	31689	4070	3228	437	1072	1146	100	0	0	0	0	0	-1114	-17	13	0
10	2	3	0	23	77	down	2	512	573.76141952313	3312.16390873604	566.901817343499	1453.72742177878	498.363785395013	2913.51674108219	508.72473406495	1277.25435937929	512	512	594.591801034674	738.502342676539	-593.458876345567	687.880446182576	202	39	7	25	239	228	200	23	4	57	31813	4130	3123	358	1112	1116	131	0	0	0	0	0	-1190	-15	8	0
10	2	3	0	23	77	down	3	512	470.247007655948	2215.6596184529	508.763013975342	1132.35765714654	588.031929354378	3700.6744385782	528.189261625616	1303.7636639644	512	512	597.993448456523	744.372676667727	-593.554314023793	688.101548017175	207	44	7	15	239	222	220	30	4	36	31834	4047	3152	391	1068	1121	139	0	0	0	0	0	-1070	-16	11	0
10	2	3	0	24	76	down	0	512	562.90731755688	3397.35537158635	539.350031025156	1279.47611241566	613.461789397196	4023.65939190097	546.339720252722	1604.9521186413	512	512	577.585723748701	699.426857733893	-593.350377309453	687.628953787107	214	38	2	28	230	215	198	31	9	59	31545	4091	2899	377	1186	1239	110	0	0	0	0	0	-1350	-13	8	0
10	2	3	0	24	76	down	1	512	524.793348877508	2708.17926692217	541.585638035072	1318.89704968316	454.745751406263	2237.94235253127	466.203261947685	930.344739954761	512	512	579.553310536857	708.821576564903	-593.411385787877	687.770026757101	196	43	8	19	246	224	214	15	8	51	31331	4102	3128	351	1105	1236	116	0	0	0	0	0	-1149	-15	11	0
10	2	3	0	24	76	down	2	512	499.74294234657	2620.97862880678	499.34754180232	1205.92567272554	493.81463511376	2693.22793735874	486.23770828193	1096.66533351238	512	512	601.658135359648	758.111431422711	-593.395136302804	687.732261232502	213	38	4	20	237	224	215	20	6	47	31452	3953	3143	364	1082	1187	127	0	0	0	0	0	-1015	-14	13	0
10	2	3	0	24	76	down	3	512	503.36097633532	2821.47707599677	477.605851618147	1099.87317127931	469.567924018135	2234.28874708547	488.858967599309	1009.71089326682	512	512	583.342133610534	714.361903849483	-593.377141468504	687.691044961622	229	39	4	22	218	210	242	16	5	39	31317	4062	3117	416	1132	1083	97	0	0	0	0	0	-1144	-16	12	0
10	2	3	0	25	75	down	0	512	552.554471840316	3171.82951187705	526.9620423608	1287.12473527443	442.082632445639	2027.53509161238	476.357301460737	991.992432538765	512	512	574.967212958602	694.967091593831	-593.337369020598	687.598540043378	225	31	9	23	224	218	223	13	8	50	30916	3978	3106	400	1223	1170	152	0	0	0	0	0	-1072	-14	13	0
10	2	3	0	25	75	down	1	512	503.788027318445	2782.42236423411	511.585444580439	1164.86136006514	488.034738414071	2549.38594636366	495.889942740868	1093.23855672718	512	512	577.815692446863	701.355664693648	-593.419990708955	687.790320914265	223	38	3	22	226	221	228	19	5	39	30885	4025	3122	368	1187	1173	108	0	0	0	0	0	-1087	-17	12	0
10	2	3	0	25	75	down	2	512	497.859720085635	2520.3252215939	535.631442338057	1210.41935021122	429.671546139703	2131.17037484699	440.197251684678	941.861062667371	512	512	581.210788638823	715.556323613947	-593.392759013564	687.726990117905	198	45	4	19	246	235	201	15	6	55	31022	3938	3094	346	1268	1287	136	0	0	0	0	0	-1040	-16	11	0
10	2	3	0	25	75	down	3	512	521.37694101251	2842.07594136093	542.30029218698	1404.00901785088	577.204435183444	3648.8599450594	533.511257997369	1280.66946213118	512	512	588.953195166022	727.285248643845	-593.447686631887	687.854214066465	212	48	9	20	223	219	215	30	3	45	31041	3999	2998	362	1138	1301	135	0	0	0	0	0	-1270	-13	9	0
10	2	3	0	26	74	down	0	512	415.727274229704	1997.19775904731	459.171011324468	963.161545069518	563.68721425657	3399.11532325644	533.117819303674	1372.39656627555	512	512	567.424396598484	680.303573622439	-593.366224838671	687.665420168542	231	55	3	15	208	217	216	26	7	46	30546	4014	2945	383	1251	1293	139	0	0	0	0	0	-1292	-18	12	0
10	2	3	0	26	74	down	1	512	450.321212922509	2037.249223595	485.275442556145	1023.43147384214	524.390096630006	2845.89345554278	521.120041657996	1265.58680286866	512	512	587.669948201658	725.15550896221	-593.379220968362	687.695485106399	224	34	8	13	233	220	227	20	9	36	30543	3903	3083	359	1136	1285	134	0	0	0	0	0	-930	-17	8	0
10	2	3	0	26	74	down	2	512	571.602365871883	3270.96646119763	563.110351677242	1503.16721707808	548.36097633532	3185.74758582802	528.957971447532	1285.91065127782	512	512	575.057456658953	694.108483126783	-593.349398163015	687.626289491244	198	51	11	23	229	213	222	24	7	46	30386	4088	3031	383	1263	1363	156	0	0	0	0	0	-1249	-17	10	0
10	2	3	0	26	74	down	3	512	565.169993329695	3322.7293485738	537.202478693194	1426.11703693797	484.066667768449	2623.65352048883	496.138513662666	1200.02899368358	512	512	571.525212091265	684.053339013637	-593.295657715064	687.501766725744	211	49	10	24	218	227	208	19	7	51	30608	3923	2989	368	1202	1329	108	0	0	0	0	0	-1107	-15	10	0
10	2	3	0	27	73	down	0	512	468.262972333137	2390.60493500924	484.83945813927	1103.1944469759	534.443312220636	2973.49240586391	536.108122769701	1366.39100008652	512	512	550.650616432605	644.345066177631	-593.321313302988	687.561128764453	226	51	9	16	210	198	229	22	7	56	29983	4041	2961	391	1327	1358	148	0	0	0	0	0	-1262	-17	10	0
10	2	3	0	27	73	down	1	512	546.124908357821	3164.09714264021	543.298133193436	1456.25446788933	499.994975001259	2544.32217261187	506.747791572628	1237.71013723671	512	512	560.867592528118	664.195792082687	-593.400922837676	687.745936979382	217	47	9	23	216	216	223	16	12	45	30045	3925	3044	362	1295	1360	126	0	0	0	0	0	-1078	-16	8	0
10	2	3	0	27	73	down	2	512	439.342499158761	1965.03348216439	488.994499662341	1015.77485815463	545.745454845941	3066.12435692658	528.056240185482	1344.1870219343	512	512	559.441718657075	664.732337630843	-593.256086507631	687.410082859511	216	39	4	14	239	223	228	22	9	30	29878	4076	3065	357	1280	1324	119	0	0	0	0	0	-1266	-15	13	0
10	2	3	0	27	73	down	3	512	433.939246911259	2057.74767078499	450.523784028598	871.339690041727	524.490909691881	2904.64118296575	509.25273186301	1247.82397947911	512	512	571.058992971424	691.363348127983	-593.493462910392	687.960099022202	240	31	4	15	222	222	223	21	8	38	30111	3867	3052	346	1291	1271	128	0	0	0	0	0	-918	-17	14	0
10	2	3	0	28	72	down	0	512	448.663415520947	2249.83278741101	479.445969226738	1006.55813925612	525.822469172194	2611.31903867287	551.428453939206	1275.52588267655	512	512	566.819392312726	674.007511672955	-593.316435001643	687.550090019904	231	36	1	18	226	191	259	18	8	36	29698	3838	2994	334	1288	1313	141	0	0	0	0	0	-950	-15	10	0
10	2	3	0	28	72	down	1	512	563.562602459072	3555.68982508333	520.488218711933	1317.47161348312	512.785514819075	2929.3586754393	513.589511508254	1224.47021417933	512	512	547.41006815904	639.541240046673	-593.400380040933	687.744600632637	225	53	6	28	200	213	216	23	4	56	29683	3908	2934	339	1308	1425	127	0	0	0	0	0	-1192	-15	11	0
10	2	3	0	28	72	down	2	512	519.440503160944	2859.6290153566	515.714145908565	1317.13374571035	566.148707093443	3146.76881542629	581.002777276374	1567.31495684442	512	512	552.929277114192	647.118357069768	-593.508525965973	687.995499180999	223	36	7	21	225	195	246	23	8	40	29800	3890	2820	354	1266	1368	122	0	0	0	0	0	-1304	-18	13	0
10	2	3	0	28	72	down	3	512	588.811826054068	3544.25811567018	543.374766086863	1310.33968046917	623.082335885316	3995.32186110297	554.565436780752	1510.60375121148	512	512	562.502588049058	671.564742544002	-593.441966396714	687.840900832976	201	42	5	28	236	213	217	31	8	43	29807	3886	2828	343	1255	1401	158	0	0	0	0	0	-1247	-13	10	0
10	2	3	0	29	71	down	0	512	472.233852038452	2433.01228088511	474.886341735816	1015.6707645488	670.267997331878	4419.5892936332	637.748122937592	1738.95870460087	512	512	542.549172102471	627.569224980424	-593.340312924261	687.605079162889	211	57	5	18	221	190	234	36	5	47	29133	3949	2893	377	1339	1448	142	0	0	0	0	0	-1311	-21	11	0
10	2	3	0	29	71	down	1	512	483.663415520947	2485.74465012195	491.171272561713	1128.145859846	698.153732092184	4238.88399708778	713.853848753202	2216.12868271891	512	512	556.601370151053	651.859669766723	-593.334918548709	687.592849921059	219	42	6	18	227	191	242	27	22	30	29305	3799	2905	343	1344	1439	153	0	0	0	0	0	-1090	-14	10	0
10	2	3	0	29	71	down	2	512	508.636807725632	2612.85703767232	522.136741479466	1266.69569753201	608.684405196877	3411.8173442679	641.153150341465	1831.7416150638	512	512	561.320224698418	663.726698647623	-593.282494760735	687.471424265999	218	37	11	17	229	194	245	22	16	35	29152	3784	3040	376	1361	1457	144	0	0	0	0	0	-939	-14	8	0
10	2	3	0	29	71	down	3	512	568.512195928134	3424.50748086013	543.245764115808	1517.1068874457	636.949593469062	3755.77163785639	654.989913468744	1841.44809310502	512	512	543.563615568567	625.705263545891	-593.394405662465	687.730781721701	214	53	10	25	210	185	260	28	9	30	29300	3857	2871	324	1323	1342	137	0	0	0	0	0	-1215	-19	11	0
10	2	3	0	30	70	down	0	512	408.262972333137	1911.69917026236	399.780754104095	728.530866526194	419.496527811267	2179.7388070288	425.08769503335	1023.13286751477	512	512	538.711408001507	612.995680603654	-593.429138999031	687.811151889293	250	42	6	13	201	256	171	14	10	61	29076	3676	2766	322	1388	1401	168	0	0	0	0	0	-1142	-19	9	0
10	2	3	0	30	70	down	1	512	361.157134272521	1464.74202592478	395.8095299792	689.578283928273	411.732595788767	2011.93636784317	403.742907066492	720.876328285488	512	512	552.036208618236	645.12089241795	-593.234754061934	687.360366653584	228	64	1	11	208	232	207	16	1	56	28912	3633	2899	396	1545	1435	154	0	0	0	0	0	-920	-13	12	0
10	2	3	0	30	70	down	2	512	469.597340873143	2762.83298564394	424.302055864579	930.023782266614	406.960829707833	2085.23739581374	373.456759380376	679.252026578355	512	512	544.111902279219	626.468911837854	-593.364325932184	687.661028535711	230	68	1	23	190	237	186	16	3	70	28693	3820	2961	366	1344	1527	156	0	0	0	0	0	-1048	-15	9	0
10	2	3	0	30	70	down	3	512	409.143682094702	1972.20684935543	412.6107716999	928.322509458503	318.547230902527	1220.83948007388	353.254778734812	565.451378048869	512	512	536.627018159029	620.169086310096	-593.167555341148	687.205021421329	255	52	10	12	183	240	183	9	1	79	28655	3940	2870	375	1424	1541	147	0	0	0	0	0	-1291	-15	10	0
10	2	3	0	31	69	down	0	512	819.334071979683	5784.18776253148	776.968278067651	2582.98246560973	434.671546139703	2155.80562976261	444.311566213751	924.566324245179	512	512	548.768072161634	640.647226687014	-593.354331704011	687.637891398756	175	43	13	45	236	227	210	16	4	55	28358	3687	2930	353	1402	1527	128	0	0	0	0	0	-924	-14	9	0
10	2	3	0	31	69	down	1	512	741.445528159684	4951.16658957119	708.690639650981	2265.41094571848	552.708500492822	3288.54093470552	517.741137723513	1275.07430656051	512	512	538.204762418672	615.018019365177	-593.437232104702	687.830248031102	179	36	9	39	249	213	215	25	7	52	28503	3701	2755	369	1420	1554	160	0	0	0	0	0	-1180	-22	10	0
10	2	3	0	31	69	down	2	512	630.695048315003	3826.37050322055	668.243026183407	1884.99243371406	553.586401194694	3329.45573312253	498.397677252879	1234.3567617765	512	512	526.823834107156	589.528008514797	-593.28915825629	687.486838610298	184	40	6	30	252	227	209	25	8	43	28269	3856	2853	350	1440	1511	158	0	0	0	0	0	-1206	-14	8	0
10	2	3	0	31	69	down	3	512	693.358167275628	4328.60148956133	711.861392423772	2160.14989566546	499.366297894383	2797.85703767232	493.304374446707	1148.33342064469	512	512	537.603610526786	611.777371266593	-593.388104044559	687.71623563161	166	49	12	32	253	234	210	21	6	41	28545	3614	2792	377	1470	1569	153	0	0	0	0	0	-1035	-13	11	0
10	2	3	0	32	68	down	0	512	558.76141952313	3276.61679110948	537.593706330135	1379.45769266543	511.777384200319	2773.30989172677	518.34386677587	1399.49152327627	512	512	521.651661084306	583.674940705036	-593.309004530327	687.532850854004	222	38	9	24	219	229	217	19	10	37	27845	3757	2865	349	1556	1590	153	0	0	0	0	0	-1065	-15	10	0
10	2	3	0	32	68	down	1	512	598.986844382504	3732.95409535555	575.69924756425	1536.88626602153	495.045381532197	2792.95130124444	487.65917330551	1156.26298821535	512	512	528.083373172561	598.238891548794	-593.271442419601	687.44553753896	216	39	7	29	221	235	205	21	6	45	28036	3590	2831	359	1461	1539	136	0	0	0	0	0	-940	-13	10	0
10	2	3	0	32	68	down	2	512	494.944568470322	2734.20357382147	506.838166377273	1271.28681536836	485.045381532197	2585.50451683507	497.90753372366	1108.81471167547	512	512	519.458177044376	580.641094695109	-593.326151912643	687.572637444746	233	43	7	20	209	227	217	19	6	43	27992	3759	2698	367	1539	1570	160	0	0	0	0	0	-1304	-19	11	0
10	2	3	0	32	68	down	3	512	555.745454845941	3135.7596118422	562.013067087969	1457.59561289265	571.175314888758	3368.74456516497	538.740460533956	1407.78326839491	512	512	517.942622306808	578.823446538924	-593.349402233998	687.626856416438	215	31	8	23	235	208	217	24	11	52	27998	3680	2787	351	1526	1552	154	0	0	0	0	0	-1107	-15	12	0
10	2	3	0	33	67	down	0	512	585.169993329695	3461.99985840505	552.604140285978	1470.75029428327	510.270806391571	2830.12452684053	526.266049901098	1425.73884509735	512	512	509.73292802996	563.208226335542	-593.321878019147	687.562803809756	195	51	8	26	232	229	211	20	9	43	27556	3602	2816	330	1539	1537	161	0	0	0	0	0	-968	-16	13	0
10	2	3	0	33	67	down	1	512	530.06918026782	2890.25822894614	519.532964737952	1210.67774742884	488.488397192511	2549.49545484594	493.561547539279	1082.24914928591	512	512	516.611002475538	575.640529856986	-593.451018429396	687.862047245586	205	40	5	22	240	212	228	19	5	48	27800	3482	2689	333	1605	1592	180	0	0	0	0	0	-918	-13	16	0
10	2	3	0	33	67	down	2	512	494.894161939384	2772.55005333263	466.513698949113	960.995278836133	589.464301896566	3486.46476679267	560.247133344172	1424.2335047753	512	512	518.122834874581	576.750261425136	-593.437512305082	687.830803562553	230	41	3	22	216	201	241	27	6	37	27578	3618	2743	365	1502	1546	155	0	0	0	0	0	-1028	-15	10	0
10	2	3	0	33	67	down	3	512	466.427347543447	2191.28267744039	488.729311476559	1021.58065152528	457.533482164386	2240.1337587436	469.185027934134	938.117197348477	512	512	517.230688973424	573.957036298897	-593.400418920537	687.744830755124	207	39	4	16	246	218	232	17	3	42	27658	3593	2712	341	1554	1597	166	0	0	0	0	0	-1081	-16	9	0
10	2	3	0	34	66	down	0	512	501.652772402821	2643.34947185522	521.556645304535	1251.83053657071	558.159350211569	3314.05756251175	527.645372156619	1272.45710743715	512	512	515.89294536419	569.663444592258	-593.41002634767	687.767172335966	217	41	7	19	228	213	225	26	5	43	27317	3463	2710	302	1565	1628	183	0	0	0	0	0	-874	-12	9	0
10	2	3	0	34	66	down	1	512	546.851589466879	3105.52255585635	504.680117887259	1159.10202216666	522.056024650323	2861.80545984867	517.253328329759	1295.87688407397	512	512	506.931172707875	552.208554781622	-593.383179814121	687.704634675084	214	33	5	24	236	205	227	21	7	52	27153	3633	2673	333	1626	1647	144	0	0	0	0	0	-1103	-12	9	0
10	2	3	0	34	66	down	2	512	589.840946348753	3546.85076979431	544.108607513975	1389.54264948933	506.175314888758	2707.02727092436	512.360890533953	1225.71137169238	512	512	501.767401431066	548.205288587765	-593.436158253521	687.827734860575	216	37	10	26	223	216	229	20	6	41	27159	3553	2724	356	1541	1523	186	0	0	0	0	0	-992	-14	13	0
10	2	3	0	34	66	down	3	512	400.626461167828	1803.45003162434	434.213569681601	786.178887923599	468.562602459071	2115.82674608492	520.749348500873	1197.26817788027	512	512	515.741136082556	574.229406658926	-593.524501570119	688.032420665345	229	50	1	14	218	205	249	14	7	37	27339	3435	2684	334	1581	1628	165	0	0	0	0	0	-952	-15	8	0
10	2	3	0	35	65	down	0	512	574.138063975317	3293.46177444862	574.949475652352	1533.4464817989	481.97901032407	2778.98162115083	485.913614209794	1173.32985212624	512	512	507.7872782261	552.834060760664	-593.375770305206	687.687688771624	205	38	9	24	236	257	191	21	6	37	26762	3477	2721	320	1622	1727	153	0	0	0	0	0	-1001	-18	15	0
10	2	3	0	35	65	down	1	512	610.570436517505	3902.39788742087	548.400999281602	1417.60626468105	564.063858708757	3360.04844388464	536.265240804795	1355.79572464451	512	512	495.463328799371	535.017125394505	-593.491164026268	687.955210262043	212	45	6	31	218	212	224	26	6	44	26959	3436	2576	309	1654	1584	162	0	0	0	0	0	-1094	-13	9	0
10	2	3	0	35	65	down	2	512	441.756394524389	1908.4378640152	489.752446661814	1014.60408707776	559.292092627823	3198.45590303648	564.02184147853	1598.35193169863	512	512	512.246725376113	562.671535192212	-593.266105026212	687.433366019408	198	51	5	13	245	201	219	22	12	58	26934	3351	2650	345	1555	1699	177	0	0	0	0	0	-955	-15	14	0
10	2	3	0	35	65	down	3	512	449.19408862564	2171.67189933801	470.684714234205	1010.85864873001	551.225721419696	3050.94520328037	550.784645288375	1370.09786492253	512	512	495.934411905054	529.543208400184	-593.441559060955	687.840249831555	210	56	4	16	226	191	244	23	6	48	26779	3583	2584	334	1591	1703	162	0	0	0	0	0	-1202	-14	10	0
10	2	3	0	36	64	down	0	512	564.28928356813	3302.95115964948	570.293955557228	1638.9520670088	595.445824720007	3571.63203601965	573.698344803605	1595.71897957986	512	512	489.217964967393	518.222956079595	-593.32890541805	687.578947789619	222	41	12	23	214	196	232	27	8	49	26418	3542	2499	309	1609	1862	164	0	0	0	0	0	-1244	-15	8	0
10	2	3	0	36	64	down	1	512	530.822469172194	2911.57735257598	533.843442441861	1348.56247501177	586.726977669381	3640.09095971917	529.94723283003	1326.61941010853	512	512	482.854757341489	505.241189270347	-593.276460898825	687.457095754141	215	38	8	21	230	210	222	29	5	46	26324	3525	2598	321	1713	1774	184	0	0	0	0	0	-1184	-20	8	0
10	2	3	0	36	64	down	2	512	452.583888695324	2215.51067143712	457.261088194925	924.140172613788	459.117074299387	2222.49551148392	494.557005027562	1148.86666466449	512	512	495.826245628956	530.884543277271	-593.482394358286	687.934541795893	225	43	5	16	223	214	230	16	5	47	26454	3511	2508	295	1649	1775	185	0	0	0	0	0	-1197	-15	9	0
10	2	3	0	36	64	down	3	512	495.422025984384	2715.52577475233	503.713178715607	1279.53406986438	519.517517487197	2860.44675609038	549.233212394279	1500.09930865238	512	512	494.613442640267	533.418328297209	-593.335683796558	687.594793891629	234	44	9	19	206	223	210	19	12	48	26414	3471	2556	327	1679	1780	164	0	0	0	0	0	-1112	-16	9	0
10	2	3	0	37	63	down	0	512	589.28928356813	3466.85692439636	543.144180322817	1375.39728291281	516.878197262195	2935.78101135442	504.086521406103	1340.87845212653	512	512	475.065057230305	498.688556869878	-593.544167428203	688.077960180713	198	43	8	26	237	235	207	21	9	40	25919	3515	2512	310	1628	1728	190	0	0	0	0	0	-1211	-16	11	0
10	2	3	0	37	63	down	1	512	469.268293892201	2547.42558313009	461.209803521903	947.233000878818	494.292092627823	2457.6504715068	493.097322154494	986.533324883293	512	512	497.657588141659	539.670748415931	-593.336864230961	687.597343553224	227	52	3	20	210	197	246	18	5	46	25931	3338	2662	325	1764	1747	186	0	0	0	0	0	-814	-14	11	0
10	2	3	0	37	63	down	2	512	449.644938344388	2016.74784069893	485.537935122504	1087.99176885952	519.716334551255	2996.70797738057	492.989975453801	1077.79281733879	512	512	487.603134258658	522.936147384824	-593.331436733481	687.584836298717	214	48	10	12	228	232	221	24	3	32	26037	3292	2620	307	1758	1741	176	0	0	0	0	0	-820	-15	14	0
10	2	3	0	37	63	down	3	512	457.156837712199	2455.37081472945	454.2130826604	948.604244507809	527.506874369071	2887.3220876549	543.041178380437	1394.19348251222	512	512	494.854438902981	533.021329832766	-593.428660273085	687.81021977717	235	44	1	20	212	205	237	22	5	43	25995	3383	2577	301	1691	1853	174	0	0	0	0	0	-930	-14	9	0
10	2	3	0	38	62	down	0	512	518.387584130636	2760.74772742297	529.431931331264	1416.04535008178	550.247007655948	3265.26438354819	551.389561960607	1409.90697839365	512	512	470.409134290612	487.042071477303	-593.429389660716	687.811986510981	210	52	12	18	220	203	223	26	4	56	25691	3336	2425	292	1685	1707	173	0	0	0	0	0	-1053	-17	9	0
10	2	3	0	38	62	down	1	512	467.660903021577	2290.23417691777	493.718186782842	1077.88784741477	523.283962009067	2883.21255085362	528.73217094736	1304.0825759566	512	512	487.395152998647	514.654988774632	-593.39487895891	687.731907768596	201	55	4	17	235	221	233	22	5	31	25625	3178	2645	296	1758	1770	192	0	0	0	0	0	-636	-11	12	0
10	2	3	0	38	62	down	2	512	462.785514819075	2285.19459678931	478.506162567868	994.640520036464	562.456467838133	3064.49839055201	578.681969296822	1530.74142333808	512	512	489.947155877559	522.815377563589	-593.43173028389	687.816978549583	213	48	4	17	230	190	242	21	11	48	25551	3323	2600	270	1672	1822	201	0	0	0	0	0	-889	-14	13	0
10	2	3	0	38	62	down	3	512	495.095788063135	2576.06380207077	506.229623020085	1086.49538065763	472.331856040635	2375.08508830703	512.891266232288	1230.35169672075	512	512	472.711751071309	483.405872289769	-593.470337411352	687.906657515406	206	44	3	20	239	222	226	17	6	41	25703	3363	2390	288	1771	1849	175	0	0	0	0	0	-1089	-13	9	0
10	2	3	0	39	61	down	0	512	467.106431181261	2290.10033321719	497.903622411739	1099.83198893656	689.488100632189	4618.19408704748	662.772058484648	2081.97002293752	512	512	467.768995823336	477.795327172252	-593.396388850806	687.73528088893	212	44	4	17	235	195	229	37	7	44	25142	3320	2489	281	1826	1902	171	0	0	0	0	0	-961	-12	10	0
10	2	3	0	39	61	down	1	512	433.111752740324	1940.1277457365	464.76412337646	1071.39586805401	765.891056319369	5076.57986349719	740.963241443786	2273.56424396659	512	512	469.371111723474	482.247218619687	-593.413698939282	687.775546858648	233	43	11	11	214	170	265	40	9	28	25263	3285	2395	289	1777	1826	174	0	0	0	0	0	-1061	-15	7	0
10	2	3	0	39	61	down	2	512	500.748263905633	2759.8053748917	479.243986284551	1121.7963439846	702.477457514063	4730.79890878075	669.768425400255	1916.17273381544	512	512	464.58695860319	472.482068816789	-593.410890550722	687.769020701044	226	41	5	21	219	193	232	38	7	42	25056	3392	2467	317	1811	1809	211	0	0	0	0	0	-1081	-12	10	0
10	2	3	0	39	61	down	3	512	561.122099298128	3396.95104637352	536.278047191621	1294.41829836107	637.830303230627	4030.80814068382	616.986046667813	1693.26397342988	512	512	472.348603278668	483.877793541565	-593.423293416779	687.797784818127	234	31	7	26	214	198	237	32	6	39	25127	3279	2513	313	1748	1809	173	0	0	0	0	0	-985	-15	8	0
10	2	3	0	40	60	down	0	512	344.096084623457	1330.07026818172	368.522601908448	620.52441867545	389.446121280329	1909.72663941965	372.188400881364	646.589234510014	512	512	453.137120941049	449.595192189178	-593.355124708911	687.639938651167	255	59	8	7	183	257	183	14	4	54	24546	3393	2441	340	1818	1877	189	0	0	0	0	0	-1145	-15	9	0
10	2	3	0	40	60	down	1	512	374.97398532533	1873.50779236903	343.617272885594	534.369689735668	397.73791734783	1939.04581968747	383.989854783063	791.390603145109	512	512	466.080492685845	477.165733692018	-593.247690323427	687.390741398459	265	53	1	15	178	253	181	13	7	58	24642	3240	2531	307	1939	1916	213	0	0	0	0	0	-875	-14	9	0
10	2	3	0	40	60	down	2	512	369.146491154395	1749.24651444085	353.575525069663	584.465222129923	363.944865030644	1568.75715755898	387.719807701805	728.840294075961	512	512	452.384474401203	454.845168281637	-593.423074810048	687.797089901724	254	63	3	13	179	262	171	8	11	60	24627	3376	2404	313	1905	1870	216	0	0	0	0	0	-1157	-16	10	0
10	2	3	0	40	60	down	3	512	392.912935676266	1796.20687767442	391.642625844707	764.240848355215	361.95802064814	1407.75704428302	388.205872109836	635.292643366087	512	512	468.076083198422	473.61305170314	-593.388310137744	687.71629220634	248	51	6	12	195	242	214	10	2	44	24943	3107	2374	296	1919	1928	180	0	0	0	0	0	-925	-11	9	0
10	2	3	0	41	59	down	0	512	735.790243257493	4768.19688115859	717.867663075357	2145.21845537672	476.05070309126	2613.96651783561	467.674704328671	1038.53901714124	512	512	435.165073963597	422.328491707421	-593.302878199231	687.518458104592	176	21	7	38	270	232	214	21	2	43	24119	3371	2418	300	1879	1874	221	0	0	0	0	0	-1179	-13	7	0
10	2	3	0	41	59	down	1	512	615.392609129376	3515.12732095164	642.974117955196	1661.97061990006	458.461789397196	2281.06072476975	484.06224658561	1076.01384308263	512	512	445.451347060913	438.728426412511	-593.405751475871	687.756974012631	178	31	6	27	270	231	226	17	4	34	24218	3305	2402	283	1987	1977	191	0	0	0	0	0	-1064	-12	9	0
10	2	3	0	41	59	down	2	512	737.299630125934	4792.06936197402	716.235286910905	2322.41680103945	511.705987993451	2888.39520658572	502.464414516805	1171.3688745831	512	512	450.548700681137	451.605262506931	-593.319223725902	687.556675115559	191	37	20	33	231	203	222	23	3	61	24449	3141	2333	285	1933	1920	194	0	0	0	0	0	-980	-15	10	0
10	2	3	0	41	59	down	3	512	617.880709761565	3636.2914845586	636.406406080819	1745.69731167153	490.623652108135	2767.65648451389	483.602516658954	1092.64372069877	512	512	446.596877489168	438.403446180832	-593.355402056464	687.640622447796	189	37	9	27	250	230	211	22	3	46	24259	3269	2383	297	1944	2006	207	0	0	0	0	0	-1072	-16	9	0
10	2	3	0	42	58	down	0	512	596.148707093443	3572.57424695597	601.320752748874	1625.67242787745	511.276127950634	2986.94517496138	473.86940806212	1092.3603255038	512	512	440.178504150302	435.083812124274	-593.367593598145	687.668517560093	199	45	8	27	233	230	211	24	3	44	23831	3190	2355	320	2032	2082	183	0	0	0	0	0	-1028	-13	15	0
10	2	3	0	42	58	down	1	512	597.026607795315	3534.40090808391	562.159130289219	1431.86914901585	593.008130618756	3608.65631459995	554.208844176273	1462.64498228781	512	512	430.769941684739	418.078805775998	-593.401618239603	687.747322029408	201	35	7	27	242	208	222	27	9	46	23889	3202	2292	313	1896	1907	198	0	0	0	0	0	-1103	-17	12	0
10	2	3	0	42	58	down	2	512	554.894161939384	3231.09107299513	534.512098100987	1270.59914802289	652.655284902191	4028.75351387814	630.112710117368	1867.22178833435	512	512	456.127219813145	456.324727520106	-593.397792442653	687.738474314428	198	49	3	26	236	187	235	29	13	48	24073	3034	2323	266	1879	1962	216	0	0	0	0	0	-863	-13	8	0
10	2	3	0	42	58	down	3	512	485.193792065318	2468.86609966145	511.279555125126	1216.25049921527	536.225721419696	3132.84487006318	519.253109184857	1289.65728008943	512	512	454.694429624685	457.378804514005	-593.438760702162	687.833382940329	233	28	8	17	226	219	216	24	6	47	24002	3065	2360	269	1955	2005	207	0	0	0	0	0	-827	-15	10	0
10	2	3	0	43	57	down	0	512	467.583888695324	2350.51067143712	495.417191470161	1158.06555517865	543.963045646881	3141.66546154605	529.013881501249	1332.36471591579	512	512	438.252384564745	429.042038719065	-593.276043544141	687.456376077133	225	46	8	16	217	218	225	24	6	39	23440	3061	2379	304	2015	2006	205	0	0	0	0	0	-849	-15	8	0
10	2	3	0	43	57	down	1	512	508.034738414071	2709.02120127928	525.871543214532	1273.3067190026	504.117074299387	2783.3009430136	517.005018134378	1262.13767860833	512	512	435.201760850971	418.996106655709	-593.327775748333	687.576357098973	213	42	6	20	231	218	211	20	8	55	23379	3141	2371	293	1973	2011	195	0	0	0	0	0	-964	-14	9	0
10	2	3	0	43	57	down	2	512	595.493422191252	3513.69267583242	565.184127090294	1512.9725722943	529.339690099068	2929.23993505394	525.27165720408	1302.80817043903	512	512	451.401949417794	450.593235899547	-593.392955007853	687.727241522894	208	32	9	26	237	217	232	22	6	35	23511	3038	2370	265	1987	2141	189	0	0	0	0	0	-764	-12	8	0
10	2	3	0	43	57	down	3	512	528.888840380321	3007.4466994524	525.286332325378	1431.24031582494	545.244198596256	3103.58946354714	527.912477984739	1234.96004479779	512	512	429.532603783448	409.904618405197	-593.242900783046	687.379614719502	221	45	8	22	216	212	234	24	5	37	23430	3161	2294	299	2024	2175	216	0	0	0	0	0	-1056	-17	9	0
10	2	3	0	44	56	down	0	512	508.488397192511	2826.57749417093	497.137162382229	1105.14184757537	519.74294234657	2918.42541321614	508.72135448255	1188.85787378537	512	512	431.723320038981	412.179091430856	-593.36940153012	687.672658820509	212	51	4	22	223	221	221	22	6	42	22988	3064	2304	316	2008	2088	204	0	0	0	0	0	-1007	-12	8	0
10	2	3	0	44	56	down	1	512	444.923578794392	2284.22511492864	477.247802971363	979.24504351252	556.249520155319	3253.328072343	532.570370891647	1362.31082049214	512	512	420.997185360374	396.148337914262	-593.341457863269	687.607855245042	218	61	2	18	213	213	227	25	6	41	22949	3131	2299	293	2016	2069	225	0	0	0	0	0	-1018	-17	9	0
10	2	3	0	44	56	down	2	512	377.233852038452	1503.66582969293	442.412791268578	879.53741641223	521.400739748132	2841.28253584544	519.596241786093	1221.67750645089	512	512	427.386924450044	402.547913711135	-593.408518894169	687.763438770043	239	43	4	10	216	210	238	22	4	38	23016	3012	2343	301	2132	2136	240	0	0	0	0	0	-905	-13	10	0
10	2	3	0	44	56	down	3	512	470.475241575015	2510.13082303753	465.615564800102	1069.53754404315	495.169993329695	2419.47713263475	520.447563687229	1133.88535122605	512	512	439.091225922203	427.763636685918	-593.36256536778	687.656873307335	224	59	7	18	204	199	255	18	4	36	23077	2992	2332	271	2122	2148	216	0	0	0	0	0	-838	-13	11	0
10	2	3	0	45	55	down	0	512	517.204435183444	2817.61382708442	507.595242597359	1178.52070115042	527.806504495005	3084.70187941651	506.889843614973	1199.01409488722	512	512	417.624959400619	389.655872028875	-593.28121524197	687.468412432067	219	36	6	21	230	236	215	24	5	32	22554	3066	2241	299	2181	2173	239	0	0	0	0	0	-1020	-13	10	0
10	2	3	0	45	55	down	1	512	522.406061307195	2980.10928193036	535.952111782779	1389.48768012662	568.108943680631	3404.04539490261	545.611012021094	1443.71977016331	512	512	418.98009064198	391.163730610241	-593.440348683902	687.83769352917	223	41	5	23	220	214	221	26	7	44	22723	2942	2214	281	2110	2057	184	0	0	0	0	0	-881	-14	13	0
10	2	3	0	45	55	down	2	512	496.276127950634	2264.71125291453	540.886767386168	1303.76296271482	388.992462501889	1713.08220923894	427.489074768082	869.554828330043	512	512	422.013990465163	402.548568771859	-593.42685451381	687.805882820849	190	41	10	14	257	246	206	12	4	44	22811	2976	2102	271	2048	2160	218	0	0	0	0	0	-1040	-10	9	0
10	2	3	0	45	55	down	3	512	453.061346209386	2117.74473507892	493.086668450418	1034.0913117917	525.623652108135	2886.12156281546	510.507086943241	1195.46977282619	512	512	433.670521704986	417.079702164562	-593.345091972601	687.616539791341	214	43	5	15	235	210	220	20	10	52	22606	2961	2329	264	2102	2209	226	0	0	0	0	0	-757	-12	9	0
10	2	3	0	46	54	down	0	512	466.928603793132	2350.35249251826	490.765732869162	1153.54746947373	511.05070309126	2732.43159613718	528.078296346497	1371.91301461413	512	512	401.675034399509	367.462694853736	-593.389599628344	687.719559362353	238	33	8	16	217	212	223	19	9	49	22274	2986	2128	260	2178	2132	206	0	0	0	0	0	-997	-12	11	0
10	2	3	0	46	54	down	1	512	469.994975001259	2430.12760414155	481.888639450972	1023.94556905113	517.103622121568	2817.58949186613	502.885080677175	1136.02601292399	512	512	407.555979993613	375.719265422467	-593.546747048276	688.08370649341	220	38	0	20	234	221	230	21	6	34	22358	2930	2107	253	2109	2076	207	0	0	0	0	0	-903	-13	8	0
10	2	3	0	46	54	down	2	512	618.408573806565	3872.88416700172	561.684776207879	1502.44704708013	482.960533147511	2584.25532155906	493.094589983517	1241.03214584796	512	512	407.595501098904	378.007343404286	-593.30981984778	687.535092986431	213	40	10	29	220	236	200	17	11	48	22174	2997	2183	294	2175	2165	250	0	0	0	0	0	-991	-15	8	0
10	2	3	0	46	54	down	3	512	489.644938344388	2629.63531155361	497.979257298768	1265.0506291017	469.793348877508	2039.37993335656	510.50433633515	1115.70870349902	512	512	418.74824353746	391.493649435249	-593.389625739508	687.719808002086	218	54	7	19	214	204	251	12	10	35	22268	2871	2221	288	2160	2170	202	0	0	0	0	0	-830	-13	8	0
10	2	3	0	47	53	down	0	512	577.557280900008	3296.60476509529	559.947864956512	1366.05913775126	428.262972333137	1854.43475839518	463.229617990475	880.612079021801	512	512	401.15347564149	363.064950196704	-593.277097437037	687.459088112895	188	52	9	24	239	214	238	13	4	43	21869	2933	2063	271	2193	2269	222	0	0	0	0	0	-1021	-13	9	0
10	2	3	0	47	53	down	1	512	590.493422191252	3586.13946024179	555.674394783934	1410.83710257761	545.270806391571	3280.56521328583	518.493724663587	1363.545949937	512	512	410.324849110911	379.42055890305	-593.411873237098	687.771585085842	216	31	6	28	231	225	207	25	7	48	21964	2824	2096	252	2192	2273	207	0	0	0	0	0	-859	-11	8	0
10	2	3	0	47	53	down	2	512	551.151516153136	3207.5318727164	535.985893411445	1333.34430078479	464.167480830325	2384.95446350243	478.391534953893	997.784906801644	512	512	402.803008596975	362.93678773101	-593.475696563864	687.919025236093	198	56	5	25	228	221	220	18	4	49	22066	2755	2114	201	2250	2225	218	0	0	0	0	0	-734	-13	8	0
10	2	3	0	47	53	down	3	512	526.323725421879	2926.19428528041	517.087832027134	1223.07341680984	572.90731755688	3428.63197938166	557.943723128235	1446.05792033372	512	512	404.121272441761	366.175351290396	-593.483346590178	687.937055125472	226	29	6	22	229	210	230	27	5	40	21894	2859	2118	265	2161	2076	254	0	0	0	0	0	-910	-12	10	0
10	2	3	0	48	52	down	0	512	398.363785395013	1566.46519157753	457.660424565969	883.952513075439	542.103622121568	3001.86000169738	543.112534525863	1312.82714636936	512	512	393.296238790055	347.722366030034	-593.328409185138	687.577726441273	224	41	5	10	232	205	242	23	5	37	21354	2895	2136	239	2208	2210	211	0	0	0	0	0	-948	-11	8	0
10	2	3	0	48	52	down	1	512	521.225721419696	3076.93300735224	488.652170207086	1136.07463647817	645.366001334061	4021.58615969419	594.963465019881	1615.18266318357	512	512	415.976399493789	388.247576594528	-593.467531217157	687.900608473895	231	45	5	24	207	213	228	29	13	29	21332	2767	2256	269	2130	2245	224	0	0	0	0	0	-602	-13	13	0
10	2	3	0	48	52	down	2	512	568.963045646881	3581.19428528041	539.302979171366	1480.44553269027	651.498743750315	4124.78383378453	606.827731201555	1710.98474842075	512	512	402.300625622841	368.729322784571	-593.410677673722	687.768483969886	226	43	4	29	210	193	237	32	8	42	21607	2702	2065	250	2240	2309	244	0	0	0	0	0	-824	-11	8	0
10	2	3	0	48	52	down	3	512	474.894161939384	2457.10936688733	484.082024093483	1171.2403461527	429.016261237512	1796.66574473596	482.148596046641	949.394959594311	512	512	411.524031933299	377.125627462183	-593.381734865521	687.701522079441	234	39	8	17	214	212	243	12	5	40	21506	2762	2092	264	2237	2334	266	0	0	0	0	0	-816	-16	8	0
10	2	3	0	49	51	down	0	512	446.581376195953	2227.44698264231	452.986282664737	924.766738201867	673.883222260935	4092.34907538935	703.641104881552	2174.97659747736	512	512	389.232942524847	344.92249082251	-593.429479965938	687.811941461363	215	58	3	17	219	187	252	29	14	30	21018	2856	1977	261	2333	2320	270	0	0	0	0	0	-1069	-11	7	0
10	2	3	0	49	51	down	1	512	493.613008990009	2417.55620793468	513.17696997685	1105.85747966389	639.989356881874	3839.48286245194	652.409061772253	1855.30182113923	512	512	388.612778121182	346.539113081115	-593.229200111628	687.347909798524	196	41	4	18	253	206	234	26	16	30	21106	2672	2071	263	2419	2325	235	0	0	0	0	0	-768	-12	7	0
10	2	3	0	49	51	down	2	512	469.217887361263	2411.97272907564	479.215961089809	1235.02201879922	771.270509831248	5104.47670784989	756.60654653063	2453.63226417971	512	512	388.552748422378	351.935630553845	-593.39794882937	687.738848127243	232	53	12	15	200	176	230	35	22	49	20972	2791	2073	276	2241	2302	245	0	0	0	0	0	-927	-14	8	0
10	2	3	0	49	51	down	3	512	522.257650774074	3078.75379706805	515.446398638585	1458.67417745106	673.633998665939	4150.23976514	684.531870018036	1962.13389889158	512	512	397.196253520059	355.605291649444	-593.234711651138	687.360857572497	229	58	10	22	193	179	247	30	13	43	20902	2828	2127	255	2278	2337	234	0	0	0	0	0	-869	-11	11	0
10	2	3	0	50	50	down	0	512	372.162455831584	1693.5687720097	375.149574755865	694.906420651431	388.820253233146	1771.79063972337	397.646935444719	852.344040121223	512	512	389.319048345287	347.127751700433	-593.519447306068	688.020412195295	241	69	4	12	186	238	186	11	8	69	20674	2647	2038	241	2248	2356	247	0	0	0	0	0	-734	-12	9	0
10	2	3	0	50	50	down	1	512	341.886624441273	1424.30133947947	352.47167075267	577.153667433626	431.682189257829	2230.28284735434	415.534021899942	774.148716813279	512	512	388.003174029399	343.355744227199	-593.472730944007	687.912165307022	248	68	3	10	183	229	206	18	1	58	20546	2715	2094	245	2314	2287	223	0	0	0	0	0	-740	-11	9	0
10	2	3	0	50	50	down	2	512	436.533778724708	2353.56261740765	415.264656675855	845.498135122129	385.350629777517	1768.63548146755	389.61247911042	783.235904420979	512	512	393.907985468013	361.755237561717	-593.355289663551	687.640157920273	227	75	4	18	188	256	183	11	8	54	20494	2751	2103	252	2223	2481	239	0	0	0	0	0	-782	-13	10	0
10	2	3	0	50	50	down	3	512	350.88130288221	1316.75120118987	362.408688778598	573.649324169504	334.64774740408	1220.61123120624	365.18108290358	575.244872507193	512	512	387.736045864638	345.026004402177	-593.439316405573	687.834949888527	231	67	5	8	201	253	199	8	3	49	20635	2656	2072	237	2390	2437	260	0	0	0	0	0	-748	-11	10	0
10	2	3	0	51	49	down	0	512	716.220103300311	4668.18793244543	690.02841014842	2056.68436580649	481.955211588448	2700.68688937726	491.399555969884	1237.60139794571	512	512	380.141196663483	334.674719823542	-593.369957684985	687.67414168427	181	37	10	36	248	247	191	19	9	46	20141	2646	2033	268	2353	2390	233	0	0	0	0	0	-760	-13	10	0
10	2	3	0	51	49	down	1	512	689.814338553438	4150.05739259781	705.325535904194	2238.86399488139	540.294605127193	3137.68976844534	514.563873631241	1266.67010924237	512	512	379.292884930174	332.783964374239	-593.247935410722	687.391400797857	175	43	20	27	247	223	221	24	6	38	20118	2721	2020	229	2427	2461	278	0	0	0	0	0	-796	-13	7	0
10	2	3	0	51	49	down	2	512	717.501256249685	4747.55871885589	686.369879531836	2047.09894640316	460.626461167828	2341.0791885759	481.010869849195	1028.76659839921	512	512	373.19942063443	323.286611100452	-593.502029936809	687.98034417777	183	35	7	38	249	209	223	18	3	59	20177	2603	2042	266	2393	2418	244	0	0	0	0	0	-692	-17	12	0
10	2	3	0	51	49	down	3	512	717.501256249685	4318.50107138716	723.952799440135	2208.29984031529	514.493718751574	2872.59271076211	506.122972265238	1226.56825644277	512	512	370.190820373096	320.631374854582	-593.451014829074	687.862030821696	167	37	21	28	259	209	222	22	5	54	20324	2573	1968	223	2377	2359	263	0	0	0	0	0	-747	-12	8	0
10	2	3	0	52	48	down	0	512	545.647450843758	2947.88137289061	560.945645711504	1524.55116917243	587.984331883133	3544.08497503106	579.964808166814	1662.81100071239	512	512	342.538769702763	286.537506013606	-593.504239342787	687.985510968972	200	46	11	20	235	202	220	26	10	54	19820	2671	1849	236	2504	2341	257	0	0	0	0	0	-945	-13	7	0
10	2	3	0	52	48	down	1	512	522.254841714382	2783.5378574045	521.712834509611	1206.78089496166	444.819956672823	2088.43772242024	482.070424915147	1012.33280519618	512	512	377.340774151027	326.914589281167	-593.46841295929	687.9022479332	206	37	5	21	243	217	237	16	2	40	19997	2463	1892	224	2454	2450	234	0	0	0	0	0	-732	-12	9	0
10	2	3	0	52	48	down	2	512	385.276424510956	1570.51095462703	456.812685503444	855.639183965172	592.103622121568	3704.74747255205	534.835725937058	1319.32887030512	512	512	368.203816184887	310.706035930382	-593.270237761462	687.443311372886	219	59	3	11	220	209	224	30	4	45	19783	2584	1985	224	2478	2380	257	0	0	0	0	0	-694	-9	8	0
10	2	3	0	52	48	down	3	512	523.085144945009	2726.58658447905	548.283049545053	1405.22643605917	446.151516153136	2267.27355881328	465.891520892818	981.411382433039	512	512	366.292486303153	314.530838341336	-593.30478366712	687.522994069394	204	46	11	18	233	238	212	17	4	41	19758	2693	1872	253	2493	2514	259	0	0	0	0	0	-965	-13	11	0
10	2	3	0	53	47	down	0	512	470.398227248762	2236.0608663647	501.655467620385	1131.95988066047	541.628973667198	3177.94221093632	514.286733748543	1267.02613825469	512	512	367.744789472822	312.721042692044	-593.476154245379	687.920220109777	212	48	10	14	228	211	214	24	7	56	19469	2513	1851	231	2482	2522	223	0	0	0	0	0	-803	-13	9	0
10	2	3	0	53	47	down	1	512	472.684701757199	2492.6170459804	479.773292824076	1091.464466562	495.321212922509	2616.04855716061	486.005676328933	967.244532345563	512	512	357.277584285786	302.567780642228	-593.269204759733	687.440577442523	223	48	4	19	218	216	232	20	4	40	19235	2534	2068	227	2483	2435	254	0	0	0	0	0	-613	-11	10	0
10	2	3	0	53	47	down	2	512	544.138063975317	3102.54991173768	512.123633517357	1168.81953040645	519.164671770632	2995.80226927168	494.359321311462	1128.48906777937	512	512	366.05877802937	315.078284629944	-593.357026084175	687.644242497546	217	33	5	24	233	226	220	24	3	39	19333	2521	1986	224	2488	2445	238	0	0	0	0	0	-656	-12	7	0
10	2	3	0	53	47	down	3	512	440.700666434388	2024.85726422425	468.647861340193	949.652555306429	567.37945351188	2973.23996337293	592.391761973032	1546.53475604998	512	512	365.490545559031	313.732574378102	-593.35031992295	687.628290868572	210	48	3	15	236	194	245	18	16	39	19358	2519	1955	232	2404	2493	257	0	0	0	0	0	-682	-14	9	0
10	2	3	0	54	46	down	0	512	502.607687430946	2820.52269745131	485.106892522755	1086.17855827894	383.817444173453	1628.10962175825	441.887232292431	848.657812062097	512	512	356.525111671156	296.634775508229	-593.521531676081	688.02543837307	227	42	4	22	217	235	215	12	2	48	19006	2409	1914	223	2606	2440	245	0	0	0	0	0	-647	-13	9	0
10	2	3	0	54	46	down	1	512	438.538803723449	2022.79032821447	467.423062559264	1011.85186425002	554.114265239694	3231.70196437348	549.68259785084	1393.03580193591	512	512	349.424924676725	287.803511595497	-593.4428996186	687.843168062247	219	41	3	15	234	215	221	24	8	44	18832	2562	1916	242	2461	2464	250	0	0	0	0	0	-714	-10	11	0
10	2	3	0	54	46	down	2	512	508.838433849383	2886.15792404794	487.741043952452	1082.30005592516	474.544125282512	2514.9757214197	493.909216723669	1170.34954140454	512	512	347.878626320545	289.468857912985	-593.350333155733	687.628674888779	226	40	3	23	220	228	209	18	7	50	18752	2592	1970	238	2569	2554	279	0	0	0	0	0	-734	-16	9	0
10	2	3	0	54	46	down	3	512	472.560089959701	2473.02137119322	472.315519502673	1095.44672717977	522.35846383595	2706.07303397385	557.659340153124	1525.68027012185	512	512	350.612214377603	293.010282512753	-593.34997915261	687.627675528989	219	55	6	18	214	195	228	17	13	59	18817	2524	1973	238	2542	2496	267	0	0	0	0	0	-718	-12	11	0
10	2	3	0	55	45	down	0	512	493.461789397196	2751.86615629943	490.118691305719	1150.56387256573	560.496231250945	3335.73234091785	536.475055223901	1335.96400643836	512	512	344.245835336458	284.665651991195	-593.510426704071	687.999543665685	235	40	5	21	211	207	231	27	3	44	18520	2387	1913	220	2484	2575	251	0	0	0	0	0	-566	-9	10	0
10	2	3	0	55	45	down	1	512	404.066667768449	1788.57757912791	434.356300157544	797.551764587751	548.082335885316	3008.71099804362	556.96119758277	1387.39330048008	512	512	340.104480562432	276.604052618454	-593.357966223577	687.646499671322	239	38	3	13	219	205	249	23	5	30	18610	2426	1765	239	2542	2573	272	0	0	0	0	0	-824	-13	8	0
10	2	3	0	55	45	down	2	512	542.960533147511	3081.15498834187	532.449375183636	1332.01136727751	566.851589466879	3402.96934026572	530.058149680814	1297.97939920708	512	512	350.409929443633	284.42054718603	-593.356602353819	687.643213605364	200	55	7	23	227	222	220	26	7	37	18543	2482	1789	226	2604	2762	266	0	0	0	0	0	-782	-12	8	0
10	2	3	0	55	45	down	3	512	479.191279565947	2363.35562645727	482.969726014314	1054.29285430958	559.440503160944	3120.17613298317	532.958760592135	1364.85864568281	512	512	347.336772694976	288.655240335395	-593.345685300827	687.617894712156	215	43	8	16	230	203	235	22	10	42	18504	2476	1833	227	2539	2617	263	0	0	0	0	0	-749	-11	11	0
10	2	3	0	56	44	down	0	512	510.899483498447	2888.20052483943	508.002969246303	1205.1184673659	518.260163273445	2918.09409365817	507.787192686089	1258.85714923122	512	512	335.216637500713	274.84927566201	-593.276963580706	687.458283151853	219	45	3	23	222	235	205	20	11	41	18072	2470	1757	229	2604	2762	281	0	0	0	0	0	-914	-11	9	0
10	2	3	0	56	44	down	1	512	491.101109622198	2787.33733256507	468.630716788117	1054.243775413	558.509386868441	3118.37967848564	558.861422748045	1358.06654358347	512	512	329.447074725247	265.240586279335	-593.293609481815	687.496998527941	227	46	1	23	215	203	249	24	5	31	17941	2519	1840	228	2648	2672	266	0	0	0	0	0	-846	-13	9	0
10	2	3	0	56	44	down	2	512	512.204435183444	2930.79010166254	507.112745412252	1391.1298534081	526.024095295945	3063.16094471098	517.540229791137	1290.85315020318	512	512	342.352623261909	275.991691642022	-593.435909518396	687.827081308188	243	37	9	21	202	231	209	23	7	42	18249	2278	1773	228	2605	2567	235	0	0	0	0	0	-624	-11	8	0
10	2	3	0	56	44	down	3	512	411.302735745949	1875.59276740009	450.101567164914	973.298235917428	459.14087303501	2065.89667443875	490.056356280484	1013.22491059722	512	512	352.877631890956	300.366519371468	-593.505753573816	687.988853044633	243	39	5	13	212	208	246	14	6	38	18202	2343	1776	207	2597	2760	268	0	0	0	0	0	-674	-12	6	0
10	2	3	0	57	43	down	0	512	402.133038976576	1629.18861210121	438.123993323308	789.547151121842	578.912639115943	3377.56515664785	568.922696390912	1606.68890128059	512	512	317.839404911221	247.118744167802	-593.424576358873	687.800474300973	221	44	4	11	232	207	226	24	11	44	17692	2420	1676	228	2718	2686	271	0	0	0	0	0	-937	-11	10	0
10	2	3	0	57	43	down	1	512	506.299926686256	2688.26429859122	523.187056096243	1273.72883158231	548.485588132818	3126.25512332613	520.798171862112	1228.50581139687	512	512	333.650117294489	269.331735257229	-593.266824842169	687.434945091446	224	35	8	19	226	205	241	25	3	38	17515	2414	1851	236	2644	2653	263	0	0	0	0	0	-680	-11	7	0
10	2	3	0	57	43	down	2	512	435.9764978247	1961.13079471854	467.217681407916	957.286195761505	460.573245577198	2165.66870876102	508.689937750049	1232.83215337496	512	512	323.411789612155	254.699502386229	-593.430793304216	687.814711412485	215	44	4	14	235	215	236	15	6	40	17857	2256	1687	216	2675	2657	234	0	0	0	0	0	-713	-11	8	0
10	2	3	0	57	43	down	3	512	473.437990661573	2434.84803232117	489.622324670573	1113.22062913251	549.265484832508	3207.10321228528	526.252245764261	1386.37783964124	512	512	343.324311843078	277.681922445314	-593.463144876614	687.89018376074	221	45	5	18	223	220	212	23	10	47	17600	2438	1759	219	2590	2788	286	0	0	0	0	0	-771	-11	8	0
10	2	3	0	58	42	down	0	512	632.376644452187	3888.61659287654	594.761213066591	1641.918138432	440.324021982201	1966.84210427105	508.280200006051	1197.42629754974	512	512	314.728937334399	244.049526620621	-593.388008873373	687.715919736773	207	30	10	29	236	215	225	12	9	51	17333	2235	1725	211	2864	2782	276	0	0	0	0	0	-624	-13	10	0
10	2	3	0	58	42	down	1	512	517.583888695324	2856.86322059336	500.897623544072	1268.75932543965	548.337177599698	3245.26438354819	544.419539706278	1414.70486368165	512	512	322.018166094567	257.790644929821	-593.487021034679	687.945432506216	209	53	7	21	222	219	203	23	11	56	17209	2281	1807	207	2763	2777	251	0	0	0	0	0	-607	-11	11	0
10	2	3	0	58	42	down	2	512	527.254841714382	2828.5378574045	522.08071844111	1185.92331109759	500.647450843758	2701.05764746873	525.953549814306	1250.53100757906	512	512	314.271912500053	245.799796963342	-593.294734199304	687.499685102096	206	38	6	21	241	224	223	20	6	39	17204	2342	1743	215	2771	2729	287	0	0	0	0	0	-779	-11	9	0
10	2	3	0	58	42	down	3	512	562.254841714382	3358.06668113886	512.4095074944	1101.98468102885	450.146194594073	2094.3586754393	493.446882556429	979.538533680873	512	512	336.584275151265	276.431261318503	-593.279784493641	687.465144198328	214	44	6	26	222	213	243	16	2	38	17261	2214	1815	214	2583	2748	292	0	0	0	0	0	-510	-11	8	0
10	2	3	0	59	41	down	0	512	449.621139608765	2387.87550147847	457.565718365346	1022.99903868805	779.559496839056	5053.10877218852	769.777607238749	2458.92361943572	512	512	323.0052457567	254.361414438912	-593.472727957123	687.912308574173	228	56	2	19	207	157	273	38	13	31	16841	2238	1703	210	2724	2827	265	0	0	0	0	0	-620	-12	10	0
10	2	3	0	59	41	down	1	512	532.456467838133	3108.48009665981	497.519950770049	1104.56843669589	689.360679774998	4226.66517835614	673.026337821689	1896.53176675902	512	512	306.387402099255	237.762793314909	-593.386639357997	687.7127803895	218	43	3	25	223	176	261	31	12	32	16932	2288	1592	180	2779	2807	274	0	0	0	0	0	-871	-10	6	0
10	2	3	0	59	41	down	2	512	427.008427179078	1990.39836884372	446.669636215694	957.53362081652	677.978713763748	4174.71684113676	673.240564078064	1944.78584070082	512	512	321.150009509282	253.267742992853	-593.366179508002	687.665223462327	221	55	5	14	217	184	256	31	11	30	16902	2189	1680	221	2741	2849	289	0	0	0	0	0	-631	-11	9	0
10	2	3	0	59	41	down	3	512	456.528160605323	2338.57142452586	486.043113100472	1150.31615984971	575.721656110318	3255.45878210457	602.246872293602	1619.33380633281	512	512	321.358176605049	254.556295461543	-593.448527285052	687.855980435781	241	42	8	16	205	193	245	24	8	42	16899	2247	1664	182	2683	2961	291	0	0	0	0	0	-703	-11	7	0
10	2	3	0	60	40	down	0	512	327.663712081269	1388.91519488288	336.688170037947	509.481207501059	433.767037642515	2272.26153279909	417.660759319635	819.805806241067	512	512	309.836578137272	244.301042077911	-593.445603309298	687.849288173847	268	54	0	11	179	236	201	18	2	55	16339	2272	1674	195	2740	2822	303	0	0	0	0	0	-774	-15	8	0
10	2	3	0	60	40	down	1	512	398.33998665939	1919.59895032113	378.734183343727	634.658863943232	425.828087291579	2107.58683934997	416.905460362797	912.43876988003	512	512	308.797048835289	238.490041267884	-593.291827164549	687.493196728891	250	51	4	14	193	237	193	14	8	60	16471	2164	1649	196	2879	2846	313	0	0	0	0	0	-658	-12	7	0
10	2	3	0	60	40	down	2	512	336.785811379397	1261.83021985182	363.253412260148	612.041416084049	402.058833710016	1982.31020323566	372.327900536597	628.55897310152	512	512	323.03578630246	249.515760045847	-593.396358033556	687.735359682031	242	65	4	8	193	248	193	15	3	53	16640	2137	1525	178	2702	2966	278	0	0	0	0	0	-688	-9	7	0
10	2	3	0	60	40	down	3	512	335.10140618252	1182.36209256821	372.596461278889	704.148443095803	434.093275563765	2233.18248581815	420.320284862916	811.859873498626	512	512	293.514519457434	219.898323477841	-593.381144074842	687.699948343448	248	59	7	6	192	232	209	18	1	52	16371	2365	1559	185	2751	2738	284	0	0	0	0	0	-907	-16	7	0
10	2	3	0	61	39	down	0	512	723.85661446562	4735.7075809147	672.145867590361	2002.3102450073	494.063858708757	2596.97860048778	514.629540717405	1275.31810235121	512	512	303.804222823253	226.034921246253	-593.441997315561	687.841232575016	186	27	9	37	253	236	213	17	11	35	15883	2145	1725	215	2785	2745	298	0	0	0	0	0	-524	-12	7	0
10	2	3	0	61	39	down	1	512	595.695048315003	3513.741346269	600.13536674246	1580.94496781322	490.395418189069	2455.19137789333	515.377470083405	1261.45417514807	512	512	305.263645383189	233.391330358777	-593.337050318382	687.597679786257	204	36	9	26	237	225	228	16	10	33	16090	2078	1584	216	2763	2830	258	0	0	0	0	0	-604	-11	10	0
10	2	3	0	61	39	down	2	512	706.469326895307	4775.55555659789	663.533778419956	1995.50541459517	518.838433849383	2799.98774743388	510.170341008441	1266.64678599561	512	512	276.892435754937	198.65550792954	-593.473540386811	687.914351234131	213	23	8	38	230	214	228	20	8	42	15978	2229	1552	209	2956	2754	305	0	0	0	0	0	-826	-10	10	0
10	2	3	0	61	39	down	3	512	679.31027324406	4371.54657956574	651.526540616285	1831.40695451739	505.52283904626	2764.82061980186	499.954146935192	1172.19507005566	512	512	302.512641803799	230.1413614198	-593.274474945972	687.452588174656	193	29	6	35	249	216	224	21	5	46	16089	2088	1584	207	2859	2961	324	0	0	0	0	0	-627	-9	10	0
10	2	3	0	62	38	down	0	512	507.533482164386	2805.20970010453	487.288510958469	1079.70190343129	568.660606461254	3287.50431860213	567.310809382647	1445.69346611038	512	512	285.524407492082	211.504826733437	-593.429513789632	687.812025199041	206	49	1	23	233	212	230	24	9	37	15548	2137	1562	209	2945	2892	303	0	0	0	0	0	-678	-10	8	0
10	2	3	0	62	38	down	1	512	425.199410184703	1988.41660609793	482.486901098268	1082.45248465096	514.467110956259	2971.24002001091	504.554026457719	1231.9431382938	512	512	285.220046843218	205.633996977649	-593.41823655023	687.785814782773	223	55	5	14	215	228	211	23	5	45	15605	2106	1546	199	2921	2902	322	0	0	0	0	0	-740	-10	8	0
10	2	3	0	62	38	down	2	512	490.398227248762	2610.22494501469	516.607243804913	1217.76921293924	508.485588132818	2748.26122129019	504.979284742654	1124.75296001329	512	512	310.926487510436	238.71415654455	-593.333488102708	687.589374831082	212	50	4	20	226	217	239	22	2	32	15656	2044	1576	180	2848	3064	304	0	0	0	0	0	-578	-14	9	0
10	2	3	0	62	38	down	3	512	526.676571138443	3043.72624295378	526.273285316082	1268.89533000544	554.817147613131	3212.27943022542	532.093319776973	1255.68763014605	512	512	284.565466936271	207.565197162748	-593.374412141455	687.684207346824	227	36	4	24	221	210	233	25	5	39	15793	2048	1440	175	2985	2943	312	0	0	0	0	0	-679	-10	6	0
10	2	3	0	63	37	down	0	512	474.11988335908	2532.89382368966	498.334106757468	1199.19190556923	498.538803723449	2522.06083804571	519.306389874453	1260.63065868935	512	512	267.224825652997	190.420239670252	-593.436987477208	687.829424277023	209	68	5	19	211	203	232	17	9	51	15065	2151	1521	207	3029	2843	314	0	0	0	0	0	-711	-9	7	0
10	2	3	0	63	37	down	1	512	540.647450843758	3079.05154950466	524.183820916213	1296.39731559073	535.973688765007	3015.33724760809	539.202798752516	1367.65991697236	512	512	297.682235839134	227.671535273865	-593.42143538103	687.793459805851	212	45	7	23	225	216	224	22	8	42	15312	1963	1494	175	2886	3027	316	0	0	0	0	0	-538	-11	8	0
10	2	3	0	63	37	down	2	512	506.753585464697	2923.26737589224	495.824956869421	1191.63630632151	591.148707093443	3724.1091686544	568.634983348604	1460.76396929013	512	512	282.380593041789	208.551417931019	-593.447056840808	687.852758192371	231	44	4	23	210	219	212	29	7	45	15141	2068	1525	210	2875	3073	308	0	0	0	0	0	-650	-16	8	0
10	2	3	0	63	37	down	3	512	437.557280900008	1944.26441186718	473.814112817574	982.848307671969	559.840946348753	3121.04533826463	553.575896348454	1454.91015886472	512	512	285.284085624016	212.426829601018	-593.292480470938	687.494383636709	228	31	6	13	234	212	236	22	10	32	15070	2187	1518	169	2994	3051	302	0	0	0	0	0	-793	-13	8	0
10	2	3	0	64	36	down	0	512	505.220399860633	2764.74761414701	509.290346722663	1194.24822074627	499.467110956259	2660.06984339686	493.43119674962	1082.53284715279	512	512	286.491805574345	215.381370467409	-593.473001419082	687.913105025334	222	40	5	21	224	216	229	20	5	42	14725	1945	1568	194	2937	3105	291	0	0	0	0	0	-503	-10	9	0
10	2	3	0	64	36	down	1	512	473.461789397196	2395.69597968537	482.610666237354	1067.23969297943	600.923282234069	3577.58949186613	579.608664399895	1499.24327379508	512	512	269.332248999787	193.279968626113	-593.39815701111	687.73967006343	223	36	4	18	231	189	238	27	8	50	14786	2008	1436	202	3002	2974	311	0	0	0	0	0	-660	-11	8	0
10	2	3	0	64	36	down	2	512	492.103622121568	2633.31898203488	478.04164583456	1085.33901491306	510.973688765007	2693.2552082831	505.954934691502	1246.77142761363	512	512	270.651694292634	197.032776774776	-593.3819078888	687.701553524799	237	31	7	19	218	216	231	19	8	38	14811	1952	1485	184	2965	3051	332	0	0	0	0	0	-566	-10	8	0
10	2	3	0	64	36	down	3	512	456.928603793132	2298.71113963857	485.511697219243	1017.18892424716	420.374428513139	1786.85427188019	470.644514116714	928.352265552831	512	512	292.576379565158	216.357832284117	-593.420085432911	687.790334887664	234	30	2	18	228	214	233	12	5	48	14782	1935	1515	200	2865	3097	285	0	0	0	0	0	-536	-11	8	0
10	2	3	0	65	35	down	0	512	454.920769734699	2216.82070475884	481.106498261415	964.140535054937	643.482779073126	3979.656144686	609.719238879945	1723.37333856441	512	512	267.134801005164	193.010237508401	-593.352568200196	687.633844609398	211	43	0	18	240	202	233	29	12	36	14396	1849	1503	172	3101	3131	316	0	0	0	0	0	-472	-10	7	0
10	2	3	0	65	35	down	1	512	566.501552810008	3422.47704767778	537.082813652747	1427.45384754446	488.135551475947	2411.5987520882	508.723360640386	1066.68219118286	512	512	289.539195508484	217.575494517612	-593.489148461409	687.950425901203	220	49	10	25	208	203	247	18	4	40	14433	1866	1433	188	2919	3078	309	0	0	0	0	0	-450	-8	8	0
10	2	3	0	65	35	down	2	512	545.620843048443	3026.16393705503	538.136690300317	1369.97384551489	477.708500492822	2439.74160113991	499.536560865423	1099.1142697584	512	512	279.315994727296	209.386180691388	-593.432043848174	687.818153652315	211	36	8	22	235	221	228	18	5	40	14371	1885	1500	164	2896	3041	281	0	0	0	0	0	-451	-11	7	0
10	2	3	0	65	35	down	3	512	523.68721425657	3118.2034605455	498.971405835271	1121.36925081695	605.291796067501	3779.81418200991	578.68157754756	1558.23063266422	512	512	274.41705108352	193.922280794721	-593.417538152673	687.784254048757	229	39	1	26	217	224	221	29	8	30	14427	1922	1415	156	3022	3095	313	0	0	0	0	0	-567	-10	8	0
10	2	3	0	66	34	down	0	512	440.12239585845	2181.32225756884	478.187788116786	1128.34332520964	494.74294234657	2420.1731972771	544.156744918401	1393.21001502829	512	512	259.02311099682	177.984224688261	-593.46102864614	687.884809560627	227	46	2	17	220	209	240	16	9	38	14038	1858	1332	180	2955	3054	286	0	0	0	0	0	-612	-11	9	0
10	2	3	0	66	34	down	1	512	456.403548807825	2122.44082804026	493.224728410025	1156.83583782542	471.276127950634	2491.50448851608	487.929310562268	1106.24410354187	512	512	273.098269532209	192.054362938853	-593.394489959315	687.730907781666	217	48	10	13	224	234	217	19	4	38	13829	1934	1467	178	2949	3221	313	0	0	0	0	0	-581	-11	8	0
10	2	3	0	66	34	down	2	512	567.37945351188	3208.13353219167	561.841227910953	1494.10718643632	563.711012992192	3380.32801570502	526.309412664634	1334.73495503122	512	512	267.234588098871	188.8345440167	-593.356350957892	687.642566193497	210	39	12	22	229	227	213	25	9	38	13983	1809	1452	164	2982	3129	328	0	0	0	0	0	-455	-9	9	0
10	2	3	0	66	34	down	3	512	510.546637781882	2750.30382208169	495.020824815797	1062.51869519368	451.679380198136	2135.43165277517	474.970970588768	974.220928191712	512	512	249.721027563309	170.357466885766	-593.346965567124	687.620542716602	210	37	2	22	241	214	237	16	3	42	13938	1943	1366	161	3143	3175	325	0	0	0	0	0	-700	-11	8	0
10	2	3	0	67	33	down	0	512	458.061346209386	2162.74473507892	478.388057483254	1010.57970488097	591.649963343128	3548.83253254009	569.831053481788	1548.63545559899	512	512	239.307148226193	167.991293444068	-593.30777423203	687.530197779327	214	44	6	15	233	214	225	26	10	37	13432	1907	1369	188	3270	3151	333	0	0	0	0	0	-639	-10	7	0
10	2	3	0	67	33	down	1	512	605.846267907816	4014.84159452922	537.883423746983	1457.25658786089	529.66873708001	3006.83580807405	513.758862641008	1192.67526742959	512	512	277.798285493012	200.00974057646	-593.329558970578	687.58035225997	229	41	4	33	205	204	231	24	3	50	13654	1685	1386	171	3002	3373	329	0	0	0	0	0	-399	-10	10	0
10	2	3	0	67	33	down	2	512	472.106431181261	2414.18847050625	518.649024570124	1283.74202803143	482.859720085635	2426.05471176266	502.473017254815	1159.71141631236	512	512	260.575077788835	182.286313640243	-593.369142477886	687.672165344664	224	46	7	17	218	214	230	17	7	44	13631	1768	1325	172	3150	3256	322	0	0	0	0	0	-474	-10	9	0
10	2	3	0	67	33	down	3	512	528.764228582823	3164.02120127928	511.208162628975	1356.337453335	450.270806391571	2134.31909531085	477.683439675668	971.307837934347	512	512	258.665344896546	177.233520154329	-593.406582569913	687.759013688604	229	52	7	24	200	225	236	16	3	32	13598	1745	1390	163	3058	3057	299	0	0	0	0	0	-446	-12	8	0
10	2	3	0	68	32	down	0	512	487.859720085635	2647.22488837671	495.109190153239	1165.145303158	599.514708427504	3617.20642457057	595.512271275647	1727.56912620478	512	512	250.571925314384	168.70594081916	-593.496444281378	687.967359099078	226	45	5	20	216	216	215	25	14	42	13238	1803	1183	160	3025	3224	326	0	0	0	0	0	-700	-14	6	0
10	2	3	0	68	32	down	1	512	560.546637781882	3356.10925361137	520.549822586719	1310.96224949499	548.862232585005	3048.82959683402	561.442774059317	1403.26855102672	512	512	262.764674960702	192.807744167533	-593.339869728266	687.604417877495	214	46	6	26	220	204	242	23	6	37	13159	1726	1327	172	3192	3330	334	0	0	0	0	0	-521	-12	9	0
10	2	3	0	68	32	down	2	512	554.618330549072	3466.71720928365	514.332731966689	1306.70898063493	599.164671770632	3575.61989672949	580.809487448172	1464.40278289956	512	512	245.147577102702	175.814202770519	-593.452232367689	687.864636162089	221	54	4	28	205	190	236	27	8	51	13211	1724	1286	163	3078	3192	314	0	0	0	0	0	-531	-11	8	0
10	2	3	0	68	32	down	3	512	553.737620787507	3212.04545154059	557.376819271577	1427.29104833513	401.43015660314	1490.43487167114	480.942622202734	925.976977496461	512	512	234.691865475457	161.556291576329	-593.299627549657	687.511036509367	216	46	10	23	217	202	250	10	3	47	13005	1850	1333	196	3293	3199	349	0	0	0	0	0	-654	-10	7	0
10	2	3	0	69	31	down	0	512	440.475241575015	2222.1369210016	452.524833722183	1042.35216093924	614.111456180002	3591.56196607086	660.563776313673	1712.09508403202	512	512	225.244597007706	153.177077829834	-593.346714626805	687.620244553745	236	55	8	15	198	180	268	29	3	32	12730	1820	1185	137	3248	3242	305	0	0	0	0	0	-769	-9	6	0
10	2	3	0	69	31	down	1	512	507.708500492822	2651.01820893523	516.260498754632	1298.74500575988	709.663118960625	4542.1788704563	712.42683622693	2088.47076334729	512	512	240.382031605922	169.00976279694	-593.466059001715	687.89669891864	217	46	12	17	220	166	263	36	7	40	12725	1809	1214	124	3126	3280	317	0	0	0	0	0	-670	-12	8	0
10	2	3	0	69	31	down	2	512	400.676867698766	1686.01541482411	436.531911081139	824.159037749805	661.14589803375	3959.44034661741	698.091646348714	1991.47189398394	512	512	242.022825618043	162.581045276148	-593.386250203037	687.711841920716	220	51	3	12	226	176	260	29	11	36	12804	1614	1287	167	3171	3247	304	0	0	0	0	0	-438	-10	8	0
10	2	3	0	69	31	down	3	512	451.95802064814	2312.46824055957	460.722178090043	945.412790005944	732.602069311561	4706.41287746012	757.811321438767	2317.08754719004	512	512	233.999119836497	155.553189396661	-593.414984490503	687.77834333151	222	58	5	17	210	169	255	35	13	40	12788	1681	1258	145	3171	3185	338	0	0	0	0	0	-445	-10	8	0
10	2	3	0	70	30	down	0	512	391.130526477206	1871.74798229389	397.065476667163	820.302784079312	334.096084623457	1357.51705259109	366.285422229918	623.231833048809	512	512	227.117799700743	156.585936883204	-593.340463659101	687.605619205916	243	60	3	14	192	263	179	9	4	57	12154	1833	1213	160	3332	3330	319	0	0	0	0	0	-755	-11	6	0
10	2	3	0	70	30	down	1	512	388.443608780959	2045.7510879139	370.007853435284	669.901345195262	447.005618119385	2308.98176274578	437.866581147749	918.174732978573	512	512	231.117039948059	155.927310778742	-593.473277932895	687.913405343141	259	71	5	15	162	254	191	15	10	42	12252	1715	1254	139	3230	3341	316	0	0	0	0	0	-567	-11	8	0
10	2	3	0	70	30	down	2	512	345.074798387205	1526.8148333467	345.049013503821	599.573789317584	441.379750072202	2261.48644949479	422.960330180114	875.945103166596	512	512	238.833253466244	161.299480523033	-593.485307833291	687.941639431276	271	51	3	11	176	231	206	17	4	54	12479	1556	1178	147	3192	3360	330	0	0	0	0	0	-422	-9	8	0
10	2	3	0	70	30	down	3	512	396.80961011502	1839.39546145664	415.956421043723	822.209361309109	330.377237572832	1333.16444679687	367.071112610104	613.83057649382	512	512	234.918650847839	159.332973249259	-593.403487801882	687.7519699583	236	66	7	12	191	261	186	10	1	54	12227	1715	1271	147	3291	3303	302	0	0	0	0	0	-568	-12	6	0
10	2	3	0	71	29	down	0	512	692.225424859374	4308.7624625913	693.786508269133	2116.88194528993	447.43266910251	2190.83891369406	469.448883016585	1034.59111771324	512	512	230.020798397524	147.696187382241	-593.402318403824	687.749283977643	182	36	14	31	249	236	214	15	7	40	11907	1616	1191	134	3245	3389	340	0	0	0	0	0	-497	-9	7	0
10	2	3	0	71	29	down	1	512	663.45617127781	4158.85057156137	629.972733507488	1739.32770126279	538.058537149694	2881.1457564388	555.262455748503	1515.3917406346	512	512	226.499783209809	152.510770496022	-593.343323021835	687.61223226842	201	29	11	31	240	211	231	19	12	39	11830	1630	1228	160	3311	3325	312	0	0	0	0	0	-543	-8	6	0
10	2	3	0	71	29	down	2	512	643.156541151876	3978.00570149819	624.86752063471	1724.75669557034	531.97901032407	3030.07585640395	544.755620851665	1419.51815606741	512	512	222.165035064173	149.694713520406	-593.452100431294	687.864359383921	190	37	7	31	247	217	223	23	6	43	12045	1591	1097	115	3274	3304	321	0	0	0	0	0	-570	-8	9	0
10	2	3	0	71	29	down	3	512	615.140576474687	3497.07258086999	618.796770463832	1704.91695602616	628.509386868441	3863.45561984657	584.886637485005	1512.3422586818	512	512	223.329527550351	143.684460381163	-593.402015454823	687.748406360007	195	28	13	24	252	191	242	30	7	42	11890	1601	1209	148	3220	3258	314	0	0	0	0	0	-463	-10	9	0
10	2	3	0	72	28	down	0	512	423.488397192511	1966.86629789438	457.845037639071	899.712716357232	533.660606461254	2816.69888707245	555.049048260834	1407.42198298322	512	512	215.306951505582	148.1594529531	-593.365600844387	687.664038763531	232	38	2	15	225	208	245	20	8	31	11346	1709	1130	151	3351	3455	321	0	0	0	0	0	-703	-12	7	0
10	2	3	0	72	28	down	1	512	387.207244243137	1416.69007995424	438.412386606032	756.121653995549	571.878197262195	3328.95728593254	534.982393719677	1243.17428788822	512	512	205.348477449717	132.433229562385	-593.234334711554	687.359724881864	226	34	4	9	239	195	240	26	5	46	11394	1623	1164	155	3386	3296	368	0	0	0	0	0	-557	-9	6	0
10	2	3	0	72	28	down	2	512	454.315891363446	1943.42247751007	496.577024032831	1073.67654905666	569.262675772815	3326.78084144048	558.723082710864	1368.25521196329	512	512	211.764157279122	142.488272750248	-593.367948599112	687.669308478573	211	32	8	12	249	213	238	26	5	30	11415	1581	1183	157	3277	3339	367	0	0	0	0	0	-474	-9	7	0
10	2	3	0	72	28	down	3	512	452.634295226261	2274.24623125094	473.7435007581	1015.69857527029	554.490909691881	3310.08186941105	534.81326774595	1313.92596752041	512	512	219.22554064233	142.719024988106	-593.336513553748	687.596591394903	228	44	4	17	219	218	221	26	5	42	11459	1577	1163	137	3342	3426	338	0	0	0	0	0	-482	-8	7	0
10	2	3	0	73	27	down	0	512	462.708500492822	2266.3829540196	501.809596995218	1107.97144672781	467.257650774074	2113.96665943057	503.259340605171	1096.15774936761	512	512	197.125101899601	124.756387280837	-593.279814382161	687.465156842027	225	38	6	16	227	197	247	14	7	47	11016	1524	1135	149	3535	3500	368	0	0	0	0	0	-445	-9	8	0
10	2	3	0	73	27	down	1	512	566.501552810008	3225.94212597935	546.130870243716	1459.89364883921	454.369106954076	2118.83295732495	482.654070674108	1024.67355084076	512	512	208.082830156021	133.62095687357	-593.501645133518	687.979578129657	200	48	10	23	231	205	236	15	5	51	11135	1488	1053	148	3347	3367	312	0	0	0	0	0	-513	-8	8	0
10	2	3	0	73	27	down	2	512	535.146194594073	3033.15800900491	525.766688961262	1285.45005183583	486.528160605323	2488.75379706805	500.582926320768	1162.76985501275	512	512	222.186695958112	145.463337658162	-593.37442227074	687.684565834914	205	52	6	23	226	213	230	18	6	45	11064	1451	1159	150	3429	3522	360	0	0	0	0	0	-361	-13	7	0
10	2	3	0	73	27	down	3	512	465.650259903451	2367.29188102447	477.297667484145	1054.16203400893	484.843755408446	2330.19753249538	513.656877551932	1159.81915798806	512	512	207.019384555673	133.821947821137	-593.466557431081	687.897869723575	219	52	6	17	218	207	244	16	7	38	11050	1598	1042	134	3247	3494	361	0	0	0	0	0	-643	-9	6	0
10	2	3	0	74	26	down	0	512	522.83311229032	3020.14270745676	520.331904000713	1331.9989819031	533.610199930317	2875.410111668	527.519884593112	1244.63158655123	512	512	214.043745882062	143.129094372243	-593.397913679629	687.739360844141	229	41	6	23	213	213	241	21	7	30	10779	1409	1001	123	3372	3575	317	0	0	0	0	0	-439	-8	8	0
10	2	3	0	74	26	down	1	512	495.875684762824	2753.99393035492	475.94370419967	1038.99917084309	561.074501826883	3179.26734757325	558.355216860675	1364.42423673446	512	512	192.760324330746	123.058371382993	-593.330988349593	687.583681846061	221	52	5	21	213	190	247	25	4	46	10624	1480	1071	137	3374	3407	349	0	0	0	0	0	-444	-9	8	0
10	2	3	0	74	26	down	2	512	479.517517487197	2500.44675609038	491.643739875696	1148.02722275895	469.846564468139	2293.8785504605	532.746231997627	1359.46133461586	512	512	200.662913995413	130.584541081605	-593.503812487278	687.984536296292	223	40	4	19	226	210	223	15	9	55	10726	1390	1071	125	3364	3518	330	0	0	0	0	0	-404	-8	5	0
10	2	3	0	74	26	down	3	512	472.785514819075	2551.36477340337	484.608798000475	1065.01825957542	577.957724087818	3317.83871546113	566.679015009092	1596.54280300379	512	512	186.161889785673	119.654624649627	-593.316868701368	687.550883117024	225	50	3	20	214	205	229	23	12	43	10587	1505	1066	154	3508	3507	362	0	0	0	0	0	-593	-11	8	0
10	2	3	0	75	25	down	0	512	510.146194594073	2848.88749917366	502.624641675387	1253.50398963652	569.342499158761	3405.91485505499	566.204721996903	1635.41534783621	512	512	190.037347039426	121.815637863864	-593.338862768591	687.60197653346	221	49	7	21	214	208	207	24	12	61	10191	1481	987	141	3458	3505	346	0	0	0	0	0	-596	-12	9	0
10	2	3	0	75	25	down	1	512	405.071989327512	1789.59279571908	441.567709946697	887.731869363839	495.798670436571	2518.28262080241	518.716506361159	1185.9401773757	512	512	200.377261877764	127.172156338981	-593.466372907091	687.89754669817	236	40	3	13	220	205	244	19	4	40	10314	1375	984	127	3436	3644	368	0	0	0	0	0	-430	-9	5	0
10	2	3	0	75	25	down	2	512	491.276127950634	2689.49839055201	473.230095977858	962.632036303328	488.989653442196	2688.20052483943	491.4773724255	1156.52825638312	512	512	197.326525345739	125.69252965034	-593.383564351695	687.705803944083	222	40	1	22	227	235	210	20	6	41	10223	1459	985	133	3498	3623	359	0	0	0	0	0	-546	-9	8	0
10	2	3	0	75	25	down	3	512	494.517517487197	2576.72336388569	484.708281947699	1134.25534817871	536.578567136261	3132.93004332718	535.557411984875	1291.03364189264	512	512	193.004401754099	127.090005971193	-593.406340832259	687.758204549963	219	43	8	18	224	212	216	24	6	54	10188	1435	1050	127	3458	3510	335	0	0	0	0	0	-448	-10	8	0
10	2	3	0	76	24	down	0	512	342.485884693141	1288.17955011208	399.626325740199	677.716869891224	665.769253581563	4298.76553989233	623.165023516601	1849.67392138342	512	512	175.077999659902	109.63839395875	-593.289542631858	687.487736072308	254	43	2	9	204	205	223	32	12	40	9610	1489	1013	176	3503	3482	417	0	0	0	0	0	-578	-10	6	0
10	2	3	0	76	24	down	1	512	533.862232585005	3189.45265582151	487.533048043344	1168.88524797571	551.047894031567	3052.47397037675	569.355928285919	1549.69950554919	512	512	192.575038120295	119.475814888009	-593.29641110404	687.503435222634	236	36	5	25	210	213	230	21	11	37	9700	1450	980	158	3478	3610	380	0	0	0	0	0	-561	-10	5	0
10	2	3	0	76	24	down	2	512	510.119586798757	2809.72327892872	505.173537654068	1302.01990731816	635.870066643439	3852.61969849656	620.922925458868	1711.82869508631	512	512	197.51802965788	127.469266496116	-593.481698492004	687.932932448923	224	39	6	21	222	191	247	29	9	36	9842	1373	935	138	3569	3646	354	0	0	0	0	0	-503	-9	6	0
10	2	3	0	76	24	down	3	512	436.780193260012	2276.07904698094	448.665452580671	985.378669110307	540.395418189069	2844.09714264021	583.842802306421	1566.29051218844	512	512	197.638415599701	125.881563953001	-593.247880564236	687.391433704876	244	43	2	18	205	201	241	19	11	40	9660	1446	1046	136	3547	3735	376	0	0	0	0	0	-446	-9	7	0
10	2	3	0	77	23	down	0	512	520.620843048443	3115.14564316283	480.244105067413	1060.06471671325	528.008130618756	2712.04545154059	536.000590458128	1235.68491950213	512	512	181.106665852156	113.015989376755	-593.371191475774	687.676608467702	239	32	1	26	214	200	250	19	8	35	9489	1265	914	108	3794	3708	351	0	0	0	0	0	-428	-7	6	0
10	2	3	0	77	23	down	1	512	548.283962009067	3049.48915864894	536.439968829641	1386.74417369123	488.589210254387	2569.8845351486	505.98427240315	1167.32307788626	512	512	181.696638817924	112.5313823194	-593.378886031462	687.69456527166	217	36	11	21	227	218	217	18	8	51	9459	1268	915	134	3581	3616	381	0	0	0	0	0	-394	-7	7	0
10	2	3	0	77	23	down	2	512	488.411382866258	2589.40720428092	496.992260779285	1150.9458055877	555.167184270003	3134.04833060868	536.635631464219	1238.16956186924	512	512	172.750420514679	108.866567098968	-593.345301631564	687.617011338426	228	38	6	19	221	208	249	25	3	27	9499	1298	858	121	3578	3613	381	0	0	0	0	0	-530	-8	6	0
10	2	3	0	77	23	down	3	512	472.910126616573	2435.51976174524	488.552246373362	1230.31893026664	621.021286236252	4052.00265251616	571.932469230948	1536.66902502612	512	512	173.252449054395	105.943279446942	-593.492151300008	687.956930816988	233	45	10	16	208	224	211	32	7	38	9363	1337	928	148	3470	3486	343	0	0	0	0	0	-530	-9	7	0
10	2	3	0	78	22	down	0	512	450.196601125011	2135.10033321719	476.525826711716	1076.92116588367	533.811826054068	3013.27031159831	533.360530581424	1339.34530234055	512	512	173.35570621735	113.830728646532	-593.318898630926	687.555739559716	228	41	8	14	221	225	222	22	8	35	8916	1254	960	134	3533	3786	367	0	0	0	0	0	-340	-10	7	0
10	2	3	0	78	22	down	1	512	477.406061307195	2557.11537989443	469.017207797149	1023.18285503281	555.620843048443	3233.6107214644	563.366127716648	1450.01723161566	512	512	147.243430563514	92.1284381243799	-593.585414562072	688.173352276728	235	34	3	20	220	219	223	24	8	38	9090	1251	822	101	3739	3499	363	0	0	0	0	0	-499	-8	5	0
10	2	3	0	78	22	down	2	512	588.159350211569	3642.78095471644	540.307670373308	1350.06680511818	506.124908357821	2609.93306399022	543.148799344213	1448.95460407406	512	512	177.004703385505	111.351808808474	-593.483345803902	687.936928164362	217	49	10	27	209	217	226	17	11	41	8954	1241	938	131	3543	3553	348	0	0	0	0	0	-417	-8	6	0
10	2	3	0	78	22	down	3	512	497.331856040635	2755.89051983671	487.05713509948	1126.20105246761	617.729490168752	3988.59533495928	563.764059778381	1446.0439753898	512	512	197.635204383715	121.921430110369	-593.457238884317	687.876614740771	226	45	5	21	215	216	226	33	3	34	9068	1177	925	94	3452	3686	350	0	0	0	0	0	-285	-6	8	0
10	2	3	0	79	21	down	0	512	481.806801055327	2699.87852214151	473.672499560149	1104.66526863165	713.254545154059	4254.09070484825	728.832500812166	2256.34077690598	512	512	158.44807704519	98.2869674960652	-593.338606331754	687.601293607784	233	61	9	19	190	161	273	29	17	32	8569	1267	803	113	3664	3891	378	0	0	0	0	0	-531	-9	5	0
10	2	3	0	79	21	down	1	512	456.806801055327	2533.60191434619	458.972292980745	1111.9169193745	761.116481178742	4974.48257926203	751.328313273116	2331.94587643539	512	512	161.505088716746	99.4567932352038	-593.606609050065	688.222622290675	237	56	3	20	196	180	257	37	14	24	8622	1209	812	109	3501	3625	329	0	0	0	0	0	-506	-7	5	0
10	2	3	0	79	21	down	2	512	442.88632788095	2145.94842217635	473.060194789253	1076.56633571698	699.962749086559	4276.85356390542	726.134890217423	2118.70644364832	512	512	140.854242397129	91.3194196906282	-593.38938757846	687.7190934685	227	48	6	15	216	165	280	33	8	26	8360	1429	830	133	3756	3662	349	0	0	0	0	0	-710	-10	6	0
10	2	3	0	79	21	down	3	512	460.321212922509	2479.5895768231	450.96417705316	966.99719280045	706.596747752498	4442.03901374864	706.475246717833	2126.13197616718	512	512	160.522294226965	102.206298809486	-593.376914920223	687.690065762296	248	36	4	19	205	176	257	33	12	34	8575	1202	875	100	3619	3786	388	0	0	0	0	0	-404	-8	5	0
10	2	3	0	80	20	down	0	512	353.568220578457	1556.18268405109	362.433542335072	677.129357343507	400.926091293762	1765.93625456721	436.182607507327	912.574926202382	512	512	157.91751516399	101.818266299951	-593.363890314638	687.660020830797	263	59	6	10	174	244	212	12	5	39	8148	1076	899	117	3709	3759	373	0	0	0	0	0	-242	-10	7	0
10	2	3	0	80	20	down	1	512	368.594828373772	1748.34080633196	360.054281890143	715.377159413528	476.780193260012	2595.34955681219	476.045413907846	1081.63107094515	512	512	152.726357519566	96.7051623433936	-593.468648295454	687.902711575834	248	70	3	13	178	228	211	20	4	49	8075	1195	863	107	3736	3781	427	0	0	0	0	0	-444	-8	6	0
10	2	3	0	80	20	down	2	512	378.292389188145	1876.62644779741	352.321078313497	583.495653352916	471.528160605323	2491.56532656179	461.395840850714	1034.33065337332	512	512	142.270167986542	91.7194959787961	-593.400870131405	687.745440330013	250	65	1	15	181	229	217	19	4	43	8147	1134	824	135	3841	3762	413	0	0	0	0	0	-439	-10	8	0
10	2	3	0	80	20	down	3	512	349.146491154395	1589.61125952523	347.907765897494	569.189459624874	517.708500492822	2975.91177775397	475.144791554675	1182.07756459812	512	512	154.509316512253	99.0272252346101	-593.361507738354	687.654710201131	262	60	2	12	176	233	200	21	10	48	8095	1176	849	120	3702	3857	391	0	0	0	0	0	-420	-8	6	0
10	2	3	0	81	19	down	0	512	548.485588132818	3108.26122129019	558.154603453582	1431.05298343104	522.75890702376	2783.65953349593	539.349080092523	1258.54630779856	512	512	144.050483923623	91.9435220030184	-593.397453732568	687.737649527227	217	40	10	22	223	196	243	21	5	47	7714	1119	774	121	3702	3814	377	0	0	0	0	0	-420	-8	6	0
10	2	3	0	81	19	down	1	512	527.83311229032	2789.51964846927	548.035908936678	1325.43911296807	621.172505829066	3817.14558652485	600.934228998639	1729.37973538968	512	512	152.147220956037	98.6885149312494	-593.505434573429	687.988325330912	197	40	5	21	249	205	227	28	11	41	7736	1065	815	112	3789	3837	390	0	0	0	0	2	-323	-10	7	0
10	2	3	0	81	19	down	2	512	552.933925352196	3034.90872877193	573.95768929098	1515.32544582175	554.238877037193	3075.1274625466	563.02383961566	1415.56259221385	512	512	150.174528565871	98.3997906391497	-593.367214516249	687.667643037002	203	48	13	20	228	207	237	22	9	37	7716	1101	820	91	3857	3881	376	0	0	0	0	1	-344	-10	6	0
10	2	3	0	81	19	down	3	512	579.114265239694	3456.70196437348	565.935935018161	1541.71817783939	515.445824720007	2698.19744753841	562.582651166393	1432.93112643559	512	512	142.185653828992	83.27537357986	-593.448966422994	687.857123960419	215	49	13	24	211	212	236	19	8	37	7759	1147	723	99	3630	3751	399	0	0	0	0	1	-488	-10	5	0
10	2	3	0	82	18	down	0	512	397.035034974393	1779.92733417303	425.344929238187	801.424155927728	722.578270575938	4793.37645958966	673.573551419055	2028.74117751622	512	512	132.92290033846	86.6640239062823	-593.335944479271	687.595068438753	226	60	3	13	210	183	232	36	13	48	7238	1109	746	123	3762	3859	415	0	0	0	0	0	-471	-9	6	0
10	2	3	0	82	18	down	1	512	424.896970999077	2302.32530655088	416.87808602022	885.106322240504	738.432372542188	4988.0785655581	669.674777566995	2032.46558079006	512	512	121.38850339147	78.5158385521794	-593.351983621095	687.632060215206	257	50	3	18	184	187	223	37	15	50	7272	1092	740	112	4036	3777	380	0	0	0	0	1	-474	-10	6	0
10	2	3	0	82	18	down	2	512	430.549446841575	2054.63838885463	431.574174876037	880.761702860733	564.416704425321	3342.13971511271	596.951634687797	1666.42315488409	512	512	107.996694394125	80.4384309972873	-593.473817274201	687.914594439276	241	46	9	13	203	217	206	23	13	53	7069	1348	665	134	3827	3843	407	0	0	0	0	17	-878	-16	5	0
10	2	3	0	82	18	down	3	512	397.714118612207	1781.66295062484	419.912359046489	859.899292019675	714.787730758123	4550.42199608723	675.067676747983	2063.32257590641	512	512	136.823747408663	94.6385830308092	-593.370687478676	687.675391769484	231	66	8	11	196	186	240	32	17	37	7271	1135	710	100	3833	3946	364	0	0	0	0	0	-526	-8	5	0
10	2	3	0	83	17	down	0	512	372.868147264713	1752.46251074238	385.737312992281	745.155655268549	659.814338553438	4114.95096141655	648.384174438781	1842.68982518641	512	512	129.692625633309	83.8237261489353	-593.346340367593	687.619195986836	231	83	3	13	182	191	243	31	10	37	6688	1180	727	109	3871	3961	414	0	0	0	0	0	-545	-8	6	0
10	2	3	0	83	17	down	1	512	388.393202250021	1711.39246911259	406.362936023807	760.687043993005	605.018773736882	3680.32200269793	615.687085627508	1703.88577703058	512	512	115.711636209648	83.1797346821567	-593.430204634589	687.813767658841	224	68	4	12	204	194	231	28	8	51	6660	1222	690	132	3877	3782	413	0	0	0	0	5	-703	-11	6	0
10	2	3	0	83	17	down	2	512	420.398227248762	1964.6018860272	435.256156967527	951.362108130127	749.509090308119	4902.91423203719	707.097514961766	2277.97706915401	512	512	120.702573162216	80.2460600847997	-593.407113010917	687.760106237221	244	41	7	13	207	186	248	36	15	27	6868	1081	663	92	3803	3836	407	0	0	0	0	1	-505	-9	6	0
10	2	3	0	83	17	down	3	512	369.422322544707	1592.7085154414	395.466691673819	748.232630168363	656.899186938124	4053.20625465662	638.35019649612	1831.21062264676	512	512	120.520673350397	72.917801681381	-593.351349840726	687.631003212653	243	59	4	11	195	194	244	30	11	33	6794	1085	709	116	3791	3849	373	0	0	0	0	1	-500	-9	5	0
10	2	3	0	84	16	down	0	512	408.087954004702	2068.2615044801	395.805624466383	761.900887775167	705.466814395937	4870.85051492339	636.545634142107	1860.26527980581	512	512	107.031989821323	70.1604492300523	-593.315843617087	687.548768754625	259	48	5	15	185	199	231	41	3	38	6317	1100	677	98	3839	3813	335	0	0	0	0	0	-520	-8	5	0
10	2	3	0	84	16	down	1	512	443.087954004702	2283.80862210667	421.876479410507	849.284892811804	595.520029986567	3570.8507981133	598.550898992306	1530.83663975271	512	512	107.712937919929	72.8960627077519	-593.325659092236	687.571328587164	239	53	7	16	197	193	247	29	3	40	6495	1033	559	105	3837	3919	428	0	0	0	0	0	-571	-8	5	0
10	2	3	0	84	16	down	2	512	363.517814047519	1743.25255576694	372.498699293713	684.815693979595	590.947080969692	3410.07879211002	609.734270617116	1662.76745893855	512	512	103.862476247463	77.0236216736758	-593.423577787643	687.798250748509	264	59	3	13	173	195	243	25	9	40	6293	1170	624	105	3875	3902	394	0	0	0	0	5	-659	-12	5	0
10	2	3	0	84	16	down	3	512	449.745751406263	2330.75388202502	461.532356815377	1150.62941894197	598.559793399379	3458.02710101041	617.26839771287	1743.00865405118	512	512	108.183694481398	75.1593923313268	-593.483062560406	687.936198210621	240	51	8	16	197	194	244	25	10	39	6356	1086	643	107	3831	3816	363	0	0	0	0	0	-569	-8	6	0
10	2	3	0	85	15	down	0	512	424.621139608765	2086.15820723785	418.209478262507	839.811145291356	558.485588132818	2943.00290738708	584.630162630682	1439.02303943726	512	512	120.803766083057	73.4320872339787	-593.531562272136	688.048693125083	236	53	5	15	203	193	246	19	13	41	6093	844	658	85	3867	3894	384	0	0	0	0	0	-213	-7	4	0
10	2	3	0	85	15	down	1	512	403.891649440013	1945.13991334565	400.031938168425	737.712639885821	593.859423525313	3393.50722598921	631.28380436308	1696.58044061268	512	512	115.593218928787	78.3960319385644	-593.567253980588	688.131635068771	248	44	2	15	203	197	258	26	6	25	6118	879	614	69	3898	3920	392	0	0	0	0	1	-331	-8	6	0
10	2	3	0	85	15	down	2	512	416.783002319705	1959.86649612732	432.991304521245	919.463006624646	592.429860042818	3627.3097784508	591.913909755056	1720.83816868715	512	512	105.876674383544	73.4330260229637	-593.360080216782	687.650940832557	231	59	7	13	202	209	225	28	7	43	5994	983	607	96	3953	3925	384	0	0	0	0	2	-430	-9	5	0
10	2	3	0	85	15	down	3	512	484.469920015952	2544.66272407292	452.471930958292	902.413219223544	614.313082303753	3632.34012667618	610.673463696261	1624.40404452315	512	512	106.933141302081	73.7158173454992	-593.278341305053	687.461740400628	207	58	5	19	223	192	246	27	9	38	5792	1127	647	114	3881	4029	390	0	0	0	0	17	-621	-10	5	0
10	2	3	0	86	14	down	0	512	411.934221912518	1973.62639115943	399.286958269314	707.634492620805	583.737620787507	3344.23392204685	619.461463903737	1795.33908484162	512	512	82.6324535635718	66.8518217529504	-593.561464761163	688.117838598448	232	61	5	14	200	200	224	22	15	51	5404	1146	498	120	3972	3894	408	0	0	0	0	10	-788	-12	5	0
10	2	3	0	86	14	down	1	512	416.02971341533	2017.63550978654	420.769961874907	851.557649043509	592.90731755688	3333.00892039417	622.119229083316	1635.57437768132	512	512	107.748983629417	78.5698117174202	-593.51711908611	688.015082995112	233	62	6	14	197	178	260	25	7	42	5551	971	550	96	3809	4136	386	0	0	0	0	2	-523	-8	5	0
10	2	3	0	86	14	down	2	512	394.321509482831	2032.21300395748	378.91901241923	677.638977798381	670.644641784065	4068.91155120204	677.002465914131	2034.88502544747	512	512	78.7849840545739	64.3006440547958	-593.429567517483	687.812179937547	253	61	2	16	180	177	244	28	16	47	5395	1093	578	102	3980	3981	356	0	0	0	0	13	-630	-11	5	0
10	2	3	0	86	14	down	3	512	409.294901687516	1911.14911692973	423.334653738306	786.691636777314	571.549150281253	3230.99666782806	568.086882199103	1345.13057038652	512	512	130.253733386824	85.4931473383085	-593.480758019866	687.930839091336	228	52	1	15	216	200	252	25	5	30	5593	843	650	82	3853	4155	419	0	0	0	0	0	-259	-7	6	0
10	2	3	0	87	13	down	0	512	482.634295226261	2582.60487837125	450.106464501854	959.438573555844	638.38196601125	3934.63180946772	634.081807026137	1771.83448646118	512	512	97.34745275594	70.3437541210821	-593.362406825453	687.656457340319	224	49	6	19	214	204	235	29	11	33	5090	899	571	96	4121	4009	426	0	0	0	0	5	-415	-10	5	0
10	2	3	0	87	13	down	1	512	472.331856040635	2591.98475508983	442.684620208486	1054.82348668523	563.737620787507	3105.51052984216	613.909841591827	1758.13050994277	512	512	86.4220531970364	67.0166912443329	-593.452442268608	687.865232738625	250	43	9	18	192	196	236	21	12	47	5152	949	478	77	4077	4089	419	0	0	0	0	2	-536	-7	4	0
10	2	3	0	87	13	down	2	512	466.003105620015	2426.10044649316	473.113607855031	1080.95598733356	579.941759410629	3456.87510501259	572.266802157293	1509.31054154623	512	512	87.9792158456607	66.9317898862135	-593.438883101085	687.833647377553	216	59	5	18	214	214	227	26	8	37	5129	933	497	97	4056	4034	398	0	0	0	0	5	-528	-11	4	0
10	2	3	0	87	13	down	3	512	456.480563134078	2317.42264742402	453.835747831649	962.044471969269	563.559793399379	3242.47998338385	571.806561547102	1483.30131077181	512	512	100.495665196835	71.9887606015724	-593.368842932673	687.671441162294	217	58	5	17	215	214	232	24	8	34	5175	855	539	87	3987	4007	415	0	0	0	0	2	-376	-8	5	0
10	2	3	0	88	12	down	0	512	499.796157937201	2895.84199099509	448.931106708178	1013.31154275401	712.554471840316	4489.64104137079	721.13188553253	2325.41395816052	512	512	76.5547281992253	63.0645430351011	-593.440811073551	687.838069779829	227	59	6	22	198	177	226	29	23	57	4612	964	454	114	4125	4084	382	0	0	0	0	5	-649	-8	5	0
10	2	3	0	88	12	down	1	512	449.247304216271	2466.9000066107	438.456571862188	1069.43599368517	660.52283904626	3920.18536488624	688.761560296133	2035.33199487696	512	512	72.8893098636131	61.2221978786037	-593.195783305538	687.270173195266	232	78	9	17	176	160	236	25	20	71	4457	1087	492	108	4264	4191	426	0	0	0	0	20	-723	-12	5	0
10	2	3	0	88	12	down	2	512	473.037547473764	2513.06696432877	468.096700835736	1129.39693070804	531.952402528755	2794.37671446058	567.073865261421	1345.31491144486	512	512	90.7774957719417	65.9827807063898	-593.399235475504	687.741824713372	224	56	7	18	207	200	254	21	5	32	4746	821	486	91	3973	4190	415	0	0	0	0	2	-403	-7	5	0
10	2	3	0	88	12	down	3	512	419.772359201578	1982.47131786059	410.0753288261	787.581834123728	653.633998665939	3952.24586310406	658.412370291213	1970.19430142855	512	512	68.4015324449664	64.273669108351	-593.353917349135	687.636965793528	229	55	5	14	209	191	237	27	16	41	4601	948	502	93	4129	4001	419	0	0	0	0	2	-556	-9	5	0
10	2	3	0	89	11	down	0	512	373.743238906893	1597.61425186928	398.330411415449	799.078184190011	821.344715097809	5628.04192113571	827.1969172037	2768.67611462332	512	512	73.0461464031953	62.4992112438345	-593.344170216867	687.614318181456	242	55	4	11	200	145	268	45	9	45	4163	947	431	91	4244	4260	414	0	0	0	0	16	-606	-12	5	0
10	2	3	0	89	11	down	1	512	415.552255901268	1997.95466173537	397.201154054825	725.911174635541	898.204138623121	5993.42498843128	895.417223074133	3165.64255670939	512	512	59.246905429787	63.4190439778518	-593.323209127622	687.565951005487	236	62	8	13	193	134	242	37	36	63	4003	1109	408	112	4104	4221	449	0	0	0	0	39	-866	-12	5	0
10	2	3	0	89	11	down	2	512	376.960829707833	1738.52010157313	396.754152349996	759.442633905854	866.418920364369	6052.62542831374	832.97183932107	2844.83362037613	512	512	75.8393367071325	69.7938919250401	-593.387427188289	687.714760749954	245	66	5	12	184	150	254	46	16	46	4158	940	452	82	4185	4182	431	0	0	0	0	19	-593	-9	4	0
10	2	3	0	89	11	down	3	512	358.618627109395	1384.29518487742	387.807400452861	680.835423464078	806.745158285618	5299.74704776719	802.637099790987	2601.4160171032	512	512	85.6243857147254	66.9659693107575	-593.456484519147	687.874837207176	234	59	4	9	206	154	269	39	16	34	4284	778	474	96	4089	4170	399	0	0	0	0	5	-400	-9	4	0
10	2	3	0	90	10	down	0	512	273.09638118378	858.05844040047	293.10370600559	433.935775736356	722.782705759382	4618.85393205231	741.692293381577	2464.28472843807	512	512	44.8756579362288	50.6762905871212	-593.48411357013	687.938638368464	268	84	8	3	149	170	214	29	26	73	3611	1081	326	102	4102	4083	423	0	0	0	0	51	-899	-12	4	0
10	2	3	0	90	10	down	1	512	313.120179919402	1314.34707420997	314.530294559243	518.142968973013	783.883222260935	5429.94774252057	749.014971537349	2429.48816578123	512	512	62.6599176135105	63.7446996636118	-593.474274677072	687.916070490517	266	81	6	8	151	171	242	43	10	46	3842	794	391	93	4205	4145	433	0	0	0	0	22	-526	-10	5	0
10	2	3	0	90	10	down	2	512	348.923875354714	1569.21938511145	327.231711452224	498.754734858519	745.466814395937	4937.23355389997	724.882226597076	2268.14036131048	512	512	59.2038863650423	65.712073458148	-593.425282829615	687.802308746021	243	83	4	11	171	179	235	36	16	46	3852	790	383	95	4264	4124	448	0	0	0	0	9	-522	-7	5	0
10	2	3	0	90	10	down	3	512	286.112345860969	910.374600005248	303.69468839932	374.800007860853	717.477457514063	4689.62873216669	725.46197753757	2182.52666258172	512	512	65.6115188828252	58.0976842677257	-593.42639321697	687.804678234637	243	90	4	5	170	181	238	35	13	45	3871	775	411	63	4369	4258	424	0	0	0	0	5	-455	-6	4	0
10	2	3	0	91	9	down	0	512	368.695641435648	1748.36514155025	366.375193001618	631.953148654595	945.63902366468	6671.41259427021	950.099979300702	3477.99304125987	512	512	58.3489450577838	60.3294267286401	-593.309048749011	687.532974409348	246	72	3	13	178	127	262	49	22	52	3357	864	308	79	4126	4393	470	0	0	0	0	32	-650	-8	4	0
10	2	3	0	91	9	down	1	512	335.780489820334	1516.07331716376	329.359694120171	506.836299963168	950.036954353119	6853.30624804592	933.966576624504	3464.96104635727	512	512	45.2810880345728	63.0004430403789	-593.418323926875	687.786328586744	269	64	3	11	165	138	240	50	24	60	3387	796	332	93	4282	4255	435	0	0	0	0	18	-583	-6	6	0
10	2	3	0	91	9	down	2	512	313.751666085971	1333.29256068025	311.518114491228	457.078211440258	992.599260251868	7234.2362913731	971.099916263842	3652.98394905914	512	512	43.2464543224845	60.2119185415593	-593.498850547892	687.972898634056	243	102	4	9	154	126	245	53	25	63	3283	868	370	87	4234	4214	358	0	0	0	0	35	-616	-9	4	0
10	2	3	0	91	9	down	3	512	295.030009975653	1077.62977996936	318.98658376957	479.177292693131	1008.25173609437	7117.2788638456	1000.90885248304	3796.53947312536	512	512	64.0751515711813	62.3948462878039	-593.389255352613	687.718807609111	258	79	3	7	165	126	238	46	39	63	3324	870	332	82	4071	4361	409	0	0	0	0	33	-637	-8	4	0
10	2	3	0	92	8	down	0	512	262.268887012845	1041.1375157004	265.824926048834	304.81069830618	904.411086305936	6330.73499343401	924.393336259684	3340.68571966121	512	512	35.8480411102639	59.1565538951262	-593.454944533441	687.871152198312	281	93	3	7	128	127	250	46	22	67	2970	739	313	74	4313	4123	456	0	0	0	0	21	-500	-7	4	0
10	2	3	0	92	8	down	1	512	349.55255246159	1805.83640277286	307.399511977708	534.623771564044	864.511899367811	5855.68338729137	903.061587272928	3251.52775078261	512	512	41.5357951481804	58.3429238965837	-593.605125236879	688.219030747318	265	88	5	13	141	137	245	40	26	64	3050	708	287	51	4335	4217	409	0	0	0	0	12	-485	-7	3	0
10	2	3	0	92	8	down	2	512	273.849670088154	1014.81825047561	278.255471446436	387.354033958674	852.572652456553	5646.19679620162	863.355835086395	2877.97279424711	512	512	55.7002813731053	54.8290673055267	-593.472156278073	687.910768862289	274	80	2	7	149	149	271	40	21	31	3116	614	294	72	4072	4221	423	0	0	0	0	10	-401	-7	4	0
10	2	3	0	92	8	down	3	512	291.011532799093	1131.52044140102	289.269267200579	382.182738688454	1029.02882373436	7570.69205281462	979.249381660718	3653.07952940034	512	512	64.372443283633	57.8750257306195	-593.403372411252	687.75126852203	257	89	2	8	156	138	237	54	30	53	3121	607	303	65	4217	4391	416	0	0	0	0	17	-384	-7	4	0
10	2	3	0	93	7	down	0	512	263.674651759718	905.210408079297	290.600089054462	405.082752275573	1014.93052317186	7338.0019162224	965.369923660901	3557.67322208782	512	512	39.7854011426231	59.5982699087876	-593.323433570252	687.566323947573	271	84	2	6	149	134	271	55	22	30	2699	577	250	58	4394	4373	474	0	0	0	0	33	-404	-10	4	0
10	2	3	0	93	7	down	1	512	282.847157588784	1161.7545616808	277.251020117739	370.244718062189	823.103325561246	5200.95386880363	885.576998242775	2926.85854955703	512	512	27.3743117398346	49.5731571545805	-593.542210074504	688.073437144833	264	98	3	8	139	128	280	35	23	46	2634	614	262	74	4426	4161	412	0	0	0	0	24	-436	-6	4	0
10	2	3	0	93	7	down	2	512	325.984925003778	1466.07961336076	314.631860649217	572.171919299395	869.408277246243	6115.95974021577	877.327284781297	3099.38603074982	512	512	56.9368599517036	56.2564395929316	-593.591016465084	688.186392241198	264	86	7	9	146	164	239	45	20	44	2690	584	264	46	4266	4456	460	0	0	0	0	25	-353	-7	4	0
10	2	3	0	93	7	down	3	512	307.366891015028	1503.28626448325	279.81922655764	428.857388036949	1021.69194269499	7483.65252932415	959.787784692666	3535.5987048137	512	512	44.8651759684077	53.0022604188573	-593.454254411913	687.869248461193	280	83	1	12	136	136	244	54	28	50	2655	618	249	62	4346	4452	401	0	0	0	0	21	-430	-6	3	0
10	2	3	0	94	6	down	0	512	289.528753725968	1052.10098455398	275.189282702922	306.14733366235	885.665631459995	5899.69544162455	898.767705311234	3115.0971622783	512	512	38.3306792964218	55.8207035206408	-593.487721894381	687.947169441428	259	87	5	6	155	132	258	39	29	54	2214	574	229	55	4370	4387	481	0	0	0	0	34	-423	-7	3	0
10	2	3	0	94	6	down	1	512	270.987734063471	1069.76063132588	272.380981016168	375.845501909387	914.230449858114	6441.02952697464	886.959939211865	3115.66525360594	512	512	44.3377071583869	52.7067719668502	-593.489935760309	687.952128217882	267	95	1	8	141	154	251	47	22	38	2305	498	219	50	4213	4361	444	0	0	0	0	25	-335	-6	3	0
10	2	3	0	94	6	down	2	512	296.616411170347	1314.47798220448	287.244765355947	429.633001760539	878.732002668122	6027.28208274158	867.15372238584	2956.7097616515	512	512	31.7918084549132	56.0882434153465	-593.376346033964	687.688798108097	261	103	4	9	135	130	260	44	20	58	2134	661	215	62	4304	4441	451	0	0	0	0	52	-540	-8	4	0
10	2	3	0	94	6	down	3	512	288.197194245655	1128.52346206406	288.205037283611	383.575466485743	846.291499507178	5366.02057826148	888.102197240547	2977.99334929293	512	512	30.1028553018486	54.4136018043517	-593.355414038608	687.640439242471	262	87	2	8	153	143	273	34	29	33	2192	565	261	54	4465	4325	428	0	0	0	0	21	-357	-6	3	0
10	2	3	0	95	5	down	0	512	277.77014326253	1097.94291891109	268.450056238017	312.49986697382	1035.03133623373	7380.21472194694	980.530487042138	3525.24394775192	512	512	38.0800334060851	57.5827936470624	-593.431656775122	687.817009293518	276	87	4	7	138	116	282	54	25	35	1843	451	220	46	4324	4357	447	0	0	0	0	53	-301	-5	3	0
10	2	3	0	95	5	down	1	512	246.488990313156	768.936877585006	264.454958686791	328.190749620026	947.676274578121	6850.41877719125	950.70400955397	3485.82060804245	512	512	33.6575545603582	53.7818605501067	-593.41176402764	687.771076418102	282	84	4	4	138	134	237	50	24	67	1787	504	212	57	4406	4560	462	0	0	0	0	69	-393	-7	4	0
10	2	3	0	95	5	down	2	512	256.236957658467	955.958078864285	264.785527887181	311.639105857989	815.867257583746	5466.27903375955	850.702307882151	2814.52596518468	512	512	22.7393474092288	49.9956008846949	-593.595315962479	688.196302574615	287	80	1	7	137	148	263	41	15	45	1862	455	191	52	4265	4334	448	0	0	0	0	53	-339	-6	3	0
10	2	3	0	95	5	down	3	512	301.186551127529	1261.49302888171	289.702583539594	420.370331498361	908.678787077491	5966.06617139703	966.087664834386	3538.06644572066	512	512	35.277412527042	53.0089024711545	-593.450424291168	687.860459800782	268	86	5	8	145	132	262	37	35	46	1729	582	190	59	4331	4408	412	0	0	0	0	79	-470	-8	3	0
10	2	3	0	96	4	down	0	512	304.051296211905	1205.77878362312	293.955326801995	451.442788556162	892.750479844681	6377.37312741772	879.01676365738	3121.23094462729	512	512	31.8474069463543	54.9781565445213	-593.595850774716	688.197655042349	258	89	6	7	152	159	234	47	21	51	1536	320	166	26	4235	4484	421	0	0	0	0	21	-169	-4	6	0
10	2	3	0	96	4	down	1	512	322.894755060029	1481.80910352951	305.658795200988	554.494620078773	937.448040659055	6389.23027836601	949.835618116653	3385.42742596794	512	512	27.9661007475657	54.0894671930579	-593.484018582587	687.938501348337	264	87	5	10	146	125	262	43	30	52	1358	477	172	41	4271	4549	441	0	0	0	0	54	-358	-6	4	0
10	2	3	0	96	4	down	2	512	254.93200597347	777.927815595878	280.263369048157	378.424022478627	830.440206600621	5482.15747094408	852.325465253689	2776.24380277785	512	512	23.6660203744892	51.1547505736506	-593.365646023876	687.663910464455	267	90	4	4	147	130	279	41	15	47	1506	341	172	29	4541	4504	466	0	0	0	0	24	-203	-4	3	0
10	2	3	0	96	4	down	3	512	268.348413838469	1127.10098455398	263.521743431667	328.672940467365	1046.84597134749	7669.55852062295	1044.70632899991	4097.25659447112	512	512	25.3481462073084	46.1697954729269	-593.513236811784	688.006366190957	291	89	5	7	120	120	226	52	37	77	1344	486	159	59	4441	4520	414	0	0	0	0	57	-396	-5	2	0
10	2	3	0	97	3	down	0	512	249.481156254723	928.581364403703	274.440724913054	458.804766339294	886.922985673747	6212.3823593208	893.220896256582	2983.10366985099	512	512	20.6250011610376	57.2716024192334	-593.454486653285	687.870017810432	279	99	3	6	125	132	257	47	17	59	1149	264	84	39	4528	4546	420	0	0	0	0	80	-230	-5	3	0
10	2	3	0	97	3	down	1	512	253.14959677441	873.833665299723	263.07870454127	354.740604622333	946.819363552179	6439.14818240303	952.525092322218	3363.68186789903	512	512	20.7670652338922	52.9244099164712	-593.483639921734	687.937172219205	270	100	4	5	133	123	265	43	31	50	1076	319	113	28	4429	4548	452	0	0	0	0	80	-240	-5	2	0
10	2	3	0	97	3	down	2	512	262.31648448409	845.386626019436	270.875943962754	368.753156108426	1001.11367211905	7204.85920876564	954.908425196012	3464.84947616947	512	512	10.1240721024618	49.5820105895163	-593.478253115882	687.925197051179	277	75	3	5	152	129	263	53	24	43	1122	277	113	24	4617	4493	454	0	0	0	0	57	-200	-3	2	0
10	2	3	0	97	3	down	3	512	286.438583782218	1264.36539642117	280.812844314525	430.249645797559	764.912342555621	4938.5586905369	801.217525247135	2416.48395699634	512	512	15.3355246144359	48.5425110630483	-593.581949489174	688.16534408909	279	89	3	9	132	158	268	37	13	36	1158	251	106	21	4434	4426	452	0	0	0	0	56	-171	-4	2	0
10	2	3	0	98	2	down	0	512	229.054105271598	690.554036841365	257.644748198523	309.689399191591	1023.92801067249	7484.93822742759	1009.91837979062	3851.05492746729	512	512	0.438709280864939	51.0448411144764	-593.49120165561	687.95471678751	285	97	5	3	122	124	261	56	23	48	714	232	60	18	4577	4510	455	0	0	0	0	55	-202	-4	2	0
10	2	3	0	98	2	down	1	512	294.55255246159	1175.39571632755	286.419984644501	387.994247346577	985.262379212493	7068.10863059357	952.146333449866	3351.42897247121	512	512	0.131154653109435	54.1395868045982	-593.604619019601	688.218096887922	269	79	3	8	153	112	267	53	21	59	690	226	84	24	4502	4468	423	0	0	0	0	66	-186	-3	2	0
10	2	3	0	98	2	down	2	512	237.399116929729	619.660637936572	269.207637649391	305.339377692374	1006.22010330031	7015.81708939699	1045.49536873078	3979.86216974139	512	512	4.11946824358496	51.4573743292325	-593.470483848269	687.907079284574	243	118	3	3	145	97	246	45	39	85	680	253	62	29	4550	4494	473	0	0	0	0	65	-231	-4	3	0
10	2	3	0	98	2	down	3	512	259.730379849719	999.049321773361	270.256914378925	416.574530243493	898.809016994375	6208.09982347536	953.1258327391	3385.74277348203	512	512	10.3734807643267	51.1774583083644	-593.447798582088	687.854289863928	283	87	2	7	133	130	237	42	29	74	676	237	89	22	4489	4532	467	0	0	0	0	57	-181	-3	2	0
10	2	3	0	99	1	down	0	512	311.210349863152	1371.06436845059	304.295073858566	614.573732606222	1084.25424859374	7692.24221942322	1119.63694873303	4433.16103192974	512	512	11.7710854737025	57.0842433696678	-593.529277612001	688.043377719665	274	79	5	9	145	100	265	51	39	57	349	108	39	16	4530	4761	474	0	0	0	0	121	-88	-2	3	0
10	2	3	0	99	1	down	1	512	234.584778376291	930.645364707414	244.141824186287	276.637795719318	1283.29933356561	10267.8954850411	1227.52749851114	5168.89401933221	512	512	5.07953853617241	53.0524847378552	-593.521206835977	688.024493828436	276	117	1	7	111	102	208	75	39	88	329	136	37	10	4639	4521	447	0	0	0	0	144	-111	-2	2	0
10	2	3	0	99	1	down	2	512	303.725058290656	1186.13443839938	294.821840613538	469.784610471002	1116.3152982428	8293.88958531001	1141.61026098065	4563.64530236713	512	512	13.4593855383413	49.9404556719631	-593.430029762621	687.813070040202	258	92	8	6	148	89	271	62	26	64	347	113	37	15	4475	4587	469	0	0	0	0	125	-94	-2	2	0
10	2	3	0	99	1	down	3	512	239.730379849719	839.414066857737	250.751545980695	289.725096345181	1199.63089304592	9017.78010514671	1178.67947204651	4881.57677785573	512	512	1.82192917469208	51.8597770988123	-593.512190823418	688.003658905655	291	84	1	6	130	91	243	62	42	74	338	135	30	9	4589	4634	445	0	0	0	0	144	-123	-2	1	0
10	2	3	0	100	0	dwell	0	512	213.804881676602	575.086079471707	227.28198271316	223.770089764254	0	0	0	0	512	512	3.2579359056932	48.5687103962455	-593.579821501027	688.160475199596	281	108	5	2	116	0	0	0	0	0	0	0	0	0	4563	4594	438	0	0	0	0	0	0	0	0	0
10	2	3	0	100	0	dwell	1	512	220.587290875661	720.715151466292	222.991048649737	223.61438265182	0	0	0	0	512	512	-5.73089657402264	49.2979129081488	-593.512150200911	688.003747170398	298	100	6	3	105	0	0	0	0	0	0	0	0	0	4614	4491	459	0	0	0	0	0	0	0	0	0
10	2	3	0	100	0	dwell	2	512	209.934815033163	550.696970850055	226.96780329709	207.955607262577	0	0	0	0	512	512	-2.79686218860776	52.9386029518933	-593.513899852227	688.007782692619	282	102	2	3	123	0	0	0	0	0	0	0	0	0	4569	4688	464	0	0	0	0	0	0	0	0	0
10	2	3	0	100	0	dwell	3	512	226.194978306607	744.72455328331	239.670060305526	296.341446125265	0	0	0	0	512	512	0.950201612447021	50.3784636316683	-593.589607400449	688.183786926953	261	130	4	4	113	0	0	0	0	0	0	0	0	0	4569	4531	451	0	0	0	0	0	0	0	0	0
10	2	3	0	100	0	dwell	4	512	261.215967982537	1080.06775726052	232.166319150128	261.370211701587	0	0	0	0	512	512	-6.84515502403153	47.6680889766032	-593.537214546729	688.061774638659	284	110	9	5	104	0	0	0	0	0	0	0	0	0	4747	4652	492	0	0	0	0	0	0	0	0	0
10	2	3	0	100	0	dwell	5	512	234.91101629754	853.207670606163	236.994574528831	290.687155904553	0	0	0	0	512	512	-10.4410626318784	46.6654509087264	-593.410370724983	687.767874238488	276	115	4	5	112	0	0	0	0	0	0	0	0	0	4777	4565	471	0	0	0	0	0	0	0	0	0
10	2	3	0	100	0	dwell	6	512	228.52905028629	904.982725591471	226.241623134108	253.362446992369	0	0	0	0	512	512	9.75101050237975	54.3306379742424	-593.659714475766	688.345740259394	288	114	3	6	101	0	0	0	0	0	0	0	0	0	4410	4657	390	0	0	0	0	0	0	0	0	0
10	2	3	0	100	0	dwell	7	512	255.83932353035	995.046499343255	249.489810774754	345.400694494358	0	0	0	0	512	512	5.35228468291203	50.4690290179364	-593.562005603419	688.119126078459	277	110	7	5	113	0	0	0	0	0	0	0	0	0	4642	4728	481	0	0	0	0	0	0	0	0	0
10	2	3	0	100	0	dwell	8	512	203.101999303165	563.232005824448	217.606398590185	256.278441547963	0	0	0	0	512	512	-15.0908219928619	47.4032434379314	-593.515515187041	688.011610610959	290	111	5	2	104	0	0	0	0	0	0	0	0	0	4635	4572	454	0	0	0	0	0	0	0	0	0
10	2	3	0	100	0	dwell	9	512	215.136441156914	713.192425695996	229.881398795582	243.337276837926	0	0	0	0	512	512	2.20737903915866	46.7218412649619	-593.466172507011	687.896930432503	286	107	1	5	113	0	0	0	0	0	0	0	0	0	4610	4759	465	0	0	0	0	0	0	0	0	0
10	2	3	0	100	0	dwell	10	512	195.513085609101	593.578428697633	208.795907313183	178.884764376654	0	0	0	0	512	512	1.03281479998864	50.0127768666141	-593.58816486443	688.179942016172	301	103	1	4	103	0	0	0	0	0	0	0	0	0	4637	4551	470	0	0	0	0	0	0	0	0	0
10	2	3	0	100	0	dwell	11	512	204.908207237847	604.344280098859	220.736918252029	232.61150467227	0	0	0	0	512	512	4.80801896479412	42.8530783208598	-593.529751109217	688.0447497099	301	92	1	4	114	0	0	0	0	0	0	0	0	0	4680	4754	479	0	0	0	0	0	0	0	0	0
10	2	3	0	100	0	dwell	12	512	241.868443825036	842.274408383008	227.537118923403	245.745710373052	0	0	0	0	512	512	1.65602182097766	51.6555137951205	-593.44986868063	687.859389254115	284	101	6	4	117	0	0	0	0	0	0	0	0	0	4743	4621	456	0	0	0	0	0	0	0	0	0
10	2	3	0	100	0	dwell	13	512	254.733188909412	973.642202449417	238.408945221349	272.69714188074	0	0	0	0	512	512	0.580542390662583	49.0676697635799	-593.626215128633	688.267973515703	274	105	4	6	123	0	0	0	0	0	0	0	0	0	4495	4485	439	0	0	0	0	0	0	0	0	0
10	2	3	0	100	0	dwell	14	512	225.261052954412	705.341316073798	228.753497341195	231.432856171501	0	0	0	0	512	512	0.453982217022336	48.9563354407187	-593.606858979608	688.223241499427	282	102	3	4	121	0	0	0	0	0	0	0	0	0	4606	4646	425	0	0	0	0	0	0	0	0	0
10	2	3	0	100	0	dwell	15	512	217.07287900848	578.19256729095	223.078984751844	212.871095890375	0	0	0	0	512	512	-11.7545355083281	50.2219804938293	-593.599615453219	688.20651278473	267	119	5	2	119	0	0	0	0	0	0	0	0	0	4573	4464	442	0	0	0	0	0	0	0	0	0
10	2	3	0	100	0	dwell	16	512	197.348710398791	517.277627278986	215.073743560468	198.631263458989	0	0	0	0	512	512	20.329435235948	47.9080199655042	-593.470521250667	687.907112863278	288	113	4	2	105	0	0	0	0	0	0	0	0	0	4617	4797	473	0	0	0	0	0	0	0	0	0
10	2	3	0	100	0	dwell	17	512	212.372509134414	475.314045149442	216.663609193536	164.77400851033	0	0	0	0	512	512	4.77024621051521	52.5672636653178	-593.464795577289	687.894081682595	274	106	5	1	126	0	0	0	0	0	0	0	0	0	4621	4585	471	0	0	0	0	0	0	0	0	0
10	2	3	0	100	0	dwell	18	512	311.84183602972	1548.18612949899	271.280781130771	413.942841753527	0	0	0	0	512	512	-2.55371268660801	53.1877821716464	-593.519013735887	688.019821616163	275	102	7	10	118	0	0	0	0	0	0	0	0	0	4604	4549	458	0	0	0	0	0	0	0	0	0
10	2	3	0	100	0	dwell	19	512	280.184038628159	1316.97035974939	238.260934067155	324.013894833802	0	0	0	0	512	512	-7.36433490626247	49.5612312750567	-593.484190826225	687.938941897082	290	101	7	8	106	0	0	0	0	0	0	0	0	0	4605	4542	456	0	0	0	0	0	0	0	0	0
10	2	3	0	100	0	dwell	20	512	259.080713066913	1096.8002964113	230.618921556689	252.983051707441	0	0	0	0	512	512	8.94531294554125	46.8625505024936	-593.449808471326	687.859160184038	282	112	7	6	105	0	0	0	0	0	0	0	0	0	4477	4672	453	0	0	0	0	0	0	0	0	0
10	2	3	0	100	0	dwell	21	512	212.298303867853	573.177322380783	231.629051858993	227.646354059998	0	0	0	0	512	512	5.7446906655407	54.8779410726556	-593.512593431464	688.004907435233	277	114	5	2	114	0	0	0	0	0	0	0	0	0	4499	4529	456	0	0	0	0	0	0	0	0	0
10	2	3	0	100	0	dwell	22	512	236.74664108723	873.98890851251	234.537769746861	275.13027964444	0	0	0	0	512	512	3.81732852495697	53.6556862892453	-593.431295126526	687.816498493392	263	124	2	6	117	0	0	0	0	0	0	0	0	0	4619	4691	469	0	0	0	0	0	0	0	0	0
10	2	3	0	100	0	dwell	23	512	224.308946985979	762.289794888129	238.856926017483	300.749526620032	0	0	0	0	512	512	1.67014245670858	49.4881110620838	-593.45418901716	687.86920906506	271	119	2	5	115	0	0	0	0	0	0	0	0	0	4609	4675	464	0	0	0	0	0	0	0	0	0
10	2	3	0	100	0	dwell	24	512	215.916337856603	518.417455667661	232.452132435269	233.298643107861	0	0	0	0	512	512	10.5342759320472	53.1198433321602	-593.563940711607	688.123928198225	269	114	6	1	122	0	0	0	0	0	0	0	0	0	4554	4690	480	0	0	0	0	0	0	0	0	0
10	2	3	0	100	0	dwell	25	512	283.226611100663	1359.18022976786	242.05818278395	323.239471368348	0	0	0	0	512	512	2.44590084492856	49.0635649513157	-593.447869821098	687.854673142901	278	117	8	8	101	0	0	0	0	0	0	0	0	0	4653	4642	471	0	0	0	0	0	0	0	0	0
10	2	3	0	100	0	dwell	26	512	223.706877674419	957.906840868525	224.291780247345	289.352957641915	0	0	0	0	512	512	-4.05932039997504	52.9835093506171	-593.460824356261	687.884683071188	286	126	2	7	91	0	0	0	0	0	0	0	0	0	4759	4646	465	0	0	0	0	0	0	0	0	0
10	2	3	0	100	0	dwell	27	512	207.422915665351	568.13774225233	223.327573042692	252.816669520757	0	0	0	0	512	512	5.25081034515875	49.7249859310755	-593.578771771961	688.1581233741	289	107	5	2	109	0	0	0	0	0	0	0	0	0	4529	4510	475	0	0	0	0	0	0	0	0	0
10	2	3	0	100	0	dwell	28	512	214.635184907229	536.128708582193	236.801891947057	301.054906414635	0	0	0	0	512	512	-0.958248924069435	50.2505794818504	-593.579231744876	688.15939719023	267	115	4	2	124	0	0	0	0	0	0	0	0	0	4547	4581	450	0	0	0	0	0	0	0	0	0
10	2	3	0	100	0	dwell	29	512	195.590099935354	515.308032142348	211.689931854367	202.097094030721	0	0	0	0	512	512	4.03934016609761	51.6291468680716	-593.552256613724	688.096364260773	289	114	4	2	103	0	0	0	0	0	0	0	0	0	4565	4627	470	0	0	0	0	0	0	0	0	0
10	2	3	0	100	0	dwell	30	512	175.465488137856	315.712357355176	208.60823223543	193.862724989185	0	0	0	0	512	512	3.83197752032319	50.8943274218857	-593.501264030103	687.978646493287	285	117	2	1	107	0	0	0	0	0	0	0	0	0	4514	4586	464	0	0	0	0	0	0	0	0	0
10	2	3	0	100	0	dwell	31	512	287.873765384099	1383.73031141949	251.745992948921	374.154945569203	0	0	0	0	512	512	9.33717865799501	46.8418695208262	-593.60997184184	688.230406222957	277	110	6	9	110	0	0	0	0	0	0	0	0	0	4585	4552	449	0	0	0	0	0	0	0	0	0
10	2	3	0	101	1	up	0	512	272.645531465032	1092.0706363286	265.169264220293	395.436450285598	915.742645786248	6226.86573151457	1003.69453538517	3600.97331513484	512	512	-9.46509420491324	46.9666209116038	-593.579085526158	688.158797761422	276	93	4	7	132	116	256	42	29	69	337	126	34	15	4584	4419	464	0	0	0	0	136	-103	-3	3	0
10	2	3	0	101	1	up	1	512	259.881599442532	999.08582460079	275.596531234111	421.80945881557	1199.80310231467	8920.71302754198	1170.7157303115	4766.96257178857	512	512	-1.44660684362829	47.0201996722385	-593.431772737996	687.817352324941	280	90	2	7	133	103	256	61	42	50	352	110	38	12	4688	4548	471	0	0	0	0	118	-80	-2	2	0
10	2	3	0	101	1	up	2	512	260.759500144404	1040.0006230178	265.783097693201	369.952691393943	1273.31751418185	9747.21731782512	1232.88286249386	5084.59111688434	512	512	4.21797298151993	50.7428825576788	-593.371795583351	687.678434248727	294	81	3	7	127	98	268	71	36	39	348	113	40	11	4654	4642	472	0	0	0	0	123	-92	-3	2	0
10	2	3	0	101	1	up	3	512	273.852479147847	1289.66944505478	253.951162045978	338.14636745258	1187.86947352279	8847.49423712933	1186.42874534313	4708.72545992448	512	512	13.1186473092209	55.5155151931318	-593.564624375444	688.12544873278	289	100	4	9	110	97	261	62	38	54	346	129	30	7	4487	4559	477	0	0	0	0	135	-109	-2	2	0
10	2	3	0	102	2	up	0	512	281.717224232222	1023.69688589308	274.406481283281	375.270506223735	948.758610463437	6734.80495010683	966.755495670232	3588.04022309642	512	512	-1.14455737960098	49.8500850787179	-593.572042080411	688.142607990805	255	103	7	5	142	123	231	46	31	81	671	237	84	32	4595	4459	491	0	0	0	0	65	-201	-4	3	0
10	2	3	0	102	2	up	1	512	253.247600776593	736.818335432584	267.542644136017	322.91434321037	979.959940026866	6984.6769778184	971.944648227753	3461.80742780318	512	512	14.1966184335746	57.1461298506027	-593.564252351408	688.124371567729	269	83	3	4	153	122	262	51	24	53	736	201	71	16	4510	4595	470	0	0	0	0	51	-158	-3	2	0
10	2	3	0	102	2	up	2	512	273.226611100663	1052.28056298506	284.966935476392	454.893635882713	828.435181601881	5677.48907369197	893.726497663754	3211.63375356906	512	512	-2.30521470900208	51.6188742835538	-593.567521814406	688.131798547216	250	113	3	7	139	142	223	39	25	83	640	281	71	32	4506	4441	450	0	0	0	0	89	-276	-4	2	0
10	2	3	0	102	2	up	3	512	246.643018965662	885.648300413484	264.049497971808	323.568486370991	953.304951684997	6601.15442196205	975.138403383714	3520.43565425062	512	512	12.2008141950358	49.6289838047493	-593.350786224033	687.629628661927	270	105	2	6	129	100	270	47	25	70	717	204	73	30	4400	4570	477	0	0	0	0	53	-172	-4	2	0
10	2	3	0	103	3	up	0	512	339.605768052221	1697.08280393775	309.046763069333	584.053933280701	1070.63621460499	8009.34243936445	1007.27087712749	3886.87886272731	512	512	19.3643655756175	51.761443686472	-593.50670749241	687.990881980513	259	107	10	10	126	132	237	58	30	55	1026	385	93	32	4458	4566	468	0	0	0	0	114	-348	-4	2	0
10	2	3	0	103	3	up	1	512	328.597637433465	1410.30453005646	323.210250119728	608.745697904982	836.670953019058	5570.52828567354	870.866217812396	3034.27589569865	512	512	25.5731102111724	54.1940918091687	-593.552068398983	688.095979881115	259	84	8	8	153	157	242	37	27	49	1097	295	104	40	4437	4678	462	0	0	0	0	77	-246	-6	2	0
10	2	3	0	103	3	up	2	512	237.998377181597	562.626985858241	262.882429429292	281.076205686015	855.288987007808	5765.84436032134	900.84963193656	3105.3726363938	512	512	33.090637662552	48.2367769805565	-593.435398061559	687.825752516785	261	94	4	2	151	137	265	42	19	49	1067	339	102	28	4438	4726	479	0	0	0	0	87	-280	-5	2	0
10	2	3	0	103	3	up	3	512	222.971769386282	546.63904019142	256.798741893597	294.846423253207	866.822172611871	5917.28208274158	896.49375368673	3216.14988966437	512	512	8.594447183018	50.1688784732742	-593.546559338734	688.083018621566	288	83	4	2	135	146	244	41	25	56	1102	290	117	27	4498	4398	467	0	0	0	0	66	-211	-3	3	0
10	2	3	0	104	4	up	0	512	277.093868684409	1194.8883204244	275.21369190806	416.297860060305	920.336584479053	6193.45211776068	927.269372624013	3258.39202158443	512	512	13.8145032564552	50.6205466411513	-593.42379024357	687.799197322212	274	101	4	8	125	129	270	42	28	43	1556	310	143	39	4623	4436	489	0	0	0	0	19	-196	-5	5	0
10	2	3	0	104	4	up	1	512	285.157430832844	1243.71800221539	280.172719143602	417.219131222794	913.729193608429	6361.04784918584	921.755059124101	3231.81526612164	512	512	48.161682494388	50.6514014966831	-593.435392163167	687.825766702407	281	91	5	8	127	135	265	47	20	45	1502	374	137	35	4209	4517	447	0	0	0	0	28	-268	-5	3	0
10	2	3	0	104	4	up	2	512	253.650853024095	736.915676305726	283.143563497519	362.333699351111	854.509090308119	5746.09050661531	879.030023405834	2986.36078039387	512	512	35.6741541358775	57.0773700991649	-593.50344681938	687.983446800356	261	91	3	4	153	146	261	41	21	43	1435	410	169	34	4352	4487	412	0	0	0	0	42	-281	-5	4	0
10	2	3	0	104	4	up	3	512	273.298007307531	1093.00067965578	277.558309640541	393.132700770887	984.432075981866	7009.98396215809	964.593602095761	3479.44788162703	512	512	12.8901295654924	48.6703483958587	-593.445179054177	687.848434695476	280	88	4	7	133	126	256	50	27	53	1461	419	129	39	4581	4402	419	0	0	0	0	33	-337	-4	4	0
10	2	3	0	105	5	up	0	512	245.359056956595	983.219555025397	251.237820435257	288.564512683805	871.015668116867	5666.09959692343	905.198682178664	3052.98935919054	512	512	29.7889857338171	54.2199038508942	-593.436199349126	687.827351817512	297	89	2	7	117	122	291	40	21	38	1893	434	193	40	4481	4464	429	0	0	0	0	36	-301	-6	2	0
10	2	3	0	105	5	up	1	512	312.743535467215	1353.41395358177	297.040243534674	482.040223164864	836.371322893124	5587.67731764629	879.559676001713	2886.13049199058	512	512	14.8166766029731	55.7774961998221	-593.399073164553	687.741197415746	271	83	7	8	143	134	259	40	20	59	1828	522	180	30	4472	4288	440	0	0	0	0	54	-383	-6	4	0
10	2	3	0	105	5	up	2	512	269.276721071279	951.12828379733	269.813611377646	307.298834392204	951.238283916548	6541.93215778251	935.187177690526	3369.59353326039	512	512	24.3969662196519	51.5782119490555	-593.543795998059	688.07705632459	276	79	3	6	148	137	274	46	26	29	1934	396	195	35	4468	4342	419	0	0	0	0	32	-232	-5	4	0
10	2	3	0	105	5	up	3	512	236.290173249098	639.757695619806	258.11333517306	308.392126695934	1024.78492169843	7781.13288085488	948.062484097024	3616.83225697723	512	512	29.3235485003195	54.6556311212225	-593.447273449767	687.852888267424	273	97	6	2	134	147	212	57	28	68	1783	518	197	62	4370	4442	390	0	0	0	0	68	-395	-7	3	0
10	2	3	0	106	6	up	0	512	230.31145948535	612.541954189195	248.296072436044	245.67758056662	899.432075981866	6267.71955029091	909.211007797341	3235.91478060579	512	512	40.6192378057831	50.9754008500808	-593.442105209817	687.84112816193	265	103	3	3	138	154	250	45	23	40	2246	525	253	48	4435	4482	466	0	0	0	0	21	-340	-7	4	0
10	2	3	0	106	6	up	1	512	356.337770720343	1715.80004154038	314.143345619316	548.233524020854	991.869770083116	7214.49460527622	975.639828905006	3695.13738225691	512	512	35.7832032060288	47.8617079194654	-593.52044769144	688.02297015619	249	98	10	10	145	134	241	52	27	58	2189	573	244	66	4407	4382	492	0	0	0	0	37	-425	-6	4	0
10	2	3	0	106	6	up	2	512	219.481156254723	561.499325078709	240.268834095231	228.795960459106	922.424241923432	6370.09962524242	960.74013329114	3393.75542549154	512	512	24.4513274826211	54.5624900933887	-593.442179124623	687.841507403689	279	94	2	3	134	115	274	47	20	56	2114	662	233	63	4352	4306	421	0	0	0	0	47	-521	-6	4	0
10	2	3	0	106	6	up	3	512	226.414785046596	707.164899900722	254.703898157923	329.476627576658	994.307464184367	7197.83507178029	974.563359863129	3635.60812090064	512	512	44.7607943952313	56.465711371226	-593.409935049131	687.766829927031	293	89	3	4	123	130	240	51	29	62	2323	472	233	44	4442	4451	462	0	0	0	0	24	-296	-6	4	0
10	2	3	0	107	7	up	0	512	292.870956324406	1330.04929345437	288.246791038486	427.108611110273	1021.81374543279	7463.29057835089	963.645095172045	3562.52636760798	512	512	42.7608682564478	52.9406058758164	-593.461380815577	687.885902298392	274	91	2	10	135	141	271	57	20	23	2715	523	286	60	4460	4443	422	0	0	0	0	25	-323	-7	4	0
10	2	3	0	107	7	up	1	512	248.422619105029	652.702785624213	276.677079603027	307.506338391399	917.973095644362	6561.67076657837	900.41621255522	3234.9918436347	512	512	24.2633941474387	47.4299091881562	-593.447197992793	687.852896153999	268	76	1	4	163	154	262	51	15	30	2639	603	285	57	4531	4311	463	0	0	0	0	23	-380	-8	4	0
10	2	3	0	107	7	up	2	512	283.775464821594	1006.14660600852	293.579852937402	429.331499884044	933.426754422802	6520.6100984466	935.940506890909	3247.47053293034	512	512	54.0668536939759	55.7163267570119	-593.53745356318	688.061944587575	257	89	4	6	156	133	268	48	21	42	2590	626	288	80	4206	4335	418	0	0	0	0	36	-456	-6	4	0
10	2	3	0	107	7	up	3	512	315.255434835027	1335.9731821795	299.886722053613	443.110058177962	845.867257583746	5501.38546494081	878.982900069931	2924.4654022232	512	512	23.6671341315997	47.8965431576701	-593.531831386601	688.04909405253	264	78	4	9	157	132	267	37	25	51	2503	768	250	63	4386	4241	432	0	0	0	0	58	-601	-7	4	0
10	2	3	0	108	8	up	0	512	365.077607446898	1823.48975334775	326.883847684295	597.069862448028	965.989060321552	6831.90488685816	931.873143415613	3349.16027741282	512	512	46.4850737358366	53.5185422514624	-593.536906891679	688.061544788722	262	73	5	13	159	129	266	50	23	44	3005	712	302	77	4304	4339	428	0	0	0	0	20	-528	-8	3	0
10	2	3	0	108	8	up	1	512	285.032819035346	1183.39283725947	291.966688231095	419.328617182622	905.769253581563	6275.48283413294	909.54992062473	3324.29142469228	512	512	50.1923522517826	59.6606774324682	-593.367948398365	687.669266952402	261	96	1	9	145	133	226	41	33	79	2845	869	296	86	4152	4332	447	0	0	0	0	38	-687	-7	4	0
10	2	3	0	108	8	up	2	512	334.926387854085	1573.81799560469	315.322682734838	467.612184258873	918.400146627487	6384.80452532197	890.736199612428	2919.17594940417	512	512	62.2169961778001	60.4333204640592	-593.60339926289	688.215241781197	273	65	2	12	160	132	289	50	13	28	3015	673	332	76	4162	4189	425	0	0	0	0	15	-426	-6	6	0
10	2	3	0	108	8	up	3	512	284.47834719503	1007.08881694484	291.726743031496	433.465774717575	925.989060321552	6492.26963194253	919.411586197138	3208.57650077346	512	512	39.5518110136458	51.9109775069741	-593.476509734442	687.92099909605	260	85	4	6	157	137	271	49	18	37	3106	633	286	71	4427	4222	415	0	0	0	0	12	-455	-6	3	0
10	2	3	0	109	9	up	0	512	369.623948668458	1730.56871537172	356.647867763179	558.455251558877	939.684108636554	6587.05089816787	955.759228941334	3503.86265851882	512	512	40.0034315919752	54.3510146378871	-593.300316442219	687.512743557588	255	64	5	12	176	133	256	47	25	51	3295	880	352	81	4377	4320	474	0	0	0	0	28	-624	-9	4	0
10	2	3	0	109	9	up	1	512	343.998080621274	1505.44424516917	352.656541325839	643.799781049055	1091.13747085467	8072.78919545483	1004.50814489161	3966.71466098608	512	512	57.6540900494092	55.3208454320975	-593.31046085218	687.536048231375	252	75	5	10	170	131	238	56	36	51	3431	802	298	77	4268	4412	443	0	0	0	0	12	-598	-8	4	0
10	2	3	0	109	9	up	2	512	311.459573458148	1116.63875700151	344.513034899536	536.92953449153	832.774278580304	5486.61021172257	857.211478803498	2861.61941889379	512	512	68.2643270313987	58.2431647460694	-593.476610289731	687.921256307808	262	65	6	6	173	153	268	39	20	32	3482	711	338	77	4149	4357	392	0	0	0	0	15	-483	-7	4	0
10	2	3	0	109	9	up	3	512	313.17058645034	1097.45957503631	351.301473664217	613.740188634962	833.379156951557	5448.39757591197	879.046689590712	2994.46289845106	512	512	52.1120215151622	55.3096401558923	-593.240432199466	687.373952619073	237	80	3	7	185	145	261	37	24	45	3257	889	356	106	4284	4399	455	0	0	0	0	33	-695	-9	3	0
10	2	3	0	110	10	up	0	512	326.133335536899	1387.79984330745	319.316632548085	510.307293134129	736.899186938124	4712.11201940349	736.016403698171	2234.4425008705	512	512	64.4561304275401	61.3932541850324	-593.434302425044	687.823105825236	266	70	5	9	162	170	245	33	18	46	3632	972	415	101	4255	4247	405	0	0	0	0	22	-702	-8	4	0
10	2	3	0	110	10	up	1	512	306.411975986903	1188.30150939342	321.645547180448	502.629027365881	708.708203932499	4444.09378214927	707.306173544419	2063.55740168313	512	512	77.671269943866	65.7509702804064	-593.52862351518	688.041869232137	254	81	3	8	166	168	259	33	12	40	3856	797	381	86	3990	4170	445	0	0	0	0	8	-491	-7	5	0
10	2	3	0	110	10	up	2	512	287.918553795651	992.216364448409	314.295222969526	475.808989035864	840.562009338427	5847.78332404269	821.794172314177	2827.47934217684	512	512	64.0562174034639	63.377319698692	-593.470296253264	687.906903628662	270	73	6	5	158	175	253	45	14	25	3853	752	434	81	4301	4189	413	0	0	0	0	7	-420	-8	6	0
10	2	3	0	110	10	up	3	512	281.71441517253	945.380613012342	304.093309346164	451.440176098354	865.864448524053	5935.0448002038	846.888145349918	2903.02458984774	512	512	62.8985522375313	59.0998145306961	-593.399998583134	687.743602666588	260	84	5	5	158	153	262	44	18	35	3754	869	420	77	4188	4215	402	0	0	0	0	9	-523	-8	5	0
10	2	3	0	111	11	up	0	512	386.533778724708	1709.39853875766	383.919452997763	682.95702884031	829.986547822181	5326.24253093212	850.13349501547	2832.74067707015	512	512	69.6140938174879	59.6846395597912	-593.44972115299	687.859045267666	227	67	4	12	202	135	280	37	21	39	4279	850	423	80	4039	4087	418	0	0	0	0	10	-516	-7	4	0
10	2	3	0	111	11	up	1	512	375.151812713458	1736.53833882734	391.972365837072	816.638221104636	784.565114958442	5469.27014168437	776.970186184606	2473.3319160273	512	512	74.126906618166	59.1234059003302	-593.274862165985	687.453741152725	247	66	5	12	182	155	234	43	11	69	4185	872	472	103	4158	4214	450	0	0	0	0	10	-547	-8	3	0
10	2	3	0	111	11	up	2	512	360.581672756276	1798.97617452355	368.200975153438	789.428526422233	922.877900701872	6354.58607473722	934.934276598527	3641.17190467398	512	512	75.812012703914	73.3366360623518	-593.407494367132	687.761219605113	260	83	7	12	150	138	227	40	37	70	4075	1070	380	107	4004	4240	378	0	0	0	0	33	-845	-10	4	0
10	2	3	0	111	11	up	3	512	381.48337219377	1626.02772402821	401.316416078319	785.837554152104	778.981226263118	4760.15137298002	804.050670598666	2483.12085100304	512	512	62.3955453226062	53.5739839783286	-593.372027934692	687.678988324693	232	66	7	10	197	150	278	31	23	30	4229	927	377	99	4119	4210	416	0	0	0	0	14	-674	-7	4	0
10	2	3	0	112	12	up	0	512	423.968663766267	2164.31630119973	435.738598786379	1028.0532311132	634.61552148938	3850.77177945135	663.842226643278	1907.60117993363	512	512	80.2178579136503	65.4868445350255	-593.383811527546	687.706449110662	244	59	7	15	187	182	245	29	9	47	4665	925	470	84	4142	4076	395	0	0	0	0	4	-559	-7	6	0
10	2	3	0	112	12	up	1	512	385.854695086894	1728.02766739023	403.484120423092	754.12856343362	653.031929354378	3813.51645789228	683.018589769674	1989.11402113787	512	512	82.7405747123692	57.9446554888464	-593.323085795791	687.565639909819	230	62	2	13	205	170	255	26	15	46	4706	855	502	81	4086	4142	432	0	0	0	0	1	-418	-7	6	0
10	2	3	0	112	12	up	2	512	439.321509482831	2455.20690599341	400.048495997411	786.459362299015	762.07420526656	4956.71986179981	735.382940996041	2453.07706346028	512	512	67.1788714292476	60.3916613443009	-593.508114911164	687.994236360458	241	68	4	19	180	173	239	34	21	45	4437	1148	454	105	4048	3971	399	0	0	0	0	21	-791	-11	6	0
10	2	3	0	112	12	up	3	512	373.467407516581	1557.6173291703	390.25092096583	705.67224696259	693.556984339686	4388.14541661091	690.93168580944	2151.03625264465	512	512	87.7942959801679	66.8428661878305	-593.564626500669	688.125019153309	233	58	3	11	207	183	250	33	11	35	4507	1011	543	83	3971	4035	424	0	0	0	0	4	-542	-8	3	0
10	2	3	0	113	13	up	0	512	420.653068963143	2022.61425186928	437.046416925714	958.693785385799	514.570733077827	2932.13384370057	549.867878281239	1425.24743804928	512	512	61.2790035779654	64.8080131903928	-593.406852807572	687.75984828155	226	64	6	14	202	213	203	21	9	66	4980	1113	448	115	4158	4084	412	0	0	0	0	27	-815	-11	4	0
10	2	3	0	113	13	up	1	512	443.515004987826	2420.92408695806	424.064703166105	950.006036358025	737.827494170934	4870.48576983901	700.373317703171	2279.53760320123	512	512	92.088016285668	74.6274449484652	-593.296145637377	687.503088507398	245	52	3	19	193	191	231	35	17	38	4989	1018	565	84	4155	4230	419	0	0	0	0	3	-540	-9	5	0
10	2	3	0	113	13	up	2	512	435.424835044077	2215.48340051276	416.569602763752	813.554841452423	633.206947682814	3946.74126131202	618.576667558847	1689.87374010416	512	512	100.688856753023	67.4194661734169	-593.463088559191	687.88986646728	233	52	3	17	207	193	247	32	4	36	5094	962	486	114	3933	4110	439	0	0	0	0	6	-585	-8	6	0
10	2	3	0	113	13	up	3	512	429.093275563765	2091.10044649316	417.610795776922	826.371136831829	797.700073313744	5427.64976353203	737.419614289773	2461.71806945511	512	512	86.5350330051206	60.1339548350373	-593.429397632295	687.811621387048	232	52	5	15	208	180	240	40	17	35	5207	827	535	87	4113	3956	398	0	0	0	0	2	-377	-8	5	0
10	2	3	0	114	14	up	0	512	405.828087291579	2027.03972172341	410.234388766861	846.520414544373	609.336881039375	3568.55281912476	599.84322408025	1582.84138456058	512	512	107.503483141835	66.9165119337313	-593.515056412741	688.010495412633	257	58	9	13	175	202	245	26	10	29	5631	889	571	77	3837	4058	406	0	0	0	0	0	-371	-7	6	0
10	2	3	0	114	14	up	1	512	417.082632445639	2157.24628788893	391.993830153833	754.708822827803	724.159053651247	4950.30941030392	656.613975751128	1878.90444730868	512	512	97.2739329461808	70.6039002227682	-593.310357612356	687.535644561411	262	48	7	15	180	188	248	42	2	32	5520	956	585	107	4112	4100	393	0	0	0	0	0	-465	-7	5	0
10	2	3	0	114	14	up	2	512	359.019070297204	1443.88778236357	387.893785996376	615.233741348793	662.904508497188	4099.2214712478	654.311879648746	2011.5536611933	512	512	100.563782008006	69.9799757960703	-593.511503056151	688.002242643638	247	49	3	10	203	191	243	30	12	36	5674	843	578	73	3881	4023	363	0	0	0	0	0	-305	-7	5	0
10	2	3	0	114	14	up	3	512	416.658390522206	2116.4409979542	408.553169998501	873.618981581654	687.151219592813	4302.90234761796	681.724302233127	2047.89169054812	512	512	98.1363029508259	69.2908173180919	-593.434358720817	687.823206605633	239	66	6	15	186	181	243	31	14	43	5372	1098	581	117	3965	4107	411	0	0	0	0	5	-652	-9	6	0
10	2	3	0	115	15	up	0	512	387.637104285954	1849.02148446919	398.421930020205	800.812542953034	639.238877037193	3934.83865882315	642.916358278315	1826.72377239206	512	512	98.2238478151601	73.9529274579733	-593.214032559312	687.312731712222	255	54	5	13	185	187	235	29	11	50	5978	1045	561	96	4174	4024	399	0	0	0	0	4	-582	-12	5	0
10	2	3	0	115	15	up	1	512	449.849373527831	2564.89992165372	412.450940053942	882.40015136613	670.822469172194	4304.64719597284	672.008924675617	2241.05839530594	512	512	106.731424528491	74.0563443898716	-593.436499695623	687.828365694345	237	71	4	20	180	191	213	30	17	61	5805	1165	617	93	3846	3946	365	0	0	0	0	20	-646	-12	6	0
10	2	3	0	115	15	up	2	512	469.143682094702	2606.91804563198	434.33365528494	923.628330150544	611.901995997817	3649.80523329674	620.817073636246	1753.91647574782	512	512	100.069024220126	72.4605656628864	-593.425051212496	687.801971024554	235	60	7	19	191	197	232	26	12	45	5889	1130	565	96	3831	3895	399	0	0	0	0	12	-645	-13	4	0
10	2	3	0	115	15	up	3	512	431.053512150953	2151.84210427105	439.392853505562	945.275885859974	638.079526825623	3817.11201940349	631.661264814524	1782.25420330233	512	512	103.823506065457	74.5301506395836	-593.347526637521	687.622134395508	231	55	4	16	206	202	243	27	13	27	5948	1031	620	81	3959	4028	414	0	0	0	0	4	-475	-9	5	0
10	2	3	0	116	16	up	0	512	399.271102951893	1821.94252244522	432.500925255781	859.138860519341	646.14589803375	4138.42205272521	612.113594876954	1719.26285040078	512	512	112.101114080625	73.3977327020026	-593.513687152247	688.00731174002	230	60	4	13	205	204	235	33	6	34	6577	918	618	79	3901	3848	386	0	0	0	0	0	-347	-8	6	0
10	2	3	0	116	16	up	1	512	404.371916013769	1866.9668576635	436.233677978461	925.04474330354	682.554471840316	4551.61664951452	660.037779936819	2003.98431495096	512	512	91.5398596303622	68.2674833461937	-593.373540368697	687.682408988175	228	63	5	13	203	193	225	36	8	50	6331	1135	612	114	3961	3877	430	0	0	0	0	1	-629	-11	6	0
10	2	3	0	116	16	up	2	512	444.395714749391	2226.17345214801	430.668026405113	938.473701564645	563.008130618756	2947.95731425153	586.231694853746	1575.2542710512	512	512	113.603465450706	73.3644699718271	-593.471088165355	687.908611023865	226	61	8	15	202	188	251	19	13	41	6385	1072	637	98	3868	3856	387	0	0	0	0	2	-495	-11	6	0
10	2	3	0	116	16	up	3	512	462.032225914701	2422.0517477376	436.396337271831	923.42245934646	646.323725421879	4021.8173442679	651.694409998749	1903.92453301628	512	512	114.332296599899	77.4342414034718	-593.432114830216	687.818170582893	227	52	5	18	210	194	228	29	13	48	6478	1002	621	91	3868	3817	390	0	0	0	0	0	-453	-8	5	0
10	2	3	0	117	17	up	0	512	505.270806391571	2882.20656616552	457.70889369526	968.40708317203	623.029120294686	3937.35816569746	607.010725848543	1726.45051483847	512	512	108.779554935519	72.9599461696019	-593.364542480723	687.661548524059	229	41	3	23	216	227	222	30	9	24	6717	1220	647	120	3887	3815	392	0	0	0	0	1	-678	-9	5	0
10	2	3	0	117	17	up	1	512	511.753585464697	3085.71416030161	475.765158257779	1225.10839323246	605.318403862816	3660.80212767673	604.410851679946	1621.29452006518	512	512	119.816551039023	76.9715924342044	-593.506285459567	687.99005512248	239	45	3	25	200	197	243	29	5	38	6807	1138	655	104	3790	3739	372	0	0	0	0	1	-559	-9	5	0
10	2	3	0	117	17	up	2	512	458.061346209386	2359.27965677735	443.161234709221	948.569288124742	593.132742416254	3490.44045989338	598.639466599489	1605.8489418327	512	512	137.35712094413	90.412527576792	-593.393025909939	687.727487453295	234	45	6	17	210	196	245	27	6	38	6791	1133	682	98	3695	4071	438	0	0	0	0	2	-540	-9	7	0
10	2	3	0	117	17	up	3	512	366.759203584082	1648.47143113655	381.022246811329	669.36473318404	664.061049649064	4217.71997507577	662.449702652136	1898.29601313036	512	512	96.2737176075111	65.3835818386071	-593.456581200046	687.874847144509	249	60	3	12	188	193	236	32	10	41	6664	1218	707	115	3947	3838	358	0	0	0	0	3	-625	-9	6	0
10	2	3	0	118	18	up	0	512	342.915744735958	1268.71771902548	407.488086576525	826.193220573174	641.299926686256	4151.410083349	646.967633761173	1833.2211036197	512	512	143.122775545313	88.1826366508445	-593.392452684544	687.726122084542	239	61	4	8	200	188	232	34	4	54	7341	1041	721	113	3748	3855	352	0	0	0	0	0	-397	-9	7	0
10	2	3	0	118	18	up	1	512	501.101109622198	2780.25529324007	511.768322157438	1291.90193112018	560.795861376879	3160.40703436697	583.983946191218	1565.46176402918	512	512	123.616616660643	79.3962705074342	-593.282443901078	687.471107340376	227	49	8	20	208	206	244	24	6	32	7216	1078	809	113	3896	3857	385	0	0	0	0	0	-353	-7	5	0
10	2	3	0	118	18	up	2	512	394.321509482831	1776.95469005436	413.749619344397	834.597054005067	705.718847050626	4362.76556821132	688.646865605752	2027.32503645272	512	512	119.334958075314	78.2314024313163	-593.28339276585	687.473594630763	229	60	3	13	207	166	256	31	15	44	7141	1270	714	91	3848	3711	352	0	0	0	0	1	-606	-10	5	0
10	2	3	0	118	18	up	3	512	404.294901687516	1827.79046980942	427.580909020753	898.856642431979	693.055728090001	4407.61662119553	681.90583478451	2074.0820147173	512	512	134.553937231262	89.5265735865577	-593.337573496231	687.599001956071	232	52	4	13	211	184	238	32	14	44	7176	1157	789	94	3929	3767	390	0	0	0	0	0	-460	-9	5	0
10	2	3	0	119	19	up	0	512	543.310569804383	3120.3706731345	551.991787180568	1360.35978262824	580.695048315003	3399.10609135337	584.747831963428	1538.08397394623	512	512	137.167882689525	95.9761851802832	-593.514644172251	688.009432681562	206	43	3	25	235	212	232	25	9	34	7602	1250	761	115	3709	3780	355	0	0	0	0	0	-555	-8	6	0
10	2	3	0	119	19	up	1	512	719.562305898749	5025.22437863488	631.15807727541	1946.44811281912	582.883518821258	3675.23081642683	560.716402166197	1508.03600066552	512	512	139.547039333655	86.7916100805132	-593.427872289527	687.80821730328	208	42	9	40	213	216	210	29	6	51	7648	1196	775	109	3712	3807	365	0	0	0	0	1	-527	-10	6	0
10	2	3	0	119	19	up	2	512	631.549150281253	3788.99056986399	607.915280789497	1655.23256928035	593.283962009067	3569.56510000986	583.44891731483	1624.47377753231	512	512	145.098476078613	93.9216861177023	-593.281654792245	687.469570866733	188	40	10	28	246	205	230	27	8	42	7564	1228	814	122	3756	3733	400	0	0	0	0	1	-501	-11	9	0
10	2	3	0	119	19	up	3	512	509.541316222819	2652.20656616552	527.862013517812	1232.74833851653	647.877900701872	4062.8687804966	616.288469626197	1773.13311293055	512	512	147.242316806404	94.7639797766865	-593.480576210804	687.93056753504	213	36	7	19	237	210	238	31	9	24	7747	1127	749	105	3609	3666	345	0	0	0	0	1	-440	-10	6	0
10	2	3	0	120	20	up	0	512	393.239173597515	1992.02139951222	376.029209968666	644.723715045597	407.835921350013	1851.30099965158	436.761581258016	917.839312158589	512	512	150.823817035052	99.3548048100949	-593.490391431098	687.953068149029	260	48	1	16	187	236	219	14	2	41	8197	1115	817	111	3834	3773	429	0	0	0	0	0	-373	-9	5	0
10	2	3	0	120	20	up	1	512	328.517814047519	1272.44712423726	334.072334986699	464.881062417397	449.042869032827	2485.61710261838	438.625042139208	924.428268565455	512	512	148.415626580007	92.2113536803426	-593.423017540144	687.797173695591	260	53	2	9	188	241	195	20	2	54	8124	1200	794	122	3713	3767	361	0	0	0	0	0	-488	-8	6	0
10	2	3	0	120	20	up	2	512	275.706284553774	879.77251574511	309.422134730916	460.635214234006	397.788323878768	1722.15832051381	425.61144999304	803.930867258976	512	512	148.521841432241	91.7854103603191	-593.411302430535	687.769763859114	272	62	1	6	171	224	215	12	4	57	8066	1220	837	117	3776	3728	358	0	0	0	0	0	-467	-9	4	0
10	2	3	0	120	20	up	3	512	364.271102951893	1705.84828719209	370.515202926465	734.287835639953	566.026904355638	3402.02433521829	532.696609138902	1505.7596163666	512	512	153.153179005477	87.4576871162859	-593.259348672898	687.417540897615	270	57	7	11	167	206	203	24	12	67	7943	1265	915	117	3724	3909	393	0	0	0	0	0	-461	-9	7	0
10	2	3	0	121	21	up	0	512	423.790836378138	2025.66269575392	435.804628550985	854.24379726046	681.798373876249	4099.64089977584	697.748738232093	1947.50599809952	512	512	162.347591305765	103.228459513266	-593.473108188038	687.913072157029	230	44	1	16	221	164	275	31	9	33	8642	1163	839	108	3635	3652	375	0	0	0	0	0	-386	-8	6	0
10	2	3	0	121	21	up	1	512	474.090466504072	2652.67774243116	479.700777103688	1257.07583429233	737.373835392494	4750.55863389892	718.586511666869	2097.64519700178	512	512	164.387657164075	99.4882120467629	-593.461664011581	687.886587312273	253	42	8	19	190	172	268	37	9	26	8664	1099	900	89	3814	3721	373	0	0	0	0	0	-274	-8	7	0
10	2	3	0	121	21	up	2	512	596.326534481572	3885.02718596738	526.606145540372	1318.27555370612	676.320916362186	4269.8536205434	681.314358018892	1993.08868097184	512	512	170.252997951254	108.684092708786	-593.467629832971	687.90052092939	205	57	1	33	216	183	257	34	6	32	8517	1233	895	107	3700	3853	406	0	0	0	0	0	-386	-8	7	0
10	2	3	0	121	21	up	3	512	415.223208920326	2096.52896532932	415.984605240378	917.097245903955	771.143088974058	4925.10577984447	773.019831032501	2301.55486696163	512	512	151.900404895922	93.6916109915433	-593.587101051738	688.177473395473	261	47	8	14	182	145	286	38	10	33	8558	1210	883	101	3674	3705	361	0	0	0	0	0	-419	-8	7	0
10	2	3	0	122	22	up	0	512	429.772359201578	1993.38318057153	457.369646717792	1029.74938836875	537.583888695324	2996.13373042461	548.334649786049	1306.41129277952	512	512	165.967279830076	102.347560491086	-593.461920357623	687.887284473173	217	56	5	14	220	193	236	23	5	55	8937	1288	919	120	3728	3548	337	0	0	0	0	0	-416	-7	7	0
10	2	3	0	122	22	up	1	512	401.655581462514	1844.40133286878	407.485850623726	686.780438610406	458.411382866258	1908.34345884812	533.935939986109	1198.92553609094	512	512	166.183016331686	105.055398667172	-593.320378461456	687.559134019274	240	44	2	14	212	200	261	12	7	32	8974	1285	882	123	3552	3724	382	0	0	0	0	0	-490	-10	5	0
10	2	3	0	122	22	up	2	512	444.493718751574	2324.05169109961	451.656040619079	928.997582093219	659.639320225002	4409.32482512803	607.112885957592	1772.96325299951	512	512	138.601246364921	91.639615221611	-593.385360240737	687.709671513373	241	44	3	18	206	216	208	34	10	44	8943	1382	840	99	3820	3544	382	0	0	0	0	0	-648	-9	5	0
10	2	3	0	122	22	up	3	512	336.732595788767	1045.69024986819	405.542224995804	653.913540831179	610.066371208127	3647.01789742633	582.331661030769	1515.81706635517	512	512	168.051568764843	108.09122790375	-593.360505039951	687.652197651025	232	44	1	7	228	198	245	28	7	34	8885	1324	902	153	3638	3749	397	0	0	0	0	0	-494	-11	8	0
10	2	3	0	123	23	up	0	512	451.679380198136	2097.07300565486	469.992019762993	1045.52794571107	582.053215590631	3341.48308900386	585.397447874981	1554.87710342424	512	512	180.097075718791	114.54193171368	-593.325553217431	687.571479682204	218	43	7	14	230	198	237	24	10	43	9262	1417	958	139	3488	3653	428	0	0	0	0	0	-575	-8	7	0
10	2	3	0	123	23	up	1	512	466.05070309126	2485.60787071531	471.306043923328	1027.6908202852	515.59704431282	2874.40412697989	517.232595653241	1192.68222424055	512	512	178.315977895368	110.358279014267	-593.488179599614	687.947948409355	236	42	4	19	211	221	224	22	5	40	9363	1355	920	138	3521	3603	337	0	0	0	0	0	-546	-11	8	0
10	2	3	0	123	23	up	2	512	537.658093961884	3094.8053748917	525.34199482367	1308.08719922806	551.827790731257	3072.22782408278	570.56054120875	1443.34377966804	512	512	174.440267114908	115.488557731607	-593.426434951836	687.804990443031	210	48	5	24	225	204	234	22	9	43	9359	1327	953	137	3714	3589	393	0	0	0	0	0	-490	-8	7	0
10	2	3	0	123	23	up	3	512	527.331856040635	2985.16102966795	497.616438169573	1141.22488385913	449.719143610948	2133.41338720196	485.484955967534	1026.87082966314	512	512	175.569136016967	113.301766219257	-593.422641969915	687.795950167088	210	49	5	23	225	219	235	16	3	39	9319	1332	1008	117	3566	3693	380	0	0	0	0	0	-392	-8	6	0
10	2	3	0	124	24	up	0	512	369.997784060952	1613.18556311918	413.007390342162	816.191977157164	606.098300562505	3721.28547155151	588.269505317539	1685.98518935922	512	512	163.996050304884	102.777901208412	-593.390638256112	687.722140333556	255	43	2	12	200	204	225	28	9	46	9828	1344	995	121	3719	3517	384	0	0	0	0	0	-442	-8	6	0
10	2	3	0	124	24	up	1	512	474.191279565947	2494.52580307132	483.291686800655	1054.5040509569	502.681892697506	2663.93602801528	510.037638203067	1126.52303460381	512	512	190.042110117557	116.919938398962	-593.380482952236	687.698551033335	227	42	4	19	220	220	233	20	5	34	9853	1412	912	111	3450	3687	348	0	0	0	0	0	-574	-9	5	0
10	2	3	0	124	24	up	2	512	451.003105620015	2232.37705428847	457.383350774197	925.680889455107	534.917960675006	2876.49833391403	547.506958528577	1321.77457340592	512	512	188.732309125778	125.681038160977	-593.390500773606	687.721437791996	212	56	3	17	224	204	242	21	7	38	9772	1419	945	152	3454	3661	373	0	0	0	0	1	-595	-14	6	0
10	2	3	0	124	24	up	3	512	467.835921350013	2526.74168609689	483.328409545979	1134.57496897948	605.772062641256	3681.27638124339	591.188109314183	1553.52945775585	512	512	182.022289946644	113.575068356648	-593.410225441286	687.767466481654	232	51	5	19	205	196	232	28	8	48	9835	1375	951	127	3442	3566	326	0	0	0	0	0	-554	-10	6	0
10	2	3	0	125	25	up	0	512	435.774871700949	1922.72347716166	478.135484073376	1103.23015955945	572.228233919066	3408.90246089392	561.070703128887	1470.41248701008	512	512	178.113800453093	106.937952005017	-593.447458314847	687.853795829959	223	41	8	12	228	217	226	26	7	36	10273	1401	994	132	3489	3362	338	0	0	0	0	0	-517	-8	5	0
10	2	3	0	125	25	up	1	512	415.172802389388	1800.52899364831	438.094934253428	808.247315658473	664.437694101251	4257.74123299303	600.013968752046	1705.99275454227	512	512	190.226175079202	124.564607886942	-593.461346842784	687.885919000608	222	43	3	13	231	200	229	32	11	40	10197	1404	1046	153	3472	3462	358	0	0	0	0	0	-482	-9	5	0
10	2	3	0	125	25	up	2	512	482.782705759382	2465.96646119763	519.723360305749	1388.61882538398	445.949890029385	1953.24318226891	491.169854561167	1048.68803842066	512	512	204.341709623729	131.403522924712	-593.398829569472	687.740830988715	230	34	8	17	223	214	243	13	6	36	10192	1417	1069	122	3395	3520	383	0	0	0	0	0	-413	-8	7	0
10	2	3	0	125	25	up	3	512	512.156837712199	2889.27657947632	494.319471187518	1117.38172581462	593.183148947192	3490.45262750252	588.964301616445	1582.38575715577	512	512	178.82643607133	120.36748003731	-593.414402621772	687.77700799537	211	52	3	23	223	195	245	27	6	39	10166	1493	995	146	3622	3445	302	0	0	0	0	0	-612	-12	7	0
10	2	3	0	126	26	up	0	512	555.21759080094	3174.78998838658	532.564544611395	1364.7275200378	489.968367205944	2708.77491339035	479.864520165647	984.439512616822	512	512	215.111667817074	140.443743355469	-593.458769375868	687.879728787463	223	30	9	23	227	239	215	21	4	33	10741	1397	1046	128	3292	3555	328	0	0	0	0	0	-436	-7	6	0
10	2	3	0	126	26	up	1	512	483.764228582823	2485.76898534023	485.440512252662	1100.21673230716	508.912639115943	2515.04243087755	544.616204210421	1357.11357545368	512	512	179.958690114592	114.330906660125	-593.375949378059	687.68800183355	217	44	6	18	227	211	241	16	11	33	10510	1608	1052	142	3551	3513	356	0	0	0	0	1	-689	-15	6	0
10	2	3	0	126	26	up	2	512	464.695344875325	2327.93018492213	471.944626560495	1076.24889795581	541.326534481572	3001.69902866741	562.862750671681	1485.61119152077	512	512	192.606541061598	124.146414246283	-593.387695965829	687.715132510593	225	52	10	15	210	205	226	21	10	50	10529	1544	1075	164	3418	3389	393	0	0	0	0	0	-559	-10	8	0
10	2	3	0	126	26	up	3	512	573.461789397196	3489.86005833536	522.718115005494	1396.92341836003	500.371619453446	2484.8905481557	551.024646524212	1273.23836750034	512	512	165.827702124705	118.465470147443	-593.23834144962	687.369121671485	223	54	14	24	197	203	242	17	8	42	10064	2028	1039	181	3498	3540	378	0	0	0	0	26	-1189	-23	7	0
10	2	3	0	127	27	up	0	512	461.453955338763	2226.17638785408	507.478572466239	1309.96201444278	576.97901032407	3236.17009165708	574.318608495306	1483.38700564772	512	512	212.579723516101	143.344442388714	-593.400733827947	687.745233003318	220	50	10	14	218	177	257	25	5	48	11049	1553	1077	145	3307	3494	357	0	0	0	0	0	-588	-8	6	0
10	2	3	0	127	27	up	1	512	417.35846383595	1901.25540651604	440.678860940457	871.583962831646	521.777384200319	2822.58040155801	535.04829696498	1296.64427501209	512	512	199.278512653525	129.393170382534	-593.402270172492	687.748943048801	231	42	3	14	222	213	235	21	6	37	11007	1553	1137	127	3416	3293	341	0	0	0	0	0	-488	-8	7	0
10	2	3	0	127	27	up	2	512	468.034738414071	2507.1974758574	447.474123170962	891.901260379562	513.663415520947	2832.46194436256	526.407767757379	1187.32689814805	512	512	207.85240611573	136.088889674886	-593.462134444033	687.887789301826	237	36	2	20	217	211	229	22	4	46	11078	1470	1115	161	3291	3262	323	0	0	0	0	0	-424	-8	7	0
10	2	3	0	127	27	up	3	512	507.732299228444	2729.3129407088	520.850464841967	1310.94060687212	548.135551475947	2989.9573992085	578.40564149469	1583.88722328755	512	512	220.501854052182	145.864607236535	-593.543720856358	688.076766727179	227	37	9	19	220	199	230	20	12	51	11097	1481	1105	141	3254	3375	300	0	0	0	0	0	-472	-9	6	0
10	2	3	0	128	28	up	0	512	485.398227248762	2526.86629789438	496.011651140387	1159.1043333126	507.43266910251	2708.10332556125	505.371358713574	1116.61551310194	512	512	220.956995153615	145.910906383267	-593.39421967208	687.730121507477	216	50	7	18	221	208	230	20	6	48	11393	1616	1190	137	3267	3505	329	0	0	0	0	0	-495	-9	8	0
10	2	3	0	128	28	up	1	512	442.008427179078	2066.67497663903	473.466153133082	1025.31327822132	542.429860042818	2944.78705268051	544.164476606845	1330.6535639062	512	512	224.349526634031	146.893134417944	-593.395092440619	687.732335092038	217	58	9	13	215	213	232	20	11	36	11497	1544	1152	143	3348	3500	331	0	0	0	0	0	-504	-9	7	0
10	2	3	0	128	28	up	2	512	512.960533147511	2851.88447851062	509.559790600333	1268.1386325475	628.785218258752	3786.00575813618	593.902834178072	1634.23226360046	512	512	232.525418695278	158.918192263733	-593.380332105326	687.698494633528	216	51	7	21	217	192	243	28	10	39	11417	1557	1214	148	3249	3474	381	0	0	0	0	0	-429	-13	7	0
10	2	3	0	128	28	up	3	512	442.708500492822	2203.82973842897	471.845971597383	929.234118798019	514.366297894383	2736.32211597389	527.159938340348	1348.27756703144	512	512	211.797441788198	141.12156712308	-593.342156949684	687.60952214342	233	34	0	18	227	214	227	19	9	43	11520	1534	1139	143	3430	3293	347	0	0	0	0	0	-500	-9	8	0
10	2	3	0	129	29	up	0	512	677.652475842499	4272.51928032239	650.794092557247	1885.81277380666	552.981522823441	3308.94497672844	530.624151838659	1268.01207555323	512	512	235.433854864837	158.775999619622	-593.204573050503	687.290672916037	192	33	11	32	244	231	220	26	5	30	11865	1633	1213	137	3262	3347	330	0	0	0	0	0	-487	-10	8	0
10	2	3	0	129	29	up	1	512	631.397930688439	3768.58932195219	645.516708050528	1824.53248050123	541.801182935942	3257.04530994564	512.921464426638	1217.32817523395	512	512	218.055655810675	142.120358027916	-593.351961444707	687.632260421316	183	36	7	29	257	235	215	26	4	32	11892	1672	1140	144	3225	3402	334	0	0	0	0	0	-633	-8	7	0
10	2	3	0	129	29	up	2	512	696.623355547813	4176.67441025921	702.757114183909	2183.49575808884	534.968367205944	3249.21559983566	509.403362968533	1242.40474493344	512	512	200.245995663833	130.530340122511	-593.449165682787	687.857608765378	165	43	18	28	258	235	207	26	4	40	11856	1663	1181	148	3283	3137	337	0	0	0	0	0	-569	-10	9	0
10	2	3	0	129	29	up	3	512	693.607390870624	4370.16368218412	710.074109626439	2311.94384218913	511.878197262195	2949.5044035591	511.203962114299	1352.25466984461	512	512	219.332801560724	147.467740615279	-593.372933978439	687.680945060696	194	38	18	30	232	239	205	22	7	39	11825	1668	1195	160	3277	3422	351	0	0	0	0	0	-620	-12	7	0
10	2	3	0	130	30	up	0	512	318.547230902527	1437.73914685669	323.939274460046	560.444104277997	528.085144945009	3300.09711432122	468.73470555832	1129.84707506601	512	512	214.516083453311	142.386943887727	-593.476849355767	687.921994667176	268	81	4	10	149	240	195	27	3	47	12294	1731	1161	174	3256	3221	349	0	0	0	0	0	-672	-11	6	0
10	2	3	0	130	30	up	1	512	432.233852038452	1996.29498664449	434.414717299173	866.496957935892	342.865338205021	1327.42894362102	347.546282372406	512.413092973064	512	512	232.831393570683	159.742732109465	-593.444224286835	687.84602633828	219	51	5	14	223	244	196	9	3	60	12357	1662	1189	152	3233	3418	370	0	0	0	0	0	-580	-12	9	0
10	2	3	0	130	30	up	2	512	308.621436169087	1249.87586962535	346.772360889464	633.363814066618	511.753585464697	2929.90872877193	458.330836908259	1053.80087606991	512	512	230.47470759704	153.123086431319	-593.514755172089	688.009747285233	265	71	2	9	165	235	201	21	9	46	12345	1693	1172	150	3141	3284	319	0	0	0	0	0	-657	-11	9	0
10	2	3	0	130	30	up	3	512	386.154325212828	1945.77220423621	384.635166912889	764.661725428869	380.326831041894	1604.61125952523	405.089217652517	784.520869727834	512	512	219.519318415662	143.695387299108	-593.385311568786	687.710028494171	269	52	5	14	172	230	207	11	4	60	12304	1620	1286	150	3383	3151	303	0	0	0	0	0	-403	-12	6	0
10	2	3	0	131	31	up	0	512	437.610496490639	2119.67489168206	438.012820768064	794.558513393409	673.758610463437	4169.83543992717	680.726291013919	1922.61161841958	512	512	228.667444654809	153.501815674193	-593.372605300206	687.680432294219	222	50	3	16	221	183	251	31	11	36	12694	1778	1250	150	3223	3188	322	0	0	0	0	0	-623	-14	8	0
10	2	3	0	131	31	up	1	512	478.81463511376	2637.3160746478	473.376955566912	1106.68971702247	603.209756742507	3481.80531825372	636.614047713564	1638.49033038471	512	512	226.776460094481	156.584796735189	-593.302608423831	687.517922074803	236	45	5	20	206	176	252	26	8	50	12540	1857	1266	209	3249	3185	334	0	0	0	0	0	-707	-12	9	0
10	2	3	0	131	31	up	2	512	429.217887361263	1934.52594466627	453.235585860577	926.009585291435	611.572949016875	3531.47987010788	667.674229503418	1841.53187240277	512	512	230.271320816499	153.772207405346	-593.493681230152	687.961079547033	224	45	6	13	224	194	255	26	9	28	12717	1745	1263	147	3138	3113	316	0	0	0	0	0	-614	-10	6	0
10	2	3	0	131	31	up	3	512	514.870363203761	3088.78414529343	483.608250984656	1100.88913212238	595.318403862816	3394.63195106267	637.506375521776	1691.79386252082	512	512	240.988879823849	161.349370267681	-593.447409232661	687.85369900773	228	53	3	25	203	185	259	26	6	36	12761	1723	1240	148	3257	3239	299	0	0	0	0	0	-598	-11	7	0
10	2	3	0	132	32	up	0	512	458.28677106876	2220.72339220468	477.952163229503	935.269916481678	549.840946348753	3089.76873046931	541.47658242369	1380.40797391091	512	512	246.254542237225	165.355334112767	-593.373231538777	687.681433512417	212	38	0	18	244	216	236	23	7	30	13263	1704	1271	146	3186	3283	364	0	0	0	0	0	-500	-9	7	0
10	2	3	0	132	32	up	1	512	562.302439185627	3535.02088977038	511.180946581811	1249.76957331328	595.594235253127	3592.80514833977	561.674520804111	1534.7653208154	512	512	226.432353961253	150.134178449592	-593.372785163502	687.680801821932	242	27	3	29	211	218	222	26	11	35	13204	1785	1208	187	3221	3184	339	0	0	0	0	0	-670	-9	7	0
10	2	3	0	132	32	up	2	512	404.846564468139	1887.419570123	419.899928579379	781.3401258495	672.527864045	4325.37038994459	595.546589345556	1640.74692101275	512	512	241.474111455467	160.882773106034	-593.327683084669	687.575911623732	242	45	3	14	208	196	234	33	10	39	13250	1758	1234	142	3320	3254	344	0	0	0	0	0	-595	-9	6	0
10	2	3	0	132	32	up	3	512	488.135551475947	2452.32824225695	522.225271067039	1281.14116890838	538.535994663756	3056.63203601965	518.53320128547	1229.08398842053	512	512	247.889262925237	175.436688586124	-593.475614217312	687.918711662174	219	42	10	16	225	212	234	24	4	38	13162	1769	1267	186	3093	3297	316	0	0	0	0	0	-660	-13	7	0
10	2	3	0	133	33	up	0	512	402.058833710016	1727.05188933255	451.128381380783	936.048172829188	619.891352879691	3952.30362384875	591.080483356887	1605.80125075552	512	512	251.252637123377	174.000359121153	-593.436818585677	687.829027057301	224	52	4	12	220	211	221	31	7	42	13513	1878	1341	164	3069	3055	347	0	0	0	0	0	-692	-11	7	0
10	2	3	0	133	33	up	1	512	570.06918026782	3406.06366047582	539.311117449005	1393.51563210259	567.480266573755	3325.60465181933	541.546623110321	1377.49142455849	512	512	258.345115260938	179.766939845706	-593.442040564313	687.840894110845	209	47	7	26	223	216	221	24	10	41	13586	1883	1262	165	2930	3252	333	0	0	0	0	0	-718	-11	6	0
10	2	3	0	133	33	up	2	512	424.19408862564	1869.95460509739	468.35772848461	1015.09005098524	558.737620787507	3491.93902035933	517.473337664048	1297.24259756818	512	512	260.09701600134	183.136041638886	-593.446674642133	687.852176129047	218	53	7	12	222	232	199	27	7	47	13439	1861	1430	166	3089	3175	318	0	0	0	0	0	-514	-9	6	0
10	2	3	0	133	33	up	3	512	479.870363203761	2579.62006664344	471.531064012759	1051.71513849086	584.793348877508	3559.79012998153	573.83906018701	1594.34663831781	512	512	243.004844805466	165.904351676854	-593.31236276305	687.54079186475	228	48	6	19	211	204	220	27	8	53	13444	1901	1367	184	3157	3120	331	0	0	0	0	0	-637	-11	7	0
10	2	3	0	134	34	up	0	512	601.098300562505	3617.56207934682	567.679099111788	1483.56211415713	562.079823385946	3338.45883874255	540.097730619413	1411.55748912212	512	512	275.046668625941	196.870173322961	-593.446056183119	687.850328091832	200	45	9	27	231	211	218	25	8	50	13918	1882	1430	178	2970	3189	311	0	0	0	0	0	-511	-12	8	0
10	2	3	0	134	34	up	1	512	445.825278231887	2247.62921358954	458.990955890716	1003.98884450323	539.541316222819	2940.20046820145	547.097233605833	1302.22819936743	512	512	262.806564288671	188.159024767589	-593.427811391375	687.807893100559	238	44	6	16	208	201	243	22	6	40	13988	1841	1384	195	2940	3028	294	0	0	0	0	0	-570	-12	6	0
10	2	3	0	134	34	up	2	512	505.223208920326	2666.89371041369	522.565877510288	1351.30542629837	461.427347543447	2187.01216760914	485.857988766383	1100.14271276623	512	512	263.706594229344	189.929664138315	-593.259813328112	687.418714653946	205	59	10	18	220	223	226	14	9	40	13853	1878	1512	165	3166	3132	338	0	0	0	0	0	-450	-9	7	0
10	2	3	0	134	34	up	3	512	492.435478162203	2651.41959844199	504.165640825968	1164.66229744573	549.591722753757	3285.47094971371	521.509518298607	1341.25543214689	512	512	261.275128653819	184.055580805786	-593.300915083298	687.51389886441	203	64	5	20	220	224	212	25	7	44	13919	1899	1400	190	3098	3195	346	0	0	0	0	0	-589	-10	7	0
10	2	3	0	135	35	up	0	512	451.507170929393	2370.31025987365	471.808851275569	1058.66397593646	591.151516153136	3644.24916695701	539.386124973967	1316.0649316005	512	512	268.116690137241	195.165799978863	-593.318385686059	687.554368715392	218	67	4	18	205	190	226	29	5	62	14351	1967	1423	179	3083	3109	338	0	0	0	0	0	-686	-9	11	0
10	2	3	0	135	35	up	1	512	496.83059979095	2716.63833221665	491.81044948285	1252.47408437303	541.124908357821	3177.82053484489	527.077432451633	1255.07360578776	512	512	270.854704075106	190.908569011636	-593.411272360454	687.769592134561	223	54	9	19	207	221	214	24	7	46	14529	1848	1395	148	3089	3121	311	0	0	0	0	0	-572	-10	7	0
10	2	3	0	135	35	up	2	512	497.281449509697	2441.89664611976	519.638020250871	1159.16456698952	475.045381532197	2260.61094801633	492.764131297663	1076.57852469228	512	512	267.276588987661	185.265430333191	-593.305975453131	687.525562781839	199	43	7	17	246	211	237	15	8	41	14473	1906	1369	172	3157	3169	354	0	0	0	0	0	-587	-9	6	0
10	2	3	0	135	35	up	3	512	527.83311229032	2888.97253084271	505.159315163797	1262.93269883017	531.45114627907	2872.5713112499	536.306468798977	1304.66382090249	512	512	261.499946622672	186.413094950342	-593.446790250991	687.852408232056	217	42	10	20	223	205	238	21	7	41	14505	1841	1415	159	3082	3078	289	0	0	0	0	0	-518	-9	7	0
10	2	3	0	136	36	up	0	512	505.67124957938	2785.99373212199	497.346991957029	1262.85134837917	514.191279565947	2637.62613628851	552.392147160996	1316.01493099089	512	512	283.937024257927	206.981339004923	-593.41281074817	687.773307203869	238	32	8	20	214	199	238	18	9	48	14789	1924	1519	200	2907	2910	310	0	0	0	0	0	-511	-10	7	0
10	2	3	0	136	36	up	1	512	424.419513485014	1830.85122289816	462.672421951278	869.987156045931	538.68721425657	3174.11532325644	500.508572879323	1160.22260608481	512	512	271.057253188894	191.542933079731	-593.347846529609	687.622651702618	216	48	6	12	230	217	226	26	2	41	14799	1967	1455	211	3061	3090	303	0	0	0	0	0	-662	-10	7	0
10	2	3	0	136	36	up	2	512	553.811826054068	3093.81742922488	538.396277216272	1352.37612435444	567.90731755688	3403.99672446604	522.678478076635	1284.18943024252	512	512	264.542927913098	188.603381531716	-593.430588625763	687.814577987229	205	37	7	23	240	218	221	26	7	40	14839	2026	1384	183	2972	2949	287	0	0	0	0	0	-765	-11	8	0
10	2	3	0	136	36	up	3	512	513.236364537822	2930.24004832991	499.286555755386	1184.87864743627	511.827790731257	2615.14578475779	531.338309189451	1268.36615305552	512	512	279.241130197369	202.770379714479	-593.559482538185	688.113354872357	221	47	4	23	217	204	247	19	6	36	14823	1981	1431	197	2907	2987	297	0	0	0	0	0	-659	-9	8	0
10	2	3	0	137	37	up	0	512	419.244495156578	2138.94847881433	437.317820895509	914.32346735904	528.613008990009	2829.63824725968	517.76422203465	1200.5809110371	512	512	301.48699026395	222.487722120632	-593.261877025165	687.423478998847	245	54	4	16	193	196	242	21	6	47	15371	1973	1411	189	2894	3149	312	0	0	0	0	0	-665	-13	10	0
10	2	3	0	137	37	up	1	512	484.567924018135	2507.10027657921	503.560923546916	1247.55815531517	594.138063975317	3414.73838224393	593.420823405462	1669.32287629306	512	512	279.461157197885	206.547170204911	-593.388619105923	687.716997985365	226	43	9	17	217	201	232	23	14	42	15173	2057	1529	185	2906	2969	278	0	0	0	0	0	-605	-11	8	0
10	2	3	0	137	37	up	2	512	439.944568470322	2221.20967178553	457.33772909316	960.653953211564	464.294901687516	2385.78437184535	493.312114282002	1163.33878359884	512	512	275.782686856352	200.076230882247	-593.380009930202	687.697159173451	245	34	3	17	213	220	205	16	9	62	15100	2135	1508	201	3056	2990	272	0	0	0	0	0	-778	-14	7	0
10	2	3	0	137	37	up	3	512	477.133038976576	2536.71133787151	483.714849666724	1068.67474766767	573.684405196877	3586.96922698976	531.351152250607	1313.58460757085	512	512	284.396101423848	204.624364510443	-593.352207620639	687.632936325977	217	56	5	19	215	234	216	29	4	29	15211	2066	1479	188	2971	2988	292	0	0	0	0	0	-689	-12	10	0
10	2	3	0	138	38	up	0	512	560.872875703132	3161.22477510075	557.339746896648	1419.29832737806	583.610199930317	3598.66232760704	546.196808212785	1508.62395871872	512	512	293.450058551267	216.93430689787	-593.313531089957	687.543354843899	206	44	11	22	229	225	212	27	9	39	15660	1977	1623	196	3056	3037	304	0	0	0	0	0	-513	-9	7	0
10	2	3	0	138	38	up	1	512	535.244198596256	2916.50742422215	537.078602826802	1341.87461417471	479.416704425321	2617.86920528146	486.613242725043	1031.95431338187	512	512	293.637767507377	217.509380964041	-593.548162635198	688.086919281875	212	36	8	21	235	233	218	21	2	38	15658	1988	1621	189	2880	2831	277	0	0	0	0	0	-476	-13	9	0
10	2	3	0	138	38	up	2	512	509.366297894383	2612.23397868483	530.642072099655	1244.04109587898	520.347820717824	3115.10634622429	514.111200611346	1318.66566661695	512	512	293.231982974615	217.129556758422	-593.502636011799	687.981899486622	202	41	6	19	244	229	198	24	6	55	15785	1990	1486	195	2921	2847	281	0	0	0	0	0	-620	-12	7	0
10	2	3	0	138	38	up	3	512	472.684701757199	2375.17026157103	497.155286271735	1108.53412369947	451.729786729074	2155.80856546868	487.853981134665	1033.49279849314	512	512	296.565603839893	215.99227042599	-593.429879796564	687.812792074575	215	48	6	17	226	221	226	15	6	44	15551	2123	1555	227	2915	2965	289	0	0	0	0	0	-762	-13	7	0
10	2	3	0	139	39	up	0	512	564.238877037193	3203.4861096669	593.210946043197	1575.89031057432	551.249520155319	3325.77485675237	521.704806497093	1236.88900894662	512	512	301.0985999473	227.472970722246	-593.271715253106	687.446202811505	203	38	7	24	240	221	221	27	3	40	15983	2174	1610	201	2867	2913	280	0	0	0	0	0	-627	-12	8	0
10	2	3	0	139	39	up	1	512	624.565114958442	3681.67147455314	649.384669808307	1678.50725165091	418.538803723449	1745.70828888947	476.317889118475	965.750899268154	512	512	303.731945568521	226.980866133554	-593.28354542935	687.473528226147	171	43	5	29	264	219	239	12	4	38	15965	2111	1650	242	2787	2904	308	0	0	0	0	0	-585	-11	8	0
10	2	3	0	139	39	up	2	512	522.681892697507	2627.03636123247	561.891202933202	1269.33038358062	591.676571138443	3508.90861549597	563.173753380872	1509.30226628682	512	512	297.730726850846	226.534185610951	-593.527230158391	688.038875832567	192	36	6	19	259	199	232	26	9	46	16051	2120	1595	202	2708	2795	265	0	0	0	0	0	-669	-13	8	0
10	2	3	0	139	39	up	3	512	686.848780407187	4282.46459687873	686.57274021993	2026.77452204623	475.371619453446	2594.23699934787	481.145902105822	1126.11970259023	512	512	294.575963180063	226.557637723801	-593.412397358674	687.772506931607	179	36	11	32	254	239	210	20	4	39	16106	2131	1532	199	2878	2880	328	0	0	0	0	0	-740	-11	9	0
10	2	3	0	140	40	up	0	512	382.912935676266	1706.20687767442	406.023930929574	847.630166436235	447.761716083452	2347.52292400323	421.794994578328	962.730717233307	512	512	310.69725024476	233.546634970162	-593.431427935434	687.816371890577	248	49	4	12	199	235	198	17	6	56	16499	2138	1629	214	2790	2941	292	0	0	0	0	0	-630	-9	8	0
10	2	3	0	140	40	up	1	512	330.854695086894	1235.39851043867	353.643272093909	507.846391705128	372.485884693141	1713.98498164176	359.456437545637	565.120310589421	512	512	304.864250065638	229.123654351487	-593.442509098493	687.842082572346	250	54	1	9	198	258	191	13	2	48	16469	2121	1691	199	2768	2817	268	0	0	0	0	0	-584	-12	8	0
10	2	3	0	140	40	up	2	512	347.589506814709	1352.79676600642	365.206384972925	655.121645591664	423.262972333137	2026.33442517799	413.595345001435	851.883464842951	512	512	308.834658317461	231.581103781748	-593.508772247706	687.995759001275	243	65	6	8	190	242	206	14	6	44	16583	2140	1573	184	2715	2826	292	0	0	0	0	0	-681	-10	9	0
10	2	3	0	140	40	up	3	512	365.226017980019	1548.675061596	373.714429549365	610.550130889898	388.316187923768	1810.02761075225	395.478734121041	844.101540960308	512	512	305.706262838337	231.408320814542	-593.395069875648	687.732153861455	244	56	3	11	198	244	193	13	4	58	16492	2159	1625	204	2906	2886	311	0	0	0	0	0	-663	-13	7	0
10	2	3	0	141	41	up	0	512	411.605174931576	1855.30102797057	426.781330483121	722.941478064639	724.31027324406	4500.92352057825	727.015544153665	2133.23691703554	512	512	327.145683262483	259.310654263934	-593.292661699014	687.494904892727	229	44	2	14	223	161	269	33	13	36	16972	2139	1683	198	2637	2792	281	0	0	0	0	0	-600	-12	7	0
10	2	3	0	141	41	up	1	512	558.310569804383	3334.45881042356	533.660852349549	1474.49680055491	642.954915028125	3860.51024665225	647.935291220461	1736.94736567246	512	512	308.133656967472	234.166101672675	-593.24746579039	687.39030182154	218	47	8	25	214	186	255	29	9	33	16912	2275	1584	221	2765	2704	279	0	0	0	0	0	-863	-14	7	0
10	2	3	0	141	41	up	2	512	350.751072965326	1337.05790233964	393.654947230492	593.632707399688	723.153732092184	4520.23654624402	717.06415605161	2220.12336473145	512	512	325.176511395421	259.561578914203	-593.439283648868	687.83487911135	257	37	3	9	206	175	257	32	16	32	16936	2127	1731	198	2823	2869	357	0	0	0	0	0	-474	-10	9	0
10	2	3	0	141	41	up	3	512	463.363785395013	2325.26452514314	471.966566559859	1048.34311160601	727.602069311561	4681.7776225445	733.573581052491	2370.86409509019	512	512	320.599406287238	259.35422511156	-593.418102743478	687.785639022046	216	51	5	17	223	177	246	34	15	40	16833	2259	1689	211	2742	2876	325	0	0	0	0	0	-682	-13	8	0
10	2	3	0	142	42	up	0	512	553.636807725632	3191.65637123793	535.961754815938	1397.45778546239	595.267997331878	3532.43131294728	578.453835402478	1549.5915993006	512	512	333.444261383559	268.977371579936	-593.42249002565	687.795917892994	210	43	7	24	228	202	240	27	7	36	17283	2342	1648	231	2660	2808	267	0	0	0	0	0	-839	-10	8	0
10	2	3	0	142	42	up	1	512	428.262972333137	2030.60493500924	440.259353865414	794.210311938919	643.156541151876	3901.28840725758	643.050824341869	1966.70197865718	512	512	327.582441119484	255.14803867767	-593.424693036798	687.800843404766	226	43	1	16	226	198	233	27	15	39	17304	2277	1714	209	2666	2788	302	0	0	0	0	0	-706	-11	7	0
10	2	3	0	142	42	up	2	512	493.135551475947	2908.39198768974	475.087618682835	1131.74471302467	714.811529493745	4804.88690447486	618.665903862018	1831.14527400691	512	512	316.287483246507	247.765901306897	-593.460164466807	687.883293104222	247	43	4	23	195	208	228	37	11	28	17400	2231	1684	189	2710	2700	252	0	0	0	0	0	-675	-10	8	0
10	2	3	0	142	42	up	3	512	519.544125282512	2820.52283904626	519.298931700836	1323.63367625109	588.082335885316	3621.59846889829	538.621473555946	1243.15791765913	512	512	324.683840413305	251.798177320082	-593.228898665704	687.346967634363	208	57	11	19	217	209	235	30	2	36	17231	2350	1716	207	2730	2834	312	0	0	0	0	0	-731	-12	9	0
10	2	3	0	143	43	up	0	512	396.453955338763	1564.45909361347	442.500966333736	820.144515164544	548.283962009067	3087.84780576925	544.748389004329	1287.70149946537	512	512	323.817612688233	254.534737187391	-593.37694972675	687.690515361056	228	39	5	10	230	213	234	23	7	35	17721	2405	1674	216	2798	2795	291	0	0	0	0	0	-803	-12	7	0
10	2	3	0	143	43	up	1	512	523.337177599698	2726.64742252477	544.578612426782	1409.4678916778	468.464598456889	2429.01225256612	476.459097272578	1007.56587047168	512	512	330.030406206527	261.269409176772	-593.367384671326	687.667953026113	199	51	11	18	233	218	217	18	5	54	17519	2400	1877	220	2603	2611	273	0	0	0	0	0	-677	-10	10	0
10	2	3	0	143	43	up	2	512	442.910126616573	2048.07297733587	478.794191931911	1068.02032841855	474.541316222819	2377.93605633427	498.139895773491	1140.02256274569	512	512	312.50705000833	246.866274337084	-593.383577949308	687.705597111854	225	39	6	14	228	229	229	17	6	31	17538	2462	1797	219	2712	2603	252	0	0	0	0	0	-795	-14	8	0
10	2	3	0	143	43	up	3	512	436.252329215011	2138.93924691126	447.337489839107	927.798817729824	584.037250913441	3460.15473347095	562.242156084215	1354.7037932902	512	512	343.83219998094	282.281416065826	-593.302710151881	687.517886735531	240	42	6	15	209	199	246	28	3	36	17703	2308	1794	211	2618	2697	250	0	0	0	0	0	-637	-11	9	0
10	2	3	0	144	44	up	0	512	627.581079635631	4118.51645789228	584.698205361176	1805.20433371231	528.713822051885	2967.47411197171	516.448389673039	1190.68066406423	512	512	329.791434385183	260.873895442307	-593.509259781062	687.996924458799	218	53	11	31	199	210	223	22	7	50	18150	2393	1785	200	2653	2575	257	0	0	0	0	0	-748	-14	8	0
10	2	3	0	144	44	up	1	512	530.146194594073	2949.7993618846	539.534410423727	1372.85962579475	481.427347543447	2385.00606964508	515.652149109673	1179.79873712921	512	512	337.849932668078	275.402424791917	-593.307846131952	687.530039455104	209	52	9	21	221	211	236	17	6	42	18091	2455	1747	235	2529	2741	269	0	0	0	0	0	-852	-13	10	0
10	2	3	0	144	44	up	2	512	531.124908357821	3126.1791819652	497.516746594001	1185.40849960038	551.851589466879	3267.96934026572	535.963007794449	1298.6861143775	512	512	325.0224586199	258.879678039261	-593.317671241653	687.552973898481	217	43	1	26	225	222	226	26	4	34	17957	2499	1822	250	2645	2545	259	0	0	0	0	0	-917	-11	8	0
10	2	3	0	144	44	up	3	512	495.798670436571	2518.28262080241	493.416968485604	1063.2588235192	457.684701757199	2357.6170459804	463.086009605904	916.1166683963	512	512	333.162186826854	269.92892867153	-593.409493367006	687.765562332879	205	40	4	19	244	223	224	19	1	45	18129	2398	1776	225	2754	2720	270	0	0	0	0	0	-743	-12	7	0
10	2	3	0	145	45	up	0	512	497.883518821258	2639.34944353623	486.436143495457	1074.6087784172	533.206947682814	2934.03616299954	536.001637477863	1297.93190882887	512	512	344.548750357444	284.413133684326	-593.330407642798	687.582549304357	224	38	7	19	224	225	237	22	6	22	18531	2450	1822	237	2549	2688	276	0	0	0	0	0	-817	-11	8	0
10	2	3	0	145	45	up	1	512	426.5043618697	2107.72347716166	444.741244228769	958.600269401905	511.83059979095	2772.55019492759	526.972570997527	1344.52124998189	512	512	336.808142635113	272.873501120941	-593.535847687981	688.058810637957	239	45	3	16	209	211	216	19	10	56	18440	2475	1874	251	2518	2496	239	0	0	0	0	0	-803	-18	9	0
10	2	3	0	145	45	up	2	512	461.403548807825	2147.07608295588	498.842946454816	1187.32067582645	611.623355547813	3962.92052823419	544.216925309009	1381.03401890899	512	512	331.224742280168	262.489632121871	-593.358559504298	687.647918062197	209	48	8	14	233	229	216	32	5	30	18562	2481	1773	224	2660	2609	281	0	0	0	0	0	-871	-15	9	0
10	2	3	0	145	45	up	3	512	398.867850704391	1742.75704428302	430.946046609719	817.089971229208	535.647450843758	2896.24002001091	527.275039150514	1219.55078540019	512	512	335.030188336725	269.583380811788	-593.394288980348	687.730406268349	226	51	2	13	220	196	246	22	5	43	18561	2496	1732	251	2574	2610	238	0	0	0	0	0	-970	-14	9	0
10	2	3	0	146	46	up	0	512	514.467110956259	2795.06984339686	512.411558775584	1237.03994046137	557.429860042818	3118.14569980081	541.488474719839	1300.00010076448	512	512	364.882476092298	312.746702170374	-593.446513713429	687.851720358049	216	45	8	20	223	209	233	22	10	38	18879	2501	1913	259	2502	2538	248	0	0	0	0	0	-704	-13	10	0
10	2	3	0	146	46	up	1	512	496.427347543447	2637.45285405445	488.371226825922	1119.08879001259	489.968367205944	2552.96948186067	522.340429471205	1326.68644877482	512	512	368.270593602446	314.817668496553	-593.41754398403	687.784384004883	219	45	7	19	222	235	216	17	10	34	18832	2557	1895	268	2438	2639	262	0	0	0	0	0	-853	-10	8	0
10	2	3	0	146	46	up	2	512	512.156837712199	2674.74775574196	521.308314826588	1281.84495812768	565.395418189069	3127.82053484489	564.186614204074	1544.41612297643	512	512	352.606635352658	291.200968458134	-593.40470510311	687.754676131977	203	53	10	18	228	205	227	20	15	45	18911	2508	1889	244	2565	2577	250	0	0	0	0	0	-712	-13	10	0
10	2	3	0	146	46	up	3	512	524.114265239694	2805.8965328438	507.251026485246	1142.42361583397	448.33998665939	2111.96979336957	480.246035352145	1057.05861555779	512	512	343.034921407237	283.732485921219	-593.511308083444	688.001485235143	211	39	8	20	234	206	229	15	5	57	18922	2551	1854	225	2536	2528	263	0	0	0	0	0	-825	-12	11	0
10	2	3	0	147	47	up	0	512	556.700369874066	3078.03926861955	563.537373856965	1434.86865294013	424.769550141886	1811.34351548611	461.756163235034	887.712614293311	512	512	370.549811791303	316.451760186448	-593.342980009662	687.611440310501	209	32	9	22	240	218	242	13	3	36	19149	2602	2080	233	2416	2525	243	0	0	0	0	0	-675	-12	11	0
10	2	3	0	147	47	up	1	512	502.530673104693	2860.43444688628	495.046206641473	1152.16937792238	465.650259903451	2367.29188102447	482.44452656444	1068.80952710858	512	512	367.615412318359	313.625233651641	-593.41343412274	687.774768118972	243	32	5	22	210	219	218	17	6	52	19465	2423	1943	233	2480	2505	250	0	0	0	0	0	-634	-10	9	0
10	2	3	0	147	47	up	2	512	564.817147613131	3498.81435192385	552.9171444463	1526.05795790392	619.766741082193	3953.07269414596	577.165229438696	1693.950307458	512	512	365.91880076228	312.980756184265	-593.430243548749	687.813845782766	230	42	7	27	206	215	206	29	12	50	19340	2506	1984	234	2435	2509	247	0	0	0	0	0	-644	-11	8	0
10	2	3	0	147	47	up	3	512	484.591722753757	2388.86008665435	499.610815705592	1114.77313754242	550.748263905634	3089.98774743388	535.883862423609	1352.2837294626	512	512	358.95714540706	298.49607573373	-593.389994778727	687.720631360361	216	33	6	17	240	198	236	23	7	48	19411	2604	1825	224	2501	2517	278	0	0	0	0	0	-935	-12	9	0
10	2	3	0	148	48	up	0	512	511.477754074385	2810.8236687839	493.186873749368	1063.2933900073	533.636807725632	2952.93297903325	526.887878104158	1271.62351446647	512	512	374.68815183821	321.900824320367	-593.510879936458	688.000607071875	214	48	6	21	223	206	240	23	4	39	19774	2618	1969	215	2391	2457	265	0	0	0	0	0	-783	-13	12	0
10	2	3	0	148	48	up	1	512	518.108943680631	2818.60470845731	521.20582421746	1291.01048839202	500.424835044077	2719.02442017526	494.135774965573	1014.81995296549	512	512	366.759683798203	313.63691724383	-593.341437317742	687.607963229327	218	36	6	21	231	201	225	21	4	61	19875	2600	1866	235	2397	2488	236	0	0	0	0	0	-810	-14	8	0
10	2	3	0	148	48	up	2	512	429.040059973134	1954.04861379859	481.94077295922	1009.02057905229	566.124908357821	3106.83273077303	556.64023055926	1274.14557980915	512	512	368.045191493548	316.340315094865	-593.271253411951	687.445575140726	234	32	4	14	228	181	253	23	7	48	19702	2683	1946	245	2554	2563	283	0	0	0	0	0	-875	-13	10	0
10	2	3	0	148	48	up	3	512	544.618330549072	3065.10634622429	554.500594779662	1604.02644092863	543.838433849383	3042.98164946982	541.34383690975	1323.91036768413	512	512	362.240898581127	307.863457571211	-593.294197318056	687.498405146475	213	54	14	20	211	202	236	23	6	45	19633	2706	1953	284	2445	2481	271	0	0	0	0	0	-907	-16	8	0
10	2	3	0	149	49	up	0	512	677.954915028125	3899.88718766476	706.960391261824	2036.62870866174	501.676571138443	2642.55606633973	485.035747859586	1017.48591339889	512	512	359.375194732846	306.836862126817	-593.331222163148	687.584521473437	154	38	14	27	279	215	243	21	2	31	20137	2702	2010	239	2536	2338	272	0	0	0	0	0	-789	-12	10	0
10	2	3	0	149	49	up	1	512	698.405764746873	4256.93873716942	707.009594870611	2132.01733300007	493.36097633532	2596.03638955147	482.712519993196	1153.33363513186	512	512	368.582945782523	312.248018136133	-593.233420672513	687.357537515584	174	33	15	30	260	233	212	17	11	39	20181	2675	1959	273	2408	2435	248	0	0	0	0	0	-863	-12	10	0
10	2	3	0	149	49	up	2	512	723.281152949375	4853.04206273067	700.19867756689	2237.25224200714	486.729786729074	2723.69603632336	480.549414789433	1109.12148524458	512	512	382.061957120323	337.913650353378	-593.348084047199	687.623085511674	190	44	12	37	229	225	214	22	2	49	20125	2661	2060	242	2359	2480	231	0	0	0	0	0	-696	-10	9	0
10	2	3	0	149	49	up	3	512	760.087360884057	5227.14823904101	700.351406657216	2179.4804168866	459.14087303501	2262.43159613718	475.911533075551	1059.12841931688	512	512	376.663914735905	323.658267354906	-593.293408243783	687.496336478124	189	30	8	42	243	228	223	16	6	39	20093	2718	2021	256	2363	2496	226	0	0	0	0	0	-819	-11	11	0
10	2	3	0	150	50	up	0	512	422.210053302829	2103.62331385841	427.709139669012	1014.29803041909	371.106727741583	1809.98817221875	381.10837305283	714.379672078793	512	512	377.18302160063	334.816232542679	-593.331170059495	687.58432276652	241	60	8	14	189	253	177	14	2	66	20526	2713	2073	288	2428	2325	242	0	0	0	0	0	-781	-13	9	0
10	2	3	0	150	50	up	1	512	397.135848036269	1879.40455176476	395.684218208828	866.32908364631	407.210053302829	2144.79349047246	394.295492446913	769.044830485559	512	512	393.41910984193	352.065254022414	-593.338030283555	687.599737228572	244	64	8	12	184	253	183	17	2	57	20521	2747	2090	242	2229	2393	256	0	0	0	0	0	-767	-14	9	0
10	2	3	0	150	50	up	2	512	352.639913345647	1691.42589463899	342.302428917465	593.559158451233	432.231042978759	2252.32516495592	410.644671727107	825.384815275755	512	512	393.062653987633	356.085087948633	-593.418857123647	687.787672195651	262	67	2	13	168	260	197	17	4	34	20664	2656	2054	226	2297	2288	246	0	0	0	0	0	-725	-14	8	0
10	2	3	0	150	50	up	3	512	362.411679426581	1663.12486666842	359.022675473854	586.70605713626	408.867850704391	2088.01535818613	389.944628693656	785.751694054307	512	512	384.024932191915	333.201283749376	-593.40115440731	687.746480386074	257	54	1	13	187	250	189	16	3	54	20583	2645	2109	263	2373	2339	236	0	0	0	0	0	-654	-11	9	0
10	2	3	0	151	51	up	0	512	457.257650774074	2220.501581129	461.781986375189	905.118653445838	714.787730758123	4430.60436862942	701.042475364894	1941.97819093396	512	512	405.776057034266	368.256310114916	-593.413132869168	687.774247519229	217	46	5	16	228	158	277	34	9	34	21120	2635	2110	247	2383	2356	250	0	0	0	0	0	-668	-13	14	0
10	2	3	0	151	51	up	1	512	479.692535815633	2657.86612798044	489.223927161524	1144.40964439074	760.013155617496	5069.75320236924	718.50408404232	2101.581927633	512	512	396.020632561619	352.057466393482	-593.307328960379	687.528645141663	242	35	3	21	211	168	258	40	9	37	20959	2791	2112	250	2267	2398	232	0	0	0	0	0	-849	-12	9	0
10	2	3	0	151	51	up	2	512	494.994975001259	2792.9391336353	470.561862630668	1056.66224961039	672.100813061876	4185.88408204475	686.289248007252	1925.65947041503	512	512	395.782639115484	354.783014994479	-593.31643903387	687.549927742927	236	44	6	21	205	170	267	34	4	37	21030	2775	2048	259	2220	2319	242	0	0	0	0	0	-910	-15	9	0
10	2	3	0	151	51	up	3	512	460.549446841575	2166.46211427651	488.093768632924	1148.57926267486	776.495934690622	4972.56179615691	772.967633717911	2482.44711929745	512	512	385.967612395957	343.865314218101	-593.426641889614	687.805290582107	217	50	11	13	221	158	255	34	21	44	21064	2714	2077	257	2264	2330	230	0	0	0	0	0	-869	-12	9	0
10	2	3	0	152	52	up	0	512	415.851886027202	1860.9880023048	463.472525255923	1037.46858806451	479.894161939384	2167.76291569516	521.144014491159	1105.50314162926	512	512	418.388098561397	393.315281800942	-593.503025803929	687.9825088291	231	49	7	12	213	198	254	14	8	38	21608	2639	2129	248	2212	2328	219	0	0	0	0	0	-644	-14	11	0
10	2	3	0	152	52	up	1	512	449.369106954076	2152.92109461401	472.190646186887	1002.20757981909	576.37694101251	3431.78713763748	582.114247031466	1485.04115785794	512	512	403.655002868065	371.046712388379	-593.352218903126	687.632843506858	217	51	6	15	223	192	233	27	5	55	21337	2840	2160	287	2288	2229	238	0	0	0	0	0	-810	-13	8	0
10	2	3	0	152	52	up	2	512	471.575758076568	2295.81443688082	493.347326640867	1038.26733268961	627.830303230627	3961.1728857682	581.537180931558	1601.04233881599	512	512	376.181798739116	324.85738874765	-593.46563938145	687.895892958066	225	25	4	17	241	206	230	31	7	38	21561	2842	1963	258	2374	2174	216	0	0	0	0	0	-1108	-12	8	0
10	2	3	0	152	52	up	3	512	513.790836378138	2833.29185270548	515.659019710322	1319.2509395434	504.138063975317	2686.19736258144	523.008659312706	1317.42304990415	512	512	393.993747507146	353.32425491035	-593.472236058782	687.911319924366	210	59	9	20	214	233	224	19	8	28	21348	2912	2091	273	2265	2248	204	0	0	0	0	0	-1025	-20	11	0
10	2	3	0	153	53	up	0	512	521.175314888758	2959.47405533373	495.013683957533	1128.3907035838	547.005618119385	3125.15193935984	537.096064139697	1317.76048008257	512	512	411.010588177853	379.836314205671	-593.397909742375	687.739092283198	224	44	7	22	215	202	224	23	8	55	21744	2914	2218	260	2188	2186	202	0	0	0	0	0	-847	-12	11	0
10	2	3	0	153	53	up	1	512	475.52283904626	2535.55010997062	477.118322049371	1034.66163797872	546.901995997817	3026.44658617643	549.457223822361	1277.21004200089	512	512	409.589517185686	378.128357638672	-593.369651528789	687.673467243007	232	42	5	19	214	201	251	24	3	33	21874	2876	2117	269	2200	2295	279	0	0	0	0	0	-965	-14	9	0
10	2	3	0	153	53	up	2	512	524.440503160944	2904.6290153566	532.643433475578	1340.40407722343	495.045381532197	2693.498418871	503.102681060687	1146.53864234123	512	512	413.215464869862	385.55160393454	-593.273766389108	687.451006881561	223	37	8	21	223	215	231	22	1	43	21875	2853	2153	255	2179	2283	233	0	0	0	0	0	-857	-13	8	0
10	2	3	0	153	53	up	3	512	518.28677106876	2936.89356881874	499.141476485986	1289.37752870705	553.485588132818	3053.80833891676	552.247142102135	1360.79743969515	512	512	413.454363673701	384.455611580843	-593.328476553924	687.577974597675	224	50	9	21	208	197	247	23	6	39	21897	2901	2110	228	2174	2366	226	0	0	0	0	0	-865	-12	7	0
10	2	3	0	154	54	up	0	512	528.811826054068	2947.90556651394	524.969318030803	1250.04044492581	468.512195928134	2488.51967678826	468.666276533335	1042.55279865261	512	512	424.675374284995	396.272252117892	-593.459729743408	687.882308628995	217	33	4	23	235	238	214	19	4	37	22398	2809	2188	253	2097	2241	211	0	0	0	0	0	-752	-13	11	0
10	2	3	0	154	54	up	1	512	431.228530479389	1974.91502496894	455.028317587063	885.265633253022	552.37945351188	3014.41013998699	554.223824833031	1450.27291463932	512	512	418.023725450824	393.819743596592	-593.334084022595	687.591065268354	214	48	2	15	233	206	239	21	10	36	22354	2906	2134	254	2164	2210	217	0	0	0	0	0	-921	-12	8	0
10	2	3	0	154	54	up	2	512	482.005618119385	2366.35260579422	502.40845224722	1086.89899581677	608.358167275628	3685.78996006758	567.929898474437	1637.76046443712	512	512	421.711941001136	403.194475748922	-593.488738570646	687.949254313021	210	45	8	16	233	214	221	26	13	38	22457	2793	2151	247	2136	2171	216	0	0	0	0	0	-763	-14	10	0
10	2	3	0	154	54	up	3	512	454.167480830325	2118.78428688838	493.30887700616	1101.76616683145	467.586697755016	2349.7388070288	485.193325751092	1138.11766921549	512	512	410.008482522286	384.72812444843	-593.313129574712	687.542473653384	209	47	5	15	236	208	216	16	8	64	22116	2940	2299	293	2204	2072	197	0	0	0	0	0	-842	-12	11	0
10	2	3	0	155	55	up	0	512	465.247007655948	2308.47114794665	504.606507941383	1240.70984555827	552.281449509697	3289.23699934787	543.851521040623	1427.58860807384	512	512	421.614932344935	401.167351844891	-593.289017987624	687.486392337855	223	44	7	16	222	223	200	23	12	54	22664	2956	2274	266	2118	2231	228	0	0	0	0	0	-815	-17	10	0
10	2	3	0	155	55	up	1	512	517.029416855008	2856.72937689279	514.866609817042	1255.35408567402	547.177827388129	3007.72011667072	552.330296632172	1391.96145352352	512	512	429.013620390084	409.245448058965	-593.415919878442	687.780509658215	220	42	7	21	222	206	248	23	5	30	22597	2965	2328	270	2050	2118	216	0	0	0	0	0	-794	-13	9	0
10	2	3	0	155	55	up	2	512	491.45114627907	2494.57740921396	499.564571242933	1096.28617631693	588.711012992192	3544.23378045189	548.094364262319	1369.32123538216	512	512	414.649177653121	386.341543722617	-593.489516653972	687.951035549832	217	35	6	18	236	203	236	28	5	40	22788	2922	2202	248	2168	2103	240	0	0	0	0	0	-866	-13	7	0
10	2	3	0	155	55	up	3	512	505.018773736882	2764.69894371044	501.366312993708	1158.83026352795	552.278640450004	3249.27937358744	518.026409662677	1269.48378588081	512	512	404.690540325149	375.964311137612	-593.369211099396	687.672388546548	226	36	5	21	224	224	223	25	6	34	22574	3066	2242	278	2133	1998	219	0	0	0	0	0	-978	-14	13	0
10	2	3	0	156	56	up	0	512	530.872875703132	2949.94816730543	520.704555608661	1260.31870071202	450.798670436571	2115.65346385085	504.439575180393	1204.53051605121	512	512	440.381800676242	426.829502425587	-593.39382309613	687.729395800831	210	38	4	23	237	225	233	15	5	34	22953	3091	2366	262	1916	2047	219	0	0	0	0	0	-877	-13	8	0
10	2	3	0	156	56	up	1	512	485.825278231887	2625.62311562547	503.464236375817	1273.15809433123	611.851589466879	3825.96324230165	576.423796306187	1529.47398889743	512	512	437.008281707604	424.861615525935	-593.415429779244	687.779551321983	226	50	7	19	210	210	220	29	9	44	22917	3125	2359	271	2015	2128	226	0	0	0	0	0	-883	-12	11	0
10	2	3	0	156	56	up	2	512	479.517517487197	2441.72336388569	493.417564006942	1128.59748005811	544.843755408446	2946.914826736	540.658804609846	1384.0160991862	512	512	417.198076807743	389.245880537235	-593.378938515327	687.694944545682	219	40	5	18	230	199	234	20	11	48	23084	3033	2289	266	2005	2034	191	0	0	0	0	0	-926	-16	9	0
10	2	3	0	156	56	up	3	512	518.663415520947	2818.73855215788	524.2155920608	1297.64731785391	621.021286236252	3993.27926031148	559.258731508197	1507.87719597713	512	512	434.613193712336	421.118556468653	-593.481166575877	687.931610521738	207	47	6	21	231	220	215	31	8	38	23169	2973	2277	253	2123	2104	194	0	0	0	0	0	-822	-13	7	0
10	2	3	0	157	57	up	0	512	594.114265239694	3609.69586640941	546.443936656611	1441.92656228996	524.467110956259	2923.42849051717	501.056370693343	1172.08962122631	512	512	430.907439168329	417.471631592027	-593.42736419107	687.80743717435	203	50	9	27	223	212	226	22	6	46	23408	3133	2341	302	2006	2012	226	0	0	0	0	0	-969	-14	9	0
10	2	3	0	157	57	up	1	512	614.790539817815	3789.8325042211	551.810775238586	1405.25363579561	538.310569804383	3095.73541821887	537.103201129367	1324.2165420088	512	512	450.798446540325	448.710368643102	-593.433066742262	687.820310350241	205	39	8	29	231	214	226	24	5	43	23527	3019	2342	296	1981	2072	195	0	0	0	0	0	-858	-12	10	0
10	2	3	0	157	57	up	2	512	507.557280900008	2865.51052984216	501.007231932554	1201.96388217976	496.878197262195	2559.24608965599	504.064524913601	1135.25183397378	512	512	432.318123773831	419.567742009785	-593.301688352677	687.515781674001	228	42	5	22	215	215	238	19	5	35	23534	3070	2286	294	2062	2100	216	0	0	0	0	0	-967	-15	10	0
10	2	3	0	157	57	up	3	512	636.374131952817	4187.08782578016	576.101281062421	1718.09949217786	615.193792065318	3948.10611967236	565.852721240684	1629.95168735989	512	512	440.862342247235	437.675577621028	-593.422738175622	687.796397019122	217	48	10	32	205	221	201	29	12	49	23544	2997	2337	306	2071	2068	214	0	0	0	0	0	-836	-14	8	0
10	2	3	0	158	58	up	0	512	422.960533147511	1926.80853714969	460.091997413669	885.394074650541	501.376941012509	2603.35254915624	536.734521342537	1254.28625075573	512	512	443.841785226293	431.60356542212	-593.386051226039	687.711329937098	228	36	1	15	232	208	235	19	6	44	23931	3136	2370	259	1950	1972	164	0	0	0	0	0	-1019	-12	7	0
10	2	3	0	158	58	up	1	512	535.923282234069	3211.86000169738	518.744200004422	1298.18873207317	491.477754074385	2630.8236687839	482.934509691071	1020.94476837853	512	512	440.616077110406	430.669260169973	-593.351720447937	687.631710244568	237	42	8	24	201	214	231	21	2	44	23862	3187	2338	309	2027	2084	230	0	0	0	0	0	-1026	-13	13	0
10	2	3	0	158	58	up	2	512	585.67124957938	3521.61679110948	538.799371365212	1321.12408308976	494.994975001259	2713.85099634623	489.982470800858	1084.80854865521	512	512	460.225583412632	466.07028085897	-593.412095573705	687.771896647439	206	43	7	27	229	224	220	21	4	43	23851	3067	2453	325	1881	2018	209	0	0	0	0	0	-742	-12	11	0
10	2	3	0	158	58	up	3	512	517.382262571572	2739.36776574742	569.641944727433	1566.5917776554	554.74294234657	3348.50135457707	511.207869331161	1184.76717713543	512	512	468.793718184402	488.558384363563	-593.405554263433	687.756363894262	205	49	9	19	230	209	228	28	1	46	23857	3059	2495	285	1872	1994	220	0	0	0	0	0	-677	-15	8	0
10	2	3	0	159	59	up	0	512	643.960236587188	3861.52546324343	671.702429221342	2005.12248624612	453.965854706574	2294.90579306586	479.060029998063	1012.15997660819	512	512	461.551658279428	461.740083888101	-593.405339377835	687.755795935271	183	35	9	29	256	225	224	18	2	43	24411	3092	2434	271	2016	1948	186	0	0	0	0	0	-792	-15	13	0
10	2	3	0	159	59	up	1	512	650.416407864999	3808.96917035178	666.06174984268	1830.23516451987	508.034738414071	2788.10933856834	505.681197727748	1275.94806612194	512	512	467.391007873016	481.130426741907	-593.38325986927	687.704711186702	168	27	5	30	282	225	216	20	8	43	24402	2993	2548	265	1903	1887	185	0	0	0	0	0	-609	-13	9	0
10	2	3	0	159	59	up	2	512	681.522542485937	4217.82025165498	689.918309233592	2024.63210411102	552.456467838133	3229.75670445513	531.725024988228	1368.5274183517	512	512	447.352982187723	447.8147417243	-593.344579191827	687.615450508846	179	38	12	31	252	214	219	24	8	47	24288	3250	2354	316	1862	1937	205	0	0	0	0	0	-1040	-13	9	0
10	2	3	0	159	59	up	3	512	638.30776074469	3698.14863550688	666.89460675613	1778.91157347051	514.490909691881	2873.36457517043	492.988416163932	1095.82863472726	512	512	452.631707260131	453.441496608712	-593.432447432412	687.818894821431	171	39	10	27	265	226	223	22	5	36	24357	3188	2375	288	1911	1977	201	0	0	0	0	0	-974	-16	9	0
10	2	3	0	160	60	up	0	512	339.371916013769	1205.24956342289	371.868233421113	545.723077416836	346.106727741583	1429.18274068907	359.128174458619	612.827276272642	512	512	472.482906783368	485.025214935729	-593.336463938056	687.596450682251	236	52	0	9	215	249	188	10	3	62	24656	3278	2526	260	1840	2030	184	0	0	0	0	0	-949	-17	11	0
10	2	3	0	160	60	up	1	512	458.918257235329	2673.46821224058	407.641847760369	946.752851901215	426.178123948451	2146.8025241426	431.647598302361	970.704782795841	512	512	471.238944634683	483.432410726826	-593.424002971475	687.799403486032	245	63	4	21	179	243	201	16	4	48	24669	3196	2557	298	1813	1891	183	0	0	0	0	0	-784	-15	9	0
10	2	3	0	160	60	up	2	512	387.287067629082	1886.52309391718	376.314360099347	704.210286728023	361.255138274704	1348.09144114201	392.440475160263	676.749151861815	512	512	459.366902529752	457.843978221149	-593.493411755013	687.959992809888	241	64	1	15	191	235	217	9	3	48	24806	3249	2361	304	1804	1868	162	0	0	0	0	0	-1033	-16	8	0
10	2	3	0	160	60	up	3	512	449.143682094702	2544.36483004135	412.036202699606	820.590075615357	486.101109622198	2665.62003832445	446.202934016454	1011.55237929045	512	512	454.565862246771	452.570093374227	-593.368473949665	687.6707009227	243	56	1	21	191	235	203	19	8	47	24640	3318	2436	326	1859	1929	195	0	0	0	0	0	-1157	-16	8	0
10	2	3	0	161	61	up	0	512	591.448337219377	3548.78386210352	545.401925974194	1419.72118721414	609.111456180002	3566.92671115523	636.183687397959	1680.07863290225	512	512	469.123485886811	478.936849385125	-593.3400294238	687.604757359729	218	33	10	26	225	188	259	28	5	32	25201	3192	2514	325	1878	1855	179	0	0	0	0	0	-842	-13	10	0
10	2	3	0	161	61	up	1	512	380.979306884393	1664.26469505709	409.158484159972	735.628946005486	761.469326895307	5112.37928201977	754.263888307224	2507.639861228	512	512	466.750553928356	477.805519090835	-593.400527248754	687.744918608888	238	55	3	12	204	189	238	38	15	32	25143	3307	2466	316	1838	1778	192	0	0	0	0	0	-958	-14	10	0
10	2	3	0	161	61	up	2	512	504.265484832508	2960.2794868634	468.785110867407	1089.79722412485	663.984035322811	4002.37341060763	691.57769965836	2066.24278998379	512	512	468.507785907269	482.393201502743	-593.495961406595	687.965914016207	244	40	5	23	200	185	256	29	12	30	25191	3238	2515	288	1853	1808	172	0	0	0	0	0	-922	-16	9	0
10	2	3	0	161	61	up	3	512	585.772062641256	3659.45265582151	530.901105216188	1367.64050830531	696.193495504995	4449.02371220049	646.568492590866	1722.65368678009	512	512	478.512394662709	499.594072261451	-593.37076335251	687.676004822736	220	46	8	28	210	184	264	36	5	23	25051	3273	2610	298	1843	2002	211	0	0	0	0	0	-812	-15	10	0
10	2	3	0	162	62	up	0	512	495.119586798757	2674.72327892872	491.426852026718	1088.53211154374	557.204435183444	3195.60772912035	551.074734315051	1327.50130949341	512	512	476.705760987825	496.741205273747	-593.355312021122	687.639980987394	224	36	3	21	228	207	232	24	7	42	25547	3383	2504	310	1829	1888	187	0	0	0	0	0	-1040	-17	7	0
10	2	3	0	162	62	up	1	512	545.947080969692	3145.26116465221	544.685553645554	1529.67958329136	597.077014326253	3613.50121298212	573.732006228157	1597.4551164085	512	512	481.955829247386	503.380382476802	-593.408171409146	687.762639721163	231	35	11	22	213	212	227	27	9	37	25704	3278	2439	323	1727	1943	176	0	0	0	0	0	-1081	-16	12	0
10	2	3	0	162	62	up	2	512	469.191279565947	2332.07901866195	495.466712191641	1095.53361806886	550.169993329695	3226.08799569411	549.644326661456	1414.14983689704	512	512	488.569969507095	518.756272121467	-593.324564082075	687.569209140417	219	41	5	17	230	207	231	26	3	45	25455	3356	2643	290	1786	1795	184	0	0	0	0	0	-871	-15	10	0
10	2	3	0	162	62	up	3	512	569.467110956259	3326.05764746873	533.767070162641	1298.72493401804	504.339690099068	2469.3463662352	531.947385003804	1175.25130711265	512	512	482.980231648224	507.795050002391	-593.395277513085	687.732682673592	192	52	5	26	237	201	258	18	5	30	25611	3361	2486	286	1738	1871	161	0	0	0	0	0	-1029	-13	10	0
10	2	3	0	163	63	up	0	512	489.766741082193	2473.83267413504	502.139359024156	1145.74152076528	463.790836378138	2344.93320558517	494.052858896027	1139.67918326052	512	512	498.291772273344	532.234131327868	-593.497684182118	687.970203288834	227	29	8	17	231	214	227	18	3	50	26024	3314	2602	316	1742	1911	148	0	0	0	0	0	-840	-13	11	0
10	2	3	0	163	63	up	1	512	472.331856040635	2609.97865712577	466.994003019824	1006.99151154429	485.949890029385	2566.13065312358	480.894345753636	1020.84481686845	512	512	478.294650956825	491.389720364348	-593.330080569594	687.581527687503	238	41	2	21	210	218	229	20	3	42	25873	3456	2567	360	1829	1758	202	0	0	0	0	0	-1109	-14	9	0
10	2	3	0	163	63	up	2	512	444.997784060952	2206.72658278167	463.841677887977	1007.49158530355	587.077014326253	3523.50121298212	554.038818381284	1447.60824714341	512	512	481.68553499394	510.368603043069	-593.386271908432	687.711676269813	223	54	5	16	214	212	231	27	7	35	26003	3386	2553	314	1759	1657	195	0	0	0	0	0	-1049	-15	13	0
10	2	3	0	163	63	up	3	512	511.679380198136	2655.06690769079	527.038883786862	1330.45509249185	567.480266573755	3422.68669114432	545.311492299392	1369.30352442143	512	512	479.493294766467	494.970632549005	-593.518667039213	688.018771692593	206	53	12	17	224	216	224	27	5	40	26128	3232	2616	280	1707	1635	179	0	0	0	0	0	-819	-14	10	0
10	2	3	0	164	64	up	0	512	471.077310886575	2138.34360044308	527.698878621058	1289.62736317418	479.567924018135	2559.18231590421	491.309948987332	1097.03954945523	512	512	485.36271232659	509.634796531984	-593.37608575483	687.6883124065	197	52	10	13	240	226	222	20	3	41	26493	3418	2544	313	1652	1698	140	0	0	0	0	0	-1079	-13	8	0
10	2	3	0	164	64	up	1	512	487.658093961884	2550.09417861515	497.797999612202	1198.92745287418	597.806504495005	3691.96629128369	557.569415080482	1421.84099946887	512	512	484.467259628292	507.624021542754	-593.444124316694	687.845768377143	230	42	10	17	213	208	227	29	6	42	26483	3446	2526	313	1761	1733	185	0	0	0	0	0	-1072	-10	9	0
10	2	3	0	164	64	up	2	512	517.480266573755	2484.90565147091	541.653498358139	1338.22068977822	499.114265239694	2601.26127792818	492.8510149085	1099.34872835459	512	512	501.884941244429	539.091805680596	-593.533597093508	688.053509934388	196	32	10	16	258	219	233	19	6	35	26446	3394	2636	292	1696	1738	172	0	0	0	0	0	-920	-16	10	0
10	2	3	0	164	64	up	3	512	480.196601125011	2167.83592135001	529.861838980973	1241.70462624925	490.926091293762	2553.20066643439	502.561084789708	1231.60238626185	512	512	487.956901930049	519.854837842463	-593.34928276157	687.625942582554	192	44	8	14	254	216	216	17	10	53	26222	3575	2647	324	1660	1689	164	0	0	0	0	0	-1122	-15	8	0
10	2	3	0	165	65	up	0	512	466.252329215011	2133.31618792377	505.369337883451	1230.25902011664	393.262972333137	1462.71746415456	458.639367513584	881.412098413645	512	512	498.32465847813	536.224747686867	-593.421677271946	687.793851226724	208	46	10	13	235	222	238	9	5	38	26753	3485	2723	319	1632	1675	179	0	0	0	0	0	-933	-15	10	0
10	2	3	0	165	65	up	1	512	458.989653442196	2262.39509330976	474.194303529687	1048.56740453493	547.355654776257	3126.00897703216	538.147473322078	1359.91501438364	512	512	503.231210071065	542.21810942663	-593.375943386803	687.687972245961	231	36	6	16	223	212	225	23	8	44	26803	3422	2726	329	1720	1724	153	0	0	0	0	0	-900	-17	10	0
10	2	3	0	165	65	up	2	512	504.591722753757	2745.03026326841	517.031221805346	1279.40305645381	512.533482164386	2714.76901365922	530.511490314596	1316.81181344248	512	512	516.999820244113	569.507403489356	-593.462431883578	687.888566487405	228	37	7	20	220	210	221	18	11	52	26947	3341	2672	320	1620	1649	166	0	0	0	0	0	-820	-13	10	0
10	2	3	0	165	65	up	3	512	505.849076967509	2746.1063179053	512.039427359158	1286.49905177827	612.100813061876	3630.26102305726	582.921407831916	1528.83918255113	512	512	502.034653067187	537.127142381781	-593.400028422093	687.743690567796	220	44	7	20	221	202	244	27	9	30	26878	3456	2626	320	1619	1686	168	0	0	0	0	0	-995	-15	10	0
10	2	3	0	166	66	up	0	512	513.512195928134	2773.70204933045	511.827107527978	1181.55285150349	466.726977669381	2212.49229258794	501.704539010529	1177.1324589139	512	512	498.691679970864	535.578085426713	-593.339143688199	687.602752737063	210	43	5	21	233	226	236	15	7	28	27265	3559	2631	337	1718	1556	182	0	0	0	0	0	-1132	-14	9	0
10	2	3	0	166	66	up	1	512	477.079823385946	2575.82968179099	475.854191626155	1034.44178088587	449.517517487197	2212.45285405445	473.201497150694	990.540622273804	512	512	516.428258412982	575.596079138583	-593.365140977278	687.662636305331	231	36	1	21	223	235	220	16	5	36	26991	3712	2771	318	1543	1653	168	0	0	0	0	0	-1094	-14	12	0
10	2	3	0	166	66	up	2	512	503.512195928134	2880.23697102888	466.787355740823	1049.47676487638	474.894161939384	2436.74462180296	492.594699009271	1070.06565043248	512	512	515.00723787467	572.620528578489	-593.37983723303	687.696825502594	230	42	3	23	214	226	225	18	5	38	27421	3524	2546	301	1583	1665	176	0	0	0	0	0	-1211	-13	9	0
10	2	3	0	166	66	up	3	512	529.339690099068	2929.23993505394	524.799600600497	1230.63531830505	357.912935676266	1167.22517156662	423.148472695518	641.185319011529	512	512	512.962695681697	564.050650007776	-593.432072816703	687.817937244378	217	35	6	22	232	220	240	8	1	43	27434	3501	2553	304	1533	1639	161	0	0	0	0	0	-1164	-14	9	0
10	2	3	0	167	67	up	0	512	494.21507830157	2418.47408365272	512.230601174786	1084.44851971741	472.483075633448	2454.20972842352	465.425664122576	956.271720144028	512	512	526.440841462539	598.840127474913	-593.382728348372	687.703498676245	201	35	4	18	254	231	211	17	8	45	27594	3601	2772	337	1489	1676	154	0	0	0	0	0	-1019	-14	9	0
10	2	3	0	167	67	up	1	512	498.888840380321	2502.55313063366	508.662602221329	1143.82830328321	439.443312220636	2082.50460179204	484.140437232154	969.33017147183	512	512	517.037812050909	569.837049577083	-593.51509369853	688.010358894588	205	39	6	18	244	222	231	16	2	41	27698	3565	2714	327	1493	1477	148	0	0	0	0	0	-1083	-19	10	0
10	2	3	0	167	67	up	2	512	563.862232585005	3359.99977344807	538.157968674703	1401.41465331961	391.780193260012	1618.19157612627	446.437968802175	846.876222498804	512	512	514.431739979051	569.367709160729	-593.436632806881	687.828436343128	216	40	6	26	224	240	221	11	4	36	27677	3600	2681	346	1657	1588	158	0	0	0	0	0	-1134	-16	12	0
10	2	3	0	167	67	up	3	512	465.849076967509	2309.38902366468	472.682274838795	966.407917620419	580.445824720007	3398.27338889934	565.138774577132	1547.65896880732	512	512	535.025435945082	611.056980808846	-593.381095992597	687.700223498967	228	38	7	16	223	200	231	25	9	47	27850	3476	2686	292	1463	1709	151	0	0	0	0	0	-955	-16	10	0
10	2	3	0	168	68	up	0	512	496.353142276887	2538.78120958736	514.279516937296	1181.32811845635	464.894161939384	2190.93919027328	506.511825851111	1238.5496183413	512	512	526.940772543379	593.101350961807	-593.368324342194	687.67013870966	202	52	7	18	233	222	230	14	9	37	28187	3540	2737	352	1534	1623	161	0	0	0	0	0	-1014	-16	9	0
10	2	3	0	168	68	up	1	512	450.926091293762	2193.20066643439	484.489091813424	952.206038979431	604.387287570313	3602.65312402296	567.220216537981	1476.0560438219	512	512	537.551852518677	616.907233133238	-593.30322788278	687.51961457541	216	45	2	17	232	213	232	26	11	30	28053	3624	2789	350	1495	1609	149	0	0	0	0	0	-998	-19	10	0
10	2	3	0	168	68	up	2	512	510.59704431282	2829.40412697989	513.722168655708	1243.93418166572	460.650259903451	2439.73866543384	476.513062176328	1054.2601840721	512	512	526.775647076007	600.001409083946	-593.475545617462	687.919054526512	221	39	4	22	226	227	212	19	3	51	28052	3606	2779	379	1488	1546	159	0	0	0	0	0	-1025	-17	13	0
10	2	3	0	168	68	up	3	512	513.108943680631	2635.79317896356	538.162354477193	1237.97954056447	598.458980337503	3634.17294240618	546.542661379235	1396.47295057284	512	512	537.629523376315	611.228873799715	-593.423674667193	687.798502675665	202	34	4	20	252	208	232	28	7	37	28048	3564	2853	351	1458	1624	155	0	0	0	0	0	-828	-14	13	0
10	2	3	0	169	69	up	0	512	606.169696769373	3407.29439194568	645.391900404876	1762.33785530194	486.90480505751	2625.8570943103	502.59908243543	1184.56451508124	512	512	537.041866921939	613.867660752601	-593.277894787315	687.460555216507	190	18	6	26	272	220	226	21	2	43	28184	3898	2888	358	1483	1580	157	0	0	0	0	0	-1224	-16	9	0
10	2	3	0	169	69	up	1	512	651.774575140626	3792.07565817102	670.070843305607	1907.67827291619	458.81463511376	2339.86929023844	471.624218884482	1100.3262260144	512	512	535.761853737212	612.948953772351	-593.406479993089	687.758688755434	170	38	12	27	265	228	222	18	3	41	28494	3663	2837	334	1394	1590	165	0	0	0	0	0	-1029	-16	10	0
10	2	3	0	169	69	up	2	512	790.739836726555	5281.17861558538	764.406177646046	2406.12456190978	422.735108288137	1986.2766644333	452.958594908802	938.302619531603	512	512	536.4990468317	607.808958543705	-593.409835949396	687.766426201412	165	29	11	41	266	238	213	14	5	42	28512	3614	2862	340	1432	1505	172	0	0	0	0	0	-968	-12	9	0
10	2	3	0	169	69	up	3	512	739.965558146251	4832.61662119553	723.905602759707	2258.50466981164	501.803991995634	2702.10936688733	494.243743011335	1114.92760618887	512	512	530.682179819139	599.56698458569	-593.471870138467	687.910504804134	168	53	16	35	240	218	224	20	6	44	28498	3730	2775	325	1385	1546	165	0	0	0	0	0	-1123	-15	11	0
10	2	3	0	170	70	up	0	512	445.602662432206	2482.49565307888	434.519335721342	995.102185294555	345.128013977836	1526.05513654752	362.390956899143	653.80482468619	512	512	534.039543057565	609.910987865398	-593.415106962756	687.778792986299	243	68	7	18	176	253	175	11	3	70	28921	3785	2810	324	1403	1546	140	0	0	0	0	0	-1204	-14	15	0
10	2	3	0	170	70	up	1	512	457.963342207203	2417.20684935543	439.159830986842	929.492648474619	410.679676758459	2089.22525652359	368.740368990153	604.855830952633	512	512	550.371887216358	644.456275296398	-593.409759622019	687.76633675437	223	61	5	18	205	231	190	16	3	72	28974	3670	2846	350	1308	1612	166	0	0	0	0	0	-1034	-14	9	0
10	2	3	0	170	70	up	2	512	435.12239585845	2235.77513994228	427.470319437359	927.102400106137	424.294901687516	2204.32539150785	393.928853559717	803.765930717587	512	512	562.372401118048	671.673123798831	-593.454765819159	687.870504058821	247	47	6	16	196	252	180	15	8	57	28934	3592	2982	332	1374	1563	167	0	0	0	0	0	-783	-14	9	0
10	2	3	0	170	70	up	3	512	341.530969665016	1345.89989333473	368.451159879778	596.759380834387	391.456764398455	1911.75707260201	378.664212896923	719.696671058561	512	512	554.664335819196	648.583599134041	-593.411662837262	687.771005424837	260	42	1	10	199	251	185	14	4	58	29011	3638	2858	333	1418	1537	160	0	0	0	0	0	-974	-15	9	0
10	2	3	0	171	71	up	0	512	460.899483498447	2361.48323059882	471.140506633594	987.010458406026	614.464301896566	3691.10002170829	600.101653756408	1677.26273296366	512	512	542.610320884941	619.762063829501	-593.394452928424	687.730661478196	227	37	1	19	228	193	242	28	8	41	29358	3858	2803	333	1400	1417	156	0	0	0	0	0	-1242	-13	12	0
10	2	3	0	171	71	up	1	512	500.59704431282	2818.49226426895	482.389619580098	1101.19799830858	717.625868047183	4670.07235431807	697.160445816953	2075.38690328707	512	512	548.315917897114	640.558113065179	-593.287678378261	687.483187073208	233	38	4	22	215	187	250	36	10	29	28980	3932	3085	355	1376	1405	130	0	0	0	0	0	-1015	-16	9	0
10	2	3	0	171	71	up	2	512	538.535994663756	2959.54999669465	524.209338941582	1296.49110916099	551.07169276719	2855.14564316283	611.61361618984	1513.82298927995	512	512	549.03521756349	645.612101558552	-593.369603262895	687.673069750621	212	39	9	21	231	191	268	21	6	26	29323	3748	2928	353	1404	1424	160	0	0	0	0	0	-1012	-15	11	0
10	2	3	0	171	71	up	3	512	526.477754074385	2984.18231590421	517.756746001593	1291.19849201024	677.625868047183	4271.71370719776	656.425401935428	1791.15934298038	512	512	545.014198277429	631.761131001796	-593.45228720791	687.865215835942	210	50	5	23	224	191	259	34	6	22	29284	3809	2873	386	1361	1426	151	0	0	0	0	0	-1141	-18	9	0
10	2	3	0	172	72	up	0	512	505.623652108135	2764.84495502015	519.418276937908	1297.62700738337	522.933925352196	2706.18533656725	550.957280230242	1355.70780243549	512	512	548.957963504665	636.473608831817	-593.327218256613	687.575146820485	214	48	5	21	224	199	244	19	8	42	29553	3919	3051	341	1320	1342	125	0	0	0	0	0	-1089	-16	11	0
10	2	3	0	172	72	up	1	512	530.496231250945	2968.65030159286	512.55640753232	1138.62879918287	503.310569804383	2507.48320227983	529.403919443852	1220.41799323725	512	512	547.30321212892	635.441189421611	-593.323380215975	687.565845169003	207	39	2	24	240	202	249	18	6	37	29711	3960	2854	339	1348	1397	146	0	0	0	0	0	-1323	-13	8	0
10	2	3	0	172	72	up	2	512	485.52283904626	2526.09722759718	489.755398949803	1039.48090820944	538.989653442196	3077.10628958631	539.761640573265	1361.57764779896	512	512	547.710531286732	642.441798103844	-593.409415633637	687.765484761439	212	42	2	20	236	211	223	23	7	48	29569	3983	2934	378	1294	1348	133	0	0	0	0	0	-1333	-15	10	0
10	2	3	0	172	72	up	3	512	591.273318890941	3626.2580590322	552.590393847627	1443.69868173439	537.204435183444	3035.97247420473	529.08583824308	1303.81467834318	512	512	556.066726170353	653.51301286998	-593.476358325762	687.9207304189	215	38	7	28	224	215	229	23	6	39	29807	3800	2902	355	1323	1307	146	0	0	0	0	0	-1107	-18	14	0
10	2	3	0	173	73	up	0	512	582.231042978759	3498.1305964856	569.997594545287	1536.5034653744	403.138360535639	1630.20382869239	462.682206999132	907.376244745725	512	512	563.357226633183	670.950313317284	-593.360517136612	687.651783783259	200	56	9	26	221	218	233	11	4	46	30047	3900	3047	382	1298	1410	139	0	0	0	0	0	-1073	-15	13	0
10	2	3	0	173	73	up	1	512	611.774575140626	3375.72310901478	608.743506832459	1694.59525644975	407.562899019394	1537.27999660524	480.867303634677	972.118994438111	512	512	576.141860868389	703.784983068674	-593.415816688183	687.780505497475	186	33	15	22	256	198	234	8	9	63	30304	3799	2913	360	1318	1539	125	0	0	0	0	0	-1040	-14	11	0
10	2	3	0	173	73	up	2	512	524.493718751574	3021.3161029668	513.889993951592	1234.48131386599	512.281449509697	2635.62003832445	511.632291149554	1204.18091040554	512	512	550.628083397723	641.593617405894	-593.261610247488	687.423204966342	213	56	6	23	214	203	236	18	9	46	29928	4015	3010	423	1330	1341	167	0	0	0	0	0	-1277	-16	9	0
10	2	3	0	173	73	up	3	512	533.485588132818	2973.26122129019	564.615120593008	1556.64489697341	483.589210254387	2759.77810396734	485.175044927917	1161.23484727362	512	512	565.895963780212	681.750702860946	-593.401884097299	687.748269293172	217	37	7	22	229	234	203	22	3	50	30200	3878	2945	353	1269	1377	129	0	0	0	0	0	-1114	-14	9	0
10	2	3	0	174	74	up	0	512	428.865041644698	1796.62924190853	468.72689931749	925.06819666655	604.464301896566	3621.46476679267	544.781236383379	1350.50561961898	512	512	577.194947972278	701.11547599969	-593.414237364778	687.776803887319	215	37	5	12	243	201	235	27	9	40	30652	3911	2949	376	1212	1283	152	0	0	0	0	0	-1230	-14	8	0
10	2	3	0	174	74	up	1	512	501.074501826883	2603.27954350139	506.338602312084	1120.76519296978	546.827790731257	3124.30986340777	520.278069208534	1202.58174735296	512	512	593.786058350535	739.7215304828	-593.387953903611	687.71591245448	214	38	6	19	235	204	239	25	3	41	30571	3790	3175	352	1286	1310	130	0	0	0	0	0	-695	-14	11	0
10	2	3	0	174	74	up	2	512	508.737620787507	2809.41629458904	512.097402479658	1424.85898577719	507.859720085635	2553.97267243766	541.02625987724	1485.88569516143	512	512	566.343749201765	676.7380020899	-593.370659756202	687.675725596114	236	40	11	19	206	214	217	14	17	50	30408	3994	3121	365	1310	1253	147	0	0	0	0	0	-1052	-18	11	0
10	2	3	0	174	74	up	3	512	616.899186938124	3733.93574482537	582.856306746196	1564.2484306965	472.708500492822	2570.91177775397	448.222979288116	938.51211613998	512	512	578.288383195101	701.508891806632	-593.301258497359	687.515432630659	210	27	9	28	238	233	218	21	1	39	30472	4042	3022	352	1248	1234	126	0	0	0	0	0	-1193	-15	11	0
10	2	3	0	175	75	up	0	512	486.024095295945	2468.26737589224	496.332587957462	1064.77555728777	522.681892697507	3058.46485174964	476.540946621901	1023.93001443316	512	512	579.91659245397	706.312636442606	-593.359356118274	687.649537909979	215	34	3	19	241	228	220	25	2	37	31062	3925	3038	375	1175	1158	119	0	0	0	0	0	-1070	-17	11	0
10	2	3	0	175	75	up	1	512	480.52283904626	2384.01518827219	496.768667786096	1104.33915791931	466.353142276887	2426.95748416548	488.484051036357	1119.55138624112	512	512	574.351462525205	693.94799179096	-593.382835048198	687.703932612825	212	42	6	17	235	226	215	18	5	48	30852	4074	3125	349	1150	1193	122	0	0	0	0	0	-1142	-19	10	0
10	2	3	0	175	75	up	2	512	511.928603793132	2791.34029659013	516.908467659551	1222.16166931386	369.443312220636	1219.98187602174	439.014568397768	717.462462236169	512	512	577.04744110009	699.911743485494	-593.507945444934	687.993858545338	214	38	3	22	235	226	246	8	2	30	31021	4011	3000	368	1175	1204	114	0	0	0	0	0	-1205	-15	10	0
10	2	3	0	175	75	up	3	512	544.315891363446	3083.02724260536	531.255130336406	1239.22940586395	466.05070309126	2230.34955681219	468.254604390803	897.77637149163	512	512	579.212205962778	704.468712342759	-593.413738689293	687.775205987538	207	46	7	23	229	212	238	16	5	41	31103	3974	2971	352	1167	1194	118	0	0	0	0	0	-1201	-13	9	0
10	2	3	0	176	76	up	0	512	459.618330549072	2026.85413028524	506.542184482087	1096.31560059696	542.079823385946	3041.01205433318	528.699834931923	1254.74792143124	512	512	582.023756947497	714.319780917887	-593.283145203486	687.472632959891	201	38	5	14	254	203	234	23	6	46	31201	4180	3176	355	1186	1241	127	0	0	0	0	0	-1265	-18	9	0
10	2	3	0	176	76	up	1	512	541.474945014692	2826.3372192891	566.961257047747	1524.0712190177	503.535994663756	2802.72627127277	510.154659669864	1240.48021249509	512	512	569.578629039495	685.268128122293	-593.371313444903	687.677070108429	207	35	13	18	239	236	215	21	6	34	31396	4195	2939	382	1202	1137	117	0	0	0	0	0	-1469	-14	10	0
10	2	3	0	176	76	up	2	512	522.029416855008	2860.99988672404	516.382489170673	1179.96198766148	483.387584130636	2524.83586471203	503.463361802077	1264.38998178779	512	512	599.232366110164	748.394872656247	-593.336846980955	687.597197964588	204	41	2	23	242	222	219	18	7	46	31331	4031	3161	389	1132	1246	127	0	0	0	0	0	-1100	-18	11	0
10	2	3	0	176	76	up	3	512	438.690023316262	1964.10343883721	463.497072905659	883.181209589303	405.199410184703	1749.69321389325	467.997136475586	959.849189295037	512	512	566.650466162767	678.504846833011	-593.291304170362	687.491637341831	212	44	4	14	238	219	227	13	2	51	31290	4230	3011	381	1176	1192	128	0	0	0	0	0	-1471	-21	9	0
10	2	3	0	177	77	up	0	512	510.620843048443	2634.44664281442	544.350220731076	1390.6660872924	581.901995997817	3420.53472346549	569.449974178441	1631.81134872089	512	512	588.398459390622	727.362145967312	-593.431565145963	687.817098837794	219	31	9	18	235	213	222	24	12	41	31894	4044	3135	351	1060	1090	124	0	0	0	0	0	-1151	-16	9	0
10	2	3	0	177	77	up	1	512	461.276127950634	2284.05770410671	500.003435785951	1127.92014572295	551.124908357821	3012.56222094178	525.112191181092	1228.30865178678	512	512	604.743466646727	762.548193674023	-593.335958636588	687.595384413361	226	36	4	17	229	197	237	21	10	47	31940	4030	3060	394	1085	1173	122	0	0	0	0	0	-1198	-16	12	0
10	2	3	0	177	77	up	2	512	519.315891363446	2937.11537989443	491.294935688526	1069.7404990444	509.440503160944	2769.6290153566	500.485289719463	1105.44214874732	512	512	587.086734865185	720.277848522348	-593.402090376222	687.748571602145	219	42	4	23	224	223	229	21	5	34	31889	4138	3053	344	1122	1146	106	0	0	0	0	0	-1337	-16	11	0
10	2	3	0	177	77	up	3	512	690.668440519688	4503.37645958966	634.190507451297	1897.25175024868	457.382262571573	2456.99692269898	453.021492091589	983.256339273865	512	512	585.858276615715	724.736823191934	-593.413885262383	687.775801767466	199	42	14	33	224	249	198	18	6	41	31685	4242	3104	393	1054	1147	132	0	0	0	0	0	-1329	-15	11	0
10	2	3	0	178	78	up	0	512	591.827790731257	3470.58647120309	581.143156666446	1564.76421126061	567.254841714382	3482.15481842792	546.907393793051	1497.6795409304	512	512	592.055065765364	740.235934580869	-593.352493654456	687.63369572578	200	50	13	24	225	226	205	26	9	46	32043	4288	3213	392	1120	1141	145	0	0	0	0	0	-1287	-17	11	0
10	2	3	0	178	78	up	1	512	497.809313554697	2540.67779906914	533.602353780152	1277.21831464486	453.087954004702	2294.72048481761	484.896974794655	1071.59278481303	512	512	598.989385206826	751.300841342478	-593.370785964966	687.675753367721	207	45	7	18	235	227	208	16	7	54	32267	4220	3091	358	1054	1138	106	0	0	0	0	0	-1302	-14	9	0
10	2	3	0	178	78	up	2	512	563.132742416254	3143.72316565276	566.856598572197	1400.24780891297	501.501552810008	2760.75975343716	476.091262172235	1028.0541823828	512	512	604.414802048318	768.039482092944	-593.467453470865	687.900063861622	204	34	8	23	243	228	220	21	5	38	32195	4271	3122	348	953	1141	126	0	0	0	0	0	-1392	-15	10	0
10	2	3	0	178	78	up	3	512	643.206947682814	4018.74735927609	610.554380102005	1670.90941952474	430.300223246579	2013.07619623184	460.905865054361	928.122621428427	512	512	634.064175602574	833.448608560559	-593.370066464633	687.674225008423	205	40	13	29	225	213	224	15	3	57	32305	4030	3244	357	966	1315	122	0	0	0	0	0	-957	-16	16	0
10	2	3	0	179	79	up	0	512	711.495934690622	4466.64993344597	712.970419145381	2092.49334201428	432.509683428763	2036.29190934346	449.312739087263	946.175358582963	512	512	605.517280195068	768.410021812812	-593.251439756356	687.399334817462	170	32	10	34	266	228	216	14	6	48	32500	4288	3259	401	970	1089	110	0	0	0	0	0	-1257	-17	11	0
10	2	3	0	179	79	up	1	512	744.25705765343	4778.76525670242	709.970934149996	2088.49172441802	394.371916013769	1776.9668576635	416.648271411661	761.098876683311	512	512	612.578637715949	790.818689706106	-593.397738699779	687.738189181096	179	20	12	36	265	228	207	13	3	61	32685	4191	3181	391	1035	1096	125	0	0	0	0	0	-1186	-14	10	0
10	2	3	0	179	79	up	2	512	729.787730758123	4527.24572150911	720.405280204585	2142.64376007652	599.716334551255	3773.06052653681	536.831465009212	1432.10479623494	512	512	608.062568571985	777.058813488587	-593.201718823614	687.284046461518	162	38	16	32	264	216	214	29	8	45	32462	4334	3276	376	1034	1064	95	0	0	0	0	0	-1293	-15	10	0
10	2	3	0	179	79	up	3	512	713.883222260935	4567.42501675027	706.025373506453	2093.69291659232	456.679380198136	2297.87843718454	465.690246438585	938.719387253251	512	512	610.373710570084	780.65421598613	-593.401908197788	687.748179962974	175	35	10	35	257	222	227	18	2	43	32524	4245	3276	403	1050	1099	127	0	0	0	0	0	-1190	-14	12	0
10	2	3	0	180	80	up	0	512	464.671546139703	2464.16427688292	453.362302879558	1046.5090762341	394.873172263454	1895.30718257262	380.521320751265	678.606484507338	512	512	633.34196337422	835.677847262152	-593.402662020707	687.749722058106	223	60	6	18	205	243	200	15	1	53	33244	4108	3228	380	932	1112	125	0	0	0	0	0	-1056	-16	10	0
10	2	3	0	180	80	up	1	512	467.936734411888	2526.76602131517	479.782717941496	1162.98086816971	317.915744735958	1378.06417021766	324.809776136113	482.890921268161	512	512	642.461128819958	857.306382565672	-593.392510027749	687.726404361119	230	53	5	19	205	275	168	11	0	58	33059	4241	3266	394	902	1260	115	0	0	0	0	0	-1178	-16	10	0
10	2	3	0	180	80	up	2	512	417.936734411888	1882.60194266518	440.584608412509	883.029582830605	383.870659764084	1785.52619953719	382.646493740317	749.267803780999	512	512	607.439502259452	771.029930072925	-593.453649425536	687.868137693043	230	45	5	13	219	241	184	12	6	69	33101	4299	3166	394	930	990	109	0	0	0	0	0	-1446	-16	9	0
10	2	3	0	180	80	up	3	512	409.621139608765	2050.61108961128	409.195443270148	889.915780602153	321.358760396272	1165.88493161447	359.19107692335	573.699155371755	512	512	626.424519184917	816.43281552077	-593.335175605235	687.593174996555	256	52	7	14	183	248	191	8	2	63	33009	4265	3307	379	938	1026	102	0	0	0	0	0	-1168	-15	14	0
10	2	3	0	181	81	up	0	512	522.506874369071	2921.41022494396	537.779769749063	1351.29703953573	589.665928020317	3330.70800569956	601.272987285024	1569.62477817777	512	512	635.63598192001	836.476302503716	-593.365574655349	687.663913771376	217	43	6	22	224	193	242	23	12	42	33581	4272	3279	340	871	954	100	0	0	0	0	0	-1135	-19	12	0
10	2	3	0	181	81	up	1	512	758.206947682814	5204.81110470888	695.637621762904	2217.86101481213	543.384775070943	3042.87214098753	537.724752503944	1276.50939847122	512	512	624.866327707228	812.84967052451	-593.3127578293	687.541313158971	169	56	10	41	236	211	236	23	6	36	33405	4392	3290	385	910	1038	106	0	0	0	0	0	-1279	-13	10	0
10	2	3	0	181	81	up	2	512	515.647450843758	2815.69290238435	521.714853417583	1274.87551037152	588.986844382504	3191.16085975401	607.075987759892	1567.97788514981	512	512	643.489242906211	853.768322394607	-593.410840088382	687.768962729217	216	41	6	21	228	172	275	24	6	35	33533	4187	3391	361	870	975	86	0	0	0	0	0	-986	-13	9	0
10	2	3	0	181	81	up	3	512	521.05070309126	2957.87228258249	535.252093069273	1282.62342253829	632.85410196625	3811.21540160272	637.462676782269	1820.4074355885	512	512	643.829981135332	866.962937374615	-593.279326814226	687.464115882237	208	49	2	24	229	204	237	27	13	31	33556	4173	3363	380	896	953	95	0	0	0	0	0	-1000	-15	13	0
10	2	3	0	182	82	up	0	512	593.031929354378	3569.50426196415	585.830852599187	1545.32363756542	505.196601125011	2803.89966678281	475.758174203967	1050.11797936491	512	512	630.200004766635	822.021269514568	-593.497786711465	687.970336498962	210	37	8	27	230	220	216	21	6	49	34026	4325	3289	344	861	953	103	0	0	0	0	0	-1201	-16	12	0
10	2	3	0	182	82	up	1	512	503.965854706574	2566.36477340337	547.457387213572	1310.25196556619	577.180636447821	3473.48317396083	548.914898053886	1579.70806329132	512	512	634.55542477789	842.971600445814	-593.388525500622	687.717212689475	193	50	5	19	245	209	212	25	11	55	33746	4368	3467	403	863	932	95	0	0	0	0	0	-1080	-20	11	0
10	2	3	0	182	82	up	2	512	523.636807725632	2765.85093970825	547.904614195486	1345.74221104218	474.066667768449	2416.20673607946	476.893211715544	1073.39555599991	512	512	630.83002719733	828.590581910551	-593.428213433453	687.809301542959	206	38	7	20	241	219	220	17	7	49	34066	4313	3238	367	811	925	111	0	0	0	0	0	-1315	-15	11	0
10	2	3	0	182	82	up	3	512	760.339393538746	5306.29721437579	661.744825411461	2069.72135478889	433.417000985644	1998.15227918773	460.629826043315	1002.25898573686	512	512	632.012576383727	828.630484557053	-593.302652147755	687.517742448811	196	36	10	42	228	214	209	12	10	67	33893	4407	3303	381	834	904	86	0	0	0	0	0	-1247	-15	13	0
10	2	3	0	183	83	up	0	512	630.61803398875	4062.81717435396	609.407725784494	1709.43516405345	442.711309552515	2340.8694035144	425.393206975829	787.114665375214	512	512	640.14754151255	843.208446676768	-593.375857122526	687.687869918814	220	31	7	32	222	232	207	19	1	53	34373	4387	3340	396	797	883	96	0	0	0	0	0	-1207	-15	10	0
10	2	3	0	183	83	up	1	512	719.111456180002	4730.72604472085	694.599664573376	2166.46546937764	395.753882025019	1897.091469461	406.849436755375	817.139466573903	512	512	658.930791210569	905.683061832392	-593.407366974783	687.760758430765	180	51	14	35	232	244	186	13	6	63	34150	4530	3402	414	750	1227	114	0	0	0	0	0	-1267	-17	10	0
10	2	3	0	183	83	up	2	512	527.355654776257	2769.8388004181	544.302750130508	1326.56732617918	520.472432515322	3213.79015830052	478.279269017117	1200.10456433233	512	512	656.541072997128	889.371978504416	-593.412801852054	687.773246313553	200	40	7	20	245	245	187	25	6	49	34333	4441	3346	376	739	944	101	0	0	0	0	0	-1309	-15	11	0
10	2	3	0	183	83	up	3	512	523.058537149694	2725.78101135442	557.594275410262	1419.48075260404	564.464301896566	3440.00578645517	529.756231923815	1409.19441406156	512	512	650.703332303525	874.356676377179	-593.340844146985	687.606572715063	203	35	6	20	248	233	210	26	8	35	34107	4457	3519	413	800	882	82	0	0	0	0	0	-1141	-16	12	0
10	2	3	0	184	84	up	0	512	585.695048315003	3423.741346269	578.525188217925	1503.00633901119	495.045381532197	2596.41637954601	476.779126271851	1067.18551772929	512	512	653.028786099667	885.536576216754	-593.439168560588	687.834365738072	204	34	7	26	241	215	228	19	6	44	34746	4416	3444	402	749	876	84	0	0	0	0	0	-1175	-14	10	0
10	2	3	0	184	84	up	1	512	590.745454845941	3430.39486675783	596.688623260325	1605.77867664113	404.496527811267	1965.65066973974	404.612953470388	786.034066484329	512	512	659.880064901662	902.045826159019	-593.260396566173	687.420397335975	207	37	12	24	232	244	192	14	5	57	34546	4513	3542	407	754	944	98	0	0	0	0	0	-1246	-15	9	0
10	2	3	0	184	84	up	2	512	572.604878371253	3134.94201270338	609.076718429472	1603.76238757237	466.003105620015	2387.74179937285	438.705031793503	944.811074778175	512	512	652.335640898988	887.099417621029	-593.269413852733	687.440998410055	196	34	10	22	250	220	207	16	9	60	34595	4522	3463	428	750	976	104	0	0	0	0	0	-1327	-17	14	0
10	2	3	0	184	84	up	3	512	600.647450843758	3637.04545154059	581.304249527099	1550.29057606563	396.178123948451	1858.80862210667	426.109768595438	835.362134148148	512	512	675.316428002521	938.486642146346	-593.418648253052	687.786994487216	200	55	12	26	219	255	195	13	5	44	34920	4308	3401	379	714	1025	110	0	0	0	0	0	-1046	-17	11	0
10	2	3	0	185	85	up	0	512	570.14338553438	3208.74750087104	573.935904708562	1350.8256744003	400.952699089077	1863.82386701683	430.64844296024	946.057623329939	512	512	671.843700753667	927.407829984328	-593.327894648534	687.576593721522	186	37	2	26	261	245	200	13	5	49	35147	4519	3479	375	715	891	89	0	0	0	0	0	-1219	-16	9	0
10	2	3	0	185	85	up	1	512	633.055728090001	3869.98746424398	597.865622586108	1642.76185189923	440.021582796575	2122.57453014587	455.731666146427	958.224133311106	512	512	650.372092340461	876.654208843581	-593.456401464182	687.875047649483	204	35	12	28	233	225	224	16	3	44	35198	4519	3382	421	686	863	86	0	0	0	0	0	-1439	-17	13	0
10	2	3	0	185	85	up	2	512	775.23858047687	5283.09660457938	692.430454208811	2109.13786998018	411.379750072202	1835.68101796512	433.46705329344	873.840448466009	512	512	654.581826848046	891.076475693686	-593.399134060627	687.741582931181	174	35	9	42	252	227	219	13	4	49	35231	4489	3393	407	709	762	72	0	0	0	0	0	-1317	-17	9	0
10	2	3	0	185	85	up	3	512	593.031929354378	3452.05747755478	593.553983043092	1586.76508667095	394.695344875325	1700.30102797057	405.700433415846	745.585047655131	512	512	667.880372091367	919.232307516673	-593.462564716228	687.888464207228	202	37	10	25	238	245	209	11	6	41	35271	4458	3396	395	712	911	81	0	0	0	0	0	-1281	-16	8	0
10	2	3	0	186	86	up	0	512	615.318403862816	4006.06044157984	572.272429867087	1583.27805358519	454.019070297204	2431.95762576043	439.096839224957	891.133128879537	512	512	673.342155860004	934.914059097534	-593.360611681476	687.652338926519	221	41	6	32	212	223	204	19	3	63	35476	4630	3507	419	676	937	105	0	0	0	0	0	-1318	-15	12	0
10	2	3	0	186	86	up	1	512	589.61552148938	3251.60770080136	616.099968728826	1665.00823951575	437.082632445639	2041.25848381706	454.804724683784	999.901632662265	512	512	674.575517896062	947.956512676659	-593.373476474906	687.682491045863	182	40	10	23	257	222	221	14	6	49	35533	4564	3527	408	641	902	109	0	0	0	0	0	-1295	-16	11	0
10	2	3	0	186	86	up	2	512	624.639320225002	3997.24278580304	601.78797085721	1667.36947839102	347.613305550332	1489.81488998468	397.681563154152	666.235550373148	512	512	679.539760112757	955.138246321653	-593.457115839468	687.876375567353	216	38	8	31	219	257	186	11	2	56	35520	4517	3557	438	658	879	90	0	0	0	0	0	-1178	-15	10	0
10	2	3	0	186	86	up	3	512	461.931412852825	2108.04570641151	519.620755167129	1170.02499240514	423.965854706574	2086.00002831899	435.438592701008	904.349761829852	512	512	688.087977015045	977.658714058783	-593.501806269627	687.979819223015	201	49	7	14	241	249	203	15	5	40	35799	4309	3521	403	652	787	97	0	0	0	0	0	-995	-17	14	0
10	2	3	0	187	87	up	0	512	528.008130618756	2730.03935357653	549.766669362725	1235.93498091039	418.414191925951	2098.81771241478	421.908007084107	799.10583318283	512	512	678.366669391671	950.640067356173	-593.38323010153	687.705136951755	188	33	1	22	268	247	200	16	3	46	35737	4793	3579	435	577	794	91	0	0	0	0	0	-1479	-24	12	0
10	2	3	0	187	87	up	1	512	608.435181601881	3508.06668113886	608.853471389019	1602.08563722027	578.411382866258	3749.37671446058	502.841702808806	1374.71441980629	512	512	693.677906036228	986.534487648475	-593.408474371061	687.762987416868	182	47	11	25	247	232	190	29	8	53	35806	4703	3621	414	560	809	82	0	0	0	0	0	-1268	-16	10	0
10	2	3	0	187	87	up	2	512	741.670953019058	4835.34591313135	695.01980194982	2203.48219236995	437.133038976576	2020.90590634183	460.292534481534	924.198309887883	512	512	674.280778984615	936.881060481587	-593.316314613422	687.54989978105	185	33	16	35	243	213	232	15	3	49	35862	4644	3603	435	618	718	83	0	0	0	0	0	-1288	-16	8	0
10	2	3	0	187	87	up	3	512	535.496231250945	3054.37979176161	561.79569875588	1469.2813323896	365.024391856267	1489.90299895475	413.88301559085	781.31255597161	512	512	679.426656833312	953.299603090093	-593.278827799731	687.462888269962	223	42	9	22	216	244	202	10	4	52	35837	4679	3568	460	619	848	69	0	0	0	0	0	-1372	-17	11	0
10	2	3	0	188	88	up	0	512	542.607687430946	3022.34642287318	579.539610790795	1524.42130366632	403.743238906893	1768.16136949584	419.438646673283	838.635377595998	512	512	692.814456748663	985.937676829413	-593.419511067228	687.789065205178	203	48	8	22	231	222	214	12	5	59	36392	4562	3648	454	612	734	73	0	0	0	0	0	-1173	-17	12	0
10	2	3	0	188	88	up	1	512	572.756097964067	3232.06055485581	582.486320757168	1456.27914078905	546.602365871883	3301.22477510075	501.380539074773	1210.16319897584	512	512	692.523198559574	991.366860688306	-593.241001589209	687.375072964238	193	36	5	25	253	222	212	26	5	47	36309	4683	3624	440	580	783	88	0	0	0	0	0	-1325	-17	11	0
10	2	3	0	188	88	up	2	512	555.167184270003	2957.87815399463	583.423975854434	1455.58744967901	506.376941012509	2903.61086305936	482.301784034131	1212.07736110115	512	512	680.473255071708	956.621023238259	-593.411609528379	687.770929279893	196	27	6	22	261	232	206	22	6	46	36459	4648	3503	446	572	743	71	0	0	0	0	0	-1401	-16	10	0
10	2	3	0	188	88	up	3	512	625.54382872219	3781.33400039312	598.033488857081	1534.75220671492	474.066667768449	2709.82369710289	433.191217207062	871.51643612436	512	512	684.004656646088	970.332940735046	-593.44973873327	687.858900271936	187	36	5	30	254	239	200	22	2	49	36373	4687	3545	451	524	782	95	0	0	0	0	0	-1403	-20	16	0
10	2	3	0	189	89	up	0	512	645.042572472504	3745.91163615901	706.988919738781	2078.97754991497	435.172802389388	2294.51069975611	424.597502508942	895.580997649661	512	512	700.447230065663	1010.48160138401	-593.420313527544	687.790806638894	172	49	16	25	250	250	192	17	5	48	36926	4699	3482	461	436	743	77	0	0	0	0	0	-1459	-16	14	0
10	2	3	0	189	89	up	1	512	765.413598805306	4842.37019171165	785.99949047025	2520.55154161819	358.971472825959	1501.82714255079	384.550827292858	661.174398675931	512	512	698.273147446121	998.644589983209	-593.474504739124	687.916258150236	165	29	18	34	266	235	198	11	2	66	36969	4669	3538	392	468	672	64	0	0	0	0	0	-1299	-18	10	0
10	2	3	0	189	89	up	2	512	737.450849718747	4633.92959022332	730.930898191198	2214.85658584735	418.894458499706	2138.09144114201	436.467101177267	895.605663505025	512	512	703.248844679291	1019.02740412918	-593.418876980322	687.787545831696	164	38	16	33	261	235	192	16	4	65	36871	4616	3652	429	498	694	67	0	0	0	0	0	-1145	-16	11	0
10	2	3	0	189	89	up	3	512	837.824685111242	5710.16339899421	838.783194293405	3090.53853884657	452.408870366888	2451.16114294392	436.42942289134	916.645291790248	512	512	709.856973979287	1040.00685175922	-593.484196063699	687.938673000437	184	37	28	38	225	246	192	18	6	50	36823	4651	3713	381	467	841	82	0	0	0	0	0	-1145	-17	11	0
10	2	3	0	190	90	up	0	512	774.159053651247	5086.32770419612	762.660905775274	2389.8793695144	295.555064960961	1177.18279732705	296.600839049465	401.63245127642	512	512	704.240744457395	1022.00336605528	-593.490389828542	687.953425351588	160	41	14	38	259	283	155	8	3	63	37183	4734	3749	414	461	736	77	0	0	0	0	0	-1174	-21	10	0
10	2	3	0	190	90	up	1	512	644.514708427504	3726.2186204987	690.577430909172	2096.47480182669	376.536587784401	2011.6965177462	347.343360166901	644.785051122007	512	512	714.893105799536	1048.03455037806	-593.365148681072	687.663048656414	176	48	18	24	246	250	159	16	2	85	37095	4730	3783	472	452	744	63	0	0	0	0	0	-1141	-17	13	0
10	2	3	0	190	90	up	2	512	713.106134620939	4567.2640437203	704.676257328015	2111.33087289428	302.616114610024	1224.22539811855	310.925720212713	446.47979621389	512	512	707.979395859299	1028.67347604746	-593.509754528022	687.998021294259	175	48	15	33	241	276	155	8	4	69	37315	4674	3640	451	390	680	75	0	0	0	0	0	-1265	-17	11	0
10	2	3	0	190	90	up	3	512	700.891056319369	4414.86256925657	684.195287693862	1941.89966997592	332.639913345647	1296.89707090463	338.189154843574	529.091493896484	512	512	700.014538328496	1005.73807586708	-593.431086480416	687.815660182834	178	17	4	36	277	254	181	8	5	64	37223	4799	3605	453	490	649	62	0	0	0	0	0	-1353	-15	9	0
10	2	3	0	191	91	up	0	512	881.798373876249	5818.18191943833	894.192053308622	3170.5360276391	417.035034974393	2077.3741185824	397.764791506708	821.373507719655	512	512	721.730202858835	1071.94737181608	-593.430692005951	687.814741198966	132	69	37	35	239	234	194	15	5	64	37460	4838	3853	441	389	749	62	0	0	0	0	0	-1186	-19	13	0
10	2	3	0	191	91	up	1	512	782.098004002183	4977.7501817062	832.707948960042	2692.63300493781	317.891946000336	1161.95790895034	333.293310617137	465.957189319125	512	512	694.234516148859	989.476945091247	-593.348003005023	687.623045853261	147	37	16	36	276	249	187	8	2	66	37485	4970	3681	456	412	580	62	0	0	0	0	0	-1564	-18	11	0
10	2	3	0	191	91	up	2	512	839.808720434053	5788.10555329254	823.199109689978	2769.68840141993	356.43015660314	1736.13387201956	366.01770923935	648.120077815349	512	512	712.576132093496	1039.33195678769	-593.440261086953	687.836946445015	169	28	15	44	256	286	166	13	3	44	37531	4996	3650	415	361	702	57	0	0	0	0	0	-1615	-15	9	0
10	2	3	0	191	91	up	3	512	903.227937358744	6310.88379885484	886.5713204679	3119.7859704667	327.966151266896	1370.99429850181	352.344231950033	751.384983417296	512	512	719.439884087921	1068.17151359278	-593.377436644596	687.691554467188	144	53	24	45	246	274	161	8	7	62	37556	4850	3724	462	391	782	59	0	0	0	0	0	-1403	-16	13	0
10	2	3	0	192	92	up	0	512	932.424241923432	6539.18776253148	916.138450006277	3195.44948299296	331.032522475023	1550.22229249853	327.072967679327	613.630739156576	512	512	719.689523712843	1060.5423231184	-593.446193557745	687.851062513038	127	59	24	47	255	276	152	11	4	69	38052	4891	3752	409	352	645	69	0	0	0	0	0	-1392	-16	10	0
10	2	3	0	192	92	up	1	512	1046.81655449249	7825.33024343632	975.165970432526	3739.97906491019	268.47583469566	1008.11326543909	283.04204285528	375.198569176756	512	512	732.294119305493	1097.79043108906	-593.360814392528	687.652757756402	140	47	26	58	241	262	142	7	2	99	37944	4892	3786	482	361	667	75	0	0	0	0	0	-1366	-16	11	0
10	2	3	0	192	92	up	2	512	868.453362218118	6112.58584818529	866.54923059643	2803.65426868964	338.345604778776	1597.32573133574	310.524295892611	469.994953012724	512	512	713.349327027601	1048.13935177572	-593.28264442861	687.471712323886	146	40	10	49	267	264	152	11	5	80	37887	4970	3772	475	374	685	85	0	0	0	0	0	-1450	-18	13	0
10	2	3	0	192	92	up	3	512	845.443015660314	5657.11509670452	886.641485140908	3041.38538729497	313.473025635967	1373.15563967866	312.140616065564	517.382607254551	512	512	717.113919169239	1053.79228251694	-593.363909776097	687.660249507435	129	70	24	39	250	263	147	9	5	88	38059	4980	3604	461	328	840	70	0	0	0	0	0	-1712	-20	15	0
10	2	3	0	193	93	up	0	512	921.418920364369	6683.06611475905	880.391529264418	3074.24935774348	254.149300214088	797.304473418479	271.200424336776	327.954039490132	512	512	744.069467387896	1130.22893932919	-593.4893441771	687.950901494299	146	55	18	51	242	289	151	5	2	65	38671	4736	3780	429	338	636	66	0	0	0	0	0	-1210	-15	11	0
10	2	3	0	193	93	up	1	512	979.230449858114	7102.74682121526	947.50234114716	3661.9984749921	270.534075285031	893.480946229536	297.14309081906	414.429870968276	512	512	725.996891231139	1080.81207265692	-593.408273856444	687.762815792493	146	49	27	51	239	264	153	5	4	86	38660	4810	3700	446	332	575	52	0	0	0	0	0	-1405	-21	11	0
10	2	3	0	193	93	up	2	512	919.559496839056	6349.09657626039	931.57759883984	3268.52707788005	253.727867350349	717.368671955126	280.958659106486	359.537606575234	512	512	727.962340759675	1086.71069651884	-593.533858670373	688.054176676023	133	55	27	44	253	253	149	3	5	102	38446	4917	3808	445	329	572	52	0	0	0	0	0	-1260	-20	12	0
10	2	3	0	193	93	up	3	512	862.774278580304	5892.05089816787	852.080043616821	2749.60928268105	270.33244916128	893.432275792965	297.252840292371	488.541687957811	512	512	730.249818728686	1100.41270510711	-593.30954543963	687.533904798515	149	36	17	44	266	268	153	5	4	82	38485	4967	3706	458	307	489	52	0	0	0	0	0	-1486	-18	11	0
10	2	3	0	194	94	up	0	512	793.206947682814	4991.30057486672	862.649651173669	2876.71588594477	267.093868684409	967.076790930653	277.023464657764	335.895410710376	512	512	730.528328892417	1099.79172546012	-593.31822889956	687.554017927185	133	63	26	32	258	258	148	7	1	98	38682	5116	3853	477	279	505	39	0	0	0	0	0	-1545	-21	14	0
10	2	3	0	194	94	up	1	512	795.716037990933	5150.80184448682	832.409126860853	2678.63489073109	321.539396844094	1400.84871197695	314.437957988262	499.49686819575	512	512	747.644478751051	1148.43090905486	-593.441746247834	687.840142016173	155	40	20	36	261	245	159	10	3	95	38995	4776	3934	423	246	501	38	0	0	0	0	0	-1087	-16	11	0
10	2	3	0	194	94	up	2	512	831.845971347494	5680.57681451515	831.617407841295	2742.77263122972	316.690616436907	1434.97335209344	292.635999651381	415.140653586876	512	512	733.282475996843	1095.93686553987	-593.473711595952	687.914491207114	156	40	15	43	258	254	146	10	4	98	38782	4978	3885	483	299	378	51	0	0	0	0	0	-1392	-15	11	0
10	2	3	0	194	94	up	3	512	881.344715097809	6265.12396046071	903.721276207233	3268.39509710728	225.31145948535	508.818561984511	259.191303323303	253.764492986183	512	512	738.634546953793	1114.08308876234	-593.35000099623	687.627785298642	145	56	16	48	247	261	144	2	3	102	38830	5067	3792	439	267	529	56	0	0	0	0	0	-1473	-17	10	0
10	2	3	0	195	95	up	0	512	835.363192274368	5587.43396546344	869.078697104303	2929.80606189687	278.473025635967	1040.16173764273	274.842051785562	352.741122454886	512	512	737.097555701357	1110.24754618861	-593.360795442906	687.652840220356	154	39	20	40	259	275	143	6	5	83	39237	5075	3847	481	220	467	58	0	0	0	0	0	-1528	-16	12	0
10	2	3	0	195	95	up	1	512	930.18536488624	6615.39122307699	908.00023234573	3339.45500282503	311.361569455965	1409.45951839833	308.119869701844	508.767806507775	512	512	748.604453462483	1143.83594490245	-593.43826200503	687.832673778273	148	41	21	49	253	267	152	11	1	81	39362	5003	3792	483	233	417	41	0	0	0	0	0	-1432	-19	11	0
10	2	3	0	195	95	up	2	512	836.291499507178	5705.07822573021	847.61101324101	2860.94211421741	344.929196913777	1507.2406996667	334.518623173511	630.193836367274	512	512	731.019369668326	1093.18974045329	-593.551178088942	688.09404506202	159	29	13	44	267	252	156	8	10	86	39405	5009	3786	440	233	376	35	0	0	0	0	0	-1467	-16	11	0
10	2	3	0	195	95	up	3	512	947.646857723113	6653.85014677651	909.415497057044	3201.4879279905	267.945161590966	851.380584693351	279.052550143289	301.411275530769	512	512	740.989776646446	1123.19109453965	-593.428211779223	687.809141467957	130	37	19	50	276	267	158	5	3	79	39208	4999	3960	473	203	358	29	0	0	0	0	0	-1303	-18	10	0
10	2	3	0	196	96	up	0	512	922.320619801864	6332.48850731215	921.928050529671	3337.74600050331	312.616114610024	1411.30743744354	295.656919365349	388.925809912349	512	512	744.672801666703	1134.53327653233	-593.543355629061	688.076042575679	138	37	24	45	268	276	154	11	1	70	39647	5198	3869	438	153	346	24	0	0	0	0	0	-1529	-19	9	0
10	2	3	0	196	96	up	1	512	884.885734760306	6229.91109809819	879.263156789154	3101.34578698002	273.775464821594	857.423213803837	282.900485355504	362.318666978822	512	512	742.238620018068	1121.91531139125	-593.523719245087	688.030365881087	145	45	15	48	259	253	164	5	3	87	39840	5031	3831	450	198	277	22	0	0	0	0	0	-1401	-20	11	0
10	2	3	0	196	96	up	2	512	894.283665448745	6007.3823593208	928.432126080581	3289.18817039934	272.870956324406	1111.69064633406	269.322553871635	375.22217226576	512	512	735.787844964179	1105.76486498972	-593.409213170818	687.765374255011	132	55	29	40	256	278	136	8	2	88	39765	5053	3858	476	213	358	30	0	0	0	0	0	-1509	-21	11	0
10	2	3	0	196	96	up	3	512	813.957427527496	5543.36107308454	850.338180768382	2892.12418806352	257.420106605659	820.003841913778	284.402200895332	397.393652270052	512	512	753.669405367684	1155.54197351081	-593.519562804585	688.020690113853	164	44	17	41	246	266	142	4	5	95	40017	4917	3779	439	215	392	47	0	0	0	0	0	-1427	-17	9	0
10	2	3	0	197	97	up	0	512	1042.52505498531	7626.29413707476	1009.44782019357	3899.73709770613	337.417297545966	1635.48690259865	317.473395013779	616.268579097119	512	512	767.283856530945	1198.83048234425	-593.531459302176	688.048500100102	125	82	41	50	214	263	143	11	6	89	40201	5064	3926	473	108	434	29	0	0	0	0	0	-1337	-22	10	0
10	2	3	0	197	97	up	1	512	949.535698103434	6696.6072760165	965.176081160295	3590.34101787457	280.884111941903	1043.06137610654	280.122886962452	361.623833088974	512	512	764.181137611739	1193.78266453258	-593.452048655814	687.863951323111	127	69	30	46	240	278	146	6	5	77	40012	5083	4097	472	123	300	36	0	0	0	0	0	-1243	-19	11	0
10	2	3	0	197	97	up	2	512	917.023798735623	6364.95991012971	932.632234153649	3327.33799208739	278.048783712535	1058.07983991269	297.410493369051	462.609082150962	512	512	756.527355231796	1167.81143022652	-593.281790747964	687.470216368562	122	67	25	45	253	256	145	7	3	101	40091	5054	4035	484	100	287	29	0	0	0	0	0	-1383	-17	14	0
10	2	3	0	197	97	up	3	512	883.251736094366	5915.56156960499	939.951134165454	3327.52908030905	290.886921001595	1111.92476661384	278.723076529178	383.874720736538	512	512	771.617699318878	1211.30242422439	-593.541601329975	688.071969196292	134	40	22	42	274	253	152	7	4	96	40538	4849	3857	420	145	274	33	0	0	0	0	0	-1123	-18	12	0
10	2	3	0	198	98	up	0	512	913.005321559063	6556.66210105512	899.9686703939	3201.40112854757	275.109833361599	1035.48718578856	275.096153167568	376.107991104696	512	512	745.326015547261	1130.50070193224	-593.477994817453	687.924188758721	137	78	25	47	225	257	138	6	5	106	40650	5244	3851	431	82	226	13	0	0	0	0	0	-1663	-20	10	0
10	2	3	0	198	98	up	1	512	832.676274578121	5447.45536497565	886.514800554529	2974.11162460311	261.515598108471	961.094999865881	267.268788749744	358.581566267467	512	512	776.263977957503	1226.91627040001	-593.598623501695	688.20454045921	142	49	24	37	260	267	142	7	1	95	40815	4968	3919	474	82	191	26	0	0	0	0	0	-1298	-15	10	0
10	2	3	0	198	98	up	2	512	1006.76895702124	7387.82891717824	964.842643931758	3664.18271201706	304.398523809084	1148.68429349908	307.412793561443	427.091939670729	512	512	756.997774595941	1169.94610836217	-593.413463380714	687.775026207065	132	58	26	54	242	281	158	6	7	60	40408	5315	3981	472	78	214	22	0	0	0	0	0	-1549	-17	12	0
10	2	3	0	198	98	up	3	512	947.898890377802	6342.30012176287	991.140456952975	3659.02223801543	259.427940664092	861.164786624759	275.470239527821	323.662320548262	512	512	755.252902991207	1167.41153642335	-593.492419332492	687.957777906564	117	44	31	42	278	273	152	6	1	80	40337	5311	4069	459	77	180	17	0	0	0	0	0	-1511	-17	17	0
10	2	3	0	199	99	up	0	512	1069.83251916968	7635.67079489736	1086.49763819492	4203.82809634147	240.284851690034	584.289596655193	264.652740800224	256.204308215789	512	512	786.848201182251	1259.26976306205	-593.535737886739	688.058690777415	99	56	33	53	271	256	157	3	2	94	40933	5140	4131	484	37	117	23	0	0	0	0	0	-1160	-17	15	0
10	2	3	0	199	99	up	1	512	1003.15654115188	7285.23962354504	1069.23671752015	4026.13690358698	262.698747055663	1021.6756846138	268.631419273414	372.939145962266	512	512	752.239539651742	1154.09637166967	-593.517860291788	688.016690977237	102	95	31	51	233	266	124	6	5	111	40983	5371	3863	471	26	121	15	0	0	0	0	0	-1840	-18	10	0
10	2	3	0	199	99	up	2	512	1172.2464145353	9025.57960862627	1162.70855469947	4704.16036591541	249.961422828478	967.85509313093	262.901969319224	383.77732198031	512	512	751.838130545932	1156.78968257299	-593.473708319609	687.914278170271	105	86	38	64	219	267	117	6	4	118	40780	5450	3943	515	45	132	13	0	0	0	0	0	-1826	-19	11	0
10	2	3	0	199	99	up	3	512	1227.01537155654	9615.20842574994	1166.16085091822	4750.77844375971	247.648340524725	769.216732595291	268.279757633926	343.957257313579	512	512	761.592447845453	1181.14439062569	-593.496146524477	687.966257862426	105	60	29	73	245	259	138	4	4	107	41175	5132	3958	423	37	113	12	0	0	0	0	0	-1422	-17	13	0
# final_twist	99
# forced_steps	0
# sweeps_total	445152
# completion	PASS
