# format	twist_snake_sector_blocks_v2
# status	NON-CANONICAL floating-point engineering diagnostic
# L	6
# k	1
# chain	0
# kind	2
# kind_name	control
# base	2
# restriction	-1
# schedule	round_trip
# seed	202609306120
# seam_size	36
# start_twist	0
# chain_initial	cold0
# warmup_sweeps	512
# dwell_sweeps	16384
# dwell_long_sweeps	32768
# visit_sweeps	2048
# equilibration_sweeps	32
# post_forcing_sweeps	512
# block_length	512
# segments	72
# seam_order	x2_fastest_then_x3
# class_rule	class0_if_2W_ge_minus_n_else_classMinus
# action_density	minus_sum_logW_divided_by_6L4
# sampling	every_production_sweep_after_full_heatbath_sweep
L	k	chain	kind	segment	n	phase	block	count	sumFn	sumFn2	sumFi	sumFi2	sumBn	sumBn2	sumBi	sumBi2	sumPFi	sumPFi2	sumY	sumY2	sumS	sumS2	hF0	hF1	hF2	hF3	hF4	hB0	hB1	hB2	hB3	hB4	sec0	secMinus	secPlus	secOther	untMinus	untPlus	untOther	pure0	pureMinus	purePlus	flips	classMinus	sumW	minW	maxW	forced
6	1	0	2	0	0	dwell	0	512	349.999266862564	444.711812236589	358.684051482388	318.8452867988	0	0	0	0	512	512	787.749997163155	1261.04805335261	-593.772934018979	688.623753543421	300	134	2	3	73	0	0	0	0	0	0	0	0	0	916	451	17	0	0	0	0	0	0	0	0	0
6	1	0	2	0	0	dwell	1	512	383.685224869449	509.089651193436	391.990784274655	389.707807492794	0	0	0	0	512	512	765.336742020628	1193.32075441808	-593.913191362675	688.947249456467	282	121	2	3	104	0	0	0	0	0	0	0	0	0	979	447	29	0	0	0	0	0	0	0	0	0
6	1	0	2	0	0	dwell	2	512	392.054035263202	563.652846773152	380.12133789371	354.395116533076	0	0	0	0	512	512	764.904256208778	1187.59305115224	-593.643693568593	688.324348512085	262	128	11	4	107	0	0	0	0	0	0	0	0	0	989	443	15	0	0	0	0	0	0	0	0	0
6	1	0	2	0	0	dwell	3	512	378.522105908824	501.28299841827	385.719224757149	382.650432302554	0	0	0	0	512	512	764.152033849247	1185.26616174593	-593.924873560226	688.976763082111	272	128	10	3	99	0	0	0	0	0	0	0	0	0	920	419	12	0	0	0	0	0	0	0	0	0
6	1	0	2	0	0	dwell	4	512	368.378240529763	486.565481757411	376.073201948803	362.019666660871	0	0	0	0	512	512	776.958844909398	1227.03785971741	-593.597690341673	688.218400432682	273	137	4	3	95	0	0	0	0	0	0	0	0	0	938	464	15	0	0	0	0	0	0	0	0	0
6	1	0	2	0	0	dwell	5	512	380.172549096634	537.59386065129	380.767586108632	360.353811174256	0	0	0	0	512	512	773.528543321489	1222.79189587042	-593.929648486915	688.988483478507	283	126	4	4	95	0	0	0	0	0	0	0	0	0	949	454	21	0	0	0	0	0	0	0	0	0
6	1	0	2	0	0	dwell	6	512	386.727797341953	593.172580199397	381.44337932286	378.105516836228	0	0	0	0	512	512	779.297942512438	1237.13677052327	-593.522450058113	688.041819090551	262	138	5	5	102	0	0	0	0	0	0	0	0	0	934	491	24	0	0	0	0	0	0	0	0	0
6	1	0	2	0	0	dwell	7	512	411.938513773823	701.060382618589	401.922390673869	425.903318479929	0	0	0	0	512	512	780.684921586339	1239.58053797265	-593.808006907612	688.705850315656	276	119	4	7	106	0	0	0	0	0	0	0	0	0	890	467	18	0	0	0	0	0	0	0	0	0
6	1	0	2	0	0	dwell	8	512	406.189770023508	689.217364479264	387.603019138109	383.76851388528	0	0	0	0	512	512	774.384049098377	1221.45948151892	-593.711593366713	688.482595516527	281	120	4	7	100	0	0	0	0	0	0	0	0	0	936	468	12	0	0	0	0	0	0	0	0	0
6	1	0	2	0	0	dwell	9	512	364.606177888507	473.595631749854	371.677128033116	338.654261918075	0	0	0	0	512	512	761.45530322644	1188.06285912739	-593.802663565946	688.692842026381	289	130	3	3	87	0	0	0	0	0	0	0	0	0	1086	454	28	0	0	0	0	0	0	0	0	0
6	1	0	2	0	0	dwell	10	512	383.675061596004	463.550843338302	386.987012043992	367.007209220906	0	0	0	0	512	512	770.82472158478	1208.88055572971	-593.632587035549	688.297451812892	301	104	5	2	100	0	0	0	0	0	0	0	0	0	977	470	22	0	0	0	0	0	0	0	0	0
6	1	0	2	0	0	dwell	11	512	394.760206541013	602.632446086182	389.021344028915	392.381853104764	0	0	0	0	512	512	779.3969299976	1240.72519345943	-593.707160382337	688.471697001521	273	126	3	5	105	0	0	0	0	0	0	0	0	0	969	525	25	0	0	0	0	0	0	0	0	0
6	1	0	2	0	0	dwell	12	512	367.888883647889	412.974796964782	374.780056239091	339.903661593633	0	0	0	0	512	512	775.638893680851	1222.27840880882	-594.06775258919	689.308304557505	279	127	1	1	104	0	0	0	0	0	0	0	0	0	918	451	25	0	0	0	0	0	0	0	0	0
6	1	0	2	0	0	dwell	13	512	345.882785683822	335.937097079172	364.661628616972	317.669203943552	0	0	0	0	512	512	760.71314039695	1183.06990224356	-593.800649374643	688.687392466584	284	134	6	0	88	0	0	0	0	0	0	0	0	0	988	398	23	0	0	0	0	0	0	0	0	0
6	1	0	2	0	0	dwell	14	512	388.781492777265	558.646194824324	391.765016316488	392.272799969424	0	0	0	0	512	512	767.389390231851	1196.75987491459	-593.729175755628	688.523103228091	265	130	7	4	106	0	0	0	0	0	0	0	0	0	1011	475	18	0	0	0	0	0	0	0	0	0
6	1	0	2	0	0	dwell	15	512	365.316414475695	475.66614240744	373.475480463733	359.518113487048	0	0	0	0	512	512	759.331050938471	1179.67418023123	-593.827094849754	688.750234430809	286	131	4	3	88	0	0	0	0	0	0	0	0	0	1020	456	28	0	0	0	0	0	0	0	0	0
6	1	0	2	0	0	dwell	16	512	402.581899308203	692.069254638151	395.78608904034	420.80262406421	0	0	0	0	512	512	774.592223748343	1217.64584271435	-593.778214784717	688.635192452993	262	135	3	7	105	0	0	0	0	0	0	0	0	0	926	418	14	0	0	0	0	0	0	0	0	0
6	1	0	2	0	0	dwell	17	512	373.052002608513	457.783665678996	384.087596796573	361.909684647965	0	0	0	0	512	512	768.649858262574	1206.92369583124	-593.529626730347	688.058898637405	277	128	2	2	103	0	0	0	0	0	0	0	0	0	1016	483	22	0	0	0	0	0	0	0	0	0
6	1	0	2	0	0	dwell	18	512	367.908137229452	450.957501897827	373.910106777593	340.28293561835	0	0	0	0	512	512	783.615115833814	1249.47861347092	-593.798032705582	688.681376147487	274	134	1	2	101	0	0	0	0	0	0	0	0	0	927	507	20	0	0	0	0	0	0	0	0	0
6	1	0	2	0	0	dwell	19	512	404.779460122576	582.313601514568	401.763278919236	401.788952874974	0	0	0	0	512	512	760.497421099453	1184.0488980155	-594.181535828825	689.572031572118	272	114	7	4	115	0	0	0	0	0	0	0	0	0	959	410	23	0	0	0	0	0	0	0	0	0
6	1	0	2	0	0	dwell	20	512	365.384338493829	486.824907761734	373.232171689925	358.176077531002	0	0	0	0	512	512	777.832548547086	1236.26246432229	-593.810848150095	688.710095790255	252	149	13	3	95	0	0	0	0	0	0	0	0	0	925	477	23	0	0	0	0	0	0	0	0	0
6	1	0	2	0	0	dwell	21	512	382.35192929477	517.061276431242	386.414652852417	377.545003042197	0	0	0	0	512	512	779.539857851895	1241.3772964677	-593.755721735296	688.582396102066	257	137	4	3	111	0	0	0	0	0	0	0	0	0	938	508	26	0	0	0	0	0	0	0	0	0
6	1	0	2	0	0	dwell	22	512	361.967930628831	445.854621177065	371.676393160334	346.194293176186	0	0	0	0	512	512	779.915969031661	1238.85244693822	-593.833396426247	688.7641605976	256	147	8	2	99	0	0	0	0	0	0	0	0	0	948	462	14	0	0	0	0	0	0	0	0	0
6	1	0	2	0	0	dwell	23	512	415.882785683822	743.365037743264	401.339234995023	419.536580994919	0	0	0	0	512	512	772.52640744134	1215.99076642482	-593.322135824844	687.579117325632	272	121	8	8	103	0	0	0	0	0	0	0	0	0	1001	483	21	0	0	0	0	0	0	0	0	0
6	1	0	2	0	0	dwell	24	512	383.848343830073	508.89851990765	389.426496390549	376.591757997131	0	0	0	0	512	512	758.484870858798	1171.26607505576	-593.696551172652	688.448188998331	280	121	5	3	103	0	0	0	0	0	0	0	0	0	986	425	21	0	0	0	0	0	0	0	0	0
6	1	0	2	0	0	dwell	25	512	377.024618408194	493.486099080263	377.643707105567	350.528941178102	0	0	0	0	512	512	778.693817921821	1232.17187246437	-593.722436314727	688.506502748608	290	120	4	3	95	0	0	0	0	0	0	0	0	0	934	442	18	0	0	0	0	0	0	0	0	0
6	1	0	2	0	0	dwell	26	512	391.622439126018	529.899413720302	393.444474596801	386.010023827168	0	0	0	0	512	512	761.870778543945	1187.00658810967	-594.072124597886	689.318125481377	261	127	6	3	115	0	0	0	0	0	0	0	0	0	1012	433	29	0	0	0	0	0	0	0	0	0
6	1	0	2	0	0	dwell	27	512	405.09553477038	684.694080592521	393.598255694548	398.591975315594	0	0	0	0	512	512	769.258418934983	1207.13414624667	-593.549579051498	688.104583469751	283	118	8	7	96	0	0	0	0	0	0	0	0	0	1060	538	20	0	0	0	0	0	0	0	0	0
6	1	0	2	0	0	dwell	28	512	421.794648394761	643.877237803083	414.295303531237	424.996707841586	0	0	0	0	512	512	771.042815615188	1212.55426922196	-593.548132841409	688.103188474377	281	101	4	5	121	0	0	0	0	0	0	0	0	0	989	484	21	0	0	0	0	0	0	0	0	0
6	1	0	2	0	0	dwell	29	512	390.805771357569	663.010709225087	378.385256143221	373.402615476568	0	0	0	0	512	512	765.585608324389	1195.67201743007	-593.578123890985	688.174161167684	280	131	6	7	88	0	0	0	0	0	0	0	0	0	1004	472	33	0	0	0	0	0	0	0	0	0
6	1	0	2	0	0	dwell	30	512	379.222179222567	532.005387666024	375.712705253586	352.832417698481	0	0	0	0	512	512	777.76862926747	1235.28708564567	-593.586310907786	688.191337429087	292	121	4	4	91	0	0	0	0	0	0	0	0	0	927	473	21	0	0	0	0	0	0	0	0	0
6	1	0	2	0	0	dwell	31	512	416.670036597263	675.033778954959	406.234501168061	413.04384795933	0	0	0	0	512	512	770.416197231577	1214.58883236377	-593.758845043523	688.591450777102	273	114	3	6	116	0	0	0	0	0	0	0	0	0	1025	446	32	0	0	0	0	0	0	0	0	0
6	1	0	2	1	1	up	0	512	412.111796007892	598.133117478593	420.224881710298	467.483805084762	697.507030912602	1892.1043309294	689.742908209991	1195.46316320816	512	512	795.322116248721	1285.51981187384	-593.727453578972	688.518804978662	263	114	8	4	123	200	249	26	3	34	33	0	469	10	950	504	15	2	0	25	51	0	489	0	2	0
6	1	0	2	1	1	up	1	512	414.155328169759	666.34286595773	406.43875927155	413.329487551996	701.586077893544	1829.68038969797	699.492930285531	1188.88689239252	512	512	793.210578522904	1277.71757229796	-593.916235847581	688.955369927402	277	111	9	6	109	193	263	24	5	27	41	0	460	11	923	444	10	4	0	31	61	0	482	0	2	0
6	1	0	2	1	1	up	2	512	413.522105908824	630.926017383932	407.399037999981	416.656638328447	711.786631051969	2090.60809141508	701.693190113517	1279.39106490638	512	512	775.572725021936	1223.07440263567	-593.776070775595	688.630579075836	280	108	3	5	116	202	230	31	10	39	46	2	454	10	994	439	21	1	0	25	46	2	472	-1	2	0
6	1	0	2	1	1	up	3	512	458.67613456133	857.854184599951	441.50477194553	512.170901616748	637.209136881035	1494.23913687285	643.084076430975	994.754322970971	512	512	786.394962933076	1253.76397069735	-593.922826122415	688.972434749738	260	103	4	9	136	225	235	18	3	31	51	1	450	10	859	439	14	6	1	39	88	1	469	-1	2	0
6	1	0	2	2	2	up	0	512	397.494721708505	560.792529435187	396.52643788816	385.898643874346	687.035854646965	1972.84267659097	668.376465555965	1148.44849686656	512	512	800.350211796619	1302.40531105388	-593.53168251681	688.067680690211	293	106	7	4	102	214	218	29	9	42	73	3	928	20	922	507	27	0	0	22	42	0	965	0	4	0
6	1	0	2	2	2	up	1	512	402.840213211317	606.364148062297	402.82590697831	404.654042064069	614.28208589791	1421.0236137308	617.45244492869	943.00705222829	512	512	804.361410349323	1311.79680255623	-593.706792626233	688.47043129207	292	107	6	5	102	223	224	17	3	45	72	1	923	28	841	479	20	0	0	28	52	0	978	0	4	0
6	1	0	2	2	2	up	2	512	416.094575081018	605.290103470953	417.211161051152	433.632403748419	669.75218919822	1766.1947891701	652.092923539442	1077.49807384743	512	512	808.29817655874	1329.2450293894	-593.7317863255	688.526197296061	269	110	1	4	128	218	232	24	3	35	68	6	921	29	838	476	23	0	0	32	54	0	973	-1	3	0
6	1	0	2	2	2	up	3	512	442.899046921333	799.722035304342	432.721346645313	507.33440760067	649.713682035094	1658.50432101335	640.020274864403	1016.52355118559	512	512	783.873698691613	1252.63854749985	-593.447155515008	687.869256682807	252	116	3	8	133	220	224	22	7	39	98	1	907	18	903	425	30	0	0	37	62	0	942	0	3	0
6	1	0	2	3	3	up	0	512	392.120886316011	558.931779651794	402.865504144334	409.099181533422	616.902152541349	1315.54867284779	627.979677792446	938.821031529674	512	512	806.965182588026	1320.92895251604	-593.808468535672	688.706282889106	281	119	3	4	105	228	238	14	4	28	100	3	1397	36	847	450	19	0	0	30	54	0	1467	0	5	0
6	1	0	2	3	3	up	1	512	414.232342496012	558.885664982161	420.743721531324	441.022587203158	618.043985265721	1388.48126367853	627.148495837994	954.205371648032	512	512	799.770627551892	1302.65587380884	-593.911104913259	688.943946488406	285	97	2	3	125	230	229	16	3	34	97	1	1420	18	903	419	19	0	0	33	62	0	1455	0	4	0
6	1	0	2	3	3	up	2	512	427.015528100076	617.303848077409	428.298484400675	457.25630012338	612.372255841659	1343.26529982768	624.122108295725	942.243464439658	512	512	800.733259144701	1302.51952901665	-593.849185080854	688.801105812287	276	95	8	4	129	231	230	15	2	34	79	1	1420	36	854	390	19	0	0	33	62	0	1491	1	4	0
6	1	0	2	3	3	up	3	512	424.47247578289	652.350411719211	424.331351036736	455.020163500565	614.512055911343	1453.14023905802	615.253246276877	947.030667760683	512	512	802.14419967725	1309.86037081783	-593.853652227667	688.808482816821	271	105	5	5	126	232	216	18	3	43	121	4	1379	32	842	407	24	0	0	34	58	0	1439	0	5	0
6	1	0	2	4	4	up	0	512	400.85444179414	503.854180468266	408.980542133451	402.641765817208	597.210209846361	1113.27640018135	622.855685609119	914.791162616509	512	512	803.585304003937	1313.36273725732	-593.573791144456	688.161695136499	275	108	5	2	122	208	256	9	3	36	141	2	1868	37	855	376	22	0	0	36	67	0	1940	1	6	0
6	1	0	2	4	4	up	1	512	410.585964617581	634.020479188987	408.6726585149	417.149756443606	660.941619393838	1817.53668694484	644.699678065116	1068.1465277924	512	512	816.148872208576	1351.97998053369	-593.887584603673	688.888679258779	264	121	1	5	121	224	210	26	9	43	134	5	1867	42	872	433	15	0	0	24	41	0	1947	1	6	0
6	1	0	2	4	4	up	2	512	407.581899308203	625.876352253801	409.434522543759	426.018433967697	682.401672696667	1760.07728242528	663.049236680678	1074.25239722012	512	512	824.007909015575	1374.0715015187	-593.546859194668	688.099173021628	270	119	2	5	116	199	253	23	3	34	135	0	1870	43	803	396	18	0	0	33	60	0	1956	1	6	0
6	1	0	2	4	4	up	3	512	429.740952959449	731.294976057847	419.332168004258	448.364468682242	616.518153875409	1387.25997826862	632.202888869627	989.245537963147	512	512	811.124744412855	1333.66584677581	-593.936646763331	689.003969246007	274	107	5	7	119	227	229	16	3	37	154	4	1841	49	864	400	27	0	0	29	52	0	1936	1	6	0
6	1	0	2	5	5	up	0	512	454.884818338511	769.846198129672	452.896636643546	521.778679485488	648.763312161028	1578.80498496873	642.940864604078	1010.82396281919	512	512	823.163181805569	1369.40583900692	-593.72849903701	688.521584150295	285	83	2	7	135	237	228	20	5	22	156	2	2365	37	810	384	16	0	0	29	54	0	2438	2	7	0
6	1	0	2	5	5	up	1	512	459.260686385694	882.98632563219	448.435723075814	529.4617740272	610.874768341029	1335.38857710373	630.149185229534	983.495507473981	512	512	818.128994479807	1359.96696925139	-593.891347235318	688.898810189414	282	91	8	10	121	237	223	15	8	29	177	2	2338	43	850	409	17	0	0	28	52	0	2422	1	7	0
6	1	0	2	5	5	up	2	512	468.330643058518	836.036447997861	455.981395951152	531.399973912173	678.321552750399	1954.71007832319	648.170868070952	1093.29880645438	512	512	839.130715406557	1426.16744995302	-594.028869374577	689.217923585088	261	90	8	8	145	223	209	29	8	43	175	4	2328	53	781	432	15	0	0	39	70	0	2430	2	7	0
6	1	0	2	5	5	up	3	512	459.049969953824	703.575247589625	463.682723383138	532.426149209631	600.634635054152	1390.17216428071	608.450574575112	937.155611688747	512	512	838.584746497709	1425.72521890681	-593.585913189195	688.189967532416	288	70	3	5	146	239	207	17	5	44	165	4	2331	60	795	444	16	0	0	32	58	0	2447	1	7	0
6	1	0	2	6	6	up	0	512	442.092542426329	793.041765425239	433.975537715945	490.201404004279	543.484671711024	1110.52559485455	567.279854717398	804.56080567881	512	512	831.167786702986	1401.33331810275	-593.417310598036	687.800573255185	264	109	3	8	128	249	185	12	7	59	250	7	2743	72	784	399	18	0	0	25	44	0	2881	2	8	0
6	1	0	2	6	6	up	1	512	409.433968619763	663.797414417137	410.683459080582	433.556228557291	610.96996328352	1509.34244590736	593.604739462878	889.177827116817	512	512	832.438314263751	1403.29832566475	-593.725289038977	688.51314492788	269	121	5	6	111	253	196	20	3	40	247	2	2765	58	814	405	14	0	0	30	56	0	2880	2	8	0
6	1	0	2	6	6	up	2	512	452.082379152884	837.47634977479	439.004225405417	492.860104231795	538.63870036353	961.750879697131	556.386640476056	746.312171350505	512	512	832.324831166754	1411.50425434019	-593.593408956012	688.208785522227	279	95	6	9	123	249	204	8	2	49	168	4	2832	68	849	386	20	0	0	35	53	0	2965	3	7	0
6	1	0	2	6	6	up	3	512	421.487664055075	608.078126657713	429.534898451505	456.570921269126	614.973068903535	1422.16685098502	610.672886312436	929.776381668538	512	512	824.346687814508	1385.23272303475	-593.419568193724	687.804514567767	280	98	4	4	126	221	224	17	5	45	236	2	2769	65	881	436	16	0	0	25	43	0	2898	1	9	0
6	1	0	2	7	7	up	0	512	462.044944955084	682.193438121906	468.676616854517	534.907330692533	603.619446781966	1397.38901781253	604.20623948018	909.555669762699	512	512	839.711549694546	1432.81883005799	-593.524402724191	688.044792190443	268	77	2	4	161	234	211	17	5	45	265	5	3239	75	802	364	21	0	0	28	54	0	3385	3	9	0
6	1	0	2	7	7	up	1	512	481.181752680715	831.608964569308	481.207874670782	589.638807681668	624.089550082277	1538.83291902212	609.450302904093	935.377554704713	512	512	842.866055103907	1432.74097231538	-593.739019856977	688.546546315673	242	90	5	7	168	233	211	20	6	42	246	5	3257	76	795	359	19	0	0	29	52	0	3404	4	9	0
6	1	0	2	7	7	up	2	512	485.480606401646	978.175253373984	469.573376284705	572.079315807051	604.396534421963	1357.65642202376	599.716812266735	870.164508467271	512	512	862.748314654946	1507.21443783766	-593.499914147374	687.991196584144	251	97	4	11	149	250	213	16	1	32	210	4	3280	90	710	354	20	0	0	32	56	0	3456	3	9	0
6	1	0	2	7	7	up	3	512	481.834228523214	905.061733666781	475.259770598978	580.779865870385	610.154368480396	1473.13623962535	605.058889506101	916.200859333033	512	512	845.922026561733	1448.31948171773	-593.794937643793	688.6753029951	242	98	3	9	160	251	201	19	3	38	215	6	3266	97	742	338	20	0	0	38	62	0	3454	3	9	0
6	1	0	2	8	8	up	0	512	493.963865319453	985.260394187308	473.434950104668	566.372927117354	563.226357807909	1116.73624954139	573.600576831586	809.578170836053	512	512	848.270121681971	1454.40337513519	-593.610060906662	688.245825093376	266	81	5	11	149	231	212	11	5	53	258	7	3740	91	765	350	21	0	0	25	46	0	3915	3	10	0
6	1	0	2	8	8	up	1	512	463.522105908824	784.296310579298	459.303853216772	523.356077294878	596.872735686341	1311.52161194862	593.318354019384	861.378560316509	512	512	864.361791593225	1509.00112944239	-593.547451540335	688.102701468658	284	77	3	7	141	240	213	15	6	38	269	4	3711	112	703	323	16	0	0	29	48	0	3932	5	11	0
6	1	0	2	8	8	up	2	512	457.706511105701	777.227575151962	459.720629608584	524.856688005954	587.812942286962	1292.81739505373	583.900714637242	850.74257457939	512	512	863.646698788122	1508.15719018565	-593.86866089236	688.84387975501	278	85	3	7	139	250	204	15	4	39	280	8	3723	85	722	346	13	0	0	32	54	0	3885	3	10	0
6	1	0	2	8	8	up	3	512	466.410649728822	823.958836419278	462.538237676827	533.455576071733	538.293208860717	1072.34555565906	551.042461999695	754.291377082968	512	512	857.406043330811	1487.37408502857	-593.329424583041	687.595755960927	284	78	5	8	137	238	192	11	4	67	284	4	3731	77	797	384	21	0	0	28	48	0	3881	4	11	0
6	1	0	2	9	9	up	0	512	477.265824660398	856.786342985268	475.465203259623	567.541554941738	599.866637722274	1459.4573042677	581.22389045138	869.167528676926	512	512	858.466006712711	1491.30292031075	-593.785992700822	688.654373038252	251	91	5	8	157	241	196	19	5	51	317	6	4200	85	730	339	29	0	0	28	50	0	4364	5	11	0
6	1	0	2	9	9	up	1	512	470.576874309462	773.70075733146	476.652700734697	579.991413084452	536.671109562589	1029.43247170263	554.488965850753	764.413005838513	512	512	854.111250303278	1478.34731261499	-593.39400016348	687.746615327709	254	87	3	6	162	244	191	10	8	59	295	7	4208	98	813	341	19	0	0	26	44	0	4397	5	11	0
6	1	0	2	9	9	up	2	512	480.431935965074	885.835114302747	473.616501634972	567.286232804668	591.757214196961	1483.39699188775	568.027716294451	831.021121104885	512	512	867.64943083005	1532.3512606312	-593.180934694159	687.253223444396	280	75	3	9	145	238	187	20	4	63	309	9	4187	103	771	386	29	0	0	20	36	0	4386	4	12	0
6	1	0	2	9	9	up	3	512	442.44712423726	711.946418070902	452.19051467302	504.767674554121	563.52317887415	1255.27149454097	561.74743152717	809.7441844633	512	512	890.992030409524	1611.01704578176	-593.853808759065	688.809720151986	285	87	5	6	129	243	189	15	4	61	292	7	4198	111	672	411	12	0	0	26	48	0	4415	6	12	0
6	1	0	2	10	10	up	0	512	492.476541092268	874.700753199775	496.020836264744	611.360871575936	551.910169884141	1226.04842563744	551.688572075426	791.517069658876	512	512	884.478812693014	1580.05770559336	-593.707832801355	688.471784280848	269	69	4	8	162	263	172	15	6	56	337	9	4660	114	646	353	17	0	0	32	53	0	4880	5	13	0
6	1	0	2	10	10	up	1	512	477.322512439762	880.637331068132	470.306888760531	553.587658392256	540.116934282596	1153.97748666611	538.524724128537	738.819019311178	512	512	870.868714705466	1533.61841069633	-593.16179564171	687.208504228876	281	77	2	9	143	224	190	13	2	83	307	6	4703	104	806	356	25	0	0	20	34	0	4905	6	12	0
6	1	0	2	10	10	up	2	512	453.071256190077	770.781898712117	459.445429564948	545.658690645171	604.607250853833	1500.03867633196	579.829391068761	846.383344571597	512	512	885.898345089951	1583.1238913879	-593.603381091756	688.230712044327	272	91	6	7	136	252	193	20	1	46	333	8	4642	137	630	367	15	0	0	30	56	0	4910	5	14	0
6	1	0	2	10	10	up	3	512	491.392469112585	878.660845638487	482.575729411138	574.086543554492	536.536334491647	1060.07681279469	541.663417988671	728.324600944281	512	512	884.817340784723	1584.67773771643	-593.55007852466	688.106746153525	256	78	4	8	166	259	183	11	4	55	334	7	4648	131	689	337	15	0	0	24	42	0	4902	6	14	0
6	1	0	2	11	11	up	0	512	513.772402469146	949.614726837169	511.084904755959	642.124767965905	567.486704365713	1261.47459933465	556.438724495684	775.359268891826	512	512	882.630028403577	1577.87420276	-593.699322490016	688.453139690634	259	63	6	9	175	246	192	15	2	57	354	10	5156	112	669	310	12	0	0	24	44	0	5371	6	15	0
6	1	0	2	11	11	up	1	512	511.228277186634	1191.03422379544	488.608001964568	624.828156384962	539.185817990093	1001.04134537487	566.86965595243	794.219734796547	512	512	879.374020626543	1565.45352421869	-593.410050436503	687.783687064192	271	85	4	16	136	240	201	9	5	57	367	10	5092	163	727	307	22	0	0	17	32	0	5409	7	13	0
6	1	0	2	11	11	up	2	512	455.049010264462	674.475035911764	481.417400399564	574.426935318238	556.891989267904	1100.80365044728	576.380678250935	843.083225251879	512	512	885.121519707725	1581.14755095925	-593.492117667022	687.971117775733	258	88	3	4	159	243	203	11	5	50	352	10	5150	120	714	311	13	0	0	30	50	0	5380	7	13	0
6	1	0	2	11	11	up	3	512	481.017560754765	889.924695257537	487.133787134042	601.862682958007	625.576874309462	1649.36595221434	602.693774180297	946.327857702578	512	512	892.774303064042	1608.28702369878	-593.569550203605	688.154821563639	273	79	3	9	148	226	197	23	11	55	357	9	5142	124	674	346	16	0	0	25	42	0	5381	7	14	0
6	1	0	2	12	12	up	0	512	432.955734700697	696.517591857528	430.75054326746	457.294673179031	548.053075573839	1047.63469094703	543.997004990049	712.935729686786	512	512	894.916738416824	1614.35251724864	-593.832727240004	688.763240715764	286	94	3	6	123	252	200	10	2	48	404	11	5606	123	617	304	10	0	0	31	50	0	5842	8	15	0
6	1	0	2	12	12	up	1	512	465.79668104945	937.664379572246	441.770566561736	504.035792953843	532.246571078835	1054.22936277727	532.833473736107	720.983298950519	512	512	895.643811951251	1614.32802150899	-593.673082240084	688.39495324739	266	101	6	11	128	256	181	11	4	60	333	7	5688	116	666	284	15	0	0	32	52	0	5913	7	14	0
6	1	0	2	12	12	up	2	512	451.094575081018	697.797867520991	456.118739857177	521.900745837091	539.665011598523	1103.28390875766	532.646209645337	704.09870960603	512	512	908.589114783904	1665.28090965057	-593.395484668563	687.750205481759	269	87	5	5	146	257	183	12	1	59	382	7	5636	119	638	349	17	0	0	23	46	0	5863	6	15	0
6	1	0	2	12	12	up	3	512	453.781492777265	735.823585635339	452.881510861581	519.261318539982	522.390436457896	1111.43911538809	513.40902295454	680.391155687056	512	512	891.719026471158	1600.37360642339	-593.613485461833	688.252046305545	277	85	2	6	142	255	167	13	0	77	387	3	5650	104	694	308	17	0	0	31	56	0	5855	7	14	0
6	1	0	2	13	13	up	0	512	485.979053591638	896.014716921125	477.488094666896	571.074121014245	642.823105560407	1610.83735916359	608.206467337293	897.290800755534	512	512	903.86280863011	1651.59354882229	-593.610810416806	688.247759104307	279	72	2	9	150	227	225	21	1	38	433	13	6088	122	615	282	7	0	0	25	44	0	6319	6	15	0
6	1	0	2	13	13	up	1	512	454.137147553522	633.685678203553	464.926713185522	513.576003864816	540.60629116447	968.153542955674	560.911967214921	753.093845601261	512	512	913.947600092751	1682.63289503561	-593.4933835982	687.975666735265	269	79	0	3	161	242	208	8	2	52	445	12	6069	130	618	308	9	0	0	41	70	0	6318	7	15	0
6	1	0	2	13	13	up	2	512	455.15329551507	766.73533093863	456.573421201025	512.903641642417	600.203038916968	1467.58502581689	588.146343244398	882.335335687928	512	512	912.077837556792	1671.55005020134	-593.545918274087	688.097255929207	292	78	3	7	132	226	203	19	3	61	370	7	6163	116	638	304	12	0	0	35	62	0	6389	9	16	0
6	1	0	2	13	13	up	3	512	464.9051448854	765.513617214971	477.978439869954	579.415857179156	558.361132878852	1004.08969251029	580.329494650517	803.392788710094	512	512	910.929071573383	1676.72170961659	-593.594288566836	688.210862763213	247	94	7	6	158	228	226	8	2	48	472	13	6042	129	594	304	14	0	0	17	32	0	6288	8	15	0
6	1	0	2	14	14	up	0	512	477.985151555705	851.353966311395	470.233417129021	545.097068851294	549.291176206028	976.902099289944	562.724631772284	761.038899204689	512	512	920.379545059296	1706.4870180682	-593.627200932235	688.284320384477	270	80	1	8	153	253	209	8	4	38	425	9	6559	175	641	291	18	0	0	30	56	0	6904	10	17	0
6	1	0	2	14	14	up	1	512	469.337700711947	865.475909065991	472.485493437414	572.937975554976	522.72683765259	971.265287432627	541.751483731487	732.428318754804	512	512	928.266839257138	1739.58973389048	-593.310004631341	687.549989102538	282	81	5	9	135	244	187	9	6	66	453	11	6558	146	574	300	14	0	0	29	52	0	6840	9	17	0
6	1	0	2	14	14	up	2	512	485.182712370078	860.709176247168	485.744543550456	590.547149575193	569.492802329779	1269.70520160461	563.379009857645	814.621056278354	512	512	915.851228671815	1688.55453518797	-593.59598358002	688.215383464277	272	72	5	8	155	233	197	15	4	63	471	9	6549	139	590	262	11	0	0	27	48	0	6819	8	17	0
6	1	0	2	14	14	up	3	512	474.84738414071	778.620933945514	476.706888181397	553.324021476733	544.617414127277	1153.9588570777	548.149036334862	763.922094593592	512	512	908.53623957438	1662.87674661194	-593.381754033744	687.716952283891	258	81	4	6	163	241	187	13	2	69	490	8	6515	155	643	272	9	0	0	23	42	0	6815	8	16	0
6	1	0	2	15	15	up	0	512	515.729829996642	1132.89099480459	494.435604787138	645.966650888772	532.87979333977	1052.6173876167	539.232502182373	723.733806598387	512	512	932.026922126781	1749.80587779418	-593.547158558521	688.100449604213	259	82	3	14	154	261	179	11	5	56	477	9	7006	188	586	283	12	0	0	26	42	0	7374	11	18	0
6	1	0	2	15	15	up	1	512	459.328610403829	857.196090638067	450.700557296994	516.144320670331	564.252669042902	1184.15841554257	558.631006965031	775.633928039088	512	512	927.406429068841	1728.62970576402	-593.518948495319	688.035253102238	268	99	0	9	136	247	199	13	2	51	430	14	7068	168	614	245	15	0	0	25	50	0	7390	9	18	0
6	1	0	2	15	15	up	2	512	467.745018268827	720.807180249351	472.470859575569	536.166941758298	556.748123888842	1101.89544734112	562.398483819321	770.826676078958	512	512	932.658116741784	1753.0786765296	-594.06826862771	689.308896463263	284	67	1	5	155	240	204	11	5	52	451	14	7059	156	552	250	9	0	0	29	52	0	7358	11	17	0
6	1	0	2	15	15	up	3	512	521.210096570397	1221.98235098963	493.538078136099	648.579542085601	572.812942286962	1231.98147370372	565.959581240121	799.12944098937	512	512	913.328043231069	1684.96792276931	-593.270356224869	687.459610671906	243	97	0	16	156	250	198	14	4	46	538	17	6986	139	590	258	11	0	0	27	42	0	7247	10	18	0
6	1	0	2	16	16	up	0	512	473.742985614138	839.804960178618	473.842511675475	552.237518830659	548.916267848208	1115.19477264336	546.459428162966	744.062677382268	512	512	942.946178442983	1788.6244608646	-593.535999665153	688.073590345642	279	77	2	8	146	262	186	12	4	48	550	15	7457	170	526	251	17	0	0	21	36	0	7783	10	19	0
6	1	0	2	16	16	up	1	512	463.311389476954	753.106958655446	470.539211594403	537.536503850467	589.846311175384	1537.87414044644	562.966515797741	841.720530525607	512	512	942.936118912941	1780.82698460742	-593.785906178063	688.654371533576	274	80	2	6	150	267	164	22	6	53	554	7	7483	148	478	216	8	0	0	24	44	0	7772	11	18	0
6	1	0	2	16	16	up	2	512	520.010503101335	998.01960603476	512.58746034643	666.675470157194	548.954775011334	1228.24222183444	533.550365112362	721.218197031405	512	512	952.912316894007	1828.23492855134	-593.387768528266	687.732478002035	256	65	4	10	177	252	177	15	1	67	502	12	7484	194	527	272	18	0	0	32	60	0	7862	10	20	0
6	1	0	2	16	16	up	3	512	462.034781681639	710.792101121444	477.753755363955	567.441041221659	495.941619393838	777.760629002605	528.028643880862	674.96915987819	512	512	949.084737849393	1816.87548500963	-593.906141076167	688.932444602787	283	71	3	5	150	260	183	5	3	61	509	21	7491	171	552	255	13	0	0	27	54	0	7815	11	19	0
6	1	0	2	17	17	up	0	512	529.568743690706	1119.89365971581	522.223788098872	707.510106339981	556.920333157586	1205.39433110822	549.796957651622	750.777350595218	512	512	925.191858632891	1729.01876296611	-593.109227886361	687.085452591502	262	67	1	13	169	252	187	14	2	57	589	15	7927	173	609	241	22	0	0	24	46	0	8258	11	19	0
6	1	0	2	17	17	up	1	512	488.216194534464	767.044442731511	498.082879928907	599.22893826088	574.876800995718	1205.9384646541	567.44179250385	803.468436130239	512	512	946.780833805512	1799.16636005537	-593.369587511313	687.687622543639	254	70	4	5	179	238	210	13	2	49	579	4	7945	176	592	306	17	0	0	21	38	0	8294	12	20	0
6	1	0	2	17	17	up	2	512	520.289143551339	1003.36550737386	521.608366900653	683.493132422196	488.954775011334	725.430692340695	526.784997552794	678.228976627009	512	512	952.678071555693	1824.66427422559	-593.593112208003	688.206125383752	244	72	5	10	181	268	178	4	6	56	499	8	8035	162	530	227	5	0	0	34	64	0	8348	11	20	0
6	1	0	2	17	17	up	3	512	515.394501767274	955.445771468603	523.395314887604	695.331095672647	567.121959281337	1222.86706018387	570.044373436345	826.249893364815	512	512	951.29671593004	1824.21319383393	-593.461941923132	687.903066287073	253	66	5	9	179	244	193	14	9	52	592	18	7883	211	482	227	11	0	0	23	46	0	8280	10	20	0
6	1	0	2	18	18	up	0	512	455.499859983209	709.182350163296	456.377009533466	515.00050458932	524.281012932584	1077.07725350349	514.019179128159	669.596812259277	512	512	963.137772035657	1865.62823740023	-593.391806043508	687.741224349717	262	89	3	5	153	256	171	12	3	70	612	9	8401	194	489	241	12	0	0	28	50	0	8781	10	21	0
6	1	0	2	18	18	up	1	512	457.313422131643	782.330904844893	444.073292643381	486.729454195626	503.686297834775	863.514951736422	505.785506110897	615.417411165225	512	512	971.617943927618	1894.41973478562	-593.792211421078	688.667102185353	263	94	5	7	143	257	180	7	3	65	577	8	8427	204	423	185	14	0	0	26	42	0	8829	13	21	0
6	1	0	2	18	18	up	2	512	442.946644392578	645.745537479642	448.696668813189	490.815603489471	525.999380138528	1013.35397870645	520.310584032847	668.78324486566	512	512	964.35918931267	1862.41711885559	-593.659109184184	688.359350097034	272	86	8	4	142	241	185	10	7	69	474	11	8530	201	520	225	8	0	0	32	60	0	8921	13	21	0
6	1	0	2	18	18	up	3	512	482.601152889766	930.98323240723	468.638327615062	553.705064014413	491.574841654773	879.423595551383	494.760264520211	607.873121538034	512	512	955.02616667593	1837.40302559368	-593.703762106983	688.464268299564	269	85	1	10	147	257	167	8	2	78	604	16	8384	212	541	229	5	0	0	19	36	0	8793	12	22	0
6	1	0	2	19	19	up	0	512	490.499859983209	912.909624393	474.31063524703	552.587421975357	613.744058579465	1448.28790819033	604.260439460518	922.772656790836	512	512	959.159845842829	1855.86205616484	-593.340792001756	687.622776677387	258	82	2	9	161	238	212	18	5	39	656	12	8848	212	520	216	6	0	0	31	52	0	9264	13	22	0
6	1	0	2	19	19	up	1	512	465.374175220385	785.161941212956	476.655333073744	576.668778983097	550.653888635715	978.314515985646	570.073003502607	770.711413024097	512	512	971.654465002831	1900.0127063072	-593.432644257188	687.835854751378	287	73	5	7	140	258	210	8	1	35	628	16	8871	213	468	213	9	0	0	24	44	0	9284	14	25	0
6	1	0	2	19	19	up	2	512	488.004405137268	905.172592594452	492.407884585742	632.045041052292	566.814974941651	1261.23202768848	569.334115450346	824.909495589788	512	512	978.738191974077	1930.94555749964	-593.516393952295	688.028841191932	265	79	3	9	156	243	192	15	3	59	594	11	8957	166	444	230	8	0	0	33	56	0	9279	14	23	0
6	1	0	2	19	19	up	3	512	458.877760685081	674.240442472506	464.498800962698	503.934991087314	557.19897360759	1062.49189853329	565.95922186585	769.494932178542	512	512	978.204063644955	1921.23077382224	-593.477603992698	687.939459291322	276	75	0	4	157	252	206	10	3	41	570	11	8914	233	445	219	14	0	0	29	52	0	9371	14	21	0
6	1	0	2	20	20	up	0	512	485.873695375703	898.934452826381	476.027694575665	561.300973642651	559.003445447906	1106.11451681198	563.951016490228	777.576103689566	512	512	978.23450773829	1921.48378583374	-593.55256195993	688.109736223508	270	77	4	9	152	239	206	11	5	51	674	18	9328	220	463	191	10	0	0	18	30	0	9751	14	23	0
6	1	0	2	20	20	up	1	512	479.510982946016	852.57525172131	476.878734090734	566.928238908765	541.55558807321	1106.00408619805	540.597971631648	714.552528315669	512	512	991.703145537197	1974.98088917141	-593.266721078058	687.450667349139	273	77	1	8	153	258	184	12	1	57	640	8	9365	227	468	202	11	0	0	23	38	0	9812	15	23	0
6	1	0	2	20	20	up	2	512	492.341766021325	905.318486496518	489.552901754684	602.321610168369	574.482639056335	1306.22182527916	561.956713267135	794.705701037704	512	512	999.048766758385	2003.41113246472	-593.478587241182	687.94203241534	280	66	4	9	153	248	189	16	6	53	584	21	9431	204	420	233	8	0	0	25	46	0	9819	14	23	0
6	1	0	2	20	20	up	3	512	472.976061247586	850.965500763162	472.977329501772	571.421103071533	562.572809000084	1212.62759002603	556.822096689082	773.538811971548	512	512	990.770552384914	1972.663809842	-593.371444721321	687.695373527181	252	95	1	8	156	256	189	14	3	50	646	21	9342	231	472	203	13	0	0	20	38	0	9787	14	23	0
6	1	0	2	21	21	up	0	512	479.174581751322	881.50296170179	477.265444167497	587.519377079909	536.248603733524	1025.17836725737	548.258127121845	759.827499018144	512	512	997.84183029722	1998.09124958061	-593.376753617702	687.705546821882	284	73	4	9	142	253	188	10	7	54	749	19	9726	258	359	182	11	0	0	18	34	0	10223	15	24	0
6	1	0	2	21	21	up	1	512	472.72683765259	743.784131177905	482.146583995896	571.184325811709	534.271922624465	989.276375391237	545.183463268219	716.21980894514	512	512	996.058620983471	1989.95705751834	-593.56076447525	688.132178674021	248	85	4	5	170	250	195	9	3	55	688	15	9821	228	378	170	2	0	0	22	44	0	10263	13	24	0
6	1	0	2	21	21	up	2	512	484.107730698514	857.139773559107	489.396739067546	616.858760603385	550.729829996642	1225.42536664995	541.974469032696	738.683378163182	512	512	1000.34886443006	2015.91976146816	-593.420873753441	687.80637346561	277	70	4	8	153	263	173	15	3	58	724	22	9778	228	338	204	7	0	0	37	62	0	10212	14	24	0
6	1	0	2	21	21	up	3	512	521.824065249769	1071.19476851167	506.207764228307	654.048541191751	535.443172203845	960.400105771138	545.630993068577	725.650134423778	512	512	1007.06846095086	2040.19877978233	-593.515206661263	688.024292160402	261	69	2	12	168	240	205	8	2	57	635	20	9833	264	421	178	12	0	0	27	48	0	10344	15	24	0
6	1	0	2	22	22	up	0	512	525.835188212577	1182.86261177903	504.452121633565	674.92379600018	547.265824660398	1227.185459915	532.798546764874	730.500706394463	512	512	999.831871948894	2012.34415651471	-593.362441135662	687.67357477743	264	75	4	15	154	247	177	15	2	71	701	14	10298	251	382	174	16	0	0	26	48	0	10789	16	26	0
6	1	0	2	22	22	up	1	512	459.060133227269	712.032016119765	476.906355995711	565.614394477813	524.808876977584	1004.2475433935	537.767011897664	722.559799346034	512	512	1001.67456446047	2010.63499866099	-593.552724773697	688.113239838782	269	82	3	5	153	256	178	10	8	60	704	18	10306	236	356	177	8	0	0	25	44	0	10760	16	25	0
6	1	0	2	22	22	up	2	512	481.075321499454	892.706515467637	478.658673137293	578.302696603493	554.645758016959	1200.24798823399	555.260972961034	780.324870933898	512	512	1014.61424384487	2068.80616646148	-593.643393221439	688.323622214887	270	82	0	9	151	254	184	14	3	57	698	10	10314	242	379	201	12	0	0	19	36	0	10788	14	26	0
6	1	0	2	22	22	up	3	512	486.958840320712	799.794329455547	501.325374427488	616.048600709572	524.233415461338	1045.69677029385	532.189628837603	734.995340358607	512	512	1009.16576856806	2042.23385697787	-593.518257978091	688.033060454492	258	73	2	6	173	244	179	11	5	73	700	15	10319	230	375	187	6	0	0	27	46	0	10765	15	25	0
6	1	0	2	23	23	up	0	512	497.563718691966	857.702536693395	508.736169577722	643.345389128692	558.091582736966	1176.49145369281	554.682351462002	785.132799561575	512	512	1014.3970090009	2063.07957660141	-593.551400482677	688.110785578928	246	76	4	7	179	238	196	13	5	60	758	12	10809	197	319	149	10	0	0	32	60	0	11191	17	26	0
6	1	0	2	23	23	up	1	512	532.218227189153	1134.96905535535	532.848314711095	735.698935124755	545.203038916968	1009.80010411846	552.063450610612	735.264267417207	512	512	1010.76548372733	2052.04883869253	-593.449805080342	687.876319534106	235	81	4	13	179	246	205	9	2	50	806	17	10702	251	345	183	9	0	0	27	52	0	11187	16	26	0
6	1	0	2	23	23	up	2	512	522.72683765259	1045.42936608261	519.173534256955	668.594388191012	526.507990601965	976.732250108725	531.531023547026	688.82671590932	512	512	1021.32464002207	2092.24010878445	-593.782280629924	688.64321926005	244	76	0	11	181	250	190	9	2	61	720	15	10808	233	353	167	6	0	0	33	60	0	11260	17	26	0
6	1	0	2	23	23	up	3	512	523.609283508522	965.668387268283	530.9226005109	690.694474796851	478.715714689783	647.978817055875	507.698746619012	605.584289082056	512	512	1013.2618646469	2057.14513256659	-593.606541062466	688.238306559106	265	54	1	9	183	249	191	2	0	70	743	24	10768	241	351	168	7	0	0	24	44	0	11227	17	25	0
6	1	0	2	24	24	up	0	512	457.648750361011	737.416931207499	458.943930623564	522.92487646309	487.034781681639	898.65684620582	487.686887103793	596.123133352161	512	512	1028.0218681035	2120.1649010881	-593.032571139743	686.90833147003	289	75	1	6	141	275	151	9	4	73	763	16	11259	250	370	169	7	0	0	27	44	0	11744	18	27	0
6	1	0	2	24	24	up	1	512	462.601152889766	788.091879527539	463.216424421629	530.047250497015	479.309356822265	887.967267730041	482.636089934187	596.143170072589	512	512	1044.16991264684	2177.73819589718	-593.374198107511	687.699120302897	273	85	2	7	145	273	148	9	1	81	774	19	11247	248	292	181	4	0	0	33	52	0	11728	18	27	0
6	1	0	2	24	24	up	2	512	468.129016934766	760.288777212872	469.76509866992	550.532782819438	503.974028592897	972.524260333097	494.174316623246	599.718593720222	512	512	1036.19679905961	2151.71036247751	-593.443638720398	687.859732065115	277	75	1	6	153	255	167	10	2	78	747	19	11282	240	325	166	9	0	0	26	44	0	11745	18	27	0
6	1	0	2	24	24	up	3	512	484.069223535388	966.478129136724	466.395674270736	567.416972258453	537.044944955084	1134.59477099068	521.569218753845	681.69983685577	512	512	1012.08007701084	2058.82072492663	-593.432493092233	687.834432717913	271	85	5	11	140	252	175	13	6	66	852	32	11165	239	348	164	7	0	0	26	46	0	11612	17	26	0
6	1	0	2	25	25	up	0	512	482.313422131643	859.029355340234	473.768167694608	551.624587997418	622.285078241961	1569.3477715981	602.322237892422	937.624238389434	512	512	1037.78704837207	2156.32808121793	-593.459508248486	687.896837326956	267	78	3	8	156	242	204	21	2	43	799	21	11701	279	337	156	9	0	0	18	34	0	12238	18	28	0
6	1	0	2	25	25	up	1	512	505.336741022584	936.82802990849	502.204090086687	642.336010832182	609.348936950718	1482.41562560784	596.317211930999	908.177136658001	512	512	1034.82489448479	2143.2564432581	-593.24763886873	687.407699690699	256	71	6	9	170	222	208	19	8	55	781	20	11738	261	330	152	9	0	0	30	50	0	12241	19	29	0
6	1	0	2	25	25	up	2	512	496.843318831333	847.175257505669	504.102868112199	617.877316310383	559.953815321971	1111.72959759256	564.533759105731	768.621849572167	512	512	1030.58540222203	2129.88754003517	-593.329180362401	687.59440298201	268	63	3	7	171	234	211	11	1	55	820	12	11680	288	326	145	7	0	0	22	44	0	12248	19	28	0
6	1	0	2	25	25	up	3	512	492.313422131643	874.865276690246	498.723091721068	616.341402196049	542.314495096969	1081.30387286752	552.211008556388	765.512194555606	512	512	1046.05607719792	2184.50072903756	-593.462515453974	687.906958490383	267	70	5	8	162	234	197	11	3	67	789	12	11756	243	324	153	9	0	0	31	58	0	12233	20	28	0
6	1	0	2	26	26	up	0	512	497.908137229452	990.536225577619	489.488284505187	607.143728015855	580.662978943834	1351.87149206196	556.307538898774	778.36987314493	512	512	1028.58184949858	2114.9654706873	-593.4747220387	687.935005399839	270	76	4	11	151	252	189	17	3	51	868	28	12142	274	308	119	5	0	0	30	50	0	12665	20	29	0
6	1	0	2	26	26	up	1	512	490.950709701956	836.424036260182	489.745276273857	586.648181037284	530.019593409454	1043.40807158299	531.055361128759	702.83378468101	512	512	1059.59113436297	2247.81615923379	-593.542288059964	688.088917747005	270	66	3	7	166	274	174	11	2	51	775	12	12241	284	256	121	8	0	0	32	55	0	12796	19	29	0
6	1	0	2	26	26	up	2	512	485.019593409454	823.844876003276	487.57520570356	575.887441218321	526.057140883217	979.080367386871	528.908721362251	686.591519358374	512	512	1035.77284243534	2159.20140502391	-593.06657792367	686.987467532201	278	66	1	7	160	242	192	9	3	66	930	23	12075	284	292	137	6	0	0	24	44	0	12622	18	29	0
6	1	0	2	26	26	up	3	512	510.124951625388	1045.84531671207	495.942587158937	615.658223136437	506.901079576022	828.710959740788	532.776691016448	694.843742513508	512	512	1039.91512826262	2164.56129230976	-593.31763076554	687.570683770473	275	69	1	12	155	265	183	6	5	53	919	17	12073	303	276	110	2	0	0	27	50	0	12662	18	29	0
6	1	0	2	27	27	up	0	512	480.720739688523	825.526921112629	484.024682203657	586.87288653291	575.950709701956	1378.82536912896	547.353917968239	771.271788928016	512	512	1074.56493591778	2312.01274492355	-593.342919246207	687.624802733963	257	82	2	7	164	254	180	18	3	57	898	22	12585	319	221	123	1	0	0	24	44	0	13201	17	30	0
6	1	0	2	27	27	up	1	512	494.156401135085	883.287010245993	496.167111778022	615.965056831023	513.849416795399	990.379251980314	512.003169107763	664.858395447688	512	512	1056.03828948406	2229.766224676	-593.363330062299	687.675243610626	256	76	4	8	168	251	175	10	3	73	935	16	12561	312	252	110	6	0	0	27	48	0	13172	20	31	0
6	1	0	2	27	27	up	2	512	449.088477116951	763.678128310387	463.540522884665	554.878353901755	571.297274170095	1202.16152529427	568.025360706808	803.875317433245	512	512	1068.8104858723	2287.16622825947	-593.423484673544	687.813681907498	274	93	5	7	133	232	209	13	3	55	799	15	12708	302	277	124	10	0	0	22	38	0	13297	20	30	0
6	1	0	2	27	27	up	3	512	540.479533436319	1308.78100903115	514.458272754246	702.748539929595	564.712609069768	1285.44709772668	552.144729033444	786.482094866996	512	512	1073.39339584218	2301.22722459246	-593.533571990025	688.068760688365	276	68	5	18	145	261	179	16	3	53	783	19	12731	291	241	106	11	0	0	29	50	0	13297	20	31	0
6	1	0	2	28	28	up	0	512	508.484671711024	943.906967745154	504.570450806979	617.85936744625	516.910169884141	1059.40319073273	513.660825839999	668.846918330442	512	512	1074.52999306585	2309.7639896444	-593.697331079048	688.449556565376	257	70	1	9	175	267	161	12	4	68	864	20	13154	298	262	105	7	0	0	23	44	0	13730	21	32	0
6	1	0	2	28	28	up	1	512	511.305291512887	1046.46837569957	500.896009190917	636.62783346092	517.188810334145	990.638229012469	516.945512191483	668.621771359962	512	512	1049.26880096586	2208.09653950245	-593.292285692343	687.512370083878	275	67	4	12	154	263	173	10	3	63	1006	19	13026	285	261	104	12	0	0	29	53	0	13580	20	31	0
6	1	0	2	28	28	up	2	512	502.102705699773	896.593885441401	503.642205127197	631.320930644018	585.336741022584	1434.25597057258	555.183358312994	802.454236155736	512	512	1059.45065871438	2252.89743653165	-593.715373029744	688.491803280565	257	70	3	8	174	244	185	19	4	60	990	29	13000	317	236	81	4	0	0	33	53	0	13607	19	31	0
6	1	0	2	28	28	up	3	512	494.031789337587	848.250649013519	498.318667845644	609.505584064886	541.373215531022	1068.18590475548	534.438585965228	695.038263736105	512	512	1074.2540567377	2308.12343229596	-593.470057298764	687.922317721643	256	73	2	7	174	261	187	11	2	51	902	12	13124	298	197	131	4	0	0	24	42	0	13709	21	31	0
6	1	0	2	29	29	up	0	512	513.484671711024	951.82492842016	515.932412592613	656.071544940096	545.596127891025	1115.86306901457	536.079039920236	714.234952801841	512	512	1081.48911539721	2341.63823375668	-593.48164832372	687.949516758453	257	66	2	9	178	249	189	12	3	59	947	24	13553	324	196	102	3	0	0	17	34	0	14176	22	32	0
6	1	0	2	29	29	up	1	512	572.90011988666	1244.12072805201	568.314182074488	818.572540440309	538.253628732264	1165.69764757976	525.623391151663	708.948852431326	512	512	1077.85507524113	2325.29803680811	-593.551105701292	688.110219658606	223	63	4	14	208	269	166	14	4	59	886	17	13637	308	223	77	7	0	0	34	64	0	14239	21	33	0
6	1	0	2	29	29	up	2	512	532.131049589455	1085.74776168206	535.955337213143	736.395214355779	519.098640390396	920.148209001555	528.33703076274	688.283734697138	512	512	1088.64489997883	2367.81715785433	-593.409677831235	687.782392027126	262	59	7	12	172	267	182	8	4	51	910	11	13607	320	214	109	3	0	0	26	50	0	14236	20	31	0
6	1	0	2	29	29	up	3	512	547.274914968517	1219.65596478822	536.384770048182	729.855565768166	494.338773677273	846.967720833895	511.296551677499	660.342293227397	512	512	1076.98640136846	2324.96503788265	-593.320027144645	687.573311729548	265	60	1	15	171	257	172	7	5	71	966	35	13521	326	183	104	3	0	0	23	42	0	14141	21	32	0
6	1	0	2	30	30	up	0	512	527.054035263202	1037.09188365922	521.741333117893	673.450016858449	526.49782732852	1079.46838396294	504.098117224194	635.831732652768	512	512	1078.11604762783	2329.33030457661	-593.620051857229	688.270474220521	274	52	5	11	170	261	172	12	1	66	1028	17	14016	299	164	71	7	0	0	17	32	0	14599	22	34	0
6	1	0	2	30	30	up	1	512	524.281012932584	1040.02182197381	523.933042275737	688.394120522885	499.061206192595	902.608083151711	495.587897372355	606.029926492177	512	512	1102.85774716012	2432.09606260706	-593.453413063681	687.883454478241	260	64	2	11	175	232	181	8	3	88	952	25	14071	312	150	86	5	0	0	32	62	0	14673	21	34	0
6	1	0	2	30	30	up	2	512	526.430976275712	1047.16062734993	530.176031846018	719.723568801978	507.841286176644	1085.28390049429	493.87784684313	635.849925327805	512	512	1094.06227480228	2390.58180891134	-593.312058984601	687.555774574455	250	68	4	11	179	255	154	13	4	86	961	21	14046	332	184	72	4	0	0	30	52	0	14694	23	35	0
6	1	0	2	30	30	up	3	512	531.046977609773	1126.78989344577	526.957512396007	730.955036097668	496.651855981026	891.024042044541	499.198979739653	624.457993519923	512	512	1077.88597286809	2324.14705741785	-593.661293339136	688.364128664674	249	73	4	13	173	249	173	8	3	79	974	27	14040	319	200	80	9	0	0	18	34	0	14655	23	33	0
6	1	0	2	31	31	up	0	512	518.130089900093	892.563294740158	532.587024136715	684.521097275692	514.089550082277	956.815174983001	513.067884310893	662.472574742947	512	512	1098.19211157061	2407.04410487647	-593.494989138703	687.978634133887	244	62	5	7	194	245	181	9	5	72	1000	20	14526	326	125	80	3	0	0	29	48	0	15152	23	36	0
6	1	0	2	31	31	up	1	512	570.376321151037	1205.95709424251	573.780436892647	817.262293474647	474.779460122576	767.382345205274	485.954095414644	583.693175360943	512	512	1109.31351343572	2457.57165212976	-593.579609479042	688.173584307199	221	63	2	13	213	280	153	6	7	66	959	20	14574	319	130	92	3	0	0	24	42	0	15189	24	34	0
6	1	0	2	31	31	up	2	512	522.467450784149	1003.90209102657	540.745935994269	737.880002398415	479.31952009571	748.175702346153	498.219940413657	594.775487028992	512	512	1107.7353702062	2447.90116175081	-593.509982022032	688.016073181552	251	66	5	10	180	266	170	5	1	70	985	22	14548	317	128	80	4	0	0	31	54	0	15159	24	35	0
6	1	0	2	31	31	up	3	512	553.724804997901	1166.96151785723	547.286450393303	744.417154214813	523.877760685081	999.61295160692	520.799886582443	673.609738063196	512	512	1097.71271697349	2418.3601432197	-593.494443137693	687.978327287673	243	60	5	13	191	268	176	10	3	55	1081	24	14393	374	130	73	3	0	0	30	52	0	15119	24	35	0
6	1	0	2	32	32	up	0	512	551.748123888842	1093.97748666611	552.473452542912	756.784325532579	462.745018268827	712.86261177903	479.054876356407	572.934923605312	512	512	1120.41624911041	2503.60350643444	-593.651816743308	688.342413535704	240	56	4	11	201	280	151	5	4	72	1033	19	14947	385	109	65	3	0	0	19	30	0	15699	24	36	0
6	1	0	2	32	32	up	1	512	567.543392145076	1285.2989796222	551.720760893579	771.787821427031	487.707584071027	840.748210654229	491.490190714631	598.573095212968	512	512	1101.20839071068	2433.07066132907	-593.437045862006	687.844823846296	272	44	3	16	177	245	171	7	6	83	1089	19	14960	316	108	56	2	0	0	26	50	0	15575	22	35	0
6	1	0	2	32	32	up	2	512	547.016601065402	1120.03069812505	543.56380271217	723.683026092213	451.487664055075	766.832008682732	463.84296792031	543.64379982078	512	512	1093.29476032128	2390.0959472767	-593.659247051672	688.359910067844	247	60	1	12	192	280	135	7	1	89	1046	27	15024	287	115	49	1	0	0	28	46	0	15573	25	35	0
6	1	0	2	32	32	up	3	512	568.868670376963	1189.65021078373	565.515510018809	771.956714784653	445.710576415079	650.398309882463	451.475133657993	489.490735096666	512	512	1108.87374847955	2454.18101862215	-593.667324248099	688.379693844637	250	45	4	13	200	276	145	4	4	83	991	24	15071	298	128	52	2	0	0	25	46	0	15645	25	35	0
6	1	0	2	33	33	up	0	512	601.143245517589	1427.66129874234	576.541947692671	825.986508952942	471.352888984132	866.177016209178	476.435421943847	594.971221303201	512	512	1129.4601194424	2550.39972193129	-593.456641176073	687.892110545287	240	48	2	18	204	287	134	9	6	76	1047	24	15472	353	85	47	4	0	0	28	50	0	16158	26	39	0
6	1	0	2	33	33	up	1	512	564.598160545714	1221.78546569936	566.378567479046	803.146711124531	468.225284842583	727.816497109397	470.697440847781	532.356835128135	512	512	1113.81853952057	2476.25607193087	-593.3714217578	687.693194076348	242	57	4	14	195	268	160	5	3	76	1117	27	15419	333	98	50	1	0	0	15	30	0	16062	26	36	0
6	1	0	2	33	33	up	2	512	552.170629717908	1061.20276737701	556.37015380768	741.19520098253	489.396534421963	878.887011898667	483.13262521372	591.573746018388	512	512	1120.39698923677	2505.98172123134	-593.796148264723	688.677783648795	239	54	0	10	209	250	168	8	2	84	977	23	15613	283	80	30	2	0	0	40	70	0	16158	25	38	0
6	1	0	2	33	33	up	3	512	565.576874309462	1220.7451091659	562.115323439796	792.564032960773	449.607250853833	735.513168242803	452.601005921589	509.502613762424	512	512	1118.34937079056	2495.21849097572	-593.450183868315	687.876003180977	246	53	6	14	193	264	145	6	0	97	1067	30	15469	330	82	61	3	0	0	31	60	0	16100	25	36	0
6	1	0	2	34	34	up	0	512	537.007510757283	1074.64223257682	542.803247674514	754.356161211296	498.062165881958	923.790334154565	492.825822528538	607.832207018846	512	512	1134.11964845807	2562.67760953527	-593.586182690213	688.194571669063	229	74	3	11	195	262	165	9	2	74	1096	33	15896	383	49	32	3	0	0	22	42	0	16631	27	37	0
6	1	0	2	34	34	up	1	512	531.728870307279	987.240899708045	541.465020341346	725.131506266738	467.380273184451	756.363719748554	468.602627902031	532.302159015067	512	512	1144.88254332098	2619.71622311163	-593.30670542733	687.54342044696	245	60	3	9	195	282	150	6	2	72	1075	19	15936	378	65	34	0	0	0	28	50	0	16675	26	38	0
6	1	0	2	34	34	up	2	512	580.298233859458	1387.42803156116	563.136025120501	817.682176639506	502.965897974142	964.153967137732	485.251618902371	583.384099940996	512	512	1147.20655162896	2625.22362726963	-593.301759887787	687.531478234979	250	56	4	18	184	267	160	10	5	70	1049	20	15961	378	58	43	1	0	0	18	34	0	16697	23	38	0
6	1	0	2	34	34	up	3	512	562.428943621023	1176.63734759487	569.251999642217	816.703167536907	469.875728030392	727.018712222107	472.711767015961	541.259012135196	512	512	1143.93234599113	2604.7890566493	-593.541385768469	688.087427086895	253	47	6	13	193	275	158	5	4	70	1095	21	15908	384	52	40	1	0	0	21	41	0	16662	27	36	0
6	1	0	2	35	35	up	0	512	588.475581402905	1300.58946182668	596.970782556157	890.919054542247	474.395461456637	839.120258421419	469.208115210753	551.160815299005	512	512	1159.80175129339	2679.09109057628	-593.431024018286	687.832952206666	235	48	4	15	210	283	145	8	2	74	1079	35	16413	393	43	10	0	0	0	20	34	0	17162	29	39	0
6	1	0	2	35	35	up	1	512	613.207104226346	1454.4830347771	616.112230289109	966.79204739998	473.906104574763	876.695868217826	463.069133771422	531.460758342288	512	512	1143.56907472712	2614.67425271803	-593.829426869505	688.753165624379	220	50	7	18	217	277	142	9	2	82	1141	22	16429	328	30	23	1	0	0	25	46	0	17063	25	39	0
6	1	0	2	35	35	up	2	512	604.502965603224	1370.6963419801	597.291866954076	873.744716883341	478.052002608513	846.55307580409	470.799989322716	553.857941534786	512	512	1148.25659563042	2632.72432016362	-593.450734985193	687.877693077162	218	51	4	16	223	277	148	8	5	74	1156	26	16336	402	20	18	0	0	0	21	40	0	17119	26	39	0
6	1	0	2	35	35	up	3	512	555.712722345731	1042.02938426203	582.614059429017	828.733689226024	484.559653382588	870.777919937875	481.166484488274	591.729100082406	512	512	1143.42674055606	2611.65126875072	-593.591449907907	688.204296587776	210	64	5	9	224	248	164	8	4	88	1143	24	16388	365	32	20	0	0	0	34	58	0	17095	25	39	0
6	1	0	2	36	36	dwell	0	512	0	0	0	0	441.55558807321	650.988558097979	450.397834666854	526.830390752083	0	0	1152.23610004652	2647.3218412387	-593.41883481518	687.802047572244	0	0	0	0	0	258	148	4	5	97	1165	15	16896	356	0	0	0	0	0	32	52	0	17596	29	40	0
6	1	0	2	36	36	dwell	1	512	0	0	0	0	440.605218199144	682.455516642391	441.467789882244	486.134975835899	0	0	1146.23292384688	2619.83764343037	-593.490048981731	687.969591222388	0	0	0	0	0	263	140	5	6	98	1187	27	16847	371	0	0	0	0	0	11	20	0	17562	26	40	0
6	1	0	2	36	36	dwell	2	512	0	0	0	0	462.092542426329	824.740215920579	453.323655092524	532.181552732868	0	0	1146.54319454774	2624.37526021898	-593.399980678753	687.760067644024	0	0	0	0	0	268	141	8	3	92	1215	24	16814	379	0	0	0	0	0	28	48	0	17553	27	41	0
6	1	0	2	36	36	dwell	3	512	0	0	0	0	438.531196216942	737.123796486862	435.718588706556	479.902227190916	0	0	1161.8312972324	2688.93739906594	-593.532962079545	688.067615750685	0	0	0	0	0	294	118	7	5	88	1126	29	16886	391	0	0	0	0	0	22	42	0	17641	27	40	0
6	1	0	2	36	36	dwell	4	512	0	0	0	0	441.449156891949	712.059501200992	433.483435493619	463.339086674315	0	0	1148.97254762196	2634.48911953975	-593.535419418182	688.074951384116	0	0	0	0	0	282	130	6	4	90	1205	22	16824	381	0	0	0	0	0	26	50	0	17565	28	40	0
6	1	0	2	36	36	dwell	5	512	0	0	0	0	448.253628732264	652.40717777034	446.464484116766	486.991367964338	0	0	1168.40677853246	2718.98187613123	-593.645816147065	688.329907143366	0	0	0	0	0	277	144	4	8	79	1130	27	16881	394	0	0	0	0	0	27	54	0	17644	28	40	0
6	1	0	2	36	36	dwell	6	512	0	0	0	0	467.985151555705	835.491437166067	454.658268812759	530.038750767858	0	0	1155.77174640067	2666.87165278685	-593.676483381849	688.39898057996	0	0	0	0	0	266	146	8	3	89	1138	28	16917	349	0	0	0	0	0	30	52	0	17589	26	39	0
6	1	0	2	36	36	dwell	7	512	0	0	0	0	441.53526152632	708.21249189237	441.304017500504	483.242306695142	0	0	1157.56857734383	2670.37827014983	-593.488522781836	687.964204972436	0	0	0	0	0	292	127	6	3	84	1144	22	16857	409	0	0	0	0	0	28	50	0	17656	29	40	0
6	1	0	2	36	36	dwell	8	512	0	0	0	0	447.015528100076	760.221808752415	443.362247501686	492.597730491204	0	0	1160.39978410614	2684.76457257989	-593.673658987565	688.393157127408	0	0	0	0	0	276	132	7	3	94	1102	25	16965	340	0	0	0	0	0	27	48	0	17621	29	40	0
6	1	0	2	36	36	dwell	9	512	0	0	0	0	455.681159560071	805.125131008313	449.594461576425	514.687020961739	0	0	1163.85139212059	2704.85619168015	-593.620304959941	688.26906541614	0	0	0	0	0	288	129	8	3	84	1147	22	16868	395	0	0	0	0	0	24	48	0	17640	27	39	0
6	1	0	2	36	36	dwell	10	512	0	0	0	0	464.62543147007	929.511825457982	441.719737459662	490.904620830927	0	0	1158.02753949684	2676.84087010464	-593.167027713666	687.218333493106	0	0	0	0	0	284	123	11	2	92	1242	18	16757	415	0	0	0	0	0	12	24	0	17572	27	40	0
6	1	0	2	36	36	dwell	11	512	0	0	0	0	439.021626064143	641.423587288013	440.95650961599	475.751599059894	0	0	1175.64157168876	2745.87003008318	-593.634719746104	688.304248508135	0	0	0	0	0	271	142	4	4	91	1091	17	16960	364	0	0	0	0	0	26	48	0	17675	28	39	0
6	1	0	2	36	36	dwell	12	512	0	0	0	0	417.245498113509	559.473688995258	428.048506038423	450.663483236121	0	0	1163.17699096928	2701.2532406038	-593.309209759841	687.550008494902	0	0	0	0	0	293	123	3	4	89	1131	27	16886	388	0	0	0	0	0	31	56	0	17636	27	40	0
6	1	0	2	36	36	dwell	13	512	0	0	0	0	407.399526766015	550.976131486233	418.144132620402	434.409746684779	0	0	1141.44243291026	2590.770160549	-593.862004208034	688.83225552258	0	0	0	0	0	273	122	3	6	108	1135	29	16919	349	0	0	0	0	0	34	64	0	17591	29	39	0
6	1	0	2	36	36	dwell	14	512	0	0	0	0	435.815934631013	705.726907891237	434.007717609531	472.915032095408	0	0	1159.61382105712	2675.29401225175	-593.642822123243	688.324281085011	0	0	0	0	0	273	128	6	6	99	1117	34	16916	365	0	0	0	0	0	33	56	0	17615	29	39	0
6	1	0	2	36	36	dwell	15	512	0	0	0	0	434.942579083201	666.765489194444	435.477921856805	479.77948916274	0	0	1164.14583969357	2693.23860841341	-593.814693805004	688.720165702435	0	0	0	0	0	278	131	5	5	93	1075	23	16935	399	0	0	0	0	0	32	58	0	17710	28	40	0
6	1	0	2	36	36	dwell	16	512	0	0	0	0	456.247530768198	808.287438559736	449.448155101324	518.673118211447	0	0	1144.93693407698	2614.54898840042	-593.508616935982	688.011970176077	0	0	0	0	0	282	131	8	4	87	1213	42	16839	338	0	0	0	0	0	28	54	0	17470	28	39	0
6	1	0	2	36	36	dwell	17	512	0	0	0	0	445.105698043825	682.436887053985	443.633361272968	479.668840444885	0	0	1161.22081536071	2684.26884804883	-593.713250817644	688.489197322063	0	0	0	0	0	280	137	5	6	84	1114	24	16919	375	0	0	0	0	0	33	55	0	17643	29	39	0
6	1	0	2	36	36	dwell	18	512	0	0	0	0	436.852409139451	707.46837156788	444.641302965295	508.014918810367	0	0	1158.44182744789	2671.164899387	-593.525870647779	688.050307252654	0	0	0	0	0	274	129	6	5	98	1188	26	16834	384	0	0	0	0	0	26	47	0	17577	28	40	0
6	1	0	2	36	36	dwell	19	512	0	0	0	0	426.910169884141	546.139328718623	436.747183171874	458.369151686274	0	0	1154.04491171901	2648.29886704579	-593.421382625945	687.810122434621	0	0	0	0	0	279	140	2	4	87	1126	22	16921	363	0	0	0	0	0	27	48	0	17626	29	39	0
6	1	0	2	36	36	dwell	20	512	0	0	0	0	437.457287510705	675.403186601043	440.3292636807	482.519557314108	0	0	1150.7964485895	2636.93782331689	-593.704574026003	688.465082199982	0	0	0	0	0	266	136	5	7	98	1187	21	16854	370	0	0	0	0	0	26	48	0	17571	29	39	0
6	1	0	2	36	36	dwell	21	512	0	0	0	0	403.963865319453	546.134003027875	419.492966744951	440.498133264696	0	0	1155.947227578	2664.17303575549	-593.439635001224	687.849066357767	0	0	0	0	0	274	121	3	3	111	1181	20	16847	384	0	0	0	0	0	30	50	0	17597	29	40	0
6	1	0	2	36	36	dwell	22	512	0	0	0	0	452.226244531945	836.411160676267	440.035980884643	500.509116133331	0	0	1151.44510723248	2638.23906265526	-593.336843875674	687.613520260832	0	0	0	0	0	286	123	9	2	92	1171	30	16837	394	0	0	0	0	0	15	30	0	17598	28	39	0
6	1	0	2	36	36	dwell	23	512	0	0	0	0	455.019593409454	739.228464832929	448.66354508996	497.239147400472	0	0	1158.1854164966	2676.67328803594	-593.793881603787	688.672430572994	0	0	0	0	0	274	144	6	2	86	1169	24	16850	389	0	0	0	0	0	19	34	0	17608	28	41	0
6	1	0	2	36	36	dwell	24	512	0	0	0	0	428.052002608513	582.016488019689	430.429354788285	441.516540256412	0	0	1173.2316038418	2740.39006182067	-593.668365040156	688.380063683709	0	0	0	0	0	285	135	3	2	87	1100	28	16897	407	0	0	0	0	0	25	46	0	17686	30	40	0
6	1	0	2	36	36	dwell	25	512	0	0	0	0	425.374175220385	610.59874563324	434.465210137311	463.398134925172	0	0	1156.11827267354	2669.13754309693	-593.316585924448	687.569131790429	0	0	0	0	0	291	126	4	2	89	1140	36	16842	414	0	0	0	0	0	30	56	0	17630	26	40	0
6	1	0	2	36	36	dwell	26	512	0	0	0	0	449.520073254135	797.484776953868	443.610376144522	502.688435883419	0	0	1166.49129457768	2710.21987177843	-593.444753936508	687.864595840905	0	0	0	0	0	283	127	8	2	92	1155	26	16804	447	0	0	0	0	0	32	58	0	17676	28	40	0
6	1	0	2	36	36	dwell	27	512	0	0	0	0	446.824065249769	618.76682784758	457.146753863271	502.782081102935	0	0	1150.58013560878	2639.76905635369	-593.481979417351	687.952265960799	0	0	0	0	0	273	153	3	2	81	1162	20	16871	379	0	0	0	0	0	27	50	0	17610	26	40	0
6	1	0	2	36	36	dwell	28	512	0	0	0	0	439.654848325078	676.893651452441	438.98688902666	473.085139033436	0	0	1175.8263785633	2759.9314737773	-593.753591524779	688.577069154459	0	0	0	0	0	276	137	5	2	92	1108	25	16851	448	0	0	0	0	0	31	58	0	17722	25	40	0
6	1	0	2	36	36	dwell	29	512	0	0	0	0	444.539326835698	679.274579502562	450.136064055034	497.586636098274	0	0	1158.4147574235	2671.02759111811	-593.773988992156	688.625194502484	0	0	0	0	0	286	135	5	5	81	1146	20	16874	392	0	0	0	0	0	30	53	0	17638	27	40	0
6	1	0	2	36	36	dwell	30	512	0	0	0	0	458.416747692889	853.43555666422	447.304685834238	502.836073663986	0	0	1154.52874239792	2655.78176255524	-593.592732786951	688.205580284025	0	0	0	0	0	271	133	9	2	97	1127	19	16910	376	0	0	0	0	0	23	47	0	17646	26	39	0
6	1	0	2	36	36	dwell	31	512	0	0	0	0	463.762239195702	824.843096641342	447.034996193599	496.539608347742	0	0	1164.44367613148	2703.92225617525	-593.613978103084	688.254549908894	0	0	0	0	0	270	139	8	7	88	1126	27	16881	398	0	0	0	0	0	25	40	0	17649	28	39	0
6	1	0	2	37	35	down	0	512	595.616454437915	1360.28437012489	593.893353689158	884.868539789697	467.227317497272	727.929580239486	476.295367350244	552.190342886907	512	512	1144.25591014138	2605.11669286683	-593.717868496325	688.494217952298	211	63	1	16	221	265	161	5	2	79	1113	21	16426	360	26	11	1	0	0	27	50	0	17127	27	39	0
6	1	0	2	37	35	down	1	512	569.415788003526	1154.82981340211	584.97922458956	829.039359973499	435.393428801948	664.417371916297	443.830950375136	482.245099947812	512	512	1133.20597220342	2561.11749084608	-593.697954354383	688.452277275386	249	41	5	12	205	286	129	5	4	88	1137	28	16409	346	33	26	1	0	0	30	50	0	17073	27	39	0
6	1	0	2	37	35	down	2	512	559.061206192595	1108.89633702208	579.018586242204	813.192494860188	459.875728030392	785.293653931452	463.845997551743	547.823916936125	512	512	1148.72666453033	2628.9603790826	-593.647079028649	688.332520863459	236	54	2	11	209	267	144	7	4	90	1106	19	16436	359	28	11	1	0	0	31	54	0	17138	28	39	0
6	1	0	2	37	35	down	3	512	603.293208860717	1434.80010411846	594.745915551867	886.916173828482	464.789623396021	797.085231710396	465.455765028313	543.482470135451	512	512	1143.59600460191	2614.26056545322	-593.274537456208	687.468046087639	230	52	4	18	208	261	151	7	2	91	1178	29	16326	387	26	17	0	0	0	18	33	0	17074	25	39	0
6	1	0	2	38	34	down	0	512	568.514088566032	1307.80098966775	553.654273117731	777.14543722604	501.430976275712	970.46217685459	503.805458858728	664.825973381808	512	512	1150.48830191432	2642.4345832845	-593.592656579467	688.204094492195	225	73	3	16	195	246	166	10	6	84	1042	16	15956	394	61	28	0	0	0	34	66	0	16733	27	37	0
6	1	0	2	38	34	down	1	512	571.421885967593	1163.06041567207	582.17029756291	840.977148498071	469.089550082277	737.251979403285	473.033162995194	549.461376249951	512	512	1129.01665223727	2548.2105829876	-593.807031724932	688.701725153811	236	47	7	12	210	249	167	5	4	87	1133	28	15930	317	67	34	2	0	0	30	54	0	16539	26	36	0
6	1	0	2	38	34	down	2	512	579.646830982285	1255.87727085656	570.993075820188	815.142029982526	500.519113564772	966.754858471373	486.559759843864	595.087986435233	512	512	1132.88418910285	2555.32492311059	-593.809163452176	688.708010918375	225	58	1	14	214	257	165	10	0	80	1029	18	16013	348	69	26	2	0	0	30	50	0	16692	27	37	0
6	1	0	2	38	34	down	3	512	567.237480770716	1154.29322974939	567.202180589763	787.405789030491	448.876687719755	679.447081199943	458.236872620687	508.307791917375	512	512	1128.29565568472	2543.40576381604	-593.305654487054	687.542668469758	242	47	5	12	206	305	133	5	2	67	1089	34	15899	386	45	16	1	0	0	23	44	0	16643	26	37	0
6	1	0	2	39	33	down	0	512	572.99531482915	1269.7996551463	558.184220980647	764.645654676923	469.444131893208	804.404965962977	478.704782182206	589.64498073447	512	512	1122.25980080842	2519.37508456449	-593.449417677013	687.874601092328	247	52	3	15	195	258	153	7	6	88	1110	22	15395	369	76	51	1	0	0	21	38	0	16111	23	36	0
6	1	0	2	39	33	down	1	512	519.473548748216	930.103869562172	542.356165491925	728.487479350469	464.779460122576	751.573031650577	475.087780882271	563.974720550308	512	512	1121.38476965468	2513.10509522633	-593.445760665797	687.865974975172	246	64	4	8	190	284	148	6	1	73	1054	21	15490	331	71	52	0	0	0	34	54	0	16131	26	36	0
6	1	0	2	39	33	down	2	512	533.514088566032	881.714518464657	555.539247683144	730.456532911124	436.075321499454	636.061280562927	454.723923705648	509.008285150749	512	512	1128.50104994896	2536.04145274957	-593.849959354095	688.801599759624	249	45	2	6	210	274	140	4	2	92	978	18	15548	352	96	26	0	0	0	32	56	0	16240	26	36	0
6	1	0	2	39	33	down	3	512	550.433008930401	1086.89012165037	554.612958059458	747.656111900459	483.637627398204	1006.83555914323	471.238682881549	584.026872678327	512	512	1113.6986991425	2479.29371763502	-593.65162236681	688.343780786936	251	50	4	11	196	262	140	12	2	96	1099	17	15428	352	77	42	0	0	0	24	46	0	16116	25	36	0
6	1	0	2	40	32	down	0	512	571.737960615398	1339.60497340001	555.850511556189	781.69021020648	480.26881700445	811.888774733861	477.284060554712	561.730319383993	512	512	1105.08050380765	2436.21231923783	-593.561712311279	688.133340872158	247	61	2	17	185	286	153	7	2	64	1004	23	15063	294	108	53	2	0	0	19	36	0	15628	25	35	0
6	1	0	2	40	32	down	1	512	551.642765672908	1133.97926189636	554.904006363681	766.622083444899	471.103665389136	833.133117478593	475.828455797875	572.668730658419	512	512	1116.33285279773	2491.82370499744	-593.307277692027	687.545029114269	231	66	3	12	200	279	141	8	7	77	1022	26	14978	358	103	70	2	0	0	25	42	0	15671	23	36	0
6	1	0	2	40	32	down	2	512	518.599120235077	986.295874002185	529.878691988894	699.842573498086	482.639660052892	858.673700563976	490.373292114097	614.154210388338	512	512	1107.73801044232	2449.23161461015	-593.697023299162	688.446452653929	272	54	9	10	167	267	155	8	5	77	1020	21	15046	297	97	55	2	0	0	28	56	0	15623	25	36	0
6	1	0	2	40	32	down	3	512	509.96290563009	876.692338415752	532.035761954513	697.37292841757	479.405624730082	744.302085242215	485.579852024052	565.85646776561	512	512	1104.37295565008	2438.22161918974	-593.633153834141	688.301967466782	252	64	2	7	187	272	166	5	4	65	1020	20	15073	271	115	54	4	0	0	31	60	0	15597	23	35	0
6	1	0	2	41	31	down	0	512	512.486704365713	914.855972225256	534.826586077936	716.455342593042	487.486704365713	801.128697995552	501.84512824749	614.106660159797	512	512	1102.11570968425	2424.3904059097	-593.692058395246	688.433846317565	254	64	4	8	182	258	174	6	1	73	956	22	14588	306	155	83	1	0	0	26	44	0	15179	23	35	0
6	1	0	2	41	31	down	1	512	550.038846991017	1224.28212939573	534.56752674333	718.078745332729	506.603185544455	933.630687382673	509.939649538837	648.81194922953	512	512	1107.57172960859	2447.94067691176	-593.904381070545	688.930816489559	265	58	1	15	173	270	167	9	4	62	946	20	14600	306	127	72	2	0	0	23	44	0	15193	22	34	0
6	1	0	2	41	31	down	2	512	546.718707033834	1150.78634711695	547.563330652426	759.935923207394	521.094575081018	1105.2524159804	508.169341305547	659.995212349666	512	512	1102.53457386669	2433.03346078242	-593.348658407233	687.643648705438	252	59	6	13	182	261	162	13	3	73	1067	28	14438	339	158	85	0	0	0	31	56	0	15090	19	34	0
6	1	0	2	41	31	down	3	512	538.609283508522	1063.55974014797	537.860548373242	712.259798627404	526.401559420704	1148.96948780077	519.153370134647	693.889149108025	512	512	1108.31759468705	2450.54257808088	-593.405904800807	687.773778991498	261	53	2	11	185	262	160	14	4	72	938	31	14585	318	143	84	3	0	0	29	56	0	15193	22	34	0
6	1	0	2	42	30	down	0	512	525.633562088826	1181.19919625808	504.449553116859	649.625990981859	499.684265180086	966.676810315677	486.80367913367	585.034124976657	512	512	1110.56068801705	2463.52285680653	-593.566628887779	688.144137016171	268	73	3	15	153	252	165	10	2	83	892	26	14116	326	153	79	6	0	0	36	60	0	14739	22	33	0
6	1	0	2	42	30	down	1	512	543.868670376963	1112.97836808371	532.039408911253	704.665921392875	558.627464124759	1376.6426526272	521.346217904451	717.25560481708	512	512	1083.61157183951	2344.60191455971	-593.25910562549	687.435226305624	250	60	2	12	188	269	154	19	8	62	1015	21	13981	343	182	63	5	0	0	27	48	0	14642	22	32	0
6	1	0	2	42	30	down	2	512	528.340806331962	1050.80807819369	525.279787115991	692.797288390954	480.950709701956	820.588114910169	476.303926386517	549.90547290947	512	512	1098.97913663248	2409.39493454922	-593.812828712376	688.715673341011	250	67	3	11	181	270	160	7	1	74	859	31	14138	332	163	73	5	0	0	24	42	0	14771	22	33	0
6	1	0	2	42	30	down	3	512	517.716674379146	991.972597552474	517.32171409376	666.439976614223	505.864605067585	975.244437773489	501.901589769056	647.252265017083	512	512	1099.62098446075	2420.61310082839	-593.311858158684	687.555632869887	263	63	2	10	174	256	168	10	2	76	918	18	14083	341	186	101	4	0	0	25	48	0	14748	24	33	0
6	1	0	2	43	29	down	0	512	571.114901627907	1238.48081470637	557.666392804114	772.448369322868	492.304331823525	882.39477181702	499.788218847396	626.27901840828	512	512	1081.0847468266	2336.49801298606	-593.777320658689	688.63397081001	231	60	2	14	205	249	168	8	6	81	914	12	13601	321	194	99	3	0	0	30	52	0	14228	21	32	0
6	1	0	2	43	29	down	1	512	550.269889969776	1124.13668446583	538.943767069882	714.439569858859	528.897014266644	1008.45818568529	522.656310943152	672.638128208428	512	512	1072.05504392643	2298.10731109799	-593.306804932434	687.543464392512	249	56	2	12	193	267	180	10	3	52	1010	19	13487	332	209	84	3	0	0	19	36	0	14135	22	32	0
6	1	0	2	43	29	down	2	512	537.572809000084	1173.01117885568	525.668111649438	692.783776971107	514.742025924776	919.101649491439	522.061220329436	669.545551026735	512	512	1083.72286823401	2342.1490905695	-593.436713601878	687.842917660988	252	71	2	14	173	257	185	8	0	62	900	28	13575	345	224	112	5	0	0	14	26	0	14230	20	32	0
6	1	0	2	43	29	down	3	512	532.851449450088	1022.19078560574	533.98236260041	701.039080191564	499.971995938209	890.355745673329	511.384724211441	653.966372404024	512	512	1087.42201503617	2362.58769893789	-593.82320061686	688.739167531237	252	59	2	10	189	262	170	8	4	68	845	18	13704	281	185	91	2	0	0	27	47	0	14248	22	32	0
6	1	0	2	44	28	down	0	512	475.729829996642	810.052857515534	483.462306223441	578.35717254183	525.615381472589	973.898989538244	535.04371269916	703.753899798523	512	512	1057.04439311639	2234.8651945849	-593.452914223592	687.881547824821	271	76	4	7	154	252	188	9	3	60	897	26	13154	259	256	100	4	0	0	32	54	0	13649	21	31	0
6	1	0	2	44	28	down	1	512	535.499859983209	1058.30874132273	528.76612863955	715.346328848084	558.167524097893	1275.38057823839	538.275790224401	761.389037781324	512	512	1078.11195452204	2327.96610488283	-593.357263924066	687.659380782307	254	57	9	11	181	259	175	16	3	59	891	22	13117	306	212	104	5	0	0	28	48	0	13708	22	32	0
6	1	0	2	44	28	down	2	512	512.611316163211	986.974372782724	514.697762104551	677.328943777048	518.033821992276	925.035574843634	530.038179240089	702.905622899636	512	512	1071.41307074454	2296.40718866709	-593.454361433128	687.886256682206	254	72	3	10	173	253	187	8	3	61	900	20	13125	291	232	97	3	0	0	32	58	0	13687	22	32	0
6	1	0	2	44	28	down	3	512	516.901079576022	1029.90386212514	507.370214612855	646.248592475485	529.156401135085	1049.95885294602	529.962298814579	701.128144338999	512	512	1062.78923716546	2258.23742639997	-593.417941588942	687.803064264926	257	72	0	11	172	256	180	11	2	63	917	30	13085	304	190	111	5	0	0	24	40	0	13664	21	31	0
6	1	0	2	45	27	down	0	512	519.740952959449	1170.4479750126	500.705971418558	651.613932902674	529.10880366384	1018.57836973638	522.802091925649	673.084172309365	512	512	1048.60803623995	2205.94786584222	-593.181407003855	687.25554893913	270	76	3	15	148	244	188	10	4	66	954	15	12561	294	299	106	4	0	0	23	44	0	13140	20	30	0
6	1	0	2	45	27	down	1	512	477.735927960709	670.061733666781	497.490781281951	589.048947527538	518.79165605071	958.486568710858	529.395583463339	684.541175222298	512	512	1074.54733174021	2305.61224338228	-593.728550597202	688.523760132878	274	58	2	3	175	262	180	9	2	59	852	28	12657	287	210	136	6	0	0	31	56	0	13203	20	30	0
6	1	0	2	45	27	down	2	512	475.038846991017	771.827580936321	483.798115053842	576.620811238223	528.533342147595	985.890125782052	534.711522427976	702.367260711138	512	512	1068.28760443967	2285.79694576295	-593.386752467026	687.729181641485	273	71	5	6	157	236	196	9	3	68	840	17	12649	318	202	139	7	0	0	25	46	0	13271	18	31	0
6	1	0	2	45	27	down	3	512	510.375248185711	983.682576715223	502.961356263267	633.689372602257	548.207104226346	1017.91762325833	552.100879122441	742.549657590987	512	512	1055.61897176799	2232.9710673511	-593.247896354567	687.406854946939	254	74	2	10	172	236	209	9	5	53	911	22	12626	265	247	135	6	0	0	24	42	0	13137	19	31	0
6	1	0	2	46	26	down	0	512	488.705551416338	877.717166849133	496.83932738817	619.617800422934	499.703518761649	856.411181334693	509.554081380963	626.061689155321	512	512	1056.88671894303	2237.84429560498	-593.212605974997	687.325728423734	248	85	4	8	167	259	177	7	2	67	841	18	12158	295	251	124	13	0	0	22	38	0	12735	20	29	0
6	1	0	2	46	26	down	1	512	494.433968619763	909.728687253171	489.488656808605	588.979622607337	533.800746358828	1048.84842646377	529.884356145945	696.608128679271	512	512	1054.0140866941	2219.68523377833	-593.567015658034	688.145193584779	281	65	1	9	156	276	176	11	2	47	773	16	12234	289	259	133	10	0	0	35	64	0	12801	20	29	0
6	1	0	2	46	26	down	2	512	497.332675713206	920.792550093613	503.228761056305	640.911766801002	500.105698043825	917.86261177903	509.105398335379	650.014098109714	512	512	1041.56976518431	2176.45564835039	-593.633092774946	688.298832477986	266	72	2	9	163	280	158	9	5	60	912	13	12134	253	260	156	6	0	0	28	52	0	12628	18	29	0
6	1	0	2	46	26	down	3	512	468.24346545882	712.757506855849	480.625353085503	545.4283767433	530.087517427588	1054.62005252792	530.195975933511	709.93923227304	512	512	1054.68551942927	2235.10906326513	-593.456548470609	687.893175384472	304	54	1	5	148	248	183	11	3	67	885	24	12094	309	244	147	9	0	0	17	30	0	12689	19	30	0
6	1	0	2	47	25	down	0	512	504.088477116951	999.103853035431	492.133624024872	615.952622551458	560.106771009151	1140.16373710163	563.537778220696	787.926477663529	512	512	1032.74280151626	2131.70207897729	-593.565746776926	688.142807937634	274	69	4	11	154	251	200	12	1	48	820	14	11716	250	309	150	7	0	0	28	48	0	12204	18	28	0
6	1	0	2	47	25	down	1	512	462.208063915708	756.113169895477	478.252997513695	580.963548440481	564.3772808404	1145.05730592037	580.274427075205	835.502098977452	512	512	1036.437058703	2156.52893043579	-593.420473968571	687.807089129465	258	89	7	6	152	251	200	12	6	43	862	25	11643	270	310	155	4	0	0	24	42	0	12160	18	29	0
6	1	0	2	47	25	down	2	512	507.841286176644	1085.28390049429	492.328984224974	625.173305350785	573.600193200403	1237.73447017946	574.660748300624	821.680495744324	512	512	1041.58458897616	2173.73002310586	-593.621802547027	688.27198941413	255	86	4	13	154	239	202	14	5	52	803	13	11708	276	295	141	8	0	0	21	38	0	12252	17	28	0
6	1	0	2	47	25	down	3	512	473.656880979767	769.541106427884	477.850374320044	545.599612809522	546.949750012594	976.556646923015	560.527113555432	740.307514703742	512	512	1038.20650623774	2162.57041034952	-593.308277255293	687.547203897292	277	71	1	6	157	248	211	8	1	44	883	15	11648	254	296	129	4	0	0	25	44	0	12143	18	28	0
6	1	0	2	48	24	down	0	512	463.732822340694	852.541094032828	457.292060175049	533.239883824024	496.315454786332	882.896320495342	503.511420601147	625.176893898918	512	512	1026.71375745467	2117.69442405597	-593.410238897005	687.782626171013	290	80	5	9	128	264	166	8	5	69	743	13	11278	254	385	177	12	0	0	27	46	0	11774	17	27	0
6	1	0	2	48	24	down	1	512	450.979053591638	766.398305750778	452.938805761016	529.981767254543	485.365084912266	824.38988683507	499.072609276547	616.13570268782	512	512	1016.39400161688	2074.43364235983	-593.542357368147	688.088600365274	275	91	5	7	134	273	159	7	6	67	816	21	11180	271	354	170	10	0	0	24	46	0	11701	16	27	0
6	1	0	2	48	24	down	2	512	464.358027258837	726.223151537236	467.092305642518	552.118182629392	496.651855981026	965.161512899213	488.563159845802	597.456285205402	512	512	1020.83590493175	2097.00732890656	-593.767265332627	688.610184210619	256	86	4	5	161	245	166	10	1	90	770	20	11242	256	349	154	8	0	0	23	44	0	11735	15	28	0
6	1	0	2	48	24	down	3	512	475.431935965074	840.861722098062	465.09347898535	533.737512424487	525.662978943834	1042.30829648225	523.219904320995	690.542981749258	512	512	1023.80930571553	2097.84505542847	-593.319134268634	687.570238987467	284	73	1	8	146	256	175	11	6	64	799	20	11204	265	323	155	7	0	0	23	46	0	11714	16	27	0
6	1	0	2	49	23	down	0	512	550.15329551507	1324.99919295273	530.259930031839	738.799912258808	527.812942286962	975.362846594327	533.037602371101	696.970754126672	512	512	1015.47312369071	2072.31320025949	-593.200425554295	687.297578863321	280	60	1	18	153	258	188	9	2	55	833	12	10634	297	342	172	7	0	0	21	38	0	11218	15	26	0
6	1	0	2	49	23	down	1	512	542.016601065402	1037.97526659538	535.014551923841	678.797358907166	504.626504435396	934.78412704622	510.337675888773	647.314985377066	512	512	1001.72380009783	2015.00866747633	-593.04448885907	686.935518127352	251	53	2	10	196	263	170	9	1	69	849	22	10658	247	383	197	6	0	0	17	30	0	11127	17	26	0
6	1	0	2	49	23	down	2	512	506.881825994459	901.921157192093	519.496492469034	668.745623462023	558.79165605071	1207.18723514525	541.710492004769	736.266393539197	512	512	1014.594390288	2061.2982592006	-593.335387167136	687.609632782363	262	63	4	8	175	254	187	14	3	54	724	13	10795	244	381	162	12	0	0	29	50	0	11271	17	26	0
6	1	0	2	49	23	down	3	512	511.757214196961	874.77614883931	528.322845804271	678.266817408993	498.053075573839	820.126926896988	516.440797741919	660.659268761354	512	512	1024.56437113759	2103.84890476549	-593.229654911497	687.364519115473	258	57	7	7	183	252	182	6	4	68	746	19	10773	238	319	195	8	0	0	25	46	0	11231	17	26	0
6	1	0	2	50	22	down	0	512	501.305291512887	993.550415024559	491.459421174733	615.060143028437	566.776467778524	1259.37748088175	563.723268803304	816.416098724486	512	512	991.987330753729	1975.20742350865	-593.547141160761	688.101288823303	275	70	5	11	151	245	190	15	5	57	726	19	10278	241	453	199	11	0	0	22	40	0	10741	15	26	0
6	1	0	2	50	22	down	1	512	487.026764338847	773.950878870794	496.781353739652	604.036906997111	508.437074239779	838.389013680843	531.41171456281	691.423845847267	512	512	1010.58544111459	2050.96519252909	-593.504526260298	688.003207680169	236	83	2	5	186	249	190	6	5	62	694	25	10318	227	392	208	6	0	0	19	36	0	10746	17	25	0
6	1	0	2	50	22	down	2	512	485.902039265385	855.25019177798	492.569744552171	609.102314284068	517.170629717908	857.475493147303	533.716690310423	682.851602648289	512	512	988.2161263412	1967.53569212963	-593.032073999571	686.907144746128	287	62	5	8	150	243	201	6	1	61	784	12	10231	237	427	173	9	0	0	24	46	0	10696	15	25	0
6	1	0	2	50	22	down	3	512	481.794648394761	961.358394057805	469.912424974832	556.714051182496	584.482639056335	1359.16639374948	569.431773490338	829.602685522329	512	512	988.390420152075	1962.04776147226	-593.389642853183	687.735118528551	277	84	2	11	138	252	193	17	1	49	788	15	10242	219	411	162	11	0	0	24	46	0	10665	15	25	0
6	1	0	2	51	21	down	0	512	468.378240529763	756.250636618464	471.690410651343	534.862143326481	582.074361810092	1363.54200850391	574.603316878636	856.228794453278	512	512	1012.11819110532	2052.90100730632	-593.572589238547	688.159252736784	285	69	3	6	149	228	197	17	6	64	607	20	9875	250	369	217	9	0	0	28	52	0	10348	14	24	0
6	1	0	2	51	21	down	1	512	484.990176554446	888.571697129126	476.86904023832	557.402881462337	565.64372536227	1215.97082645391	552.513624156571	756.053766449837	512	512	996.995056534319	1993.36129999515	-593.408895858567	687.781507031754	290	65	4	9	144	257	189	14	6	46	680	17	9836	219	427	204	10	0	0	25	44	0	10260	15	24	0
6	1	0	2	51	21	down	2	512	486.152335825707	830.169491106122	496.591007395656	622.903286765137	494.089550082277	776.868390573631	518.950146429416	646.644960348918	512	512	996.662745574087	1992.04214750404	-593.746054445641	688.561259974659	266	72	3	7	164	253	183	5	5	66	629	20	9870	233	394	196	8	0	0	25	46	0	10313	14	24	0
6	1	0	2	51	21	down	3	512	455.249563422887	734.289658630469	464.509578751136	543.315965505391	594.510982946016	1553.67725102448	555.304163773982	814.667639598623	512	512	988.901649035393	1960.77986310504	-593.287964877468	687.500921029066	287	78	1	6	140	249	174	22	6	61	746	23	9728	255	430	202	10	0	0	22	40	0	10216	15	24	0
6	1	0	2	52	20	down	0	512	480.489696709764	925.64575824721	478.80547302068	595.574471333658	554.501892637898	1164.28435359815	559.879340087575	801.754175575578	512	512	966.302727831882	1882.66184093454	-593.113587796354	687.095123748716	269	85	5	10	143	255	189	13	2	53	747	9	9288	196	464	209	12	0	0	21	42	0	9669	13	23	0
6	1	0	2	52	20	down	1	512	520.557620727899	1074.39211103749	502.810591988305	643.365182230152	571.181752680715	1270.76196352406	565.480105808717	812.679855538213	512	512	991.410338864305	1972.40128152794	-593.46048574801	687.898795815397	247	78	4	12	171	238	197	15	3	59	647	21	9376	196	386	235	12	0	0	28	52	0	9748	14	23	0
6	1	0	2	52	20	down	2	512	482.82203259508	859.436450476872	483.384214183528	590.5177790404	570.999380138528	1269.99921361116	567.884785937662	817.113775553898	512	512	975.724818573341	1906.711469588	-593.715430689113	688.490528131525	268	77	3	8	156	237	196	15	5	59	637	18	9366	219	455	196	12	0	0	30	56	0	9790	15	23	0
6	1	0	2	52	20	down	3	512	451.977020936949	729.22979109101	468.185838723557	547.767904163161	572.630569744774	1342.41162617518	557.90626127878	796.746614027565	512	512	973.14719449578	1915.40180187219	-593.053000054057	686.955555721789	282	82	5	6	137	241	186	17	5	63	761	23	9256	200	481	225	12	0	0	17	32	0	9634	9	23	0
6	1	0	2	53	19	down	0	512	466.948677047267	796.694541959745	469.272540499038	550.793922637284	644.598160545714	1756.24223009781	620.258328090059	1013.96964768493	512	512	972.04552532806	1902.87385531051	-593.606550111577	688.239347263127	269	84	3	7	149	222	205	25	7	53	601	15	8881	231	475	215	17	0	0	27	48	0	9329	14	22	0
6	1	0	2	53	19	down	1	512	486.248603733524	871.834681857319	487.604012524573	592.234029981228	606.671109562589	1436.91362795735	589.453246119295	863.238708680047	512	512	977.181215021495	1918.48161969052	-593.697968802205	688.449708534914	253	84	3	8	164	240	208	18	2	44	606	11	8903	208	422	210	7	0	0	32	60	0	9311	14	22	0
6	1	0	2	53	19	down	2	512	482.111796007892	1005.61427373332	467.356569216508	564.4507842115	586.114901627907	1262.2613045267	582.856680712116	826.234597713312	512	512	961.59304131561	1857.89460145278	-593.230665506637	687.36814948835	259	99	2	12	140	235	215	14	1	47	651	16	8901	160	502	249	15	0	0	30	50	0	9205	13	22	0
6	1	0	2	53	19	down	3	512	477.034781681639	882.794317060492	475.714355850644	570.864035774105	585.855514759466	1183.67859794098	595.160941678623	852.733496548098	512	512	985.935402042321	1946.09727483526	-593.418439429579	687.801863224996	271	82	6	9	144	246	218	12	5	31	608	19	8865	236	443	216	12	0	0	28	52	0	9319	14	22	0
6	1	0	2	54	18	down	0	512	423.407657384771	583.126914501933	432.64627945368	456.036620962313	456.49782732852	709.095874828522	478.166833857039	558.964752300061	512	512	983.950843689297	1941.43913181575	-593.578763580771	688.174301867939	265	103	2	3	139	269	153	5	0	85	567	7	8458	184	410	238	8	0	0	31	58	0	8820	14	20	0
6	1	0	2	54	18	down	1	512	502.860539758207	1004.15574236798	484.857778251238	604.315179525095	492.495794673831	912.68345813282	493.540802488445	622.955569076837	512	512	964.739876723827	1869.08781416323	-592.961370421568	686.744180810849	258	80	4	11	159	264	159	9	4	76	636	18	8389	173	483	274	14	0	0	16	26	0	8718	12	21	0
6	1	0	2	54	18	down	2	512	439.693355488204	641.66615893418	443.913893827883	483.622287541358	491.978093902275	882.750426593277	494.187373966554	601.832437457186	512	512	963.170325358693	1857.74182422406	-593.583335881967	688.182669081995	274	89	3	4	142	249	169	8	4	82	585	10	8439	182	502	261	14	0	0	17	32	0	8794	13	20	0
6	1	0	2	54	18	down	3	512	452.831122903199	804.34597570943	445.670410251722	506.904024335363	536.670036597263	1161.72114975506	521.028985852997	685.756738747923	512	512	967.987012337275	1889.34938677227	-593.698227987958	688.449854612349	278	92	4	8	130	273	164	14	3	58	570	7	8459	180	450	235	16	0	0	23	40	0	8813	12	20	0
6	1	0	2	55	17	down	0	512	491.574841654773	879.423595551383	498.553509831279	615.454353213113	553.340806331962	1238.67282327806	539.059362754279	746.794026520369	512	512	946.858514864136	1811.42950191454	-593.725168536968	688.515735697888	257	78	2	8	167	242	182	15	4	69	534	13	7973	184	542	252	15	0	0	32	58	0	8330	12	21	0
6	1	0	2	55	17	down	1	512	526.776467778524	1121.86971683171	509.268623582337	661.470563487522	575.317487441021	1269.24444190517	555.652561806484	763.126500014178	512	512	960.82607263702	1857.08372962775	-593.427274201942	687.823839517364	245	79	3	13	172	257	193	15	3	44	497	12	8028	167	509	246	12	0	0	37	60	0	8350	12	20	0
6	1	0	2	55	17	down	2	512	506.709616725716	835.504312749981	520.700026294675	665.495615282902	553.839253521955	1230.62314988456	544.173909572677	753.65202911241	512	512	948.477489897052	1812.73338411374	-593.495234075951	687.97887283564	250	63	4	6	189	262	175	15	4	56	547	18	7947	192	532	226	4	0	0	28	48	0	8315	13	19	0
6	1	0	2	55	17	down	3	512	514.645758016959	988.602753329277	517.471195655201	680.366855922891	531.046977609773	1015.62359885673	536.80271989141	712.2419878572	512	512	951.998046956136	1826.40836030641	-593.493631318334	687.977021574461	258	68	3	10	173	261	185	10	1	55	570	13	7947	174	490	252	13	0	0	29	54	0	8282	10	20	0
6	1	0	2	56	16	down	0	512	503.320479785073	1068.38899302242	483.786181295053	601.004414531394	563.456327821342	1148.85287486861	567.734084887625	795.683621294805	512	512	937.640490870866	1766.36942651442	-593.831626455587	688.762032698537	276	76	4	13	143	240	204	12	5	51	566	7	7431	188	531	256	14	0	0	21	38	0	7800	10	18	0
6	1	0	2	56	16	down	1	512	478.705551416338	787.743774644448	483.353214963363	570.921645440073	509.626504435396	905.620048396232	537.605238906573	729.336094521423	512	512	950.553693914112	1823.37856912981	-593.30037212106	687.531161382549	252	82	4	6	168	263	176	8	5	60	483	8	7481	220	544	282	24	0	0	23	42	0	7914	11	20	0
6	1	0	2	56	16	down	2	512	483.474508437579	932.889219574345	476.727205537086	580.779420876043	574.942579083201	1407.53711525859	554.622675543174	800.041524601151	512	512	932.249124058966	1754.67914870311	-593.22357542454	687.349653567582	268	85	1	10	148	266	170	19	3	54	538	11	7483	160	615	277	17	0	0	18	34	0	7795	11	19	0
6	1	0	2	56	16	down	3	512	481.219186878516	965.725581633156	477.817796632522	598.740351106587	565.452262511964	1259.8462187881	560.241531227049	790.540383918302	512	512	947.255666967229	1804.75875948151	-593.35391459306	687.654683201487	265	92	2	11	142	242	192	15	2	61	536	13	7450	193	486	274	17	0	0	32	60	0	7824	10	19	0
6	1	0	2	57	15	down	0	512	484.184745024767	786.711396317901	491.953814494022	594.0798516042	530.682232525397	977.042667501261	534.8315518439	686.580753563208	512	512	929.252230146153	1738.86521768598	-593.677669872759	688.402103963528	277	63	2	6	164	263	187	9	4	49	470	9	7062	139	559	277	9	0	0	31	60	0	7332	10	17	0
6	1	0	2	57	15	down	1	512	452.562645726639	659.208508986443	465.78414793067	521.780815961612	551.488737020401	1126.61429026006	550.706938019914	747.535045850556	512	512	939.305061968986	1782.10235296051	-593.306070670243	687.540120563659	283	74	3	4	148	247	194	12	3	56	508	12	6979	181	575	299	20	0	0	20	34	0	7331	9	19	0
6	1	0	2	57	15	down	2	512	497.428943621023	962.431133049494	491.184621571221	624.576658242999	558.782565742591	1140.60586721266	559.19392627817	766.036864741361	512	512	920.378623196051	1711.40365207664	-593.501186794667	687.993533793289	249	85	6	10	162	244	201	12	2	53	520	19	6982	159	608	263	23	0	0	24	42	0	7281	10	17	0
6	1	0	2	57	15	down	3	512	432.054035263202	590.047531824786	451.440057741634	488.42107792077	561.392469112585	1211.97792324322	551.597300958553	759.249665133237	512	512	943.052585222064	1793.758722201	-593.155940728175	687.194955999662	282	86	2	3	139	252	189	14	4	53	492	12	6996	180	607	301	14	0	0	24	44	0	7344	11	18	0
6	1	0	2	58	14	down	0	512	472.024618408194	866.446195650661	465.345676160637	536.123114124898	541.671109562589	963.266177113595	551.719637216045	723.773476720509	512	512	927.022054204705	1730.6197263091	-593.137740530036	687.149857667061	294	73	1	9	135	256	203	8	3	42	485	12	6508	163	599	348	16	0	0	19	34	0	6823	8	17	0
6	1	0	2	58	14	down	1	512	495.05810057258	1026.83910960373	483.114436707809	599.165544115297	513.407657384771	948.142442602008	529.166731305106	687.582727300452	512	512	920.208359814159	1707.2440093447	-593.615457408765	688.258405448382	260	89	2	12	149	265	175	9	2	61	421	9	6604	134	589	327	20	0	0	31	56	0	6863	9	16	0
6	1	0	2	58	14	down	2	512	471.085484772899	774.081244672783	473.391236392834	563.546675944651	552.246571078835	1085.92781327261	562.735564671136	785.38378922382	512	512	926.40165295257	1726.24121304156	-593.931612101339	688.992346092482	251	87	7	6	161	260	194	11	4	43	527	7	6502	132	507	263	7	0	0	35	62	0	6760	9	17	0
6	1	0	2	58	14	down	3	512	487.390436457896	907.711841158385	483.617591758421	599.510412947924	549.703518761649	1158.02980844409	548.249939678006	762.971375263851	512	512	926.384642458226	1737.65711513285	-593.517787451831	688.034048420558	259	84	1	9	159	251	187	13	2	59	447	9	6563	149	608	320	13	0	0	28	50	0	6853	10	16	0
6	1	0	2	59	13	down	0	512	458.935521429771	676.969047091976	470.143765848947	538.370284399581	563.063238847284	1191.03824388654	573.155806021958	820.455941427184	512	512	896.687498671633	1630.95512864242	-593.54754272907	688.102665271136	265	80	5	4	158	225	205	13	4	65	448	6	6070	132	625	298	11	0	0	37	64	0	6329	8	16	0
6	1	0	2	59	13	down	1	512	466.536334491647	726.759735189952	473.83964305913	553.343900078327	622.151376136345	1578.86972922677	611.575332610378	954.448290468215	512	512	891.864141027946	1606.8159692593	-593.64991533845	688.340094797969	263	80	4	5	160	216	211	21	6	58	499	13	6018	126	658	274	20	0	0	27	50	0	6253	7	15	0
6	1	0	2	59	13	down	2	512	472.697420797582	771.482128569392	471.52508229484	538.358383397966	612.909210194778	1485.29189935963	593.734204243931	871.007361103505	512	512	912.200786500603	1680.4516956104	-593.587256311166	688.193066325278	268	77	2	6	159	233	209	19	4	47	421	10	6084	141	629	293	17	0	0	25	46	0	6357	9	16	0
6	1	0	2	59	13	down	3	512	427.764271850391	547.118042482371	452.272171121572	497.002348172983	598.263792005709	1417.49810150995	587.43481403643	858.105898784164	512	512	904.275909214705	1646.06963123915	-593.568292621068	688.148871757269	279	86	5	2	140	250	197	18	4	43	443	18	6064	131	616	295	14	0	0	33	56	0	6308	7	15	0
6	1	0	2	60	12	down	0	512	460.91220253883	749.979686078417	454.696649435875	503.726743158568	539.060133227269	1061.18501507451	538.445679228243	735.094057113951	512	512	900.829065462067	1633.35845118029	-593.659961882103	688.365566484686	272	83	2	6	149	265	182	11	5	49	399	10	5592	143	612	299	15	0	0	33	60	0	5869	7	14	0
6	1	0	2	60	12	down	1	512	450.681159560071	723.069699478635	447.452255064605	498.239682604699	495.316414475695	941.134003027875	505.986329025382	647.35923614901	512	512	889.609409944623	1589.9629154568	-593.828712138729	688.754936594787	292	77	4	6	133	290	146	10	5	61	435	10	5576	123	659	282	13	0	0	25	44	0	5812	7	14	0
6	1	0	2	60	12	down	2	512	452.994241863824	804.154844423644	443.609594026485	491.527745450249	520.64372536227	959.352199344515	528.941676760643	697.702536047826	512	512	897.936000769019	1631.43113648773	-593.245420085308	687.399865771327	276	92	7	8	129	265	179	9	4	55	374	6	5641	123	669	281	16	0	0	26	48	0	5882	7	14	0
6	1	0	2	60	12	down	3	512	432.601152889766	629.33799750252	441.861698231652	489.502416304709	531.267857315087	1055.26971931072	522.484559353871	672.410997789236	512	512	905.353085917355	1663.87424098233	-593.63366853912	688.29988485304	273	94	5	4	136	252	183	11	2	64	413	7	5606	118	602	333	13	0	0	26	46	0	5835	8	14	0
6	1	0	2	61	11	down	0	512	510.998307173201	1010.6692645542	509.177284642785	665.992550766833	514.694428453531	850.612519161492	548.355654656204	746.402690541517	512	512	895.279415997599	1621.26712681894	-593.685713523692	688.423575000959	274	64	4	11	159	241	195	6	9	61	342	7	5181	102	653	398	19	0	0	31	60	0	5379	7	13	0
6	1	0	2	61	11	down	1	512	497.515048255394	847.417829151836	509.58310086008	645.023641481851	542.698493762908	1046.67460677168	550.513590986208	739.419841661111	512	512	890.390811558241	1603.81785150636	-593.309925557449	687.549783804187	271	61	2	7	171	235	203	10	1	63	392	6	5107	127	733	366	15	0	0	14	26	0	5355	5	13	0
6	1	0	2	61	11	down	2	512	465.451189546638	788.871034826423	472.200292668345	563.136339342808	566.229350151961	1220.0604074087	567.691848496472	808.148417358307	512	512	894.453354978009	1618.80212127847	-593.561912054221	688.135345719084	283	77	1	7	144	250	192	14	6	50	393	12	5082	145	616	358	13	0	0	29	54	0	5360	5	14	0
6	1	0	2	61	11	down	3	512	509.214161879775	983.960183335784	507.27329509545	651.435596633513	552.112868973218	1058.42094716691	548.839318025107	723.836890961361	512	512	906.496103098904	1652.21427484815	-593.705030904563	688.465915067456	249	78	2	10	173	242	206	10	3	51	364	7	5135	126	586	349	11	0	0	25	48	0	5381	7	15	0
6	1	0	2	62	10	down	0	512	447.525211528839	628.366833631939	466.8150171197	532.977178117159	572.716674379146	1338.56461686655	570.312002425424	857.299941565421	512	512	868.637930284803	1521.41580413999	-593.598497861424	688.21862895185	252	93	4	3	160	251	183	17	4	57	345	7	4678	90	700	331	12	0	0	26	52	0	4851	7	12	0
6	1	0	2	62	10	down	1	512	461.420813002267	750.386781215055	467.957922837873	539.78195692225	600.538367146336	1422.64444438418	583.904702595243	865.926074728767	512	512	889.150790767617	1600.90295410412	-593.735128657533	688.535661318616	273	82	2	6	149	248	200	18	3	43	331	4	4670	115	645	347	20	0	0	39	62	0	4896	5	12	0
6	1	0	2	62	10	down	2	512	490.519113564772	802.643995412016	493.918745979817	608.492314460244	581.478573746957	1388.07769834397	563.456319593642	808.252544327584	512	512	891.684894924843	1601.38914904894	-593.283679375383	687.490706354267	265	66	2	6	173	254	184	18	3	53	320	9	4639	152	704	334	14	0	0	18	35	0	4935	6	12	0
6	1	0	2	62	10	down	3	512	475.902039265385	839.414270427967	465.761192110574	529.677353912162	569.482639056335	1261.24843307447	573.789077640929	832.91233647599	512	512	874.875023642747	1548.44841031868	-593.351716089953	687.647907808502	287	70	3	8	144	252	190	15	4	51	354	8	4640	118	748	346	25	0	0	29	53	0	4869	4	13	0
6	1	0	2	63	9	down	0	512	455.00033982789	701.245759899884	456.826420080546	499.658149645642	523.561686037277	823.095001674295	552.453024260834	720.115491073036	512	512	863.067708226623	1510.27558646275	-593.484255477633	687.952742890036	279	79	2	5	147	261	202	5	4	40	304	4	4187	113	758	344	31	0	0	20	38	0	4405	5	12	0
6	1	0	2	63	9	down	1	512	473.215121569138	801.415160108935	478.171222803473	571.750241819175	571.027724028209	1337.53446274242	559.368603915841	809.345131464422	512	512	860.685997770505	1501.53720579222	-593.64666831157	688.330472677046	283	71	2	7	149	250	184	17	1	60	313	8	4195	92	768	365	12	0	0	25	36	0	4372	5	11	0
6	1	0	2	63	9	down	2	512	429.856474448829	588.557066973388	449.48629198234	496.715870924385	576.162499099152	1240.69721926602	572.882867559507	813.09849871495	512	512	855.253799155211	1483.18933198468	-593.776895693098	688.63275191668	272	92	7	3	138	243	203	14	4	48	305	7	4213	83	773	347	12	0	0	31	58	0	4372	6	11	0
6	1	0	2	63	9	down	3	512	498.455254856016	955.742435991312	481.562521829918	576.282668118921	548.053075573839	1121.74555400638	565.668277886443	815.170702821481	512	512	877.567926662976	1557.49505630223	-593.81411804083	688.719497949275	273	71	1	10	157	244	192	12	4	60	273	6	4209	120	703	352	14	0	0	38	62	0	4443	5	12	0
6	1	0	2	64	8	down	0	512	471.469483438838	739.478586372263	472.570208246015	543.589603884716	564.713682035094	1227.29589052892	563.995173745366	799.775695186534	512	512	860.983428555609	1497.85498230736	-593.426829871989	687.819608793753	256	82	1	5	168	228	199	14	6	65	253	5	3747	91	731	381	10	0	0	32	52	0	3924	5	10	0
6	1	0	2	64	8	down	1	512	433.349896640081	559.152191907482	447.685359488752	483.398819246745	523.321552750399	856.659078671608	549.68859524032	711.755801174168	512	512	852.162493988627	1476.30875767757	-593.692263520764	688.435640150054	276	85	2	2	147	267	196	6	2	41	309	5	3699	83	752	327	20	0	0	31	50	0	3861	3	10	0
6	1	0	2	64	8	down	2	512	448.609283508522	661.462172722905	461.079158397197	517.522708375637	568.63870036353	1231.67105631119	573.927756270209	818.472377200617	512	512	860.221426965234	1492.66946855646	-593.593662691805	688.207903103684	261	90	5	4	152	237	201	14	2	58	264	4	3759	69	736	351	23	0	0	37	64	0	3893	4	10	0
6	1	0	2	64	8	down	3	512	492.860539758207	914.182350163296	473.172397796717	556.298852955027	606.671109562589	1473.96905948703	583.87811609442	861.548900346592	512	512	858.445168615788	1491.54396774219	-593.494471017767	687.978716433097	262	77	4	9	160	236	204	19	3	50	268	3	3736	89	750	329	11	0	0	27	50	0	3911	5	11	0
6	1	0	2	65	7	down	0	512	463.993282174461	687.668827977082	468.985690859374	531.665812861265	573.139180208211	1231.65242672278	585.688465627263	843.143884970557	512	512	857.629495306257	1485.86057271309	-593.884377022153	688.883915642384	262	79	3	4	164	254	198	14	2	44	241	10	3254	79	738	405	6	0	0	30	56	0	3402	3	9	0
6	1	0	2	65	7	down	1	512	489.875728030392	981.076359690834	470.247716743786	558.845641577867	559.425951276971	1036.25775819789	591.426107859043	851.936561777102	512	512	857.587616286006	1488.1378472838	-593.736108040164	688.535991950437	259	88	6	11	148	238	217	9	4	44	245	7	3261	71	737	365	19	0	0	35	64	0	3396	4	9	0
6	1	0	2	65	7	down	2	512	445.249563422887	607.234227100791	456.869485618201	494.965230370567	602.947717357905	1434.20187769604	606.568844896776	935.92268322289	512	512	834.959375678809	1410.599524659	-593.583384659283	688.184355579527	291	70	4	3	144	227	207	18	7	53	252	5	3235	92	853	372	25	0	0	20	36	0	3414	3	9	0
6	1	0	2	65	7	down	3	512	433.522105908824	588.513604819916	451.10310759001	497.234208922832	617.390436457896	1558.48346722253	605.880786555449	946.872022646523	512	512	843.307272929744	1443.37381784353	-593.811411899089	688.714014653191	292	79	1	3	137	247	198	21	3	43	257	5	3235	87	763	343	13	0	0	35	66	0	3404	3	9	0
6	1	0	2	66	6	down	0	512	407.515048255394	519.457732581439	418.013631240082	425.685976999691	572.84235914197	1204.31008410755	576.211071393533	811.407264667998	512	512	832.830561955435	1409.52980440139	-593.760414088601	688.596058916939	267	109	3	2	131	234	210	13	2	53	176	5	2820	71	786	362	22	0	0	30	52	0	2957	2	8	0
6	1	0	2	66	6	down	1	512	423.762239195702	687.335332591304	420.539706267268	446.353866269488	600.903112230711	1461.17216014902	595.93995978057	908.881104802656	512	512	856.837643305774	1477.84809269963	-593.867321269871	688.843044452553	270	110	5	6	121	238	196	19	8	51	161	3	2843	65	694	378	15	0	0	28	53	0	2970	2	8	0
6	1	0	2	66	6	down	2	512	420.883858649148	582.018712222107	425.638002177713	442.61060167826	607.505957947276	1474.04710764273	588.972236010581	863.936801476533	512	512	843.133447448485	1433.94794687691	-593.852479535369	688.806039977271	259	109	1	3	140	241	204	19	1	47	197	2	2811	62	753	363	12	0	0	33	57	0	2933	3	8	0
6	1	0	2	66	6	down	3	512	424.855401483503	638.763705700824	420.485914111956	424.525372360531	573.456327821342	1201.77083554362	587.340855491043	860.032015441263	512	512	847.327078142823	1461.17776603785	-593.265990932294	687.449356960527	301	85	7	5	114	240	207	13	4	48	213	10	2777	72	750	452	19	0	0	23	42	0	2911	2	8	0
6	1	0	2	67	5	down	0	512	479.242505769457	892.74155044203	467.011545030783	553.152282017322	590.107843974478	1166.62894107422	608.830082513097	877.75229648434	512	512	834.687624725231	1409.31640082839	-593.908317730995	688.939017712611	262	88	1	9	152	222	236	11	3	40	153	8	2343	56	783	382	20	0	0	44	74	0	2447	2	7	0
6	1	0	2	67	5	down	1	512	413.570776345395	530.01782254114	431.119654518187	451.709594634462	637.305404788851	1535.87771982873	641.327179789263	1021.98790455674	512	512	826.758311357539	1389.08982777972	-593.766263619553	688.607141448937	263	106	6	2	135	208	234	19	7	44	163	7	2339	51	793	384	21	0	0	26	48	0	2434	1	6	0
6	1	0	2	67	5	down	2	512	447.035854646965	703.024482753339	452.372419604779	509.773542334412	638.456327821342	1638.33624706238	622.862780717933	980.960510202095	512	512	823.59818249993	1378.49752778936	-593.731129154443	688.526896204797	246	106	1	5	154	224	215	22	6	45	175	4	2334	47	844	400	19	0	0	31	56	0	2424	3	7	0
6	1	0	2	67	5	down	3	512	429.626504435396	556.467049441485	439.945821756604	467.782910884729	638.994355139787	1574.01652107317	635.89377873007	1009.41004997217	512	512	824.252604740754	1382.01171232217	-593.455148338479	687.888787384506	267	93	3	2	147	213	231	20	3	45	182	6	2316	56	846	397	28	0	0	31	50	0	2422	-1	7	0
6	1	0	2	68	4	down	0	512	397.869630066325	570.774797791119	406.125798347941	417.167432367222	655.692395798842	1776.60143533457	639.511728831934	1062.87727587846	512	512	829.572975955123	1397.79644366597	-593.452041161851	687.88185970101	276	118	3	4	111	220	215	25	5	47	139	2	1857	50	809	442	16	0	0	43	74	0	1955	0	7	0
6	1	0	2	68	4	down	1	512	409.991249519772	526.26749097662	424.348967000682	444.433596612887	677.6690769079	1918.36595634603	638.463409047702	1038.28949601363	512	512	805.160338667721	1319.679057223	-593.678005266005	688.404528252775	261	111	3	2	135	227	215	28	3	39	132	2	1871	43	929	450	17	0	0	25	46	0	1955	1	5	0
6	1	0	2	68	4	down	2	512	437.907064264126	768.261708050333	425.452204836973	457.291993908962	687.833268833851	1838.83071547813	666.611894236564	1115.82415749475	512	512	810.333611449213	1327.4618732276	-593.903905810917	688.927578214403	303	87	4	8	110	200	245	25	6	36	142	6	1859	41	818	403	12	0	0	32	54	0	1935	2	5	0
6	1	0	2	68	4	down	3	512	405.652815670389	547.190764947319	418.708975143511	438.099292489901	609.790696361347	1450.56817972211	620.040761166002	968.468668147217	512	512	804.339307413152	1317.9480521846	-593.738943733018	688.546225892555	279	107	2	3	121	220	217	18	3	54	152	3	1851	42	878	418	24	0	0	26	44	0	1932	1	7	0
6	1	0	2	69	3	down	0	512	436.180679715389	744.307839246706	432.780344336444	478.742241660636	643.830163213836	1714.36107549576	623.244554531811	991.048632711504	512	512	798.161852198616	1291.21605109272	-593.77621395827	688.63205202211	271	105	3	7	126	236	206	24	4	42	117	3	1385	31	925	400	30	0	0	26	51	0	1444	0	5	0
6	1	0	2	69	3	down	1	512	405.883858649148	595.267046136136	406.75174955647	412.090546626344	667.51612122072	1725.84756157292	644.28125153912	1018.17704487205	512	512	807.118169972362	1324.92681825914	-593.671160754242	688.3886419605	247	129	7	4	125	222	235	23	1	31	80	0	1423	33	822	387	23	0	0	44	73	0	1489	1	4	0
6	1	0	2	69	3	down	2	512	413.665971287885	703.945083549452	404.250631729792	417.81732042074	599.415788003526	1387.66795069117	629.204190200923	1017.28633040844	512	512	799.353824718331	1297.33740804998	-593.677380290759	688.400816566563	275	118	5	7	107	237	205	17	8	45	113	4	1384	35	872	409	26	0	0	30	56	0	1451	1	4	0
6	1	0	2	69	3	down	3	512	421.852409139451	646.632450217867	423.723890085155	454.529222737073	621.804811668206	1599.36727847242	612.943042020822	963.586485873167	512	512	799.939891597746	1301.71940253501	-593.694846927168	688.442973785476	274	105	5	5	123	250	194	22	5	41	130	2	1371	33	894	410	18	0	0	32	62	0	1435	-1	4	0
6	1	0	2	70	2	down	0	512	396.056067917891	497.599635314207	405.323404367722	406.494783875009	643.349896640081	1670.26971931072	630.607326308159	991.863569561296	512	512	796.363288086594	1290.33122375564	-593.766546302245	688.608308576132	271	114	5	2	120	252	204	23	5	28	63	3	934	24	903	455	12	0	0	33	64	0	979	0	3	0
6	1	0	2	70	2	down	1	512	404.491729364453	547.441763772565	412.163093205869	417.498380419027	610.069336811351	1270.6103156175	629.280553385282	954.438553115486	512	512	799.942140977046	1296.13005285319	-594.096066556751	689.374418671455	270	112	6	3	121	224	240	13	3	32	70	0	933	21	823	398	12	0	0	36	68	0	975	0	4	0
6	1	0	2	70	2	down	2	512	395.863532102259	451.351293136808	409.681631084935	396.79380772662	592.507030912602	1206.81164518093	616.672219043104	913.253396841185	512	512	790.193362723603	1264.62207176288	-593.820623393161	688.733772441346	297	95	2	1	117	220	233	12	4	43	59	2	940	23	885	426	21	1	0	36	65	0	984	0	4	0
6	1	0	2	70	2	down	3	512	419.539326835698	565.520697477543	429.791856938661	455.120023045137	635.625544746033	1527.31807057783	630.825013275968	979.481225972743	512	512	797.282853292696	1295.49580347954	-594.02219717558	689.20336826047	286	91	6	3	126	225	229	19	3	36	82	4	907	31	898	422	18	2	0	34	63	0	966	-1	4	0
6	1	0	2	71	1	down	0	512	406.391396147259	579.687877615861	406.25170205134	402.414733101802	688.792729016036	1911.00055639598	681.476687259198	1184.89124920684	512	512	777.389675025177	1230.42663485571	-593.816411498865	688.72416076843	285	105	6	4	112	201	235	27	7	42	53	0	448	11	961	444	20	1	0	25	46	0	470	0	2	0
6	1	0	2	71	1	down	1	512	407.082379152884	729.106056579424	399.512286013659	421.722954305874	707.535374802284	1975.44889361536	690.055418055014	1190.70011934231	512	512	782.502730776019	1247.74395350104	-593.825267419054	688.744993740033	275	127	4	8	98	209	242	28	5	28	34	0	468	10	890	447	21	3	0	38	67	0	488	0	2	0
6	1	0	2	71	1	down	2	512	417.745018268827	604.465710788349	417.842464024832	441.01141915049	691.872735686341	1980.95176855176	675.513414998453	1160.54447203748	512	512	791.447941802866	1275.66794483191	-593.749801646144	688.569868807165	272	105	6	4	125	216	222	29	7	38	40	1	465	6	834	451	17	3	1	43	80	1	476	-1	2	0
6	1	0	2	71	1	down	3	512	409.693355488204	519.994316234155	413.805481969105	409.960720171964	697.717747344472	1886.21164352825	688.723230817022	1174.62608269307	512	512	785.909944887705	1256.97628142569	-593.759927080512	688.594632342102	274	103	3	2	130	210	243	26	7	26	40	0	466	6	886	430	27	3	0	32	70	0	478	0	2	0
# final_twist	1
# forced_steps	0
# sweeps_total	178912
# completion	PASS
