# format	twist_snake_sector_blocks_v2
# status	NON-CANONICAL floating-point engineering diagnostic
# L	6
# k	1
# chain	1
# kind	2
# kind_name	control
# base	2
# restriction	-1
# schedule	round_trip
# seed	202609306121
# seam_size	36
# start_twist	0
# chain_initial	hot0
# warmup_sweeps	512
# dwell_sweeps	16384
# dwell_long_sweeps	32768
# visit_sweeps	2048
# equilibration_sweeps	32
# post_forcing_sweeps	512
# block_length	512
# segments	72
# seam_order	x2_fastest_then_x3
# class_rule	class0_if_2W_ge_minus_n_else_classMinus
# action_density	minus_sum_logW_divided_by_6L4
# sampling	every_production_sweep_after_full_heatbath_sweep
L	k	chain	kind	segment	n	phase	block	count	sumFn	sumFn2	sumFi	sumFi2	sumBn	sumBn2	sumBi	sumBi2	sumPFi	sumPFi2	sumY	sumY2	sumS	sumS2	hF0	hF1	hF2	hF3	hF4	hB0	hB1	hB2	hB3	hB4	sec0	secMinus	secPlus	secOther	untMinus	untPlus	untOther	pure0	pureMinus	purePlus	flips	classMinus	sumW	minW	maxW	forced
6	1	1	2	0	0	dwell	0	512	405.691322833515	660.184998547773	396.748516389704	408.056348477946	0	0	0	0	512	512	775.40836538749	1231.89029221098	-592.951318594998	686.720726131477	261	128	7	6	110	0	0	0	0	0	0	0	0	0	1038	496	20	0	0	0	0	0	0	0	0	0
6	1	1	2	0	0	dwell	1	512	427.044944955084	811.991655454623	402.50200231546	433.564607182481	0	0	0	0	512	512	769.000226934008	1208.06250671018	-592.539116250669	685.76657950811	240	137	8	9	118	0	0	0	0	0	0	0	0	0	1068	532	21	0	0	0	0	0	0	0	0	0
6	1	1	2	0	0	dwell	2	512	413.742985614138	744.683000897281	400.90317773845	424.475321507212	0	0	0	0	512	512	783.12566170665	1250.8387242517	-592.768504093736	686.298302787632	263	129	6	8	106	0	0	0	0	0	0	0	0	0	977	510	21	0	0	0	0	0	0	0	0	0
6	1	1	2	0	0	dwell	3	512	401.478573746957	620.964602818825	391.275900005315	383.200861705967	0	0	0	0	512	512	768.725024438687	1211.81487839109	-592.543426400047	685.775992960904	254	132	6	5	115	0	0	0	0	0	0	0	0	0	1012	510	31	0	0	0	0	0	0	0	0	0
6	1	1	2	0	0	dwell	4	512	366.487664055075	409.707833462347	373.286993445293	334.345541498296	0	0	0	0	512	512	762.209760169283	1190.3517225362	-592.650401356634	686.021801127617	276	128	6	1	101	0	0	0	0	0	0	0	0	0	1016	489	30	0	0	0	0	0	0	0	0	0
6	1	1	2	0	0	dwell	5	512	368.013495445387	410.929118872262	376.944621674663	342.99197529959	0	0	0	0	512	512	747.339787834239	1151.2128464634	-592.535565110443	685.757313444034	279	125	6	1	101	0	0	0	0	0	0	0	0	0	1200	554	31	0	0	0	0	0	0	0	0	0
6	1	1	2	0	0	dwell	6	512	384.951669391319	542.947740197298	388.009749459561	382.109590836623	0	0	0	0	512	512	762.757790427012	1195.19299194527	-592.50763378057	685.695418993285	292	118	1	4	97	0	0	0	0	0	0	0	0	0	1123	465	26	0	0	0	0	0	0	0	0	0
6	1	1	2	0	0	dwell	7	512	341.142172552263	369.519803664891	354.685586326979	303.410507579057	0	0	0	0	512	512	760.098222443465	1183.16859973696	-592.628406797068	685.970698615107	273	149	4	1	85	0	0	0	0	0	0	0	0	0	1069	516	30	0	0	0	0	0	0	0	0	0
6	1	1	2	0	0	dwell	8	512	362.150303171019	446.61737108996	374.336934248699	370.944856454927	0	0	0	0	512	512	766.28309695192	1196.74000138576	-592.945464047831	686.705930274577	257	147	6	2	100	0	0	0	0	0	0	0	0	0	1008	494	17	0	0	0	0	0	0	0	0	0
6	1	1	2	0	0	dwell	9	512	392.485631400386	486.293200827598	399.532606644427	392.186058724274	0	0	0	0	512	512	754.862357898412	1170.62578033664	-591.910716346379	684.313672510865	283	109	5	2	113	0	0	0	0	0	0	0	0	0	1219	554	35	0	0	0	0	0	0	0	0	0
6	1	1	2	0	0	dwell	10	512	394.049969953824	600.535327633282	390.021114627989	387.19138212607	0	0	0	0	512	512	760.788306573064	1188.94846853777	-592.556006673017	685.804550137082	272	126	6	5	103	0	0	0	0	0	0	0	0	0	1087	501	23	0	0	0	0	0	0	0	0	0
6	1	1	2	0	0	dwell	11	512	406.833155557888	584.869255464488	398.592293754158	391.902280860635	0	0	0	0	512	512	767.27664096768	1207.1154072377	-592.481642667836	685.63431722629	275	111	6	4	116	0	0	0	0	0	0	0	0	0	1099	533	23	0	0	0	0	0	0	0	0	0
6	1	1	2	0	0	dwell	12	512	369.309356822265	491.22668133931	374.92011759048	351.473491829801	0	0	0	0	512	512	773.774301059512	1218.98277274085	-592.588543216506	685.882304858019	265	141	5	3	98	0	0	0	0	0	0	0	0	0	1019	504	27	0	0	0	0	0	0	0	0	0
6	1	1	2	0	0	dwell	13	512	386.00739748132	545.589869481993	386.836252082584	374.59329199434	0	0	0	0	512	512	759.742370473382	1183.48217933824	-592.395868482292	685.433583170914	288	119	3	4	98	0	0	0	0	0	0	0	0	0	1130	493	38	0	0	0	0	0	0	0	0	0
6	1	1	2	0	0	dwell	14	512	379.337700711947	500.460380965915	388.463952667079	375.063139574563	0	0	0	0	512	512	782.977704087335	1253.60266980265	-592.686349090441	686.105816325451	282	123	5	3	99	0	0	0	0	0	0	0	0	0	1002	549	18	0	0	0	0	0	0	0	0	0
6	1	1	2	0	0	dwell	15	512	382.063125571321	503.205390971372	385.319057847681	372.913544767708	0	0	0	0	512	512	768.246223524793	1211.31870418051	-592.854013177529	686.494858790417	280	120	11	3	98	0	0	0	0	0	0	0	0	0	1043	480	23	0	0	0	0	0	0	0	0	0
6	1	1	2	0	0	dwell	16	512	350.719666723197	418.157052099321	358.578928471165	325.590899484577	0	0	0	0	512	512	775.84633449799	1224.42244047563	-592.532671057751	685.74996811231	278	142	6	2	84	0	0	0	0	0	0	0	0	0	994	525	23	0	0	0	0	0	0	0	0	0
6	1	1	2	0	0	dwell	17	512	362.264751695072	436.168140057931	371.284988646184	335.625195949946	0	0	0	0	512	512	757.449587972386	1180.43130122733	-592.512282472441	685.703909148773	284	131	3	2	92	0	0	0	0	0	0	0	0	0	1107	485	40	0	0	0	0	0	0	0	0	0
6	1	1	2	0	0	dwell	18	512	377.312349166317	565.413368351945	377.730350101689	364.971833067029	0	0	0	0	512	512	766.259275642871	1204.99377826599	-592.288992947285	685.187904988131	288	128	6	5	85	0	0	0	0	0	0	0	0	0	1062	559	26	0	0	0	0	0	0	0	0	0
6	1	1	2	0	0	dwell	19	512	365.710576415079	375.356173987072	375.335049546501	335.932683631112	0	0	0	0	512	512	765.269714175274	1192.1334882439	-592.558002849617	685.809801209326	272	128	4	0	108	0	0	0	0	0	0	0	0	0	1057	491	18	0	0	0	0	0	0	0	0	0
6	1	1	2	0	0	dwell	20	512	358.972955627571	393.125567585427	369.324390847258	326.498659603692	0	0	0	0	512	512	764.963739406601	1197.04568560395	-592.924714705383	686.658750473188	284	128	7	1	92	0	0	0	0	0	0	0	0	0	991	483	23	0	0	0	0	0	0	0	0	0
6	1	1	2	0	0	dwell	21	512	367.533228871631	403.893194216902	378.66665834704	349.500554955546	0	0	0	0	512	512	761.899629618015	1180.02005384179	-592.887236921948	686.571468048798	291	117	8	1	95	0	0	0	0	0	0	0	0	0	1033	430	24	0	0	0	0	0	0	0	0	0
6	1	1	2	0	0	dwell	22	512	411.573768689447	662.506059058435	402.459924894021	413.35492502927	0	0	0	0	512	512	785.414601809082	1260.30124271	-592.811574805919	686.394887985558	282	112	3	6	109	0	0	0	0	0	0	0	0	0	957	528	26	0	0	0	0	0	0	0	0	0
6	1	1	2	0	0	dwell	23	512	401.026651062883	533.188985585385	406.224531200519	413.193314151622	0	0	0	0	512	512	765.544776520995	1197.76939405873	-592.500266665073	685.676113854835	287	103	8	3	111	0	0	0	0	0	0	0	0	0	1035	520	20	0	0	0	0	0	0	0	0	0
6	1	1	2	0	0	dwell	24	512	365.575801344136	443.029338813493	376.047597045103	349.700059386281	0	0	0	0	512	512	765.72972354514	1202.68666316028	-592.614339686027	685.939656966435	279	131	5	2	95	0	0	0	0	0	0	0	0	0	1046	498	22	0	0	0	0	0	0	0	0	0
6	1	1	2	0	0	dwell	25	512	387.043871989758	584.360156892999	385.348688136657	382.959919034926	0	0	0	0	512	512	777.991159379671	1242.78825249362	-592.698446838115	686.13412199187	281	125	7	5	94	0	0	0	0	0	0	0	0	0	988	523	20	0	0	0	0	0	0	0	0	0
6	1	1	2	0	0	dwell	26	512	361.295128239443	503.789864523971	364.093281330164	326.44268267173	0	0	0	0	512	512	773.522326190013	1215.24028910999	-592.749819403677	686.254164453082	290	136	2	4	80	0	0	0	0	0	0	0	0	0	992	483	21	0	0	0	0	0	0	0	0	0
6	1	1	2	0	0	dwell	27	512	372.466377818823	490.749516253884	378.380583655083	361.291524648484	0	0	0	0	512	512	789.373268128265	1261.7659548321	-592.898144595704	686.597412660705	280	130	3	3	96	0	0	0	0	0	0	0	0	0	865	462	29	0	0	0	0	0	0	0	0	0
6	1	1	2	0	0	dwell	28	512	355.940546428512	391.610270168963	368.796765260364	336.2474826057	0	0	0	0	512	512	753.017744187556	1161.44406765193	-592.287830486728	685.18477189807	277	135	6	1	93	0	0	0	0	0	0	0	0	0	1123	455	23	0	0	0	0	0	0	0	0	0
6	1	1	2	0	0	dwell	29	512	398.513015600705	577.619591160694	392.970916075096	387.92515574533	0	0	0	0	512	512	772.045685328164	1217.01310835878	-592.959829523274	686.738589135601	262	126	4	4	116	0	0	0	0	0	0	0	0	0	1039	513	18	0	0	0	0	0	0	0	0	0
6	1	1	2	0	0	dwell	30	512	370.584891652254	517.555275216398	376.350404560035	354.861729164543	0	0	0	0	512	512	750.183428859505	1156.16607656168	-592.418383678974	685.485501275103	293	127	3	4	85	0	0	0	0	0	0	0	0	0	1121	469	22	0	0	0	0	0	0	0	0	0
6	1	1	2	0	0	dwell	31	512	400.105698043825	611.122025388298	396.549190372362	393.098692938719	0	0	0	0	512	512	749.732151503626	1146.02187390732	-592.736898088171	686.22322564201	272	122	5	5	108	0	0	0	0	0	0	0	0	0	1083	443	32	0	0	0	0	0	0	0	0	0
6	1	1	2	1	1	up	0	512	396.583931962892	498.934003854212	400.755184067085	394.259837663732	702.161539409789	1973.53492824133	699.203691255184	1263.97424386114	512	512	787.219242902982	1260.40886572249	-592.965164615945	686.7524807797	271	114	4	2	121	189	243	28	9	43	38	2	465	7	946	483	15	5	0	22	51	2	477	-1	2	0
6	1	1	2	1	1	up	1	512	438.138107242885	742.227126179793	420.651953633186	441.664410903805	647.104851630426	1417.814763196	670.522996564166	1062.24456267799	512	512	776.834380419114	1232.84660911868	-592.78737051205	686.340062743879	279	97	7	7	122	191	268	15	5	33	45	0	449	18	1014	489	29	0	0	23	42	0	486	0	3	0
6	1	1	2	1	1	up	2	512	401.813901976325	613.079452915794	405.931477798505	419.139484630407	691.93049643103	1946.59833384624	693.901149803831	1233.14783849135	512	512	784.275427026098	1251.59378347396	-592.84779894006	686.48020005511	272	120	7	5	108	205	226	28	15	38	46	1	456	9	999	461	14	1	0	25	48	1	473	-1	2	0
6	1	1	2	1	1	up	3	512	386.957767355386	551.178342467259	396.206268003775	402.794549081117	666.03896026698	1623.6914735249	687.049014540051	1158.46674058393	512	512	775.38540326488	1226.75375834748	-592.696054225213	686.128381888464	279	124	3	4	102	198	253	20	8	33	44	0	450	18	1038	432	22	1	0	25	46	0	486	0	2	0
6	1	1	2	2	2	up	0	512	424.654848325078	616.031122307113	426.265267344413	452.053814197608	646.028796993536	1620.61829382441	642.369201436622	1035.90258625507	512	512	794.278820385162	1282.03859364907	-592.687821847056	686.111833037065	272	100	6	4	130	213	230	21	5	43	92	0	908	24	978	473	25	0	0	23	41	0	956	0	3	0
6	1	1	2	2	2	up	1	512	387.034781681639	443.641318105744	403.314163618752	396.468530842166	658.198013918227	1644.54690174923	651.221157500992	1049.19166332061	512	512	785.527882079674	1256.7630970042	-592.465819850789	685.597641162782	275	113	8	1	115	206	242	21	4	39	77	6	917	24	998	446	18	1	0	24	43	0	959	-1	3	0
6	1	1	2	2	2	up	2	512	420.605218199144	613.701634617372	416.421721920054	440.015761437788	638.284118552599	1497.80853956091	635.781062840494	976.503404120537	512	512	800.103266692141	1302.80809855044	-592.388922832901	685.420010834979	263	109	5	4	131	220	237	18	4	33	63	0	937	24	940	495	25	0	0	28	54	0	986	0	4	0
6	1	1	2	2	2	up	3	512	413.695388142893	528.025360039251	419.690539658857	420.882374393368	698.524251839476	1929.97395273235	668.528705611698	1122.08515491951	512	512	789.065903166732	1270.71952998088	-592.246371597415	685.08871812299	271	102	3	2	134	198	245	27	4	38	68	1	934	21	982	477	27	0	0	23	44	0	975	-1	3	0
6	1	1	2	3	3	up	0	512	419.107730698514	679.988990543407	411.729091517884	425.303412547914	706.757214196961	2110.41473592688	659.037278897674	1123.45001410081	512	512	798.644949044705	1294.10682791185	-592.821733236229	686.419641748242	269	114	5	6	118	226	217	32	3	34	121	3	1377	35	953	480	19	0	0	26	46	0	1444	1	6	0
6	1	1	2	3	3	up	1	512	429.491729364453	772.335332591304	420.470772149444	468.891448212432	649.618487092604	1669.85421765343	645.012617296233	1057.65534031826	512	512	803.688602217281	1314.57145427113	-592.536491882183	685.758598175833	254	121	12	8	117	188	232	22	13	57	117	5	1375	39	939	454	21	0	0	23	40	0	1448	1	5	0
6	1	1	2	3	3	up	2	512	416.314381821006	628.923352472716	411.699848191866	422.469699337082	633.975101558224	1528.11585546512	630.807517580898	992.261757310333	512	512	797.477391517267	1295.75106493422	-592.406800453108	685.458447453646	293	97	5	5	112	218	231	19	2	42	131	2	1361	42	936	434	25	0	0	19	38	0	1439	0	5	0
6	1	1	2	3	3	up	3	512	414.097567425069	663.61426133826	409.751157488512	423.896789539601	642.228390462598	1540.11319468559	646.426541797751	1021.42903072251	512	512	792.634962030353	1284.47029627391	-592.634642381667	685.988440167906	288	106	4	6	108	216	234	19	8	35	138	6	1362	30	942	430	24	0	0	27	52	0	1416	0	4	0
6	1	1	2	4	4	up	0	512	398.819999940391	539.281231451391	407.226090927136	411.596581548695	605.66405190916	1370.41873535954	619.521413868937	942.90872109329	512	512	822.566930042501	1374.37605883987	-592.365743832564	685.365558203355	267	118	6	3	118	223	222	16	4	47	154	3	1841	50	832	462	23	0	0	28	52	0	1938	1	6	0
6	1	1	2	4	4	up	1	512	418.742985614138	604.379235453574	415.60031089188	419.351800495341	604.368190532281	1364.23203595185	616.66213590642	940.515697451936	512	512	801.654277220471	1316.83216844408	-592.294728258592	685.199985761244	279	101	3	4	125	229	217	16	7	43	137	5	1853	53	979	444	16	0	0	14	28	0	1955	0	7	0
6	1	1	2	4	4	up	2	512	424.251596077576	649.759722794897	421.758970036797	437.985360687606	610.883858649148	1476.10741589099	618.299127014451	972.326061645774	512	512	808.686065641425	1337.17722565797	-592.297930640724	685.209190620402	276	102	5	5	124	243	202	19	7	41	168	4	1825	51	975	458	16	0	0	20	38	0	1924	0	6	0
6	1	1	2	4	4	up	3	512	402.97498828226	575.77302256087	409.190762107846	418.298224068207	624.387444113845	1508.05066223491	626.247790298622	965.346162332147	512	512	818.191601039356	1360.55775590763	-592.228871781876	685.049640410404	285	109	2	4	112	224	220	19	5	44	205	4	1797	42	898	484	23	0	0	21	38	0	1877	1	6	0
6	1	1	2	5	5	up	0	512	426.171589407271	624.808510639117	443.265425612752	510.959999611628	649.492802329779	1730.05110294371	631.712572481569	1036.27217510149	512	512	815.649030371354	1356.76723760102	-592.485548032262	685.640435381384	261	107	3	4	137	221	215	24	5	47	213	4	2290	53	909	418	23	0	0	27	48	0	2392	0	7	0
6	1	1	2	5	5	up	1	512	430.019593409454	625.47458280791	441.889166314318	490.314941390107	567.919373468223	1088.88170686634	591.115328353188	833.462450372476	512	512	835.26984920608	1413.71097186937	-592.605212915141	685.920243690023	274	96	3	4	135	234	221	10	2	45	162	2	2326	70	848	439	19	0	0	32	59	0	2462	2	7	0
6	1	1	2	5	5	up	2	512	478.637627398204	961.808951347915	466.014635602779	583.281244373701	624.3772808404	1610.76018829381	619.393132928521	996.532428821339	512	512	800.844164682382	1305.38171616062	-592.320085514029	685.260856242548	258	96	8	11	139	231	201	22	8	50	217	9	2285	49	1009	442	23	0	0	21	39	0	2374	0	7	0
6	1	1	2	5	5	up	3	512	496.70854376039	988.985893186762	475.591456592237	573.601509012619	652.285078241961	1802.18590888717	626.354455284065	1012.30331676013	512	512	815.962409637959	1351.74176738607	-592.854859159327	686.498029405353	271	77	2	11	151	230	204	26	5	47	174	5	2338	43	934	400	20	0	0	20	38	0	2420	2	7	0
6	1	1	2	6	6	up	0	512	444.923325501637	792.893647320756	434.266951278476	468.437485213687	565.355994604148	1255.20985177126	558.846700454326	787.423112801854	512	512	835.751430505696	1414.56456151091	-593.582853822695	688.181815294604	275	100	3	8	126	247	187	15	7	56	183	1	2833	55	860	391	10	0	0	27	51	0	2942	3	8	0
6	1	1	2	6	6	up	1	512	406.977020936949	472.611163981615	423.198585735462	428.417718784681	578.754221852909	1178.8799316361	597.543062832752	884.245432177453	512	512	835.878535232102	1413.46053381937	-593.971452017911	689.082571507179	290	91	3	1	127	227	218	12	8	47	207	3	2809	53	745	375	13	0	0	24	45	0	2912	1	8	0
6	1	1	2	6	6	up	2	512	429.4147150382	694.595199304426	427.745817416191	455.110941875545	615.472589058853	1355.99257818907	618.98458874134	937.728940591421	512	512	846.420821182099	1450.98513668812	-593.849933440645	688.802994849908	278	102	2	6	124	212	238	15	4	43	195	2	2836	39	750	420	23	0	0	32	56	0	2912	3	8	0
6	1	1	2	6	6	up	3	512	407.082379152884	543.802291135716	418.015491981231	419.726963267908	616.958840320712	1524.67681857905	601.157419952593	916.885896885492	512	512	830.953535071143	1396.51758766305	-593.646895317643	688.333961664402	291	98	3	3	117	238	204	20	6	44	224	9	2777	62	831	377	20	0	0	21	38	0	2892	2	9	0
6	1	1	2	7	7	up	0	512	432.436960963815	576.460825806399	441.822321667898	456.339052121627	626.13415520947	1437.75177350978	625.105534570144	963.205351578097	512	512	848.909922957349	1455.19195392409	-593.593267206543	688.207088795835	312	66	4	3	127	230	230	17	3	32	258	10	3234	82	774	410	14	0	0	27	44	0	3389	3	9	0
6	1	1	2	7	7	up	1	512	481.583931962892	893.08700280896	474.780995325532	569.923012333755	623.206031261019	1639.66306570922	605.548015567284	952.235746627263	512	512	849.930850381526	1468.57012451161	-593.681254275633	688.411556566513	267	82	4	9	150	245	192	23	5	47	231	5	3273	75	753	409	18	0	0	20	38	0	3422	3	10	0
6	1	1	2	7	7	up	2	512	441.487664055075	713.914048007726	448.17698464791	507.709436675266	629.099713355722	1518.15221669759	631.154041771888	1011.30683518804	512	512	857.198196860862	1484.71560307215	-593.925962062768	688.978602188386	280	92	2	6	132	218	225	19	6	44	224	8	3265	87	718	386	13	0	0	21	40	0	3431	3	9	0
6	1	1	2	7	7	up	3	512	471.833155557888	873.212940864539	469.13480947614	556.152411937416	623.187850644782	1506.47372204874	615.988952788357	953.498068704932	512	512	844.763341197881	1445.73635770901	-593.550616543397	688.10965672236	275	84	4	9	140	221	219	19	7	46	230	3	3269	82	859	384	25	0	0	39	60	0	3430	4	10	0
6	1	1	2	8	8	up	0	512	468.013495445387	865.944646972338	457.405775143717	530.16320465645	527.055108228528	867.774381872431	558.789140491451	748.959521662711	512	512	858.82749692703	1491.95876363503	-593.542582391466	688.091707215583	279	85	2	9	137	253	202	6	5	46	290	10	3686	110	759	354	11	0	0	28	54	0	3897	3	10	0
6	1	1	2	8	8	up	1	512	496.545424799765	877.957514292882	492.859043630486	603.129285820004	512.601152889766	978.517604252584	527.288378359831	702.126892652346	512	512	874.798139093756	1550.660898107	-593.873718135378	688.857029637996	277	61	4	8	162	273	166	10	3	60	242	7	3781	66	720	408	17	0	0	28	48	0	3906	3	10	0
6	1	1	2	8	8	up	2	512	456.392469112585	749.071042263456	462.706647664874	542.519275663964	616.767377470406	1494.41474005856	608.393107965748	925.138153511274	512	512	856.187454320338	1484.59385577965	-593.717364990263	688.495026508338	256	96	3	6	151	227	214	19	4	48	315	8	3690	83	692	370	14	0	0	27	44	0	3848	2	10	0
6	1	1	2	8	8	up	3	512	495.883858649148	923.227142706534	483.942963360995	578.01650855558	567.342838986651	1188.42892537382	569.748679882303	797.867231012454	512	512	850.19758636607	1461.5827296784	-593.679129714404	688.4082412018	251	81	6	9	165	247	200	13	4	48	251	11	3744	90	826	356	25	0	0	22	42	0	3914	3	11	0
6	1	1	2	9	9	up	0	512	451.161426133826	655.968153279323	458.520779355042	503.839383291614	574.607250853833	1304.22936277727	568.475930206862	815.397592661506	512	512	852.144421481438	1481.275973378	-593.237799783579	687.381779018883	284	74	4	4	146	256	188	16	3	49	334	9	4161	104	783	332	13	0	0	21	36	0	4362	5	12	0
6	1	1	2	9	9	up	1	512	462.073288844766	786.757510987534	461.02468927218	521.448389280201	565.960872975401	1186.11584307006	563.986835329547	784.034214855409	512	512	860.321867320064	1495.33557053946	-593.770063280041	688.619622574832	273	85	3	7	144	247	199	13	4	49	331	7	4152	118	756	324	7	0	0	22	38	0	4382	6	12	0
6	1	1	2	9	9	up	2	512	486.180679715389	897.678132442072	467.884734133588	539.124519556501	542.160466444463	1073.93890123122	551.405164471351	743.000476399646	512	512	854.865253712492	1475.4938780104	-593.519160253451	688.036001012432	275	74	3	9	151	250	191	11	3	57	325	9	4186	88	772	337	10	0	0	25	46	0	4353	5	11	0
6	1	1	2	9	9	up	3	512	513.656880979767	1055.29720439195	490.538773808455	608.43050528906	575.23138280665	1347.20231427315	562.337608581726	810.335352415678	512	512	845.970793869481	1455.48558884933	-593.52336201566	688.044689436396	265	72	3	12	160	239	188	17	6	62	368	14	4139	87	751	328	19	0	0	28	48	0	4300	3	11	0
6	1	1	2	10	10	up	0	512	524.587997272269	1075.82093311918	507.937995913832	658.154014638505	531.776467778524	1055.65020665205	536.69077583695	722.22059160634	512	512	894.531504366249	1614.15985852363	-593.583460416869	688.183902713987	261	67	2	12	170	249	182	11	6	64	294	7	4713	106	639	388	16	0	0	30	50	0	4919	6	12	0
6	1	1	2	10	10	up	1	512	484.636667708841	911.54244508102	471.703167927758	574.03272836221	596.143245517589	1456.7721618017	573.22594618789	826.019191300516	512	512	885.449722766181	1585.78369215775	-593.616275693677	688.261453881261	240	98	1	9	164	232	196	19	6	59	339	6	4671	104	684	382	11	0	0	23	42	0	4873	6	12	0
6	1	1	2	10	10	up	2	512	470.192875643523	771.274591897618	479.382317186575	580.979748227163	535.327650714466	1029.00054400093	541.204985237145	712.594294460757	512	512	876.863612424755	1550.96468784086	-593.836549047742	688.771240926445	257	85	4	6	160	246	193	10	2	61	367	3	4639	111	657	338	15	0	0	29	56	0	4859	6	14	0
6	1	1	2	10	10	up	3	512	456.045904644446	732.486552184117	465.789601559774	541.152355769964	547.035854646965	1083.87593220343	556.945812028653	765.656642580912	512	512	880.285181998676	1566.97546532671	-593.548467784762	688.102708482954	290	74	5	6	137	246	196	11	3	56	350	15	4649	106	664	347	17	0	0	31	52	0	4848	6	12	0
6	1	1	2	11	11	up	0	512	533.513015600705	1162.19831484049	509.536469159791	653.849317111304	551.690363144153	1165.359745106	548.945674949408	750.632986641078	512	512	903.99277121503	1650.1549530029	-593.759765532903	688.591819475407	258	69	5	14	166	243	192	13	1	63	321	7	5176	128	621	330	12	0	0	32	58	0	5427	5	14	0
6	1	1	2	11	11	up	1	512	484.386371148518	788.374811838848	496.10518126873	602.787502035741	585.019593409454	1427.08213022207	561.953041851864	802.363687093845	512	512	902.682285833297	1633.63174943529	-593.470551206153	687.923572757953	273	65	3	6	165	262	180	19	1	50	350	6	5163	113	623	334	15	0	0	38	66	0	5380	7	13	0
6	1	1	2	11	11	up	2	512	479.395461456637	698.763277387081	499.465261428519	599.102115209275	611.392469112585	1550.6519818823	585.465286326747	880.445282856374	512	512	888.426357469313	1600.17887429544	-593.707428816528	688.471384971587	291	48	7	4	162	240	195	21	5	51	356	13	5149	114	656	350	13	0	0	24	46	0	5368	6	13	0
6	1	1	2	11	11	up	3	512	508.158433789774	907.153975401102	512.651743538991	661.145641998355	607.332675713206	1539.86572566241	572.28705203655	836.778479413871	512	512	892.835707461147	1605.0866148309	-593.647206330302	688.330186384527	253	67	6	8	178	250	189	21	4	48	319	10	5198	105	658	328	11	0	0	29	52	0	5399	7	13	0
6	1	1	2	12	12	up	0	512	446.554515107884	717.057725970743	444.896149935656	493.716324532683	522.304331823525	1004.06661451705	524.366163566882	692.655555335074	512	512	901.597564483116	1639.40924866601	-593.903181214779	688.928795127075	291	81	3	6	131	249	180	10	6	67	343	8	5672	121	659	265	10	0	0	33	62	0	5906	5	15	0
6	1	1	2	12	12	up	1	512	415.028683717572	594.164597860802	429.780096087469	465.388889249491	539.002372482579	1132.54066571909	533.29262366226	708.516298997334	512	512	910.455628604526	1671.02877635823	-593.743012810998	688.552411737483	288	98	3	4	119	264	172	13	6	57	377	11	5627	129	585	290	10	0	0	33	62	0	5876	8	15	0
6	1	1	2	12	12	up	2	512	437.91722753757	628.470142666444	442.637923468892	474.385771998982	500.010503101335	892.210292480062	514.198937451578	656.791873896069	512	512	894.649814401861	1614.57327197096	-593.883396906787	688.880386901206	296	76	4	4	132	260	172	8	2	70	396	10	5622	116	624	270	18	0	0	40	70	0	5845	8	15	0
6	1	1	2	12	12	up	3	512	421.612275852573	606.059056360509	422.271178506246	430.705643014876	532.150303171019	1086.70164288074	527.850541979706	694.927157684041	512	512	898.662934153848	1632.7295895018	-593.451955005468	687.878708719646	284	95	5	4	124	265	174	12	2	59	388	13	5607	136	647	329	18	0	0	31	54	0	5868	8	16	0
6	1	1	2	13	13	up	0	512	464.126984280077	752.231125612461	460.973888837407	517.143195580935	626.201006262279	1507.08835385715	612.641880876411	946.098154592692	512	512	919.058734644311	1696.16599770749	-593.866433326548	688.841509177504	276	77	5	6	148	233	218	19	5	37	357	8	6153	138	578	273	10	0	0	32	60	0	6418	9	16	0
6	1	1	2	13	13	up	1	512	465.710576415079	904.482565146505	454.076367875744	525.80877318701	636.181752680715	1596.13447265847	619.959644336166	966.024977539064	512	512	900.195621467765	1642.71432595355	-593.19882333009	687.29490202128	264	100	2	10	136	230	216	21	6	39	488	14	6023	131	625	328	15	0	0	27	45	0	6268	7	16	0
6	1	1	2	13	13	up	2	512	442.390436457896	614.011174723997	454.554614772769	497.475447625215	645.404665040719	1725.89367624255	610.653590497143	952.102813081006	512	512	913.446758919492	1680.51107966342	-593.617948292905	688.263884675548	267	88	2	3	152	218	215	24	2	53	423	5	6069	159	622	274	16	0	0	32	57	0	6383	8	16	0
6	1	1	2	13	13	up	3	512	485.835188212577	934.161945344641	477.626186369831	584.434056865305	606.77754074385	1375.84268485434	603.158619526978	902.529175154362	512	512	891.845209334319	1607.45140948123	-593.567938213692	688.148021711751	272	80	3	10	147	216	226	16	3	51	439	17	6064	136	661	270	21	0	0	28	46	0	6323	7	16	0
6	1	1	2	14	14	up	0	512	468.46541812946	657.196988582405	475.232598103703	535.015158021949	543.42798393166	1012.59035150764	561.858395201598	777.765971905082	512	512	936.011799283913	1763.29027116135	-593.465941426217	687.911257587454	266	69	4	3	170	231	208	9	4	60	464	8	6531	165	549	313	12	0	0	20	38	0	6851	9	17	0
6	1	1	2	14	14	up	1	512	479.290103240702	849.957955001681	489.057826191864	614.450496060747	564.559653382588	1294.06838974729	564.06568333386	843.657637339032	512	512	923.216375269858	1727.05692734502	-593.439058253741	687.849249441496	274	75	5	8	150	240	186	16	4	66	481	8	6524	155	568	277	26	0	0	25	40	0	6827	8	17	0
6	1	1	2	14	14	up	2	512	460.124951625388	707.144650277686	474.876594256816	560.946820968345	545.941619393838	1042.32382458232	560.321677763761	779.816847662487	512	512	918.818865857748	1706.30338082246	-593.744535861645	688.558035236513	283	72	4	5	148	256	197	10	2	47	453	8	6568	139	540	257	14	0	0	36	66	0	6839	9	16	0
6	1	1	2	14	14	up	3	512	446.660946289145	581.875919808372	462.879109768693	504.845708350348	589.147310826967	1337.88746500252	577.296352832839	830.599057897009	512	512	909.027021217598	1673.88255712982	-593.332249610402	687.602970478314	275	76	2	2	157	234	206	16	4	52	505	12	6501	150	635	283	14	0	0	24	46	0	6786	8	16	0
6	1	1	2	15	15	up	0	512	457.592062581647	639.455080065278	467.42210840499	522.59588906763	542.851449450088	1000.97127542608	555.310371453805	752.198910905022	512	512	939.364545166809	1774.17612779247	-593.735208981445	688.535828252627	267	77	2	3	163	256	199	9	3	45	437	9	7073	161	589	280	12	0	0	24	46	0	7387	10	18	0
6	1	1	2	15	15	up	1	512	460.768337159768	676.960619912898	473.298388489432	541.080497939559	552.976061247586	1163.03646039292	558.230033352439	786.981002037365	512	512	916.579021243082	1694.90309287563	-593.531472641785	688.064312865933	277	73	0	4	158	248	188	13	6	57	545	9	6950	176	560	251	12	0	0	19	35	0	7289	9	18	0
6	1	1	2	15	15	up	2	512	477.888883647889	809.662167764883	484.819995695513	593.094876058029	550.529276838217	1091.49988087189	555.481994079844	767.9891856599	512	512	933.424694563551	1747.28701130957	-593.523757301601	688.044933539407	279	69	5	7	152	242	200	11	3	56	467	16	7048	149	550	256	14	0	0	21	39	0	7327	10	17	0
6	1	1	2	15	15	up	3	512	472.946644392578	804.526027299977	475.73270565449	555.603027175737	532.035854646965	1023.04001085341	533.044124839868	698.955895290961	512	512	936.148635360343	1761.66957093098	-593.239972122673	687.390494034636	276	76	1	7	152	246	190	10	3	63	494	15	6992	179	582	296	10	0	0	21	38	0	7337	10	18	0
6	1	1	2	16	16	up	0	512	464.761279506339	655.439119519774	492.771127401627	594.912125264032	498.216194534464	857.017834936196	517.699533981	656.26727437391	512	512	932.624501405904	1757.13053835253	-593.460332982806	687.900458973393	256	78	4	3	171	250	178	7	4	73	551	13	7436	192	562	229	13	0	0	30	54	0	7809	11	20	0
6	1	1	2	16	16	up	1	512	499.386371148518	960.377027777896	494.541599985115	627.374926492153	544.84738414071	1074.88258002057	545.164220599025	724.23586154059	512	512	943.042651045635	1791.01842778283	-593.781311462898	688.644883000871	261	76	6	10	159	258	190	11	3	50	551	11	7445	185	536	246	13	0	0	25	44	0	7804	10	18	0
6	1	1	2	16	16	up	2	512	472.131049589455	805.375252547647	476.743528867059	564.692444772457	549.799786669465	1051.44666528125	549.263861466715	733.534039266667	512	512	941.807191690417	1787.54357334591	-593.888024000953	688.890855364234	270	80	2	7	153	250	202	10	2	48	493	9	7515	175	535	244	11	0	0	21	40	0	7854	11	19	0
6	1	1	2	16	16	up	3	512	496.373215531022	885.678140705442	494.821083394598	600.087320625219	545.346904296029	1045.7637387543	550.044203101119	740.905101082226	512	512	939.350908741414	1778.49569136639	-593.499048351315	687.988426385759	261	72	2	8	169	245	200	10	3	54	532	14	7447	199	532	242	11	0	0	30	56	0	7834	11	20	0
6	1	1	2	17	17	up	0	512	503.263792005709	859.260847291161	512.121497545802	637.294344790615	516.392469112585	918.303864604149	529.988245107461	690.084165267766	512	512	956.501948351341	1841.34339162325	-593.790866882042	688.664304205556	266	60	2	7	177	264	183	8	1	56	558	9	7908	229	507	235	12	0	0	24	42	0	8360	12	20	0
6	1	1	2	17	17	up	1	512	548.311389476954	1184.31538913987	535.722038768231	717.007803780667	500.855514759466	826.607638311227	518.558805167179	653.588329235558	512	512	956.928810714943	1843.93753812746	-593.657621896222	688.356115758695	266	54	3	14	175	250	186	6	2	68	504	18	7994	188	515	227	10	0	0	29	54	0	8353	12	21	0
6	1	1	2	17	17	up	2	512	570.11586131727	1407.88479182793	542.718651444154	764.137728458923	535.81700759634	1028.4803657342	533.118821682612	710.731184457381	512	512	927.419674637414	1771.20496786318	-593.574467946606	688.166466201087	245	70	5	19	173	248	192	10	3	59	754	25	7759	166	580	249	12	0	0	26	48	0	8066	6	19	0
6	1	1	2	17	17	up	3	512	513.859580068844	850.56107880111	528.013761233201	667.80872872088	506.757214196961	940.995659018976	516.692752788967	666.518415699577	512	512	948.958212010228	1807.70156539777	-593.518299656773	688.032586961211	240	63	7	6	196	254	173	9	4	72	601	12	7910	181	456	218	8	0	0	31	54	0	8262	11	19	0
6	1	1	2	18	18	up	0	512	447.648750361011	721.554402062171	441.78841284321	481.897588441105	579.367117566955	1419.82226350894	539.327995164986	743.382791629921	512	512	954.465842304847	1830.84946541272	-593.542069203211	688.089124987451	285	84	3	6	134	254	177	19	4	58	608	16	8383	209	531	216	11	0	0	25	42	0	8790	12	21	0
6	1	1	2	18	18	up	1	512	433.436001274452	666.471477187895	433.938030893632	462.25046776019	519.060133227269	1103.62403543384	515.965739889684	694.272693584056	512	512	963.747520074522	1858.81459408893	-593.549710218997	688.109635652351	274	97	4	5	132	257	162	13	3	77	568	11	8434	203	487	254	12	0	0	23	42	0	8831	11	21	0
6	1	1	2	18	18	up	2	512	466.44006658383	833.342878352785	463.926977357277	556.230818837403	504.856474448829	1041.01161543279	499.584985931918	642.184518994014	512	512	957.84273767681	1847.16371562924	-593.472265233485	687.927124604807	264	91	4	8	145	264	154	12	3	79	565	16	8441	194	507	260	10	0	0	28	50	0	8812	11	22	0
6	1	1	2	18	18	up	3	512	428.311389476954	623.4905474851	441.337726562703	489.780791191552	536.526171218202	1162.8129466489	519.102026424001	679.491002997607	512	512	954.975415492094	1833.89412383366	-593.410216116682	687.783186531777	270	99	5	4	134	270	165	14	3	60	626	18	8393	179	471	223	16	0	0	23	36	0	8734	12	20	0
6	1	1	2	19	19	up	0	512	454.424878311645	705.612947475235	465.730941665408	528.803591729003	565.855514759466	1151.98014744564	576.387385987774	822.884817834423	512	512	979.687655471107	1926.60641733944	-593.605306694035	688.233989550807	267	87	2	5	151	242	205	12	5	48	606	11	8912	199	420	232	8	0	0	23	42	0	9300	13	23	0
6	1	1	2	19	19	up	1	512	434.731862651331	635.576137270592	454.244807649395	506.715268726691	634.01360872135	1492.88836294686	624.297167677092	948.472162764379	512	512	977.106048845382	1914.84152544938	-593.648172364217	688.33483096473	268	96	4	4	140	216	236	18	3	39	586	15	8919	208	471	225	4	0	0	28	50	0	9323	14	22	0
6	1	1	2	19	19	up	2	512	520.749083578205	1215.87369973764	483.665294110056	604.546740469225	593.715714689783	1312.02538482936	602.148162267238	908.994354869975	512	512	969.325426929833	1888.48600384641	-593.263735036511	687.443118981575	254	90	1	16	151	229	216	15	4	48	641	19	8834	234	503	235	15	0	0	19	38	0	9281	12	22	0
6	1	1	2	19	19	up	3	512	485.682232525397	831.616942776217	489.161821997585	585.940265884813	563.974028592898	1252.92337726283	563.220492294726	788.506916400435	512	512	966.236028166544	1879.20352191602	-593.367448351344	687.683195101873	263	75	1	7	166	251	187	15	3	56	623	11	8896	198	491	230	11	0	0	20	40	0	9281	14	22	0
6	1	1	2	20	20	up	0	512	458.570776345395	712.552194386493	467.064511978162	529.486105045961	551.728870307279	1093.07682105806	545.616665361501	723.442821755729	512	512	986.212510940937	1951.40477094358	-593.608736982021	688.243244299633	267	84	2	5	154	245	201	11	1	54	620	15	9398	207	411	194	7	0	0	30	54	0	9799	15	22	0
6	1	1	2	20	20	up	1	512	472.428943621023	774.592995760433	481.533459164754	572.516922860351	533.69646110822	956.588131436909	547.812524790894	727.63228676523	512	512	986.695888086223	1958.93346942786	-593.361431890212	687.66870584812	261	82	1	6	162	242	203	8	2	57	713	16	9305	206	417	224	11	0	0	25	46	0	9706	12	23	0
6	1	1	2	20	20	up	2	512	438.79165605071	609.33356975611	452.30225597713	491.441315423153	598.216194534464	1460.22848135967	588.027284013196	907.412187873087	512	512	980.243809263608	1931.44941280181	-593.71718621194	688.495225569111	266	92	0	3	151	230	197	19	8	58	650	15	9361	214	414	192	8	0	0	40	74	0	9775	14	24	0
6	1	1	2	20	20	up	3	512	471.506917636639	762.375693256445	477.865079043742	561.751903998937	534.415788003526	1025.26661782239	539.195285470928	715.586705576171	512	512	994.042696673866	1977.74992224806	-593.824929242931	688.745690379755	283	68	3	6	152	253	191	10	0	58	570	8	9465	197	406	200	12	0	0	25	44	0	9851	16	22	0
6	1	1	2	21	21	up	0	512	474.914235193519	810.902082763204	487.601162965485	611.489696401288	514.626504435396	950.593440600917	536.217460330123	717.688508292714	512	512	975.629658690757	1914.34503213657	-593.715633131416	688.491805597709	265	80	5	7	155	259	175	9	7	62	666	15	9883	188	390	158	11	0	0	40	72	0	10247	16	24	0
6	1	1	2	21	21	up	1	512	472.476541092268	805.946871174756	477.748271360278	573.159748937885	552.889956613215	1203.99211682185	547.343635061055	755.564296036671	512	512	994.057317639313	1982.25408489375	-593.747002448713	688.563162212151	269	80	3	7	153	242	189	14	0	67	679	11	9812	250	407	184	14	0	0	40	70	0	10301	14	24	0
6	1	1	2	21	21	up	2	512	492.638587087566	969.716260641425	490.918379106887	617.806517623849	527.716674379146	970.753087372809	537.148299106517	706.78182928654	512	512	998.572465931015	1997.50813846281	-593.654395833976	688.34930115003	296	63	5	11	137	267	184	9	3	49	634	25	9856	237	387	221	11	0	0	25	48	0	10306	15	25	0
6	1	1	2	21	21	up	3	512	503.042912300395	1004.91849228088	488.169193203633	601.026149722974	524.712609069768	1036.74643129229	533.748890561926	709.878712928079	512	512	1018.15346709437	2080.30913420054	-593.454630934141	687.884345595562	259	80	2	11	160	269	172	11	2	58	641	10	9872	229	378	214	7	0	0	25	48	0	10321	15	24	0
6	1	1	2	22	22	up	0	512	514.703518761649	991.357965744062	509.291007510453	662.441006128474	530.23138280665	1053.52825563408	540.324384339962	737.220203779985	512	512	1014.55654169673	2058.76862495637	-593.328075644739	687.593194475383	251	72	4	10	175	251	182	11	3	65	691	11	10324	238	371	209	2	0	0	24	44	0	10792	16	26	0
6	1	1	2	22	22	up	1	512	492.696347832256	1009.5535123812	487.372054415413	624.232790444096	547.534301836958	1149.9637296646	542.335064091824	733.643808224498	512	512	1012.66753408312	2060.8851162322	-593.748425361183	688.567941035147	289	72	3	12	136	262	182	13	1	54	712	9	10307	236	359	184	8	0	0	28	54	0	10771	16	25	0
6	1	1	2	22	22	up	2	512	505.470443128201	1001.4435431345	495.506717311624	615.757411794005	532.074361810092	1024.89455766015	529.937885748937	693.068856168654	512	512	1006.7852454784	2034.00298798412	-593.479486299895	687.942715166579	278	67	0	11	156	244	192	10	1	65	738	13	10287	226	351	216	7	0	0	29	56	0	10728	15	25	0
6	1	1	2	22	22	up	3	512	480.355994604148	824.028029082153	483.819906103627	575.421072401906	562.486704365713	1253.53003086433	557.695915220885	801.360586822376	512	512	994.63034177656	1980.66779585852	-593.606588306914	688.237425549177	259	81	2	7	163	242	188	15	5	62	692	14	10320	238	419	169	10	0	0	20	36	0	10784	17	25	0
6	1	1	2	23	23	up	0	512	485.480606401646	792.871487930276	499.788782235701	608.124626713609	530.289143551339	1019.22803651919	531.699334085493	700.735931479341	512	512	1020.54178553879	2092.82663405318	-593.262818496517	687.440075601712	267	68	3	6	168	248	188	10	3	63	769	13	10734	260	343	189	9	0	0	32	56	0	11241	15	28	0
6	1	1	2	23	23	up	1	512	545.682232525397	1223.2089620903	527.444192814395	714.08415494454	510.999380138528	804.296331237724	537.733172725839	691.943790575583	512	512	1022.41008040909	2092.9775041111	-593.915347653688	688.950940990606	251	70	1	15	175	257	195	5	3	52	705	8	10815	248	325	161	5	0	0	21	42	0	11304	15	26	0
6	1	1	2	23	23	up	2	512	507.35192929477	937.555744846992	520.495691057204	683.39086325146	551.104738354462	1161.24355635589	551.908179784359	772.394684899988	512	512	1011.53265523233	2056.66786008037	-593.785473063151	688.652868623907	265	65	3	9	170	246	188	13	5	60	763	16	10764	233	354	171	11	0	0	30	56	0	11212	16	27	0
6	1	1	2	23	23	up	3	512	550.999380138528	1164.18990005646	532.331062804121	697.936308237507	511.987184210394	1018.11228434619	516.693541031311	670.486952818083	512	512	1017.52266333619	2075.11388388341	-593.388035429589	687.731823416766	241	64	3	13	191	263	165	11	2	71	723	22	10790	241	326	152	15	0	0	22	42	0	11252	17	26	0
6	1	1	2	24	24	up	0	512	476.219186878516	846.588110778484	467.741742982978	552.861763968842	519.780533087902	965.902980707541	518.686151955702	664.200461497049	512	512	1030.11136556995	2124.12521377141	-593.408230538182	687.777593334429	269	80	6	8	149	247	185	9	4	67	760	19	11212	297	351	178	6	0	0	22	44	0	11788	16	27	0
6	1	1	2	24	24	up	1	512	478.253628732264	848.216491325037	466.840974560631	541.931114052282	492.50488498195	868.098531476368	498.539397518608	615.239385961193	512	512	1015.71841309911	2069.83475208572	-593.740012871169	688.54478133752	273	76	6	8	149	286	157	8	2	59	820	15	11236	217	330	152	7	0	0	17	34	0	11651	18	27	0
6	1	1	2	24	24	up	2	512	454.165491443204	701.167711744188	455.519193932455	502.765550587813	514.665011598523	1026.58545826232	506.981173469858	640.125670365046	512	512	1029.93972679118	2126.56501595536	-593.236418649454	687.381169596397	274	82	4	5	147	253	170	11	3	75	770	15	11232	271	345	174	12	0	0	23	40	0	11760	17	27	0
6	1	1	2	24	24	up	3	512	471.517080910083	844.943324845943	469.909916126627	567.135571293757	490.259726696331	872.336230535641	493.04473805389	596.66672286951	512	512	1023.47832227135	2096.00863304175	-593.208551245181	687.317101793947	256	92	5	8	151	268	162	8	2	72	762	14	11272	240	341	162	8	0	0	24	46	0	11739	18	27	0
6	1	1	2	25	25	up	0	512	471.49782732852	806.960619912898	475.620343315009	563.294142819108	603.964938284779	1397.98724423495	584.12397736538	848.843589855149	512	512	1030.30028034627	2125.47702667762	-593.587954894193	688.196403760634	261	85	5	7	154	237	212	17	2	44	791	20	11750	239	329	151	7	0	0	28	52	0	12210	19	28	0
6	1	1	2	25	25	up	1	512	492.23640780539	945.293653931452	485.721834591946	589.741147088649	587.659986599782	1301.46529486966	577.939551088051	831.235112890431	512	512	1030.04771179354	2129.90346632672	-592.973411692497	686.773028151187	267	77	7	10	151	233	212	15	1	51	853	18	11650	279	316	152	8	0	0	24	40	0	12191	18	28	0
6	1	1	2	25	25	up	2	512	482.399526766015	818.126914501933	488.494677102118	583.368431496367	609.358027258837	1474.91273827639	583.592983602324	853.846705396724	512	512	1040.34053775655	2173.50787911602	-593.247687813086	687.406280745633	281	66	1	7	157	244	203	19	3	43	831	17	11673	279	291	123	7	0	0	22	42	0	12215	18	29	0
6	1	1	2	25	25	up	3	512	485.739993270087	797.316723661323	483.379262460773	559.415384766265	601.421885967593	1395.92516075645	596.434272124343	907.963065574833	512	512	1042.3097413113	2176.40664756038	-593.694381716102	688.441863169935	260	73	1	6	172	228	211	17	6	50	784	22	11745	249	252	148	11	0	0	38	70	0	12221	19	28	0
6	1	1	2	26	26	up	0	512	476.603185544455	700.792550093613	497.040670651081	593.52309206267	526.28711089665	1048.27903203908	524.865178989626	692.287415365945	512	512	1056.58504010656	2239.8075719992	-593.321641017654	687.577704167766	282	58	1	4	167	251	181	11	0	69	800	18	12181	313	260	169	7	0	0	28	50	0	12790	20	30	0
6	1	1	2	26	26	up	1	512	494.9051448854	887.212067710312	500.728133315553	631.313125105597	556.939586739149	1206.32160451159	544.187176412082	743.320899716685	512	512	1062.05496195951	2250.60432125753	-592.976787370708	686.779993500917	251	79	3	8	171	251	188	14	1	58	814	21	12160	317	229	131	6	0	0	23	43	0	12775	19	29	0
6	1	1	2	26	26	up	2	512	521.181752680715	1043.28080726933	513.40586258093	658.583021633872	527.745018268827	1075.31716023844	526.541429472175	704.243784861487	512	512	1044.73240892443	2190.85857777096	-593.791844381577	688.66915986563	242	78	1	11	180	272	167	12	4	57	890	9	12119	294	263	114	6	0	0	20	33	0	12699	18	30	0
6	1	1	2	26	26	up	3	512	501.53526152632	1025.69364814709	489.488257550206	605.377362341885	569.568743690706	1294.45685529553	552.388086062027	774.354834571326	512	512	1049.95405815684	2206.03401436329	-593.566375618025	688.144261948639	288	67	1	12	144	258	183	16	4	51	788	13	12258	253	326	134	10	0	0	23	44	0	12753	20	29	0
6	1	1	2	27	27	up	0	512	508.052002608513	1079.41782088847	497.598996589454	646.197909261401	581.28711089665	1394.87105135316	553.15458264071	782.699183144888	512	512	1062.29700265258	2258.36996330831	-593.478886238658	687.941522218165	269	77	4	13	149	239	190	18	2	63	840	13	12663	308	235	127	7	0	0	17	32	0	13266	22	30	0
6	1	1	2	27	27	up	1	512	494.540399801024	885.713175679836	498.732361018038	627.740472148425	531.651855981026	1094.75131627424	525.334305693058	695.219044392373	512	512	1050.44733988658	2215.57264446205	-593.51314585859	688.022234611269	253	78	3	8	170	245	181	12	2	72	885	28	12609	302	241	138	9	0	0	24	46	0	13187	20	31	0
6	1	1	2	27	27	up	2	512	504.933488775082	896.445767336917	510.592182302721	640.797027512475	514.598160545714	994.304309444633	513.677867339669	653.917826562943	512	512	1061.06182359656	2250.68584637334	-593.293983404881	687.513613294275	268	61	3	8	172	246	178	10	2	76	902	15	12585	322	272	104	1	0	0	27	52	0	13215	20	30	0
6	1	1	2	27	27	up	3	512	485.615381472589	799.309186163213	488.92095469051	582.534865336055	509.635594743515	1009.28345565381	516.089029688781	681.673257949624	512	512	1054.03506494062	2221.69575859055	-593.727454562279	688.517000173135	252	77	4	6	173	273	159	11	3	66	859	21	12671	273	238	94	5	0	0	25	44	0	13196	20	31	0
6	1	1	2	28	28	up	0	512	511.296201204769	942.831576237304	511.949732495691	649.433133536759	483.244538424146	789.579691862776	504.730915837273	627.203352690997	512	512	1064.65456361963	2273.90369511558	-593.00968280438	686.859533768385	269	60	2	9	172	267	167	6	2	70	941	12	13073	310	227	111	8	0	0	31	56	0	13675	21	31	0
6	1	1	2	28	28	up	1	512	548.925358156326	1292.96904296029	524.476529414068	731.871823347206	526.334708367895	1005.49543659873	531.0004402578	707.732033614029	512	512	1071.18802574983	2292.78727852955	-593.701650476857	688.458570085764	264	66	4	17	161	263	179	10	4	56	859	26	13187	264	201	88	7	0	0	27	52	0	13690	21	31	0
6	1	1	2	28	28	up	2	512	493.378240529763	1018.2262447622	490.083016200125	618.738732860568	554.089550082277	1205.51584141739	541.530448077149	742.611076622548	512	512	1063.26122726465	2261.72798320704	-593.475653826652	687.935525141891	269	83	6	12	142	237	188	14	6	67	903	16	13101	316	248	101	6	0	0	30	50	0	13719	20	32	0
6	1	1	2	28	28	up	3	512	479.84738414071	675.34599223617	493.475354118176	571.155203122346	524.146237861641	1033.58412374087	520.138545330164	667.224527007444	512	512	1068.36317626859	2282.09346345079	-593.524844637643	688.048485500965	266	60	6	3	177	275	170	11	1	55	932	15	13093	296	224	117	5	0	0	14	26	0	13673	21	31	0
6	1	1	2	29	29	up	0	512	524.636667708841	974.939346071701	528.437641834943	685.543593662578	564.510982946016	1320.83911373541	541.619218405342	754.788343417112	512	512	1096.75147557354	2398.5014546979	-593.697660922664	688.450700857446	248	64	1	9	190	261	174	17	3	57	869	19	13635	325	161	81	1	0	0	28	52	0	14269	23	32	0
6	1	1	2	29	29	up	1	512	514.510982946016	982.138447301026	524.426590656405	689.058599093474	503.474508437579	853.394767685335	517.54329342391	651.125170295094	512	512	1084.53324627531	2347.58093241773	-593.694669048643	688.441136676734	269	60	6	10	167	280	172	7	2	51	831	25	13682	310	212	79	6	0	0	30	54	0	14274	22	32	0
6	1	1	2	29	29	up	2	512	541.037887301654	1076.0444468632	549.707831807498	755.315176722999	514.521146219461	953.566392096803	517.637918263681	667.963229172322	512	512	1081.47654098466	2342.23280124772	-593.395155541554	687.749015074267	239	64	5	11	193	258	179	9	1	65	951	15	13561	321	190	100	6	0	0	17	32	0	14190	22	33	0
6	1	1	2	29	29	up	3	512	539.971995938209	1027.89011751868	541.037976176237	711.479011884549	561.075321499455	1315.99698527706	527.93407175153	703.68277868522	512	512	1091.12811280262	2383.11719317587	-593.319775391607	687.573305535967	266	45	2	10	189	262	173	17	0	60	950	18	13543	337	152	109	5	0	0	22	42	0	14204	21	35	0
6	1	1	2	30	30	up	0	512	499.84738414071	781.181913586183	508.647121454804	612.137386266654	456.996274518512	701.04620143502	469.428435601291	536.152318668984	512	512	1093.40282279643	2384.72196335712	-593.775514025558	688.63077528474	266	54	4	5	183	289	146	5	0	72	915	20	14135	290	157	81	5	0	0	29	56	0	14696	23	33	0
6	1	1	2	30	30	up	1	512	493.56061307195	870.740660761063	508.456823252072	650.412542012626	458.953702046008	810.131782957142	458.137758226257	533.345244364123	512	512	1092.008299075	2383.93883891089	-593.494901532978	687.97914763021	282	60	4	8	158	285	130	8	7	82	968	10	14066	316	172	76	3	0	0	19	38	0	14691	24	34	0
6	1	1	2	30	30	up	2	512	517.016601065402	887.165953040679	521.738762766394	651.973203166915	447.678167216019	619.745541611328	465.888137146341	530.778946332376	512	512	1082.06968418199	2341.09203734143	-593.534988986497	688.073505145456	255	57	2	7	191	273	153	3	3	80	1027	19	14001	313	153	69	4	0	0	18	34	0	14612	22	33	0
6	1	1	2	30	30	up	3	512	480.240473114768	781.43556492759	491.786501802185	591.400868089509	510.451189546638	1008.40762261082	511.563381797369	658.456066983025	512	512	1098.29097370216	2406.2060458198	-593.76814672688	688.612108702252	273	68	3	6	162	275	157	11	6	63	905	18	14126	311	150	69	0	0	0	33	60	0	14734	23	33	0
6	1	1	2	31	31	up	0	512	518.216194534464	925.771716961214	538.265258126587	717.528944446162	523.360059913525	1006.73535159706	521.319447769242	673.179844232286	512	512	1091.58096838178	2389.32585889947	-593.556474406849	688.12352035789	250	62	5	8	187	249	182	10	4	67	977	22	14559	314	164	80	11	0	0	24	44	0	15167	20	34	0
6	1	1	2	31	31	up	1	512	566.891989267904	1227.85908197696	555.724768296645	768.001785338832	478.436001274452	811.923809708255	494.430256732781	610.247126140842	512	512	1102.51623585629	2430.92473120103	-593.603490828603	688.22897109328	239	58	2	14	199	278	154	7	3	70	987	16	14545	324	139	61	3	0	0	26	46	0	15180	23	35	0
6	1	1	2	31	31	up	2	512	570.26881700445	1362.20806827764	552.84452632184	781.772864644859	486.813901976325	896.066157281506	488.97537790115	593.703982868435	512	512	1115.9666757944	2488.69445611037	-593.503996490552	688.002040296042	270	51	3	18	170	280	149	9	4	70	1003	23	14461	385	124	84	2	0	0	16	32	0	15212	23	34	0
6	1	1	2	31	31	up	3	512	540.059173537906	1040.02937186697	547.487716755368	738.933514290658	481.478573746957	747.785012595502	500.55630567201	609.258296765585	512	512	1099.55733068434	2411.56795893481	-593.773250864106	688.623030392059	239	62	2	10	199	274	168	5	2	63	990	15	14578	289	152	77	9	0	0	26	48	0	15144	24	35	0
6	1	1	2	32	32	up	0	512	572.678167216019	1373.7655015895	569.149593620876	851.9498998147	471.28711089665	849.908738843718	471.895737173371	568.521910251339	512	512	1110.14797828928	2458.26231616629	-593.553429189198	688.113815062664	249	61	7	18	177	247	156	8	2	99	1023	28	15013	320	126	70	2	0	0	23	40	0	15626	25	35	0
6	1	1	2	32	32	up	1	512	546.911242849467	1085.89500250063	549.292922210713	737.427834836607	467.255661386953	721.300750720764	476.295918759465	556.729827321994	512	512	1134.60871172841	2568.88308046306	-593.379909121753	687.712679979821	242	59	2	11	198	278	155	5	4	70	962	11	15023	388	91	62	0	0	0	36	62	0	15790	26	35	0
6	1	1	2	32	32	up	2	512	560.499859983209	1209.17127046806	552.672097928142	766.809069747871	517.850376484762	1130.67236604253	495.963286931564	634.142061201868	512	512	1123.8415209333	2523.58681029983	-593.685004708916	688.421181134011	258	51	1	14	188	273	151	14	2	72	991	16	15003	374	109	52	2	0	0	23	46	0	15735	25	36	0
6	1	1	2	32	32	up	3	512	594.175654716649	1450.36949854316	572.896119966073	838.685616306319	478.723732032575	846.795647450258	473.016892197069	554.461262574698	512	512	1111.61455962108	2468.05389200691	-593.427563700425	687.82233396938	239	56	6	19	192	280	148	8	4	72	1029	24	14980	351	118	64	3	0	0	30	54	0	15658	24	35	0
6	1	1	2	33	33	up	0	512	525.433008930401	936.08080809567	540.724163622868	716.030077345954	451.1229189707	691.195645797584	462.194045699183	527.809172795709	512	512	1124.79820089784	2529.76632328552	-593.522955431144	688.044793313988	255	54	4	8	191	286	141	5	3	77	1067	21	15430	378	104	49	4	0	0	33	58	0	16165	24	36	0
6	1	1	2	33	33	up	1	512	569.694428453531	1197.2577540662	575.077671800718	833.464186599947	470.633562088826	834.580569148688	473.660197406251	570.731852557147	512	512	1125.48384894565	2521.36908295378	-593.674885290201	688.394276037424	237	53	3	13	206	276	143	8	5	80	1043	24	15470	359	87	44	2	0	0	24	40	0	16167	26	36	0
6	1	1	2	33	33	up	2	512	579.684265180086	1241.71894621107	567.285868492323	789.47145864102	509.500819672572	1188.14952286458	483.874364128346	622.480908761746	512	512	1135.3918317149	2577.18447937487	-593.438635804326	687.848754964568	256	38	2	14	202	272	135	16	3	86	1041	19	15482	354	69	50	0	0	0	23	46	0	16175	25	36	0
6	1	1	2	33	33	up	3	512	568.724804997901	1190.74200767757	572.688706969638	818.492906892593	453.281972621946	764.942426901605	459.706219871241	520.264157453145	512	512	1131.83487893422	2569.13670912442	-593.288809075827	687.501014310651	247	47	4	13	201	290	132	7	2	81	1038	26	15444	388	92	59	3	0	0	35	62	0	16196	22	36	0
6	1	1	2	34	34	up	0	512	540.126024590715	1072.31052068466	551.564167990048	756.680736105918	481.00739748132	881.467926727397	471.105349530301	559.926153938117	512	512	1131.0058347025	2547.9347912369	-593.549661991242	688.107195688358	246	61	3	11	191	292	141	9	3	67	1045	23	16019	321	56	30	1	0	0	28	54	0	16636	27	37	0
6	1	1	2	34	34	up	1	512	624.3772808404	1573.70475676413	598.027307511031	911.033634958471	469.491729364453	872.867488497609	462.424575095685	543.135173744129	512	512	1133.27168732871	2560.3247183295	-593.313868034241	687.557686977905	235	44	7	21	205	270	142	9	1	90	1147	20	15881	360	46	36	0	0	0	21	38	0	16585	26	37	0
6	1	1	2	34	34	up	2	512	544.367117566955	1104.90208689489	555.504978394782	779.031171630601	468.167524097893	762.090108428975	472.95509414501	550.26669659075	512	512	1125.55928062497	2535.21524524217	-593.571334872658	688.157635063691	266	48	6	12	180	267	153	6	7	79	1158	22	15865	363	56	37	0	0	0	29	54	0	16569	23	37	0
6	1	1	2	34	34	up	3	512	545.653888635715	1007.45198684032	550.209853739072	721.456783687386	475.633562088826	916.636000678366	467.897916873401	548.073451567307	512	512	1126.95188314712	2536.39463995916	-593.508174039222	688.00899526568	254	45	1	9	203	272	139	10	4	87	1106	23	15918	361	51	26	0	0	0	23	42	0	16621	25	37	0
6	1	1	2	35	35	up	0	512	638.994355139787	1499.8790502185	626.499851339015	952.380807933732	469.126984280077	871.341988671818	463.688112605824	543.49634134569	512	512	1134.3767784462	2567.38222302522	-593.364771706071	687.678255024557	217	34	5	18	238	268	140	9	5	90	1153	28	16363	376	34	15	2	0	0	23	40	0	17091	25	38	0
6	1	1	2	35	35	up	1	512	592.056181193855	1246.21519398875	598.593824949621	878.120027496797	472.658913634456	880.820484147009	463.73163096968	549.133548266119	512	512	1161.96079148771	2690.5598075995	-593.384893206869	687.725137032873	208	54	6	13	231	262	146	9	3	92	1048	24	16429	419	31	22	0	0	0	20	40	0	17239	25	39	0
6	1	1	2	35	35	up	2	512	569.118966937285	1127.46086299156	598.932689011498	892.438522148378	470.05810057258	838.974364519354	466.411856707705	550.092496472301	512	512	1155.61552509698	2664.65244151524	-593.38407518867	687.722781406017	225	51	9	11	216	268	148	8	1	87	1115	29	16392	384	27	26	1	0	0	21	40	0	17133	28	39	0
6	1	1	2	35	35	up	3	512	593.264864971035	1277.31807057783	601.034906878464	895.49320623927	451.266784349761	727.159280433425	459.503234884467	535.374110515846	512	512	1151.43610971528	2642.58019576046	-593.510974486671	688.016577429675	225	47	4	14	222	285	136	6	4	81	1109	20	16399	392	13	20	0	0	0	25	46	0	17167	26	39	0
6	1	1	2	36	36	dwell	0	512	0	0	0	0	453.819999940391	811.788995501429	448.079644533485	523.850481734548	0	0	1146.0951659072	2621.84870628486	-593.184117262015	687.259496989171	0	0	0	0	0	267	136	8	2	99	1256	33	16762	381	0	0	0	0	0	25	46	0	17494	26	39	0
6	1	1	2	36	36	dwell	1	512	0	0	0	0	429.404551764755	612.000959919614	436.172662548267	464.802646701451	0	0	1141.44005817734	2602.51154174643	-593.4535980247	687.884935186414	0	0	0	0	0	301	124	4	4	79	1232	27	16795	378	0	0	0	0	0	18	28	0	17523	28	41	0
6	1	1	2	36	36	dwell	2	512	0	0	0	0	422.371182876333	470.192548440939	439.7740534046	458.350606271154	0	0	1155.10785831303	2655.51372936406	-593.690096480729	688.432159610207	0	0	0	0	0	272	149	0	4	87	1121	27	16889	395	0	0	0	0	0	22	38	0	17658	28	39	0
6	1	1	2	36	36	dwell	3	512	0	0	0	0	443.685224869449	752.433336593487	440.844039326027	488.032763678487	0	0	1144.3175800417	2615.07255922327	-593.452189543924	687.880868620574	0	0	0	0	0	282	128	7	2	93	1208	30	16836	358	0	0	0	0	0	23	44	0	17522	27	38	0
6	1	1	2	36	36	dwell	4	512	0	0	0	0	459.4147150382	853.32247353413	445.444849413886	508.389995806844	0	0	1156.87611848132	2665.31383420055	-593.187573813685	687.263003732644	0	0	0	0	0	274	132	9	3	94	1211	30	16767	424	0	0	0	0	0	14	28	0	17591	28	39	0
6	1	1	2	36	36	dwell	5	512	0	0	0	0	412.149230205692	621.056832158091	422.886088617364	452.332544542512	0	0	1139.30099689351	2596.58799940855	-593.21666410464	687.333620927988	0	0	0	0	0	294	108	5	6	99	1328	23	16683	398	0	0	0	0	0	15	30	0	17462	27	40	0
6	1	1	2	36	36	dwell	6	512	0	0	0	0	445.700413141634	790.163267471037	435.969265635776	478.361247198668	0	0	1159.67330425494	2680.60982049737	-593.368399587196	687.687072976413	0	0	0	0	0	279	122	8	8	95	1112	33	16898	389	0	0	0	0	0	29	44	0	17646	28	39	0
6	1	1	2	36	36	dwell	7	512	0	0	0	0	437.888883647889	672.154403714845	435.563395233294	464.091265263862	0	0	1177.40333442637	2761.82074998951	-594.076239753826	689.326398023248	0	0	0	0	0	279	134	5	3	91	1069	11	16969	383	0	0	0	0	0	32	60	0	17726	28	40	0
6	1	1	2	36	36	dwell	8	512	0	0	0	0	408.407657384771	485.208953826927	422.860158677707	429.74672458446	0	0	1151.92834422817	2644.39372997673	-593.413052259419	687.791739198534	0	0	0	0	0	265	136	1	5	105	1175	23	16841	393	0	0	0	0	0	33	52	0	17601	26	40	0
6	1	1	2	36	36	dwell	9	512	0	0	0	0	459.386371148518	859.924695257537	451.45570760774	530.941316971782	0	0	1150.05931552504	2641.73857727231	-593.551398782773	688.110981060935	0	0	0	0	0	257	137	9	5	104	1162	24	16874	372	0	0	0	0	0	22	40	0	17595	28	40	0
6	1	1	2	36	36	dwell	10	512	0	0	0	0	438.599120235077	674.224914372431	440.934534942312	487.597952965851	0	0	1161.81694177017	2688.24968315664	-593.45525914216	687.886624646495	0	0	0	0	0	276	135	5	4	92	1138	24	16911	359	0	0	0	0	0	33	56	0	17610	29	40	0
6	1	1	2	36	36	dwell	11	512	0	0	0	0	439.846311175384	744.211161502604	437.127580381848	483.165800371768	0	0	1148.81777918794	2629.85023122576	-593.424737689756	687.816586941956	0	0	0	0	0	283	123	7	5	94	1197	27	16851	357	0	0	0	0	0	30	50	0	17542	27	39	0
6	1	1	2	36	36	dwell	12	512	0	0	0	0	419.760206541013	568.137994197172	423.55926170008	433.818249274241	0	0	1151.70270555023	2642.73636190815	-593.546561630394	688.100790068233	0	0	0	0	0	285	129	3	2	93	1184	21	16839	388	0	0	0	0	0	20	36	0	17601	29	39	0
6	1	1	2	36	36	dwell	13	512	0	0	0	0	438.628537090085	757.74642716061	431.056750884669	469.908346956344	0	0	1150.45006246623	2645.97057026939	-593.226837782897	687.357754884902	0	0	0	0	0	252	136	7	1	116	1257	43	16769	363	0	0	0	0	0	28	50	0	17458	27	40	0
6	1	1	2	36	36	dwell	14	512	0	0	0	0	458.493762019142	820.062610952693	453.834223609052	522.12581194363	0	0	1154.50816980421	2662.6025737503	-593.708745575151	688.473709108783	0	0	0	0	0	267	140	8	1	96	1137	26	16921	348	0	0	0	0	0	25	44	0	17589	28	39	0
6	1	1	2	36	36	dwell	15	512	0	0	0	0	438.109763353203	748.882563493831	437.15281867525	482.754647122463	0	0	1177.1407063436	2757.14261049852	-593.750284987705	688.572076648172	0	0	0	0	0	270	129	7	1	105	1021	17	17043	351	0	0	0	0	0	42	66	0	17731	28	40	0
6	1	1	2	36	36	dwell	16	512	0	0	0	0	437.457287510705	638.347755071364	436.652504091378	464.695690589656	0	0	1147.87512650561	2629.12003681588	-593.224056150274	687.351433630434	0	0	0	0	0	270	140	4	6	92	1223	30	16799	380	0	0	0	0	0	21	40	0	17534	28	40	0
6	1	1	2	36	36	dwell	17	512	0	0	0	0	437.946644392578	600.798753070273	439.128463882691	456.74581043443	0	0	1145.50658414528	2617.25684085795	-593.330082470702	687.598570873286	0	0	0	0	0	280	144	3	2	83	1248	31	16763	390	0	0	0	0	0	16	30	0	17515	29	39	0
6	1	1	2	36	36	dwell	18	512	0	0	0	0	439.923325501637	710.864823586392	443.327600151432	499.32083244071	0	0	1145.63812495348	2621.99526902824	-592.953883986699	686.728848434442	0	0	0	0	0	283	131	6	0	92	1238	19	16775	400	0	0	0	0	0	21	42	0	17557	27	40	0
6	1	1	2	36	36	dwell	19	512	0	0	0	0	427.946644392578	621.991655454623	434.0735759425	469.59718680174	0	0	1155.27342010992	2663.68753405321	-593.571153777483	688.155214259186	0	0	0	0	0	272	133	4	5	98	1146	29	16878	379	0	0	0	0	0	29	54	0	17610	29	43	0
6	1	1	2	36	36	dwell	20	512	0	0	0	0	411.698380486945	586.349517906559	421.590542725385	447.267089157177	0	0	1155.29399270363	2664.75876666198	-593.912150021062	688.947883003839	0	0	0	0	0	290	114	4	6	98	1079	28	16956	369	0	0	0	0	0	32	54	0	17667	28	41	0
6	1	1	2	36	36	dwell	21	512	0	0	0	0	428.483598745697	689.907391927212	427.05898400134	460.586604735309	0	0	1164.99645585503	2698.80505470452	-593.654792119367	688.350272453054	0	0	0	0	0	282	120	6	5	99	1088	22	16958	364	0	0	0	0	0	21	40	0	17667	28	39	0
6	1	1	2	36	36	dwell	22	512	0	0	0	0	402.264751695072	499.565041048612	420.693288949886	429.604597381115	0	0	1165.89205960249	2712.75960759665	-593.396008522322	687.75053897253	0	0	0	0	0	292	118	2	3	97	1088	26	16912	406	0	0	0	0	0	35	63	0	17696	29	40	0
6	1	1	2	36	36	dwell	23	512	0	0	0	0	431.142172552263	697.479900235288	429.320304572912	459.925069421321	0	0	1176.02316616717	2756.30431852498	-593.650321839442	688.341137759201	0	0	0	0	0	277	125	6	3	101	1046	21	16977	388	0	0	0	0	0	34	61	0	17732	29	40	0
6	1	1	2	36	36	dwell	24	512	0	0	0	0	434.395461456637	701.585886576066	432.676227800302	464.417919194304	0	0	1151.38073441924	2648.54662386027	-593.26209829964	687.438272951104	0	0	0	0	0	279	126	6	4	97	1259	36	16737	400	0	0	0	0	0	21	36	0	17503	27	39	0
6	1	1	2	36	36	dwell	25	512	0	0	0	0	404.405624730082	551.315380876502	420.657694037643	444.852592223838	0	0	1161.89832507776	2690.13112224288	-593.72623929151	688.514304179875	0	0	0	0	0	264	125	3	3	117	1077	28	16970	357	0	0	0	0	0	33	60	0	17660	27	39	0
6	1	1	2	36	36	dwell	26	512	0	0	0	0	438.358986948199	707.788991369744	435.6411080829	466.417327047063	0	0	1149.40370591776	2630.26880500059	-593.450066698747	687.873393899215	0	0	0	0	0	282	129	6	2	93	1172	22	16861	377	0	0	0	0	0	27	46	0	17597	28	38	0
6	1	1	2	36	36	dwell	27	512	0	0	0	0	413.67613456133	490.042655106206	426.017707837457	430.124561661634	0	0	1166.13662997405	2709.25567041181	-593.488649649731	687.963199727376	0	0	0	0	0	276	137	1	3	95	1190	19	16799	424	0	0	0	0	0	20	38	0	17630	28	40	0
6	1	1	2	36	36	dwell	28	512	0	0	0	0	453.253628732264	771.571256420327	440.483760965194	477.222735279064	0	0	1150.66476763171	2636.22929106385	-593.173889356475	687.23531409484	0	0	0	0	0	277	138	7	0	90	1183	33	16801	415	0	0	0	0	0	23	36	0	17601	27	39	0
6	1	1	2	36	36	dwell	29	512	0	0	0	0	428.071256190077	657.054624482413	438.301615656853	483.598052232487	0	0	1139.05405178903	2597.94787157833	-593.380585923902	687.715525883389	0	0	0	0	0	276	128	5	3	100	1258	35	16789	350	0	0	0	0	0	24	46	0	17460	24	40	0
6	1	1	2	36	36	dwell	30	512	0	0	0	0	416.890916302578	566.431565494922	427.505715026644	452.501594106457	0	0	1139.13173284766	2590.7678942721	-593.872509130837	688.856752979994	0	0	0	0	0	276	129	3	4	100	1240	22	16842	328	0	0	0	0	0	28	54	0	17480	24	39	0
6	1	1	2	36	36	dwell	31	512	0	0	0	0	415.028683717572	557.109166331124	429.229166537305	443.658050025184	0	0	1160.26869683157	2681.290553866	-593.86888144902	688.846399727887	0	0	0	0	0	292	123	3	2	92	1103	25	16916	388	0	0	0	0	0	25	44	0	17668	28	41	0
6	1	1	2	37	35	down	0	512	621.229350151961	1677.87193690245	602.495558443277	970.77883938321	477.208063915708	816.975699040805	473.591199800649	550.984609188306	512	512	1136.95587018941	2574.84342082283	-593.190554739366	687.273903280368	234	60	3	24	191	262	159	7	3	81	1109	33	16415	363	17	21	1	0	0	28	50	0	17109	27	38	0
6	1	1	2	37	35	down	1	512	616.623512091344	1458.42449762741	611.061022732635	946.963086230803	449.807804012258	758.219143841199	452.12169865106	506.65991173702	512	512	1154.14999098203	2651.77151325933	-593.794994403386	688.674107989292	224	45	7	18	218	289	128	7	5	83	1038	25	16486	371	25	19	0	0	0	35	65	0	17206	28	38	0
6	1	1	2	37	35	down	2	512	587.323585405088	1293.33757332046	592.2455068764	865.858927155104	481.632602399463	792.205415761483	483.748082324209	578.187367034258	512	512	1150.02590301556	2634.33606958028	-593.144577959313	687.167551395558	248	41	3	15	205	254	170	6	3	79	1134	21	16344	421	21	10	0	0	0	24	49	0	17167	27	38	0
6	1	1	2	37	35	down	3	512	626.872735686341	1544.386357033	615.048620103959	957.6041004581	446.410649728822	755.231562189574	452.615283207372	522.843638446781	512	512	1137.98507609395	2583.06610782183	-593.490722467579	687.969630574416	232	41	5	20	214	288	129	7	0	88	1128	20	16409	363	38	13	1	0	0	16	26	0	17116	27	39	0
6	1	1	2	38	34	down	0	512	620.471516093527	1607.33890371023	596.154860434354	912.01667222475	443.848343830073	678.131342248344	452.861744096781	500.86403546425	512	512	1132.64168008016	2564.96577565808	-593.558654361848	688.127961662595	225	57	7	22	201	288	135	5	3	81	1070	17	15970	351	59	28	1	0	0	32	50	0	16659	27	39	0
6	1	1	2	38	34	down	1	512	554.061206192595	1175.08923940643	547.50128900895	743.271521913179	487.82203259508	867.327803356563	483.501320293984	588.040276322669	512	512	1146.12097109234	2618.5581115003	-593.51119262682	688.016663040843	228	70	3	13	198	264	158	8	8	74	1012	18	16015	363	72	36	0	0	0	28	54	0	16720	28	37	0
6	1	1	2	38	34	down	2	512	520.02066637478	858.254648446186	537.733414622503	684.358605175605	483.628537090085	791.979249501303	488.988440611326	598.051556323266	512	512	1127.59194992571	2546.77691847741	-593.153468941718	687.188632498881	253	53	0	6	200	260	168	6	5	73	1196	28	15787	397	54	30	2	0	0	16	32	0	16557	26	38	0
6	1	1	2	38	34	down	3	512	553.186777679456	1231.30785164176	553.038644554137	778.622866391592	463.234375150701	749.39786504198	465.240081787872	534.67661596844	512	512	1125.03343077621	2521.89602536844	-593.647662942149	688.333284940802	258	59	4	15	176	278	146	6	6	76	1113	28	15937	330	49	23	1	0	0	26	44	0	16571	24	37	0
6	1	1	2	39	33	down	0	512	567.544465110402	1227.17438021976	561.322482912501	780.969868685824	446.257694041642	615.604520296157	461.746358015345	506.871364598604	512	512	1130.81395151004	2552.63994227175	-593.323004853685	687.580748026816	243	55	2	14	198	279	151	3	1	78	1049	22	15466	359	80	30	2	0	0	26	47	0	16166	24	38	0
6	1	1	2	39	33	down	1	512	559.128057245404	1067.06662278042	560.972620026243	761.592407125868	492.562645726639	1019.10207780518	473.141989753797	590.508773852614	512	512	1132.48797365899	2569.10711662278	-593.600304327504	688.22307946694	251	41	1	10	209	267	144	12	3	86	1019	26	15489	362	77	53	1	0	0	26	45	0	16189	22	37	0
6	1	1	2	39	33	down	2	512	542.371182876333	1105.12825315507	542.728303471509	737.323473218957	485.595054925699	856.533119957604	476.927604052422	557.337967873633	512	512	1128.38770700156	2534.63903541991	-593.869173714243	688.845025126832	260	54	4	12	182	286	152	8	2	64	1018	20	15555	303	83	62	2	0	0	32	62	0	16142	26	35	0
6	1	1	2	39	33	down	3	512	546.40263238603	1085.46129956868	562.20371641676	791.070251969107	493.09050977164	946.298975490515	484.688934497657	602.074552820224	512	512	1148.95058483539	2633.62707281713	-593.6733635731	688.396011449456	237	61	6	11	197	271	152	10	4	75	926	16	15559	395	89	44	5	0	0	31	56	0	16336	27	38	0
6	1	1	2	40	32	down	0	512	540.192875643523	1104.59166950235	551.851291075586	769.018500993771	472.562645726639	802.099861866134	474.374874255482	550.752684066278	512	512	1115.76114138055	2481.09356789894	-593.524289404336	688.047094422482	253	60	4	12	183	279	150	7	2	74	972	11	15086	315	110	83	1	0	0	32	61	0	15707	24	36	0
6	1	1	2	40	32	down	1	512	587.823105560407	1338.35620290887	571.313585249182	809.759602266376	474.68319221476	836.936664633744	473.288182549143	554.009963984261	512	512	1110.94889048376	2463.7915285782	-593.763535963633	688.60311388535	231	56	1	16	208	289	143	8	2	70	1052	15	14968	349	98	73	3	0	0	22	45	0	15651	26	35	0
6	1	1	2	40	32	down	2	512	584.704591726975	1229.49501241668	580.146612490239	833.660598180124	464.9051448854	728.458185685293	481.19641270919	578.366968096664	512	512	1108.6091991975	2457.64118055282	-593.785052030807	688.652571943396	222	52	2	13	223	251	162	5	6	88	1037	25	14974	348	108	55	2	0	0	24	44	0	15648	25	36	0
6	1	1	2	40	32	down	3	512	582.208063915708	1353.99344307993	567.899370220352	826.714610784471	466.420813002267	758.304741890061	468.807055378165	532.288095927476	512	512	1115.7192623603	2488.52926508222	-593.534987736476	688.072141998164	250	50	6	17	189	273	152	6	3	78	1023	25	14987	349	103	63	2	0	0	26	42	0	15663	23	36	0
6	1	1	2	41	31	down	0	512	518.474508437579	988.36815989002	523.102365715711	662.119256201158	498.033821992276	856.2550850233	514.391345389697	652.691782528145	512	512	1089.97589527747	2371.60675453453	-593.223443273736	687.352056330133	276	55	0	10	171	249	177	7	6	73	1041	11	14527	293	153	72	2	0	0	18	33	0	15105	23	34	0
6	1	1	2	41	31	down	1	512	571.699453452271	1300.6949950636	550.168626427213	752.325651127735	489.424878311645	798.147319320588	502.241171916614	609.089197738791	512	512	1101.96094125023	2426.69240921135	-593.1994223245	687.295153424864	253	53	3	16	187	271	170	6	2	63	1006	15	14518	333	161	79	7	0	0	35	63	0	15170	22	34	0
6	1	1	2	41	31	down	2	512	536.872735686341	994.093671284529	541.510116503184	708.101201364813	551.795721360087	1162.41340140543	531.641230358024	699.807483120752	512	512	1116.95253501303	2488.58996963262	-593.81542036777	688.720810824688	252	53	0	9	198	248	189	13	3	59	920	18	14607	327	116	72	6	0	0	30	54	0	15245	24	34	0
6	1	1	2	41	31	down	3	512	548.503925292587	1082.31539740324	552.444603756218	752.817791768909	489.070296500714	805.078588024937	505.557882667889	631.797199508586	512	512	1108.95116403496	2450.91966177792	-593.715021771602	688.489848296556	252	50	6	11	193	250	175	6	6	75	910	17	14623	322	132	64	0	0	0	28	52	0	15251	23	34	0
6	1	1	2	42	30	down	0	512	547.688330489464	1231.43956436026	531.479580911899	724.644079049178	494.875728030392	951.965496631477	494.165992453654	626.141248406829	512	512	1100.07358933268	2420.99873850459	-593.412274769542	687.787799760153	238	76	3	15	180	267	156	10	2	77	949	33	14023	355	169	97	6	0	0	20	38	0	14701	22	34	0
6	1	1	2	42	30	down	1	512	505.336741022584	899.799206174127	509.739437754164	640.646879618594	468.339733366636	828.533560666403	471.355308167326	548.269713862049	512	512	1071.45177852225	2309.83787770022	-593.156689971618	687.197501904519	264	64	1	8	175	283	140	8	3	78	1137	17	13885	321	205	86	3	0	0	21	36	0	14508	21	33	0
6	1	1	2	42	30	down	2	512	502.947717357905	868.046662802244	511.409357505604	648.346755168778	502.284005276635	992.536666286418	492.975023669839	615.767542277453	512	512	1089.28938804323	2374.28497847132	-593.440866053359	687.853399249676	243	74	4	7	184	283	150	11	3	65	1015	20	13986	339	151	92	4	0	0	22	39	0	14646	21	34	0
6	1	1	2	42	30	down	3	512	530.135114898833	1123.05596726723	524.136483421286	703.921436306786	504.827057593821	1068.70961282428	489.321202701751	615.161563840887	512	512	1078.1518496662	2332.21486226185	-593.32606162048	687.589683511012	256	70	2	13	171	284	143	13	1	71	1099	23	13902	336	189	91	3	0	0	10	19	0	14553	21	33	0
6	1	1	2	43	29	down	0	512	536.680199870708	1058.98501590085	533.445340425645	705.853813937458	528.360059913525	1051.73535159706	527.321384796728	697.350435853717	512	512	1083.84819191073	2343.87757484381	-593.842361283148	688.784512026152	262	53	4	11	182	249	182	11	2	68	850	23	13684	291	200	98	8	0	0	32	58	0	14242	22	32	0
6	1	1	2	43	29	down	1	512	590.461352820082	1477.23690027538	551.279041247492	785.371954257559	522.802779013517	1033.09898044854	527.709703524714	707.670984338289	512	512	1089.4546843369	2363.54878903108	-593.593032950926	688.207419997633	248	58	3	20	183	269	170	11	3	59	854	18	13682	294	216	101	7	0	0	33	64	0	14254	23	32	0
6	1	1	2	43	29	down	2	512	528.186777679456	969.305635702714	529.737900372853	692.992447269985	530.433008930401	1018.10963183003	540.67159212709	738.065922005356	512	512	1072.71243458339	2295.70067121525	-593.357026168959	687.66023630801	270	46	5	9	182	247	186	10	7	62	947	18	13600	283	191	100	5	0	0	22	42	0	14150	22	34	0
6	1	1	2	43	29	down	3	512	522.457287510705	1032.52736182143	523.625510458258	682.695942534911	542.51612122072	1082.99389618378	536.104372111429	714.89509058267	512	512	1077.61759598346	2327.63462020395	-593.667413804305	688.377316226026	270	59	2	11	170	234	199	11	0	68	957	15	13564	312	209	79	4	0	0	22	44	0	14173	19	35	0
6	1	1	2	44	28	down	0	512	491.6507830157	1015.36815162665	482.03967938634	589.082496110071	529.655921290404	1020.81340388444	542.108114634955	742.038955677772	512	512	1069.58784226094	2290.20940416863	-593.741277086302	688.54780023815	274	83	1	12	142	239	189	10	6	68	866	27	13140	303	230	103	8	0	0	30	56	0	13717	22	31	0
6	1	1	2	44	28	down	1	512	545.182712370078	1252.30119556125	528.948923035911	748.414353266073	492.102705699773	806.620493236716	505.154961311387	611.297245614381	512	512	1068.80750266017	2284.82784446948	-593.202838897399	687.301542737282	260	67	5	16	164	261	175	6	3	67	908	30	13087	311	213	117	4	0	0	26	52	0	13681	19	32	0
6	1	1	2	44	28	down	2	512	499.3772808404	856.76683611095	499.236216522349	602.150583107529	497.313422131643	882.809845160568	504.909372136299	623.626024475904	512	512	1074.13687139174	2307.99548179083	-593.701696737994	688.461067579372	259	68	0	7	178	271	166	8	2	65	852	16	13181	287	212	115	6	0	0	35	64	0	13737	20	31	0
6	1	1	2	44	28	down	3	512	547.592062581647	1300.96727599341	521.504485894229	719.121287965299	486.641692707581	792.593881309716	509.630272049166	645.848771015746	512	512	1071.22871740363	2298.38072442804	-593.718663101113	688.496632184204	243	81	2	17	169	272	167	6	3	64	927	19	13105	285	167	113	7	0	0	22	44	0	13656	21	32	0
6	1	1	2	45	27	down	0	512	490.182712370078	868.65374471749	494.448522257907	614.627917508273	545.259726696331	1144.81738679036	541.355528030725	737.844076449202	512	512	1051.69345245507	2215.78931516073	-593.279124822176	687.479255521828	276	67	2	8	159	264	179	13	2	54	849	17	12679	279	290	121	8	0	0	36	66	0	13220	20	29	0
6	1	1	2	45	27	down	1	512	505.077354154143	1006.54687282743	498.965067691854	633.993932307727	552.035854646965	1128.87593220343	545.534697658707	734.498975910802	512	512	1062.70461993852	2262.85402427426	-593.374424480506	687.701062524005	263	76	2	11	160	246	196	12	1	57	896	17	12603	308	285	121	9	0	0	22	40	0	13208	20	30	0
6	1	1	2	45	27	down	2	512	466.239513425405	736.472824104401	474.46103529825	549.312028899006	541.632602399463	1072.60453269121	544.672567539216	743.327957010191	512	512	1051.76551006545	2218.10716095744	-593.168479306327	687.224576443498	239	95	5	5	168	250	190	11	4	57	897	23	12602	302	274	141	8	0	0	22	40	0	13186	20	30	0
6	1	1	2	45	27	down	3	512	496.546497765091	819.832914890439	501.284372707538	619.146606035506	521.632602399463	892.657748281842	531.983421093481	688.80991468315	512	512	1066.19499840748	2266.56098032204	-593.682744780232	688.414966031641	248	72	3	6	183	258	192	7	4	51	841	19	12678	286	239	109	4	0	0	35	60	0	13237	20	30	0
6	1	1	2	46	26	down	0	512	503.695388142893	1041.28922205336	485.836925990623	599.433693464235	535.519113564772	985.151759462054	545.695939481305	728.045575289295	512	512	1052.23796849425	2216.19917257777	-593.886112563674	688.885769747816	259	83	3	12	155	265	191	9	2	45	825	9	12206	272	280	128	5	0	0	25	44	0	12739	20	30	0
6	1	1	2	46	26	down	1	512	510.845351486022	1056.3725958998	500.851094759957	640.656276640151	540.404665040719	1003.5455589644	546.166943183686	734.915903477289	512	512	1046.46221202223	2188.03883901801	-593.466321113981	687.915248641598	253	82	2	12	163	242	203	9	2	56	840	14	12184	274	239	124	8	0	0	27	48	0	12721	19	31	0
6	1	1	2	46	26	down	2	512	478.46541812946	784.252420112083	489.139150707011	591.983085292508	524.9051448854	897.691008025986	529.190835050941	668.173719189409	512	512	1037.4743881423	2164.33442973776	-592.97931500083	686.785467722069	262	77	1	6	166	259	194	7	4	48	905	22	12058	327	299	145	8	0	0	17	28	0	12696	20	31	0
6	1	1	2	46	26	down	3	512	523.176614406011	1064.12380888192	506.051359189607	638.433590217057	540.75924685165	1070.6985455241	538.181543270372	721.795119747159	512	512	1033.02064424771	2140.84589141506	-593.366990306293	687.681717124505	281	55	3	12	161	251	189	11	4	57	886	33	12118	275	295	151	8	0	0	17	32	0	12636	19	30	0
6	1	1	2	47	25	down	0	512	481.910169884141	818.647092768661	487.591769376774	583.096190765169	542.611316163211	1145.70164701243	547.52953655331	753.391711169126	512	512	1055.91997944845	2227.41956243764	-593.549557537319	688.104358366916	279	68	0	7	158	250	181	13	4	64	718	10	11766	306	318	130	3	0	0	40	72	0	12372	20	29	0
6	1	1	2	47	25	down	1	512	519.030716372261	1094.26660129565	501.631639821841	636.313115524207	561.325618059777	1142.61473510054	574.59514612125	813.245014926971	512	512	1038.02452762973	2161.50206611295	-593.649713712404	688.337687236843	281	63	0	13	155	245	200	12	6	49	820	15	11708	257	262	141	5	0	0	22	40	0	12209	19	28	0
6	1	1	2	47	25	down	2	512	488.475581402905	845.600541521915	490.903240581943	600.91616381552	559.070296500714	1138.42227342499	563.830110209537	791.190367710297	512	512	1044.12728499777	2178.54347775433	-593.39223235877	687.742483174607	239	87	4	7	175	250	199	12	2	49	750	13	11751	286	322	175	7	0	0	29	52	0	12312	19	28	0
6	1	1	2	47	25	down	3	512	505.02066637478	908.585021685209	498.920647183691	604.515748663834	551.162499099152	1089.88790571132	559.366572422494	769.168535958466	512	512	1021.05293694931	2090.83870318476	-593.616689627398	688.261760451381	241	78	3	8	182	247	198	11	4	52	787	20	11742	251	355	128	10	0	0	20	38	0	12223	12	28	0
6	1	1	2	48	24	down	0	512	474.981086246327	991.458173290238	458.96167952337	552.656306201474	480.720739688523	714.334018728278	490.334013508595	567.079498749479	512	512	1028.38659223717	2111.72352212358	-593.825394736843	688.745743388504	264	101	2	12	133	265	175	4	3	65	753	20	11255	260	339	147	5	0	0	40	63	0	11757	17	28	0
6	1	1	2	48	24	down	1	512	501.727797341953	1034.88655879481	478.538153941292	586.661842871761	523.63870036353	1012.10786073147	520.169063457619	664.76812906985	512	512	1028.54195435441	2124.04451840252	-593.548689324736	688.102437211077	266	80	3	12	151	241	187	10	1	73	768	17	11231	272	329	170	13	0	0	20	40	0	11760	17	29	0
6	1	1	2	48	24	down	2	512	448.972955627571	795.223135010496	448.499781215403	518.057843845981	507.121959281337	905.439119519774	506.206077673172	641.681963666509	512	512	1031.78685538455	2134.28018534261	-593.515688370302	688.028515564758	284	91	4	8	125	256	178	8	3	67	814	19	11171	284	294	139	7	0	0	27	46	0	11721	18	28	0
6	1	1	2	48	24	down	3	512	447.658913634456	618.818268207961	463.994953675218	524.561394144754	471.180679715389	725.649308707709	485.762120304197	573.866697183257	512	512	1013.23327907604	2060.32141501624	-593.265270285532	687.447421061521	274	79	4	3	152	283	156	5	4	64	820	8	11202	258	381	143	11	0	0	15	30	0	11710	16	27	0
6	1	1	2	49	23	down	0	512	547.35192929477	1112.14554822202	543.36195565154	747.248034461646	496.229350151961	812.632466744608	509.626515603627	626.7935031329	512	512	998.245122058997	2001.0719184383	-593.56902420005	688.149474075052	265	48	2	12	185	262	177	6	4	63	732	16	10820	208	397	168	10	0	0	20	38	0	11220	17	26	0
6	1	1	2	49	23	down	1	512	501.420813002267	887.921153060408	503.093716018891	621.534917550299	541.872735686341	1001.98502416422	552.550858777172	743.872102892029	512	512	1018.7667145558	2077.14112247264	-593.570138249664	688.15251348842	277	59	0	8	168	248	200	9	5	50	730	10	10759	277	380	181	6	0	0	22	38	0	11304	17	27	0
6	1	1	2	49	23	down	2	512	533.023658718831	1162.71849310721	520.774226559896	696.680986316107	539.597087580388	1166.18279087209	538.4811268556	733.70273758603	512	512	1016.76806624375	2077.27653368621	-593.668988865041	688.383815126319	256	71	4	14	167	275	166	14	2	55	747	14	10799	216	356	179	11	0	0	27	52	0	11219	18	26	0
6	1	1	2	49	23	down	3	512	525.154368480396	1041.90120134561	537.67271852359	739.088409201324	513.570776345395	947.977919111538	521.506413804599	666.05139909442	512	512	1033.1704603895	2131.45484371989	-593.526101786416	688.050632341779	255	65	6	11	175	267	175	9	1	60	688	11	10819	258	317	170	7	0	0	37	68	0	11327	13	27	0
6	1	1	2	50	22	down	0	512	464.875728030392	793.238222401773	461.217090216904	519.677116425031	574.569816656032	1170.13935350873	565.792350471347	769.419388346098	512	512	1012.81416418638	2057.53476227922	-593.555151015619	688.1192476498	271	85	1	7	148	237	215	12	2	46	693	8	10318	245	399	203	8	0	0	14	28	0	10806	15	26	0
6	1	1	2	50	22	down	1	512	484.684265180086	868.785457435985	481.733161412104	576.602444037273	542.064198536647	1106.38457353938	541.807786262298	740.411394523226	512	512	1008.22370956896	2042.42495767729	-593.455714687174	687.88747342949	256	84	1	8	163	255	183	12	5	57	672	14	10352	226	412	202	9	0	0	26	50	0	10794	16	24	0
6	1	1	2	50	22	down	2	512	467.869630066325	718.788109952147	477.419102704069	547.648314397932	555.327650714466	1097.75442602594	556.023477559781	770.674421381845	512	512	1003.85327018124	2022.38267583366	-593.672732582192	688.391128764985	288	64	2	5	153	246	202	11	3	50	671	14	10371	208	369	162	11	0	0	27	50	0	10774	15	25	0
6	1	1	2	50	22	down	3	512	497.285078241961	926.467498413653	487.103997659702	586.170039311202	567.323585405088	1187.50165197045	554.513888225039	752.042252943488	512	512	1007.70156196916	2038.86822204963	-593.444213318079	687.862666905214	250	81	5	9	167	248	199	13	5	47	670	19	10339	236	375	196	10	0	0	23	42	0	10792	15	26	0
6	1	1	2	51	21	down	0	512	487.735927960709	834.145988930822	491.024220197967	595.484683889662	577.525211528839	1279.1650674914	564.852473995705	799.392570601409	512	512	995.91702064523	1987.94689316912	-593.425066550068	687.816791722604	262	73	4	7	166	244	200	15	2	51	689	8	9826	229	426	197	10	0	0	21	38	0	10278	16	26	0
6	1	1	2	51	21	down	1	512	498.100673045085	888.562841636304	495.393400921445	605.165350079104	567.064198536647	1294.27592641907	556.186962967592	796.141094809365	512	512	1010.60588835469	2048.93916703009	-593.596888288021	688.214634803375	260	71	3	8	170	251	185	16	2	58	594	27	9883	248	415	209	14	0	0	27	48	0	10355	15	24	0
6	1	1	2	51	21	down	2	512	483.493762019142	859.679022123039	480.390300854435	567.433969624811	547.015528100076	1178.1552975275	540.433037588408	744.460170569856	512	512	1002.35830610498	2015.60569255168	-593.330927286008	687.595928089225	271	75	2	8	156	276	171	14	2	49	656	10	9856	230	431	205	7	0	0	28	50	0	10306	15	25	0
6	1	1	2	51	21	down	3	512	511.190842988834	982.833351467553	502.150297580563	628.108100802308	532.19897360759	1096.9863504223	525.978462677867	697.966251050255	512	512	990.831941986033	1973.28165640701	-593.424904003006	687.816495551577	260	70	1	10	171	240	182	12	4	74	660	19	9852	221	398	186	11	0	0	25	46	0	10278	14	24	0
6	1	1	2	52	20	down	0	512	477.601152889766	848.927800877552	482.260372797274	582.874885300582	540.682232525397	1141.15353056062	532.768173666999	704.675921442058	512	512	975.97176367782	1908.24234257697	-593.635666499155	688.305280879233	273	78	2	8	151	255	179	13	2	63	689	9	9334	208	407	207	14	0	0	24	42	0	9741	12	23	0
6	1	1	2	52	20	down	1	512	471.094575081018	877.771259725676	468.398864836611	563.913250238979	553.053075573839	1166.74555400638	554.337213628108	787.309866865192	512	512	978.043937265897	1921.35214740133	-593.613319598475	688.251689023449	265	92	1	9	145	244	192	13	2	61	663	16	9333	228	469	192	9	0	0	31	48	0	9774	15	24	0
6	1	1	2	52	20	down	2	512	495.508950291327	1061.54642385526	477.338657720866	584.199562554547	564.31952009571	1179.38413283058	551.697594338173	743.154786283779	512	512	987.142729360309	1956.18710468093	-593.247683596999	687.408684641492	264	90	2	13	143	258	195	13	2	44	692	15	9291	242	400	185	13	0	0	34	48	0	9761	14	23	0
6	1	1	2	52	20	down	3	512	457.994241863824	849.154844423644	461.043223098172	536.601671992029	536.411722694148	1025.04045156221	547.002557837038	732.813823214316	512	512	973.279188837608	1904.75841314811	-593.665423826537	688.377589167127	276	93	5	9	129	259	189	10	2	52	750	18	9263	209	370	199	4	0	0	39	68	0	9664	11	23	0
6	1	1	2	53	19	down	0	512	483.58093961884	834.762844941653	483.561002900717	573.430397019868	622.1412128629	1570.43956849194	599.320664314536	913.28965030568	512	512	979.743576569563	1927.94218543279	-593.338944123697	687.618325683452	248	86	1	7	170	239	205	21	2	45	598	25	8893	212	508	254	9	0	0	26	46	0	9293	14	22	0
6	1	1	2	53	19	down	1	512	472.457287510705	842.101637096383	467.708378918048	543.342865637515	588.964938284779	1225.93181270527	593.263591600124	863.294255378693	512	512	980.002955936994	1930.48232897647	-593.600844396383	688.225936932346	270	84	1	8	149	241	216	13	7	35	566	11	8938	213	477	218	10	0	0	34	62	0	9358	11	22	0
6	1	1	2	53	19	down	2	512	486.939586739149	873.004526906853	482.49582843935	573.520951806651	607.72683765259	1439.55575724205	593.862817217621	879.279636539055	512	512	972.544445302037	1898.94498767089	-593.672725682894	688.391259534353	255	83	1	8	165	236	209	18	4	45	612	12	8901	203	446	204	8	0	0	29	48	0	9297	11	22	0
6	1	1	2	53	19	down	3	512	461.833155557888	820.321587984848	465.000547632262	546.644352427605	598.859580068844	1355.90698014021	603.601447942986	911.662830532876	512	512	972.33937921781	1906.04058073519	-593.48426902568	687.957069138874	279	86	1	8	138	228	214	16	6	48	615	15	8896	202	419	246	11	0	0	31	50	0	9287	12	23	0
6	1	1	2	54	18	down	0	512	442.87979333977	613.490996457268	453.493725478697	497.141043958603	512.150303171019	980.86572153073	516.211949696416	676.339132633968	512	512	975.359703582849	1908.13951794472	-593.921763616859	688.968864381132	269	86	3	3	151	265	168	10	4	65	550	16	8457	193	433	234	16	0	0	34	62	0	8828	11	21	0
6	1	1	2	54	18	down	1	512	492.841286176644	987.392547614602	468.205472077244	558.656441300305	488.503925292587	838.998319798508	501.370280749238	615.339469656412	512	512	940.384941584564	1784.57232308402	-593.312170787728	687.557997997225	259	87	3	11	152	256	170	7	2	77	678	17	8315	206	523	192	18	0	0	24	44	0	8710	12	21	0
6	1	1	2	54	18	down	2	512	445.940546428512	756.652406064354	443.349549754726	496.186006484969	501.057140883217	939.437348421209	505.546811915277	644.313826810073	512	512	967.259485269219	1880.34948841128	-593.25794611487	687.432993910193	281	92	2	7	130	234	175	9	6	88	591	20	8396	209	528	248	13	0	0	22	42	0	8791	12	21	0
6	1	1	2	54	18	down	3	512	436.545424799765	597.531789567838	450.453021577081	502.62663474515	496.478573746957	919.813836329865	498.486044624491	605.049644914951	512	512	985.804189414139	1946.19015477378	-593.970241413128	689.079894056254	277	84	7	3	141	266	163	9	1	73	504	12	8518	182	440	226	7	0	0	37	65	0	8873	13	21	0
6	1	1	2	55	17	down	0	512	493.139180208211	845.417388443038	507.825384236951	635.71096037314	542.611316163211	1145.70164701243	544.151724341995	764.060934946514	512	512	947.304168771766	1809.15053723914	-593.584418018612	688.185361210724	258	72	3	7	172	250	181	13	4	64	594	26	7865	219	487	230	13	0	0	29	50	0	8280	10	20	0
6	1	1	2	55	17	down	1	512	505.998307173201	965.695872349511	510.463269456657	658.925039220993	536.334708367895	1095.46882880342	535.436426869311	717.300828041741	512	512	945.589908502654	1799.35770505994	-593.781043211898	688.642441952686	278	62	2	10	160	259	178	12	4	59	580	9	7948	167	483	249	9	0	0	29	50	0	8274	11	19	0
6	1	1	2	55	17	down	2	512	531.085484772899	1165.69987178218	517.269705241947	689.960236615178	510.826097904458	907.196988582405	529.223902994534	687.622739684467	512	512	943.693949924734	1789.86973268976	-593.585569546963	688.192594219123	243	81	3	14	171	266	177	8	3	58	521	12	7968	203	548	214	17	0	0	33	56	0	8362	12	20	0
6	1	1	2	55	17	down	3	512	469.098640390396	618.502974096845	501.093978089218	602.863535939638	554.089550082277	1094.34954682835	556.956198915937	765.194096655172	512	512	940.575246553747	1783.10554967758	-593.701361961685	688.458484348241	271	60	8	2	171	249	200	11	3	49	639	16	7868	181	488	224	12	0	0	22	44	0	8217	11	19	0
6	1	1	2	56	16	down	0	512	499.607250853833	925.912285172531	487.935889344383	595.481319706955	553.042912300395	1232.3996485356	545.352793474221	766.78326277712	512	512	947.130483440106	1804.32589680799	-593.447281833347	687.867894157569	260	73	5	9	165	255	177	15	4	61	584	14	7405	189	517	270	14	0	0	25	48	0	7769	11	19	0
6	1	1	2	56	16	down	1	512	474.021626064143	845.150861517717	473.578366555675	562.476159297656	554.252669042902	1094.18502333788	553.924875860152	750.118949023604	512	512	960.988713898588	1855.15613704489	-593.75257664617	688.577365784555	267	84	3	8	150	251	200	11	2	48	454	7	7569	162	472	297	9	0	0	36	66	0	7886	10	19	0
6	1	1	2	56	16	down	2	512	484.84738414071	794.456855295527	490.235950573784	602.244368449182	553.52317887415	1128.24267080661	557.381427129239	761.618931873847	512	512	938.717933076727	1773.50550014508	-593.449917416883	687.874564390225	258	73	6	6	169	251	194	12	3	52	534	16	7477	165	514	235	12	0	0	25	46	0	7795	11	19	0
6	1	1	2	56	16	down	3	512	490.768337159768	835.661286347286	492.972890124993	590.657688820681	530.394501767274	979.252869084252	538.740614916543	698.571739726734	512	512	940.533102030285	1793.66523106592	-593.963841665075	689.066683715747	269	66	5	7	165	261	190	9	0	52	502	8	7521	161	589	247	13	0	0	26	50	0	7836	10	20	0
6	1	1	2	57	15	down	0	512	452.793688705399	744.393437295569	466.700369343073	558.832662346284	556.6507830157	1266.62979770171	544.325024161323	742.047557859856	512	512	934.204894014726	1756.91170830244	-593.403597711201	687.768255854489	255	100	1	6	150	274	169	16	2	51	450	13	7037	180	558	288	13	0	0	39	70	0	7386	10	19	0
6	1	1	2	57	15	down	1	512	485.979053591638	896.014716921125	483.509963438859	584.166358804642	561.536334491647	1285.02359720406	547.114848128916	769.408033369764	512	512	933.362556333618	1752.17733987742	-593.448190757434	687.872596848261	279	72	2	9	150	251	181	16	2	62	480	11	7011	178	574	300	22	0	0	29	52	0	7356	10	18	0
6	1	1	2	57	15	down	2	512	454.367117566955	702.831127265135	461.157386839796	520.533954047055	548.830163213836	1044.90431109731	565.211620924272	798.719269961	512	512	929.901482472357	1734.4662398614	-593.595103885674	688.211488757298	270	84	5	5	148	256	196	10	7	43	461	13	7019	187	576	286	13	0	0	21	40	0	7380	11	17	0
6	1	1	2	57	15	down	3	512	490.191802678197	972.290544179751	478.147852460574	578.745999628067	555.826097904458	1275.03512587147	540.926052934555	760.188985941914	512	512	941.452855266806	1790.80611264017	-593.831112467206	688.758179946512	282	74	4	11	141	254	177	16	0	65	490	6	7021	163	502	289	13	0	0	34	53	0	7341	9	17	0
6	1	1	2	58	14	down	0	512	464.501892637898	762.160178377762	475.111414839143	574.426400478937	560.182712370078	1276.08168538158	547.389504943061	760.188609188491	512	512	931.748485712111	1745.43969449236	-593.510591232038	688.017448987287	251	91	9	6	155	264	174	16	4	54	380	5	6606	177	599	260	16	0	0	39	64	0	6956	9	17	0
6	1	1	2	58	14	down	1	512	446.967930628831	654.730462483421	463.539546014731	523.769100882349	539.915308158845	1041.0945609655	554.614916650926	767.842401520426	512	512	909.282698336064	1670.08240182587	-593.910155110609	688.942305574301	272	85	3	4	148	232	199	10	6	65	458	11	6570	129	615	252	13	0	0	34	60	0	6818	8	17	0
6	1	1	2	58	14	down	2	512	486.862572412896	832.266609559023	485.019700339662	572.431717806788	517.78459839728	929.047107642727	535.42056679664	715.391642123513	512	512	920.914860754875	1718.9654228115	-593.29743879006	687.521888865915	267	72	0	7	166	241	190	8	5	68	427	9	6571	161	644	309	23	0	0	25	38	0	6886	7	19	0
6	1	1	2	58	14	down	3	512	484.645758016959	829.875479099574	481.497323909069	570.879061636076	571.862572412896	1337.58590310281	552.642795147759	770.239809792995	512	512	931.270278481444	1747.11515519624	-593.442341226486	687.858991364515	262	76	2	7	165	251	183	17	3	58	438	9	6556	165	573	296	7	0	0	30	54	0	6877	7	17	0
6	1	1	2	59	13	down	0	512	481.881825994459	825.249314492068	484.340020092591	584.732022422282	587.93755408446	1290.82493255184	581.929064046766	818.463405040372	512	512	902.04023517862	1642.20412246953	-593.51037685808	688.016570106243	262	78	2	7	163	258	203	15	1	35	439	12	6052	153	676	290	17	0	0	23	42	0	6348	6	16	0
6	1	1	2	59	13	down	1	512	455.11586131727	669.700753199775	463.200328509282	518.70824061032	556.498900293846	957.685254021495	586.480027776208	818.160927498855	512	512	925.710115953305	1728.89622273876	-593.486545269137	687.962122942623	269	81	3	4	155	244	223	7	3	35	388	16	6109	143	618	319	8	0	0	29	52	0	6380	8	16	0
6	1	1	2	59	13	down	2	512	487.169556752582	830.983681379399	486.456165202852	585.187296242773	588.398567076652	1333.9624075382	592.346038284957	888.177204736411	512	512	925.169770492706	1724.45297880577	-593.904483091826	688.929453888515	268	70	3	7	164	239	203	16	5	49	390	10	6130	126	554	301	10	0	0	41	65	0	6372	8	15	0
6	1	1	2	59	13	down	3	512	472.486704365713	814.403639704897	469.156782904749	548.174662956101	611.076394464781	1374.16063974499	601.871515638668	886.230636952568	512	512	913.311375712728	1686.64758976784	-593.717038112713	688.495187237243	250	92	3	7	160	237	222	16	2	35	412	8	6088	148	667	319	16	0	0	20	37	0	6379	8	15	0
6	1	1	2	60	12	down	0	512	408.129016934766	554.0005233425	417.856540677736	427.434208768267	566.660946289145	1290.92248758186	547.923089259496	768.52462390957	512	512	896.834737254109	1628.05486766671	-593.340516318029	687.623834585583	273	109	2	3	125	255	182	16	4	55	437	8	5557	142	665	333	14	0	0	23	40	0	5837	7	15	0
6	1	1	2	60	12	down	1	512	444.223252187894	725.142434338638	448.676186073536	514.941547219217	523.840326487281	976.689236927422	535.122935311157	717.579489660301	512	512	904.558984537573	1654.280238164	-593.435154772404	687.838556539461	263	100	4	6	139	237	191	9	5	70	347	8	5659	130	666	315	13	0	0	30	50	0	5911	7	14	0
6	1	1	2	60	12	down	2	512	413.809836666947	628.742423596257	421.259997713836	444.257212564758	522.640733018219	1012.22094386156	518.324300192099	669.837875221984	512	512	868.0498795293	1530.17517104412	-593.264481413545	687.446248478723	286	104	3	5	114	238	188	10	0	76	461	7	5561	115	753	288	20	0	0	29	52	0	5784	7	14	0
6	1	1	2	60	12	down	3	512	430.00033982789	624.547309404544	441.125309677858	478.224373913233	542.044944955084	1105.48390793133	526.898824281496	686.878754464295	512	512	889.124251749653	1597.23737246972	-593.160011322881	687.203757569302	275	95	4	4	134	260	183	12	2	55	422	9	5570	143	716	322	11	0	0	20	40	0	5847	8	15	0
6	1	1	2	61	11	down	0	512	478.100673045085	745.698096551929	497.42767698102	598.316407523414	546.210096570397	1150.37925198031	541.271837777284	741.723049892839	512	512	881.718147994604	1574.72431261187	-593.410669678935	687.784956778132	268	70	0	5	169	251	182	13	6	60	386	8	5135	103	678	332	11	0	0	24	42	0	5333	6	14	0
6	1	1	2	61	11	down	1	512	478.081419463521	781.826254678241	493.357541117826	597.531865802322	555.519113564772	1239.2360147261	546.18834692565	756.523865156588	512	512	882.069704032494	1569.27569213075	-593.534034167636	688.070728830267	265	75	2	6	164	253	182	15	0	62	326	9	5193	104	722	358	13	0	0	27	46	0	5392	7	13	0
6	1	1	2	61	11	down	2	512	527.169556752582	1042.62891628411	520.096436278237	680.518667273651	566.392469112585	1294.0333547729	557.037320422826	794.968278959573	512	512	892.890301043549	1610.92178994852	-593.619274017111	688.265576821177	264	59	3	11	175	248	185	16	3	60	316	11	5191	114	663	296	18	0	0	37	64	0	5409	6	14	0
6	1	1	2	61	11	down	3	512	478.023658718831	779.044434468141	487.785248142242	585.398821634756	611.604258509781	1523.7167344037	584.848618008024	860.564326893044	512	512	883.579632050205	1578.56064324519	-593.882564922923	688.877647270365	268	72	5	6	161	221	207	20	5	59	359	13	5165	95	652	319	11	0	0	38	68	0	5342	7	13	0
6	1	1	2	62	10	down	0	512	444.846311175384	677.991651322938	452.546602534376	501.889408794136	559.838293832592	1143.24799649736	566.393181702275	799.745869813468	512	512	853.289157035865	1477.24389886133	-593.494915081012	687.980340778825	287	79	8	5	133	240	202	12	4	54	396	11	4623	90	776	317	14	0	0	31	52	0	4792	5	13	0
6	1	1	2	62	10	down	1	512	451.939586739149	632.221821147471	466.758049487704	530.92819138552	561.383378804467	1145.36994751532	568.065892327368	805.332736922824	512	512	887.477815835528	1591.96919311097	-593.644463792797	688.327201591978	263	84	1	3	161	238	202	12	7	53	293	7	4696	124	682	391	13	0	0	26	48	0	4938	7	12	0
6	1	1	2	62	10	down	2	512	466.219186878516	793.696757898793	473.282581136763	563.219890068931	530.029756682898	977.727369258461	542.149094119353	721.718695072513	512	512	868.854836948756	1524.95870620541	-593.585965549508	688.191227876614	273	82	3	7	147	259	188	9	4	52	360	18	4647	95	689	337	16	0	0	25	50	0	4816	5	12	0
6	1	1	2	62	10	down	3	512	476.6133488179	783.36018168311	480.847693740547	566.55030061655	594.012535756024	1376.42315897427	572.49527350373	820.886205364347	512	512	890.357992731994	1599.90345543768	-593.62422905567	688.279827534926	255	82	3	6	166	245	200	17	5	45	314	6	4695	105	708	378	14	0	0	28	50	0	4899	5	12	0
6	1	1	2	63	9	down	0	512	488.109763353203	939.308288218875	473.57879135808	566.237345241378	542.323585405088	1073.77437774075	553.006064915162	758.681825929403	512	512	872.066779003045	1539.91752705092	-593.414441825719	687.792519071881	270	80	2	10	150	252	191	11	2	56	259	11	4232	106	730	362	16	0	0	34	58	0	4431	6	11	0
6	1	1	2	63	9	down	1	512	475.547457454454	846.372146927632	468.715459947643	548.501110742998	617.87979333977	1595.04532828079	583.979277184624	876.028938209557	512	512	858.83073084638	1489.72216393989	-593.432655639291	687.835208091723	270	81	3	8	150	249	194	22	1	46	314	6	4205	83	741	353	14	0	0	37	63	0	4365	6	11	0
6	1	1	2	63	9	down	2	512	466.199933296953	903.962386879777	454.380105640825	536.042518652118	576.987184210394	1269.37393042125	575.720402461712	832.805291699649	512	512	880.537625197791	1563.7816782134	-593.284915893633	687.492562264893	266	98	3	10	135	263	192	15	3	39	316	6	4179	107	723	407	13	0	0	25	47	0	4388	5	12	0
6	1	1	2	63	9	down	3	512	461.699453452271	829.84354561351	466.827452234722	566.717327370332	559.896054577282	1183.08524823714	561.910882112147	793.426467733117	512	512	877.299081448731	1557.96864546071	-593.618817588452	688.267614191412	253	101	5	8	145	233	201	13	2	63	274	4	4239	91	724	382	18	0	0	26	52	0	4418	5	12	0
6	1	1	2	64	8	down	0	512	449.328610403829	693.03201198808	452.565049960806	500.069461466222	596.766304505079	1409.67459437663	578.405868945942	827.589217211341	512	512	873.875465321915	1542.75019857182	-593.392189230747	687.742182246103	268	87	10	5	142	264	192	18	2	36	264	9	3694	129	713	388	18	0	0	29	50	0	3944	5	11	0
6	1	1	2	64	8	down	1	512	458.906104574763	815.859946867813	457.339612589759	532.921856316809	547.102705699774	1079.07504169612	566.292870532835	802.367079134079	512	512	864.485927903492	1512.56008299383	-593.726670256621	688.517365143459	277	89	2	8	136	253	191	11	7	50	265	6	3729	96	740	356	13	0	0	32	54	0	3916	5	10	0
6	1	1	2	64	8	down	2	512	469.991249519772	843.748647231343	457.086768372273	522.385439131749	548.58093961884	1085.99788322139	561.352749879143	799.390376144908	512	512	854.661983473935	1477.87573477427	-593.445963908221	687.864946233648	257	94	1	8	152	244	196	11	6	55	284	5	3726	81	760	349	14	0	0	25	45	0	3883	4	10	0
6	1	1	2	64	8	down	3	512	446.517080910083	694.134011291245	452.440403614349	508.870106324645	600.164531753841	1354.5109688305	595.468794188933	882.679950910901	512	512	847.359428639454	1450.15880079655	-593.613774410761	688.253461238065	260	96	5	5	146	232	211	16	10	43	285	13	3699	99	755	352	16	0	0	29	53	0	3884	4	10	0
6	1	1	2	65	7	down	0	512	472.255661386953	840.411613780121	466.262372409865	548.734583445768	601.556661038536	1402.3894667847	597.100385360833	886.922211784607	512	512	853.133138558583	1472.42171710907	-593.659443227754	688.362344744834	270	83	4	8	147	217	217	17	3	58	249	8	3237	90	757	369	22	0	0	30	50	0	3411	4	10	0
6	1	1	2	65	7	down	1	512	464.827057593821	931.175240978929	455.234967108832	545.865466959276	612.947717357905	1450.03779904605	614.684676914204	961.562762071295	512	512	843.044784996575	1448.47039354366	-593.3396188757	687.618238320584	280	94	3	11	124	227	213	18	9	45	252	9	3244	79	838	352	16	0	0	29	54	0	3393	3	9	0
6	1	1	2	65	7	down	2	512	442.725764687264	754.374358734995	438.883266335547	482.837750358495	582.332675713206	1314.91894125305	601.444073262991	918.421663946186	512	512	853.840093032927	1479.43091228746	-593.590052825367	688.200503533072	273	99	3	7	130	258	191	16	6	41	237	6	3252	89	770	371	11	0	0	25	46	0	3424	2	9	0
6	1	1	2	65	7	down	3	512	506.487664055075	1113.42402799681	482.658673526202	617.345207649605	565.164531753841	1076.69943933675	592.135032597815	854.770633958641	512	512	839.908930981644	1426.69794344203	-593.522363085464	688.041947939338	268	83	3	14	144	248	212	10	5	37	245	16	3223	100	751	332	22	0	0	39	67	0	3407	3	9	0
6	1	1	2	66	6	down	0	512	431.363052257577	663.015157629924	435.541356672217	465.18462351836	563.119926626648	1289.00009502876	569.473482669757	830.533390319218	512	512	830.10986987398	1394.85603009239	-593.76240576628	688.598463244566	276	98	2	5	131	247	183	16	3	63	206	5	2801	60	829	381	18	0	0	22	42	0	2916	3	8	0
6	1	1	2	66	6	down	1	512	412.668003942574	555.809832765513	428.020209912375	457.775731835576	602.055108228528	1431.42183271619	589.5503090725	868.042122831669	512	512	837.836632039954	1422.23273939342	-593.638678087792	688.313704783489	284	98	4	3	123	237	207	18	0	50	185	5	2823	59	809	413	22	0	0	30	54	0	2936	2	8	0
6	1	1	2	66	6	down	2	512	423.397494111326	611.725577501471	430.87215429284	458.259656404214	562.055108228528	1145.63912695681	573.568204182681	816.444516037836	512	512	836.192648331534	1414.6094110619	-593.594265886158	688.209810950621	280	97	3	4	128	245	203	12	2	50	185	10	2818	59	833	399	14	0	0	22	42	0	2927	2	8	0
6	1	1	2	66	6	down	3	512	440.201965951642	753.266156455169	431.150074127868	470.498576547365	611.728870307279	1410.50476172215	605.850076919745	912.89025489662	512	512	843.273266737042	1440.6570684335	-593.984655116314	689.114995971135	267	105	2	7	131	233	216	17	7	39	205	4	2804	59	796	390	9	0	0	31	60	0	2918	2	8	0
6	1	1	2	67	5	down	0	512	435.17362206196	640.757515119219	434.339147833392	463.381209935589	624.502965603224	1476.5056555348	635.74995951346	1012.7122526407	512	512	820.966418373596	1368.13354716915	-593.610792852009	688.249768436579	258	102	4	4	144	214	228	18	6	46	205	3	2294	58	831	384	21	0	0	29	54	0	2407	1	7	0
6	1	1	2	67	5	down	1	512	447.015528100076	760.168593161785	450.422494717315	537.902096471626	592.160466444463	1338.47548901562	606.826185316629	929.409006674626	512	512	825.630851800668	1381.47633717921	-593.298308901881	687.522690815691	268	96	11	7	130	242	204	16	6	44	227	2	2274	57	845	425	12	0	0	24	44	0	2388	2	6	0
6	1	1	2	67	5	down	2	512	431.622439126018	593.322922506298	442.999630249805	474.32976442093	600.932529085719	1322.33447596382	608.742251487792	912.722457206688	512	512	815.341134403398	1359.16296749625	-593.307428307424	687.544414711699	273	92	2	3	142	234	220	15	3	40	190	3	2319	48	883	445	23	0	0	27	50	0	2412	1	7	0
6	1	1	2	67	5	down	3	512	450.431935965074	764.163271602722	446.881721721717	499.282227990799	621.93049643103	1428.00409859311	636.649378235815	1000.95862405368	512	512	818.121589981875	1361.30900299502	-593.457343525297	687.893482657271	280	89	3	7	133	229	223	17	10	33	208	3	2292	57	874	395	20	0	0	21	38	0	2403	1	7	0
6	1	1	2	68	4	down	0	512	431.49782732852	558.286561273824	434.734398668096	452.327388429849	630.960872975401	1585.65243085446	612.76212706701	934.003710803438	512	512	807.401636152054	1322.07172879746	-593.578918412256	688.173446126644	273	89	0	2	148	239	212	21	1	39	136	3	1872	37	905	461	23	0	0	24	40	0	1944	2	6	0
6	1	1	2	68	4	down	1	512	427.332675713206	698.641767077913	432.129895526498	499.255476470526	605.913275504156	1403.46263409013	614.309811633183	937.151344273524	512	512	820.361434596541	1366.82545982859	-593.235857866528	687.379776754479	258	115	5	6	128	231	215	17	3	46	165	1	1828	54	886	448	19	0	0	26	48	0	1935	1	6	0
6	1	1	2	68	4	down	2	512	449.453222201327	802.259059665857	435.415495852144	507.931714757683	670.337813987911	1807.31319385925	667.298126411398	1132.16704479791	512	512	798.840814785329	1296.37880291325	-593.690213483256	688.432486712457	272	99	2	8	131	203	230	25	8	46	222	15	1774	37	849	375	20	0	0	23	42	0	1833	0	5	0
6	1	1	2	68	4	down	3	512	423.206031261019	618.518930510664	423.354360247054	440.062817285443	623.284118552599	1436.94601041558	635.495006324455	1011.53612555291	512	512	819.92126398756	1371.04318316136	-593.554196730186	688.118430824262	265	107	2	4	134	216	230	17	8	41	155	3	1843	47	819	456	16	0	0	38	68	0	1936	1	7	0
6	1	1	2	69	3	down	0	512	403.513015600705	548.482120306021	413.560381568228	425.187815673619	568.216194534464	1079.14201015658	605.085230003504	887.734088716636	512	512	793.984951699425	1280.64036076964	-593.717540169438	688.495943578726	266	116	4	3	123	254	212	10	5	31	99	0	1403	34	931	399	20	0	0	28	52	0	1471	1	4	0
6	1	1	2	69	3	down	1	512	452.274914968517	846.722476013141	433.375922226265	476.351123675161	609.032862302913	1343.00632279553	611.516194839232	914.991390802539	512	512	811.420987831503	1338.04719439765	-593.768774485008	688.613568083358	265	106	0	9	132	219	232	15	2	44	103	4	1392	37	855	430	18	0	0	26	48	0	1462	1	5	0
6	1	1	2	69	3	down	2	512	397.245498113509	527.775238499918	404.603466106219	396.804601109024	598.657953945093	1280.1327015599	613.3478161599	917.787878441821	512	512	787.280304324084	1265.32279299719	-593.700808611479	688.457754384458	289	106	4	3	110	240	221	14	3	34	83	0	1412	41	923	396	17	0	0	37	64	0	1494	0	5	0
6	1	1	2	69	3	down	3	512	455.307324167576	811.155734104611	437.782054709282	484.768169497704	631.34487164134	1588.02538069768	633.147655117177	1017.27811824991	512	512	812.504053485613	1342.74203336179	-593.766351575509	688.607563290744	272	94	4	8	134	228	212	21	8	43	101	5	1397	33	813	399	18	0	0	33	58	0	1459	0	5	0
6	1	1	2	70	2	down	0	512	400.26881700445	536.820031043155	405.820892420058	408.276058634816	641.556661038536	1539.89723083473	650.741289036677	1044.7171104171	512	512	797.960363009743	1300.27256790686	-593.752699648213	688.578588167754	278	110	6	3	115	217	235	19	5	36	82	0	922	20	931	474	17	0	0	31	58	0	962	0	3	0
6	1	1	2	70	2	down	1	512	428.71356875913	722.02401725443	420.184269782272	455.447177403126	752.582972273529	2374.61429852343	693.385249783522	1237.73541709571	512	512	795.804884914793	1285.6620253819	-593.895580010716	688.90882598734	291	97	5	7	112	201	232	37	8	34	88	1	908	27	871	416	13	3	0	31	62	0	961	0	3	0
6	1	1	2	70	2	down	2	512	424.116821006633	606.266593032283	428.421846919998	447.33352400377	568.216194534464	1116.19744168626	600.055200218422	881.247864638875	512	512	792.236091554382	1275.20128564718	-593.707835667756	688.474467639553	295	87	3	4	123	250	208	11	6	37	67	0	927	30	962	457	22	0	0	31	54	0	987	0	3	0
6	1	1	2	70	2	down	3	512	428.445091582571	725.134884445472	419.729480010706	444.50064910868	638.130089900093	1564.58103877928	627.441230446753	969.839744715251	512	512	778.486034128678	1231.69563254024	-593.721229826367	688.502592009772	284	102	4	7	115	232	224	20	2	34	50	3	949	22	962	406	23	0	0	33	57	0	990	0	3	0
6	1	1	2	71	1	down	0	512	405.21105625976	690.231113217406	401.366749021422	425.771975308955	681.172662372597	1786.14512403997	695.549995352057	1234.66385419876	512	512	790.641999843359	1274.77953609551	-593.622199182656	688.275770509253	273	125	6	7	101	208	239	24	11	30	40	1	454	17	925	479	24	2	0	34	62	1	487	-1	2	0
6	1	1	2	71	1	down	1	512	406.80373870288	649.649292180969	399.117182478525	396.487453474543	713.715714689783	2095.18281566221	685.485973779218	1189.47751318831	512	512	786.921546614667	1257.04714201244	-593.965526912555	689.070194274815	295	108	1	6	102	201	233	31	8	39	31	1	466	14	892	415	20	1	0	35	64	1	494	-1	3	0
6	1	1	2	71	1	down	2	512	416.852409139451	601.632450217867	414.221928953786	423.68721378037	716.278020588532	2061.06352542377	710.668778238676	1303.34130247456	512	512	791.411686230864	1277.19420425307	-593.751295116812	688.57431857137	274	104	7	4	123	205	237	30	10	30	45	1	455	11	897	481	22	3	0	19	44	1	477	-1	3	0
6	1	1	2	71	1	down	3	512	393.56061307195	526.944642840653	400.434128074729	398.225371237646	699.339846642599	1929.09811968937	694.724684738083	1188.65389692069	512	512	788.962214096565	1262.88170681269	-593.750908796458	688.572789859075	278	116	3	3	112	200	243	27	7	35	37	0	463	12	848	428	25	0	0	34	56	0	487	0	2	0
# final_twist	1
# forced_steps	0
# sweeps_total	178912
# completion	PASS
