# format	twist_snake_sector_blocks_v2
# status	NON-CANONICAL floating-point engineering diagnostic
# L	6
# k	1
# chain	2
# kind	0
# kind_name	main
# base	0
# restriction	-1
# schedule	round_trip
# seed	202609306102
# seam_size	36
# start_twist	36
# chain_initial	coldT
# warmup_sweeps	512
# dwell_sweeps	16384
# dwell_long_sweeps	32768
# visit_sweeps	2048
# equilibration_sweeps	32
# post_forcing_sweeps	512
# block_length	512
# segments	72
# seam_order	x2_fastest_then_x3
# class_rule	class0_if_2W_ge_minus_n_else_classMinus
# action_density	minus_sum_logW_divided_by_6L4
# sampling	every_production_sweep_after_full_heatbath_sweep
L	k	chain	kind	segment	n	phase	block	count	sumFn	sumFn2	sumFi	sumFi2	sumBn	sumBn2	sumBi	sumBi2	sumPFi	sumPFi2	sumY	sumY2	sumS	sumS2	hF0	hF1	hF2	hF3	hF4	hB0	hB1	hB2	hB3	hB4	sec0	secMinus	secPlus	secOther	untMinus	untPlus	untOther	pure0	pureMinus	purePlus	flips	classMinus	sumW	minW	maxW	forced
6	1	2	0	0	36	dwell	0	512	0	0	0	0	410.278980277895	524.083897188945	417.229090818427	422.509154935563	0	0	384.847897181128	340.303963073899	-593.87236498098	688.85623863106	0	0	0	0	0	267	133	2	3	107	17085	786	550	11	0	0	0	36	0	0	68	0	-246	-5	6	0
6	1	2	0	0	36	dwell	1	512	0	0	0	0	391.86149944757	517.404504595753	406.145656330308	417.369325742183	0	0	381.042811929508	332.443087995773	-593.847105180518	688.796585072104	0	0	0	0	0	288	104	3	8	109	17097	781	524	30	0	0	0	28	0	0	54	0	-277	-7	5	0
6	1	2	0	0	36	dwell	2	512	0	0	0	0	395.345831330703	532.5845561863	407.034516633311	414.813792456137	0	0	377.028364661467	324.854312493981	-593.701483080636	688.456690642103	0	0	0	0	0	270	115	3	5	119	17021	838	554	19	0	0	0	33	0	0	64	0	-298	-6	5	0
6	1	2	0	0	36	dwell	3	512	0	0	0	0	408.483598745697	658.235549227187	407.735642213997	419.17789876324	0	0	390.670562438423	342.172902797995	-593.770527774505	688.619892389469	0	0	0	0	0	282	108	6	1	115	17053	785	579	15	0	0	0	39	0	0	70	0	-212	-6	5	0
6	1	2	0	0	36	dwell	4	512	0	0	0	0	403.099600079758	647.864815323022	402.732848676273	402.974639769457	0	0	390.767175190674	351.508972415041	-593.556911204427	688.121687474219	0	0	0	0	0	281	102	6	5	118	16988	828	594	22	0	0	0	25	0	0	44	0	-258	-6	6	0
6	1	2	0	0	36	dwell	5	512	0	0	0	0	456.506917636639	849.761498025146	441.091469634275	515.868960370208	0	0	382.940098023483	341.966999680739	-594.265662444948	689.767348694884	0	0	0	0	0	267	130	9	7	99	17113	786	514	19	0	0	0	35	0	0	59	0	-298	-8	7	0
6	1	2	0	0	36	dwell	6	512	0	0	0	0	404.770369814457	589.869704436657	408.566820635346	422.775191718991	0	0	403.350862455396	364.33833295292	-593.940170740099	689.013128700095	0	0	0	0	0	258	122	4	4	124	17078	776	561	17	0	0	0	33	0	0	65	0	-229	-7	6	0
6	1	2	0	0	36	dwell	7	512	0	0	0	0	392.245498113509	519.857277824911	404.5143772501	414.677855541396	0	0	377.123649897664	331.741696640081	-593.770468164644	688.619359374825	0	0	0	0	0	289	107	3	3	110	17104	791	508	29	0	0	0	44	0	0	80	0	-306	-7	4	0
6	1	2	0	0	36	dwell	8	512	0	0	0	0	391.228277186634	556.098519081313	394.765820453497	381.572711160462	0	0	398.760267688383	351.192420367033	-594.108496381369	689.401898139337	0	0	0	0	0	283	103	4	4	118	17137	727	554	14	0	0	0	30	0	0	58	0	-177	-5	7	0
6	1	2	0	0	36	dwell	9	512	0	0	0	0	414.760206541013	634.330896581523	413.640860017535	424.513909960072	0	0	382.604084814284	336.454680172006	-593.930702377128	688.989220576785	0	0	0	0	0	277	118	5	3	109	17067	791	551	23	0	0	0	36	0	0	66	0	-266	-6	4	0
6	1	2	0	0	36	dwell	10	512	0	0	0	0	396.996274518512	568.868810624005	404.830078478195	407.730629444284	0	0	390.624841019607	343.496770051058	-593.873033450613	688.857133711376	0	0	0	0	0	277	110	4	3	118	17085	767	558	22	0	0	0	50	0	0	80	0	-229	-6	4	0
6	1	2	0	0	36	dwell	11	512	0	0	0	0	427.850376484762	617.408504028421	426.780369079607	442.380189722467	0	0	371.101088470761	325.958335901227	-593.680032272604	688.408868602965	0	0	0	0	0	285	130	4	2	91	17112	829	476	15	0	0	0	52	0	0	88	0	-363	-6	5	0
6	1	2	0	0	36	dwell	12	512	0	0	0	0	436.890916302578	709.322918374613	433.144126483585	467.88896063055	0	0	396.032624642625	356.716798201403	-593.851569544438	688.806274086652	0	0	0	0	0	272	131	6	3	100	16974	829	610	19	0	0	0	34	0	0	62	0	-217	-7	6	0
6	1	2	0	0	36	dwell	13	512	0	0	0	0	370.661905978507	410.044858650199	382.349660093099	346.669311255911	0	0	391.248490987079	345.219420011205	-593.949838029752	689.034473085388	0	0	0	0	0	293	99	1	4	115	17112	768	538	14	0	0	0	42	0	0	76	0	-234	-5	6	0
6	1	2	0	0	36	dwell	14	512	0	0	0	0	419.846311175384	712.512711007264	408.042618689847	422.696807283599	0	0	394.329751419608	351.348913633399	-593.926275308751	688.978992208322	0	0	0	0	0	279	110	7	5	111	17056	806	556	14	0	0	0	31	0	0	56	0	-254	-6	4	0
6	1	2	0	0	36	dwell	15	512	0	0	0	0	395.719666723197	563.609384619681	400.757625330552	399.566725445491	0	0	386.972603002725	342.220980340281	-594.191599853759	689.594482269979	0	0	0	0	0	282	106	4	5	115	17162	730	519	21	0	0	0	41	0	0	62	0	-216	-6	5	0
6	1	2	0	0	36	dwell	16	512	0	0	0	0	382.658913634456	441.694092987576	395.473315845156	377.86373778415	0	0	370.363955406292	309.08777536537	-594.341048060991	689.940351332753	0	0	0	0	0	270	118	1	1	122	17088	820	507	17	0	0	0	34	0	0	66	0	-339	-7	4	0
6	1	2	0	0	36	dwell	17	512	0	0	0	0	404.299193548821	575.330892449838	409.334726399549	420.822898322831	0	0	382.843031737603	341.268220935343	-593.999265895371	689.149226420615	0	0	0	0	0	292	111	4	1	104	17056	848	517	11	0	0	0	38	0	0	70	0	-341	-9	5	0
6	1	2	0	0	36	dwell	18	512	0	0	0	0	452.91722753757	911.691868785158	429.691727155919	482.892937766538	0	0	386.863555987521	341.896780125986	-593.810341160683	688.711302755387	0	0	0	0	0	280	116	11	2	103	17043	789	581	19	0	0	0	32	0	0	54	0	-222	-8	5	0
6	1	2	0	0	36	dwell	19	512	0	0	0	0	397.802779013517	538.467041178114	407.689816768952	426.690596647214	0	0	381.830102494586	335.807347085099	-593.731697919649	688.528253169399	0	0	0	0	0	265	118	3	6	120	17028	835	545	24	0	0	0	39	0	0	68	0	-309	-6	5	0
6	1	2	0	0	36	dwell	20	512	0	0	0	0	397.878720374444	637.356165723702	401.46428723538	420.858407471414	0	0	394.725107677031	355.085920783393	-593.89119258701	688.900123731397	0	0	0	0	0	286	97	6	4	119	17113	741	562	16	0	0	0	41	0	0	68	0	-183	-6	5	0
6	1	2	0	0	36	dwell	21	512	0	0	0	0	397.687257524138	495.901184818867	411.886631014715	422.517668794118	0	0	394.41054104397	350.105350011588	-594.336359191025	689.93463086216	0	0	0	0	0	283	118	2	3	106	17210	711	499	12	0	0	0	52	0	0	86	0	-221	-5	4	0
6	1	2	0	0	36	dwell	22	512	0	0	0	0	392.802779013517	530.575688298423	398.876058224239	391.171246778891	0	0	378.626033267845	328.134604303139	-593.830947953537	688.75798155471	0	0	0	0	0	269	116	3	1	123	17065	826	530	11	0	0	0	30	0	0	54	0	-309	-8	5	0
6	1	2	0	0	36	dwell	23	512	0	0	0	0	396.112755697255	595.561486456428	400.325614349889	403.239241759934	0	0	374.676692645876	317.20041152859	-594.015019953796	689.186823646836	0	0	0	0	0	293	98	5	4	112	17088	802	524	18	0	0	0	31	0	0	50	0	-290	-7	5	0
6	1	2	0	0	36	dwell	24	512	0	0	0	0	411.938513773823	663.978343293596	409.943532736446	429.591811363832	0	0	388.857314684148	344.737325355886	-593.817821229662	688.72990396136	0	0	0	0	0	276	109	6	7	114	17076	761	566	29	0	0	0	42	0	0	68	0	-217	-7	5	0
6	1	2	0	0	36	dwell	25	512	0	0	0	0	419.213088914449	640.013823108473	423.531730900395	443.417467296375	0	0	386.952030409013	340.014779946828	-593.932348529482	688.992935340196	0	0	0	0	0	282	120	5	2	103	16991	843	582	16	0	0	0	39	0	0	64	0	-273	-7	4	0
6	1	2	0	0	36	dwell	26	512	0	0	0	0	407.264751695072	581.593864782975	412.645084579292	432.154912935025	0	0	388.245051762772	342.8300453313	-593.752784021159	688.578345415952	0	0	0	0	0	284	113	4	6	105	17045	819	554	14	0	0	0	37	0	0	70	0	-266	-6	4	0
6	1	2	0	0	36	dwell	27	512	0	0	0	0	410.584891652254	618.007607736757	416.854237631111	448.528134283871	0	0	379.98297390122	328.069747423048	-593.816435879459	688.725207878253	0	0	0	0	0	297	107	5	4	99	17072	817	529	14	0	0	0	35	0	0	66	0	-296	-7	4	0
6	1	2	0	0	36	dwell	28	512	0	0	0	0	429.510982946016	662.12291920095	432.681267037047	475.632436663759	0	0	368.545084203768	312.597855287187	-593.747523252876	688.566447834471	0	0	0	0	0	269	131	5	4	103	16982	867	552	31	0	0	0	31	0	0	56	0	-353	-8	4	0
6	1	2	0	0	36	dwell	29	512	0	0	0	0	390.230309841323	519.156170681724	402.325973851433	397.293334347396	0	0	378.684329099212	333.206694316469	-593.693591844682	688.440864956528	0	0	0	0	0	284	108	3	2	115	16989	859	564	20	0	0	0	33	0	0	52	0	-312	-6	6	0
6	1	2	0	0	36	dwell	30	512	0	0	0	0	427.23640780539	694.032007856395	418.136375428945	442.084218063511	0	0	389.034123377533	344.942863999955	-594.185919319285	689.582790232045	0	0	0	0	0	267	124	6	6	109	17138	761	516	17	0	0	0	44	0	0	68	0	-247	-5	5	0
6	1	2	0	0	36	dwell	31	512	0	0	0	0	432.91722753757	731.745084375789	419.350778973391	440.072372936747	0	0	381.689689522801	333.256496183039	-593.734860490049	688.536278357645	0	0	0	0	0	288	118	7	2	97	16928	884	594	26	0	0	0	20	0	0	38	0	-301	-8	5	0
6	1	2	0	1	35	down	0	512	619.195981263538	1432.81519150974	626.00559236837	977.809515997515	426.573768689447	612.149078024097	438.057286066208	479.128256523162	512	512	373.299054065176	322.030073100236	-593.645271129372	688.328282064231	217	46	1	17	231	290	126	4	4	88	16569	817	513	21	21	15	1	39	0	0	66	0	-314	-8	4	0
6	1	2	0	1	35	down	1	512	582.25673435228	1253.11185603245	602.708480328208	901.415859856795	451.612275852573	727.757506855849	450.607152649314	499.1799193219	512	512	375.504549511136	320.297127439	-593.727942820388	688.519219101704	237	47	5	14	209	288	137	6	1	80	16594	791	519	16	21	26	0	35	0	0	62	0	-264	-6	4	0
6	1	2	0	1	35	down	2	512	588.48574467635	1160.77128864747	618.699907744106	931.959745512537	465.461352820082	834.356627090926	458.087685459215	533.725532423548	512	512	382.136405443275	337.812754896501	-593.902259292196	688.924135949729	224	38	8	11	231	256	146	8	6	96	16583	784	537	16	10	25	1	32	0	0	64	0	-255	-6	4	0
6	1	2	0	1	35	down	3	512	630.174695027286	1447.63736412161	631.086075431738	961.551478534097	424.251596077576	538.593428205862	434.264739866271	443.869410136738	512	512	377.771589503801	329.021133689266	-593.807717142431	688.704430114534	225	33	1	17	236	288	136	2	2	84	16559	798	547	16	15	16	0	27	0	0	52	0	-259	-6	4	0
6	1	2	0	2	34	down	0	512	578.552595729158	1103.10565305579	591.059807070918	822.120730054995	449.837220867266	730.547754245027	452.372569688816	518.243797809087	512	512	372.825017413092	320.533099471212	-593.887916497439	688.889830173633	239	33	5	10	225	273	140	6	3	90	16141	738	511	18	50	43	1	36	0	0	64	0	-239	-6	4	0
6	1	2	0	2	34	down	1	512	607.947717357905	1368.00897531169	615.570694674589	943.045340826689	441.180679715389	641.006289742047	450.748232150763	525.436245718817	512	512	378.314778026927	327.531354262716	-594.140379253287	689.47511484398	235	37	6	16	218	275	139	4	9	85	16163	710	516	19	27	56	1	28	0	0	48	0	-196	-6	6	0
6	1	2	0	2	34	down	2	512	598.407657384771	1416.40630461611	588.581327935898	870.163104499339	455.047937299135	769.681674639201	447.848490397545	484.597924573051	512	512	375.338862360636	323.9277977838	-593.834747247643	688.765790535685	253	41	4	18	196	287	135	7	1	82	16097	725	566	20	35	35	3	26	0	0	46	0	-175	-6	4	0
6	1	2	0	2	34	down	3	512	577.19897360759	1279.49411447234	597.065881299661	916.613097278615	435.556547762573	701.33488775082	441.014342221383	487.030664388652	512	512	373.474863422524	319.620510911617	-593.785211178039	688.651697224623	240	53	4	15	200	288	126	6	0	92	16098	735	561	14	40	42	1	31	0	0	58	0	-187	-6	6	0
6	1	2	0	3	33	down	0	512	564.271922624465	1110.94821809126	580.426408547561	807.213910462182	448.071256190077	688.753074977753	446.52612372623	490.185058966796	512	512	356.882367133997	301.031775049021	-593.63576467072	688.305852219527	250	41	3	11	207	280	141	5	3	83	15562	787	530	17	49	66	2	31	0	0	52	0	-279	-7	5	0
6	1	2	0	3	33	down	1	512	585.145278172278	1292.80098966775	584.569462630174	857.666758132107	468.109763353203	833.472366868863	461.155302228658	538.86667132076	512	512	354.595208081249	293.623396820109	-594.150346723052	689.498635697435	241	47	3	15	206	270	144	8	4	86	15651	737	494	14	49	65	4	31	0	0	58	0	-243	-6	4	0
6	1	2	0	3	33	down	2	512	617.544465110402	1491.73757579947	601.664432589469	900.14825400591	433.800746358828	667.970369218371	441.079652218813	483.623733518688	512	512	351.514681481547	292.447036423557	-593.977990899596	689.098863725429	239	41	1	19	212	272	133	5	4	98	15565	777	536	18	67	58	0	39	0	0	66	0	-257	-5	4	0
6	1	2	0	3	33	down	3	512	563.868670376963	1107.62138704937	576.089551403319	800.870993655592	430.691322833515	625.690546658763	436.140677142862	464.907365740673	512	512	357.697181257089	304.033010392168	-593.786303180055	688.655242368126	258	37	1	11	205	273	134	4	6	95	15640	749	486	21	61	60	0	26	0	0	46	0	-265	-7	7	0
6	1	2	0	4	32	down	0	512	599.665011598523	1420.73845721707	584.379298675856	841.58120745416	461.967930628831	826.759286217784	458.690265880031	534.372281454298	512	512	351.940090975482	291.897167712458	-593.633421551726	688.303400762747	249	43	3	18	199	264	143	8	2	95	15171	702	500	11	65	72	2	29	0	0	46	0	-212	-5	5	0
6	1	2	0	4	32	down	1	512	615.241546080094	1493.19345464865	592.581578323841	877.722525458514	450.354921638821	686.343314929898	455.464168399586	502.925609646418	512	512	351.86981441479	297.209320599716	-593.844821854554	688.790854713608	224	51	4	19	214	292	137	5	5	73	15245	660	461	18	85	107	4	38	0	0	68	0	-191	-7	5	0
6	1	2	0	4	32	down	2	512	571.795721360087	1268.24932275544	571.15451570913	819.284198215624	442.773362158509	748.699410414954	442.096877989173	480.748361033454	512	512	354.325643830164	295.497676238709	-593.145543543326	687.17117277727	248	53	1	15	195	289	126	7	0	90	15139	742	488	15	67	92	6	23	0	0	36	0	-260	-5	5	0
6	1	2	0	4	32	down	3	512	600.922365812275	1425.07060981803	585.329001039685	859.69820376366	450.144205206952	692.23600233104	454.996236799705	495.32095750944	512	512	341.760154426243	281.384170911804	-593.800800439943	688.691199177072	245	45	2	18	202	282	143	5	1	81	15162	727	478	17	77	75	1	41	0	0	72	0	-271	-5	7	0
6	1	2	0	5	31	down	0	512	536.086557738225	893.134036081356	562.084342354442	754.350777923309	493.311389476954	874.778801355472	491.973674319815	604.354388486286	512	512	308.862783811475	235.941956201944	-593.481220674914	687.946169411075	234	53	1	6	218	274	162	8	2	66	14632	769	452	19	128	105	3	27	0	0	46	0	-331	-7	5	0
6	1	2	0	5	31	down	1	512	600.029756682898	1422.23734924755	577.41812976944	832.325363753338	553.609283508522	1272.6173876167	519.252295513737	688.691390561104	512	512	323.052137863734	254.863892250425	-593.951328184116	689.038769912356	247	44	3	18	200	245	175	16	6	70	14692	710	458	12	91	96	1	39	0	0	66	0	-268	-7	4	0
6	1	2	0	5	31	down	2	512	583.984191866342	1293.07859628831	577.003650104533	820.551580873844	478.753148887583	782.042218529093	491.920546121028	597.261504089134	512	512	340.768406256153	274.647771961316	-594.093692858332	689.367981062826	236	51	3	15	207	264	163	6	5	74	14780	638	439	15	83	91	1	38	0	0	69	0	-205	-5	4	0
6	1	2	0	5	31	down	3	512	585.778500433213	1365.29987756654	578.178396587748	843.642733380035	497.725764687264	952.718044135045	485.588595975594	597.783455379723	512	512	330.768980649265	262.079418821672	-593.926355465615	688.979309308118	238	55	6	17	196	273	154	10	5	70	14753	684	425	10	105	109	3	37	0	0	69	0	-271	-6	5	0
6	1	2	0	6	30	down	0	512	532.630569744774	982.518057356437	545.822749329438	743.695134198552	470.85444179414	763.060395013645	471.773675351436	551.29640558907	512	512	322.613309566795	253.885991262823	-593.726026183709	688.516282564492	257	51	5	9	190	279	153	6	3	71	14235	656	453	16	140	118	1	42	0	0	70	0	-223	-8	5	0
6	1	2	0	6	30	down	1	512	584.367117566955	1390.68479265427	562.846026945833	803.508243992443	466.296201204769	797.326028126314	473.245821464546	581.532994595597	512	512	324.025297316201	255.522701344333	-593.692092907911	688.436473108175	258	48	4	18	184	257	148	7	11	89	14237	644	459	20	98	124	3	33	0	0	58	0	-210	-7	4	0
6	1	2	0	6	30	down	2	512	535.394501767274	1061.28169281862	535.486717828292	710.422037100231	464.971995938209	834.90341315297	461.884600051556	531.159213224073	512	512	321.553331388907	255.870919686595	-593.710558390989	688.481267438901	253	60	3	11	185	258	148	8	1	97	14130	702	518	10	111	95	1	36	0	0	64	0	-180	-5	6	0
6	1	2	0	6	30	down	3	512	518.273955279154	891.471497846321	534.631148677446	693.177011770779	459.47247578289	819.022254419236	451.558136561302	510.699327448864	512	512	330.585689321193	259.916297205094	-593.833054750633	688.762601859441	247	60	5	7	193	271	138	8	3	92	14265	624	463	8	115	129	2	40	0	0	62	0	-169	-6	4	0
6	1	2	0	7	29	down	0	512	545.576874309462	1114.9357956112	550.605106503139	755.837179454203	503.388403803207	931.352640053314	510.25806882777	657.176061846935	512	512	315.169029040461	240.748218891895	-593.465892915618	687.912268586437	250	58	4	12	188	262	167	9	5	69	13730	655	449	14	153	135	1	38	0	0	68	0	-214	-8	4	0
6	1	2	0	7	29	down	1	512	546.161426133826	1177.14997596843	548.257704472577	778.976136123448	480.941619393838	754.006746977586	497.110343730368	604.141267624448	512	512	293.339919578067	226.864804202703	-593.934673283542	688.998734051779	272	51	5	14	170	260	174	5	0	73	13645	751	437	15	119	124	3	31	0	0	52	0	-325	-6	4	0
6	1	2	0	7	29	down	2	512	530.576874309462	1017.0178349362	543.402916387755	725.369161440372	510.365084912266	975.225808185083	502.357823380383	622.036040741481	512	512	327.350128784259	257.447944384463	-594.263963932283	689.764601906099	250	60	7	10	185	273	165	10	2	62	13794	582	459	13	113	151	2	39	0	0	70	0	-137	-5	4	0
6	1	2	0	7	29	down	3	512	593.609283508522	1447.20719099173	569.150025088027	827.064222126041	493.926431121652	739.977482534424	507.470778672163	611.378133454263	512	512	316.420624907598	246.674776186635	-593.510960954771	688.017620964785	245	53	5	19	190	255	187	4	5	61	13633	716	481	18	100	156	3	32	0	0	56	0	-247	-6	4	0
6	1	2	0	8	28	down	0	512	517.160466444463	960.185019206198	521.412605388514	667.644921926367	490.989216865083	838.2519752716	493.138037384474	586.63131437139	512	512	301.324154708176	230.892069689052	-593.897627197961	688.913963780329	250	67	4	9	182	264	167	7	5	69	13301	615	408	12	159	147	3	27	0	0	42	0	-215	-6	4	0
6	1	2	0	8	28	down	1	512	549.828130559147	1230.12160120624	536.670689570701	739.509672795615	493.514088566032	781.262185944297	510.49240712618	634.076294138849	512	512	286.249116288905	215.646375556955	-593.369859978401	687.688494408461	247	68	5	15	177	245	188	5	1	73	13109	724	487	16	201	165	13	21	0	0	38	0	-258	-7	5	0
6	1	2	0	8	28	down	2	512	564.270849659139	1280.26571987806	541.200071853529	734.63344829463	484.568743690706	900.303856340779	485.686513580625	592.501803278216	512	512	288.21461759469	212.798905060547	-593.834036649434	688.765827611965	271	47	3	16	175	262	154	9	4	83	13272	648	397	19	150	160	3	29	0	0	50	0	-269	-8	5	0
6	1	2	0	8	28	down	3	512	538.800746358828	1130.90385799345	525.258923913843	688.641906216792	553.907177540089	1204.77969929981	540.597302092011	748.197231681594	512	512	301.23138435449	228.660908315501	-593.634381120084	688.302078155536	272	54	1	13	172	240	188	14	4	66	13316	608	403	9	160	140	3	36	0	0	68	0	-203	-5	3	0
6	1	2	0	9	27	down	0	512	548.311389476954	1258.45285999454	529.08896323386	714.138560771523	473.637627398204	805.669264554195	488.056447002311	596.153427348277	512	512	292.97599195403	219.969721890461	-593.877611934513	688.866548374788	262	65	1	16	168	274	152	7	3	76	12833	575	398	18	158	169	6	28	0	0	44	0	-181	-5	5	0
6	1	2	0	9	27	down	1	512	511.795721360087	950.768166500716	519.716618781195	672.077029926244	545.068263846025	1151.58413200424	526.146447605301	693.10767436115	512	512	288.046415561679	214.96444340196	-593.948394236182	689.029440705493	252	70	3	9	178	245	184	13	5	65	12841	572	404	7	191	196	5	37	0	0	66	0	-182	-6	3	0
6	1	2	0	9	27	down	2	512	511.718707033834	835.892778298214	526.530230765669	669.107941349351	495.691322833515	914.060839854128	490.941646079529	590.974156080505	512	512	295.29392328013	222.065176090853	-593.438402699068	687.845997605042	268	48	4	6	186	277	159	9	0	67	12742	632	432	18	175	165	5	29	0	0	52	0	-224	-5	4	0
6	1	2	0	9	27	down	3	512	550.039919956343	1166.13092219797	536.46943354874	717.041994431799	478.493762019142	814.652414327724	487.475425679382	590.661865072674	512	512	277.609020844291	205.165518618768	-593.558739718107	688.129157298239	232	70	4	13	193	267	155	7	8	75	12696	697	416	15	203	181	7	33	0	0	54	0	-292	-6	4	0
6	1	2	0	10	26	down	0	512	532.976061247586	1131.36461769289	529.309650345584	716.285414652508	519.454295166653	966.258635483799	516.485030148302	659.163782047328	512	512	277.266525000406	199.906505181775	-593.956115209505	689.047170660869	248	73	2	13	176	247	186	9	2	68	12334	564	403	11	183	168	7	34	0	0	66	0	-179	-6	4	0
6	1	2	0	10	26	down	1	512	508.570776345395	1014.14421370057	507.757967480593	661.45293681772	559.943652048527	1251.49455518114	535.489060685329	736.802451321744	512	512	287.751108802263	208.128924302186	-593.745946591888	688.560046725025	255	77	6	11	163	237	188	15	5	67	12369	560	374	9	190	238	4	40	0	0	74	0	-200	-5	4	0
6	1	2	0	10	26	down	2	512	545.720739688523	1150.92603804236	535.946266867099	723.842398519665	486.104738354462	761.733576366806	505.165961483815	616.286351288022	512	512	278.442954691429	207.699641518298	-593.761386305226	688.597594375881	253	61	1	13	184	258	176	5	4	69	12248	603	430	31	159	184	5	33	0	0	59	0	-215	-9	4	0
6	1	2	0	10	26	down	3	512	551.257694041642	1226.75973518995	533.883952255559	737.143722554195	509.137147553522	906.140226662961	508.296332213755	626.915881702023	512	512	275.052751074088	196.180439791292	-593.581501985714	688.179820385305	263	58	2	15	174	261	177	8	4	62	12238	634	427	13	183	210	3	28	0	0	47	0	-213	-6	4	0
6	1	2	0	11	25	down	0	512	499.789623396021	963.70385881979	509.945514851218	675.505243419943	605.692395798842	1549.12027907984	574.608306661831	858.922226662827	512	512	260.491002887016	189.464496547283	-593.497284396312	687.984063163379	253	80	8	10	161	224	198	21	3	66	11825	584	379	12	247	203	5	28	0	0	50	0	-221	-4	5	0
6	1	2	0	11	25	down	1	512	495.567784001344	783.791232098902	510.420029343655	624.209718235323	533.724804997901	1098.20763583222	535.398650529666	722.760202410748	512	512	269.896816966958	192.782921316638	-593.767954683368	688.611743888895	244	71	4	5	188	243	182	12	4	71	11864	562	364	10	212	246	8	37	0	0	64	0	-206	-5	5	0
6	1	2	0	11	25	down	2	512	532.765344815717	1026.03779491437	533.122930901206	713.175642550554	520.989216865083	959.923817971625	528.405314010348	693.955359777339	512	512	266.277272422711	190.614524056661	-593.78469727319	688.654038025449	242	65	3	10	192	264	179	9	5	55	11865	552	370	13	231	198	9	43	0	0	76	0	-188	-5	4	0
6	1	2	0	11	25	down	3	512	551.229350151961	1159.251093854	540.832633557557	735.012719751347	518.14827051633	988.697206870962	527.199373322846	689.746995283602	512	512	268.753080748569	200.115570161672	-593.55841928997	688.126197729742	254	56	2	13	187	272	171	10	2	57	11794	585	406	15	243	201	7	38	0	0	64	0	-189	-6	7	0
6	1	2	0	12	24	down	0	512	498.906104574763	990.423142447529	487.113528437529	610.416861017575	455.375248185711	600.00851807615	473.948191525791	537.787289061804	512	512	250.888729383222	170.75654694652	-593.714769385494	688.491223225846	273	73	5	11	150	266	166	2	3	75	11381	566	335	6	225	207	8	37	0	0	60	0	-227	-4	4	0
6	1	2	0	12	24	down	1	512	491.948677047267	910.421816189449	493.641003615144	614.683464161983	476.103665389136	841.077685948914	478.155958508734	586.679992586057	512	512	268.278450413256	194.467850537816	-593.98789452728	689.119305317968	265	75	6	9	157	283	145	8	4	72	11328	570	383	7	248	249	10	27	0	0	54	0	-185	-5	4	0
6	1	2	0	12	24	down	2	512	510.096607735707	978.336675376125	497.633521251359	605.499933465912	460.124951625388	781.282121132358	462.258906653966	536.22709292639	512	512	270.498301321452	195.829101254552	-593.68925543162	688.42905261472	266	67	1	10	168	279	141	7	2	83	11398	489	391	10	240	248	8	42	0	0	74	0	-94	-6	5	0
6	1	2	0	12	24	down	3	512	484.971995938209	866.60186364831	485.301533697775	590.239515965302	470.815934631013	835.343319061583	474.58801683578	583.374875506712	512	512	255.664724708009	178.731522627263	-593.724799881071	688.513348101285	262	80	1	8	161	277	144	8	3	80	11343	571	360	14	226	216	10	39	0	0	68	0	-219	-5	5	0
6	1	2	0	13	23	down	0	512	557.505957947276	1135.37304900365	551.680751798696	747.49560567769	511.325618059777	952.215618170811	513.02768003185	648.602545459676	512	512	250.781931747317	174.718940585132	-593.888412654304	688.891327779531	253	49	0	12	198	249	180	9	1	73	10873	516	370	17	270	269	6	28	0	0	47	0	-148	-5	5	0
6	1	2	0	13	23	down	1	512	582.572809000084	1392.5743744354	564.22678860343	820.962363659699	501.853482104777	900.605418240494	509.684224208709	657.38804817501	512	512	242.473538783721	160.850822191304	-593.660218384636	688.362817197655	248	56	3	18	187	245	177	8	5	77	10855	541	365	15	259	224	6	32	0	0	58	0	-178	-6	5	0
6	1	2	0	13	23	down	2	512	514.84738414071	916.155305790868	526.411390216639	671.844452236225	470.499859983209	658.851976924274	496.838317368949	581.974385845508	512	512	254.155858703141	175.514696116226	-593.978401333831	689.099381694787	262	58	2	8	182	274	171	3	0	64	10868	500	389	19	242	225	4	33	0	0	56	0	-125	-4	4	0
6	1	2	0	13	23	down	3	512	571.574841654773	1302.66084977017	580.634611684689	866.996591325396	461.680199870708	680.69454609143	479.407825084205	556.437394702111	512	512	246.654001382279	173.18812385016	-593.486663521677	687.960466947527	241	58	10	16	187	270	160	4	2	76	10888	516	359	13	259	265	7	35	0	0	60	0	-163	-6	4	0
6	1	2	0	14	22	down	0	512	537.208063915708	1097.37481597053	522.306607677699	679.891236100917	523.849416795399	1043.29721265532	514.315727483777	658.217030041604	512	512	217.230279041324	136.638783459029	-593.795867098756	688.678028892004	258	59	4	12	179	251	178	11	2	70	10444	510	299	11	276	227	6	40	0	0	68	0	-217	-5	4	0
6	1	2	0	14	22	down	1	512	613.110836318529	1635.17704099929	580.896345662586	912.503328257749	496.987184210394	957.276362996182	497.2241272884	635.729858825518	512	512	233.631485820618	158.990897514146	-593.617900598555	688.266998356786	213	73	9	23	194	263	159	10	2	78	10402	508	342	12	284	310	9	33	0	0	52	0	-186	-5	4	0
6	1	2	0	14	22	down	2	512	570.922365812275	1340.45419864768	546.209308782463	764.049904377777	489.742025924776	805.321159671104	507.024370077434	630.328913365552	512	512	227.367009054258	156.263974292225	-593.613444750327	688.254824117626	241	65	3	17	186	253	175	6	5	73	10338	568	340	18	260	286	5	15	0	0	28	0	-245	-6	4	0
6	1	2	0	14	22	down	3	512	503.398567076652	828.616506199104	516.578405945569	640.149294539956	489.828130559147	875.611621217154	499.092008733233	614.352359280285	512	512	236.593046024674	160.535158744557	-593.916373747346	688.957902793452	251	64	6	6	185	259	165	8	2	78	10377	518	350	19	267	262	11	26	0	0	40	0	-178	-6	4	0
6	1	2	0	15	21	down	0	512	499.703518761649	893.466612864371	502.011556204629	613.105940530982	547.227317497272	1151.22005004891	529.771928701875	700.84363614858	512	512	243.349960130325	167.318935106236	-593.830587096729	688.758039752775	255	73	3	8	173	257	183	13	2	57	9943	446	351	12	264	337	8	35	0	0	62	0	-107	-5	3	0
6	1	2	0	15	21	down	1	512	488.800746358828	829.285230884059	499.948509799087	616.731605125974	561.631529434137	1347.75795582802	525.5056232252	714.938575600114	512	512	230.861104568171	150.139158463211	-593.875265666274	688.860544886773	280	62	1	7	162	271	164	18	2	57	9948	470	316	18	272	288	5	36	0	0	68	0	-178	-5	3	0
6	1	2	0	15	21	down	2	512	537.592062581647	1136.88302072937	519.558322571833	686.265706994387	529.444131893208	1047.74865136303	527.126666377826	703.607125387639	512	512	238.644835049458	155.646229455944	-593.956228979252	689.050054345515	255	66	0	13	178	258	177	11	6	60	9874	473	396	9	269	265	7	32	0	0	56	0	-71	-7	4	0
6	1	2	0	15	21	down	3	512	499.952742356645	926.510511594956	503.621840806149	646.125802444403	536.123991936026	990.142006024895	541.064300854805	715.073044299648	512	512	238.825345991809	151.470730136558	-593.665617219737	688.373968109309	263	72	2	9	166	253	194	9	5	51	9881	478	381	12	248	294	7	30	0	0	52	0	-109	-5	5	0
6	1	2	0	16	20	down	0	512	516.401559420704	1058.99609559609	506.915455087753	649.543193430458	504.703518761649	938.440005069056	518.932374151174	691.779144750888	512	512	207.090049605829	132.727227194025	-593.760162252047	688.593148414088	266	69	4	12	161	251	172	9	5	75	9463	441	328	8	344	289	12	31	0	0	58	0	-113	-5	4	0
6	1	2	0	16	20	down	1	512	496.306364478214	890.452423417431	499.883463759117	622.232773780436	501.181752680715	826.25198353497	516.580410811674	659.851654035167	512	512	205.053084372897	127.516898282063	-593.732709231386	688.52815517913	250	79	2	8	173	250	185	6	4	67	9404	509	319	8	286	278	6	37	0	0	68	0	-194	-6	4	0
6	1	2	0	16	20	down	2	512	513.714641724457	946.8861222177	514.257393874047	655.117371209524	534.761279506339	1099.94909950886	531.457501064215	715.305349238936	512	512	215.590934241101	140.961480644254	-593.692813021259	688.439243842666	270	58	1	9	174	244	183	12	3	70	9437	463	326	14	307	299	6	42	0	0	76	0	-145	-4	4	0
6	1	2	0	16	20	down	3	512	526.660946289145	1079.27725267715	518.641947220551	685.153367397295	502.274914968517	888.873259028841	516.336389433862	667.318772887406	512	512	237.386162864405	161.028196316612	-593.985914681602	689.116106581223	259	66	4	12	171	273	167	8	5	59	9509	397	326	8	285	313	6	43	0	0	74	0	-75	-4	5	0
6	1	2	0	17	19	down	0	512	522.745018268827	1030.34376803375	516.788648473589	663.20491135094	517.986224521031	930.73713095899	540.259842662149	735.972531219284	512	512	208.386054171715	134.330026635023	-593.948773557575	689.032058405943	276	55	2	11	168	241	192	8	2	69	9020	408	292	8	356	344	7	24	0	0	46	0	-124	-4	5	0
6	1	2	0	17	19	down	1	512	509.002372482579	1010.89543081438	497.258815385036	622.577371056802	583.024731684158	1220.90875537046	580.381742432663	820.382947415751	512	512	201.631389445364	123.718344674992	-593.741227242162	688.549374280384	268	70	2	11	161	235	217	13	2	45	8998	431	288	11	324	311	8	38	0	0	62	0	-145	-4	4	0
6	1	2	0	17	19	down	2	512	514.079386808832	1022.49587730753	500.663821268456	625.053899249672	567.649823326337	1261.28346804886	565.192384288205	818.696458455024	512	512	204.65051164796	132.505981717315	-593.682809872332	688.415174506447	260	71	3	11	167	244	191	15	5	57	8927	448	339	14	302	295	5	35	0	0	62	0	-125	-6	3	0
6	1	2	0	17	19	down	3	512	523.206031261019	1110.5632823451	509.012710668787	674.067848070665	553.42798393166	1139.61917524201	556.065700823617	770.865401606666	512	512	197.309046209367	124.721411805593	-593.638788907603	688.311648767053	257	74	3	13	165	223	203	12	5	69	8948	450	320	10	365	398	13	27	0	0	48	0	-130	-4	4	0
6	1	2	0	18	18	down	0	512	458.004405137268	672.307847510077	463.242094204263	515.088659442848	499.126984280077	955.958399842165	497.485879194397	628.011846262512	512	512	190.472732672215	124.07122008209	-593.514365512492	688.025062839427	273	76	4	4	155	272	156	10	4	70	8478	416	311	11	336	363	16	34	0	0	64	0	-119	-5	4	0
6	1	2	0	18	18	down	1	512	495.711649380405	893.892337589415	486.092266827394	587.826484431224	472.515048255394	807.774810186174	476.369736763766	571.353588910494	512	512	188.460916264387	121.725309413873	-594.088633099147	689.355902762996	239	86	3	8	176	263	154	7	5	83	8466	453	284	13	338	362	13	27	0	0	50	0	-179	-6	4	0
6	1	2	0	18	18	down	2	512	472.955734700697	908.136218966923	468.333584337057	567.996071323462	533.292135895391	1196.66305744585	513.213610231714	690.737915697451	512	512	195.115265989521	117.922443959282	-593.846971512974	688.793412167713	278	84	7	10	133	259	160	15	6	72	8519	364	321	12	383	325	4	28	0	0	52	0	-43	-4	4	0
6	1	2	0	18	18	down	3	512	449.395461456637	725.339768601085	460.970281241717	543.670469218723	450.989216865083	589.577916632526	470.207592715439	526.72761451991	512	512	181.036146318922	117.412942082762	-593.860879476773	688.828020766879	279	85	7	6	135	276	161	2	0	73	8495	419	298	4	353	338	12	30	0	0	56	0	-125	-4	4	0
6	1	2	0	19	17	down	0	512	513.005478102594	849.608972832678	530.82847540285	681.471740800727	515.443172203845	965.757086805476	527.36905195551	697.435430514277	512	512	191.737511431119	118.479613334256	-593.645224784706	688.326899708952	244	63	2	6	197	232	188	9	3	80	8050	383	258	13	337	365	7	47	0	0	82	0	-115	-4	4	0
6	1	2	0	19	17	down	1	512	578.916267848208	1385.11494925741	552.198224261854	776.172892557046	510.980126556964	877.506528689029	514.628248231252	641.736999952814	512	512	186.478872793873	116.440863954494	-593.902623298253	688.923767183407	250	57	4	18	183	254	187	7	2	62	8117	346	231	10	346	385	5	38	0	0	66	0	-123	-5	4	0
6	1	2	0	19	17	down	2	512	553.935521429771	1272.31494843107	540.013205522069	740.882479987918	548.819999940391	1258.83334733587	529.122059396531	713.050856248339	512	512	168.340178119645	101.764909743945	-593.657112740867	688.352342990627	253	67	0	16	176	259	167	16	5	65	8122	352	224	6	390	364	8	38	0	0	76	0	-140	-5	3	0
6	1	2	0	19	17	down	3	512	511.152335825707	980.952196865504	530.993896741933	734.519320671591	516.34487164134	849.867949864833	524.790793061554	660.173012475367	512	512	185.380124161473	117.152127019966	-593.985559107718	689.115499170912	258	69	7	10	168	256	195	6	2	53	8044	398	253	9	334	402	8	32	0	0	60	0	-151	-4	5	0
6	1	2	0	20	16	down	0	512	470.336741022584	733.127363474101	483.955522026712	566.018328983086	502.611316163211	822.863509723367	528.679779037105	686.720173384091	512	512	175.990461389438	105.165189103371	-593.891190520732	688.899343520785	264	77	3	5	163	262	181	6	5	58	7627	330	227	8	395	380	10	29	0	0	48	0	-111	-4	3	0
6	1	2	0	20	16	down	1	512	526.862572412896	1043.88523666842	519.150596253193	670.00849632811	518.974028592898	959.222710828438	523.765976082255	690.891262175533	512	512	182.769541108066	112.100317978951	-593.826409898289	688.747719355772	259	62	4	11	176	259	180	9	4	60	7576	354	252	10	341	381	10	40	0	0	66	0	-106	-4	3	0
6	1	2	0	20	16	down	2	512	535.489696709764	1198.12691450193	522.765092519704	700.708715590774	496.123991936026	889.689673504536	502.461216131723	624.308810749063	512	512	173.366695444264	115.145062626393	-593.826499370972	688.749167535435	265	67	5	15	160	249	172	8	4	79	7533	354	299	6	371	349	12	32	0	0	58	0	-59	-4	5	0
6	1	2	0	20	16	down	3	512	516.075321499455	985.187671722359	516.258757683697	685.002332337984	541.881825994459	1142.70386295148	542.803759055058	761.00826600849	512	512	159.256209817085	96.0591994778974	-593.621464287373	688.271641750347	266	60	8	10	168	254	179	13	4	62	7546	393	245	8	351	388	7	34	0	0	60	0	-152	-5	4	0
6	1	2	0	21	15	down	0	512	502.23640780539	961.15618307678	497.88515826176	621.057820516616	521.411722694148	964.204530212201	519.619173773555	667.06665930354	512	512	170.621322867321	105.449743520721	-593.944396166294	689.021872617145	271	68	5	10	158	259	183	9	2	59	7075	349	240	16	352	403	10	38	0	0	66	0	-117	-4	3	0
6	1	2	0	21	15	down	1	512	507.006437791957	936.957518424567	517.868776840716	689.943646400989	527.793688705398	1085.62847557531	519.706410643217	678.487586556048	512	512	175.723271871265	113.143186243808	-593.949187941187	689.033899788912	262	66	6	9	169	251	176	12	2	71	7048	353	273	6	375	397	10	28	0	0	54	0	-88	-4	4	0
6	1	2	0	21	15	down	2	512	483.954775011334	754.594770990683	496.717704356065	594.800623903264	498.033821992276	819.226261288937	511.370710817107	633.57269935568	512	512	164.386290858258	101.269830035728	-593.755604732771	688.583830049314	268	65	2	5	172	257	182	6	1	66	7131	314	226	9	408	376	10	45	0	0	80	0	-94	-4	4	0
6	1	2	0	21	15	down	3	512	476.901079576022	781.176587895435	485.950791100155	586.640475224602	522.620406471329	995.280799005963	524.719984725338	679.618981860817	512	512	141.650330751911	89.1888976508903	-593.315665701785	687.562698983151	261	78	3	6	164	272	173	10	4	53	7066	382	219	13	432	382	13	34	0	0	55	0	-189	-5	3	0
6	1	2	0	22	14	down	0	512	513.03274902695	1086.43511595542	501.00863582812	649.851239323481	557.697420797582	1239.77259837881	542.582801243085	746.617423697989	512	512	158.014282623166	100.10098920588	-593.685510547971	688.421164748729	274	71	2	13	152	260	181	15	0	56	6571	336	251	10	375	451	4	29	0	0	56	0	-102	-5	3	0
6	1	2	0	22	14	down	1	512	509.26175935102	1015.31405875011	504.590588261143	660.416547084159	568.398567076652	1191.09766245383	559.737775565881	770.572871141661	512	512	143.58552811396	85.5135978151538	-594.140185693039	689.473503121819	257	76	4	11	164	247	202	13	2	48	6633	333	199	3	382	383	6	35	0	0	62	0	-136	-4	3	0
6	1	2	0	22	14	down	2	512	487.639660052892	829.562837504619	493.237748137417	595.1158260406	513.772402469146	949.641334632485	527.224516646779	698.282830284064	512	512	152.794554590031	98.0791502933589	-593.90166766313	688.924987735886	275	66	1	7	163	263	176	9	2	62	6545	368	244	11	366	454	10	27	0	0	52	0	-138	-4	4	0
6	1	2	0	22	14	down	3	512	515.566711036017	947.751752851358	505.923179067034	614.637182276693	511.987184210394	944.001421286838	518.659538970372	654.750197735068	512	512	140.852261619953	85.6767388062597	-593.958503889173	689.054426960344	273	54	3	9	173	271	173	9	0	59	6626	344	191	7	411	380	7	29	0	0	56	0	-159	-4	3	0
6	1	2	0	23	13	down	0	512	478.67613456133	704.248869651584	493.174341385687	570.75993198963	533.46541812946	1056.70696857149	547.188390352594	765.146436916503	512	512	149.103420765025	95.5783128491767	-593.67677359692	688.40395157846	280	57	3	4	168	254	182	11	5	60	6108	316	226	6	411	470	13	38	0	0	64	0	-90	-4	4	0
6	1	2	0	23	13	down	1	512	461.286037931324	818.059946041476	471.351796128247	560.794389038436	534.675174871967	955.547774903453	558.246380514256	760.32144385303	512	512	138.318032109115	84.8978131395505	-593.829668940349	688.753860123846	280	85	3	8	136	246	201	8	4	53	6103	332	214	7	377	377	12	27	0	0	50	0	-116	-5	3	0
6	1	2	0	23	13	down	2	512	471.871662721014	875.067487671272	476.853225553963	584.98789018747	588.63870036353	1337.48036986588	586.007685036654	863.050565751949	512	512	133.389783232819	86.2889345674038	-593.539209579665	688.080902863011	273	86	2	9	142	233	206	16	4	53	6078	352	223	3	447	426	10	26	0	0	46	0	-131	-5	3	0
6	1	2	0	23	13	down	3	512	488.503925292587	764.860848943835	498.453112746381	602.693830281356	587.467450784149	1403.41207101566	578.00081341567	865.208715755909	512	512	145.576052891236	87.0745597836423	-594.11792376612	689.422031064113	260	66	4	5	177	239	192	18	6	57	6170	288	193	5	392	402	11	38	0	0	64	0	-105	-4	2	0
6	1	2	0	24	12	down	0	512	473.004405137268	844.33667124444	470.301150082108	548.694374478677	471.401559420704	765.322036957016	483.97040082142	574.844741002317	512	512	121.99245983555	77.2257679216225	-594.010564555451	689.174276434367	265	86	3	8	150	278	155	6	1	72	5684	277	173	10	426	382	21	33	0	0	53	0	-104	-3	3	0
6	1	2	0	24	12	down	1	512	434.981086246327	631.564604471499	448.210822763752	489.72045716624	472.486704365713	740.29277664554	486.050111085055	577.993074211352	512	512	135.999381746175	81.9779088184074	-593.914011247836	688.950405223269	280	89	2	4	137	258	168	5	1	80	5662	278	198	6	418	460	12	42	0	0	73	0	-84	-3	3	0
6	1	2	0	24	12	down	2	512	454.395461456637	696.228905541728	457.239711583783	504.322345590269	495.652815670389	986.317156106752	485.027604011352	601.718940994145	512	512	138.527862455152	89.2289067931501	-593.89382332139	688.903838077027	287	74	3	5	143	271	149	11	4	77	5709	269	159	7	420	454	11	46	0	0	70	0	-112	-4	3	0
6	1	2	0	24	12	down	3	512	445.64372536227	618.117161064774	460.303849673137	508.122789714344	516.152335825707	1063.00762839518	500.61799710239	634.575891074719	512	512	134.314112700731	92.4018695090647	-593.64641655854	688.329747391239	269	84	3	3	153	254	164	12	6	76	5697	243	201	3	493	442	14	40	0	0	66	0	-44	-5	3	0
6	1	2	0	25	11	down	0	512	515.538367146336	991.436013899759	515.99984568066	663.354550145631	553.053075573839	1166.74555400638	547.379372758327	752.491166996369	512	512	108.320551798086	73.7931833800585	-593.937448550279	689.005704874478	256	69	2	10	175	244	192	13	2	61	5210	252	166	4	479	436	10	36	0	0	68	0	-90	-3	4	0
6	1	2	0	25	11	down	1	512	500.269889969776	896.628920415794	504.497058269342	626.017107672742	505.980126556964	906.643999543701	522.603267277385	684.289152258404	512	512	116.514867981457	83.3899905136243	-593.683063058563	688.41559698548	249	76	4	8	175	250	180	8	2	72	5154	265	206	7	478	484	20	45	0	0	75	0	-65	-5	4	0
6	1	2	0	25	11	down	2	512	519.635594743515	988.063945474143	522.178236255362	685.058462796203	520.384338493829	991.989002938462	527.192229624599	692.840404912938	512	512	126.727357853732	85.6438084761675	-594.007169146502	689.167508973948	277	52	4	10	169	272	172	10	3	55	5230	216	178	8	433	510	16	36	0	0	66	0	-50	-4	3	0
6	1	2	0	25	11	down	3	512	521.881825994459	962.730470746791	531.688488239039	701.842598358168	560.940546428512	1235.42181618945	541.123482592754	727.747608160118	512	512	107.552192926635	71.7195097422447	-593.950374531758	689.036911418422	258	57	8	9	180	281	175	15	1	40	5205	262	159	6	529	469	8	33	0	0	57	0	-99	-4	3	0
6	1	2	0	26	10	down	0	512	487.006437791957	868.203636399548	485.859839111453	583.448437884448	509.339846642599	812.623611251786	532.169579350904	677.506374606225	512	512	101.105612198658	71.6980987086323	-593.819581151764	688.732332399391	262	77	5	8	160	232	203	5	3	69	4729	214	173	4	492	447	16	38	0	0	69	0	-37	-4	4	0
6	1	2	0	26	10	down	1	512	494.309356822265	874.665718225382	499.536016605475	617.86744661809	523.887923958526	933.958857077703	528.429312281402	670.405404252841	512	512	96.9363964965966	66.4169175376844	-594.132682660541	689.457918332446	277	63	3	8	161	257	191	8	1	55	4707	251	159	3	467	425	13	32	0	0	55	0	-98	-3	3	0
6	1	2	0	26	10	down	2	512	479.780533087902	754.257745802831	491.131935905765	585.998769039877	576.28711089665	1386.95309067816	539.894409772198	739.598137107539	512	512	100.167395598125	69.6925279331483	-593.884424716497	688.88303597878	251	78	4	5	174	239	187	18	1	67	4743	218	153	6	497	441	13	33	0	0	64	0	-69	-4	4	0
6	1	2	0	26	10	down	3	512	508.253628732264	1006.97037335006	495.216616127844	608.902662934551	533.033821992276	985.871496193647	533.143400803982	689.455991198348	512	512	115.394687568906	84.3683114157886	-594.089705270756	689.35979304001	273	67	3	11	158	253	193	9	3	54	4779	188	147	6	471	482	17	46	0	0	82	0	-41	-4	3	0
6	1	2	0	27	9	down	0	512	502.390436457896	968.521154713082	496.747579155201	622.958874940047	525.70148610696	1081.21827481866	533.01587995709	707.054780109667	512	512	94.8447123276509	62.9690817446784	-594.192278805711	689.597512168115	255	78	5	10	164	250	173	12	5	72	4241	234	127	6	479	499	11	39	0	0	64	1	-111	-5	2	0
6	1	2	0	27	9	down	1	512	500.250636388213	932.783686337421	492.823031698538	599.446032788537	540.605218199144	1137.47104474247	538.1578837567	725.297427497572	512	512	103.801310400595	68.3251875319422	-594.175682631343	689.558768679732	250	80	2	9	171	263	176	13	2	58	4248	217	139	4	485	478	9	36	0	0	66	0	-82	-3	4	0
6	1	2	0	27	9	down	2	512	478.493762019142	814.679022123039	486.581582075344	592.010190703923	516.085484772899	956.615616518137	526.946875393212	685.226549443918	512	512	98.8347446034148	69.124569784316	-593.632502045659	688.298903334216	271	74	4	7	156	255	180	9	3	65	4239	210	154	5	523	504	17	35	0	0	62	0	-54	-3	3	0
6	1	2	0	27	9	down	3	512	472.073288844766	802.593432337547	486.390258859232	603.44929746378	525.711649380405	1052.61961181912	540.445551459431	752.277638127664	512	512	96.6347324561048	66.0219784143717	-593.854620578419	688.813655452183	273	77	5	7	150	235	184	11	4	78	4194	243	165	6	489	514	18	38	0	0	66	0	-78	-4	3	0
6	1	2	0	28	8	down	0	512	489.607250853833	873.02093229284	491.543761579275	602.295062246974	529.051042919151	1015.8231573216	535.087256479213	717.065199625813	512	512	87.0123398922277	64.2940498952312	-593.981059431001	689.104112536167	264	75	2	8	163	251	186	10	3	62	3774	183	136	3	483	537	12	42	0	0	74	0	-49	-3	3	0
6	1	2	0	28	8	down	1	512	481.660946289145	785.576586242761	488.911932798365	585.029252686654	535.106771009151	1137.60275746096	529.678902569364	706.998131762346	512	512	71.3312556830574	63.5972644100847	-593.671171869631	688.386353212128	267	70	5	6	164	243	180	13	1	75	3779	193	123	1	549	521	9	31	0	0	52	0	-68	-3	3	0
6	1	2	0	28	8	down	2	512	474.213088914449	801.302076978845	478.856855440192	569.429904928838	593.053075573839	1489.58369129544	558.699888486702	803.067857340814	512	512	81.101480512638	56.309512337356	-593.5792310413	688.174707464075	286	68	3	7	148	232	192	20	1	67	3743	215	132	6	541	502	6	38	0	0	66	0	-91	-4	2	0
6	1	2	0	28	8	down	3	512	462.073288844766	675.564608603184	484.740264953991	585.318661454447	545.154368480396	1110.65508337063	558.865940526895	795.646940650273	512	512	90.4941264967996	64.150973154932	-593.927064180729	688.984030434517	281	68	4	4	155	255	184	12	7	54	3762	222	107	5	466	557	17	41	0	0	68	0	-125	-4	3	0
6	1	2	0	29	7	down	0	512	501.70854376039	996.903853861768	494.122736804269	616.296508847832	592.812942286962	1411.92825811309	578.149748574148	854.250667328175	512	512	77.0472634540469	60.3048566858729	-593.715359497837	688.489437869643	271	73	3	11	154	242	196	18	4	52	3288	157	139	0	559	545	16	35	0	0	64	0	-18	-2	3	0
6	1	2	0	29	7	down	1	512	479.184745024767	927.015161761609	468.549298165505	559.934256489541	561.93049643103	1184.71362878369	555.400139191102	759.138187793119	512	512	71.5487708262248	60.7246032436248	-593.875866894006	688.860082567537	261	91	5	10	145	237	201	13	2	59	3315	164	102	3	566	499	19	33	0	0	58	0	-68	-3	2	0
6	1	2	0	29	7	down	2	512	470.32657774914	835.863497328312	472.509477376698	557.718205712358	567.688330489464	1189.00054400093	573.594728507504	820.532498490202	512	512	60.844031645078	52.6577265621467	-593.668460444969	688.386921953567	275	82	2	8	145	246	200	13	5	48	3292	166	123	3	550	493	13	41	0	0	68	0	-45	-3	2	0
6	1	2	0	29	7	down	3	512	492.639660052892	911.591661238983	481.1476365898	572.970236156326	597.314495096969	1390.84046065192	599.906158603755	927.066997505489	512	512	84.9401811001371	65.6425949296998	-593.775612013937	688.630679950641	267	74	4	9	158	226	210	17	4	55	3316	144	120	4	531	545	11	43	0	0	76	0	-24	-3	3	0
6	1	2	0	30	6	down	0	512	467.87979333977	801.355741541644	467.796338124391	549.599992846829	541.334708367895	1103.41339727374	535.065838836765	712.919882046379	512	512	61.2281558019904	56.2487738081927	-593.482802001877	687.951007659226	261	88	4	7	152	263	182	12	1	54	2854	125	92	1	592	550	18	36	0	0	60	1	-35	-4	2	0
6	1	2	0	30	6	down	1	512	405.383265528503	534.315368481447	419.339815054538	420.843464042498	564.780533087902	1185.49278408257	565.168500565389	783.894931742282	512	512	68.1633314706932	62.5467598195154	-593.917608382493	688.958071938568	309	89	0	3	111	247	200	13	1	51	2852	146	71	3	500	521	16	45	0	0	74	0	-69	-2	3	0
6	1	2	0	30	6	down	2	512	446.545424799765	724.587221097517	441.006938842488	477.635078283363	566.210096570397	1219.15974180065	558.16439431213	770.286481081473	512	512	62.608324061187	60.0790161962332	-593.689819797555	688.431321086168	273	92	4	6	137	255	192	14	3	48	2825	146	95	6	576	532	14	47	0	0	78	0	-55	-3	3	0
6	1	2	0	30	6	down	3	512	499.107730698514	1066.25063661846	474.205044872825	575.735589494316	535.624471780707	1130.45374967551	541.865629787102	748.272871026339	512	512	57.6856986331394	54.707135834217	-593.683854980129	688.416951564444	269	85	0	13	145	258	173	13	4	64	2853	121	90	8	615	537	12	31	0	0	56	0	-39	-2	4	0
6	1	2	0	31	5	down	0	512	469.885891303837	846.668383136598	473.699141028986	574.149513827718	596.77754074385	1285.86929264965	599.125383058323	869.140063160361	512	512	46.8353913615753	52.2852672905324	-593.879027764497	688.870144480683	248	99	3	8	154	220	227	14	3	48	2371	111	74	4	574	591	27	37	0	0	64	2	-41	-3	2	0
6	1	2	0	31	5	down	1	512	479.491729364453	888.703409847622	469.470347328931	550.616046068341	582.477614057594	1181.59168189741	591.357584978034	849.16510633952	512	512	45.8313342821442	50.2435721352086	-593.910657000288	688.942069987831	270	82	3	9	148	240	219	12	3	38	2348	126	84	2	530	530	21	45	0	0	74	1	-42	-3	2	0
6	1	2	0	31	5	down	2	512	519.367117566955	1139.42314657921	492.384866234535	630.44059540183	580.66405190916	1182.55399027517	597.77203025056	879.422171407483	512	512	68.5847584164646	54.7347724966858	-593.45485910671	687.886342072284	258	80	3	14	157	231	221	12	3	45	2351	123	82	4	500	661	15	38	0	0	66	1	-45	-3	3	0
6	1	2	0	31	5	down	3	512	464.808876977584	686.819602729412	471.248001251896	537.647494635935	613.226357807909	1492.49234750546	598.312176619501	896.452982204904	512	512	54.4156635738874	58.1429768631756	-593.687737647751	688.426320230268	268	75	2	4	163	219	215	19	3	56	2343	144	70	3	569	583	17	31	0	0	54	4	-80	-3	2	0
6	1	2	0	32	4	down	0	512	454.742025924776	749.84221935543	451.808117126233	519.916607575536	561.671109562589	1106.13092219797	581.955825242882	834.25844367112	512	512	38.9010630248501	50.9271176533882	-593.771850632314	688.623441926144	245	103	6	6	152	248	204	11	6	43	1881	101	65	1	613	588	20	42	0	0	62	1	-38	-3	2	0
6	1	2	0	32	4	down	1	512	430.21105625976	692.765485062759	431.619936717812	483.742226530192	627.765344815717	1547.21961760348	624.244841012928	980.654808677212	512	512	54.5658705725024	51.1472633565508	-593.910195105519	688.941132223545	277	99	10	6	120	230	216	20	4	42	1872	113	59	4	528	594	13	40	0	0	76	2	-50	-3	3	0
6	1	2	0	32	4	down	2	512	440.768337159768	756.428464006592	430.987998345887	456.624490350881	616.392469112585	1521.54111882294	599.515182426442	884.156610858429	512	512	34.8082008653585	54.8650885323661	-593.840711898021	688.780514121281	261	108	3	7	133	248	203	20	1	40	1890	97	58	3	669	639	17	29	0	0	50	0	-37	-2	2	0
6	1	2	0	32	4	down	3	512	458.013495445387	775.944646972338	451.507993128319	509.698039507171	598.379313495089	1348.92427107548	582.755290088866	822.74483146348	512	512	48.5307347330474	54.2954241539671	-593.79230224344	688.670587504821	279	83	6	7	137	248	210	16	0	38	1884	94	69	1	636	640	16	26	0	0	50	0	-23	-2	2	0
6	1	2	0	33	3	down	0	512	452.303258858198	840.093646494419	435.060030418519	478.366955449505	595.250636388213	1379.82803817186	599.961023408083	915.864112679679	512	512	27.9945212707998	47.5846653748532	-594.129108389749	689.450379420058	278	97	2	9	126	242	202	17	5	46	1426	66	44	0	640	588	10	43	0	0	72	2	-22	-2	3	0
6	1	2	0	33	3	down	1	512	428.129016934766	659.809836897198	428.18340538067	452.117308725977	639.214161879775	1634.73180939993	623.444338418501	977.237283170268	512	512	30.3311039913293	49.7150069056615	-593.953992280807	689.044294489481	269	104	4	5	130	237	212	22	4	37	1418	65	51	2	632	600	16	40	0	0	78	8	-14	-2	3	0
6	1	2	0	33	3	down	2	512	443.772402469146	690.435120087106	448.9936050322	504.910570260295	608.58093961884	1403.50564727143	599.819399020778	892.237682116799	512	512	33.520677606236	56.7443278933158	-594.040948924364	689.246837339398	259	99	4	5	145	244	214	17	0	37	1426	65	42	3	588	613	10	38	0	0	66	6	-25	-2	2	0
6	1	2	0	33	3	down	3	512	444.021626064143	723.452411022376	436.450979009629	473.559696125267	600.107843974478	1293.6843726039	600.101500935942	877.563368199073	512	512	24.9984865444255	46.8743368709597	-593.87752577813	688.866138432985	263	99	7	6	137	218	232	14	0	48	1412	71	51	2	633	601	13	37	0	0	70	7	-20	-3	2	0
6	1	2	0	34	2	down	0	512	443.023658718831	760.64753347746	437.056101038815	480.540532576354	636.536334491647	1663.31406701348	607.297945211163	937.455419706562	512	512	33.4359202296968	54.4079291728675	-593.617828873869	688.262985643341	260	107	3	7	135	243	203	23	4	39	927	62	34	1	622	681	14	43	0	0	76	3	-26	-2	2	0
6	1	2	0	34	2	down	1	512	430.835188212577	661.680789089919	442.123004511106	500.355418472964	630.394501767274	1582.46351550773	618.768950307915	979.763671459634	512	512	22.120839326457	53.5203728150138	-593.849570967457	688.802214501876	276	98	3	5	130	241	209	21	4	37	939	55	28	2	606	622	20	41	0	0	72	3	-27	-2	2	0
6	1	2	0	34	2	down	2	512	432.50488498195	772.976572195031	432.607962896886	492.264831555793	637.016601065402	1670.29677607821	628.449704085359	1020.40814960102	512	512	25.0723400004713	51.9478163926384	-593.898943323516	688.91709086472	270	111	6	8	117	223	207	23	10	49	927	58	37	2	614	621	8	32	2	0	62	6	-25	-3	1	0
6	1	2	0	34	2	down	3	512	427.841286176644	699.048862214551	425.476235785982	462.383193131199	624.195981263538	1440.73315218475	621.866057319558	955.151132850639	512	512	14.6541903607409	52.1780374920786	-594.094178333558	689.36941596907	259	114	5	6	128	217	234	17	2	42	954	43	27	0	649	620	25	46	0	0	74	2	-16	-2	1	0
6	1	2	0	35	1	down	0	512	420.489696709764	682.328680642475	425.471380866628	460.540357347698	716.709616725716	2169.00764492192	678.188168310946	1198.26220647825	512	512	2.09109048571788	48.8607081042734	-593.729921332535	688.526565070954	273	112	1	6	120	210	224	33	5	40	471	24	16	1	641	593	14	49	4	0	95	25	-10	-2	1	0
6	1	2	0	35	1	down	1	512	413.262719040383	552.369918593529	418.353768540233	418.132613087718	620.875841306356	1404.29280143565	638.488886716553	1006.17278918564	512	512	0.440155812993824	46.4564727866243	-594.025507678163	689.207936097624	295	91	3	3	120	200	239	16	8	49	466	32	13	1	657	628	15	41	2	0	72	33	-21	-2	1	0
6	1	2	0	35	1	down	2	512	413.714641724457	528.952633442618	422.487098670017	423.605815300394	642.007510757283	1574.57793729095	649.113523433626	1047.75784449413	512	512	13.8580424280646	48.8212578775403	-593.79536215949	688.676750313522	270	103	2	2	135	217	228	20	9	38	448	39	25	0	652	640	21	34	3	3	70	39	-14	-1	1	0
6	1	2	0	35	1	down	3	512	426.161426133826	579.296310579298	433.196880639751	448.136924398689	623.101746010411	1436.23647609332	624.150066076776	950.593331952066	512	512	17.057081889785	45.0437301730427	-594.076258668306	689.32829436537	284	89	2	3	134	223	231	17	2	39	477	26	8	1	647	667	16	51	2	0	92	27	-20	-2	1	0
6	1	2	0	36	0	dwell	0	512	403.551522763832	550.336667112755	404.834040309687	401.155468139153	0	0	0	0	512	512	10.1655810870034	49.5588592756359	-593.839151368632	688.778988284029	264	118	2	3	125	0	0	0	0	0	0	0	0	0	659	696	11	0	0	0	0	0	0	0	0	0
6	1	2	0	36	0	dwell	1	512	425.518040599446	720.646635533122	414.262397227814	443.630989415768	0	0	0	0	512	512	12.2220716967908	44.521460529068	-593.836597992103	688.769976241393	278	106	9	7	112	0	0	0	0	0	0	0	0	0	617	623	13	0	0	0	0	0	0	0	0	0
6	1	2	0	36	0	dwell	2	512	389.923325501637	594.52335412539	388.350761362379	380.521600686761	0	0	0	0	512	512	9.89851692244216	45.0822486500185	-594.201376080137	689.618117817778	271	130	5	5	101	0	0	0	0	0	0	0	0	0	597	662	12	0	0	0	0	0	0	0	0	0
6	1	2	0	36	0	dwell	3	512	383.157360824448	507.728674858116	389.24862900933	370.833926722985	0	0	0	0	512	512	5.86157586140672	49.6331635217369	-593.949414147127	689.034036560628	278	122	7	3	102	0	0	0	0	0	0	0	0	0	664	688	14	0	0	0	0	0	0	0	0	0
6	1	2	0	36	0	dwell	4	512	390.595054925699	483.573023387207	403.794660870831	406.709829853448	0	0	0	0	512	512	-13.1483075679991	51.4483707975095	-593.939280997196	689.013248345549	282	111	5	2	112	0	0	0	0	0	0	0	0	0	689	607	14	0	0	0	0	0	0	0	0	0
6	1	2	0	36	0	dwell	5	512	405.575801344136	617.619142188525	405.878874722741	413.084396755192	0	0	0	0	512	512	9.69359098781352	54.2149226341249	-593.669964481473	688.383376038263	279	114	4	5	110	0	0	0	0	0	0	0	0	0	659	703	13	0	0	0	0	0	0	0	0	0
6	1	2	0	36	0	dwell	6	512	409.069223535388	625.243090856983	400.962022752761	394.211475772072	0	0	0	0	512	512	-3.89844928853347	45.7783292263299	-593.762053691883	688.597694252958	275	114	4	5	114	0	0	0	0	0	0	0	0	0	671	637	15	0	0	0	0	0	0	0	0	0
6	1	2	0	36	0	dwell	7	512	391.035741371002	472.76813757892	396.7095720492	374.191995423175	0	0	0	0	512	512	15.8234183802373	45.5087214617467	-593.787693813185	688.658426937204	309	94	4	2	103	0	0	0	0	0	0	0	0	0	626	684	12	0	0	0	0	0	0	0	0	0
6	1	2	0	36	0	dwell	8	512	373.732822340694	450.470134403074	385.33121440613	360.305854082162	0	0	0	0	512	512	-0.812299240582267	44.1856030374973	-594.183569384504	689.573882435314	294	116	4	2	96	0	0	0	0	0	0	0	0	0	602	598	10	0	0	0	0	0	0	0	0	0
6	1	2	0	36	0	dwell	9	512	419.942579083201	680.067038699103	416.259886914631	451.687493494088	0	0	0	0	512	512	-21.3571193632047	47.1682395337954	-594.193032981839	689.59729135621	274	111	3	6	118	0	0	0	0	0	0	0	0	0	703	614	17	0	0	0	0	0	0	0	0	0
6	1	2	0	36	0	dwell	10	512	420.163458788515	645.602296093739	414.180938556275	426.43049895421	0	0	0	0	512	512	6.83737554999584	40.0100557918762	-594.155800151794	689.510478101437	273	108	2	5	124	0	0	0	0	0	0	0	0	0	614	671	18	0	0	0	0	0	0	0	0	0
6	1	2	0	36	0	dwell	11	512	388.569703380069	548.526010773236	397.76723093007	402.23013146481	0	0	0	0	512	512	0.0513448670644095	53.5585791742461	-593.870859311955	688.854452179744	288	116	6	4	98	0	0	0	0	0	0	0	0	0	702	733	20	0	0	0	0	0	0	0	0	0
6	1	2	0	36	0	dwell	12	512	416.957767355386	635.76814584229	414.183809012519	425.346921248081	0	0	0	0	512	512	-0.947682447345977	47.9198923767946	-593.982398237228	689.109868248193	279	105	6	5	117	0	0	0	0	0	0	0	0	0	683	694	21	0	0	0	0	0	0	0	0	0
6	1	2	0	36	0	dwell	13	512	400.26881700445	573.902070368149	400.338571630557	397.873008585713	0	0	0	0	512	512	-0.114076780224947	53.4632288572344	-593.68240193813	688.414056490952	278	115	3	4	112	0	0	0	0	0	0	0	0	0	707	716	26	0	0	0	0	0	0	0	0	0
6	1	2	0	36	0	dwell	14	512	418.704478451012	639.606727971834	417.567930632821	430.156175895316	0	0	0	0	512	512	-1.03290815350103	59.528634422222	-593.866291127176	688.840725265171	281	104	2	5	120	0	0	0	0	0	0	0	0	0	721	717	20	0	0	0	0	0	0	0	0	0
6	1	2	0	36	0	dwell	15	512	400.307324167576	649.867480234239	396.320367511325	407.370079386684	0	0	0	0	512	512	8.81160886976746	49.4299852075217	-594.02930670557	689.21715903955	268	129	3	6	106	0	0	0	0	0	0	0	0	0	606	697	20	0	0	0	0	0	0	0	0	0
6	1	2	0	36	0	dwell	16	512	397.955734700697	566.927788482497	400.430789782631	394.89955256492	0	0	0	0	512	512	8.44939961860848	46.2711306467411	-593.584830969019	688.189493083935	286	112	2	4	108	0	0	0	0	0	0	0	0	0	676	751	25	0	0	0	0	0	0	0	0	0
6	1	2	0	36	0	dwell	17	512	423.877760685081	729.927796745867	427.143657646876	497.87785464696	0	0	0	0	512	512	6.28267462716124	48.4379483440974	-594.127487700953	689.448112185359	256	123	4	7	122	0	0	0	0	0	0	0	0	0	642	694	14	0	0	0	0	0	0	0	0	0
6	1	2	0	36	0	dwell	18	512	389.510982946016	450.47768429624	399.372519968599	390.305476223884	0	0	0	0	512	512	-6.41627678424132	48.2728646898137	-594.137327403036	689.466954302429	273	114	4	1	120	0	0	0	0	0	0	0	0	0	702	687	21	0	0	0	0	0	0	0	0	0
6	1	2	0	36	0	dwell	19	512	394.021626064143	607.164157152004	398.359329831743	412.778609738856	0	0	0	0	512	512	3.8503531368062	48.0107599773941	-593.760846053157	688.596221737401	259	135	4	5	109	0	0	0	0	0	0	0	0	0	683	646	18	0	0	0	0	0	0	0	0	0
6	1	2	0	36	0	dwell	20	512	409.577833998825	625.676793788936	407.807776598396	422.836049325904	0	0	0	0	512	512	-2.18062692005376	47.1435208184985	-593.971092494647	689.082281188061	280	112	0	5	115	0	0	0	0	0	0	0	0	0	622	653	17	0	0	0	0	0	0	0	0	0
6	1	2	0	36	0	dwell	21	512	412.370109911007	623.647521082404	409.111888956666	414.693529293728	0	0	0	0	512	512	-6.05200618420096	52.8019297432294	-593.85328302222	688.809085020848	289	102	6	5	110	0	0	0	0	0	0	0	0	0	722	664	17	0	0	0	0	0	0	0	0	0
6	1	2	0	36	0	dwell	22	512	435.566711036017	820.957950869996	422.02378666442	487.1499543314	0	0	0	0	512	512	-2.75590043660037	51.2720612020635	-593.598568503148	688.221000818884	257	122	3	9	121	0	0	0	0	0	0	0	0	0	709	688	22	0	0	0	0	0	0	0	0	0
6	1	2	0	36	0	dwell	23	512	383.368077256318	576.000066106961	381.99617809117	364.491328105724	0	0	0	0	512	512	15.5356414723651	48.5204901712392	-593.904864579158	688.929644726097	288	124	5	5	90	0	0	0	0	0	0	0	0	0	600	715	20	0	0	0	0	0	0	0	0	0
6	1	2	0	36	0	dwell	24	512	404.279939967257	574.377011251156	404.965282958923	403.678573258633	0	0	0	0	512	512	-3.17832671840952	43.8637804762897	-594.242670738626	689.716146543431	289	104	6	4	109	0	0	0	0	0	0	0	0	0	615	592	8	0	0	0	0	0	0	0	0	0
6	1	2	0	36	0	dwell	25	512	400.384338493829	542.35706366804	412.573552664145	426.1474241863	0	0	0	0	512	512	1.5123027506232	48.1554941418401	-594.094440752089	689.370712405634	268	117	4	3	120	0	0	0	0	0	0	0	0	0	632	679	15	0	0	0	0	0	0	0	0	0
6	1	2	0	36	0	dwell	26	512	425.028683717572	647.082558535809	427.460826635423	466.124162295681	0	0	0	0	512	512	-13.3425802893583	48.0217998705419	-594.120192576859	689.428520665855	288	95	2	5	122	0	0	0	0	0	0	0	0	0	694	602	10	0	0	0	0	0	0	0	0	0
6	1	2	0	36	0	dwell	27	512	400.067190880699	535.156615522208	407.445009698156	405.800175995317	0	0	0	0	512	512	-5.01288089922343	47.2234523537222	-593.703278598372	688.462480750544	282	108	5	3	114	0	0	0	0	0	0	0	0	0	704	674	30	0	0	0	0	0	0	0	0	0
6	1	2	0	36	0	dwell	28	512	444.146237861641	869.708282434516	421.789767444906	473.006439353471	0	0	0	0	512	512	-9.62464194317648	51.2484520977601	-594.007964750732	689.171226854155	259	118	4	10	121	0	0	0	0	0	0	0	0	0	699	645	15	0	0	0	0	0	0	0	0	0
6	1	2	0	36	0	dwell	29	512	430.393428801948	767.665705830326	413.255848616988	440.707806754893	0	0	0	0	512	512	-3.944904540176	46.565772300944	-594.055427102708	689.280161465257	274	110	6	8	114	0	0	0	0	0	0	0	0	0	694	670	17	0	0	0	0	0	0	0	0	0
6	1	2	0	36	0	dwell	30	512	420.15329551507	637.118919768283	419.629152185478	451.595038932484	0	0	0	0	512	512	-4.41748832259381	47.3408229016958	-593.586555928561	688.190182838509	288	97	6	5	116	0	0	0	0	0	0	0	0	0	657	641	20	0	0	0	0	0	0	0	0	0
6	1	2	0	36	0	dwell	31	512	402.860539758207	512.111390533542	409.806987396685	409.851880360362	0	0	0	0	512	512	0.426128530775269	46.5478913274481	-594.054667094112	689.276152500047	266	113	3	2	128	0	0	0	0	0	0	0	0	0	633	673	16	0	0	0	0	0	0	0	0	0
6	1	2	0	37	1	up	0	512	415.21105625976	594.900739978383	417.672717800707	425.610513234691	634.473548748216	1557.09500580598	639.044663953719	1010.66556941323	512	512	14.7003801091725	50.2793565689149	-594.077254015494	689.328221555084	285	99	5	4	119	230	219	20	7	36	460	30	21	1	627	662	20	31	4	1	67	31	-11	-2	1	0
6	1	2	0	37	1	up	1	512	430.719666723197	656.143756465034	434.041445897287	471.825619102967	606.019706685417	1305.33625945744	629.021809908291	971.820623276366	512	512	11.5526855145165	45.3460532673709	-593.881553344485	688.874251595691	286	91	5	5	125	211	237	14	3	47	464	30	18	0	620	678	18	30	4	2	68	30	-12	-1	1	0
6	1	2	0	37	1	up	2	512	427.811869321636	578.498525692009	434.443682958501	461.4943877802	628.073402120729	1413.64801137142	656.721860148184	1062.75050391696	512	512	1.66985157036448	48.2111508061643	-593.992461095675	689.135858656213	291	83	3	3	132	202	241	16	12	41	466	36	9	1	625	608	14	37	2	1	69	37	-29	-2	1	0
6	1	2	0	37	1	up	3	512	404.798713704139	583.240874917935	416.231952298814	438.990770649697	677.756254507598	1745.1748374553	675.602231463956	1142.19426949268	512	512	10.70472438516	44.9657519471368	-593.781246820695	688.643644787329	271	115	6	4	116	212	243	23	6	28	476	21	14	1	666	666	21	35	1	1	71	22	-9	-2	1	0
6	1	2	0	38	2	up	0	512	427.043871989758	610.701626354002	432.401827801249	460.724711522113	628.187850644782	1477.33625119407	620.504053475952	950.914771634969	512	512	30.9802309639216	54.5481187099797	-593.883724600601	688.883134395218	293	85	6	4	124	225	226	18	7	36	946	46	30	2	612	668	18	31	0	0	58	4	-20	-3	1	0
6	1	2	0	38	2	up	1	512	439.904071920074	746.966373917389	430.929387126744	459.035026662472	616.690363144153	1490.73225424041	608.854144490405	929.861407045315	512	512	25.1895253464345	47.4179688841107	-594.244756455299	689.719204833617	276	98	6	7	125	235	211	19	4	43	953	39	31	1	596	603	14	42	0	0	78	3	-10	-3	2	0
6	1	2	0	38	2	up	2	512	409.155328169759	584.340650018682	422.477415182812	439.992225812863	621.565751346655	1537.7247167423	613.421668662237	947.759889598576	512	512	32.9019320501731	52.8189102376784	-593.893081427154	688.90486486034	289	102	2	4	115	227	212	20	5	48	930	60	31	3	583	638	9	38	1	1	68	7	-35	-2	2	0
6	1	2	0	38	2	up	3	512	461.910169884141	786.922034478005	456.78804506938	533.406803487548	610.730902961968	1410.64445264755	598.579173990118	878.100427158639	512	512	30.3333533706287	49.9217683364273	-594.110980449712	689.408539121992	271	86	4	7	144	234	218	17	2	41	949	50	22	3	553	649	17	35	0	0	64	4	-34	-2	1	0
6	1	2	0	39	3	up	0	512	471.996274518512	984.241319758418	444.939979640141	510.621251311463	615.366157877592	1528.22981588112	604.73295629801	935.95113167134	512	512	18.5083711001253	44.401980384788	-593.973990046824	689.088033286472	269	100	2	12	129	224	208	20	6	54	1395	97	42	2	609	575	12	43	0	0	78	7	-59	-2	2	0
6	1	2	0	39	3	up	1	512	435.661905978507	661.333112520571	434.802500117317	454.094929000931	609.310429787591	1443.55886286206	592.520202672781	867.5193855356	512	512	20.1215825351937	47.3106088354058	-593.889382987821	688.895146757009	297	82	1	5	127	236	212	18	1	45	1400	80	54	2	644	623	14	29	0	0	50	7	-26	-2	3	0
6	1	2	0	39	3	up	2	512	431.372142565696	692.541094032828	428.707190549652	452.424221973642	539.771442779784	931.020063270299	574.502220304922	791.659870789722	512	512	34.6914838490112	49.3503273860038	-593.638420152056	688.311329294587	290	93	2	6	121	241	212	7	3	49	1415	68	48	5	642	655	14	26	0	0	46	5	-10	-2	2	0
6	1	2	0	39	3	up	3	512	412.533228871631	623.482997591933	416.032673914576	431.853690353392	582.065271501973	1185.76773818697	594.957562830178	862.87767508996	512	512	41.5821254653539	54.3363284003168	-594.375098956257	690.020734030697	291	101	5	5	110	226	222	12	6	46	1426	59	49	2	589	633	18	44	0	0	78	2	-10	-2	2	0
6	1	2	0	40	4	up	0	512	415.21105625976	520.763269123711	428.347664224562	445.307223282819	658.331716023844	1709.1091993846	630.184060649698	992.060766657638	512	512	53.2333449314041	56.6415950779288	-593.695850340152	688.445442256653	289	88	7	2	126	220	226	23	6	37	1885	97	64	2	583	616	14	34	0	0	58	0	-29	-2	2	0
6	1	2	0	40	4	up	1	512	453.195867987575	731.734004680549	451.984009148768	505.287649978467	578.782565742591	1209.35974923768	590.772843690414	871.582372801515	512	512	37.4356690594985	55.7419987006305	-593.93222839384	688.99474970511	284	81	2	6	139	244	210	13	3	42	1887	104	55	2	621	605	8	40	0	0	72	1	-49	-3	2	0
6	1	2	0	40	4	up	2	512	461.045904644446	814.541983713796	449.86998263435	518.577668331774	623.801819324154	1578.07194433948	609.828899836772	945.740681989882	512	512	44.1959572340982	54.6738497111603	-594.038817563485	689.240750695104	286	81	4	8	133	223	209	21	7	52	1876	111	57	4	591	612	21	33	0	0	62	0	-50	-2	3	0
6	1	2	0	40	4	up	3	512	439.721699377886	746.230231799809	434.567492041564	469.577147480083	620.730902961968	1500.59123705692	624.900834769494	1001.336399135	512	512	38.315729978262	52.7814043952836	-593.798099780444	688.681622578805	279	97	4	7	125	226	216	19	6	45	1867	112	66	3	621	556	10	41	0	0	69	1	-48	-3	2	0
6	1	2	0	41	5	up	0	512	449.616341161951	765.012496850392	449.728737632729	503.936628127547	567.928463776341	1118.38103547393	585.355189132809	838.92989626413	512	512	64.0627993100584	52.7948304102651	-593.787178475127	688.657913578368	274	93	4	7	134	244	210	11	6	41	2334	132	92	2	554	612	13	45	0	0	82	0	-44	-2	3	0
6	1	2	0	41	5	up	1	512	451.075321499454	771.034672767611	451.903152101395	519.619034846273	605.069336811351	1299.72117867686	618.752223724028	937.455694704147	512	512	51.9129253732418	53.8179541316203	-593.634475525452	688.302536989424	270	96	0	7	139	216	232	14	7	43	2326	155	77	2	570	603	10	35	0	0	56	3	-78	-3	2	0
6	1	2	0	41	5	up	2	512	456.631529434137	699.494093813913	465.478837853215	541.26702510599	588.821072905718	1301.16108045378	592.295510631956	874.575854181912	512	512	58.1843531039058	54.3344558348389	-594.006940790747	689.167503923946	283	73	8	5	143	234	210	15	5	48	2326	132	99	3	549	571	13	45	0	0	78	4	-39	-3	3	0
6	1	2	0	41	5	up	3	512	502.706511105701	1033.87281005667	479.703093825813	584.734873634124	627.774435123835	1613.80098553606	602.425360081546	912.680430874968	512	512	44.3296847447904	52.9093573597805	-593.958217973709	689.055516791261	274	75	1	12	150	240	202	22	5	43	2358	137	63	2	566	540	18	43	0	0	78	4	-74	-3	2	0
6	1	2	0	42	6	up	0	512	451.622439126018	662.076804531317	457.030588721406	504.369297073666	559.271922624465	1251.27859133029	555.998402334122	796.383665068028	512	512	67.4763559068331	59.4615165775593	-593.6996768974	688.454402992793	273	81	3	4	151	238	189	15	2	68	2832	119	116	5	567	548	14	38	0	0	67	0	-5	-3	3	0
6	1	2	0	42	6	up	1	512	435.605218199144	600.426692908028	451.816993889166	498.025038916408	513.849416795399	990.379251980314	519.591106407462	664.65027689521	512	512	59.5628656670308	52.6104881147109	-593.801329493087	688.692343990994	271	90	3	3	145	251	175	10	3	73	2844	146	80	2	584	548	8	30	0	0	55	0	-70	-3	3	0
6	1	2	0	42	6	up	2	512	448.292135895391	654.288332372389	453.298460357884	489.316991097137	539.693355488204	1059.57303991395	547.863025599543	749.069994528684	512	512	72.3381706210027	66.3981334847962	-593.970102080155	689.082038006658	279	80	2	4	147	270	180	11	6	45	2832	142	93	5	542	600	11	40	0	0	68	0	-51	-3	3	0
6	1	2	0	42	6	up	3	512	456.53526152632	843.185884097055	446.154554204303	499.185120832237	573.426910966334	1303.57969599446	562.082524103062	796.96092646524	512	512	58.9122858247718	58.4500464796832	-593.894978882643	688.904696771454	288	88	1	9	126	252	188	16	4	52	2798	158	113	3	606	549	14	30	0	0	53	0	-51	-3	2	0
6	1	2	0	43	7	up	0	512	473.954775011334	775.787673375033	482.365921322027	580.723394733549	572.342838986651	1270.45774910818	577.018845424838	840.922673609964	512	512	76.9157226458482	58.2527253520918	-593.941141957264	689.013608247714	260	80	5	6	161	239	195	15	7	56	3280	184	115	5	522	523	20	28	0	0	50	1	-71	-5	4	0
6	1	2	0	43	7	up	1	512	464.933488775082	795.993434816558	477.574054825508	568.347989186567	552.410763004786	1138.80498496873	558.706332563467	793.129617891893	512	512	68.6347130906684	54.7719650269022	-593.891449973199	688.898050235286	264	89	2	7	150	221	203	12	5	71	3324	164	94	2	484	512	10	53	0	0	88	1	-70	-4	2	0
6	1	2	0	43	7	up	2	512	468.292135895391	723.042214397408	479.204322031664	552.746851735186	572.467450784149	1194.35442354693	571.75310800298	790.469627987946	512	512	68.3658678764235	58.6410442638043	-594.041429299858	689.246158206122	279	69	3	5	156	255	202	13	2	40	3311	168	102	3	517	530	12	41	0	0	58	1	-72	-4	2	0
6	1	2	0	43	7	up	3	512	511.113828662581	979.150865649402	499.833913826585	618.358313240112	564.645758016959	1253.16594890899	560.519200136705	798.504261431683	512	512	75.8351718742488	61.2460709318599	-593.460182001034	687.901432734729	268	65	1	10	168	254	187	15	2	54	3347	143	90	4	572	541	13	38	0	0	70	0	-53	-3	2	0
6	1	2	0	44	8	up	0	512	517.688330489464	961.492779950888	507.873715007329	650.426182323419	568.340806331962	1262.4533130984	551.803040892125	754.894405062117	512	512	86.8230969358892	58.0694305823438	-593.901741637286	688.924163024894	246	68	7	9	182	246	192	15	3	56	3779	188	123	6	493	519	13	32	0	0	54	0	-61	-3	3	0
6	1	2	0	44	8	up	1	512	465.345831330703	717.679907672322	480.231565839987	567.315280052662	557.774435123835	1169.29100554698	554.545848920564	772.536127339935	512	512	85.908701644406	57.9369570946143	-593.93016085891	688.98859278271	282	70	1	5	154	252	190	13	6	51	3801	176	114	5	527	527	14	46	0	0	74	0	-68	-3	2	0
6	1	2	0	44	8	up	2	512	501.046977609773	968.062619216063	499.871746112548	643.643927023063	544.021626064143	1141.41250759277	540.026935245201	724.762633989139	512	512	75.3301601224071	62.7551500040631	-593.901257678786	688.920961491149	253	81	3	10	165	267	177	13	2	53	3773	215	100	8	574	549	7	26	0	0	50	0	-123	-3	2	0
6	1	2	0	44	8	up	3	512	513.388403803207	1058.40807158299	498.214593530191	643.510759628152	545.443172203845	1087.4289295055	548.007539393634	751.531641763176	512	512	80.7040629063337	63.2283610943407	-593.784551857172	688.651096959844	258	77	2	12	163	232	200	11	3	66	3809	178	104	5	543	515	10	39	0	0	66	0	-84	-3	2	0
6	1	2	0	45	9	up	0	512	448.330643058518	581.978800529135	478.939863015309	561.995843471333	555.422845656956	1271.65507923894	541.541918959719	766.009786599789	512	512	108.957572687742	74.6439720076991	-593.698204940912	688.449126106862	277	72	6	2	155	254	173	16	6	63	4264	190	148	6	474	540	18	34	0	0	66	0	-50	-4	3	0
6	1	2	0	45	9	up	1	512	477.706511105701	845.954849381666	480.118659933558	582.259116109449	505.049010264462	901.982799961802	521.441768886997	670.092526658526	512	512	80.4353430457009	60.6247077020619	-594.181234681541	689.569241106259	274	75	8	8	147	258	177	8	1	68	4248	230	127	3	495	429	8	33	0	0	58	0	-109	-3	2	0
6	1	2	0	45	9	up	2	512	512.592062581647	1023.12913870435	498.133787127797	620.120955082803	531.180679715389	1117.24132802179	528.401494810945	695.474502356618	512	512	80.8909163337739	65.4918118736908	-593.738444809408	688.54213089659	255	76	1	11	169	271	165	13	4	59	4248	226	129	5	502	475	17	48	0	0	86	0	-91	-4	3	0
6	1	2	0	45	9	up	3	512	498.244538424146	961.608515597139	492.966113869997	608.028137252699	498.283045587272	815.188120694528	517.879771630175	655.010467343321	512	512	104.812771977958	70.4903111927662	-593.942516825162	689.015078428471	259	80	1	10	162	265	178	6	3	60	4217	222	166	3	475	524	12	30	0	0	56	0	-58	-3	3	0
6	1	2	0	46	10	up	0	512	511.478573746957	980.649757679878	504.715152100257	625.346091037496	538.887923958526	1031.82360216208	537.905932153396	705.773486250773	512	512	106.960237095761	70.5281380778843	-593.943761409199	689.018348627633	266	66	1	10	169	249	192	10	6	55	4696	247	174	3	476	500	11	32	0	0	60	0	-75	-3	3	0
6	1	2	0	46	10	up	1	512	484.817967285702	822.154852687014	488.471095457309	588.335822746042	537.246571078835	1062.14732345227	539.237932870914	724.329018980387	512	512	104.356136677041	73.2404352668091	-593.353265953839	687.652947190778	278	65	4	7	158	256	184	11	5	56	4720	245	148	7	499	480	17	38	0	0	72	1	-107	-6	3	0
6	1	2	0	46	10	up	2	512	482.332675713206	748.76372635925	489.383769818656	571.601395937383	493.158433789774	735.151759462054	519.738807309614	645.333719284473	512	512	101.057375897331	61.9960745374906	-593.915038324806	688.952913106065	274	62	3	5	168	265	184	4	3	56	4734	228	153	5	483	463	15	37	0	0	66	0	-77	-4	3	0
6	1	2	0	46	10	up	3	512	513.397494111326	1050.87857645622	502.01518172845	650.420689567821	538.724804997901	1069.07016497754	540.207012431557	740.991580295299	512	512	99.8044525141395	69.5261739183927	-594.229410064373	689.682335999654	276	66	1	12	157	247	189	11	4	61	4729	240	146	5	475	471	7	35	0	0	66	0	-96	-4	3	0
6	1	2	0	47	11	up	0	512	487.899046921333	796.926033910673	502.254849661487	622.608348580372	559.540399801024	1248.16772413924	546.099748646601	741.788042872283	512	512	113.265811168727	77.4189491240383	-593.567975692423	688.148775093758	268	66	2	6	170	245	186	15	3	63	5098	318	206	10	458	439	12	34	0	0	63	0	-128	-3	4	0
6	1	2	0	47	11	up	1	512	492.314495096969	816.740677287803	518.366534160967	678.996911819826	523.388403803207	925.995659018976	529.568234724287	677.737378400915	512	512	123.26642414207	75.8093427557161	-593.924978197341	688.976801344981	238	81	4	6	183	270	184	8	4	46	5236	223	169	4	467	477	18	40	0	0	70	0	-45	-3	3	0
6	1	2	0	47	11	up	2	512	508.46541812946	905.924262812109	519.616148372917	661.842903890926	538.724804997901	1106.15220430254	533.146365242069	716.783357936487	512	512	123.805442086614	80.294277151663	-593.759566406896	688.591419837891	262	63	1	8	178	247	186	12	1	66	5183	259	185	5	407	447	5	43	0	0	70	0	-73	-4	4	0
6	1	2	0	47	11	up	3	512	516.507990601965	923.814289433719	527.222682099121	686.610761514491	560.154368480396	1245.62847557531	548.214173927652	764.224799641613	512	512	118.541913833946	78.8217764231114	-593.763935465668	688.600256848388	250	64	3	8	187	251	183	15	5	58	5211	259	156	6	458	466	15	42	0	0	72	0	-103	-4	4	0
6	1	2	0	48	12	up	0	512	450.038846991017	769.266601295653	453.074812273148	530.842776454319	492.6690769079	846.864840113133	500.958285083712	617.125321004671	512	512	141.766859737841	85.3021232770311	-593.392134987339	687.741298944074	265	98	5	7	137	255	174	7	1	75	5668	283	190	3	415	520	11	37	0	0	66	0	-95	-4	3	0
6	1	2	0	48	12	up	1	512	443.983118901016	647.513608951601	462.559795880283	524.317079793962	501.727797341953	997.831127265135	489.483405794798	601.690812355062	512	512	136.219990659094	83.3428677717455	-593.838945243666	688.777743406483	277	84	3	4	144	270	155	11	2	74	5703	249	188	4	443	474	10	41	0	0	72	0	-65	-4	3	0
6	1	2	0	48	12	up	2	512	478.204958295693	912.069254638151	462.47534483262	527.641141507198	504.607250853833	896.801422113175	510.795019539873	638.476098309863	512	512	135.482857594625	84.355553663975	-593.692997166018	688.43819537079	294	72	2	10	134	268	173	8	1	62	5609	309	216	10	410	505	8	31	0	0	57	0	-97	-4	3	0
6	1	2	0	48	12	up	3	512	484.943652048527	836.148653842039	478.119109936461	567.798902811429	497.150303171019	882.974368651039	494.589980474381	606.558002905899	512	512	127.212641402313	85.8690921571823	-594.079247492741	689.333146093559	249	84	2	7	170	269	166	8	3	66	5669	260	206	9	448	458	11	29	0	0	53	0	-56	-4	3	0
6	1	2	0	49	13	up	0	512	480.672069251952	815.215605775755	488.774066262766	598.197062490127	592.285078241961	1447.67592889808	563.319309620681	805.962476589619	512	512	156.422252261024	95.4083314454323	-593.748040191183	688.566243700185	278	68	4	7	155	242	192	19	2	57	6145	284	221	6	406	439	7	39	0	0	64	0	-67	-4	4	0
6	1	2	0	49	13	up	1	512	529.165491443204	1190.67769173327	511.898408199025	679.606761703425	543.484671711024	1036.41473179519	559.362688450249	781.952958617986	512	512	137.758895104487	84.2417156354797	-593.935678129736	688.998177380336	262	75	1	15	159	257	193	10	5	47	6170	276	209	1	449	429	6	39	0	0	74	0	-69	-4	3	0
6	1	2	0	49	13	up	2	512	531.804811668206	1123.158847988	515.927167015426	678.795073013991	500.106771009151	822.682580846908	524.304030125967	653.635813237645	512	512	133.91119699979	77.5289077650704	-594.085183896672	689.348235827147	258	66	6	13	169	255	183	6	3	65	6176	295	177	8	454	430	11	32	0	0	60	0	-118	-4	3	0
6	1	2	0	49	13	up	3	512	537.285078241961	1138.13934111368	522.820932448822	694.701687559515	526.757214196961	1046.83158036899	528.458358294374	689.272714273273	512	512	131.408458799145	82.2958457380097	-593.903839918703	688.930756992248	250	69	1	13	179	254	179	11	2	66	6155	291	207	3	441	424	17	30	0	0	46	0	-90	-4	4	0
6	1	2	0	50	14	up	0	512	490.05810057258	944.757070278736	485.167746645499	594.6638022935	510.355994604148	945.699871782178	523.71531957354	690.95539962462	512	512	151.274113508649	96.0229762222907	-593.851558962468	688.806954326458	260	83	7	10	152	259	175	9	2	67	6660	285	217	6	404	376	18	38	0	0	68	0	-76	-4	3	0
6	1	2	0	50	14	up	1	512	501.641692707581	890.511841984722	494.694696407982	593.310374607302	555.634635054152	1096.49810564164	554.625049134913	752.432197257653	512	512	145.801083089961	93.8054753646957	-594.016330879954	689.188844161642	272	62	0	8	170	251	201	11	2	47	6650	300	210	8	402	408	12	40	0	0	78	0	-90	-4	3	0
6	1	2	0	50	14	up	2	512	521.037887301654	933.17970177882	523.000883532097	661.456141390472	511.075321499454	977.269711047353	521.532652559742	697.563639539819	512	512	133.96710330226	85.0464736347355	-593.598916277944	688.221617725693	247	63	2	8	192	266	165	10	7	64	6622	349	192	5	452	446	12	23	0	0	42	0	-163	-4	3	0
6	1	2	0	50	14	up	3	512	469.270849659139	722.028465659266	480.084695318449	549.311886417551	504.731862651331	894.78235181597	510.753451452266	628.911961701691	512	512	150.578405930802	92.0152350784057	-593.563784412527	688.139790326994	287	64	1	5	155	272	171	8	2	59	6658	292	210	8	430	412	7	40	0	0	76	0	-98	-5	4	0
6	1	2	0	51	15	up	0	512	497.1786470607	876.372146927632	499.725950700254	609.926611867152	506.536334491647	938.404970094662	504.283867303132	630.549451354318	512	512	160.406911795764	101.077222015494	-593.488905168951	687.963460469018	286	56	1	8	161	259	171	9	4	69	7096	335	239	10	406	385	11	31	0	0	56	0	-96	-5	3	0
6	1	2	0	51	15	up	1	512	503.004405137268	928.953082414787	507.395839860211	654.969954011653	521.075321499455	1067.26971104735	515.55017578319	672.458993750438	512	512	167.798394585366	105.527979016284	-593.684311858693	688.416743624369	269	66	2	9	166	266	165	12	3	66	7088	339	246	7	399	412	12	22	0	0	37	0	-99	-4	4	0
6	1	2	0	51	15	up	2	512	496.785558086643	881.475476620563	496.719778714946	601.133597507705	511.162499099152	878.269278601925	516.277836296424	643.849398172412	512	512	157.254921268914	95.7768515627738	-594.056751310206	689.282579293782	271	65	3	8	165	255	188	7	0	62	7116	309	249	6	441	355	9	37	0	0	61	0	-60	-4	4	0
6	1	2	0	51	15	up	3	512	501.372142565696	988.77613231257	497.829771572499	623.401863761249	516.957767355386	1090.75706614705	509.688847723371	672.627299966699	512	512	159.538831606324	96.3578124362687	-594.18787110171	689.585437797541	286	63	5	11	147	275	152	13	6	66	7156	315	198	11	387	382	16	51	0	0	82	0	-131	-3	3	0
6	1	2	0	52	16	up	0	512	507.985151555705	1010.05463274578	508.724348336473	653.754115194402	517.092542426329	986.028469790951	521.492313844228	682.407117257441	512	512	192.85108385537	121.757206729572	-593.49796648137	687.989051850811	262	73	6	11	160	272	169	10	4	57	7578	338	268	8	369	438	20	29	0	0	52	0	-74	-5	5	0
6	1	2	0	52	16	up	1	512	499.875728030392	885.772594247126	497.833087824964	595.284743674247	531.171589407271	1013.57792076421	532.372818630592	706.017207614131	512	512	174.30120979583	110.667434235995	-593.557420976724	688.125960587395	275	61	1	8	167	261	182	10	6	53	7582	368	237	5	374	434	10	37	0	0	62	0	-137	-5	3	0
6	1	2	0	52	16	up	2	512	514.454295166653	995.396106338471	512.349752048582	675.801801986425	531.219186878516	1044.95840397385	527.924164197466	687.061621304519	512	512	174.414692892827	108.695648802777	-594.201652763317	689.617059797282	243	78	2	10	179	273	174	11	4	50	7630	346	209	7	323	354	12	47	0	0	80	0	-143	-5	3	0
6	1	2	0	52	16	up	3	512	521.1229189707	1135.70562578667	516.520826534042	707.248985294073	502.428943621023	896.264838460459	505.233304420648	622.979146806397	512	512	161.628594575987	98.3791030794028	-593.700315870573	688.453625899204	274	69	2	14	153	261	174	8	1	68	7538	410	236	8	357	403	14	35	0	0	61	0	-182	-4	4	0
6	1	2	0	53	17	up	0	512	543.73389530602	1143.59610138045	537.72997463335	723.964221065235	482.630569744774	829.174371956387	489.518681638773	595.979787615711	512	512	191.74802449479	129.721850378808	-593.733525083651	688.534548150089	261	57	2	13	179	257	166	7	1	81	8051	354	292	7	354	405	11	30	0	0	52	0	-68	-4	5	0
6	1	2	0	53	17	up	1	512	574.290103240702	1445.27724854546	544.527307915723	780.166537068445	521.459320165393	1032.6138371562	526.592899566322	709.558133011429	512	512	181.034239915626	114.105036342607	-593.913289534226	688.951802084673	258	63	4	20	167	263	170	11	5	63	8044	377	273	10	386	349	10	28	0	0	48	0	-120	-6	4	0
6	1	2	0	53	17	up	2	512	544.012535756024	1111.85996339455	543.726987299308	743.839060562134	489.751116232894	797.791664544331	510.366996847736	640.516071447157	512	512	180.554705168905	111.257482642997	-593.707449347394	688.473174636042	249	59	6	12	186	271	169	6	4	62	8017	416	264	7	350	367	8	37	0	0	68	0	-159	-4	4	0
6	1	2	0	53	17	up	3	512	562.84235914197	1188.44755496222	562.100592475958	803.202438945545	510.087517427588	1022.92160203258	507.678943611091	668.536907517295	512	512	173.858336273921	106.069195921987	-593.666958725318	688.377362679987	230	62	4	13	203	244	170	11	3	84	8057	391	253	3	369	329	7	35	0	0	62	0	-140	-4	3	0
6	1	2	0	54	18	up	0	512	465.096607735707	758.746872001093	465.879231085415	528.316808885063	445.873695375703	650.233786391992	464.935869285559	524.033422352167	512	512	191.935158221428	122.275517577662	-593.824715052159	688.744627775058	266	83	4	6	153	278	145	4	3	82	8588	356	264	8	404	339	9	41	0	0	70	0	-104	-5	3	0
6	1	2	0	54	18	up	1	512	452.467450784149	670.585013421839	463.849029932166	524.201582111286	476.594095236336	819.488339809422	488.104041263154	610.610599442703	512	512	194.734858877561	126.590188354131	-593.98678037801	689.122042781004	255	91	5	4	157	252	161	7	5	87	8510	415	283	8	341	344	8	40	0	0	67	0	-136	-4	4	0
6	1	2	0	54	18	up	2	512	455.298233859458	744.574366172028	457.630767401822	526.888024773455	526.411722694148	1120.34421700592	513.792181684188	697.882139162176	512	512	196.189005946416	129.549686013002	-593.574587915194	688.162613520424	262	93	3	6	148	243	170	13	7	79	8475	443	290	8	325	346	4	24	0	0	47	0	-161	-5	4	0
6	1	2	0	54	18	up	3	512	445.00033982789	685.383230754556	463.080207657122	549.277653938336	498.61837381664	992.606736235204	487.218168222471	599.675316953147	512	512	187.043164917133	116.119600205039	-593.710740035716	688.481489995506	275	88	4	5	140	267	152	11	5	77	8527	420	258	11	318	339	4	40	0	0	70	0	-177	-5	4	0
6	1	2	0	55	19	up	0	512	519.444131893208	994.857298483337	516.403241924222	654.653613249969	499.117893971959	815.239561054909	528.782380843706	681.148519492652	512	512	196.819138548575	126.689857054772	-593.664414230851	688.371240862692	262	62	3	10	175	266	177	6	5	58	8940	460	315	13	354	292	8	23	0	0	46	0	-167	-5	4	0
6	1	2	0	55	19	up	1	512	536.55558807321	1172.1969885824	511.85447681688	661.920798334091	568.081419463521	1220.95264583767	559.658514636329	771.750228291318	512	512	199.559215857286	123.114917266776	-593.874309680916	688.859586075414	250	73	2	14	173	257	192	14	4	45	8992	426	305	5	316	309	6	37	0	0	66	0	-131	-5	4	0
6	1	2	0	55	19	up	2	512	509.491729364453	1010.37525254765	508.093093834853	649.808583829892	524.971995938209	1004.10962769835	538.695662302305	715.388125835446	512	512	199.898337632223	132.527195530048	-593.578530658695	688.172935825016	270	68	3	11	160	262	179	10	3	58	8963	439	319	7	319	297	8	30	0	0	50	0	-126	-7	4	0
6	1	2	0	55	19	up	3	512	457.390436457896	674.820488278694	479.970348643369	567.134487418658	541.881825994459	1068.59299989212	539.953386496795	706.153776192343	512	512	197.965983332702	126.808546241912	-593.839832653575	688.7804704601	263	82	6	4	157	262	187	11	2	50	9012	426	281	9	312	324	6	37	0	0	62	0	-159	-6	4	0
6	1	2	0	56	20	up	0	512	515.240473114768	1096.32913374633	502.221260599666	643.987455697495	548.493762019142	1185.05153125745	541.044808371504	747.383942270237	512	512	217.160345456636	148.308196395282	-593.537718609033	688.081817934449	257	79	5	13	158	263	175	14	5	55	9402	493	340	5	320	352	9	28	0	0	46	0	-163	-5	4	0
6	1	2	0	56	20	up	1	512	478.225284842583	780.734457784403	491.657126447589	597.720650722124	526.353961949459	969.367278472422	527.169313391808	670.057513862095	512	512	227.851042559578	152.080280855543	-593.901894402509	688.922482259697	268	73	2	6	163	266	184	9	2	51	9456	421	348	15	284	331	6	37	0	0	66	0	-83	-5	5	0
6	1	2	0	56	20	up	2	512	495.183785335404	892.584576844725	497.749311126198	619.026034584783	550.864605067585	1231.8896726782	534.766989661757	726.060566536002	512	512	203.642877673175	128.139090628281	-594.057801784445	689.286914470172	243	85	0	8	176	252	179	15	0	66	9377	500	349	14	322	253	8	41	0	0	69	0	-155	-5	3	0
6	1	2	0	56	20	up	3	512	527.562645726639	1111.63644965054	514.742297851324	673.661548402356	516.219186878516	1058.23334568319	506.147646051801	653.629738803038	512	512	213.438564711889	137.083642647112	-593.674630487586	688.395526583179	271	62	3	13	163	265	160	12	6	69	9455	488	294	3	267	316	8	43	0	0	79	0	-196	-5	3	0
6	1	2	0	57	21	up	0	512	481.689290178826	778.947756724038	497.102071906395	609.370201695679	530.11586131727	1047.9912230092	523.984497126773	682.97823365148	512	512	224.446155299984	152.970677332324	-593.722670670008	688.507847249934	280	61	7	6	158	261	177	11	5	58	9918	493	327	14	306	281	10	32	0	0	64	0	-186	-6	3	0
6	1	2	0	57	21	up	1	512	514.069223535388	939.928245718036	508.378811373722	634.554847495652	537.870703031652	1105.17349053879	522.58996602074	672.881121511966	512	512	231.05537728953	153.187462579336	-593.990515846179	689.126943499468	287	47	1	9	168	247	186	12	0	67	9945	461	333	13	283	275	4	34	0	0	60	0	-138	-7	3	0
6	1	2	0	57	21	up	2	512	502.832195868525	862.536237972674	513.149804557706	645.514164353495	531.28711089665	982.059521859418	536.367100114916	707.785458351612	512	512	231.504733446126	156.960153777585	-594.04376283632	689.252115439709	257	66	2	7	180	255	191	9	3	54	9967	433	343	9	275	252	3	48	0	0	73	0	-104	-6	5	0
6	1	2	0	57	21	up	3	512	512.870703031652	917.282137659099	522.790392131874	673.914389488257	482.015528100076	889.811612127447	491.914672992567	623.780261325156	512	512	222.422218013233	147.830079439257	-593.749785331356	688.569854326649	251	66	3	8	184	276	147	9	4	76	9907	474	361	10	335	292	10	32	0	0	61	0	-125	-5	4	0
6	1	2	0	58	22	up	0	512	505.672069251952	891.914056271096	505.198225151683	607.346505019717	537.476541092268	1168.40141963416	516.988922563541	674.468209624761	512	512	244.702730185118	174.251430323998	-593.612442320654	688.252205815591	282	52	2	8	168	261	169	14	3	65	10398	503	349	14	250	294	8	36	0	0	64	0	-162	-5	6	0
6	1	2	0	58	22	up	1	512	505.720739688523	939.280803137648	503.185268275541	627.337672733744	517.438033929141	986.626696213376	520.337239624497	673.291623013231	512	512	230.70202540597	152.896742125673	-594.092249148289	689.365073832536	257	72	1	9	173	275	170	10	1	56	10469	485	301	9	292	282	10	38	0	0	60	0	-198	-5	4	0
6	1	2	0	58	22	up	2	512	511.459320165393	1016.77791580619	504.923685598906	639.033605303375	520.375248185711	962.436458740242	528.151941652636	700.904328546196	512	512	229.140612371595	150.205936996168	-593.754022239316	688.579400473618	263	71	3	11	164	254	181	9	7	61	10451	460	340	13	264	249	3	31	0	0	54	0	-130	-4	3	0
6	1	2	0	58	22	up	3	512	491.210096570397	877.924703520907	499.430490474513	614.511500939697	497.400599731341	857.893667979181	506.266046068642	624.663338061819	512	512	238.522885441685	156.064698590389	-593.782509069204	688.645318463555	259	77	2	8	166	248	180	7	1	76	10447	482	323	12	276	273	6	20	0	0	40	0	-175	-4	3	0
6	1	2	0	59	23	up	0	512	551.401559420704	1225.66793829611	540.268926463885	734.099087330668	509.84738414071	945.29277664554	506.447232637974	627.309134196603	512	512	257.631288026637	176.916616155385	-594.099497561343	689.381789837118	266	56	2	15	173	258	175	9	2	68	10871	508	384	13	242	249	5	32	0	0	52	0	-134	-6	4	0
6	1	2	0	59	23	up	1	512	561.094575081018	1316.87104308979	550.01134687153	780.800309089879	533.887923958526	1098.04311234174	520.108592425273	678.581413278433	512	512	241.703852396217	162.157391913451	-593.476870530624	687.936088814574	253	63	7	17	172	245	182	12	3	70	10899	508	359	10	284	242	5	33	0	0	58	0	-161	-5	4	0
6	1	2	0	59	23	up	2	512	543.110836318529	1042.4719426868	553.535836905403	763.270154899258	510.413755348837	948.428476401648	519.895992068729	675.701138024312	512	512	250.204737031488	177.289184455463	-593.280818135448	687.482256276066	245	56	2	10	199	248	176	9	7	72	10844	558	362	12	254	280	12	30	0	0	58	0	-204	-5	4	0
6	1	2	0	59	23	up	3	512	556.171589407271	1164.38723431891	551.898843655955	770.063754371873	516.843318831333	990.06661038536	511.957502859005	639.625644495263	512	512	244.059960493601	163.015079841354	-593.684414962949	688.418099611805	257	49	6	13	187	264	173	10	2	63	10869	553	341	13	214	200	7	39	0	0	70	0	-222	-4	4	0
6	1	2	0	60	24	up	0	512	464.923325501637	750.454626961424	469.881156994708	541.15322998159	468.916267848208	766.041773688609	472.399544819321	550.842544814571	512	512	265.666071514179	189.971908854851	-593.59453467057	688.210265392128	283	72	5	6	146	266	157	6	2	81	11384	542	347	15	222	241	7	33	0	0	52	0	-209	-7	4	0
6	1	2	0	60	24	up	1	512	464.491729364453	790.812056967931	469.184595875784	555.312791120566	506.890916302578	1042.63999597935	490.906909069856	613.44192812575	512	512	262.165493365579	177.900103672485	-594.003545481455	689.158623149756	274	83	2	7	146	268	154	12	3	75	11418	508	347	15	220	218	8	45	0	0	86	0	-171	-5	3	0
6	1	2	0	60	24	up	2	512	489.444131893208	799.074592723955	491.229706512587	571.288823028682	478.109763353203	886.390327543869	473.324523298548	561.915203263912	512	512	253.685321473618	170.216298684928	-593.922720852227	688.971670518473	270	64	1	6	171	270	147	9	3	83	11403	547	334	4	231	239	3	31	0	0	56	0	-217	-7	4	0
6	1	2	0	60	24	up	3	512	474.645758016959	888.150420808918	469.504242222292	555.54724321275	433.071256190077	553.806290568384	452.547437187451	486.181065972546	512	512	250.574616283791	170.694773296061	-593.791880243926	688.667489843751	254	96	2	9	151	288	143	2	1	78	11329	566	376	17	236	220	9	33	0	0	54	0	-184	-5	5	0
6	1	2	0	61	25	up	0	512	543.081419463521	1144.28080313765	528.11013719885	699.232260860886	590.068263846025	1408.20275911364	567.082743893451	826.274221435879	512	512	265.994525279859	183.383508464942	-593.754389378484	688.579433957617	257	60	2	13	180	237	194	18	7	56	11785	593	413	9	200	210	5	28	0	0	50	0	-190	-4	4	0
6	1	2	0	61	25	up	1	512	507.649823326337	1017.93978264881	507.364553187468	661.698436904424	513.647790671648	877.496326279702	537.603887142764	706.621720139802	512	512	272.700360021656	193.987609826533	-593.978926803966	689.10224082906	244	85	5	11	167	259	184	7	7	55	11834	591	371	4	205	264	7	31	0	0	56	0	-224	-6	4	0
6	1	2	0	61	25	up	2	512	482.965897974142	784.233790523677	499.772420863117	608.479358365139	548.302299168836	1117.70741341197	546.155102758812	739.948492913258	512	512	269.127724262681	193.558791652596	-593.919623823815	688.963243096689	279	63	1	6	163	252	188	12	6	54	11757	597	427	19	176	211	5	28	0	0	52	0	-184	-4	5	0
6	1	2	0	61	25	up	3	512	522.044944955084	1036.70341811099	521.167921639772	684.352020559672	536.430976275712	1062.99654869994	552.001408201901	768.359274217335	512	512	253.924253600949	179.207242325799	-593.686954174489	688.425192769542	256	67	5	11	173	250	185	11	6	60	11880	561	348	11	202	188	8	34	0	0	60	0	-227	-6	4	0
6	1	2	0	62	26	up	0	512	531.632602399463	1019.71317981152	524.143210857511	676.647656750714	489.002372482579	793.866607080012	508.479952232424	640.309278189655	512	512	274.534445872854	191.811331657665	-593.924829448895	688.978425442916	254	59	1	10	188	276	166	6	5	59	12299	590	415	8	180	162	7	43	0	0	76	0	-183	-5	3	0
6	1	2	0	62	26	up	1	512	503.830163213836	899.478586372263	509.512994936594	641.160620542237	520.470443128201	1099.30828821888	516.791238487293	684.507833220808	512	512	282.127152348119	201.36378680878	-593.56268049499	688.136506216832	256	69	4	8	175	270	157	13	5	67	12288	604	404	16	178	193	6	29	0	0	52	0	-200	-6	4	0
6	1	2	0	62	26	up	2	512	550.365084912266	1223.92647461947	533.797341698658	726.766691220455	477.524138563513	734.05241267505	486.381816230269	549.854070072626	512	512	278.73635504755	205.500991435534	-593.804262191006	688.69639222775	265	57	3	15	172	289	159	5	3	56	12282	601	416	13	205	187	3	34	0	0	58	0	-199	-6	4	0
6	1	2	0	62	26	up	3	512	492.755181542272	843.01783080451	505.142701246453	614.235277809285	487.956807666023	836.736677855136	494.321876460912	592.554595867004	512	512	285.794339510465	211.734608156876	-593.534600166098	688.071456266664	265	69	0	7	171	257	168	7	4	76	12205	626	465	16	195	208	3	27	0	0	54	0	-165	-5	4	0
6	1	2	0	63	27	up	0	512	532.274914968517	1084.68257258354	521.566784201963	677.422188087946	481.804811668206	858.622260203595	487.545843228366	586.319685664075	512	512	286.829887900088	202.967140495268	-593.995262809272	689.140207581982	269	56	3	12	172	266	156	8	3	79	12860	574	374	16	156	172	4	44	0	0	74	0	-204	-5	4	0
6	1	2	0	63	27	up	1	512	528.186777679456	1043.44310655739	519.026586118344	666.553956186607	489.107730698514	828.002302704435	493.756731889782	593.498529762688	512	512	300.677745444499	227.990384811135	-593.663363290577	688.369367607146	266	57	3	11	175	281	160	7	4	60	12767	630	412	15	157	223	8	35	0	0	60	0	-216	-7	4	0
6	1	2	0	63	27	up	2	512	522.553555418521	1037.11051324763	520.513347815853	694.929001845128	523.397494111326	1103.79653713123	512.609808180832	661.977551787507	512	512	298.109166764955	223.661161931361	-593.96215705068	689.06406558705	257	66	5	11	173	276	160	13	0	63	12875	528	408	13	164	184	3	44	0	0	78	0	-134	-6	5	0
6	1	2	0	63	27	up	3	512	563.570776345395	1286.65197775061	543.55402669604	753.989084241994	496.699453452271	959.459956783857	492.101899888666	618.742249472651	512	512	299.249340883976	223.48144360107	-593.661129808757	688.362821578779	255	58	2	16	181	257	161	10	2	82	12818	568	424	14	199	198	0	40	0	0	68	0	-152	-5	5	0
6	1	2	0	64	28	up	0	512	519.098640390396	994.259072060912	523.943295892994	701.260292796698	520.384338493829	991.989002938462	522.544624702578	685.227468495161	512	512	295.752136804325	220.005153027775	-593.796562731858	688.677907814768	259	63	6	10	174	272	172	10	3	55	13256	641	418	21	121	134	3	38	0	0	68	0	-238	-4	3	0
6	1	2	0	64	28	up	1	512	565.154368480396	1253.57304404563	548.093913427551	754.201211642647	480.250636388213	752.836901928052	489.159656262761	583.407427289279	512	512	304.815860693191	232.942383164458	-593.70463211913	688.466838865515	255	53	2	15	187	258	173	5	2	74	13286	642	401	7	128	175	7	46	0	0	80	0	-247	-6	6	0
6	1	2	0	64	28	up	2	512	532.93755408446	1055.37260003149	532.322581690447	694.475326463258	478.79165605071	746.841333806148	491.131404228027	589.055681400792	512	512	299.13360840768	230.089428489922	-593.908468246747	688.937818560689	254	60	6	11	181	266	169	5	2	70	13292	635	398	11	162	162	3	36	0	0	66	0	-243	-7	7	0
6	1	2	0	64	28	up	3	512	544.952742356645	1146.07370717467	536.312398254741	723.896881748104	495.64372536227	956.791219703847	502.026995687455	648.979788386527	512	512	285.24876145844	212.782911163941	-593.568897165105	688.149381416619	259	57	3	13	180	257	159	10	4	82	13209	682	426	19	151	148	6	25	0	0	44	0	-282	-5	4	0
6	1	2	0	65	29	up	0	512	579.771442779784	1253.85820055936	574.495217282776	813.424286617819	497.908137229452	953.480794047941	493.413304090259	611.579745215963	512	512	295.112335528948	221.054878958013	-593.740239427351	688.54695750493	229	55	2	14	212	274	155	10	3	70	13745	656	435	12	157	106	9	33	0	0	64	0	-225	-5	5	0
6	1	2	0	65	29	up	1	512	578.984191866342	1322.21606714298	572.011194872133	833.866666544581	503.416747692889	961.832457654901	499.144487788414	623.97189389495	512	512	309.027220918713	231.497918110327	-593.815090890522	688.722682683168	232	61	3	16	200	279	159	10	0	64	13771	640	426	11	145	158	5	42	0	0	74	0	-220	-6	5	0
6	1	2	0	65	29	up	2	512	551.162499099152	1052.83247418164	557.423879411991	749.776340883483	508.628537090085	942.815170851316	504.660422845679	626.935559956767	512	512	307.566856718382	240.402903072925	-593.649672550997	688.33862307476	251	46	3	10	202	260	174	9	1	68	13687	673	474	14	145	141	4	18	0	0	30	0	-211	-6	5	0
6	1	2	0	65	29	up	3	512	540.692395798842	1038.41739670641	550.603533170271	741.209007648198	519.645758016959	1033.57614553396	506.408377566727	639.321606270276	512	512	311.758112679809	239.604765214777	-593.7074702285	688.473550147471	244	58	3	10	197	254	172	11	5	70	13718	670	443	17	132	145	4	28	0	0	54	0	-241	-6	4	0
6	1	2	0	66	30	up	0	512	535.433008930401	1100.19167115503	531.71424638333	706.885972418761	470.85444179414	800.115826543323	474.274809137427	574.621532062844	512	512	325.745321183161	253.745206969282	-593.535324113032	688.07287188589	247	68	2	12	183	275	149	7	4	77	14130	738	472	20	122	130	0	34	0	0	54	0	-266	-6	4	0
6	1	2	0	66	30	up	1	512	616.095648046344	1531.22759994207	595.539932118258	921.412709398847	456.027724028209	636.405855643945	463.142158408473	502.883702729537	512	512	339.641868562527	269.267700750059	-593.814283904185	688.72111111557	220	56	6	20	210	270	162	3	0	77	14237	603	505	15	106	104	2	45	0	0	78	0	-104	-5	5	0
6	1	2	0	66	30	up	2	512	589.838293832592	1339.05731005205	573.792620327349	824.145669643662	439.030716372261	633.894092161239	450.990032751217	512.075418279098	512	512	324.067910169278	257.018677376914	-593.889169513649	688.892659699199	236	51	2	16	207	289	136	4	3	80	14260	634	455	11	106	113	2	40	0	0	70	0	-185	-5	6	0
6	1	2	0	66	30	up	3	512	515.299306824784	818.600549785285	537.6341388896	691.692556628699	453.897014266644	667.223147405551	463.563119835608	524.533921999322	512	512	330.049326408757	262.072518957474	-593.886264162385	688.885988583263	241	59	3	5	204	271	154	4	2	81	14231	658	453	18	107	105	0	36	0	0	60	0	-229	-6	5	0
6	1	2	0	67	31	up	0	512	582.419853312904	1215.8919010123	586.728812944552	844.037244946269	477.448197202586	783.438229838806	482.170884121995	558.134215598151	512	512	334.661212806322	267.644018376498	-593.653296582419	688.347310816216	243	40	3	13	213	260	166	6	1	79	14642	733	489	8	90	101	3	19	0	0	38	0	-256	-8	4	0
6	1	2	0	67	31	up	1	512	624.645758016959	1607.67592889808	600.387269267865	932.563942757979	507.35192929477	1048.74864723134	493.517857727209	621.771897250951	512	512	332.659909462165	268.393114510739	-594.14609860004	689.491438304049	242	44	5	22	199	257	159	12	2	82	14737	680	443	12	95	102	3	32	0	0	56	0	-249	-6	5	0
6	1	2	0	67	31	up	2	512	554.666084563849	1031.85775985056	563.713322635011	759.874715542286	516.939586739149	994.676369606878	502.965305449417	623.121866383559	512	512	332.159661972133	262.451983820413	-594.102990508782	689.389173722127	232	52	2	9	217	255	177	10	1	69	14705	660	491	16	110	97	2	30	0	0	50	0	-185	-5	4	0
6	1	2	0	67	31	up	3	512	597.313422131643	1448.99166784968	571.610527517999	824.894439715175	474.789623396021	775.86572153073	483.098767240605	572.305554349059	512	512	352.250096173138	294.826094458624	-593.923585931688	688.973941310163	259	43	1	19	190	265	161	6	3	77	14710	626	525	11	86	93	2	39	0	0	60	0	-115	-6	4	0
6	1	2	0	68	32	up	0	512	555.250636388213	1168.20941106247	566.695789175267	809.319614825347	460.067190880699	704.389437862902	461.804597886889	511.271879125283	512	512	352.959237349975	299.305226445541	-593.804739349868	688.69962567639	250	56	1	13	192	290	146	5	3	68	15183	688	497	16	78	72	1	37	0	0	66	0	-207	-7	4	0
6	1	2	0	68	32	up	1	512	573.907177540089	1273.53358132483	581.957846325884	861.129958924458	438.954775011334	646.197870000002	449.788366297096	507.615111413257	512	512	353.659381009615	299.279214389614	-593.463062605346	687.904914169471	240	55	5	15	197	260	146	4	4	98	15084	754	517	29	90	104	3	26	0	0	46	0	-250	-7	6	0
6	1	2	0	68	32	up	2	512	608.033821992276	1512.4102999171	594.528319773478	912.28182841332	452.745018268827	734.082121958695	454.845921852344	523.24302160043	512	512	358.965381965762	305.507977986393	-593.421215146204	687.809591308692	233	54	5	20	200	276	141	6	3	86	15090	706	570	18	71	127	8	17	0	0	34	0	-152	-5	5	0
6	1	2	0	68	32	up	3	512	537.553555418521	1023.80896374297	558.33914438827	782.475112682879	456.247530768198	734.176575500379	454.570827629297	505.996541261922	512	512	346.854418633056	282.017906061385	-594.264264096257	689.762094839491	261	48	7	10	186	290	139	6	2	75	15225	666	476	17	84	73	2	35	0	0	60	0	-180	-6	4	0
6	1	2	0	69	33	up	0	512	595.520186530098	1318.59257157838	600.462729598103	904.773988427762	425.85444179414	580.552630963607	434.766066986487	454.198293371975	512	512	353.31535482327	290.670783493855	-593.887245527768	688.886956784653	220	52	5	15	220	279	135	3	3	92	15714	714	459	9	46	74	2	35	0	0	64	0	-265	-7	4	0
6	1	2	0	69	33	up	1	512	568.810909632273	1186.89499836895	580.124552695412	839.154357332601	463.14827051633	753.271482145917	459.622044463898	515.638640960293	512	512	355.348617807236	299.09098561048	-593.972913742648	689.089803197152	257	41	3	13	198	272	150	6	3	81	15680	723	483	10	56	61	3	50	0	0	88	0	-252	-7	5	0
6	1	2	0	69	33	up	2	512	585.385411459156	1222.18148114075	590.996382614162	859.60606182305	462.466377818823	855.76504435396	459.191238366956	537.04546174046	512	512	364.691106290789	308.276375966007	-594.060920876594	689.293177001472	239	40	4	13	216	280	132	9	3	88	15646	686	542	22	52	57	2	29	0	0	56	0	-140	-5	5	0
6	1	2	0	69	33	up	3	512	630.068263846025	1656.93003334334	610.623168066136	966.510830075192	421.190842988834	580.735784042484	434.613887390319	465.824044220955	512	512	365.148147244515	306.552614039279	-593.840801370704	688.78277313053	233	50	4	23	202	260	138	3	4	107	15665	701	504	26	53	70	1	38	0	0	62	0	-221	-7	4	0
6	1	2	0	70	34	up	0	512	549.799786669465	1088.50209681093	566.023220035686	789.513199323555	459.174581751322	812.749079676771	456.709585508637	532.753183522462	512	512	370.860563324164	320.950784255119	-593.792870658416	688.670177251717	246	54	3	11	198	284	133	8	3	84	16081	738	576	13	46	44	2	27	0	0	52	0	-172	-6	4	0
6	1	2	0	70	34	up	1	512	600.60629116447	1433.85642532911	592.306285042373	889.092948736642	436.084411807573	702.64264849551	436.437706333471	477.899343127599	512	512	361.424117120469	303.726970136258	-593.945911684554	689.025559030609	222	59	4	18	209	284	126	6	3	93	16147	766	480	15	44	44	1	39	0	0	66	0	-312	-6	4	0
6	1	2	0	70	34	up	2	512	646.364125222903	1686.87061477605	629.721448412158	1024.03818600553	434.616341161951	630.039104645707	442.478530429613	480.787198141184	512	512	357.136248406791	303.902991543796	-593.589564833973	688.198535870528	227	42	4	23	216	278	135	4	6	89	16061	796	544	7	39	42	0	31	0	0	60	0	-258	-8	4	0
6	1	2	0	70	34	up	3	512	647.986224521031	1729.75709093716	615.06588410894	972.637027587571	431.70854376039	626.504736932039	437.944517406995	476.580517918531	512	512	371.422355360901	311.368532210945	-593.602727770412	688.22739186775	217	51	4	24	216	275	134	4	6	93	16095	774	529	10	45	28	0	32	0	0	54	0	-261	-6	5	0
6	1	2	0	71	35	up	0	512	649.704591726975	1628.97838461045	650.051731021809	1051.06297796563	429.654848325078	661.031122307113	432.390987827865	463.073740224298	512	512	388.201579723256	340.289078576811	-594.043999341403	689.251971088258	206	44	7	21	234	272	130	5	4	101	16669	708	528	15	23	32	0	32	0	0	58	0	-186	-7	4	0
6	1	2	0	71	35	up	1	512	670.730902961968	1765.15443263664	657.706985380347	1074.78107924925	461.084411807573	779.314491195535	461.10387210516	553.243104024518	512	512	380.468600425805	333.604336560872	-593.98907796861	689.123831660232	222	31	5	24	230	284	138	7	5	78	16645	754	502	19	27	23	2	36	0	0	56	0	-259	-7	5	0
6	1	2	0	71	35	up	2	512	620.02066637478	1498.54733419465	618.137464589342	958.017765449617	427.65784066913	571.133554055706	440.617799407175	465.196657147537	512	512	365.944560680403	310.940156160246	-593.670689077618	688.386664989843	233	43	1	19	216	307	126	3	3	73	16628	803	476	13	32	17	0	33	0	0	60	0	-345	-6	4	0
6	1	2	0	71	35	up	3	512	631.853482104777	1551.40365209995	627.49353016927	980.145231356422	418.071256190077	530.02580074805	431.57697831807	447.72442082593	512	512	385.802265089566	340.259707084903	-593.672355494135	688.39133070528	237	35	3	20	217	284	133	2	2	91	16485	797	624	14	15	31	0	27	0	0	50	0	-181	-7	6	0
# final_twist	35
# forced_steps	0
# sweeps_total	178912
# completion	PASS
