# format	twist_snake_sector_blocks_v2
# status	NON-CANONICAL floating-point engineering diagnostic
# L	6
# k	2
# chain	4
# kind	0
# kind_name	main
# base	0
# restriction	-1
# schedule	round_trip
# seed	202609306204
# seam_size	36
# start_twist	36
# chain_initial	coldAltT
# warmup_sweeps	512
# dwell_sweeps	16384
# dwell_long_sweeps	32768
# visit_sweeps	2048
# equilibration_sweeps	32
# post_forcing_sweeps	512
# block_length	512
# segments	72
# seam_order	x2_fastest_then_x3
# class_rule	class0_if_2W_ge_minus_n_else_classMinus
# action_density	minus_sum_logW_divided_by_6L4
# sampling	every_production_sweep_after_full_heatbath_sweep
L	k	chain	kind	segment	n	phase	block	count	sumFn	sumFn2	sumFi	sumFi2	sumBn	sumBn2	sumBi	sumBi2	sumPFi	sumPFi2	sumY	sumY2	sumS	sumS2	hF0	hF1	hF2	hF3	hF4	hB0	hB1	hB2	hB3	hB4	sec0	secMinus	secPlus	secOther	untMinus	untPlus	untOther	pure0	pureMinus	purePlus	flips	classMinus	sumW	minW	maxW	forced
6	2	4	0	0	36	dwell	0	512	0	0	0	0	220.643315525984	777.90698246348	212.221612031004	208.581374918296	0	0	-1152.6986242989	2648.26435915621	-593.83161749	688.760159835306	0	0	0	0	0	267	99	4	5	137	1110	16941	29	352	0	0	0	0	33	0	58	512	-17614	-40	-29	0
6	2	4	0	0	36	dwell	1	512	0	0	0	0	219.635184907229	777.663630280623	207.583556884562	178.123877579677	0	0	-1163.07534845201	2693.09946123469	-593.505144069526	688.001890386733	0	0	0	0	0	287	99	4	5	117	1091	16947	16	378	0	0	0	0	30	0	52	512	-17690	-40	-29	0
6	2	4	0	0	36	dwell	2	512	0	0	0	0	224.685591438166	822.675797889766	215.242553239764	247.535738375529	0	0	-1151.24713226216	2648.48920285417	-593.314266369778	687.562945967545	0	0	0	0	0	286	97	4	6	119	1224	16760	33	415	0	0	0	0	24	0	46	512	-17554	-39	-27	0
6	2	4	0	0	36	dwell	3	512	0	0	0	0	200.693722056922	618.283895156998	207.054018154483	189.914190873319	0	0	-1174.96259430606	2748.24082197847	-593.725582837053	688.51517009236	0	0	0	0	0	274	96	3	4	135	1010	17003	23	396	0	0	0	0	33	0	58	512	-17768	-41	-29	0
6	2	4	0	0	36	dwell	4	512	0	0	0	0	177.653958644111	356.943513609899	209.474500433671	169.791131783951	0	0	-1167.57229888291	2714.10669130784	-593.822729206952	688.738521785568	0	0	0	0	0	273	101	1	3	134	1045	16942	23	422	0	0	0	0	25	0	46	512	-17769	-40	-28	0
6	2	4	0	0	36	dwell	5	512	0	0	0	0	275.741319528167	1291.69708412602	253.168922694916	423.573349465948	0	0	-1152.40595777561	2642.59747400222	-593.403515854429	687.767446300136	0	0	0	0	0	270	96	7	9	130	1150	16919	18	345	0	0	0	0	26	0	44	512	-17595	-39	-29	0
6	2	4	0	0	36	dwell	6	512	0	0	0	0	198.256027955671	714.031565941987	207.832008519943	251.591363161142	0	0	-1156.36210921228	2665.7121383502	-593.376578971944	687.707376776029	0	0	0	0	0	290	82	4	4	132	1173	16823	28	408	0	0	0	0	31	0	48	512	-17619	-40	-29	0
6	2	4	0	0	36	dwell	7	512	0	0	0	0	205.21626454286	584.879654901142	209.081506085381	175.808933264793	0	0	-1162.13831921793	2693.2657360525	-593.602100728892	688.227055937464	0	0	0	0	0	273	94	1	8	136	1067	16947	31	387	0	0	0	0	33	0	56	512	-17691	-40	-28	0
6	2	4	0	0	36	dwell	8	512	0	0	0	0	216.696234556293	755.070976156494	207.585478940747	186.01921928574	0	0	-1157.95282685435	2676.93485428313	-593.62790643071	688.2874438673	0	0	0	0	0	288	92	3	7	122	1118	16902	31	381	0	0	0	0	31	0	58	512	-17637	-41	-28	0
6	2	4	0	0	36	dwell	9	512	0	0	0	0	214.385961312232	673.107535621905	223.781111596485	294.167183564644	0	0	-1133.65573401283	2579.87779648839	-593.018413106686	686.874974342053	0	0	0	0	0	271	104	3	5	129	1368	16599	39	426	0	0	0	0	20	0	36	512	-17415	-39	-26	0
6	2	4	0	0	36	dwell	10	512	0	0	0	0	239.637993966921	995.250412992612	219.719290336297	243.070856926036	0	0	-1132.53686632035	2562.25926977582	-593.492020311728	687.974936219136	0	0	0	0	0	266	97	6	5	138	1246	16831	30	325	0	0	0	0	28	0	50	512	-17454	-39	-27	0
6	2	4	0	0	36	dwell	11	512	0	0	0	0	187.025281537235	485.949554935984	199.211492160238	152.386375119508	0	0	-1167.31484071476	2719.88276490341	-593.728448109899	688.522301857741	0	0	0	0	0	283	89	1	6	133	1086	16939	19	388	0	0	0	0	32	0	62	512	-17694	-40	-28	0
6	2	4	0	0	36	dwell	12	512	0	0	0	0	184.560979640668	463.444868186971	201.650945166711	184.76677954195	0	0	-1154.01560711131	2653.52634830013	-593.417186779732	687.800165294536	0	0	0	0	0	290	98	2	3	119	1218	16798	29	387	0	0	0	0	18	0	30	512	-17547	-39	-28	0
6	2	4	0	0	36	dwell	13	512	0	0	0	0	188.90850379817	507.514824859794	205.518962122667	205.75472332968	0	0	-1155.90712960743	2664.47005038882	-593.362179250547	687.671027433253	0	0	0	0	0	286	95	2	4	125	1154	16905	21	352	0	0	0	0	31	0	52	512	-17589	-39	-26	0
6	2	4	0	0	36	dwell	14	512	0	0	0	0	238.656471143481	1013.80653597032	243.754589970156	429.108140413477	0	0	-1138.11761623818	2586.54618453046	-593.532426644376	688.065176614296	0	0	0	0	0	275	100	7	3	127	1240	16803	34	355	0	0	0	0	30	0	54	512	-17478	-40	-26	0
6	2	4	0	0	36	dwell	15	512	0	0	0	0	226.470809696919	725.998083777601	227.924488774615	291.615677831574	0	0	-1166.80215896178	2710.67171463113	-593.283541225049	687.490723820079	0	0	0	0	0	266	110	3	6	127	1122	16878	21	411	0	0	0	0	27	0	50	512	-17684	-39	-28	0
6	2	4	0	0	36	dwell	16	512	0	0	0	0	227.001482801612	824.007372318656	228.197671087927	306.124041986469	0	0	-1167.48840069281	2710.61172725308	-593.861499352284	688.829415475494	0	0	0	0	0	257	98	4	6	147	1023	17017	26	366	0	0	0	0	29	0	52	512	-17723	-40	-28	0
6	2	4	0	0	36	dwell	17	512	0	0	0	0	242.07287900848	861.915959495635	243.99145002758	309.234815362219	0	0	-1136.05801706266	2574.38348247991	-593.582345017579	688.180431186928	0	0	0	0	0	271	105	3	9	124	1207	16850	37	338	0	0	0	0	35	0	62	512	-17488	-40	-26	0
6	2	4	0	0	36	dwell	18	512	0	0	0	0	244.059723390983	921.092347349719	238.277557321717	350.132795197451	0	0	-1150.47479084254	2638.99117715933	-593.649570079829	688.336172909792	0	0	0	0	0	251	117	6	3	135	1135	16894	24	379	0	0	0	0	32	0	60	512	-17634	-39	-29	0
6	2	4	0	0	36	dwell	19	512	0	0	0	0	207.075688068172	763.043761870121	216.515680622358	272.602839673965	0	0	-1143.52924225977	2616.2113976447	-593.046045622262	686.938883693951	0	0	0	0	0	282	84	4	5	137	1354	16624	29	425	0	0	0	0	23	0	42	512	-17448	-40	-27	0
6	2	4	0	0	36	dwell	20	512	0	0	0	0	248.98270906473	908.922057459702	228.490653449721	243.244113820312	0	0	-1155.2137967625	2661.84830503288	-593.674535899026	688.393575724563	0	0	0	0	0	267	105	3	10	127	1139	16863	25	405	0	0	0	0	22	0	40	512	-17651	-40	-27	0
6	2	4	0	0	36	dwell	21	512	0	0	0	0	209.462975638486	491.113746861935	209.66869185675	169.991495301986	0	0	-1161.10747241331	2690.4280279848	-593.488112347597	687.963181307903	0	0	0	0	0	255	110	0	8	139	1159	16904	18	351	0	0	0	0	33	0	60	512	-17590	-40	-26	0
6	2	4	0	0	36	dwell	22	512	0	0	0	0	185.391282871296	386.128850177148	212.811742166884	189.587161441969	0	0	-1155.34044795528	2660.70179472288	-593.195856485864	687.286669538965	0	0	0	0	0	280	99	0	6	127	1173	16840	17	402	0	0	0	0	29	0	49	512	-17629	-39	-27	0
6	2	4	0	0	36	dwell	23	512	0	0	0	0	217.754771705986	676.238358659433	226.457349620119	313.06311827981	0	0	-1137.73336672766	2587.7912525242	-593.459738120963	687.899476625576	0	0	0	0	0	255	107	3	5	142	1209	16835	39	349	0	0	0	0	25	0	47	512	-17497	-39	-27	0
6	2	4	0	0	36	dwell	24	512	0	0	0	0	213.330233222232	651.71540633721	230.610148674168	294.693695841453	0	0	-1163.63448545664	2698.41955943441	-593.581075869757	688.178186495261	0	0	0	0	0	267	114	4	2	125	1111	16922	20	379	0	0	0	0	28	0	54	512	-17662	-39	-28	0
6	2	4	0	0	36	dwell	25	512	0	0	0	0	257.499929991604	1134.03142434703	231.296770217638	290.548458675756	0	0	-1153.98602220441	2652.65659677933	-593.456808655817	687.891226621369	0	0	0	0	0	277	95	6	8	126	1138	16916	19	359	0	0	0	0	26	0	48	512	-17612	-40	-28	0
6	2	4	0	0	36	dwell	26	512	0	0	0	0	231.346197899421	868.849193399799	223.688110084891	263.318037890546	0	0	-1163.51551906099	2699.34964984191	-593.477967998746	687.940477101284	0	0	0	0	0	270	96	4	7	135	1165	16852	28	387	0	0	0	0	22	0	42	512	-17600	-39	-29	0
6	2	4	0	0	36	dwell	27	512	0	0	0	0	188.481452815045	605.292928827135	194.459675039864	143.687350207229	0	0	-1148.61477445259	2638.2580964176	-593.494769398297	687.977099592522	0	0	0	0	0	296	83	3	4	126	1209	16831	34	358	0	0	0	0	26	0	44	512	-17506	-39	-25	0
6	2	4	0	0	36	dwell	28	512	0	0	0	0	217.399116929729	676.925049803753	225.605526837145	252.501911700039	0	0	-1140.58144383472	2598.86752623426	-593.483525515048	687.95393939797	0	0	0	0	0	279	108	3	5	117	1243	16808	28	353	0	0	0	0	27	0	50	512	-17489	-39	-24	0
6	2	4	0	0	36	dwell	29	512	0	0	0	0	259.210942983797	1155.58173255058	241.620676221714	469.214547062999	0	0	-1163.16130799099	2707.41884399065	-593.537492518883	688.077440740634	0	0	0	0	0	268	85	5	11	143	1174	16792	27	439	0	0	0	0	20	0	36	512	-17643	-39	-27	0
6	2	4	0	0	36	dwell	30	512	0	0	0	0	157.630159908488	236.460311330074	187.508401357684	131.998260418913	0	0	-1150.26616265895	2634.21884383118	-593.500382774401	687.993068999521	0	0	0	0	0	279	90	0	3	140	1129	16932	29	342	0	0	0	0	22	0	38	512	-17589	-39	-27	0
6	2	4	0	0	36	dwell	31	512	0	0	0	0	241.545014963479	1077.11651265406	224.360750429726	329.881225212064	0	0	-1147.14805297119	2632.10531023805	-593.991245458529	689.129601894164	0	0	0	0	0	291	85	6	7	123	1230	16818	16	368	0	0	0	0	24	0	46	512	-17542	-40	-28	0
6	2	4	0	1	35	down	0	512	1242.72668110906	9577.40655294413	1237.35770708351	5314.21863034393	233.155214893796	967.912995470574	237.213521243963	369.753578303406	512	512	-1160.67537745829	2691.44648153974	-593.771748260807	688.622255924085	85	119	55	62	191	268	101	7	2	134	1064	16509	23	324	301	6	7	0	15	0	30	512	-17139	-38	-28	0
6	2	4	0	1	35	down	1	512	1328.19571144404	10456.7433474484	1265.62564080513	5448.07602794614	200.340876340358	656.557369013308	232.275347962798	317.986053765049	512	512	-1150.3511855387	2636.92412914529	-593.487713661826	687.961334579082	93	75	45	74	225	277	103	5	0	127	1165	16345	26	384	346	2	4	0	8	0	14	512	-17080	-37	-27	0
6	2	4	0	1	35	down	2	512	1138.50095968936	8554.25125309336	1150.08825241217	4533.30988647507	243.979900005037	844.329176783646	247.433309217505	282.05432418857	512	512	-1161.30954048943	2688.01307761936	-593.519466166368	688.036527185726	90	66	27	64	265	276	119	4	6	107	1080	16470	22	348	370	4	4	0	7	0	12	512	-17142	-39	-27	0
6	2	4	0	1	35	down	3	512	1187.59645119218	8885.8135873111	1226.20405315786	4936.2791643402	281.794238558475	1239.04345036122	270.273206688884	451.780655501309	512	512	-1156.12561449467	2668.06506838295	-593.223515265134	687.350402429355	83	76	39	62	252	263	122	8	5	114	1177	16281	32	430	345	9	4	0	8	0	16	512	-17109	-41	-26	0
6	2	4	0	2	34	down	0	512	1019.59172275376	7715.77471515742	1029.20371233684	4006.85340731841	231.168370511292	967.459999821174	238.495161555519	352.17756072868	512	512	-1169.22192083557	2731.67844737656	-592.948074434519	686.713920257787	112	119	34	54	193	292	85	5	7	123	1162	15813	21	412	628	30	21	0	2	0	4	512	-16615	-37	-27	0
6	2	4	0	2	34	down	1	512	1144.17723426748	8543.0353417488	1086.1272346943	4307.35461589408	274.481156254723	1250.6634037287	271.636722646919	467.385735630154	512	512	-1181.16850973784	2783.45495705705	-593.194741636133	687.282808028541	108	55	34	61	254	279	118	9	3	103	1058	15961	18	371	723	12	19	0	2	0	4	512	-16687	-38	-25	0
6	2	4	0	2	34	down	2	512	1170.93865379061	8615.79848399589	1169.43837005575	4880.22174701924	229.133928657544	925.49348198556	233.735232107886	267.196781075645	512	512	-1165.48491064616	2703.6904989143	-593.465919012256	687.911704334511	106	81	55	53	217	284	90	5	6	127	1016	15995	31	366	640	17	17	0	5	0	10	512	-16692	-38	-27	0
6	2	4	0	2	34	down	3	512	1065.416407865	7904.82005342205	1071.54432973069	4049.03108753575	264.635184907229	1004.12261061813	254.679714769717	326.554825901916	512	512	-1169.38039151855	2724.94201515616	-593.588507444283	688.196392021626	100	96	35	55	226	255	122	5	7	123	1095	15930	23	360	665	13	14	0	8	0	14	512	-16628	-37	-27	0
6	2	4	0	3	33	down	0	512	1075.71603799093	8034.02357060553	1069.68634403622	4234.53481410405	258.253218895979	938.450881194065	246.183933572348	323.734205315379	512	512	-1176.13115116953	2757.7808943894	-593.216629241735	687.333035606251	107	85	33	57	230	259	119	4	8	122	1121	15405	21	349	1053	20	19	0	1	0	2	512	-16082	-36	-26	0
6	2	4	0	3	33	down	1	512	1105.46681439594	8165.37933865775	1105.91728807276	4423.00907030343	215.895348180673	732.967820509194	233.289589567937	272.173299714801	512	512	-1178.06099058654	2781.34519065864	-593.101325885243	687.06633983577	79	103	38	56	236	262	101	4	4	141	1028	15464	24	380	945	32	19	0	3	0	6	512	-16202	-36	-26	0
6	2	4	0	3	33	down	2	512	959.737324227185	6669.2091620437	1006.99920405042	3772.77233200897	213.757284205356	574.302047454245	233.317470234135	224.009478114876	512	512	-1159.05110715714	2686.39728665985	-593.129425761701	687.134066847928	115	75	34	44	244	265	115	2	5	125	1208	15314	30	344	1068	17	18	0	3	0	6	512	-15976	-37	-21	0
6	2	4	0	3	33	down	3	512	1096.59393869281	8469.46719275691	1019.70662218282	4039.81419281428	260.613898670976	1000.06174425342	247.941203775567	349.602685823198	512	512	-1193.84032844805	2841.99472709135	-592.977023875788	686.782260100057	129	79	31	62	211	267	118	5	7	115	1026	15481	21	368	1102	13	19	0	2	0	4	512	-16194	-37	-26	0
6	2	4	0	4	32	down	0	512	1115.34220259844	8511.40672285807	1115.02603986622	4642.75833662808	251.295791368483	1008.1075356219	249.408306648419	333.013609712885	512	512	-1167.8990490717	2720.6591359017	-593.20413655836	687.305300375075	107	114	44	57	190	255	110	6	5	136	953	15082	19	330	1187	34	17	0	5	0	10	512	-15724	-35	-26	0
6	2	4	0	4	32	down	1	512	1007.88070976156	7233.89015168982	1038.61193668845	3919.76124849412	239.131119597851	858.089071815759	241.930130566687	302.759410437634	512	512	-1172.38978237112	2756.98107353053	-593.086485767124	687.032083653269	109	102	42	46	213	277	117	5	4	109	999	14996	33	356	1285	33	19	0	3	0	6	512	-15674	-36	-21	0
6	2	4	0	4	32	down	2	512	1011.42172942406	7354.48272085698	983.062712892942	3652.68031231563	249.658983642851	929.423440355764	249.533246433296	295.506931679754	512	512	-1168.74390163532	2734.47660609701	-593.146664775096	687.17140496275	113	90	35	50	224	277	110	4	8	113	1004	14988	18	374	1215	46	21	0	2	0	4	512	-15720	-35	-25	0
6	2	4	0	4	32	down	3	512	1039.71071643187	7679.64970689405	1026.29312222657	3892.04914636915	218.101999303165	598.779123451012	240.722621930604	333.523999619224	512	512	-1199.36774962273	2870.52243299817	-593.163050441355	687.21087416455	114	77	30	55	236	270	124	3	3	112	1041	14954	26	363	1448	37	19	0	3	0	4	512	-15658	-35	-24	0
6	2	4	0	5	31	down	0	512	1019.58329557468	7480.8258965152	1034.45514982255	4065.77206429146	263.552849021913	943.56626108849	279.259447612455	382.287284033771	512	512	-1224.01249342678	2996.90416441253	-593.211125952709	687.322248845536	127	62	28	54	241	254	140	6	3	109	939	14545	24	364	1891	40	33	0	1	0	2	512	-15250	-34	-24	0
6	2	4	0	5	31	down	1	512	1006.0688837075	7365.75009674922	982.968342000287	3551.17733852868	302.319293543783	1301.69680093611	291.574055374963	427.274157943593	512	512	-1218.18361103801	2956.40649282236	-593.112607064046	687.094060684854	104	79	23	55	251	260	138	8	6	100	1053	14483	18	318	1972	24	27	0	0	0	0	512	-15101	-35	-23	0
6	2	4	0	5	31	down	2	512	1021.1906864453	7385.67694949941	1018.01183141789	3974.66637647804	284.202515804718	1046.18003153493	295.073300805561	388.908125486138	512	512	-1222.31213508627	2981.60693670757	-593.181357860176	687.25400069476	129	59	33	51	240	263	149	6	5	89	926	14588	15	343	1847	33	22	0	0	0	0	512	-15264	-35	-24	0
6	2	4	0	5	31	down	3	512	1044.68972675594	7745.03599308559	1026.890376318	3992.67177817556	300.664305201914	1378.0678138985	289.478442640685	460.367832277016	512	512	-1189.9572966346	2839.08108831279	-593.133929304265	687.144362237743	107	107	39	52	207	254	120	8	8	122	945	14589	17	321	1633	41	34	0	2	0	4	512	-15214	-35	-25	0
6	2	4	0	6	30	down	0	512	988.758610463437	7135.53444027559	969.817500962591	3827.55180245444	211.794238558475	573.055646289355	228.786038626859	244.92873198669	512	512	-1201.29599602048	2896.6543004826	-592.906978101915	686.617149975706	139	91	45	44	193	287	114	2	5	104	912	14114	23	311	2002	43	34	0	0	0	0	512	-14715	-35	-24	0
6	2	4	0	6	30	down	1	512	860.772062641256	6086.61063650743	833.118447611995	2997.2189398969	329.504954990345	1509.97642939447	310.983163882658	538.599456188078	512	512	-1201.38803254134	2900.84304202077	-593.011993377322	686.86164001038	144	90	27	42	209	261	127	7	13	104	976	14019	28	337	2097	32	30	0	0	0	0	512	-14668	-34	-21	0
6	2	4	0	6	30	down	2	512	797.029416855008	5270.16396537402	867.984117490353	2990.39196065489	269.483965314415	1049.0861077907	278.486633645309	475.365505328229	512	512	-1201.21639376257	2893.17723908329	-592.932596876088	686.676388996759	140	87	28	34	223	258	120	5	8	121	985	14005	18	352	2064	67	31	0	0	0	0	512	-14692	-34	-21	0
6	2	4	0	6	30	down	3	512	947.305248245319	6872.31886875892	969.416979106515	3901.23471195652	320.513085609101	1675.47809548044	282.557994697216	508.095481761516	512	512	-1186.04428905742	2836.28307639827	-592.770394816965	686.30196047259	137	110	42	43	180	265	104	10	10	123	1050	13920	23	367	1966	51	45	0	1	0	2	512	-14630	-34	-21	0
6	2	4	0	7	29	down	0	512	881.819363552179	6050.68310410146	921.725511922067	3286.54674586507	324.905398178155	1404.7513994228	335.203104778761	626.867357925689	512	512	-1260.14714295136	3167.38083290602	-592.93526715548	686.682940115028	143	38	18	45	268	246	163	10	3	90	965	13556	20	307	2810	51	54	0	0	0	0	512	-14146	-33	-21	0
6	2	4	0	7	29	down	1	512	825.947080969692	5517.9662629647	880.734642727055	3096.47634496679	345.282042630342	1624.77265734006	324.923062261767	496.856996286359	512	512	-1236.23223827148	3058.19320301919	-593.035392934327	686.912472137959	135	78	26	37	236	253	148	10	8	93	917	13623	15	293	2644	36	31	0	1	0	2	512	-14196	-32	-22	0
6	2	4	0	7	29	down	2	512	889.159053651247	6001.51007673831	905.530843815472	3158.77710141035	378.820253233146	1839.96691430149	356.240040159608	775.385317152791	512	512	-1245.04709585658	3105.17002165281	-592.689689622907	686.113243692699	132	61	29	40	250	262	160	11	10	69	965	13544	16	323	2711	33	33	0	2	0	4	512	-14174	-32	-22	0
6	2	4	0	7	29	down	3	512	909.283665448745	6512.71661458484	898.662057947322	3170.96187097778	321.640209905969	1559.04932177336	323.941823251083	700.260067581265	512	512	-1213.86543838059	2952.9727427722	-592.757051318766	686.269449782179	144	56	19	49	244	267	129	10	7	99	1097	13451	30	270	2697	42	59	0	0	0	0	512	-13961	-32	-22	0
6	2	4	0	8	28	down	0	512	789.962749086559	5104.84746594136	801.353933365082	2717.2407250616	355.02720091596	1674.75419353392	349.15698623136	619.272628050746	512	512	-1267.82784072251	3208.89061608622	-592.744570467379	686.240062509315	153	42	19	36	262	259	167	12	4	70	991	13032	22	291	3274	29	62	0	0	0	0	512	-13591	-31	-21	0
6	2	4	0	8	28	down	1	512	700.99748750063	4494.80215599572	731.901473039211	2361.18176534589	367.64272240534	1766.93063802598	355.68737680367	656.609589654217	512	512	-1254.4840730667	3151.50043593384	-592.74257888936	686.235160001717	174	59	16	32	231	241	165	12	6	88	871	13166	13	286	3083	62	42	0	0	0	0	512	-13729	-31	-19	0
6	2	4	0	8	28	down	2	512	840.366001334061	5963.63770919885	816.374423548904	2728.60537927828	364.276721071279	2018.28626448325	324.345353379575	535.910226626498	512	512	-1259.82601621082	3179.92658950938	-592.736446042647	686.221327658183	153	57	12	47	243	264	134	15	5	94	868	13115	21	332	3042	44	50	0	0	0	0	512	-13759	-31	-21	0
6	2	4	0	8	28	down	3	512	718.684405196877	4808.13940360381	717.852787236729	2255.48187259678	363.897267559399	1841.22534148056	342.854834056297	591.575908757282	512	512	-1282.93854103056	3277.54404867665	-593.062239077963	686.976810461778	182	51	11	37	231	258	161	14	3	76	875	13172	18	271	3257	28	67	0	0	0	0	512	-13698	-32	-22	0
6	2	4	0	9	27	down	0	512	703.135551475947	4615.10928193036	722.250652861713	2370.74423514613	322.443905341281	1284.39280894048	340.50124386357	587.173783712439	512	512	-1249.80137910202	3150.85899007655	-592.682656467451	686.09858696955	175	76	19	32	210	236	168	8	5	95	867	12640	14	303	3288	61	70	0	0	0	0	512	-13235	-30	-19	0
6	2	4	0	9	27	down	1	512	756.397930688439	4812.13034161468	807.025582703795	2664.60132131708	326.38817725128	1328.36542474016	320.914277479165	491.67931163014	512	512	-1289.81521804149	3318.75105166771	-592.836368662579	686.453646934919	151	57	20	33	251	240	165	8	6	93	823	12690	14	297	3576	42	72	0	0	0	0	512	-13270	-30	-21	0
6	2	4	0	9	27	down	2	512	840.16437521031	5595.62562654668	822.787751006514	2973.60100580555	324.908207237847	1424.34428009886	339.24561484281	610.799819103712	512	512	-1243.19659319427	3122.44141082669	-592.880199817121	686.555403384205	165	58	35	34	220	237	151	9	6	109	966	12537	16	305	3318	61	64	0	1	0	2	512	-13127	-30	-20	0
6	2	4	0	9	27	down	3	512	711.175314888758	4603.63813398371	696.725798726302	2123.92430589206	440.88130288221	2555.80884865859	425.497411942869	1041.18748869518	512	512	-1237.84088827114	3109.89463228196	-592.736412429764	686.222775377873	160	73	16	33	230	247	155	18	9	83	868	12642	17	297	3204	51	50	0	1	0	2	512	-13218	-30	-20	0
6	2	4	0	10	26	down	0	512	695.804288555957	4648.7145001295	691.679446537474	2363.88889150938	403.425428164722	2200.36550969713	389.629401101466	802.216091908995	512	512	-1134.59216956368	2690.69152558132	-592.819573979147	686.415008285277	187	115	35	26	149	235	128	12	16	121	1007	11995	27	283	2835	99	46	0	2	0	4	512	-12537	-30	-16	0
6	2	4	0	10	26	down	1	512	615.380046632525	3966.99734748384	598.639067416814	1808.73700800173	594.49933687096	3846.30729584859	557.834937442399	1739.47882419938	512	512	-1134.9105785953	2702.57492391184	-592.881587950217	686.558204169899	176	118	20	26	172	199	161	25	20	107	1002	12035	24	251	2836	95	48	0	6	0	12	512	-12516	-28	-17	0
6	2	4	0	10	26	down	2	512	785.52283904626	5609.68369880027	765.988263466162	2690.29555582134	457.541909343464	2671.61749908425	446.423997843269	1096.50603823896	512	512	-1198.09775306839	2959.71780125077	-592.514410783715	685.708831040433	172	92	22	40	186	223	161	19	9	100	951	12047	22	292	3240	84	64	0	0	0	0	512	-12612	-30	-19	0
6	2	4	0	10	26	down	3	512	838.254545154059	5846.50699943728	807.427908150924	2735.12916133632	395.629270227521	2053.66597128789	368.413818702159	665.39109631478	512	512	-1338.95649732303	3568.0129919256	-592.576348280582	685.8519970236	173	54	24	41	220	252	170	15	5	70	824	12178	30	280	4338	32	72	0	0	0	0	512	-12710	-30	-19	0
6	2	4	0	11	25	down	0	512	774.989356881874	5088.09982347536	765.673482165252	2526.75528632599	499.695344875325	2837.09426357212	489.976064692968	1212.50459396972	512	512	-1338.77459618782	3590.77135133279	-592.507732851917	685.693995630525	162	50	19	36	245	225	202	21	7	57	874	11597	22	307	4660	37	71	0	0	0	0	512	-12196	-28	-15	0
6	2	4	0	11	25	down	1	512	818.435181601881	5745.66534827009	793.335729268543	2830.54005692069	379.101702742843	1819.69671597914	396.06589922832	840.203094859529	512	512	-1234.75580023603	3113.38599993254	-592.857408220109	686.501582588464	166	83	27	39	197	233	155	10	12	102	853	11664	12	271	3733	61	60	0	2	0	4	512	-12194	-28	-18	0
6	2	4	0	11	25	down	2	512	626.053512150953	3978.81771241478	649.719898511874	2003.63351918191	519.348117278146	3132.91214590085	496.953043475788	1301.24657557609	512	512	-1257.58676527938	3232.71801737238	-592.810330122221	686.392129803896	183	86	15	28	200	206	184	23	9	90	892	11601	18	289	4030	73	73	0	3	0	6	512	-12159	-27	-18	0
6	2	4	0	11	25	down	3	512	717.838730409705	4985.75695932604	695.633855777063	2473.05519828209	680.958317208463	4571.7025307533	666.173447680179	2173.378799752	512	512	-1034.31035420932	2300.72777770305	-592.609464254783	685.931288195867	183	112	28	32	157	171	150	27	31	133	995	11504	26	275	2391	148	44	0	2	0	4	512	-12029	-28	-16	0
6	2	4	0	12	24	down	0	512	379.996457802871	2368.8677988009	387.398268048223	1079.88707317916	270.002075922257	1361.70101099677	300.579054563666	589.511755643047	512	512	-788.65359909177	1279.23734222186	-592.417590491255	685.485713266558	213	206	21	12	60	211	55	5	16	225	931	11064	29	264	576	230	10	0	15	0	24	512	-11565	-27	-16	0
6	2	4	0	12	24	down	1	512	376.855881328184	2267.13833695114	387.835125568851	1081.02017577293	324.895644740996	1855.84956154668	313.37318378277	711.826833689994	512	512	-779.300597544547	1261.6802977997	-592.293895175627	685.198721780438	206	206	21	11	68	227	64	9	17	195	1080	10911	18	279	505	236	12	0	11	0	22	512	-11455	-27	-15	0
6	2	4	0	12	24	down	2	512	369.00369874066	1690.54186923222	420.272203490964	933.662435825283	285.566301199731	1203.91296715158	311.229980175841	540.946075479691	512	512	-1125.49814173108	2729.05875185012	-592.745297396514	686.242404102308	222	117	14	8	151	243	118	6	9	136	843	11197	21	227	3276	111	50	0	6	0	10	512	-11633	-27	-16	0
6	2	4	0	12	24	down	3	512	507.210053302829	2805.15823555684	526.236053314086	1282.60335209229	360.380046632525	1661.11597459323	345.792115927692	654.378770754122	512	512	-1362.05677591024	3705.8302044808	-592.842541221364	686.46859749034	197	71	6	21	217	248	169	11	6	78	764	11240	24	260	5121	30	84	0	0	0	0	512	-11736	-28	-16	0
6	2	4	0	13	23	down	0	512	842.824685111242	5497.53424204265	857.895932160142	2732.50275604995	356.833408850642	1598.41968339896	366.87133510427	650.722713582095	512	512	-1388.84323603022	3833.89659713005	-592.107833747153	684.769576883364	140	34	20	39	279	262	185	12	2	51	804	10683	10	279	5668	37	94	0	0	0	0	512	-11225	-27	-16	0
6	2	4	0	13	23	down	1	512	938.702585813114	6666.70125639871	901.794771274279	3435.90047383012	338.066964328772	1361.56575134665	368.502252321542	631.862444367373	512	512	-1399.84493766686	3893.65418653833	-592.61700261622	685.944426536578	166	43	32	45	226	252	183	9	4	64	742	10718	12	304	5628	45	90	0	0	0	0	512	-11318	-27	-17	0
6	2	4	0	13	23	down	2	512	756.488990313156	5342.34097624591	770.93659676484	2825.63184321046	409.542799024431	2401.49387845143	423.997667545286	1086.29957968511	512	512	-922.367742984481	1910.14682028552	-592.68299840977	686.100913884117	142	165	36	32	137	186	93	12	21	200	965	10555	24	232	2032	186	44	0	7	0	14	512	-10993	-25	-13	0
6	2	4	0	13	23	down	3	512	891.38817725128	6613.66919018386	904.311170242328	3778.34970772595	441.627647409118	2733.83730898057	442.563463563464	1243.73905830418	512	512	-803.489627910918	1402.21092987459	-592.412952381357	685.473959954319	128	187	52	37	108	201	65	11	31	204	1021	10456	27	272	1031	220	28	0	11	0	22	512	-10966	-27	-15	0
6	2	4	0	14	22	down	0	512	668.984035322811	4006.64392043888	669.159982877409	1868.27945737827	393.114561800017	1952.06097964067	399.560224863131	753.861636959805	512	512	-1433.01054501666	4065.66771753914	-592.683361965929	686.098700795261	169	29	7	31	276	248	194	16	0	54	759	10213	19	273	6301	27	91	0	0	0	0	512	-10744	-25	-15	0
6	2	4	0	14	22	down	1	512	562.88500162287	3771.81303040026	582.059057915563	1951.98565677746	501.574431818487	3369.30820205629	523.804901909701	1764.79332263927	512	512	-741.286188630773	1184.3917397689	-592.617715547415	685.948867070743	157	230	39	17	69	199	74	18	28	193	902	10117	23	222	844	238	19	0	8	0	16	512	-10539	-25	-14	0
6	2	4	0	14	22	down	2	512	513.513678729746	3206.08969483356	547.00604386205	1654.82881537884	518.940729712871	3602.73398341932	503.978678378487	1558.84424870468	512	512	-846.598286235518	1586.49305690298	-592.200799502649	684.982724512193	155	225	36	13	83	169	72	21	26	224	903	10114	20	227	1630	240	37	0	9	0	16	512	-10548	-25	-14	0
6	2	4	0	14	22	down	3	512	641.095491502812	3896.87496341764	635.793567211933	1653.37178519771	405.599853372513	1770.92716425909	409.351964959788	709.607641531921	512	512	-1446.81949195696	4152.59223884064	-592.784173428978	686.332104568077	185	31	5	31	260	236	217	12	5	42	691	10313	12	248	6275	29	112	0	0	0	0	512	-10802	-26	-16	0
6	2	4	0	15	21	down	0	512	720.493422191252	4751.39777414491	691.085586764194	2076.92865431082	405.276424510956	2123.21605293951	391.469166615306	776.764766362174	512	512	-1421.30315374493	4022.92301737904	-592.556186717485	685.804670226721	176	51	12	36	237	251	177	16	4	64	680	9828	23	221	6489	48	92	0	0	0	0	512	-10247	-24	-15	0
6	2	4	0	15	21	down	1	512	658.432372542188	3994.82634961905	672.524268832389	1919.94459857563	402.462085957518	1982.40754410881	399.843467123495	738.262421022541	512	512	-1372.97781327612	3805.67654353626	-592.594848093152	685.896379903607	175	35	7	31	264	240	193	15	3	61	996	9478	18	260	6329	45	93	0	0	0	0	506	-9978	-24	-7	0
6	2	4	0	15	21	down	2	512	622.772952322223	4386.85176095899	638.761219939284	2340.24029650113	471.14457177567	2922.23511144446	474.182104444192	1286.62373223051	512	512	-952.679727251765	2146.58719655006	-592.043656235541	684.620013296099	179	160	23	29	121	194	113	17	20	168	1062	9422	22	246	2908	184	68	0	8	0	14	512	-9895	-24	-11	0
6	2	4	0	15	21	down	3	512	503.985518124423	3272.75495814667	514.70879060243	1589.09777228573	504.637993966921	3117.87956994417	546.239806735949	1695.74969048179	512	512	-884.790816562746	1853.26774001159	-592.675150751731	686.078532842252	182	185	23	19	103	182	105	15	29	181	922	9580	19	231	2112	204	45	0	8	0	16	512	-10025	-24	-13	0
6	2	4	0	16	20	down	0	512	562.278640450004	3004.93292239526	623.279959815142	1631.81338811695	368.167777390647	1590.86059639619	387.679504274843	696.572297760873	512	512	-1429.60512675064	4092.42154367358	-592.540207253236	685.767542983508	188	34	7	22	261	234	193	11	4	70	622	9399	10	209	6753	34	109	0	0	0	0	512	-9808	-23	-14	0
6	2	4	0	16	20	down	1	512	721.196304564688	4793.06947524998	707.177827668307	2357.20995221591	359.775168261271	1640.60521819914	368.973107894437	639.799004469659	512	512	-1414.36347931763	4021.24592374086	-592.657091936693	686.041142292425	195	49	18	34	216	252	180	12	3	65	667	9329	15	229	6721	68	98	0	0	0	0	512	-9774	-24	-14	0
6	2	4	0	16	20	down	2	512	748.103325561246	5018.47659457392	688.616922177377	2114.32120087002	384.146491154395	1863.88176935648	386.483405460509	676.08685896706	512	512	-1476.6287138517	4330.29000118686	-592.755773288887	686.268486336229	188	35	13	38	238	246	184	14	3	65	612	9433	7	188	7138	39	120	0	0	0	0	512	-9804	-23	-15	0
6	2	4	0	16	20	down	3	512	558.257354213752	3000.87205603056	596.369639054536	1523.18218411334	424.570733077827	2144.86943183339	437.344169910084	926.653752717349	512	512	-1471.52749868058	4294.57780619344	-592.806332052329	686.385716110162	200	26	7	22	257	241	199	16	4	52	658	9338	16	228	7132	32	104	0	0	0	0	512	-9780	-23	-14	0
6	2	4	0	17	19	down	0	512	598.912639115943	3654.64719597284	580.03430875079	1585.92870776408	605.419216924691	3681.19120797939	571.258235514181	1452.60407953553	512	512	-1528.63553426828	4626.57534186238	-592.896932641234	686.593270466281	207	47	10	27	221	203	232	28	8	41	600	8871	8	249	7777	20	134	0	0	0	0	512	-9362	-23	-13	0
6	2	4	0	17	19	down	1	512	625.324021982201	4096.88755581165	591.333567058462	1810.64277162473	670.297414186886	4284.18231590421	632.248099796569	1909.72779454577	512	512	-1234.11626446387	3398.45016565944	-592.553457528703	685.799117817852	207	82	18	28	177	178	208	29	19	78	860	8605	22	241	5615	109	120	0	2	0	4	511	-9067	-24	-7	0
6	2	4	0	17	19	down	2	512	531.201922684074	2815.38605963962	547.558385259255	1528.64488988898	809.840946348753	5637.18502505835	759.690179928017	2586.41510972146	512	512	281.875708485042	401.676606772628	-593.544393423859	688.094301374035	209	57	18	16	212	164	214	40	22	72	7890	1558	244	36	371	316	7	22	0	0	36	68	-1378	-21	3	0
6	2	4	0	17	19	down	3	512	436.729786729074	2041.17331055306	450.454743941841	963.470459200875	752.323428861557	4847.18781916947	730.440727465723	2304.32963017251	512	512	405.264675918113	376.845095785999	-593.357729135134	687.660192623445	229	42	6	14	221	177	255	35	16	29	8853	618	250	7	306	368	14	22	0	0	42	0	-374	-5	3	0
6	2	4	0	18	18	down	0	512	295.655878022836	1098.11899525628	316.165248416101	427.235942245416	447.987140942826	2229.33140451494	426.529282740113	765.800251659564	512	512	377.370001318914	323.285715920941	-593.906487417758	688.93233961051	269	64	1	8	170	221	221	17	3	50	8419	548	239	10	318	315	15	33	0	0	66	0	-325	-7	3	0
6	2	4	0	18	18	down	1	512	424.849373527831	2301.54127453341	390.581995414654	785.302592920683	511.806801055327	3026.23107129775	472.213223926001	1055.45481282722	512	512	367.450177969933	316.986552730778	-593.623841485293	688.277658027862	241	67	3	18	183	217	203	24	4	64	8428	546	223	19	359	336	8	43	0	0	76	0	-353	-5	3	0
6	2	4	0	18	18	down	2	512	404.496527811267	1807.47439516162	391.597277743904	632.737992103621	283.040356533457	888.49576635484	331.675318583613	447.557782666504	512	512	382.79406160345	340.440369461759	-593.77095050676	688.618806204843	220	55	1	14	222	279	180	6	1	46	8479	498	227	12	364	354	9	34	0	0	64	0	-287	-5	3	0
6	2	4	0	18	18	down	3	512	421.305544805642	2199.71447181051	384.342160170193	717.295763517443	455.273615451264	2512.8936820947	437.162959714332	1032.06730566509	512	512	376.737619337456	331.14225072594	-593.276988711796	687.475629838388	242	59	3	17	191	244	191	19	5	53	8322	607	268	19	353	376	12	17	0	0	32	0	-373	-8	4	0
6	2	4	0	19	17	down	0	512	747.625868047183	5116.24253093212	698.122493392991	2295.48393975231	578.636807725632	3317.20348886449	573.602196386132	1490.35165475631	512	512	371.820226500834	327.877189294967	-593.543529861132	688.092038927403	199	35	13	39	226	190	244	25	7	46	7972	517	204	11	349	449	6	18	0	0	36	0	-315	-4	3	0
6	2	4	0	19	17	down	1	512	590.644641784065	3292.5590020458	616.428687572508	1616.1288577483	566.122099298128	3304.13951687977	535.078011609295	1264.65794249069	512	512	371.975728767681	318.642872394363	-593.308594450648	687.546315640066	193	34	11	23	251	218	231	25	7	31	7950	537	210	7	343	429	20	24	0	0	40	0	-333	-7	3	0
6	2	4	0	19	17	down	2	512	653.38196601125	4049.26706438334	658.533333889661	1981.53261245172	627.504065309378	3941.52854054445	585.188797282264	1599.08756873083	512	512	351.341106707511	295.801023214904	-593.146496312043	687.172370349715	196	35	11	30	240	206	226	30	9	41	7926	525	237	16	379	422	18	24	0	0	40	0	-308	-4	4	0
6	2	4	0	19	17	down	3	512	551.726977669381	3110.5621359848	570.170633365136	1376.93599187731	621.724168609688	3994.2214712478	581.673854846533	1564.88416613036	512	512	338.372262865007	281.705306625611	-593.179085566083	687.248854044969	202	40	5	24	241	223	216	31	8	34	7847	623	224	10	381	353	7	28	0	0	50	0	-419	-8	3	0
6	2	4	0	20	16	down	0	512	423.037547473764	2024.70831720846	457.009750234016	884.455560029062	482.305248245319	2229.38594636366	512.654828193654	1151.53904398202	512	512	341.671086321523	275.859841671378	-593.355899654281	687.657347763758	228	47	1	16	220	205	253	15	7	32	7534	440	208	10	397	398	9	31	0	0	56	0	-240	-5	3	0
6	2	4	0	20	16	down	1	512	519.716334551255	2682.72627127277	533.080633680689	1246.77590534589	514.363488834691	2775.45262750252	525.860983640579	1231.88476397566	512	512	329.536301679769	263.81678262149	-593.326145643198	687.588905896537	204	31	5	20	252	227	235	21	5	24	7451	525	199	17	407	403	9	30	0	0	53	0	-340	-5	4	0
6	2	4	0	20	16	down	2	512	389.971176265637	1478.39828388674	432.088416987545	773.669101001406	578.610199930317	3260.04536658362	590.086610666699	1747.28217001459	512	512	337.7933497763	277.423799730532	-593.685744903244	688.419944690564	226	35	3	10	238	205	234	22	13	38	7507	468	201	16	379	366	10	31	0	0	51	0	-279	-6	4	0
6	2	4	0	20	16	down	3	512	472.684701757199	2354.80551648665	494.160875062146	1127.23342723249	658.45617127781	4290.02074817543	580.572947721672	1597.00957412276	512	512	341.680552168337	286.197063372762	-593.52484248784	688.049546246679	207	47	3	18	237	213	230	34	7	28	7441	511	230	10	410	437	10	20	0	0	36	0	-297	-5	3	0
6	2	4	0	21	15	down	0	512	432.735108288137	2193.72344884267	458.908481018233	1072.86736056577	522.456467838133	2883.03941021451	554.595813371206	1453.76026257967	512	512	310.679748610703	236.944700917194	-593.405093598382	687.770049337793	246	44	5	16	201	222	217	20	10	43	6973	532	159	16	420	446	16	27	0	0	48	0	-397	-5	2	0
6	2	4	0	21	15	down	1	512	457.334665100327	2318.40136118777	477.576818661817	1058.12973744971	558.610199930317	3179.49824895706	589.710827333447	1777.42227921532	512	512	304.475942408621	238.800213116623	-593.294549303688	687.514038890459	217	57	5	17	216	225	216	21	14	36	6932	572	165	11	380	442	13	32	0	0	60	0	-429	-7	2	0
6	2	4	0	21	15	down	2	512	366.806801055327	1570.16732586496	387.984773260473	639.148548551232	553.610199930317	3014.68062149924	584.88200195118	1411.73638252158	512	512	321.426226662502	263.329264853062	-593.479204333802	687.94036733687	253	42	1	12	204	197	255	23	5	32	7041	437	192	10	384	378	9	29	0	0	50	0	-257	-5	3	0
6	2	4	0	21	15	down	3	512	416.605174931576	1841.57763576589	450.075722614347	903.037400112925	499.894161939384	2523.93309230921	534.586020474509	1293.58325719058	512	512	316.802484889225	246.492842781597	-593.536583061371	688.074594951483	225	45	4	13	225	210	234	17	9	42	7034	432	202	12	402	402	6	26	0	0	48	0	-254	-5	4	0
6	2	4	0	22	14	down	0	512	433.162159271262	2057.58669775502	462.446273769391	1088.24130189922	629.814338553438	3964.76858887436	604.357550283925	1769.1433324621	512	512	314.758771518394	245.430709268868	-593.663040545591	688.366083056914	240	44	9	13	206	219	218	29	12	34	6582	372	205	9	386	469	12	35	0	0	66	0	-165	-4	4	0
6	2	4	0	22	14	down	1	512	468.111752740324	2331.84503997712	466.847544876512	988.130920566458	652.578270575938	4165.74730263811	607.041742873769	1691.81917289817	512	512	310.980756291161	244.515251775069	-593.71344572756	688.485951518193	225	48	10	15	214	203	231	32	9	37	6543	412	204	9	397	439	7	27	0	0	52	0	-210	-5	3	0
6	2	4	0	22	14	down	2	512	507.936734411888	2963.48331555579	466.345312793816	1109.77292707773	566.098300562505	3185.11529493745	586.272610995121	1443.0368062274	512	512	287.730193232547	213.891839980701	-593.303503495097	687.538105515899	222	59	5	23	203	192	253	25	4	38	6466	487	204	11	462	455	11	24	0	0	42	0	-297	-7	3	0
6	2	4	0	22	14	down	3	512	531.427347543447	3011.17624625913	515.798275151976	1357.14016039637	458.414191925951	2221.5533005476	498.564721683791	1081.07976373585	512	512	288.853356857224	217.772404431551	-593.364740959594	687.678177721424	223	52	13	20	204	211	229	16	5	51	6503	492	163	10	437	490	13	22	0	0	41	0	-345	-6	3	0
6	2	4	0	23	13	down	0	512	462.156837712199	2520.73555981383	439.20686161996	965.59189960458	841.668143959365	5790.09948364747	795.851648344768	2610.10819635076	512	512	271.873830672451	199.662387941461	-593.372918727955	687.699171427139	243	46	5	19	199	166	258	44	15	29	6042	417	183	14	447	457	12	27	0	0	52	0	-242	-5	4	0
6	2	4	0	23	13	down	1	512	470.849076967509	2668.37072977248	455.749281782683	1036.10548337254	814.105838060616	5562.16334235623	781.231642920914	2430.054214162	512	512	296.990313868459	227.002844366842	-593.633315031517	688.299032278342	256	40	6	20	190	166	265	44	10	27	6057	389	203	7	378	471	10	29	0	0	56	0	-196	-6	3	0
6	2	4	0	23	13	down	2	512	465.448633779699	2367.2432105879	447.251687837742	959.197422764767	687.376644452187	4243.43422033435	700.920080659149	2057.35219447649	512	512	277.298484640214	203.360245034189	-593.486938588463	687.961792958221	223	48	6	17	218	171	262	32	10	37	6044	397	200	15	437	461	17	26	0	0	46	0	-215	-6	2	0
6	2	4	0	23	13	down	3	512	456.530969665016	2376.15820723785	445.666778665001	965.975908005836	784.058240589371	5117.57997677315	802.340236014654	2702.15455245869	512	512	284.561535187356	213.463192920415	-593.216621076274	687.333921182743	220	59	4	18	211	158	259	37	17	41	5962	477	209	8	436	503	22	20	0	0	38	0	-280	-6	3	0
6	2	4	0	24	12	down	0	512	330.830896351272	1157.1037786651	344.132029667007	499.13649357936	500.371619453446	2661.06072476975	478.681998197884	1116.76121363483	512	512	256.538428345697	180.091132538166	-593.417382406257	687.801680965785	240	63	4	7	198	215	230	20	5	42	5535	419	175	15	443	488	13	22	0	0	42	0	-266	-5	3	0
6	2	4	0	24	12	down	1	512	416.257947334397	2350.46536149148	366.261438581347	656.012678230481	449.11988335908	2289.89992165372	461.730647694979	1007.59991656486	512	512	238.46749534965	170.895654489553	-593.199409059294	687.294195648845	246	76	2	19	169	221	203	16	7	65	5487	485	163	9	476	473	16	24	0	0	44	1	-336	-8	4	0
6	2	4	0	24	12	down	2	512	361.610793050961	1623.02780898518	346.621856252842	547.778941621928	545.270806391571	3066.03638955147	530.145725879687	1346.56989038141	512	512	224.932563538215	176.213955177422	-593.342306903083	687.623527770523	243	75	5	11	178	217	212	20	14	49	5242	707	176	19	401	486	19	19	0	0	36	21	-565	-11	3	0
6	2	4	0	24	12	down	3	512	290.961126268156	993.696744298128	320.114271530888	447.214352699991	400.273615451264	1765.00621124003	449.951361171747	919.322394217337	512	512	258.880040831247	185.949405911778	-593.114552930477	687.09821047506	242	87	1	7	175	240	211	12	5	44	5494	466	167	17	389	499	10	25	0	0	46	1	-325	-7	4	0
6	2	4	0	25	11	down	0	512	600.469623455629	3615.83863050416	573.789777039782	1513.5405734286	579.740133286878	3298.6501599979	569.75744528584	1422.3762568263	512	512	228.372987332971	159.355524433603	-593.517941749905	688.034467655816	194	40	4	29	245	194	257	26	4	31	5084	393	145	10	495	537	13	24	0	0	46	0	-268	-5	4	0
6	2	4	0	25	11	down	1	512	536.400739748132	3132.08796737512	520.76539228682	1170.01711744944	675.267997331878	4426.23064651289	645.018963232466	2010.05399691627	512	512	231.261896243424	159.447120553695	-593.197179877097	687.288949129151	214	40	1	26	231	194	225	34	10	49	5039	435	155	3	495	486	6	13	0	0	24	0	-282	-5	3	0
6	2	4	0	25	11	down	2	512	578.586401194694	3434.63810566472	570.503945529677	1432.60526908866	590.294605127193	3253.34331725317	619.700288455858	1666.29459746209	512	512	225.943774408355	156.7656459607	-593.461310398811	687.900418572305	199	45	5	27	236	187	243	21	15	46	4959	460	194	19	473	463	13	22	0	0	39	0	-292	-5	4	0
6	2	4	0	25	11	down	3	512	529.917960675006	2928.58037323902	547.127499824774	1212.29611709161	595.21759080094	3670.23067483188	563.890165157542	1504.28641935498	512	512	218.084597451756	150.470460295567	-593.504881300763	688.003246991081	204	36	1	24	247	219	221	28	8	36	4957	492	172	11	470	521	14	22	0	0	45	4	-338	-7	3	0
6	2	4	0	26	10	down	0	512	374.122692418773	1754.31042978759	389.660312653929	754.062043778715	725.190983005625	4855.04816069474	677.416244336273	2147.08330936113	512	512	183.296906503304	123.248216602871	-593.811734926921	688.71359930552	240	72	3	13	184	186	231	37	12	46	4556	452	106	6	487	439	12	22	0	0	42	3	-354	-6	2	0
6	2	4	0	26	10	down	1	512	460.374428513139	2557.91801731299	442.49904680118	970.517231301655	587.732299228444	3406.2126074916	599.645386484165	1569.6035942845	512	512	195.977066370678	133.558325632806	-593.042191184951	686.933461172887	242	56	6	19	189	191	239	25	9	48	4541	438	135	6	544	509	18	32	0	0	52	1	-312	-6	3	0
6	2	4	0	26	10	down	2	512	353.417000985644	1339.24651444085	391.878191023245	685.068238827171	688.358167275628	4518.49505838007	652.738116072056	1878.9938639857	512	512	195.162392397184	139.813429387142	-593.205444618105	687.306380295062	238	54	3	9	208	182	239	36	7	48	4438	520	144	18	530	511	10	14	0	0	24	2	-408	-6	3	0
6	2	4	0	26	10	down	3	512	415.525648105953	2134.96061810448	417.091277048021	847.915976421547	664.437694101251	4199.01784078835	654.761636087333	1891.17137044265	512	512	195.567074351822	133.224634132522	-593.30017227845	687.527627315774	251	52	4	16	189	196	233	31	12	40	4532	448	128	12	501	536	8	18	0	0	32	1	-344	-6	3	0
6	2	4	0	27	9	down	0	512	351.984628443456	1239.47448011859	397.805040481769	667.798298108581	701.822172611871	4437.02376883847	690.129869499222	2208.43963740348	512	512	190.297391644483	123.297770651488	-593.192386836047	687.278976375403	231	52	3	8	218	186	252	33	12	29	4129	328	144	7	533	564	12	28	0	0	50	0	-199	-4	2	0
6	2	4	0	27	9	down	1	512	361.581376195953	1564.27070806418	375.755915564011	569.204647275796	569.817147613131	2954.20958682856	633.718635294046	1670.41681792182	512	512	172.080562378002	110.48629737453	-593.317774031749	687.568820196644	255	46	1	12	198	170	273	21	8	40	4052	435	111	10	506	487	17	31	0	0	58	3	-344	-5	3	0
6	2	4	0	27	9	down	2	512	455.9764978247	2493.47114794665	442.52636016665	1005.46998578992	616.901995997817	3771.52252753736	603.992278397079	1560.51852008478	512	512	178.847661367307	119.645619104884	-593.223360166937	687.350917308019	239	48	2	20	203	189	244	30	5	44	4078	394	130	6	533	539	13	27	0	0	50	6	-272	-8	3	0
6	2	4	0	27	9	down	3	512	369.019070297204	1710.05795897763	372.420404988801	627.578499255668	610.241389536563	3510.82030829296	639.80247099985	1842.14656670928	512	512	170.803677536162	109.832768245527	-593.553181118837	688.116093704861	259	51	2	13	187	197	250	25	11	29	4104	375	121	8	490	482	10	34	0	0	58	0	-266	-4	2	0
6	2	4	0	28	8	down	0	512	474.292092627823	2632.36166778335	442.480487628634	967.576033858878	706.747967345311	4500.79890878075	687.604546567843	2009.18605062869	512	512	155.63310317347	101.168222607674	-593.194256594656	687.282975074462	241	45	5	20	201	177	253	34	11	37	3621	361	103	11	544	556	9	18	0	0	33	0	-280	-4	3	0
6	2	4	0	28	8	down	1	512	499.896970999077	3092.4012479118	446.154099105794	1080.33876768722	563.633998665939	3027.16992174314	619.693693099457	1725.52540721901	512	512	171.275416928128	110.823046876401	-593.733559795636	688.53112038981	245	62	6	24	175	203	252	21	10	26	3649	341	100	6	495	529	13	32	0	0	60	2	-245	-5	2	0
6	2	4	0	28	8	down	2	512	461.554768400638	2716.35260579422	409.245447741964	858.433881126917	704.938950350936	4419.72900874591	689.965186502266	1936.09522232462	512	512	168.342707798142	105.699533517031	-593.690767816774	688.434229495345	258	53	5	21	175	167	266	34	9	36	3618	377	92	9	462	555	15	37	0	0	64	7	-303	-6	2	0
6	2	4	0	28	8	down	3	512	437.210053302829	2139.17043148497	423.637100661835	809.140831177976	648.055728090001	4002.61662119553	642.994465493023	1735.90980053442	512	512	148.385282070989	99.3919024253751	-593.873649726978	688.857656945157	221	61	6	15	209	184	256	32	5	35	3560	429	101	6	536	504	11	25	0	0	48	5	-340	-6	3	0
6	2	4	0	29	7	down	0	512	413.515004987826	2015.48340051276	407.74750117852	794.827221054531	798.933628791873	5506.23651792503	798.45674763071	2585.00545035237	512	512	117.095967772657	82.0977649239888	-593.630486154447	688.295564896387	249	48	6	14	195	166	240	42	14	50	3097	390	85	12	571	551	11	30	0	0	58	14	-329	-6	2	0
6	2	4	0	29	7	down	1	512	422.764525143145	2338.65072637772	412.743752189707	854.09945777759	802.931116292503	5666.8962213349	799.280548927242	2717.81189380726	512	512	105.188743008125	82.2204379235815	-593.539564603994	688.082171582198	246	71	4	18	173	160	228	44	13	67	2968	514	94	8	605	581	13	19	0	0	36	33	-432	-6	3	0
6	2	4	0	29	7	down	2	512	327.138657095962	1309.72692260956	346.759028930323	553.972808817871	851.922985673747	5958.47659457392	853.480797996577	3062.81185296012	512	512	107.712053802482	76.9090947931003	-593.613968154185	688.255513994316	251	71	3	9	178	156	238	44	19	55	3055	445	74	10	527	501	11	29	0	0	50	18	-391	-6	3	0
6	2	4	0	29	7	down	3	512	380.777680760641	1605.49263241583	404.106144988256	785.267085805675	824.962749086559	5731.45832900071	808.620565129787	2693.13958849281	512	512	135.152545306468	86.7742083753166	-593.209305138466	687.31795988528	238	51	4	11	208	161	246	44	14	47	3122	346	104	12	586	580	15	14	0	0	26	5	-266	-4	2	0
6	2	4	0	30	6	down	0	512	346.785811379397	1686.17667104399	332.086599869016	669.251317647243	939.432075981866	6627.71955029091	891.144921814275	3426.06308537432	512	512	92.4398369225183	75.8315476287818	-593.050039559593	686.949960322389	278	69	7	11	147	154	234	45	31	48	2545	432	84	11	599	618	17	18	0	0	32	15	-362	-5	2	0
6	2	4	0	30	6	down	1	512	298.372212574091	1100.31977496663	322.667116910376	493.799539124319	723.355358215935	4579.00860888527	730.899721560956	2265.76604241075	512	512	111.113707142726	78.3390007515825	-593.559652308726	688.129226083289	249	82	1	8	172	175	253	33	15	36	2643	362	62	5	546	629	18	31	0	0	49	9	-310	-4	1	0
6	2	4	0	30	6	down	2	512	321.509979989086	1421.17974834502	316.096328118333	473.550842592033	694.716334551255	4232.61984009151	694.314845907895	2054.02572570635	512	512	104.445595638584	77.8688109800154	-593.504179202115	688.000501815459	269	67	1	11	164	156	251	29	17	59	2622	361	78	11	550	553	16	33	0	0	65	11	-301	-5	2	0
6	2	4	0	30	6	down	3	512	223.9294934741	409.058695271388	271.708212593327	283.855553365253	822.299630125934	5358.16359722714	823.873052225495	2790.95485925763	512	512	76.6755883560743	86.5812028900249	-593.59482451929	688.210983609297	253	101	3	1	154	151	249	35	27	50	2357	630	72	13	540	572	20	21	1	0	40	64	-581	-7	2	0
6	2	4	0	31	5	down	0	512	355.4808596944	1478.32878031777	374.709757430903	683.952664852701	988.87760414155	7231.02029507157	961.98967790489	3721.74062389212	512	512	92.627048121949	72.9868673219382	-593.275757743184	687.473412960589	230	78	4	10	190	149	242	53	25	43	2096	370	79	15	609	610	17	26	0	0	46	22	-321	-4	3	0
6	2	4	0	31	5	down	1	512	395.02720091596	1994.02470336517	380.947098822147	833.686906031447	848.254545154059	5934.13615638884	845.635705269667	2785.04634840045	512	512	76.4995761723215	68.1731761028037	-593.556567195832	688.123607615986	243	76	6	14	173	153	245	45	16	53	2140	351	59	10	608	564	17	24	0	0	46	35	-308	-5	2	0
6	2	4	0	31	5	down	2	512	296.361569455965	1177.37747907334	305.577406553455	419.249777760053	1025.28617794812	7447.67997016245	1011.52606903947	3726.01899198568	512	512	71.128922103732	70.3029771280516	-593.682994916882	688.414297288155	267	79	3	8	155	118	255	54	27	58	1973	515	56	16	505	565	21	20	2	0	36	68	-484	-6	2	0
6	2	4	0	31	5	down	3	512	265.756691084712	731.061291149568	308.381028449962	365.810454224674	830.968070645622	5483.85658456847	859.010122930339	2832.16915250081	512	512	92.3116075064627	73.8325149151475	-593.691906163448	688.435656526252	267	61	0	5	179	138	265	39	20	50	2169	314	70	7	552	577	14	21	0	0	38	15	-254	-4	2	0
6	2	4	0	32	4	down	0	512	282.393498810343	1358.17997489694	279.85914166199	428.245278250557	1089.50628124843	8128.00205781735	1031.58123081067	3924.69909020857	512	512	52.2177754522648	59.1900046948199	-593.357258907854	687.661998291589	293	90	3	10	116	115	246	59	30	62	1579	411	43	15	632	614	17	24	0	0	41	46	-398	-4	2	0
6	2	4	0	32	4	down	1	512	224.759796704727	566.636246080304	257.87551565687	297.932810524909	1007.85129290656	7448.38526670787	994.193828234956	3746.70380724501	512	512	71.6944790662409	69.2745653959977	-594.066860963192	689.305676174849	259	109	2	3	139	133	224	53	30	72	1607	383	44	14	509	603	15	24	1	0	48	41	-367	-5	1	0
6	2	4	0	32	4	down	2	512	291.136144596591	1112.75746906788	287.904883481367	382.436273783285	944.509090308119	6729.88984018092	911.215593288452	3331.78435486271	512	512	59.594762630033	60.1937664033662	-593.359562314791	687.667563415968	265	83	4	7	153	138	242	48	26	58	1625	356	60	7	662	620	8	19	0	0	34	28	-306	-4	2	0
6	2	4	0	32	4	down	3	512	262.897564119721	688.149768266519	301.834845149315	442.356967171592	806.697560814373	5260.60436862942	859.650751904128	2916.63312051774	512	512	68.2465733007597	65.0591409090363	-593.758473154855	688.590861841419	243	95	4	3	167	142	261	37	20	52	1724	268	50	6	618	602	15	31	0	0	54	17	-230	-4	2	0
6	2	4	0	33	3	down	0	512	266.815228234405	948.216477724373	281.286964024894	401.081030731278	891.493125630929	6100.67401379334	922.093815228496	3208.68913326092	512	512	55.1912389128517	59.7935583137488	-593.484500414879	687.956027041226	274	84	3	6	145	135	271	45	19	42	1245	245	41	5	648	689	30	20	0	0	38	51	-214	-3	1	0
6	2	4	0	33	3	down	1	512	292.62173272941	1290.85794388003	272.16565385536	359.403820210167	953.325941360927	6641.86237102363	939.834714162321	3331.55307335179	512	512	35.8071655029629	55.3633335122633	-593.581387232655	688.179825938787	266	105	6	8	127	131	264	47	26	44	1219	273	39	5	674	636	15	20	2	0	36	77	-240	-4	2	0
6	2	4	0	33	3	down	2	512	276.488990313156	1018.57213250063	271.567996563143	359.625423280237	962.071396206868	6770.74394214717	975.32087368624	3635.56212979829	512	512	45.9514401634276	54.9771363193998	-593.548137491249	688.102435012043	274	89	7	5	137	138	236	45	34	59	1215	272	43	6	582	590	17	23	0	0	40	60	-241	-3	1	0
6	2	4	0	33	3	down	3	512	300.305841365964	1300.43823216208	298.278533000664	524.439871081786	854.2360679775	5452.43424865335	906.280998159517	3064.71718781783	512	512	24.8042764998723	60.9668158390574	-593.609692967376	688.245299641715	283	78	6	8	137	116	265	34	31	66	1173	318	30	15	646	640	19	16	2	0	32	92	-318	-4	2	0
6	2	4	0	34	2	down	0	512	291.488990313156	1112.84264233188	295.200651536503	461.331182506348	965.763635462178	6909.36691617769	954.144836593807	3448.73932079571	512	512	41.2013901733775	57.2030198721589	-593.561018378085	688.134149578718	258	90	4	7	153	127	265	52	20	48	797	198	24	5	640	709	13	30	3	0	56	45	-184	-3	1	0
6	2	4	0	34	2	down	1	512	297.595124934095	1138.51744905696	298.850367692042	415.41746714062	927.999703439678	6435.5766729202	915.492689119664	3240.98815513477	512	512	19.6211470147437	51.350634711124	-593.811696281696	688.712748408182	245	94	2	8	163	127	277	48	19	41	820	176	22	6	611	569	18	39	5	0	74	34	-158	-3	2	0
6	2	4	0	34	2	down	2	512	316.136144596591	1337.75746906788	288.827121432444	416.288475519342	998.551366220301	7418.8227342572	952.575470169402	3666.23307639848	512	512	27.277772769625	54.7001939121841	-593.470715453125	687.924255443144	265	88	9	7	143	157	226	54	27	48	786	201	27	10	663	659	19	25	4	0	54	49	-190	-3	2	0
6	2	4	0	34	2	down	3	512	238.831489471917	857.244201752582	254.247561156022	326.698348896859	1075.13776741499	8152.12991682982	1023.24467650252	3886.48256201096	512	512	19.5773467952104	52.6879827567629	-593.713089886965	688.484630947913	266	121	4	5	116	128	207	57	36	84	729	260	26	9	587	597	12	27	3	1	58	80	-252	-3	2	0
6	2	4	0	35	1	down	0	512	299.754178585341	1220.44438676413	276.84866254208	334.72537276302	1098.87760414155	8234.27251101062	1082.40054672914	4036.42181144288	512	512	25.3795021355997	49.6637938860023	-593.331532279929	687.601375126801	265	84	4	8	151	97	274	64	20	57	393	93	23	3	634	678	16	32	1	0	64	95	-72	-2	2	0
6	2	4	0	35	1	down	1	512	285.335258220972	1224.19533308307	257.932176633279	280.452263661598	1207.76866046092	9221.63398056104	1176.64601427096	4762.34246241136	512	512	13.7134588776982	54.3729420209351	-594.145189142537	689.486256386408	271	104	7	7	123	99	259	68	32	54	377	113	19	3	648	653	15	29	6	1	66	116	-100	-2	1	0
6	2	4	0	35	1	down	2	512	255.207837363781	994.094914908908	260.665876838075	328.700011565776	1142.29401200655	8306.94124809063	1157.0981188474	4599.61346220222	512	512	6.58963393588478	51.4151031216295	-593.858145088599	688.820541401668	288	87	2	7	128	97	253	55	43	64	382	114	13	3	659	641	25	29	9	0	68	117	-107	-2	1	0
6	2	4	0	35	1	down	3	512	280.987734063471	1180.12537641025	264.261645658109	390.616447830272	1205.05513496936	9159.93794423768	1191.74324149919	4864.40273087549	512	512	2.30263920463281	50.3487670013195	-593.979680896575	689.103886237179	275	98	6	7	126	98	260	67	33	54	389	107	11	5	659	558	22	30	7	0	72	110	-98	-2	2	0
6	2	4	0	36	0	dwell	0	512	186.998673741919	388.061942486358	209.536462676025	213.501911129662	0	0	0	0	512	512	-7.46427423280462	52.9531265673602	-594.245305239189	689.718959488121	282	123	6	0	101	0	0	0	0	0	0	0	0	0	649	666	15	0	0	0	0	0	0	0	0	0
6	2	4	0	36	0	dwell	1	512	262.54752746285	1100.72731907543	241.457854996051	327.72177215866	0	0	0	0	512	512	1.89092881289907	45.1581261341058	-593.958175212051	689.05344375099	281	109	7	6	109	0	0	0	0	0	0	0	0	0	626	652	18	0	0	0	0	0	0	0	0	0
6	2	4	0	36	0	dwell	2	512	237.446714400974	896.067728941525	230.849937177495	257.326133115554	0	0	0	0	512	512	-9.80648040158273	52.5291379073292	-594.052161344535	689.273244677777	291	103	5	5	108	0	0	0	0	0	0	0	0	0	646	626	29	0	0	0	0	0	0	0	0	0
6	2	4	0	36	0	dwell	3	512	260.536884344723	1195.77892521808	241.260932140524	304.770703021432	0	0	0	0	512	512	5.64407551422621	50.6841554204486	-593.945554593948	689.028134597228	287	104	2	9	110	0	0	0	0	0	0	0	0	0	660	679	15	0	0	0	0	0	0	0	0	0
6	2	4	0	36	0	dwell	4	512	276.666817701285	1233.94303218705	249.989087495326	322.876026173313	0	0	0	0	512	512	-12.6200829863229	51.7712147772938	-593.992418501067	689.133534129834	280	102	5	8	117	0	0	0	0	0	0	0	0	0	660	665	20	0	0	0	0	0	0	0	0	0
6	2	4	0	36	0	dwell	5	512	200.539693404416	619.01925673789	210.318262850064	176.001630025994	0	0	0	0	512	512	2.29707843319021	43.3036639903358	-594.062262565365	689.295682969325	294	114	4	3	97	0	0	0	0	0	0	0	0	0	657	686	14	0	0	0	0	0	0	0	0	0
6	2	4	0	36	0	dwell	6	512	202.974578445974	524.043450361221	220.345435557522	194.379954474546	0	0	0	0	512	512	2.83920494347292	53.3786568422073	-593.743721259395	688.555911542668	295	99	4	2	112	0	0	0	0	0	0	0	0	0	669	713	15	0	0	0	0	0	0	0	0	0
6	2	4	0	36	0	dwell	7	512	174.887217561918	216.919036796659	207.519072499053	147.773691761136	0	0	0	0	512	512	3.10878399054459	51.6455657143879	-593.785548820752	688.655590194987	278	114	2	0	118	0	0	0	0	0	0	0	0	0	707	705	15	0	0	0	0	0	0	0	0	0
6	2	4	0	36	0	dwell	8	512	192.775761381916	315.77613110696	214.447080537392	161.927255369265	0	0	0	0	512	512	3.44081465157905	49.1966722354376	-594.038696794773	689.242382848785	274	111	4	0	123	0	0	0	0	0	0	0	0	0	643	729	16	0	0	0	0	0	0	0	0	0
6	2	4	0	36	0	dwell	9	512	231.369996635043	985.502572293679	225.457575452736	262.949445927394	0	0	0	0	512	512	8.50710176674827	53.0577831425148	-594.25323080463	689.736637609605	276	125	0	8	103	0	0	0	0	0	0	0	0	0	615	680	14	0	0	0	0	0	0	0	0	0
6	2	4	0	36	0	dwell	10	512	234.107320862228	755.159085126564	234.565422669228	295.58554265651	0	0	0	0	512	512	9.05558555810637	53.4243836806106	-593.950271244321	689.035337866859	275	118	9	2	108	0	0	0	0	0	0	0	0	0	687	719	22	0	0	0	0	0	0	0	0	0
6	2	4	0	36	0	dwell	11	512	234.759796704727	756.089128453741	235.991542416689	379.334486607876	0	0	0	0	512	512	5.42465396776319	42.3055205754407	-594.059596052156	689.291084219422	279	113	9	2	109	0	0	0	0	0	0	0	0	0	626	661	20	0	0	0	0	0	0	0	0	0
6	2	4	0	36	0	dwell	12	512	263.229420160356	1237.13175756423	240.012243044652	301.027815411221	0	0	0	0	512	512	3.68597870637371	41.1406134544166	-594.000207632216	689.150366709343	265	131	3	9	104	0	0	0	0	0	0	0	0	0	618	669	13	0	0	0	0	0	0	0	0	0
6	2	4	0	36	0	dwell	13	512	258.754475145664	1115.51459830787	232.946065941432	270.780101562535	0	0	0	0	512	512	10.1404322618997	42.0618200188435	-594.179275183539	689.56724275726	278	114	5	7	108	0	0	0	0	0	0	0	0	0	585	654	19	0	0	0	0	0	0	0	0	0
6	2	4	0	36	0	dwell	14	512	266.918850355974	1067.28657599215	236.150692516736	298.275223696841	0	0	0	0	512	512	4.12468164970087	48.6984358985521	-593.919294879978	688.965238532162	283	107	11	4	107	0	0	0	0	0	0	0	0	0	659	716	18	0	0	0	0	0	0	0	0	0
6	2	4	0	36	0	dwell	15	512	229.940433152548	846.600026442784	225.840167918291	270.259612397299	0	0	0	0	512	512	17.5801513528284	47.0322062249234	-593.994444974254	689.138145940713	256	142	4	5	105	0	0	0	0	0	0	0	0	0	627	742	19	0	0	0	0	0	0	0	0	0
6	2	4	0	36	0	dwell	16	512	224.05691433129	841.317094131476	230.73027321599	351.137410460587	0	0	0	0	512	512	-5.0384832579562	51.996079174246	-594.281673439665	689.803441540616	288	115	4	5	100	0	0	0	0	0	0	0	0	0	692	629	18	0	0	0	0	0	0	0	0	0
6	2	4	0	36	0	dwell	17	512	217.60074305348	853.143896854379	219.742631855245	252.262783056005	0	0	0	0	512	512	2.50465939992809	48.2114098674739	-594.153233959962	689.505969692917	287	121	2	6	96	0	0	0	0	0	0	0	0	0	633	610	14	0	0	0	0	0	0	0	0	0
6	2	4	0	36	0	dwell	18	512	257.799560117538	1055.78815712115	238.541139626227	285.963190435362	0	0	0	0	512	512	-17.4410658970986	50.7245861318669	-593.655671630519	688.353043892367	276	113	6	6	111	0	0	0	0	0	0	0	0	0	713	630	18	0	0	0	0	0	0	0	0	0
6	2	4	0	36	0	dwell	19	512	228.202812365041	747.526850873983	231.611835380555	247.541405956718	0	0	0	0	512	512	-10.6588776127321	48.8801268273129	-594.020920762086	689.19612800967	272	116	4	4	116	0	0	0	0	0	0	0	0	0	669	655	26	0	0	0	0	0	0	0	0	0
6	2	4	0	36	0	dwell	20	512	246.76763076316	1063.42024977878	229.833648141175	287.200681855441	0	0	0	0	512	512	-0.4706625831353	46.2600275072529	-593.976446418291	689.097504452865	298	100	4	7	103	0	0	0	0	0	0	0	0	0	673	664	19	0	0	0	0	0	0	0	0	0
6	2	4	0	36	0	dwell	21	512	233.505251550668	910.046640938209	226.931933233796	244.35286752463	0	0	0	0	512	512	19.7857869483871	44.4603778027573	-593.676994404158	688.402473060049	274	123	3	6	106	0	0	0	0	0	0	0	0	0	595	705	27	0	0	0	0	0	0	0	0	0
6	2	4	0	36	0	dwell	22	512	209.080713066913	628.806394375368	230.651227655327	249.18125267847	0	0	0	0	512	512	-15.0774131521828	47.1360903233965	-594.109529573654	689.405366385693	294	104	4	3	107	0	0	0	0	0	0	0	0	0	718	580	13	0	0	0	0	0	0	0	0	0
6	2	4	0	36	0	dwell	23	512	243.048783712535	883.262212454874	225.557088299087	223.963885696432	0	0	0	0	512	512	-4.36230105696439	47.189619752931	-594.086651987306	689.353389039002	292	98	7	4	111	0	0	0	0	0	0	0	0	0	676	662	17	0	0	0	0	0	0	0	0	0
6	2	4	0	36	0	dwell	24	512	269.181526128789	1166.45988654521	247.66485282704	290.121586131919	0	0	0	0	512	512	11.9556012154573	51.3013668140043	-593.583728034798	688.185081341826	272	115	6	7	112	0	0	0	0	0	0	0	0	0	673	732	14	0	0	0	0	0	0	0	0	0
6	2	4	0	36	0	dwell	25	512	199.205324864411	323.5085003438	217.715536233581	160.951101728477	0	0	0	0	512	512	8.54276365552254	54.8866249679983	-594.054849538963	689.277896976164	282	95	4	0	131	0	0	0	0	0	0	0	0	0	637	729	13	0	0	0	0	0	0	0	0	0
6	2	4	0	36	0	dwell	26	512	248.831489471917	1005.96759395727	253.815567099255	418.921061019764	0	0	0	0	512	512	-18.8462428318001	53.6234134266385	-593.9623593098	689.06165982111	270	123	5	6	108	0	0	0	0	0	0	0	0	0	757	647	13	0	0	0	0	0	0	0	0	0
6	2	4	0	36	0	dwell	27	512	172.576944317858	410.57865524956	201.143957309622	228.152371505967	0	0	0	0	512	512	-6.93014590368202	57.2605994875574	-593.605801051316	688.236412724147	293	123	2	2	92	0	0	0	0	0	0	0	0	0	724	681	19	0	0	0	0	0	0	0	0	0
6	2	4	0	36	0	dwell	28	512	255.510276549408	1052.89131276845	251.794712477304	369.729841304171	0	0	0	0	512	512	-15.8753569305296	53.1625249239991	-594.16796424158	689.54152079909	286	93	1	8	124	0	0	0	0	0	0	0	0	0	730	639	27	0	0	0	0	0	0	0	0	0
6	2	4	0	36	0	dwell	29	512	189.964231888171	488.177463975737	210.892473565696	218.707491590788	0	0	0	0	512	512	-3.91472595005148	43.5965496970847	-594.080376873828	689.337863801254	274	127	1	3	107	0	0	0	0	0	0	0	0	0	693	641	15	0	0	0	0	0	0	0	0	0
6	2	4	0	36	0	dwell	30	512	230.436071282848	790.313903554488	233.084628611042	286.135141925157	0	0	0	0	512	512	3.28426516787546	44.2193820551291	-594.311963403198	689.873277345184	293	98	5	4	112	0	0	0	0	0	0	0	0	0	633	651	13	0	0	0	0	0	0	0	0	0
6	2	4	0	36	0	dwell	31	512	242.197490805978	919.870281403115	233.993181316922	265.601086414038	0	0	0	0	512	512	1.13573803722872	43.9796663311536	-593.971483664175	689.084539665127	271	116	3	6	116	0	0	0	0	0	0	0	0	0	669	663	11	0	0	0	0	0	0	0	0	0
6	2	4	0	37	1	up	0	512	270.714711732852	1245.89151100139	264.733517142258	374.365986197083	1282.06577808748	10010.7677109856	1226.77123103112	5093.08356086246	512	512	3.20697496607451	51.351883708824	-593.847950895603	688.796495972224	269	118	3	9	113	84	249	74	35	70	388	108	9	7	669	640	23	32	9	0	69	115	-113	-2	1	0
6	2	4	0	37	1	up	1	512	294.807394175972	1077.60265063996	299.89923595598	555.914795056919	1009.18004332718	7076.74684953425	1034.85706422851	3730.23527131228	512	512	14.5364113315498	46.6019560618518	-593.806413465809	688.701939848694	247	103	8	5	149	107	276	50	28	51	400	101	9	2	614	622	10	29	12	2	78	103	-96	-2	1	0
6	2	4	0	37	1	up	2	512	261.84183602972	883.65730576463	254.534572567149	266.721402094561	1270.25676109311	9665.89847738519	1246.93001728383	5281.12592654772	512	512	19.1663702363034	50.3655659807358	-593.987573649261	689.121756363528	267	93	4	5	143	82	249	67	44	70	374	125	11	2	610	653	15	32	11	1	78	127	-118	-2	1	0
6	2	4	0	37	1	up	3	512	309.579160256905	1349.5599365725	281.743470803793	387.312157108294	1126.86696102342	8249.35460697359	1137.03461481111	4545.64574943752	512	512	15.1788528430499	47.5934387874887	-593.65208131164	688.346511176839	266	92	7	8	139	99	258	57	37	61	376	124	7	5	632	672	12	40	10	1	93	129	-127	-2	1	0
6	2	4	0	38	2	up	0	512	274.55255246159	1074.48385361662	286.515058688321	373.195029656642	936.64153616405	6562.83493018533	928.581397030388	3300.30284701589	512	512	29.6318195181282	57.5115540134392	-593.696596983893	688.446658904219	281	76	1	8	146	133	279	50	17	33	868	130	24	2	680	661	22	33	1	0	62	27	-110	-3	2	0
6	2	4	0	38	2	up	1	512	257.945161590966	860.833467066787	259.789331803131	300.250952189073	1029.08203932499	7608.29100313576	1001.33690063193	3753.83416203559	512	512	21.7033801328626	51.326649856995	-594.168427752731	689.542199069685	287	79	6	4	136	116	243	56	26	71	761	236	22	5	640	612	19	26	4	0	42	64	-224	-3	1	0
6	2	4	0	38	2	up	2	512	295.409463487533	1137.24391856267	293.458301647648	450.359082257007	992.697264254051	7235.03249099971	952.929918252877	3478.68403896601	512	512	31.226973241995	59.2474071871836	-593.712940071684	688.487211860762	256	97	7	6	146	141	246	53	25	47	839	160	20	5	636	657	15	25	4	0	52	31	-146	-3	2	0
6	2	4	0	38	2	up	3	512	247.648340524725	1083.19843870309	255.055914181504	315.23786553414	1041.21729424062	7604.84116974435	1013.98948926326	3947.49348351421	512	512	32.8240481651443	57.675041802038	-593.724388180682	688.509502894896	287	108	2	8	107	126	224	51	38	73	764	220	35	5	636	659	11	20	3	0	40	48	-191	-3	2	0
6	2	4	0	39	3	up	0	512	248.375021633784	731.006890895811	268.520777826006	308.305364190595	1019.68129957686	7519.98074326211	997.520942205999	3803.34049100431	512	512	41.4374792381815	58.8887969389018	-593.358538987875	687.665672080108	264	94	3	4	147	138	249	56	24	45	1250	241	34	11	654	612	23	24	1	0	48	60	-229	-4	1	0
6	2	4	0	39	3	up	1	512	298.701259555033	1297.73327544455	285.257174993014	471.874122455124	996.516924366552	6789.62229437474	987.642841740378	3629.50788675611	512	512	42.4771982063869	53.1067731454067	-593.380217168349	687.712853647505	264	100	6	8	134	109	271	44	36	52	1250	250	31	5	641	668	22	28	0	0	44	58	-229	-3	2	0
6	2	4	0	39	3	up	2	512	289.303328866594	1208.65115116258	290.705360676722	461.861838925786	912.450849718747	6457.07537498111	898.129864687875	3176.15268296445	512	512	23.5708784935355	55.7222918934568	-593.888062996417	688.888829909659	269	92	4	8	139	128	251	48	20	65	1153	347	29	7	641	605	19	26	4	0	52	89	-333	-5	1	0
6	2	4	0	39	3	up	3	512	321.008723739401	1323.20416852028	306.836037865876	452.044473530235	891.543532161867	6121.05092648686	865.424150083385	2933.6941227469	512	512	28.8055556721335	55.7219387713298	-593.530769476297	688.062352326782	262	76	6	8	160	142	260	44	22	44	1251	243	38	4	681	605	11	21	0	0	42	53	-213	-3	2	0
6	2	4	0	40	4	up	0	512	258.197194245655	840.529560028126	276.785344604844	411.804840690516	850.188173945932	5937.71969188586	864.116592500563	3023.48402654955	512	512	57.3771463051503	54.5141167166983	-593.88879619178	688.891972094981	274	83	3	5	147	167	233	43	21	48	1639	350	46	13	560	585	14	21	0	0	37	34	-330	-5	2	0
6	2	4	0	40	4	up	1	512	337.844348529091	1754.60846541411	299.666301738936	494.567942606559	893.204138623121	6180.94771420158	920.324399680866	3157.53894572779	512	512	67.4712634650063	60.018150402906	-593.833293055288	688.764561512939	281	90	9	11	121	130	257	45	21	59	1694	294	52	8	541	538	16	30	0	0	57	23	-258	-5	2	0
6	2	4	0	40	4	up	2	512	243.327424162539	960.845917865839	252.581954365898	322.742708751379	966.045084971875	6968.1848551444	1004.60319805933	3755.91262870006	512	512	22.2288243288175	54.4997223395741	-593.765403739482	688.60709786231	280	112	4	6	110	110	245	51	24	82	1554	446	39	9	678	544	19	14	1	0	26	47	-425	-5	2	0
6	2	4	0	40	4	up	3	512	314.377534133154	1432.86991325623	297.70258177205	486.336467544856	981.063265588112	7024.84704115649	970.931401829431	3485.9420892189	512	512	77.9082046487651	62.9745738276166	-593.457860479737	687.891146821813	266	88	4	10	144	130	271	53	20	38	1692	298	53	5	560	628	23	25	1	0	44	19	-255	-4	2	0
6	2	4	0	41	5	up	0	512	285.709093613467	1027.72404354147	326.522002839924	536.864031801884	964.153435531861	6966.92908048149	928.683277671112	3398.10982659982	512	512	85.6948408693856	67.4001809884732	-593.043616963824	686.935497003269	259	82	2	7	162	146	260	53	19	34	2121	344	83	12	619	634	2	20	0	0	39	22	-285	-5	3	0
6	2	4	0	41	5	up	1	512	318.419810045336	1260.73906189971	337.781790743648	520.728103329883	875.235771417177	5964.59795915645	883.737308223408	3001.88189913737	512	512	87.9148319271798	73.5575165065284	-592.873444511327	686.542462828071	257	68	2	9	176	143	276	45	16	32	2204	291	59	6	625	619	11	21	0	0	39	13	-240	-4	2	0
6	2	4	0	41	5	up	2	512	349.425131604399	1628.83631781588	352.888464862076	671.540151488285	996.291499507178	7316.50671624738	985.694699156726	3804.94246064866	512	512	73.2799641168891	66.8061560061195	-593.66701000267	688.379771092437	254	75	3	12	168	131	249	55	22	55	2123	377	43	17	612	586	16	23	1	0	42	36	-368	-5	1	0
6	2	4	0	41	5	up	3	512	376.509979989086	1934.17365038095	355.231104591422	667.164436129172	762.554471840316	4878.54680611766	809.039791572838	2648.54295322621	512	512	76.261956765058	82.726264625862	-593.468074853369	687.920286898748	257	76	5	14	160	153	239	32	24	64	2058	416	67	19	566	649	20	26	0	0	46	45	-383	-5	2	0
6	2	4	0	42	6	up	0	512	281.361569455965	1004.01883195303	297.455570982806	408.370605020413	788.657797401562	5182.07551657606	773.375764640894	2473.12355297192	512	512	99.2070760614213	73.548815124229	-593.587480267645	688.1947100865	271	77	4	6	154	157	245	36	21	53	2583	416	67	6	573	582	14	22	0	0	38	20	-361	-6	2	0
6	2	4	0	42	6	up	1	512	304.350926337839	1324.07043809567	299.6736280258	476.925250001065	740.968070645622	4931.48574152002	760.470860722649	2468.43319866654	512	512	99.114445857334	70.1968353330618	-593.634472925758	688.303682494329	277	77	4	9	145	182	245	38	11	36	2544	454	67	7	565	544	5	24	0	0	42	20	-393	-6	2	0
6	2	4	0	42	6	up	2	512	340.181229568466	1618.10696924209	314.350151738535	509.985045409251	838.304951684997	5905.24255925111	790.535759183886	2711.59386177734	512	512	105.867189384403	88.6065220742835	-593.174549477465	687.235619951657	251	89	3	12	157	176	216	42	23	55	2501	470	84	17	557	617	15	20	0	0	38	12	-412	-7	2	0
6	2	4	0	42	6	up	3	512	340.255434835027	1678.41996658887	328.433801642576	645.718455012295	732.856911025942	4902.23677279594	728.081775206999	2268.89329242935	512	512	82.8919689707077	78.7939158353157	-593.342282422838	687.62498496898	272	83	7	11	139	167	231	37	13	64	2394	598	73	7	587	551	14	22	0	0	42	44	-539	-6	2	0
6	2	4	0	43	7	up	0	512	370.982115944085	1535.13418352846	389.074649356545	685.81949212338	938.776791079674	6860.08409714235	871.481216748475	3022.61681529651	512	512	140.353481795574	90.0056871303527	-593.474001391937	687.928826734401	225	72	5	10	200	163	247	53	17	32	3118	363	91	12	530	566	16	31	0	0	55	5	-292	-4	3	0
6	2	4	0	43	7	up	1	512	500.703475494081	2954.78440016434	451.490373651758	1091.8488860552	817.602069311561	5509.77152458043	809.602027007782	2830.09915289981	512	512	134.826591627311	88.2284087758178	-593.537340904029	688.078464851921	213	77	5	23	194	165	228	37	26	56	3091	399	85	9	535	591	17	23	0	0	42	19	-324	-5	2	0
6	2	4	0	43	7	up	2	512	369.62675772815	1768.1554980837	386.588024435077	723.127684455738	915.739836726555	6561.98404711506	884.178661258027	3404.85147283081	512	512	113.126054556976	77.7560759931219	-593.231925505679	687.37208924513	234	81	1	14	182	169	215	45	30	53	3011	472	89	12	578	592	12	20	0	0	34	25	-407	-7	2	0
6	2	4	0	43	7	up	3	512	310.483668754093	1016.20436675321	354.647634639105	571.172135420238	811.445528159684	5246.82013837902	848.650720205471	2897.91010188526	512	512	98.6465488639332	81.2172190389733	-593.269220477888	687.457316170852	229	90	6	5	182	143	263	36	22	48	2973	527	73	11	625	602	20	22	0	0	42	33	-476	-7	2	0
6	2	4	0	44	8	up	0	512	433.111752740324	2175.02131455524	429.394269048452	878.935987923401	624.336881039375	3741.91146624507	629.167496933995	1706.16699206669	512	512	151.248902006739	101.11741762872	-593.39821115799	687.755732983987	249	43	7	15	198	198	246	28	9	31	3570	410	103	13	523	547	8	26	0	0	48	1	-321	-5	3	0
6	2	4	0	44	8	up	1	512	441.530969665016	2164.44091299723	426.967686454731	837.959398174491	696.122099298128	4568.85071315633	675.553476151488	2079.98302934457	512	512	164.753201694421	108.43293735237	-593.380271411759	687.713929362786	228	58	9	14	203	198	211	32	18	53	3541	431	117	7	516	615	15	16	0	0	28	8	-316	-7	3	0
6	2	4	0	44	8	up	2	512	502.459276897826	3074.97264411867	458.437692355192	1170.35263811032	725.342202598438	4758.00262419717	701.442228018958	2241.32718526326	512	512	113.550199211663	89.4205593824777	-593.376888551401	687.705058768351	237	58	3	25	189	183	228	34	17	50	3500	506	74	16	611	515	15	18	0	0	36	17	-464	-8	2	0
6	2	4	0	44	8	up	3	512	345.552255901268	1291.23736749475	380.37215342574	627.248054677386	665.567627457812	4140.54059487763	641.205355972269	1772.85382101295	512	512	155.807990667573	102.383630179469	-593.491795538975	687.973088995293	244	50	2	9	207	185	253	32	8	34	3610	367	108	11	517	509	11	29	0	0	52	3	-281	-5	2	0
6	2	4	0	45	9	up	0	512	484.997784060952	2742.89675939573	443.77178763478	1030.30113167669	667	4005.41906038116	663.166525838537	1959.69625833371	512	512	158.992331691055	106.016916896064	-593.416520559561	687.799160189216	235	62	10	19	186	176	259	29	12	36	3959	528	111	10	522	552	20	14	0	0	28	7	-437	-5	2	0
6	2	4	0	45	9	up	1	512	478.7404298472	2735.17935187915	454.821623804469	1077.72720802082	687.604878371253	4479.1820327143	652.501858628585	2005.7657178934	512	512	162.878486866234	117.41898735381	-593.19984405731	687.294579232666	239	53	5	21	194	184	231	34	11	52	4014	496	89	9	557	519	20	16	0	0	30	14	-425	-8	2	0
6	2	4	0	45	9	up	2	512	444.923578794392	2422.03664442238	406.890496846346	783.857931462674	658.660606461254	4171.85076979431	649.293984536001	1890.59440695417	512	512	152.724152675728	108.193195944116	-593.647730450758	688.33446440026	234	62	3	19	194	184	237	32	9	50	3893	591	109	15	469	491	9	27	1	0	49	37	-508	-9	2	0
6	2	4	0	45	9	up	3	512	391.682189257829	1813.93029819809	400.171903381689	751.928280196562	555.67124957938	2919.64118296575	599.226235417467	1575.11113053809	512	512	186.55371078997	122.998307458683	-593.121504579393	687.113103795112	245	53	4	13	197	190	254	20	10	38	4121	342	134	11	523	562	17	25	0	0	49	1	-226	-5	3	0
6	2	4	0	46	10	up	0	512	534.464301896566	3228.72917865985	486.772933016656	1148.45816141173	602.37945351188	3382.95115964948	584.357065009821	1454.2844790038	512	512	222.289224335367	146.202051380403	-593.756792123469	688.586646331467	237	29	1	27	218	174	263	25	8	42	4626	358	133	3	457	540	13	29	0	0	56	0	-227	-5	2	0
6	2	4	0	46	10	up	1	512	421.228530479389	2122.17943683612	436.787695461132	1011.693888337	579.063858708757	3357.2369143909	606.385078051938	1648.1069502306	512	512	202.945982728872	131.503238897492	-593.421199197786	687.808656071552	250	49	6	15	192	196	237	25	8	46	4548	417	135	20	493	530	7	21	0	0	38	4	-315	-6	4	0
6	2	4	0	46	10	up	2	512	556.127717417513	3330.0425724725	495.317649489522	1146.85313442471	600.469623455629	3539.12133626354	591.148140598318	1553.27285091719	512	512	206.930391556388	141.56066595019	-593.212260533202	687.326730508974	192	65	3	27	225	202	231	25	12	42	4561	421	131	7	528	562	15	23	0	0	42	0	-304	-5	2	0
6	2	4	0	46	10	up	3	512	431.278937010327	2054.01532986714	443.111302188382	852.502680335467	622.530673104693	3721.16393705503	645.242624093344	1903.59510714571	512	512	210.615182896306	142.541886563826	-593.542819079724	688.089728326107	225	50	4	15	218	195	225	25	16	51	4563	410	136	11	488	508	6	36	0	0	60	0	-284	-4	3	0
6	2	4	0	47	11	up	0	512	664.7639320225	4121.5801466871	648.979870569967	2027.28957144598	519.766741082193	2820.54996837566	530.810399018679	1228.55031519076	512	512	226.08404723054	149.777530164274	-593.433282863992	687.838865551473	196	38	15	29	234	219	233	21	6	33	5122	357	146	7	518	487	10	28	0	0	52	0	-217	-5	2	0
6	2	4	0	47	11	up	1	512	650.994678440937	4145.02690277747	608.204837273373	1749.69025429634	565.570436517505	3341.59245589119	569.432964454809	1446.38080279384	512	512	217.294932153767	150.224196037867	-593.319794672468	687.573438958709	211	33	11	31	226	208	237	27	3	37	5007	481	132	12	457	517	9	26	0	0	48	13	-369	-8	3	0
6	2	4	0	47	11	up	2	512	485.095788063135	2291.89972342079	540.465832222867	1288.6264038809	577.278640450004	3374.826491214	576.206775196193	1407.8064725368	512	512	232.912097083321	154.534482584021	-593.686735500925	688.422555569112	206	44	11	14	237	204	239	26	6	37	5019	438	165	10	430	487	9	22	0	0	42	1	-293	-6	3	0
6	2	4	0	47	11	up	3	512	652.329046980942	4164.91460018407	609.249075804962	1734.26784922676	614.262675772815	3691.05135127172	604.67779516269	1628.24736698114	512	512	232.86001838343	163.161693107388	-593.326430376034	687.590774117742	191	50	9	32	230	197	242	28	8	37	5109	379	134	10	479	525	15	24	0	0	48	0	-253	-5	3	0
6	2	4	0	48	12	up	0	512	311.456764398455	1155.76926853014	331.555836993599	477.416816326325	397.485884693141	1604.63853044958	436.783029694578	867.212281079064	512	512	257.168295444645	179.583714432691	-593.228015941295	687.359959610038	275	46	2	8	181	222	223	10	6	51	5581	402	151	10	430	501	7	27	0	0	45	0	-263	-5	3	0
6	2	4	0	48	12	up	1	512	322.162455831584	1304.66300726282	340.810892860444	572.719592126313	466.628973667198	2505.31305398476	435.65310490069	838.90024766309	512	512	264.256318348085	190.968945997299	-593.406605450114	687.773904668426	265	62	3	9	173	231	215	20	2	44	5584	390	164	6	375	488	10	17	0	0	32	2	-238	-8	2	0
6	2	4	0	48	12	up	2	512	342.037844034086	1620.87276400533	333.753503110102	621.360463119629	479.191279565947	2480.80241086664	464.274069504432	946.1156396535	512	512	260.545330966207	179.977141420246	-593.725382178192	688.512810891136	265	72	3	12	160	223	222	18	6	43	5589	398	153	4	417	474	11	27	0	0	49	0	-245	-5	2	0
6	2	4	0	48	12	up	3	512	326.812419174712	1407.52936179519	339.20058633254	553.897815511307	492.960533147511	2633.52583139031	499.151931784097	1217.08523461356	512	512	245.386988040063	178.441750437898	-593.246715596468	687.405423284747	259	74	3	10	166	220	218	19	7	48	5495	456	180	13	471	493	9	25	0	0	45	2	-303	-8	3	0
6	2	4	0	49	13	up	0	512	354.597340873143	1518.04584800646	385.745244653042	676.436935921656	849.105838060616	6032.9687738859	789.26190088414	2628.04641618293	512	512	269.049121340812	194.938780179935	-593.377673840376	687.708357730772	262	52	5	10	183	170	250	48	11	33	5978	483	183	12	432	427	17	23	0	0	42	0	-316	-6	3	0
6	2	4	0	49	13	up	1	512	404.069476828142	1925.61724421333	426.177376178277	941.952115236208	728.479970013433	4309.25783248027	747.548648265459	2122.17209600393	512	512	286.018790821949	204.497415775002	-593.403179378214	687.768007263048	238	57	4	14	199	143	297	31	13	28	6091	378	179	8	413	428	16	36	0	0	62	0	-207	-5	2	0
6	2	4	0	49	13	up	2	512	355.676867698766	1400.83304228192	401.705040224305	664.20580795674	742.978713763748	4856.79888046176	742.277232232442	2354.43237839853	512	512	271.072324794737	197.637570294789	-593.344765057984	687.629972864658	248	45	2	10	207	184	233	34	19	42	6013	475	156	12	433	459	9	31	0	0	56	0	-327	-5	3	0
6	2	4	0	49	13	up	3	512	454.066667768449	2315.29487336852	466.427399362613	1090.32706029291	748.933628791873	4862.07243927504	737.889011311115	2342.80371379226	512	512	280.273666473678	208.160349982307	-593.498967027946	687.988598165909	231	46	5	17	213	166	254	36	14	42	6049	401	195	11	394	470	19	28	0	0	52	0	-224	-5	4	0
6	2	4	0	50	14	up	0	512	390.12239585845	1851.13988502666	415.758649896909	808.496596019321	638.180339887499	3679.32482512803	656.694663911042	1929.16613128271	512	512	301.997822026658	231.245783875751	-593.779071881906	688.638130608745	255	39	0	15	203	184	262	26	12	28	6556	397	208	7	393	420	11	25	0	0	50	0	-203	-4	3	0
6	2	4	0	50	14	up	1	512	449.870363203761	2192.17328223407	461.703783240786	873.560854642524	649.840946348753	4064.11518166149	617.731850054539	1740.40981254885	512	512	293.460681819384	224.142274451327	-593.380432609132	687.717788144049	220	42	2	17	231	188	239	31	9	45	6444	476	230	18	438	473	12	19	0	0	36	0	-282	-5	3	0
6	2	4	0	50	14	up	2	512	489.66873708001	2787.01818061624	464.538653295848	1052.47866678484	635.21759080094	3872.05440025376	643.201540059515	1934.71822082558	512	512	295.65891291701	222.888385118715	-593.684093368315	688.417491425912	240	46	6	21	199	195	235	28	12	42	6521	451	181	15	453	443	5	33	0	0	56	0	-300	-6	3	0
6	2	4	0	50	14	up	3	512	442.35846383595	2223.33744584103	453.008170420837	991.927403922371	625.419216924691	3861.19120797939	614.518628116447	1733.70540221712	512	512	299.806822192532	233.605047155985	-593.072580136309	687.000316321828	231	46	3	17	215	203	224	28	12	45	6510	447	197	14	478	462	14	17	0	0	32	0	-270	-5	3	0
6	2	4	0	51	15	up	0	512	479.769550141886	2520.87233922047	473.379752668409	1023.50450213215	557.631486166569	3059.4709780327	555.302219461631	1445.70270057877	512	512	323.758966984466	257.161523129051	-593.368149183845	687.685765365893	226	46	7	18	215	201	237	21	11	42	7031	455	184	10	386	456	9	23	0	0	44	0	-283	-3	4	0
6	2	4	0	51	15	up	1	512	426.605174931576	1893.21898864558	466.247494960675	1055.03100851164	589.010643118126	3682.89018000882	577.113757637886	1618.74005825238	512	512	304.743460106812	230.501176011074	-593.732333926761	688.53156384736	229	48	10	11	214	230	218	29	6	29	7043	456	169	12	404	403	14	23	0	0	44	0	-297	-5	3	0
6	2	4	0	51	15	up	2	512	500.899483498447	2759.84187771913	492.52080417045	1113.21595987626	575.267997331878	3196.6258814176	579.024896991505	1459.40000039491	512	512	314.645085594992	247.956959832026	-593.627430987898	688.286835773915	223	44	5	21	219	198	249	23	9	33	6953	499	215	13	352	438	8	28	0	0	54	0	-306	-6	4	0
6	2	4	0	51	15	up	3	512	451.154325212828	2428.94847881433	446.507166713918	958.693167203299	718.681596137184	4574.01769919339	670.856239966641	2002.86619519292	512	512	340.970691954659	279.483250561106	-593.574619111559	688.162686602274	229	60	3	19	201	183	248	33	15	33	7014	446	204	16	371	481	13	26	0	0	44	0	-262	-5	3	0
6	2	4	0	52	16	up	0	512	487.83311229032	2608.06066813177	501.266870280896	1138.1704191206	443.841242909076	1950.41654945995	500.050592414505	1032.58092278129	512	512	354.400669856679	295.367063231125	-593.62422322319	688.277299453272	229	35	4	20	224	205	240	13	6	48	7503	449	231	9	355	450	7	33	0	0	56	0	-224	-5	4	0
6	2	4	0	52	16	up	1	512	505.798670436571	2746.09415029616	500.70534825002	1182.47864150701	553.008130618756	2975.4040986609	558.368322109601	1432.25707435966	512	512	342.560472937501	282.756685832756	-593.357382443316	687.661292525756	221	43	7	20	221	196	247	21	9	39	7525	448	211	8	420	435	8	29	0	0	54	0	-245	-5	3	0
6	2	4	0	52	16	up	2	512	481.477754074385	2464.10637454328	493.462076279719	1105.82946702403	667.578270575938	4280.38255755373	611.34830016821	1723.58660395036	512	512	342.402455788144	282.019234011273	-593.453948216009	687.885761430807	222	44	8	17	221	195	236	33	9	39	7517	451	215	9	371	401	9	28	0	0	50	0	-238	-6	4	0
6	2	4	0	52	16	up	3	512	479.191279565947	2577.88445019163	479.799963376479	1001.98723190501	608.963045646881	3703.92987341323	581.23468099512	1437.12387617298	512	512	337.439872539128	272.421959244458	-593.169104114521	687.22281150681	223	42	1	21	225	190	239	29	6	48	7451	509	224	8	373	364	11	28	0	0	52	0	-297	-5	3	0
6	2	4	0	53	17	up	0	512	568.310569804383	3325.00592805012	589.863346352201	1467.76906861979	526.554768400638	2885.54717426455	538.305266116676	1379.03011949848	512	512	348.414754858601	292.3923459107	-593.161955672595	687.208406270243	198	47	5	26	236	190	235	22	5	60	7927	552	213	12	363	444	12	24	0	0	48	0	-363	-5	3	0
6	2	4	0	53	17	up	1	512	665.443015660314	4062.22152788578	657.454754400587	1900.77661361973	572.002809059693	3330.55905868378	566.940226244629	1570.42188129776	512	512	353.096198780018	301.934599172857	-593.381885734661	687.718383816354	177	41	11	30	253	211	226	24	10	41	7848	601	238	17	365	404	17	23	0	0	40	0	-378	-8	3	0
6	2	4	0	53	17	up	2	512	667.050406530938	4025.79597307468	650.644668608321	1930.87956879156	495.045381532197	2675.50451683507	499.334661540999	1222.65536293675	512	512	378.549148718853	350.280403546499	-593.086807544936	687.035468725936	183	38	15	28	248	227	213	19	8	45	7858	560	271	15	382	516	19	24	0	0	46	0	-295	-6	5	0
6	2	4	0	53	17	up	3	512	624.713525491562	3761.56797907795	615.200556883678	1629.68536918918	512.204435183444	2948.78400369847	485.42878864814	1095.3923147316	512	512	372.379363505461	317.921508634077	-593.622346848124	688.272948014349	197	29	7	29	250	231	220	24	2	35	8023	464	207	10	365	399	10	31	0	0	56	0	-273	-4	3	0
6	2	4	0	54	18	up	0	512	406.984628443456	2007.72669605764	391.017716215806	831.908511974815	460.777680760641	2420.20382869239	454.032384905126	1046.7172651327	512	512	393.470403244156	349.904629882825	-593.580877910253	688.179647729784	243	62	6	14	187	218	208	18	5	63	8447	507	250	12	326	368	5	35	0	0	66	0	-273	-6	3	0
6	2	4	0	54	18	up	1	512	453.565411518764	2452.21286236252	426.264720691496	958.373778624519	348.968663766267	1491.68714424817	374.245227512799	625.793152725372	512	512	392.141579852023	351.945705020393	-593.333813989507	687.606615682934	240	55	6	18	193	264	188	11	2	47	8432	506	270	8	332	361	7	31	0	0	55	0	-240	-5	3	0
6	2	4	0	54	18	up	2	512	365.353438837209	1646.58700926392	384.627614144457	737.890975900731	365.374428513139	1628.57156612081	388.951903360767	695.902519452508	512	512	387.11301597451	342.217801925889	-593.616160840968	688.261383729517	243	68	3	12	186	270	184	11	5	42	8494	464	242	16	335	341	10	38	0	0	68	0	-234	-5	4	0
6	2	4	0	54	18	up	3	512	411.35595133658	2188.81477670871	396.506743063873	805.0704079372	333.844051968768	1160.92129284695	368.531224637202	610.353663901177	512	512	382.73887433782	340.505438356111	-593.54071273252	688.084902460511	253	59	3	17	180	248	202	7	4	51	8400	547	255	14	338	349	11	24	0	0	47	0	-304	-6	4	0
6	2	4	0	55	19	up	0	512	436.554768400638	2197.7356447708	448.819088339717	1004.77485984436	749.586104634372	4883.36722768659	736.918636848909	2392.49810100226	512	512	397.467183657818	367.594911444261	-593.471073093284	687.924293670829	238	48	5	16	205	178	244	35	17	38	8883	607	219	19	336	335	13	27	0	0	48	0	-418	-7	2	0
6	2	4	0	55	19	up	1	512	403.33998665939	1964.59895032113	413.304434330925	809.231645302392	791.318107302493	5165.44311240954	790.12100428942	2597.95482760859	512	512	406.738801897451	384.373280473098	-593.506309846379	688.006267334309	250	52	5	14	191	164	260	37	18	33	8845	619	246	18	317	416	11	29	0	0	48	0	-389	-6	4	0
6	2	4	0	55	19	up	2	512	498.512195928134	2914.32510831794	468.595208172249	1057.70080586703	722.299630125934	4695.42800909432	713.84508073533	2247.99378258098	512	512	398.268689535532	359.416513181373	-593.328543188795	687.593180992153	242	42	4	23	201	187	244	35	13	33	8858	599	257	14	334	344	7	31	0	0	60	0	-366	-7	4	0
6	2	4	0	55	19	up	3	512	510.546637781882	2711.94517496138	508.555783623259	1206.67157300909	726.522542485937	4778.62568318466	705.334212775106	2176.81542363213	512	512	393.616236837784	355.649314136554	-593.262282360878	687.440792542076	214	38	6	20	234	183	233	35	15	46	8813	648	252	15	313	330	10	37	0	0	66	0	-422	-8	4	0
6	2	4	0	56	20	up	0	512	447.809313554697	2151.77203432226	472.05606076105	1064.6526308571	565.570436517505	3420.68059318025	544.797231577883	1409.033634801	512	512	441.378081692959	429.47875169047	-593.490923643727	687.968891042382	231	38	6	15	222	220	222	27	5	38	9410	534	286	10	304	334	8	26	0	0	48	0	-260	-9	4	0
6	2	4	0	56	20	up	1	512	548.68721425657	3167.03328393145	509.661470662008	1273.4273966984	581.249520155319	3457.96332725863	585.066529219688	1529.72939061174	512	512	416.176966474024	388.97397848617	-593.441363910139	687.854833083665	217	44	9	23	219	205	228	26	8	45	9394	602	236	8	295	313	11	32	0	0	53	0	-382	-5	3	0
6	2	4	0	56	20	up	2	512	470.774871700949	2452.25230089602	487.560506964556	1198.83618379066	584.565114958442	3520.57723930002	571.742612585645	1558.95766105511	512	512	432.038108091917	422.711719775371	-593.277562859585	687.476134115245	231	47	8	17	209	211	228	27	7	39	9327	638	251	24	295	366	12	33	0	0	59	0	-419	-7	4	0
6	2	4	0	56	20	up	3	512	494.114265239694	2477.17314063911	515.476580568873	1161.06959804509	696.875388202502	4705.24577814709	624.667838568455	1940.61900162202	512	512	421.291489890519	399.022162174606	-593.64577490214	688.329184804235	207	33	3	19	250	196	222	37	9	48	9378	602	248	12	312	322	3	31	0	0	60	0	-378	-5	3	0
6	2	4	0	57	21	up	0	512	515.822469172194	2796.94209766036	509.869213556017	1217.63320409136	470.926091293762	2235.38913694064	495.10062474224	1010.41993813473	512	512	436.271493780818	429.930959157341	-593.107463831697	687.081845556743	223	36	8	20	225	200	243	16	5	48	9826	649	260	17	294	344	9	22	0	0	40	0	-423	-7	3	0
6	2	4	0	57	21	up	1	512	462.506874369071	2462.86920528146	468.835244640963	1072.06119020519	495.119586798757	2674.72327892872	511.895833496161	1125.81259683514	512	512	433.495614433733	421.418721887248	-593.521741410389	688.042444294723	249	35	6	18	204	224	228	21	3	36	9863	622	253	14	342	310	5	33	0	0	56	0	-381	-6	3	0
6	2	4	0	57	21	up	2	512	529.265484832508	3006.73846720091	513.48942219851	1152.75066406828	648.180339887499	4221.11806072958	594.578256861516	1800.95980990452	512	512	450.549915937797	449.361831945955	-593.47707727254	687.9370654466	212	42	3	24	231	228	208	31	13	32	9812	619	302	19	292	332	7	28	0	0	54	0	-347	-7	3	0
6	2	4	0	57	21	up	3	512	477.583888695324	2458.50457347305	485.701343756995	1074.76972541827	518.888840380321	2858.72330724771	521.519898917938	1284.00319735434	512	512	455.599192558622	461.321179965164	-593.354457544484	687.655393233423	213	46	3	19	231	217	224	21	7	43	9814	634	287	17	275	338	9	28	0	0	46	0	-362	-6	5	0
6	2	4	0	58	22	up	0	512	484.292092627823	2408.37996167555	510.044085317037	1144.83363398426	603.963045646881	3914.18818731635	547.606356978373	1432.62386197932	512	512	485.372221558167	513.05036458205	-593.199409509193	687.295051473444	213	46	9	16	228	214	214	32	4	48	10342	608	299	15	272	350	15	26	0	0	46	0	-315	-6	4	0
6	2	4	0	58	22	up	1	512	436.403548807825	1942.44082804026	497.483323137698	1171.04151196763	494.265484832508	2615.02117296029	516.677429980065	1160.12266700636	512	512	467.665419012562	476.236429002168	-593.380927515988	687.714314472655	217	44	6	13	232	220	231	20	4	37	10306	634	309	15	284	285	4	22	0	0	38	0	-351	-6	3	0
6	2	4	0	58	22	up	2	512	595.342202598438	3669.46160453467	565.095175086141	1439.86345493019	419.896970999077	1746.80867874465	460.235952676297	858.62549216252	512	512	482.866514941382	510.941496099549	-593.45651529149	687.888248556867	215	28	3	30	236	209	240	12	4	47	10410	570	271	13	281	291	9	30	0	0	56	0	-321	-6	3	0
6	2	4	0	58	22	up	3	512	494.191279565947	2654.16105798694	481.54232733113	1086.37361486214	593.76141952313	3589.24594806104	568.701058773837	1470.5553510941	512	512	477.48373999387	500.908842365476	-593.235432184339	687.376922186127	219	45	5	20	223	202	234	28	6	42	10271	645	328	20	258	306	6	32	0	0	56	0	-349	-7	3	0
6	2	4	0	59	23	up	0	512	679.938950350936	4255.82324399903	681.15054431099	2104.09265474194	478.28677106876	2597.25831390311	471.3132848674	1046.4745127507	512	512	482.08153643241	517.875904468149	-593.14522223154	687.167669173453	191	34	13	31	243	232	213	20	4	43	10715	736	298	27	292	316	9	19	0	0	37	0	-476	-8	3	0
6	2	4	0	59	23	up	1	512	558.811826054068	3021.37064481551	596.947406563285	1621.0438386335	556.148707093443	3018.41016830598	558.805003849161	1418.40500136644	512	512	473.85571414286	488.623078600993	-593.516708464441	688.031241786554	197	38	10	21	246	199	243	21	10	39	10771	689	297	19	250	234	6	27	0	0	53	0	-422	-5	5	0
6	2	4	0	59	23	up	2	512	666.623355547813	4200.29137128264	666.953128283539	1818.73042437106	514.544125282512	2931.32827057594	504.195307028806	1205.6460986453	512	512	497.182177210414	536.176508171801	-593.672632344354	688.392255311057	185	37	7	33	250	212	218	23	4	55	10805	638	320	13	262	271	9	25	0	0	50	0	-336	-5	5	0
6	2	4	0	59	23	up	3	512	696.596747752498	4234.59222933927	705.53439139382	2090.912680244	504.567924018135	2705.09417861515	501.0514191883	1210.15983311929	512	512	485.365521301088	517.127108930256	-593.482615324802	687.953790053517	168	32	12	31	269	214	227	20	6	45	10868	606	290	12	283	308	11	29	0	0	56	0	-321	-8	3	0
6	2	4	0	60	24	up	0	512	457.610496490639	2396.75693100705	436.864691986313	887.802972297024	376.80961011502	1914.65377535975	375.487183354223	727.19201767319	512	512	509.13935664915	560.136229329534	-593.146798092407	687.174582213072	222	53	2	19	216	260	172	15	2	63	11226	745	298	19	234	313	9	32	0	0	58	0	-477	-8	4	0
6	2	4	0	60	24	up	1	512	446.705987993451	2384.85418692322	427.516798440878	847.748370461082	369.446121280329	1632.64460009466	388.875195596933	829.591292492436	512	512	504.790817371194	546.670268083627	-593.814254224547	688.718492601298	235	52	2	19	204	257	188	11	5	51	11290	684	305	9	227	219	6	27	0	0	50	0	-397	-6	3	0
6	2	4	0	60	24	up	2	512	445.04819059189	2382.90892700487	414.082197817039	855.783958449202	310.403845368147	1074.88188263244	338.837439395468	462.595859960211	512	512	523.971745896137	584.941554861488	-593.630413263255	688.291510745914	234	55	2	19	202	250	194	8	0	60	11357	630	295	6	210	270	10	25	0	0	48	0	-343	-5	3	0
6	2	4	0	60	24	up	3	512	401.530969665016	1903.89379537067	407.279069238087	804.816571907336	463.767037642515	2483.53814059441	436.820877810692	1069.45262994833	512	512	513.340531991019	565.894163458169	-593.272410128234	687.463251630632	248	52	6	13	193	232	193	17	9	61	11304	676	295	13	244	294	4	20	0	0	34	0	-399	-6	4	0
6	2	4	0	61	25	up	0	512	551.37694101251	3071.34645119218	552.570478704719	1382.29210931264	611.172505829066	3727.14558652485	607.107170690343	1728.93993038232	512	512	592.928256883367	770.088631057453	-593.574024333246	688.163482534278	196	52	9	22	233	205	231	28	9	39	11793	664	332	11	175	553	12	28	0	0	56	0	-346	-6	4	0
6	2	4	0	61	25	up	1	512	549.238877037193	3147.57424695597	536.63372455563	1296.09008999949	520.445824720007	2722.83270245403	578.593129581392	1399.16128443694	512	512	534.215398898588	612.551090108428	-593.355787934676	687.659252514872	215	36	6	24	231	204	245	20	6	37	11747	756	281	16	192	295	8	24	0	0	42	0	-487	-8	3	0
6	2	4	0	61	25	up	2	512	535.772062641256	3191.45875378558	518.873274691758	1244.22332959731	661.647154283435	4077.78067152653	651.957006782556	1880.83041277113	512	512	555.947301925503	653.286421231231	-593.837966661158	688.774850584501	232	38	5	25	212	191	253	31	9	28	11790	652	342	16	177	248	2	36	0	0	66	0	-322	-5	3	0
6	2	4	0	61	25	up	3	512	503.461789397196	2683.68988172131	513.335659477893	1142.11732995808	564.063858708757	3222.2369143909	592.840030377852	1529.9676114677	512	512	537.917654266479	620.094682615924	-593.773207286185	688.625099846886	211	40	3	21	237	196	243	25	5	43	11752	707	327	14	183	270	2	26	0	0	44	0	-404	-6	3	0
6	2	4	0	62	26	up	0	512	526.602365871883	2965.41934357107	532.970199189146	1290.06228337615	464.644938344388	2425.00005663798	484.839592634955	1155.66532669685	512	512	557.698208623441	657.117980433504	-593.743929167811	688.558794185461	218	44	7	22	221	226	213	18	5	50	12287	682	326	17	226	240	3	29	0	0	48	0	-374	-6	3	0
6	2	4	0	62	26	up	1	512	589.490909691881	3604.71712432667	568.863504068247	1543.36559330345	433.28677106876	2056.81762745781	467.575152804968	1052.00625661201	512	512	552.743623555585	649.053959647292	-593.222354954377	687.345902042511	210	48	9	27	218	236	221	15	4	36	12076	815	403	18	209	244	9	21	0	0	30	0	-440	-6	4	0
6	2	4	0	62	26	up	2	512	575.092979003442	3450.27025496033	556.370500984582	1375.45955961326	502.231042978759	2663.05465512467	504.116422379148	1147.10807341563	512	512	546.502968098273	635.544084394931	-593.346009825206	687.632079257086	207	38	3	28	236	212	232	20	5	43	12171	814	306	21	195	255	5	27	0	0	48	0	-538	-8	4	0
6	2	4	0	62	26	up	3	512	576.700369874066	3316.76266082424	578.858938319268	1589.56555064268	538.639616785325	3214.06078140773	523.450097862416	1405.98654444036	512	512	559.774084460484	672.934691839964	-593.40109231186	687.762233255242	213	36	12	23	228	217	203	24	8	60	12202	774	319	17	190	303	9	26	0	0	52	0	-485	-8	3	0
6	2	4	0	63	27	up	0	512	501.801182935942	2485.98156451285	537.401195898775	1252.25904499569	552.483075633448	3210.19753249538	487.899097915049	1118.16629145325	512	512	575.797649717554	701.466506230915	-593.245969936038	687.402595798524	207	24	3	19	259	207	215	23	10	57	12688	778	345	13	194	268	10	20	0	0	35	0	-431	-6	4	0
6	2	4	0	63	27	up	1	512	414.318700423138	1819.91502496894	464.554455534535	970.672333387278	497.483075633448	2755.92702266413	507.879396575661	1202.30602199394	512	512	593.752724883692	744.815500295588	-593.405498482996	687.771636219065	230	45	6	12	219	223	215	21	5	48	12684	732	388	20	172	242	8	17	0	0	32	0	-364	-5	5	0
6	2	4	0	63	27	up	2	512	513.811826054068	2598.37674277957	536.424310065247	1301.45088033605	491.703178933759	2711.53791404248	497.431162771339	1173.49969677653	512	512	594.381404616184	749.312190807367	-593.320533600644	687.574675060912	209	31	8	18	246	240	202	19	9	42	12647	784	376	17	216	331	6	20	0	0	37	0	-430	-6	5	0
6	2	4	0	63	27	up	3	512	498.81463511376	2659.13980006968	507.20957206749	1143.88995609749	548.586401194694	3284.45573312253	513.872069627302	1240.04423711629	512	512	582.261709269492	712.785943961055	-593.603532606949	688.230638623573	212	47	5	20	228	227	211	25	7	42	12712	761	332	19	162	189	6	26	0	0	40	0	-455	-6	5	0
6	2	4	0	64	28	up	0	512	613.785218258752	3495.2003266065	635.283754557072	1769.06187577213	433.390393190328	2252.60501996621	437.06617798813	919.796701978137	512	512	624.575532381484	817.791195611983	-593.609238322145	688.245439589985	188	37	13	24	250	237	197	17	4	57	13217	723	381	15	136	267	6	28	0	0	48	0	-352	-6	5	0
6	2	4	0	64	28	up	1	512	560.018773736882	3218.96945354168	568.002053559864	1538.8019316231	458.663415520947	2281.10939520632	472.116473672395	967.363876610954	512	512	604.818002823939	766.661572158561	-593.374582628296	687.700849798362	210	45	10	23	224	227	226	17	4	38	13195	763	363	15	162	240	10	20	0	0	34	0	-418	-6	3	0
6	2	4	0	64	28	up	2	512	662.527864045	4138.28835061959	619.885465125207	1877.79836625441	431.907614117203	2073.73268074574	452.220482438268	900.161931925114	512	512	605.006058413822	766.249691401071	-593.333208645346	687.603133915453	196	38	13	30	235	219	222	16	2	53	13246	731	340	19	157	200	11	34	0	0	56	0	-409	-6	3	0
6	2	4	0	64	28	up	3	512	590.193792065318	3467.84780576925	580.263313229741	1578.96617608958	511.278937010327	2830.36787902338	494.026622994934	1072.50071953926	512	512	606.389335238757	768.999585366137	-593.294218210053	687.512872625342	197	43	8	26	238	209	211	20	9	63	13122	786	404	24	141	210	10	19	0	0	38	0	-422	-7	4	0
6	2	4	0	65	29	up	0	512	795.891056319369	5269.86256925657	795.834477917397	2715.65169282957	447.936734411888	2367.13076639955	448.71028052148	972.477274345836	512	512	631.478405434375	839.142379579381	-593.400840825534	687.761749791671	178	36	23	36	239	238	202	18	4	50	13674	781	370	23	135	318	5	22	0	0	42	0	-437	-6	5	0
6	2	4	0	65	29	up	1	512	685.819660112501	4397.31872716397	704.447774106337	2023.06303384827	421.178123948451	2180.89066143166	432.86382009615	988.813165426075	512	512	643.826394491116	853.315204692799	-593.748149844507	688.568994781217	172	41	4	36	259	255	188	16	5	48	13793	703	343	9	115	262	2	27	0	0	48	0	-370	-6	6	0
6	2	4	0	65	29	up	2	512	797.071396206868	5170.66800078625	793.780241456318	2526.89579745913	360.676867698766	1445.83304228192	387.532716459204	600.916021567385	512	512	638.416829818415	847.365430346646	-593.633607312875	688.300982810042	150	29	13	39	281	248	205	10	3	46	13647	767	421	13	141	223	4	26	0	0	44	0	-364	-6	4	0
6	2	4	0	65	29	up	3	512	765.413598805306	4783.64679950697	794.671131851387	2568.47176043894	422.135848036269	2181.12184600537	414.661787992428	850.218329974281	512	512	631.9173886769	839.328106846374	-593.121709537873	687.115972117486	161	29	19	33	270	236	188	16	5	67	13573	841	405	29	158	244	6	22	0	0	38	0	-474	-7	4	0
6	2	4	0	66	30	up	0	512	656.045084971875	4031.8627958085	677.187194238288	1967.38302066923	405.377237572832	2064.51699595311	381.309096754864	778.475044053592	512	512	644.679182559088	865.725356088625	-593.37196409228	687.696353841475	186	33	8	31	254	245	181	15	5	66	14182	791	360	27	120	233	7	27	0	0	50	0	-470	-6	3	0
6	2	4	0	66	30	up	1	512	706.54634122156	4559.47363054886	698.493585488232	2073.96746735065	330.202219244396	1372.27999660524	326.731788252665	480.210222457388	512	512	658.011703318405	891.923689810073	-593.51753919828	688.030852696481	185	33	10	35	249	262	178	10	2	60	14174	784	376	26	105	302	4	22	0	0	36	0	-448	-6	4	0
6	2	4	0	66	30	up	2	512	633.785218258752	3672.82948355806	647.569176983876	1767.93954393713	356.708797053144	1578.82400861179	362.061591548105	705.618407199559	512	512	640.164768100213	854.117489290272	-593.489456536401	687.967987248622	168	38	7	28	271	258	181	11	4	58	14096	886	355	23	135	218	8	26	0	0	42	0	-569	-8	3	0
6	2	4	0	66	30	up	3	512	540.973688765007	2649.2735021753	607.998546348659	1576.55585503793	358.57102963815	1659.13421184745	360.215635558294	652.763041717098	512	512	665.236577094263	915.738325327973	-593.387945940767	687.731595514379	188	43	16	15	250	250	167	11	6	78	14116	789	438	17	112	209	8	27	0	0	46	0	-377	-6	4	0
6	2	4	0	67	31	up	0	512	734.938950350936	4493.19408704748	792.203383722584	2525.08582523133	400.552255901268	1783.86652444631	412.037271172594	755.892402388434	512	512	677.978985749195	951.919757088137	-593.382210195701	687.718316381089	147	41	15	32	277	224	214	13	3	58	14667	772	414	19	69	190	5	28	0	0	48	0	-389	-7	4	0
6	2	4	0	67	31	up	1	512	1003.37353883217	7462.98065830514	909.565792303033	3447.57500448166	402.687510816892	2081.11569140332	392.833646891738	748.641288285386	512	512	674.152000387809	942.824481498139	-593.761983050159	688.598050221094	159	35	23	56	239	254	182	16	3	57	14653	816	392	11	114	225	8	25	0	0	44	0	-443	-7	4	0
6	2	4	0	67	31	up	2	512	900.989060321552	6366.72251431597	857.880848350632	2900.27791532158	384.748560465956	1943.88778236357	375.905558008248	792.947766133185	512	512	674.268732200143	941.020083757851	-593.335367619576	687.609363041299	157	34	18	48	255	263	170	14	5	60	14553	893	397	29	83	225	5	25	0	0	46	0	-542	-6	4	0
6	2	4	0	67	31	up	3	512	906.819363552179	6275.68310410146	865.035028938371	2992.65500391437	316.486181253463	1121.71483995739	356.946334898559	692.911305725441	512	512	681.399961639888	967.305438053807	-593.378871096439	687.710445549023	143	43	23	45	258	247	178	6	6	75	14558	854	438	22	107	267	6	24	0	0	42	0	-452	-6	4	0
6	2	4	0	68	32	up	0	512	991.514115306859	7233.17519845647	926.269991914347	3441.06599098915	344.448930340022	1644.13714755352	332.838044816449	660.722829330441	512	512	696.038609171938	1009.21099579052	-593.216811503405	687.337558673746	146	31	20	55	260	276	152	11	6	67	14955	951	458	20	77	189	2	18	0	0	32	0	-525	-6	4	0
6	2	4	0	68	32	up	1	512	982.596451192175	7183.36680290173	895.290491073378	3199.75162729833	321.385368191588	1421.94881864222	305.503032313029	462.797573604781	512	512	690.453423172307	982.941176512561	-593.100935348806	687.066007047538	139	42	19	55	257	273	149	9	6	75	15010	925	423	26	87	216	7	19	0	0	38	0	-539	-6	3	0
6	2	4	0	68	32	up	2	512	870.562009338427	5900.88365725989	892.563560980663	3003.09222863559	272.31648448409	973.745273139745	281.173231298085	327.793087803483	512	512	701.472588836916	1019.96768253884	-593.389009529298	687.733365762882	147	29	17	44	275	273	155	7	1	76	15106	850	411	17	87	207	7	32	0	0	56	0	-461	-7	5	0
6	2	4	0	68	32	up	3	512	825.487804071866	5478.6709931303	864.786684239117	3007.89252576664	337.441096281589	1575.97010487847	314.827774654583	461.74831969011	512	512	708.914229127127	1036.26702576763	-593.54585533179	688.095680062402	162	31	20	39	260	257	162	12	2	79	15049	862	455	18	96	215	5	19	0	0	30	0	-431	-7	4	0
6	2	4	0	69	33	up	0	512	870.437397540929	5998.73476688208	874.711588754643	3023.56959630568	279.175908009403	824.204281796239	304.060415421758	430.265757246974	512	512	721.747627086062	1070.682360701	-593.733830630203	688.534254505733	151	36	17	45	263	250	178	5	2	77	15613	847	414	22	71	178	5	27	0	0	50	0	-469	-6	4	0
6	2	4	0	69	33	up	1	512	1025.05794402905	7643.36064829968	946.815467577515	3555.68990103542	304.02468841659	1204.97321049849	301.976787777931	385.087708606102	512	512	725.776429816338	1081.64388118456	-593.476247072109	687.934496996062	141	44	22	58	247	257	167	9	1	78	15535	892	456	13	41	182	5	15	0	0	26	0	-454	-8	5	0
6	2	4	0	69	33	up	2	512	978.702585813114	7159.77109979557	925.137376370571	3380.19332790893	324.902589118462	1367.16461671081	295.652098009926	397.466334217285	512	512	719.849747308859	1066.97686412221	-593.400442840233	687.761545500751	142	46	21	54	249	267	157	8	7	73	15555	911	409	21	48	231	3	19	0	0	32	0	-540	-6	4	0
6	2	4	0	69	33	up	3	512	889.535698103434	5982.80794245089	918.438660316899	3343.57790174936	274.427940664092	996.164786624759	293.240344486726	482.032684671769	512	512	731.381594726453	1099.41398353159	-593.571235801308	688.15653183081	135	60	31	39	247	273	146	6	4	83	15582	841	444	29	63	227	6	24	0	0	38	0	-440	-5	4	0
6	2	4	0	70	34	up	0	512	824.307464184367	5396.95369888968	874.579633290449	2846.47122037829	288.64523490471	1188.90009156767	299.118331769309	429.426456020211	512	512	726.549755776003	1084.3208054228	-593.644324826204	688.327127742461	138	32	13	41	288	291	151	9	1	60	16021	968	401	18	32	99	3	26	0	0	48	0	-583	-6	5	0
6	2	4	0	70	34	up	1	512	1026.41892036437	7390.80170289186	982.234347761193	3581.17326793243	282.343092279406	1220.35627779406	280.350905132412	408.646291184165	512	512	759.055066729505	1182.84101337831	-593.479136725532	687.942756196189	110	73	33	51	245	278	135	9	2	88	16004	897	480	27	44	207	2	14	0	0	26	0	-451	-7	4	0
6	2	4	0	70	34	up	2	512	931.668143959365	6401.1937189006	918.687325327329	3219.76131591991	318.62424522878	1653.08571132483	305.382856427748	495.980719891165	512	512	736.193642796837	1110.8292825054	-593.708440661681	688.473319100152	126	43	23	46	274	276	129	13	2	92	16103	871	418	16	33	135	4	32	0	0	50	0	-477	-8	3	0
6	2	4	0	70	34	up	3	512	827.551662780623	5538.66512171816	861.785052730179	2889.69972948822	231.741022967845	830.53263732915	254.630771860066	295.156574592347	512	512	737.986911640628	1116.55705263417	-593.512122348493	688.01879330326	142	54	19	40	257	297	121	6	1	87	15986	952	451	19	42	159	4	23	0	0	42	0	-527	-7	3	0
6	2	4	0	71	35	up	0	512	1036.99438188061	7539.63739768995	1041.31675176924	3972.66853128838	268.122988979095	831.857915561036	298.193787898159	478.242629513417	512	512	757.209656509017	1173.52235334394	-593.348032082312	687.640571060259	118	58	29	54	253	257	154	4	5	92	16363	1022	510	25	14	87	2	23	0	0	40	0	-534	-8	4	0
6	2	4	0	71	35	up	1	512	982.625868047183	7145.04186449773	1008.04971767014	3835.97537395393	314.528753725968	1374.18302387898	300.057734869517	452.335093877969	512	512	764.339104899079	1195.18517797373	-593.793253296104	688.669543017267	127	72	28	51	234	259	148	9	5	91	16546	907	450	17	18	92	2	20	0	0	36	0	-480	-6	4	0
6	2	4	0	71	35	up	2	512	940.538210602804	6314.77739599257	964.391765069799	3410.87838435076	291.33496166065	1113.57800391277	303.335286966137	482.918978442851	512	512	757.744832054996	1176.07636439141	-593.635254365013	688.302566706578	121	51	33	41	266	278	154	7	4	69	16479	935	486	20	21	83	2	22	0	0	44	0	-473	-6	4	0
6	2	4	0	71	35	up	3	512	1139.04981341029	8321.03525679183	1119.91694551667	4348.55293738416	370.231636099404	1946.84252905592	325.870213342529	668.438219831741	512	512	767.165875579598	1205.41285532893	-593.461223159455	687.902420581796	97	41	31	60	283	254	141	13	8	96	16452	934	503	31	27	80	0	11	0	0	20	0	-465	-9	4	0
# final_twist	35
# forced_steps	0
# sweeps_total	178912
# completion	PASS
