# format	twist_snake_sector_blocks_v2
# status	NON-CANONICAL floating-point engineering diagnostic
# L	6
# k	1
# chain	3
# kind	2
# kind_name	control
# base	2
# restriction	-1
# schedule	round_trip
# seed	202609306123
# seam_size	36
# start_twist	36
# chain_initial	hotT
# warmup_sweeps	512
# dwell_sweeps	16384
# dwell_long_sweeps	32768
# visit_sweeps	2048
# equilibration_sweeps	32
# post_forcing_sweeps	512
# block_length	512
# segments	72
# seam_order	x2_fastest_then_x3
# class_rule	class0_if_2W_ge_minus_n_else_classMinus
# action_density	minus_sum_logW_divided_by_6L4
# sampling	every_production_sweep_after_full_heatbath_sweep
L	k	chain	kind	segment	n	phase	block	count	sumFn	sumFn2	sumFi	sumFi2	sumBn	sumBn2	sumBi	sumBi2	sumPFi	sumPFi2	sumY	sumY2	sumS	sumS2	hF0	hF1	hF2	hF3	hF4	hB0	hB1	hB2	hB3	hB4	sec0	secMinus	secPlus	secOther	untMinus	untPlus	untOther	pure0	pureMinus	purePlus	flips	classMinus	sumW	minW	maxW	forced
6	1	3	2	0	36	dwell	0	512	0	0	0	0	437.734854995383	664.789432078542	435.536227450339	456.161300386324	0	0	1154.23799707391	2665.54243252231	-593.500784692949	687.99123805839	0	0	0	0	0	295	128	5	3	81	1172	22	16852	386	0	0	0	0	0	23	46	0	17606	27	40	0
6	1	3	2	0	36	dwell	1	512	0	0	0	0	401.986111245068	568.330002768871	410.22645922128	406.372837304044	0	0	1166.8867909847	2712.45021341677	-593.631787498073	688.296767945798	0	0	0	0	0	296	106	4	4	102	1142	22	16837	431	0	0	0	0	0	22	40	0	17675	29	40	0
6	1	3	2	0	36	dwell	2	512	0	0	0	0	412.533228871631	623.482997591933	416.454926797032	422.515171771436	0	0	1141.06778939614	2595.01035922591	-593.557444740366	688.125347864996	0	0	0	0	0	291	110	5	5	101	1234	28	16805	365	0	0	0	0	0	26	44	0	17505	27	39	0
6	1	3	2	0	36	dwell	3	512	0	0	0	0	424.020553098816	675.794304665437	432.985939734556	479.455974796911	0	0	1152.2241193172	2637.66834362165	-593.646420324733	688.332232820242	0	0	0	0	0	300	112	6	2	92	1116	31	16911	374	0	0	0	0	0	28	52	0	17633	28	39	0
6	1	3	2	0	36	dwell	4	512	0	0	0	0	442.111796007892	719.858175769249	436.997515296511	472.177010089255	0	0	1161.82818866666	2687.66037156361	-593.680564108636	688.410921529305	0	0	0	0	0	271	137	6	0	98	1103	32	16934	363	0	0	0	0	0	32	59	0	17628	28	39	0
6	1	3	2	0	36	dwell	5	512	0	0	0	0	442.1786470607	789.168148321301	446.619845908956	535.038711731287	0	0	1159.12674166287	2681.41164231375	-593.649499521632	688.338996813409	0	0	0	0	0	270	124	8	6	104	1135	23	16872	402	0	0	0	0	0	31	53	0	17654	25	40	0
6	1	3	2	0	36	dwell	6	512	0	0	0	0	434.933488775082	637.239552791539	440.367268157702	475.599938927407	0	0	1146.69101201746	2627.16574304852	-593.275159664703	687.470547945058	0	0	0	0	0	264	141	4	5	98	1172	32	16827	401	0	0	0	0	0	23	42	0	17605	28	40	0
6	1	3	2	0	36	dwell	7	512	0	0	0	0	433.906104574763	702.079457047479	432.528391110465	463.702820619872	0	0	1165.47096083673	2711.36984833827	-593.290017980714	687.506894147838	0	0	0	0	0	273	126	6	7	100	1165	25	16813	429	0	0	0	0	0	36	66	0	17648	27	40	0
6	1	3	2	0	36	dwell	8	512	0	0	0	0	442.725764687264	717.318927205316	443.20809090193	478.455870625727	0	0	1135.95578086216	2574.41320815133	-592.946418066565	686.711452358933	0	0	0	0	0	277	134	6	2	93	1199	45	16803	385	0	0	0	0	0	24	44	0	17525	27	39	0
6	1	3	2	0	36	dwell	9	512	0	0	0	0	435.96996328352	713.118487322855	432.09852720652	466.395138757117	0	0	1167.56178581924	2719.1942579332	-593.359283848178	687.667432980085	0	0	0	0	0	261	135	6	2	108	1114	24	16870	424	0	0	0	0	0	20	36	0	17696	29	40	0
6	1	3	2	0	36	dwell	10	512	0	0	0	0	427.543392145076	581.582785087736	444.653463329676	488.467805932579	0	0	1154.23356099212	2656.24186227813	-593.676288738631	688.398186896864	0	0	0	0	0	280	134	3	6	89	1113	26	16930	363	0	0	0	0	0	30	58	0	17631	28	39	0
6	1	3	2	0	36	dwell	11	512	0	0	0	0	430.815934631013	697.835555011546	432.048810201471	462.16627265227	0	0	1159.00763511762	2674.92910814299	-593.207908872186	687.313740373979	0	0	0	0	0	277	126	6	1	102	1130	23	16877	402	0	0	0	0	0	18	31	0	17664	27	39	0
6	1	3	2	0	36	dwell	12	512	0	0	0	0	449.654848325078	766.867043657125	442.684133291371	485.874089718047	0	0	1160.6011479414	2686.17881077356	-593.428480957027	687.826864531312	0	0	0	0	0	272	136	7	2	95	1211	33	16803	385	0	0	0	0	0	18	37	0	17534	27	39	0
6	1	3	2	0	36	dwell	13	512	0	0	0	0	480.806844322895	895.790774863363	463.962270984123	541.877410619219	0	0	1158.27123588598	2668.62955718423	-593.51348815114	688.021098750825	0	0	0	0	0	259	153	9	3	88	1087	30	16968	347	0	0	0	0	0	29	52	0	17633	29	39	0
6	1	3	2	0	36	dwell	14	512	0	0	0	0	458.234375150701	778.535335896652	455.879375006911	527.031257644985	0	0	1161.02713632258	2692.1523158019	-593.492664384631	687.974644064675	0	0	0	0	0	274	139	7	6	86	1159	26	16823	424	0	0	0	0	0	24	44	0	17646	27	39	0
6	1	3	2	0	36	dwell	15	512	0	0	0	0	441.209023605071	708.568146668627	440.112002253884	475.994041374252	0	0	1170.81779359627	2728.73617177988	-593.716643543367	688.493496939476	0	0	0	0	0	292	128	6	1	85	1040	27	16961	404	0	0	0	0	0	41	72	0	17739	28	40	0
6	1	3	2	0	36	dwell	16	512	0	0	0	0	415.815934631013	599.917594336539	426.18412106087	446.686555760303	0	0	1161.123015242	2689.88028307009	-593.570414649987	688.155863356321	0	0	0	0	0	277	123	4	4	104	1104	29	16919	380	0	0	0	0	0	43	76	0	17655	26	40	0
6	1	3	2	0	36	dwell	17	512	0	0	0	0	433.925358156326	740.088769775839	427.4959786109	458.241059707953	0	0	1164.99261345647	2705.40833826003	-593.496060876553	687.980994815319	0	0	0	0	0	272	124	7	3	106	1087	24	16913	408	0	0	0	0	0	28	50	0	17709	28	40	0
6	1	3	2	0	36	dwell	18	512	0	0	0	0	472.601152889766	878.038663936909	450.951775042176	520.391321191304	0	0	1158.05314185557	2669.42050516141	-593.261013213062	687.437587513665	0	0	0	0	0	265	143	9	6	89	1169	33	16807	423	0	0	0	0	0	22	44	0	17621	27	39	0
6	1	3	2	0	36	dwell	19	512	0	0	0	0	426.400486455378	677.9943038391	424.730957359095	446.369796360513	0	0	1155.00457489568	2667.37948293929	-593.154007860236	687.190394908561	0	0	0	0	0	303	112	6	3	88	1223	24	16755	430	0	0	0	0	0	14	24	0	17589	27	39	0
6	1	3	2	0	36	dwell	20	512	0	0	0	0	437.773362158509	740.754841944633	431.355605043046	460.983087594681	0	0	1139.21577118736	2594.50174791657	-593.270560200037	687.457176463805	0	0	0	0	0	285	122	7	3	95	1278	28	16769	357	0	0	0	0	0	26	48	0	17454	27	39	0
6	1	3	2	0	36	dwell	21	512	0	0	0	0	461.756141231635	890.749965226053	451.536236609294	527.524434360072	0	0	1151.87315696254	2641.75887785295	-593.52910987556	688.057502427271	0	0	0	0	0	279	127	10	3	93	1109	29	16941	353	0	0	0	0	0	34	58	0	17617	28	39	0
6	1	3	2	0	36	dwell	22	512	0	0	0	0	422.715601413819	640.108276650157	425.913711815857	448.604843944297	0	0	1154.98194095308	2663.77190772341	-593.611941231106	688.252161600863	0	0	0	0	0	296	118	5	1	92	1151	22	16875	384	0	0	0	0	0	22	42	0	17625	26	39	0
6	1	3	2	0	36	dwell	23	512	0	0	0	0	428.67613456133	699.100302574932	425.672393299316	459.695559086091	0	0	1158.68936623559	2677.7276972753	-593.531403333602	688.062315811708	0	0	0	0	0	260	127	6	7	112	1176	30	16830	396	0	0	0	0	0	16	28	0	17596	28	40	0
6	1	3	2	0	36	dwell	24	512	0	0	0	0	432.601152889766	629.33799750252	433.919303110005	460.320693940394	0	0	1151.41241375985	2638.05340759287	-593.592784514187	688.204324142061	0	0	0	0	0	273	136	4	5	94	1133	19	16888	392	0	0	0	0	0	28	42	0	17650	29	39	0
6	1	3	2	0	36	dwell	25	512	0	0	0	0	421.785558086643	540.240438340821	432.246891222265	447.576201573444	0	0	1166.938729535	2714.85304064184	-593.462108952984	687.905112811877	0	0	0	0	0	275	139	2	2	94	1078	14	16952	388	0	0	0	0	0	26	48	0	17718	28	41	0
6	1	3	2	0	36	dwell	26	512	0	0	0	0	450.806844322895	737.06350063366	448.302439666714	505.156860216168	0	0	1169.72407472889	2719.68435690023	-593.582135226074	688.181856873892	0	0	0	0	0	263	145	6	2	96	1039	23	16984	386	0	0	0	0	0	31	54	0	17738	28	40	0
6	1	3	2	0	36	dwell	27	512	0	0	0	0	400.73892030476	535.37257937306	409.318332510022	410.218858828877	0	0	1153.82549017254	2651.20914730084	-593.776153798865	688.629954133501	0	0	0	0	0	281	113	3	8	107	1088	31	16949	364	0	0	0	0	0	25	46	0	17652	28	39	0
6	1	3	2	0	36	dwell	28	512	0	0	0	0	436.142172552263	742.453292439973	435.890115488661	497.051016279421	0	0	1126.20211299329	2535.66879144605	-593.434415111497	687.839733712201	0	0	0	0	0	273	124	7	5	103	1301	37	16725	369	0	0	0	0	0	20	38	0	17427	28	39	0
6	1	3	2	0	36	dwell	29	512	0	0	0	0	435.903112230711	680.81073070985	437.299216877511	486.716608556349	0	0	1183.37070858764	2788.59598322572	-593.76461433409	688.602031029722	0	0	0	0	0	250	142	5	5	110	991	24	17014	403	0	0	0	0	0	34	60	0	17799	29	41	0
6	1	3	2	0	36	dwell	30	512	0	0	0	0	476.142172552263	991.180566669677	451.301353858249	536.069703991639	0	0	1145.759152698	2616.58920989844	-593.423167744896	687.814290974581	0	0	0	0	0	269	132	12	2	97	1212	34	16808	378	0	0	0	0	0	27	44	0	17526	28	40	0
6	1	3	2	0	36	dwell	31	512	0	0	0	0	420.882785683822	603.087880094872	431.536231844617	455.974922734245	0	0	1157.48660035301	2671.07394626482	-593.679210854586	688.406318557964	0	0	0	0	0	292	123	4	1	92	1135	22	16942	333	0	0	0	0	0	32	58	0	17589	29	41	0
6	1	3	2	1	35	down	0	512	557.899046921333	1130.24311151541	576.673499033152	820.501614335562	483.840326487281	802.126041347706	482.92553184453	580.589791098449	512	512	1142.73103297821	2606.58904977946	-593.563646429245	688.138981684289	264	41	2	12	193	241	177	6	2	86	1169	23	16347	381	28	19	0	0	0	24	46	0	17086	27	38	0
6	1	3	2	1	35	down	1	512	583.072329155403	1215.18059145979	599.924861297165	883.804845900303	465.259726696331	684.471485451265	471.72119732839	541.157055250779	512	512	1155.99830694186	2658.64278337798	-593.632724752128	688.299380769969	243	38	7	13	211	276	161	4	1	70	1042	14	16481	383	30	16	1	0	0	27	46	0	17237	28	38	0
6	1	3	2	1	35	down	2	512	612.919373468223	1419.6111970351	607.193157867783	918.590541009253	483.839253521955	971.443543134499	472.701182329	568.268378534617	512	512	1131.88483360842	2557.29129347649	-593.393531986356	687.745669120395	218	48	6	17	223	262	145	11	2	92	1163	27	16389	341	40	16	1	0	0	26	48	0	17038	24	38	0
6	1	3	2	1	35	down	3	512	600.971036248846	1324.16241497524	598.702915253468	874.872233046854	438.109763353203	674.745092639159	450.517226194995	492.774835513185	512	512	1142.53424537434	2609.66926481023	-593.466069810841	687.913166317669	228	43	5	15	221	274	136	5	3	94	1181	35	16314	390	12	19	0	0	0	21	42	0	17060	27	40	0
6	1	3	2	2	34	down	0	512	542.735927960709	1106.62714518554	559.343029241771	794.66299275005	494.376207875074	944.00229857275	481.537146764437	579.664858585559	512	512	1133.1080467311	2567.20545081903	-593.509859553405	688.014499485231	258	55	4	12	183	280	149	10	5	68	1103	22	15936	347	45	35	0	0	0	33	54	0	16612	26	38	0
6	1	3	2	2	34	down	1	512	566.814974941651	1261.20541989317	560.726436836653	796.467546872191	499.510982946016	958.357957480692	486.122664058301	585.793020408581	512	512	1127.49652453991	2541.05359252396	-593.394461891212	687.745757809329	239	60	7	15	191	265	157	10	7	73	1099	27	15906	376	45	28	3	0	0	26	42	0	16632	24	38	0
6	1	3	2	2	34	down	2	512	548.926431121652	1086.59610964382	548.490397408581	742.43836695953	487.044944955084	870.058183206282	482.917968470797	586.418213633862	512	512	1132.70130342759	2562.06932562673	-593.343734664711	687.629430428916	247	54	3	11	197	260	162	8	3	79	1122	19	15890	377	60	20	1	0	0	31	52	0	16627	26	37	0
6	1	3	2	2	34	down	3	512	557.6316427101	1075.20277150869	567.851286386013	782.567139323092	464.03980668038	814.229342118841	466.183716928643	546.06251375938	512	512	1135.98986452765	2574.33303332721	-593.742039961303	688.553229608272	224	58	4	10	216	299	131	8	3	71	1048	25	15983	352	49	37	3	0	0	26	46	0	16662	27	39	0
6	1	3	2	3	33	down	0	512	597.160466444463	1420.5309205453	575.162547229943	827.483077860011	468.263792005709	803.781906975487	475.187572185787	563.958970226177	512	512	1132.0479431996	2556.39962600481	-593.619427598583	688.267957318598	238	51	5	18	200	258	154	7	3	90	983	24	15549	340	80	60	2	0	0	28	46	0	16205	26	36	0
6	1	3	2	3	33	down	1	512	537.688330489464	1030.24666197591	552.654366975838	758.421384307811	451.266784349761	653.021809578752	465.54701064914	534.65517445395	512	512	1117.17545598205	2494.85605464117	-593.552577741304	688.110815597798	246	57	8	10	191	289	143	4	6	70	1110	26	15425	335	56	47	2	0	0	20	32	0	16069	21	37	0
6	1	3	2	3	33	down	2	512	538.349896640081	1059.14111221224	539.523182790541	710.200923377672	461.680199870708	680.69454609143	471.79659671646	526.21690711437	512	512	1138.25618548348	2590.02607729405	-593.401588635768	687.762372670063	272	47	0	11	182	270	160	4	2	76	1024	22	15465	385	91	33	2	0	0	24	36	0	16216	25	36	0
6	1	3	2	3	33	down	3	512	555.529276838217	1173.55531240156	556.647458108446	792.620717616586	459.500819672572	775.364601166151	459.445278464474	513.682275594367	512	512	1120.98054123367	2507.89705475487	-593.601144293649	688.225208688848	238	63	2	13	196	292	137	7	0	76	1051	23	15474	348	113	57	2	0	0	27	51	0	16151	26	38	0
6	1	3	2	4	32	down	0	512	547.707584071027	1084.09189605428	555.494886284088	771.189864969961	471.843318831333	807.558846335322	475.286322668432	564.686298467857	512	512	1120.48090222285	2507.8715413875	-593.632821840718	688.299243018414	245	55	6	11	195	264	155	7	2	84	1034	26	14982	342	124	86	4	0	0	24	45	0	15642	23	36	0
6	1	3	2	4	32	down	1	512	547.25673435228	1123.54866045274	544.807338626145	733.862615396041	456.468410473512	736.767264424693	463.828436888514	526.73831691183	512	512	1102.74584228641	2432.74970277551	-593.557272511126	688.123322361489	241	64	0	12	195	285	141	6	2	78	1069	24	14959	332	122	54	1	0	0	21	41	0	15602	23	36	0
6	1	3	2	4	32	down	2	512	537.99531482915	1028.9903415916	555.547714052989	756.843652398161	496.689290178826	913.921148928723	489.259017867102	597.750284641785	512	512	1114.11153422388	2476.86014659194	-593.391063615855	687.737979831946	251	54	7	10	190	276	157	9	5	65	999	22	15010	353	119	69	0	0	0	16	32	0	15700	22	35	0
6	1	3	2	4	32	down	3	512	559.464458440098	1075.1677365343	563.700074240666	773.934231729442	482.438033929141	819.954853513351	485.087346701537	575.641027442717	512	512	1096.43861251737	2408.08245146087	-593.313348762942	687.559412509711	232	52	3	10	215	275	158	7	3	69	1078	18	14953	335	114	42	2	0	0	37	68	0	15609	24	36	0
6	1	3	2	5	31	down	0	512	587.362092568214	1369.27637539124	565.530382868616	820.39854356629	507.841286176644	937.035566580264	516.062278333609	663.835209005811	512	512	1115.34051094441	2481.2840080951	-593.360702277855	687.66860254097	234	56	7	17	198	267	169	9	4	63	984	18	14514	356	98	74	6	0	0	34	62	0	15209	24	34	0
6	1	3	2	5	31	down	1	512	544.214161879775	1076.49455518114	542.898401381596	722.497122769922	543.216194534464	1113.66306984091	525.061796361435	676.400587779058	512	512	1100.02799326748	2423.79573690927	-593.153562897197	687.18717860855	253	54	2	11	192	246	189	12	2	63	1049	32	14404	387	139	74	5	0	0	32	56	0	15149	23	34	0
6	1	3	2	5	31	down	2	512	582.72683765259	1325.82848301234	565.299559456859	806.274839598969	527.255661386953	1149.97480935984	511.965130398874	678.886995981899	512	512	1103.01648334632	2437.96452191902	-593.639972798821	688.317373400987	240	54	1	16	201	266	161	14	1	70	1014	14	14522	322	164	71	1	0	0	18	34	0	15153	23	34	0
6	1	3	2	5	31	down	3	512	580.836261177903	1286.02626624696	567.170363556493	806.606286500537	534.290103240702	1159.5211505814	518.766851781361	694.067266289608	512	512	1094.37577942249	2396.11695714681	-593.314929456827	687.561789952727	239	51	4	15	203	270	164	14	2	62	1002	20	14528	322	160	67	5	0	0	25	46	0	15155	23	33	0
6	1	3	2	6	30	down	0	512	536.488737020401	1028.72293738036	528.471840840756	682.306641826876	511.939586739149	949.676369606878	503.811802921584	631.580591367745	512	512	1105.53065647388	2438.18716685316	-593.579903993728	688.177696935659	251	57	2	10	192	255	177	9	3	68	851	15	14152	342	151	87	3	0	0	28	49	0	14814	24	34	0
6	1	3	2	6	30	down	1	512	517.150303171019	988.810290001051	511.503700331979	655.124167199192	482.688330489464	868.98501590085	493.23639263824	620.913048003196	512	512	1105.29761329801	2443.268063831	-593.553500563661	688.116025111614	269	60	1	10	172	246	164	8	3	91	936	21	14024	379	159	81	3	0	0	26	44	0	14764	23	34	0
6	1	3	2	6	30	down	2	512	538.619446781966	1034.93446935312	539.575659723515	725.692439851187	493.378240529763	944.115381702839	486.991014575362	596.091841347308	512	512	1074.55731379746	2306.46104279707	-593.371290873143	687.691528281075	242	60	5	10	195	277	150	10	4	71	1040	23	14013	284	185	82	3	0	0	24	44	0	14559	21	33	0
6	1	3	2	6	30	down	3	512	482.418780347578	856.109619434978	490.881383310537	593.522392015036	553.052002608513	1299.0076242635	513.772389412556	665.525161993391	512	512	1083.27245006457	2343.01686517425	-593.564428668623	688.140393360528	276	73	1	8	154	269	164	17	1	61	998	23	14044	295	150	73	6	0	0	29	54	0	14612	22	32	0
6	1	3	2	7	29	down	0	512	562.582972273529	1221.08435855617	551.2923379804	757.523258320189	519.147310826967	930.459524338429	522.425188012442	663.731569379841	512	512	1066.91935423299	2282.12856729124	-593.166351978353	687.218582957812	237	62	3	14	196	246	191	8	2	65	1063	28	13442	315	208	122	3	0	0	24	46	0	14046	20	32	0
6	1	3	2	7	29	down	1	512	501.037887301654	901.48125128348	509.497559125647	637.269477884055	516.939586739149	994.649761811563	518.712856997741	673.329532986408	512	512	1072.51002353127	2298.2700856872	-593.33227802389	687.603055896565	243	80	2	8	179	251	176	10	5	70	994	17	13498	339	206	85	3	0	0	20	38	0	14161	21	33	0
6	1	3	2	7	29	down	2	512	520.164531753841	968.329146141384	530.516616262313	692.463631436668	521.017560754765	1101.56993016225	518.6140524755	695.282110987466	512	512	1088.08695034066	2364.65019059173	-593.738811765388	688.545665598606	244	69	3	9	187	269	159	13	3	68	872	13	13661	302	187	115	6	0	0	37	70	0	14255	22	33	0
6	1	3	2	7	29	down	3	512	550.212129225086	1158.41029578541	544.774524209321	746.361382124788	497.486704365713	854.020050875243	515.43442640988	670.082022561497	512	512	1070.06498747877	2298.87933908182	-593.187053909319	687.267153095648	248	59	6	13	186	254	176	7	4	71	999	20	13528	301	197	133	5	0	0	19	38	0	14107	22	34	0
6	1	3	2	8	28	down	0	512	523.081419463521	1112.58235264231	507.792835726444	650.905588637144	531.228277186634	1222.70606649547	518.972952136962	710.077660616646	512	512	1070.65536508636	2295.6083801569	-593.373320212742	687.6966660606	253	77	2	13	167	271	148	16	8	69	924	19	13099	294	263	116	8	0	0	21	42	0	13672	21	32	0
6	1	3	2	8	28	down	1	512	476.736887650072	876.521142318027	475.45400647058	561.957905750997	538.369150221644	1134.15264087965	532.456600117733	706.190661816849	512	512	1062.93157133653	2255.71555823827	-593.670002059873	688.385712377356	284	74	6	9	139	259	174	13	5	61	886	19	13154	277	230	98	8	0	0	29	52	0	13690	22	32	0
6	1	3	2	8	28	down	2	512	513.887923958526	955.151759462054	516.757203595931	672.227810700869	517.581899308203	1022.5637230539	519.604095925146	687.787190668218	512	512	1077.83986059245	2321.55185431794	-593.507282246182	688.009886143452	249	70	4	9	180	270	164	11	6	61	879	15	13096	346	225	86	4	0	0	23	34	0	13771	22	32	0
6	1	3	2	8	28	down	3	512	494.089550082277	888.087900753297	493.017051770342	594.057837076135	544.645758016959	1110.2745960293	542.030718723564	755.115393704439	512	512	1059.4374906186	2242.74906932129	-593.375190221915	687.700435675165	249	82	0	8	173	258	185	12	3	54	984	19	13072	261	215	102	8	0	0	25	46	0	13576	22	30	0
6	1	3	2	9	27	down	0	512	478.858507103518	890.315385008187	479.751985918114	582.17419137357	557.064198536647	1167.24710268471	546.615979201674	743.816744997938	512	512	1059.62276582276	2249.01090684867	-593.531834581552	688.064179404502	265	86	2	9	150	259	190	13	1	49	851	30	12661	282	282	126	4	0	0	19	34	0	13197	18	30	0
6	1	3	2	9	27	down	1	512	496.478573746957	956.869267859543	493.526443574545	612.979887999347	513.14827051633	980.779246195955	514.96847077199	663.907184366804	512	512	1056.81094428771	2231.35612199319	-594.052627905278	689.273973615952	262	79	2	10	159	272	168	10	1	61	830	25	12716	253	215	121	5	0	0	31	52	0	13195	20	31	0
6	1	3	2	9	27	down	2	512	475.17362206196	778.291886964573	483.457011598178	570.000395223527	506.296201204769	823.694105382632	532.179397218654	694.446910587883	512	512	1061.25298775218	2256.65079884994	-593.326174506576	687.589277504001	262	79	2	6	163	273	179	6	6	48	919	16	12570	319	256	119	6	0	0	26	50	0	13195	19	33	0
6	1	3	2	9	27	down	3	512	476.459320165393	738.913170721814	493.365817554279	597.108570693376	527.716674379146	1081.94598975716	523.924799717659	689.772280985574	512	512	1053.95797756523	2222.43843932363	-593.520594098119	688.038516815163	271	67	6	5	163	259	173	12	2	66	844	16	12676	288	276	99	9	0	0	23	42	0	13238	21	30	0
6	1	3	2	10	26	down	0	512	471.660946289145	732.68523336307	488.335667976641	581.033359722932	558.062165881958	1167.13401955462	544.986581196643	726.149022478763	512	512	1050.82259187991	2209.66909677073	-593.927470148313	688.980855975597	271	72	2	5	162	262	189	13	2	46	787	16	12240	269	264	143	6	0	0	27	44	0	12764	20	29	0
6	1	3	2	10	26	down	1	512	497.590989616321	1057.47324828646	483.526599690105	610.421123565422	526.085484772899	935.396106338471	544.323835920129	731.581023791179	512	512	1052.65787989355	2219.58677320806	-593.604853665186	688.234007457823	280	78	3	13	138	259	190	8	4	51	803	16	12236	257	261	133	9	0	0	31	54	0	12737	18	28	0
6	1	3	2	10	26	down	2	512	497.888883647889	878.442657585217	499.294574851339	609.077583516189	517.064198536647	918.519828455002	528.98921804202	685.440897843351	512	512	1032.28277735041	2135.41154388202	-593.674407781117	688.396546080122	283	57	2	8	162	263	182	8	4	55	841	23	12180	268	265	132	4	0	0	28	54	0	12689	19	29	0
6	1	3	2	10	26	down	3	512	524.731862651331	1000.59166537067	518.260226256225	675.033403290936	499.415788003526	858.594775122368	515.099639625715	652.2467416905	512	512	1059.22005294823	2243.17882023187	-593.122624911377	687.118488024218	268	54	4	10	176	253	179	7	2	71	800	21	12156	335	256	130	8	0	0	33	62	0	12807	19	29	0
6	1	3	2	11	25	down	0	512	471.296201204769	768.241772862272	482.101499126689	567.003454325068	552.19897360759	1091.62936938796	557.585792150799	754.992899634482	512	512	1038.92900354077	2166.23017352445	-593.439193004251	687.850244828037	269	77	3	6	157	248	199	11	3	51	842	17	11661	280	294	164	9	0	0	23	45	0	12205	17	28	0
6	1	3	2	11	25	down	1	512	508.216194534464	909.935795611202	498.665799596118	598.396510485448	560.673142217278	1106.27061312338	562.201854223709	761.229034702476	512	512	1045.36910163406	2188.37193600269	-593.37399028263	687.699676272943	250	70	3	8	181	249	206	11	1	45	816	16	11720	248	306	172	8	0	0	24	43	0	12202	18	29	0
6	1	3	2	11	25	down	2	512	505.980126556964	906.643999543701	503.035177320761	627.620185002148	630.222292498531	1516.04667106561	611.650742395537	935.971194408448	512	512	1040.53037439612	2165.37493246815	-593.513278542812	688.020678602717	250	72	2	8	180	229	223	19	4	37	819	20	11723	238	265	163	1	0	0	32	58	0	12180	18	28	0
6	1	3	2	11	25	down	3	512	497.581899308203	990.865272558561	487.604262072919	619.358229117575	543.926431121652	1004.54067811414	561.282900263334	762.433456029206	512	512	1052.31108811747	2218.5685921391	-593.244122324692	687.398625345441	266	78	6	11	151	251	201	9	4	47	801	15	11696	288	270	157	8	0	0	34	60	0	12261	17	28	0
6	1	3	2	12	24	down	0	512	450.585964617581	771.528243239025	447.75483851321	508.235316665677	500.384338493829	960.290552443122	501.893847649255	627.49425138282	512	512	1019.2320191939	2086.82512076764	-593.314320796377	687.561329889363	264	99	3	7	139	268	159	10	3	72	806	20	11185	277	335	134	5	0	0	26	45	0	11720	17	28	0
6	1	3	2	12	24	down	1	512	434.961832664764	667.69276259781	443.645341342766	477.688557872868	508.234375150701	1080.18057080136	495.225021816269	633.445502978095	512	512	1027.5179183645	2115.147299029	-593.557401162455	688.124763760442	277	94	4	5	132	270	150	13	2	77	785	20	11225	258	328	153	13	0	0	23	40	0	11722	17	28	0
6	1	3	2	12	24	down	2	512	452.111796007892	698.638665589583	461.502375596274	525.426216917749	527.361019602888	1147.02846565927	511.521539096174	674.540057741373	512	512	1024.60976437639	2108.2623733836	-593.028408822888	686.897247717374	275	84	1	5	147	271	158	14	3	66	790	18	11231	249	346	142	8	0	0	32	56	0	11713	16	27	0
6	1	3	2	12	24	down	3	512	441.670036597263	714.650190125306	442.045096015773	479.640173275276	535.70148610696	1134.13623549366	518.061719294989	670.485226946947	512	512	1014.40097675308	2065.75816156907	-593.585036011017	688.18962215621	277	93	4	6	132	250	176	13	4	69	822	21	11185	260	367	149	13	0	0	23	40	0	11681	17	27	0
6	1	3	2	13	23	down	0	512	487.064198536647	796.847985754976	503.252608472136	614.05224770293	494.415788003526	776.53934359269	516.121750205032	637.996879848142	512	512	1024.73541623313	2101.13020219105	-593.31612329694	687.563606437454	263	69	4	6	170	257	183	5	3	64	675	17	10816	268	371	173	3	0	0	29	56	0	11336	16	26	0
6	1	3	2	13	23	down	1	512	553.100673045085	1235.15486095038	532.676904431471	732.754222938466	564.300266514147	1252.56772248657	559.506092999471	812.86437462207	512	512	994.666269168545	1991.19658901965	-593.778671396563	688.636528316775	248	65	5	15	179	251	186	15	5	55	822	13	10716	225	344	155	6	0	0	26	46	0	11154	14	27	0
6	1	3	2	13	23	down	2	512	513.724804997901	918.287459218162	513.877661639401	639.984445802678	541.699453452271	1067.85685777454	544.281748983495	729.409176957334	512	512	1015.6453561527	2066.77095881207	-593.69524409621	688.443379735209	255	64	0	8	185	265	187	11	0	49	762	13	10758	243	280	170	7	0	0	26	50	0	11233	17	25	0
6	1	3	2	13	23	down	3	512	501.604258509781	867.588127305224	501.248490487081	604.33019847774	517.428943621023	957.100759810471	528.147442948829	702.269251852902	512	512	1013.6046886708	2060.49481126799	-593.556406715054	688.125249897445	241	77	2	7	185	261	180	9	1	61	795	9	10720	252	350	200	9	0	0	20	38	0	11217	17	26	0
6	1	3	2	14	22	down	0	512	537.055108228528	1217.1890103755	523.521663166792	724.698953324288	520.989216865083	1034.03468103098	527.451117608368	719.709953304749	512	512	1013.68151054299	2057.19420478973	-593.770419654042	688.617976067694	229	89	4	15	175	256	171	11	7	67	655	14	10359	236	350	198	12	0	0	30	52	0	10814	16	25	0
6	1	3	2	14	22	down	1	512	472.639660052892	879.893210743642	474.549217257262	580.941146562816	545.222292498531	1047.78280905151	556.221337564749	758.280123561611	512	512	1020.01818506932	2087.95726459548	-593.29003187898	687.505946786964	263	91	4	9	145	241	202	10	2	57	661	13	10360	230	348	211	8	0	0	25	46	0	10809	16	25	0
6	1	3	2	14	22	down	2	512	497.544465110402	893.857302615022	494.129505014748	601.930260396102	521.248603733524	890.258190643315	539.126540917905	707.193250830775	512	512	1013.76509534906	2054.97488894821	-593.360401030905	687.67116200279	247	80	2	8	175	265	191	7	1	48	698	17	10311	238	391	170	13	0	0	28	52	0	10771	14	26	0
6	1	3	2	14	22	down	3	512	513.906104574763	1088.34110312254	500.842133223156	639.404091282484	525.662978943834	1005.27947274788	527.056560768746	681.344386637366	512	512	1018.07399019008	2076.81399394308	-593.788684311204	688.659882833487	273	71	2	13	153	264	180	10	1	57	693	12	10307	252	347	188	10	0	0	23	42	0	10801	16	25	0
6	1	3	2	15	21	down	0	512	502.946644392578	852.007183554699	514.937443599915	660.036495520531	491.881825994459	841.085235842081	515.136766029028	657.318519447978	512	512	1003.26396938247	2020.04171305182	-593.947705769088	689.028945727468	272	53	11	7	169	262	169	7	4	70	675	11	9827	239	410	202	6	0	0	21	39	0	10295	11	24	0
6	1	3	2	15	21	down	1	512	518.993282174461	1034.26084729116	507.017800424972	659.331060873918	537.342838986651	1066.75708267379	546.056111234345	747.31532402532	512	512	982.11621203569	1944.07994064028	-593.585923321271	688.190758228697	250	73	5	11	173	247	188	11	4	62	715	23	9809	205	428	197	8	0	0	27	45	0	10201	15	24	0
6	1	3	2	15	21	down	2	512	489.952742356645	836.537119390271	492.143400916916	593.017186022291	507.332675713206	936.628471443625	518.32743961486	658.405740733643	512	512	986.838207461303	1957.22491174666	-593.709447840862	688.477600414024	267	69	2	7	167	266	169	9	4	64	658	15	9889	190	406	189	12	0	0	37	60	0	10257	14	24	0
6	1	3	2	15	21	down	3	512	477.399526766015	884.319816886283	475.818648868446	561.897207212645	534.233415461338	1024.5038679095	538.219124820729	709.975760627073	512	512	979.089405035963	1932.58299185748	-593.723205189252	688.507805385126	273	82	2	9	146	252	190	10	2	58	734	12	9766	240	409	205	8	0	0	20	36	0	10237	14	23	0
6	1	3	2	16	20	down	0	512	448.925358156326	652.649749416507	464.24963428146	529.306370759344	585.903112230711	1289.16994420998	580.44324512454	836.598933769891	512	512	987.6511151811	1958.78283271369	-593.635144261794	688.303461625089	280	77	7	4	144	250	202	15	5	40	686	11	9314	229	461	214	15	0	0	17	32	0	9764	14	23	0
6	1	3	2	16	20	down	1	512	478.253628732264	885.298530650031	476.911013144968	573.9477730429	545.289143551339	1080.03735007388	555.585135591287	775.153245862996	512	512	986.923307813846	1950.15004125119	-593.517745956333	688.032423650832	273	81	3	9	146	244	193	11	7	57	644	12	9370	214	436	221	13	0	0	29	50	0	9787	15	23	0
6	1	3	2	16	20	down	2	512	493.004405137268	876.008513944465	493.466145182216	596.705770987641	555.894021922593	1100.91673357737	563.408128713978	787.495118146919	512	512	989.516895168895	1961.92224244813	-593.326556977221	687.589679079435	265	70	7	8	162	240	204	11	4	53	630	8	9396	206	429	193	11	0	0	26	44	0	9802	15	22	0
6	1	3	2	16	20	down	3	512	439.270849659139	637.41205448892	458.603238433569	508.625379625212	565.23138280665	1220.2000983341	551.629117642371	750.587178410568	512	512	993.958798483766	1982.86805125081	-593.122259655302	687.115776282498	283	84	2	4	139	251	194	14	1	52	614	20	9408	198	448	256	8	0	0	30	54	0	9787	14	23	0
6	1	3	2	17	19	down	0	512	469.184745024767	688.82004343821	479.360563157027	543.975359637754	594.12913021073	1212.64268981236	600.735387189476	867.511414819278	512	512	976.634792579018	1919.1997976544	-593.63214288877	688.298949167787	281	64	1	4	162	214	237	12	3	46	610	13	8907	198	482	234	11	0	0	27	50	0	9291	13	21	0
6	1	3	2	17	19	down	1	512	506.527244183528	983.01650454643	491.665385046674	608.674466502676	582.93755408446	1356.99122714088	579.338725551297	842.647305069445	512	512	976.44037970806	1914.72511676465	-593.706457049803	688.469217485841	241	85	2	10	174	246	191	17	6	52	535	13	8968	212	499	216	9	0	0	22	41	0	9384	14	22	0
6	1	3	2	17	19	down	2	512	463.493762019142	753.843100773027	475.54104560083	576.40744538349	571.018633720091	1159.76019242549	582.864237744792	837.694538192413	512	512	981.848757014305	1935.427939898	-593.808772382313	688.708763912925	271	81	4	6	150	248	209	12	1	42	575	10	8941	202	399	184	4	0	0	34	57	0	9335	13	21	0
6	1	3	2	17	19	down	3	512	451.545424799765	658.394318713166	465.02886643701	524.690453498203	565.903112230711	1220.41606218496	574.217335940876	818.321139001017	512	512	972.086357131454	1897.19482760752	-593.323069396227	687.581507060495	281	76	3	4	148	250	193	14	4	51	578	20	8943	187	523	245	20	0	0	18	34	0	9294	13	22	0
6	1	3	2	18	18	down	0	512	436.996274518512	780.514045528715	435.084394309372	490.122721237466	501.143245517589	787.368612993873	510.305334339534	621.694049093145	512	512	970.870297799479	1898.18988919476	-593.735949625672	688.537221662223	273	107	3	8	121	260	188	5	1	58	550	17	8481	168	480	213	8	0	0	43	67	0	8802	13	21	0
6	1	3	2	18	18	down	1	512	483.09050977164	967.518485670181	460.760200320022	539.640197823516	522.111796007892	1106.06660625367	514.544851835717	684.137182667257	512	512	959.241697480035	1850.29987533798	-593.781766458364	688.643994768556	267	89	3	11	142	263	162	13	3	71	568	7	8446	195	483	219	10	0	0	27	49	0	8829	13	22	0
6	1	3	2	18	18	down	2	512	402.745018268827	469.518926378979	416.454227481228	418.140491852665	486.133082244144	755.131354643399	503.400838051317	608.991511083001	512	512	957.017410490047	1848.75372962709	-593.18441007679	687.260873508402	280	100	4	1	127	275	171	5	2	59	611	15	8397	193	514	244	13	0	0	31	54	0	8764	11	21	0
6	1	3	2	18	18	down	3	512	423.023658718831	580.70074906809	440.315985550409	484.701645723744	490.528203872891	906.307402669593	488.209431420171	581.706801032908	512	512	965.957591751874	1874.35959860245	-593.407385989587	687.775318420353	268	101	3	3	137	275	156	9	0	72	584	15	8399	218	477	217	17	0	0	21	42	0	8822	13	21	0
6	1	3	2	19	17	down	0	512	508.73389530602	902.813395621067	512.421806194594	648.492130954986	501.411722694148	821.286569537195	530.61184942284	695.113925586101	512	512	959.26050382005	1855.91510154643	-593.522538264644	688.042492282959	269	58	2	8	175	259	180	6	7	60	549	22	7924	209	515	217	7	0	0	34	64	0	8321	10	20	0
6	1	3	2	19	17	down	1	512	525.461352820082	1040.67148875661	519.919379588538	672.70023904958	550.489696709764	1221.90740432227	542.299877197001	754.768021543052	512	512	970.10656304024	1894.14458680039	-593.904455211749	688.928829066118	264	61	1	11	175	269	170	15	4	54	520	5	7981	198	487	274	13	0	0	23	42	0	8373	12	20	0
6	1	3	2	19	17	down	2	512	495.980126556964	816.670607339016	507.994679389343	629.125000034377	535.519113564772	1022.18058319642	549.166588222676	750.876166818582	512	512	940.308916222012	1782.1648383046	-593.010777306432	686.859559031998	254	69	2	6	181	257	186	10	7	52	614	18	7897	175	547	262	16	0	0	25	46	0	8229	11	20	0
6	1	3	2	19	17	down	3	512	539.779460122576	1203.97436451935	529.450701039256	736.501326881544	528.407657384771	971.922932422343	536.159620478959	690.170043671036	512	512	967.501135105465	1878.81326659135	-593.897138040064	688.911934948195	268	62	5	15	162	269	185	9	1	48	496	10	8018	180	494	243	10	0	0	32	60	0	8368	11	20	0
6	1	3	2	20	16	down	0	512	477.208063915708	779.920267511126	480.852042092086	564.301586594495	532.381346149778	1060.69366880552	537.324021635566	728.072399196852	512	512	940.294295256566	1780.53651681994	-593.383576898139	687.722053568702	266	75	2	6	163	245	187	11	1	68	580	12	7431	169	520	263	15	0	0	27	52	0	7758	10	19	0
6	1	3	2	20	16	down	1	512	472.534301836958	845.784122914535	472.789586583938	571.477265014377	558.293208860717	1104.0440061544	566.140156533087	782.801493526517	512	512	951.747134099481	1820.59597743628	-593.477270299362	687.936989511165	262	89	1	8	152	242	205	11	4	50	473	6	7541	172	532	261	15	0	0	25	48	0	7881	11	18	0
6	1	3	2	20	16	down	2	512	489.309356822265	977.940659934726	482.248815816643	599.368268646799	558.993282174461	1208.82404287088	555.841336447228	786.875454772925	512	512	936.620157129917	1762.40353552559	-593.612387710871	688.24873048748	269	84	1	11	147	246	187	14	8	57	517	17	7502	156	574	272	11	0	0	23	44	0	7797	11	19	0
6	1	3	2	20	16	down	3	512	492.956807666023	955.874148709808	482.141637059756	579.635406796238	529.829203524473	880.857315010077	552.383226188356	732.621126221016	512	512	945.051358887725	1797.90078575808	-593.48697041791	687.960551487986	253	88	0	10	161	234	211	6	5	56	532	13	7480	167	489	272	15	0	0	26	52	0	7801	9	19	0
6	1	3	2	21	15	down	0	512	444.894981611955	688.329574455127	465.379768023657	535.849996966653	553.350969605407	1098.88125789418	559.282212045607	774.854999692839	512	512	925.623359904691	1722.15056395061	-593.784795444754	688.651216761037	270	92	2	5	143	235	204	11	4	58	418	12	7109	141	644	243	10	0	0	34	62	0	7379	10	17	0
6	1	3	2	21	15	down	1	512	513.292135895391	1053.79831236147	491.584116867131	613.594139476843	551.517080910083	1231.17836312568	551.314369093689	791.284231574005	512	512	921.292424804307	1711.64903303754	-593.488371800056	687.964908896895	267	71	3	12	159	252	177	15	4	64	558	13	6944	165	584	267	14	0	0	19	36	0	7261	9	17	0
6	1	3	2	21	15	down	2	512	490.826097904458	875.498538087064	493.88307113144	631.766425689065	557.448197202586	1132.59122879355	561.585920208823	776.734488205358	512	512	944.022027629578	1786.91228338005	-593.588701104179	688.198207812375	262	75	3	8	164	256	195	12	3	46	447	11	7026	196	573	296	13	0	0	23	44	0	7408	11	18	0
6	1	3	2	21	15	down	3	512	457.264751695072	734.990765773656	462.231216067983	521.230714641585	524.022699029469	903.341123780961	543.340491332922	708.414183878101	512	512	941.826451564061	1783.54754302525	-593.436242641862	687.842648242986	292	73	2	6	139	246	200	7	1	58	471	4	7036	169	529	279	15	0	0	26	52	0	7374	10	17	0
6	1	3	2	22	14	down	0	512	499.040879645706	996.887448475781	489.387424570472	616.614527582232	564.070296500714	1368.69943107338	547.274271625563	778.499723760448	512	512	923.804223198956	1720.87597576753	-593.550726280235	688.109792460486	262	81	2	11	156	230	179	18	5	80	459	12	6542	155	592	313	12	0	0	14	28	0	6841	8	17	0
6	1	3	2	22	14	down	1	512	464.587997272269	758.36638465977	467.718645438817	539.22828004459	549.223252187894	1188.04931531841	552.896504808944	778.673324164131	512	512	920.219153177028	1715.71502736446	-593.022419158846	686.884159965179	269	83	0	6	154	259	177	14	5	57	483	12	6495	178	615	297	10	0	0	18	34	0	6840	9	17	0
6	1	3	2	22	14	down	2	512	442.93755408446	616.272816667368	459.541476749518	509.728093138698	558.130089900093	1030.09766658551	571.888396962881	784.10455481331	512	512	924.32252840019	1716.06178100768	-593.550724397149	688.109036727792	266	89	0	3	154	248	213	9	3	39	437	9	6573	149	556	277	10	0	0	25	40	0	6864	10	16	0
6	1	3	2	22	14	down	3	512	450.805771357569	721.050629181431	455.027707655589	501.572583189304	549.626504435396	1117.29189109626	553.543815407002	755.140820494381	512	512	913.678146399292	1679.4622283909	-593.556479956475	688.123497646362	296	74	5	6	131	263	188	12	1	48	463	7	6547	151	634	321	15	0	0	25	46	0	6841	9	17	0
6	1	3	2	23	13	down	0	512	493.157360824448	1015.6621636332	473.748059102414	568.303917753174	554.790696361347	1029.81208175804	582.01683481588	845.058899492185	512	512	912.455136103014	1675.3046983412	-593.804296170253	688.698172433706	278	79	2	12	141	232	214	9	7	50	450	8	6044	154	564	291	11	0	0	24	45	0	6340	8	15	0
6	1	3	2	23	13	down	1	512	466.641692707581	835.032901669047	462.37629178216	537.604999095731	576.143245517589	1239.76994586265	584.25005006686	851.744632024142	512	512	903.116349868427	1640.32821422666	-593.643212926393	688.321965263471	264	92	1	8	147	244	202	14	5	47	436	10	6058	152	620	253	8	0	0	28	54	0	6352	8	16	0
6	1	3	2	23	13	down	2	512	479.828130559147	859.775699867141	472.687631680275	556.287336968353	610.836261177903	1481.83557980166	597.443658396734	898.078210306821	512	512	913.779523413353	1678.69248698542	-593.509817591881	688.015652260656	259	86	0	8	159	235	208	19	2	48	436	2	6074	144	603	319	18	0	0	23	44	0	6358	8	15	0
6	1	3	2	23	13	down	3	512	449.26175935102	697.8595102907	459.715325865136	525.677337144298	593.186777679456	1368.84222348711	586.084432192456	852.433789160011	512	512	912.282309957792	1689.34997494359	-593.173961698112	687.235226092629	265	92	2	5	148	262	195	17	2	36	493	12	6002	149	615	316	12	0	0	25	47	0	6288	7	16	0
6	1	3	2	24	12	down	0	512	424.760206541013	613.111386401857	432.596767628963	467.017394522158	519.424878311645	1031.01206440496	519.450732530249	669.312685803458	512	512	879.55657812179	1563.86017643192	-593.502738541656	687.997652353733	281	95	4	4	128	263	171	11	1	66	406	10	5600	128	682	279	21	0	0	20	36	0	5847	8	14	0
6	1	3	2	24	12	down	1	512	434.290103240702	630.42136721728	439.720095050149	473.793904540652	467.169556752582	651.03689697003	497.636003179655	593.42254084395	512	512	899.961719105454	1634.89817407079	-593.755676023702	688.584319825441	282	89	0	4	137	276	166	3	3	64	364	9	5639	132	698	313	22	0	0	30	54	0	5891	7	15	0
6	1	3	2	24	12	down	2	512	476.957767355386	916.167262772019	455.572844082497	527.938713281188	521.6507830157	1137.01338653136	507.903065394293	646.989257142706	512	512	888.305001544767	1598.9934124179	-593.590996262128	688.205739210154	275	83	7	10	137	270	153	14	5	70	387	9	5602	146	733	331	22	0	0	19	34	0	5886	7	14	0
6	1	3	2	24	12	down	3	512	481.76630450508	893.849752721856	463.419849303033	539.108630327934	514.961832664764	979.79033002288	508.096136277573	627.969137452267	512	512	906.202374562766	1655.12991651294	-593.704882972379	688.465475943884	268	82	2	9	151	277	165	10	5	55	407	10	5590	137	575	291	15	0	0	43	82	0	5854	8	15	0
6	1	3	2	25	11	down	0	512	524.856474448829	1146.82092898749	515.686172348516	701.011588196524	515.346904296029	812.898993669929	537.080118146691	688.403305098787	512	512	895.00627485116	1609.17330400203	-593.966786911597	689.074912107521	260	74	5	14	159	253	199	5	4	51	370	6	5156	100	625	309	20	0	0	29	52	0	5350	7	13	0
6	1	3	2	25	11	down	1	512	498.67613456133	921.251085590632	503.963198083086	639.813487117815	527.188810334145	1006.47415036248	543.288425772367	736.195208733997	512	512	885.936193681219	1586.49807679033	-593.814264173439	688.717922653453	268	69	4	9	162	263	179	10	5	55	382	7	5145	98	610	337	19	0	0	29	52	0	5334	7	13	0
6	1	3	2	25	11	down	2	512	477.832195868525	711.726924417977	493.98287244308	596.830077335125	551.795721360087	1125.35796987575	555.743690806112	774.764319150142	512	512	890.937827683945	1601.63215278363	-593.735616915646	688.538365049591	261	70	2	4	175	252	193	12	2	53	327	4	5174	127	657	300	16	0	0	27	48	0	5424	7	13	0
6	1	3	2	25	11	down	3	512	489.539326835698	935.919814407272	487.255383355873	598.45835353165	574.80994994291	1210.68613957078	576.405313015554	824.464672109002	512	512	893.103365308937	1603.40532546979	-593.692309065305	688.434128199781	282	71	3	10	146	223	213	13	6	57	350	5	5152	125	645	302	16	0	0	25	42	0	5397	7	14	0
6	1	3	2	26	10	down	0	512	473.685224869449	911.16061082319	465.543184139821	555.782251139525	561.978093902275	1179.01207266833	559.628797399773	766.283458853475	512	512	882.685683998822	1575.36524558052	-593.617222263554	688.262509920633	278	85	3	10	136	249	196	13	3	51	290	5	4702	123	733	354	18	0	0	23	46	0	4946	6	13	0
6	1	3	2	26	10	down	1	512	474.223252187894	883.869708568342	475.444972274525	582.701998508715	588.014568410713	1368.61828142935	573.024444235314	838.428489309571	512	512	881.412188021918	1570.64044496759	-593.650114914339	688.338899366106	259	92	5	9	147	242	198	17	3	52	339	4	4676	101	683	326	21	0	0	25	46	0	4874	6	12	0
6	1	3	2	26	10	down	2	512	493.897014266644	915.92381383994	479.583387527104	568.857329412406	573.417820658215	1236.99832806188	563.462171376075	790.365622213226	512	512	889.366369915515	1596.86883249929	-593.41186765161	687.78505168048	263	76	3	9	161	242	202	14	3	51	284	3	4710	123	667	328	18	0	0	30	52	0	4953	6	12	0
6	1	3	2	26	10	down	3	512	478.349896640081	852.826250546555	479.955136541626	587.398807844216	565.029756682898	1181.42803569285	561.881686718696	785.756035171231	512	512	880.305894741987	1558.44612022751	-593.406561788676	687.774671424026	264	82	5	8	153	251	195	13	7	46	355	7	4639	119	686	322	7	0	0	23	44	0	4872	6	13	0
6	1	3	2	27	9	down	0	512	468.974028592897	768.796986103394	476.819303571486	569.762088887649	540.596127891025	1033.80763748489	560.256321255755	785.399022814991	512	512	854.51177647532	1476.96774294876	-593.569614479438	688.15303078317	259	85	3	6	159	253	193	10	4	52	317	6	4201	84	788	321	11	0	0	33	56	0	4363	5	11	0
6	1	3	2	27	9	down	1	512	448.762239195702	652.840880702294	457.063260790002	501.059525888079	552.602225855092	1094.98280822517	557.934665160152	758.264497623993	512	512	861.720093290462	1505.59028608033	-593.5722237993	688.15611604056	282	77	4	4	145	244	202	11	1	54	338	12	4157	101	693	366	15	0	0	31	56	0	4348	4	11	0
6	1	3	2	27	9	down	2	512	466.133082244144	797.543767207415	461.244942200729	525.239767168181	557.611316163211	1243.5663920968	567.165216954947	840.375032659665	512	512	854.342372279867	1473.27921681943	-593.62444557942	688.278791575873	263	88	4	7	150	242	182	15	9	64	329	5	4170	104	747	357	10	0	0	30	60	0	4374	5	12	0
6	1	3	2	27	9	down	3	512	441.401559420704	606.568154931997	453.45350441405	490.334346909613	561.652928946352	1121.24312804215	566.363561389472	788.179881138597	512	512	883.106203877336	1576.81024452968	-593.520216476641	688.037900878404	278	81	4	3	146	220	218	11	0	63	270	2	4260	76	729	347	15	0	0	24	48	0	4412	5	12	0
6	1	3	2	28	8	down	0	512	439.933488775082	682.239552791539	451.172476081166	513.402952621136	571.728870307279	1198.85952681744	578.4205508058	828.774997275676	512	512	863.14645129809	1504.31182325032	-593.721474313725	688.504774895071	264	99	3	5	141	237	205	13	7	50	246	4	3773	73	703	357	14	0	0	31	56	0	3915	5	10	0
6	1	3	2	28	8	down	1	512	455.595054925699	920.165042701286	454.712282877306	551.38983604255	569.079386808832	1369.08789662161	550.19447300556	785.614514003033	512	512	845.904828036971	1454.03839702231	-593.428100552664	687.823149293724	270	107	3	11	121	248	176	18	5	65	292	12	3703	89	822	381	22	0	0	33	52	0	3869	4	10	0
6	1	3	2	28	8	down	2	512	466.822992284443	819.782780129714	465.890697652517	545.979053470399	586.795721360087	1329.05863631014	572.169410707049	808.29381740771	512	512	850.938281529906	1465.12638865957	-593.226666353771	687.356277644134	298	70	2	8	134	244	200	16	5	47	252	3	3740	101	797	377	25	0	0	24	42	0	3941	5	11	0
6	1	3	2	28	8	down	3	512	496.190842988834	921.970822322225	481.703849778043	576.617611802413	549.406697695408	1019.46795564919	573.595763091758	812.796643025006	512	512	859.293129745145	1497.86011697995	-593.619747126934	688.268088912335	256	78	5	9	164	235	209	9	7	52	302	5	3697	92	707	364	16	0	0	26	46	0	3880	4	10	0
6	1	3	2	29	7	down	0	512	468.685224869449	866.187218618506	458.464462844699	541.945320013494	624.271922624465	1539.59566893502	631.640645199477	1018.95662407111	512	512	841.754138375727	1431.91862065528	-593.564329513754	688.140739660355	282	83	1	9	137	234	212	20	4	42	230	4	3269	81	775	332	23	0	0	39	62	0	3427	4	9	0
6	1	3	2	29	7	down	1	512	438.042912300395	679.519375351148	448.399101010839	511.884627916622	585.309470098229	1123.31896439048	608.795002961817	879.610905705092	512	512	846.524510252265	1452.30569513556	-593.35480836886	687.654942724603	263	101	3	5	140	222	238	10	2	40	263	5	3222	94	806	397	24	0	0	21	40	0	3405	4	9	0
6	1	3	2	29	7	down	2	512	452.303258858198	728.900744110068	461.386679455203	530.53315721993	587.630569744774	1254.99921361116	592.634786707018	856.060707606721	512	512	832.139555962592	1409.92369237838	-593.596829561818	688.215447175876	286	80	3	6	137	253	207	14	5	33	236	1	3271	76	828	317	24	0	0	27	44	0	3423	3	9	0
6	1	3	2	29	7	down	3	512	470.278980277895	767.427582588995	469.333128099073	543.527744551021	618.811982597599	1393.30698675091	621.20343868018	941.269590632483	512	512	850.300150746587	1458.63748978456	-593.602585937415	688.228175739625	267	79	3	6	157	220	232	16	5	39	237	3	3259	85	816	386	17	0	0	36	54	0	3427	4	9	0
6	1	3	2	30	6	down	0	512	432.87979333977	597.62846731194	434.047212475349	456.147269803893	570.029756682898	1189.37260416317	581.236995485756	831.644046016462	512	512	831.107116138707	1400.55744871254	-593.628776343202	688.288634545437	265	95	5	3	144	255	199	13	4	41	209	5	2795	63	850	384	22	0	0	34	59	0	2917	3	8	0
6	1	3	2	30	6	down	1	512	427.399526766015	545.619150451895	435.60719599275	459.789241735979	614.982159211653	1488.7482189176	593.758336994073	876.414392505195	512	512	842.826285313356	1444.17819295964	-593.242182107549	687.394784728385	281	85	5	2	139	231	210	19	6	46	197	5	2788	82	811	449	30	0	0	25	50	0	2947	3	8	0
6	1	3	2	30	6	down	2	512	418.665971287885	637.778788960416	427.088677261647	462.462457887606	586.133082244144	1395.39743259655	581.373460875373	867.661366012887	512	512	831.775753692168	1401.82800326151	-593.760030367943	688.59363857785	287	101	0	5	119	251	186	18	7	50	212	7	2796	57	787	390	16	0	0	21	32	0	2903	3	8	0
6	1	3	2	30	6	down	3	512	404.146237861641	546.896752940771	415.985960585918	422.094745049889	573.878833650407	1206.02493998888	589.421796777088	863.89933647736	512	512	850.387032148813	1463.65491106682	-593.690966309702	688.434115908756	275	111	1	3	122	231	210	13	5	53	199	4	2810	59	822	476	19	0	0	24	38	0	2924	3	8	0
6	1	3	2	31	5	down	0	512	431.180679715389	625.196976187349	444.283755994676	501.239237160763	621.863645378222	1395.74955757074	627.213109553852	953.157213202752	512	512	817.83440675723	1362.07636256689	-593.531329009208	688.064417157216	279	92	3	4	134	226	232	16	5	33	174	3	2320	63	863	405	22	0	0	21	38	0	2443	2	7	0
6	1	3	2	31	5	down	1	512	452.601152889766	735.173918852533	453.346624651989	508.312654113162	636.911242849467	1562.10343298506	626.546728259136	970.734766075499	512	512	808.064322077249	1328.15766252222	-593.539205096869	688.080878411049	273	88	3	6	142	234	223	20	1	34	138	5	2363	54	894	377	18	0	0	18	36	0	2466	2	7	0
6	1	3	2	31	5	down	2	512	453.897014266644	704.27857893523	456.994794359558	505.031394880793	597.274914968517	1484.19255257262	595.431808662028	919.924929708978	512	512	824.466856372598	1381.60287656847	-593.439741155067	687.851482405462	267	87	3	5	150	257	184	20	4	47	182	3	2301	74	851	421	22	0	0	18	34	0	2447	2	7	0
6	1	3	2	31	5	down	3	512	443.358986948199	715.70695204475	448.516111538741	502.332198349721	613.964938284779	1413.82316558497	630.783978003216	1001.51084999101	512	512	823.096747643443	1369.46007067445	-593.448610523632	687.871472456979	282	89	3	6	132	237	218	17	4	36	150	3	2355	52	858	402	18	0	0	31	54	0	2457	2	6	0
6	1	3	2	32	4	down	0	512	416.103665389136	597.734000548864	419.09017202387	432.491973049859	606.662019254471	1370.27904443414	627.959420227207	993.054753341147	512	512	815.148063844482	1348.85384456678	-594.005760399017	689.165818263341	283	100	4	4	121	222	220	16	9	45	147	4	1861	36	915	419	20	0	0	27	48	0	1929	1	6	0
6	1	3	2	32	4	down	1	512	427.082379152884	723.749075545086	422.147329637786	463.870608814194	698.744058579465	2138.91096717782	660.855578379809	1156.10559914907	512	512	810.414681372773	1333.88472608755	-593.427571849748	687.822559759038	283	104	3	7	115	206	210	33	9	54	213	3	1786	46	839	399	17	0	0	26	50	0	1875	1	6	0
6	1	3	2	32	4	down	2	512	422.648750361011	644.855951566831	423.333306035773	447.926497096723	639.646830982285	1573.27860372534	640.052482690407	1022.07521112096	512	512	806.689058229461	1322.63183660319	-593.756162032356	688.583247727287	281	100	5	5	121	209	228	20	11	44	131	5	1867	45	879	404	24	0	0	22	42	0	1952	1	6	0
6	1	3	2	32	4	down	3	512	419.884818338511	603.200963224962	424.59920781095	435.279295562187	611.844391796659	1378.98636281736	623.744935741006	959.026649191682	512	512	805.310811169547	1319.17462779289	-593.693659353289	688.441032244011	289	95	0	4	124	227	225	16	4	40	150	5	1840	53	914	427	21	0	0	28	50	0	1941	1	5	0
6	1	3	2	33	3	down	0	512	415.402519110066	699.30028935354	401.014297280953	400.292958285105	642.727910617916	1473.91231409433	666.100106783704	1083.48696027224	512	512	788.922506982821	1267.46426092568	-593.858961040521	688.823934027195	292	106	5	7	102	203	247	17	11	34	101	2	1409	24	928	422	24	0	0	26	50	0	1455	0	4	0
6	1	3	2	33	3	down	1	512	438.052002608513	746.074135488416	421.608990631809	445.33504000004	621.489809985728	1364.72472913735	642.212338510016	1013.26349714024	512	512	804.571037868956	1314.22551874966	-593.486151149685	687.958453584364	269	103	8	7	125	214	241	15	5	37	101	0	1409	26	881	420	14	0	0	37	65	0	1461	1	5	0
6	1	3	2	33	3	down	2	512	458.464345164134	847.707392753549	437.299351462822	492.329842317316	612.160466444463	1481.36684189531	610.84173584709	927.838405445376	512	512	814.279578002232	1344.18246014505	-593.738131646946	688.542762346846	279	90	7	9	127	238	206	19	5	44	93	0	1413	30	864	473	20	0	0	28	51	0	1473	1	5	0
6	1	3	2	33	3	down	3	512	418.590029926958	575.945095944507	424.34303823473	439.773275294414	583.591102892285	1187.0156313922	608.566827363109	906.063873262963	512	512	801.202280827752	1307.18528161628	-593.49533843022	687.978832298655	262	108	3	3	136	233	223	12	2	42	109	0	1391	36	960	424	19	0	0	22	42	0	1463	1	5	0
6	1	3	2	34	2	down	0	512	411.900006610696	699.232443607171	406.519777186987	428.296943466359	630.837334143229	1455.38282309924	629.569097347536	966.615930279405	512	512	798.755058072752	1297.53111355867	-593.627921129107	688.28568468476	282	116	2	7	105	206	241	17	5	43	56	2	944	22	930	483	22	0	0	25	38	0	986	-1	4	0
6	1	3	2	34	2	down	1	512	410.019593409454	630.804956046933	417.48217797064	450.965102738113	668.811982597599	1732.00765318529	647.830946074086	1058.60476668145	512	512	800.038613579698	1305.60793120565	-593.487976964011	687.965061700527	262	120	8	5	117	212	239	23	2	36	63	3	938	20	886	490	20	0	0	30	50	0	975	0	3	0
6	1	3	2	34	2	down	2	512	392.208063915708	533.988994675092	401.531888143399	408.271107338714	679.003445447906	1926.35398696982	660.217291440601	1125.38338741278	512	512	793.208782677233	1280.50659313259	-593.783491334369	688.648863313639	254	131	6	3	118	211	220	28	6	47	53	3	940	28	917	458	26	0	0	31	62	0	989	-1	3	0
6	1	3	2	34	2	down	3	512	423.656880979767	690.255068496559	433.178144257462	499.024744741902	649.16656440853	1730.40675771997	632.530185603227	1036.54051324632	512	512	793.455727781712	1277.11114434052	-593.667605397925	688.378760978219	261	115	7	6	123	221	216	24	3	48	71	1	935	17	952	502	21	0	0	28	45	0	968	0	3	0
6	1	3	2	35	1	down	0	512	429.990176554446	838.449737847789	414.154296725585	454.070857691439	699.492802329779	1957.55886699375	680.462916090222	1154.27196807135	512	512	797.341023770452	1288.40553742719	-593.750504994813	688.572944086947	274	118	6	10	104	221	233	28	3	27	41	1	457	13	924	455	20	2	0	33	66	1	482	-1	2	0
6	1	3	2	35	1	down	1	512	384.079386808832	445.835114302747	403.041201680365	397.514447535406	685.808990253547	1771.52163260705	696.785738571295	1209.43039819695	512	512	795.567140153917	1286.80904945581	-593.938915390896	689.009394175975	264	124	3	1	120	181	259	23	8	41	56	3	433	20	847	459	22	3	0	36	64	3	471	-1	3	0
6	1	3	2	35	1	down	2	512	395.940546428512	492.089210484638	407.146552514356	404.638092720123	653.331716023844	1664.13580717992	660.333611651119	1090.77714381001	512	512	797.304628048851	1291.28404088313	-593.693938003088	688.438731957058	285	106	3	2	116	224	227	22	4	35	36	0	459	17	917	471	24	1	0	27	52	0	493	0	2	0
6	1	3	2	35	1	down	3	512	393.215121569138	489.29098488855	399.003775639022	388.155908974403	605.031902613551	1165.63116940832	658.485252347671	1032.09169645601	512	512	778.766874868234	1233.68214863506	-593.499119626111	687.989766977383	279	111	5	2	115	197	259	10	6	40	42	2	449	19	1055	438	21	5	0	19	45	2	485	-1	2	0
6	1	3	2	36	0	dwell	0	512	359.423805346319	427.832881836959	361.302649883795	314.576200735385	0	0	0	0	512	512	773.271538686969	1217.49663518142	-593.613316182519	688.253409683602	288	129	7	2	86	0	0	0	0	0	0	0	0	0	940	503	33	0	0	0	0	0	0	0	0	0
6	1	3	2	36	0	dwell	1	512	396.247530768198	564.917145364371	393.38338621214	384.403728415293	0	0	0	0	512	512	777.361885963951	1229.92513222726	-593.736686404038	688.539600901514	278	116	8	4	106	0	0	0	0	0	0	0	0	0	967	484	19	0	0	0	0	0	0	0	0	0
6	1	3	2	36	0	dwell	2	512	383.455254856016	476.946418070902	385.666182835825	365.873108042252	0	0	0	0	512	512	776.571486833135	1228.40609293761	-593.588008421008	688.19584162322	269	124	6	2	111	0	0	0	0	0	0	0	0	0	905	443	20	0	0	0	0	0	0	0	0	0
6	1	3	2	36	0	dwell	3	512	388.531196216942	546.698071761818	389.835525221528	373.939407816316	0	0	0	0	512	512	777.601880104126	1225.53479201192	-593.946076564605	689.023594288791	294	113	4	4	97	0	0	0	0	0	0	0	0	0	915	455	11	0	0	0	0	0	0	0	0	0
6	1	3	2	36	0	dwell	4	512	403.186777679456	622.948638141635	391.484984633582	385.780997588001	0	0	0	0	512	512	765.74792140594	1196.4221363183	-593.763213652406	688.599248097707	258	129	4	5	116	0	0	0	0	0	0	0	0	0	1007	456	20	0	0	0	0	0	0	0	0	0
6	1	3	2	36	0	dwell	5	512	386.794648394761	588.424905282723	380.679486397262	364.373035908486	0	0	0	0	512	512	774.342170078126	1219.88066840453	-593.846187290837	688.792663767065	277	130	1	5	99	0	0	0	0	0	0	0	0	0	952	439	21	0	0	0	0	0	0	0	0	0
6	1	3	2	36	0	dwell	6	512	382.629496779448	506.447521908741	387.719005503228	373.409242280283	0	0	0	0	512	512	765.359375963222	1191.09653426164	-593.647879016022	688.333841407035	286	120	0	3	103	0	0	0	0	0	0	0	0	0	1022	445	21	0	0	0	0	0	0	0	0	0
6	1	3	2	36	0	dwell	7	512	379.990176554446	573.913150063388	377.894916516816	362.331155543357	0	0	0	0	512	512	786.591031500105	1259.30450612669	-593.728876391776	688.521266003876	282	131	3	5	91	0	0	0	0	0	0	0	0	0	930	506	18	0	0	0	0	0	0	0	0	0
6	1	3	2	36	0	dwell	8	512	385.26881700445	587.203619872808	382.507121459582	370.423453889749	0	0	0	0	512	512	784.004988792587	1254.47912035018	-593.577421442102	688.168526713233	274	133	1	5	99	0	0	0	0	0	0	0	0	0	968	520	27	0	0	0	0	0	0	0	0	0
6	1	3	2	36	0	dwell	9	512	402.082379152884	610.021801315382	395.520547627515	387.126532615991	0	0	0	0	512	512	772.515614078472	1213.95576695768	-594.155725027278	689.512756481314	287	113	0	5	107	0	0	0	0	0	0	0	0	0	888	441	15	0	0	0	0	0	0	0	0	0
6	1	3	2	36	0	dwell	10	512	386.689290178826	517.207170333307	385.741489606834	374.890724599848	0	0	0	0	512	512	780.011847951085	1239.81238585603	-593.701587984457	688.459194275722	272	124	5	3	108	0	0	0	0	0	0	0	0	0	954	505	28	0	0	0	0	0	0	0	0	0
6	1	3	2	36	0	dwell	11	512	369.990176554446	446.85771853371	378.51321157928	358.446008763353	0	0	0	0	512	512	777.535445941999	1230.73818465877	-593.670260345842	688.387977333902	286	123	6	2	95	0	0	0	0	0	0	0	0	0	936	484	14	0	0	0	0	0	0	0	0	0
6	1	3	2	36	0	dwell	12	512	398.578793688188	742.162810235498	384.834476700519	394.90139563572	0	0	0	0	512	512	777.885814613433	1235.39486273055	-593.851410046972	688.80432707851	294	125	4	9	80	0	0	0	0	0	0	0	0	0	930	477	16	0	0	0	0	0	0	0	0	0
6	1	3	2	36	0	dwell	13	512	402.936481119134	573.891867958821	398.940670572421	392.411346907253	0	0	0	0	512	512	786.343492712399	1256.45496215291	-593.906536378245	688.933429722916	283	108	8	4	109	0	0	0	0	0	0	0	0	0	925	488	19	0	0	0	0	0	0	0	0	0
6	1	3	2	36	0	dwell	14	512	404.981086246327	509.892761771473	409.555080955565	405.78471200778	0	0	0	0	512	512	770.846028011319	1215.06609223793	-593.687047413369	688.425738755083	280	103	2	2	125	0	0	0	0	0	0	0	0	0	988	487	34	0	0	0	0	0	0	0	0	0
6	1	3	2	36	0	dwell	15	512	383.637627398204	477.709167983798	385.288366917433	357.658199625326	0	0	0	0	512	512	768.44108992938	1203.15787269976	-593.475180800361	687.932881028872	270	124	4	2	112	0	0	0	0	0	0	0	0	0	1002	488	24	0	0	0	0	0	0	0	0	0
6	1	3	2	36	0	dwell	16	512	369.184745024767	419.108280781842	381.266463677487	356.833978096746	0	0	0	0	512	512	780.407938041335	1242.31618298996	-593.876317056436	688.86560620772	265	133	6	1	107	0	0	0	0	0	0	0	0	0	916	477	17	0	0	0	0	0	0	0	0	0
6	1	3	2	36	0	dwell	17	512	397.629496779448	567.230227668123	394.659783180133	391.002890793697	0	0	0	0	512	512	779.62508355805	1233.14047200878	-594.126194956545	689.4429711849	278	115	8	4	107	0	0	0	0	0	0	0	0	0	905	479	24	0	0	0	0	0	0	0	0	0
6	1	3	2	36	0	dwell	18	512	385.488623744438	610.836868874571	378.781873004418	358.871103698616	0	0	0	0	512	512	782.016259860981	1241.82291727485	-594.222206479242	689.666913973094	298	120	5	6	83	0	0	0	0	0	0	0	0	0	912	467	24	0	0	0	0	0	0	0	0	0
6	1	3	2	36	0	dwell	19	512	420.902039265385	678.09940876228	404.954728754189	403.379105413827	0	0	0	0	512	512	750.893491899588	1146.69065045971	-593.667993601378	688.378381217044	279	106	6	6	115	0	0	0	0	0	0	0	0	0	1067	444	22	0	0	0	0	0	0	0	0	0
6	1	3	2	36	0	dwell	20	512	368.310316511628	512.408932342164	371.290267059182	344.653176384806	0	0	0	0	512	512	778.504434815884	1230.58329055943	-593.946878884958	689.026621062703	295	127	4	4	82	0	0	0	0	0	0	0	0	0	911	481	22	0	0	0	0	0	0	0	0	0
6	1	3	2	36	0	dwell	21	512	393.013495445387	598.820471751954	387.174789495627	381.178012656222	0	0	0	0	512	512	774.442344929744	1224.60212219353	-593.768091149924	688.61127662533	275	126	3	5	103	0	0	0	0	0	0	0	0	0	944	471	19	0	0	0	0	0	0	0	0	0
6	1	3	2	36	0	dwell	22	512	383.099600079758	616.166364827682	377.711354776119	362.707288959569	0	0	0	0	512	512	774.616045057392	1223.7744337506	-593.664199773367	688.371168073719	277	135	5	6	89	0	0	0	0	0	0	0	0	0	968	462	16	0	0	0	0	0	0	0	0	0
6	1	3	2	36	0	dwell	23	512	385.47953343632	544.255500941988	384.791947955484	367.615015359455	0	0	0	0	512	512	760.190399113924	1179.04081383913	-593.101841573537	687.069059763707	288	119	4	4	97	0	0	0	0	0	0	0	0	0	1092	500	25	0	0	0	0	0	0	0	0	0
6	1	3	2	36	0	dwell	24	512	359.107730698514	399.589873613678	371.755239888303	337.469518575743	0	0	0	0	512	512	775.020413627999	1222.22827507519	-593.489753384079	687.968247126361	273	136	4	1	98	0	0	0	0	0	0	0	0	0	1027	484	25	0	0	0	0	0	0	0	0	0
6	1	3	2	36	0	dwell	25	512	363.320479785073	438.810269342626	373.074246213627	336.547406452118	0	0	0	0	512	512	773.97671211163	1219.50288820083	-593.714536913316	688.48891424886	280	132	5	2	93	0	0	0	0	0	0	0	0	0	948	456	19	0	0	0	0	0	0	0	0	0
6	1	3	2	36	0	dwell	26	512	408.953702046008	545.568587377426	410.020400547042	409.430245210364	0	0	0	0	512	512	766.51628027739	1199.71770450317	-593.508017057934	688.008674282373	289	96	8	3	116	0	0	0	0	0	0	0	0	0	961	452	32	0	0	0	0	0	0	0	0	0
6	1	3	2	36	0	dwell	27	512	369.193835332886	448.660824980062	377.32090817425	345.960765357997	0	0	0	0	512	512	786.609229360906	1257.04670399923	-594.005985072111	689.162295912241	283	127	2	2	98	0	0	0	0	0	0	0	0	0	932	491	17	0	0	0	0	0	0	0	0	0
6	1	3	2	36	0	dwell	28	512	381.305291512887	581.00051507913	375.334210224866	359.638304201057	0	0	0	0	512	512	780.119707599833	1238.05996964303	-593.208711992672	687.31787643014	271	137	3	5	96	0	0	0	0	0	0	0	0	0	996	533	25	0	0	0	0	0	0	0	0	0
6	1	3	2	36	0	dwell	29	512	397.869630066325	644.885660850476	388.600208981672	389.706402994621	0	0	0	0	512	512	766.005519723688	1200.94274446882	-593.739698359028	688.544709288214	268	130	5	6	103	0	0	0	0	0	0	0	0	0	1032	475	21	0	0	0	0	0	0	0	0	0
6	1	3	2	36	0	dwell	30	512	346.640619742255	332.332659416717	363.945847908094	313.862813538177	0	0	0	0	512	512	762.812103710216	1188.28210994186	-593.852544277229	688.809458622788	297	126	4	0	85	0	0	0	0	0	0	0	0	0	999	456	30	0	0	0	0	0	0	0	0	0
6	1	3	2	36	0	dwell	31	512	383.004405137268	516.376574674042	384.521263363107	371.519589730455	0	0	0	0	512	512	768.25495553878	1194.76338274763	-594.094099793089	689.36857897209	261	134	4	3	110	0	0	0	0	0	0	0	0	0	951	422	15	0	0	0	0	0	0	0	0	0
6	1	3	2	37	1	up	0	512	379.395461456637	429.104730321343	395.75010919551	379.052888023112	661.36519818823	1652.47328960331	672.747074427526	1138.86840089438	512	512	771.677244149541	1216.84802144036	-594.068341069007	689.308111709023	283	115	4	1	109	194	245	21	10	42	58	3	437	14	947	448	18	9	0	22	54	3	462	-1	2	0
6	1	3	2	37	1	up	1	512	402.418780347578	543.985444214593	405.79128456918	395.659644533781	642.266897625724	1504.91230996264	661.518670270357	1061.3710304823	512	512	776.014536531001	1226.58975908007	-593.832720790591	688.762627922353	272	113	4	3	120	218	240	18	5	31	48	2	456	6	924	417	30	6	0	41	79	2	466	-1	2	0
6	1	3	2	37	1	up	2	512	401.046977609773	475.965051790993	412.577548278923	421.19234645558	687.123032246663	1762.59612617056	696.157638611545	1184.19577446411	512	512	781.283828381516	1247.82049123185	-593.741559502284	688.554104431832	253	116	10	1	132	203	250	23	11	25	45	0	457	10	1016	472	20	2	0	28	54	0	478	0	3	0
6	1	3	2	37	1	up	3	512	433.646717706322	734.742868436741	421.299041626978	454.040858414226	681.940659704475	1791.02406270297	676.100228316559	1150.34582837365	512	512	786.482703521741	1256.29584499961	-593.755939242363	688.583570474259	284	99	2	7	120	206	244	24	5	33	31	0	470	11	894	465	19	0	0	39	64	0	492	0	2	0
6	1	3	2	38	2	up	0	512	411.517080910083	527.488776386535	426.499060735615	444.88732452428	609.041952611032	1372.50565140312	615.277193656695	916.587208404742	512	512	786.43103047466	1262.10006312381	-593.588755697827	688.196201399114	264	108	3	2	135	229	221	16	6	40	75	2	925	22	943	412	30	0	0	28	44	0	967	0	3	0
6	1	3	2	38	2	up	1	512	440.691322833515	752.745978188441	429.074631482899	473.791427487995	589.876800995718	1266.77438600412	602.761477701621	876.688150374247	512	512	795.00575376999	1279.44299808117	-594.134408870095	689.461373095268	269	103	3	7	130	238	216	14	2	42	81	1	915	27	879	400	12	0	0	20	40	0	968	0	4	0
6	1	3	2	38	2	up	2	512	412.831122903199	629.782780129714	412.037869347018	420.592277318271	618.024731684158	1461.63824553921	624.077514239808	966.723307645298	512	512	792.267317361364	1277.27182749863	-593.526408849694	688.05314782152	282	108	1	5	116	219	219	18	10	46	94	1	903	26	861	439	16	1	0	38	68	0	954	0	3	0
6	1	3	2	38	2	up	3	512	371.1229189707	416.153509902193	389.463465662603	366.359465760471	648.48574467635	1626.47417102091	656.223346176537	1078.81227186235	512	512	782.715607010988	1250.65901133357	-593.500264239016	687.992045782871	282	122	3	1	104	204	232	21	10	45	112	4	891	17	978	433	22	0	0	26	42	0	921	0	4	0
6	1	3	2	39	3	up	0	512	408.052002608513	587.373469054027	412.566847202861	424.411374650137	667.554628383847	1727.64889278902	656.944630662329	1076.12950829617	512	512	785.570480136764	1257.70313731005	-593.73196035432	688.530353310672	277	110	3	4	118	212	235	23	7	35	91	1	1415	29	958	439	18	0	0	29	51	0	1472	0	5	0
6	1	3	2	39	3	up	1	512	405.470443128201	620.565485889096	406.890320103693	415.779893886737	633.350969605407	1596.28259076295	632.297481884599	1005.53282367632	512	512	809.167115934618	1330.32038568685	-593.851644402251	688.805311874362	274	118	2	5	113	219	218	21	6	48	103	6	1384	43	863	438	21	0	0	19	36	0	1464	0	5	0
6	1	3	2	39	3	up	2	512	437.994241863824	817.483001723618	423.663464653489	462.168012653227	622.04601792041	1433.56773901331	626.715044438453	964.618715619548	512	512	798.818649172352	1302.69011873463	-594.032383219252	689.225087348186	276	109	1	9	117	223	229	17	4	39	95	2	1413	26	903	376	15	0	0	42	72	0	1459	0	4	0
6	1	3	2	39	3	up	3	512	380.403592075393	474.503847251072	397.00898090212	389.135793285365	698.705551416338	2062.97216510705	658.793335157312	1105.31573850402	512	512	809.10379033823	1331.25075040921	-593.928695101262	688.985298663022	263	130	6	2	111	220	217	31	5	39	110	5	1387	34	831	409	14	0	0	25	46	0	1450	0	5	0
6	1	3	2	40	4	up	0	512	434.366044601629	766.339315497231	422.270701810938	452.392082312333	603.273955279154	1322.67992833075	615.312021123952	927.527706062903	512	512	821.817956398307	1367.08424505596	-593.924280048063	688.974643101021	295	95	3	8	111	239	218	15	6	34	123	4	1883	38	793	393	16	0	0	36	54	0	1955	2	6	0
6	1	3	2	40	4	up	1	512	424.942579083201	650.929567844431	420.363971572177	438.242580925116	646.412795659475	1585.98902772857	641.241030924044	1028.66762017424	512	512	812.96167332658	1343.81423833896	-593.845830733646	688.791892880143	278	101	3	5	125	214	236	20	3	39	150	6	1840	52	786	396	23	0	0	36	58	0	1938	1	6	0
6	1	3	2	40	4	up	2	512	430.191802678197	728.946858779701	421.854128491204	444.28635789592	658.110836318529	1780.65598131496	641.448033698179	1047.69118359097	512	512	819.841208196025	1367.44005228721	-593.62197495946	688.273802671702	282	102	4	7	117	221	217	25	4	45	138	3	1873	34	847	414	24	0	0	32	52	0	1938	1	6	0
6	1	3	2	40	4	up	3	512	435.566711036017	746.793872220008	424.418262143079	459.027656044359	634.310429787591	1631.39700015112	623.432111469265	988.678659068479	512	512	795.711177901875	1289.8389928505	-593.453468206875	687.881837982946	257	112	9	7	127	224	212	22	6	48	142	9	1846	51	912	404	15	0	0	24	42	0	1936	1	6	0
6	1	3	2	41	5	up	0	512	449.126984280077	654.33977273277	454.786887111723	502.716220326981	646.267857315087	1719.31628708421	625.57178093765	993.690115239271	512	512	833.293694687026	1404.97175115431	-593.71146373207	688.481413916499	280	78	4	4	146	232	208	24	6	42	179	5	2316	60	811	405	16	0	0	30	56	0	2431	2	7	0
6	1	3	2	41	5	up	1	512	436.785558086643	601.076359690834	452.585153991578	507.229973949877	631.421885967593	1480.54157192679	626.085866338595	970.997319937466	512	512	831.883347837705	1402.62009345581	-593.931446787534	688.993402690387	275	87	2	3	145	232	227	18	5	30	149	1	2362	48	773	416	28	0	0	28	43	0	2457	2	7	0
6	1	3	2	41	5	up	2	512	433.109763353203	703.882563493831	434.058383064508	465.110339316201	658.043985265721	1674.2373616426	651.617490227563	1049.95380539625	512	512	811.117465268535	1332.96134917705	-593.651687542435	688.345456843628	270	104	3	6	129	218	232	22	5	35	219	1	2303	37	821	341	26	0	0	31	58	0	2376	2	7	0
6	1	3	2	41	5	up	3	512	473.484671711024	888.428027429479	458.446340433436	540.379069436855	652.275987933843	1661.46707009991	643.533040127368	1053.54174405174	512	512	797.962206736232	1305.6146351139	-593.717863647166	688.496598347749	249	100	2	9	152	224	225	22	6	35	208	4	2292	56	928	361	21	0	0	22	39	0	2400	1	8	0
6	1	3	2	42	6	up	0	512	398.637627398204	575.600520863489	404.146990223282	408.833270964282	596.374288496348	1282.54246160776	586.873577155582	821.535266085485	512	512	835.692400841502	1417.27464851053	-593.687205011597	688.425009843908	266	123	5	4	114	228	225	14	1	44	192	2	2807	71	775	387	22	0	0	26	49	0	2947	3	8	0
6	1	3	2	42	6	up	1	512	395.038846991017	533.840876570609	402.500047532003	397.201346167237	638.600193200403	1674.32648949354	622.43462529208	991.136762935398	512	512	821.34887203845	1370.15094834262	-593.795547670063	688.675273680361	265	122	6	3	116	227	211	23	3	48	268	5	2754	45	747	341	14	0	0	28	52	0	2840	3	8	0
6	1	3	2	42	6	up	2	512	451.929423465704	809.068818061038	439.612124233437	500.041616717829	586.748123888842	1408.89766328016	571.462843512379	837.503618621635	512	512	826.743487565688	1390.57588319333	-593.679152494748	688.406603909773	266	101	2	8	135	228	198	18	2	66	232	8	2760	72	840	397	16	0	0	27	44	0	2897	2	8	0
6	1	3	2	42	6	up	3	512	437.073288844766	710.059060492194	432.276557443084	472.084415044722	612.670149873227	1460.7313769545	601.274132691532	916.440683195324	512	512	833.88610405153	1422.08659741444	-593.41912628028	687.803729312142	269	101	5	6	131	210	224	18	1	59	232	8	2754	78	844	440	23	0	0	23	42	0	2903	2	8	0
6	1	3	2	43	7	up	0	512	439.358027258837	649.551308837211	447.671482718129	495.836634002074	581.03896026698	1081.29014065612	621.733310046285	936.610322689195	512	512	842.102585847878	1433.6887840415	-593.462405717132	687.902102485444	256	101	2	4	149	214	239	9	8	42	278	5	3220	81	752	377	17	0	0	35	62	0	3377	3	9	0
6	1	3	2	43	7	up	1	512	476.487664055075	843.503851382757	466.513935394115	532.794237557421	592.630569744774	1448.24754752519	589.693339376186	894.460033308954	512	512	862.289632801135	1496.96290369726	-593.463403214114	687.908853024682	280	74	3	8	147	241	192	19	3	57	266	5	3224	89	726	371	15	0	0	22	36	0	3397	3	9	0
6	1	3	2	43	7	up	2	512	491.881825994459	989.33356975611	467.149976624893	554.239572050371	659.799786669465	1781.68613543909	638.267367059623	1051.54618817107	512	512	861.606953169469	1504.40103258087	-593.755809508064	688.584341462501	250	93	4	11	154	222	216	25	7	42	213	5	3287	79	726	399	19	0	0	37	70	0	3440	3	10	0
6	1	3	2	43	7	up	3	512	459.991249519772	679.637784171986	468.363649844346	533.609690483416	610.116934282596	1413.15709341617	618.331184370401	960.885527028902	512	512	830.929839115706	1400.9719621821	-594.049558557616	689.266863287276	265	80	3	4	160	224	220	17	4	47	264	8	3256	56	816	376	21	0	0	21	40	0	3360	3	9	0
6	1	3	2	44	8	up	0	512	490.749083578205	908.871483798591	492.182817403646	616.304913907949	577.237480770716	1207.2111904244	576.481109682204	806.079183175871	512	512	859.718664592692	1494.50430713346	-593.704490552842	688.467416047155	266	76	4	9	157	242	209	13	4	44	253	5	3767	71	690	338	18	0	0	38	60	0	3904	4	10	0
6	1	3	2	44	8	up	1	512	427.476541092268	623.439107124718	441.881086746286	475.816924328219	570.64372536227	1260.97082645391	568.866854149353	820.558311330111	512	512	853.152055456224	1469.42759094027	-593.658832134645	688.360072164605	269	101	3	4	135	257	189	15	4	47	241	4	3765	86	764	328	17	0	0	37	66	0	3933	4	10	0
6	1	3	2	44	8	up	2	512	464.961832664764	863.475468357193	456.299281829936	516.005039282968	548.149343481656	1015.16241084355	570.779284348779	804.824187633337	512	512	841.036656041726	1438.13006054343	-593.639233687471	688.313492483638	269	92	6	9	136	243	207	9	4	49	305	5	3693	93	780	341	24	0	0	22	44	0	3876	3	11	0
6	1	3	2	44	8	up	3	512	455.009430136009	804.882559362146	450.968577811726	511.609993417115	590.922365812275	1446.26351220238	584.967894457625	898.023039321659	512	512	848.955769729777	1459.37357230716	-593.712531604075	688.485050869496	285	86	4	8	129	237	191	19	5	60	288	9	3708	91	727	357	14	0	0	33	56	0	3882	4	11	0
6	1	3	2	45	9	up	0	512	484.491729364453	933.676802052306	475.969510685774	584.559300841214	554.415788003526	1093.96728425678	572.47385094431	815.664318128974	512	512	853.883830575655	1494.24012346102	-593.10083251126	687.068809798699	266	84	5	10	147	245	198	11	9	49	410	14	4089	95	798	407	19	0	0	32	55	0	4266	1	11	0
6	1	3	2	45	9	up	1	512	460.047937299135	777.599635314207	460.120540347521	521.867916158755	549.857547414155	1128.28613296008	568.611277979843	836.00756960863	512	512	857.11839177655	1489.36716410982	-593.58461202874	688.189175932056	287	78	2	7	138	231	195	12	9	65	292	18	4198	100	747	340	14	0	0	19	33	0	4380	4	11	0
6	1	3	2	45	9	up	2	512	435.528203872891	596.744207089877	453.102428186037	499.512203362057	556.190842988834	1128.23246839728	571.866239695371	812.626097649575	512	512	862.092362071663	1501.98927334566	-593.358005284887	687.662163141715	279	85	3	3	142	256	191	12	8	45	302	9	4179	118	746	367	13	0	0	21	36	0	4406	5	11	0
6	1	3	2	45	9	up	3	512	448.320479785073	758.852405238017	450.928802665636	501.064477409776	560.49076967509	1142.56329474016	567.185639505476	796.05679069648	512	512	872.915473965228	1539.53009241896	-593.743678497749	688.556485997668	284	88	3	7	130	244	201	12	4	51	291	12	4221	84	712	373	13	0	0	35	56	0	4378	5	11	0
6	1	3	2	46	10	up	0	512	496.977020936949	1059.98588905508	476.453326273117	591.318540304935	636.201006262279	1671.19921691651	595.620193775785	908.614390606048	512	512	882.428085681074	1576.15980562658	-593.708342390452	688.474322703135	270	84	5	13	140	225	210	23	3	51	334	10	4687	89	691	375	12	0	0	27	46	0	4856	6	12	0
6	1	3	2	46	10	up	1	512	458.656880979767	745.760616607549	465.637398338868	544.809445611298	553.686297834775	1128.05153952082	560.478294164339	776.146694190376	512	512	887.106280887154	1589.94570868144	-593.764165788034	688.602767044555	273	84	2	6	147	249	193	12	6	52	317	7	4678	118	661	323	11	0	0	38	63	0	4908	5	13	0
6	1	3	2	46	10	up	2	512	481.220259843842	870.518942905719	480.668108161076	595.472209617504	526.478573746957	1041.45907123458	547.764878948607	766.461782404746	512	512	881.76315037658	1566.18016207155	-593.860042193864	688.825842627541	236	98	4	8	166	262	174	11	5	60	358	11	4654	97	663	349	18	0	0	28	45	0	4837	5	12	0
6	1	3	2	46	10	up	3	512	491.987184210394	875.194323671188	489.602144243302	610.067506078244	518.119926626648	958.217389269375	539.515802186847	724.861523736217	512	512	870.162807447978	1530.90917449901	-593.697165582063	688.448853011007	263	72	7	8	162	255	179	9	7	62	355	7	4647	111	655	310	17	0	0	39	68	0	4862	6	12	0
6	1	3	2	47	11	up	0	512	530.950709701956	1159.23556575393	521.805059346964	732.043056254903	549.482639056335	1081.3016486651	554.898343744901	745.557609806503	512	512	890.702129475964	1607.90040785628	-593.900260615556	688.919850890817	254	73	6	14	165	260	192	11	4	45	325	6	5174	127	627	298	21	0	0	28	48	0	5422	6	14	0
6	1	3	2	47	11	up	1	512	474.309356822265	805.911836200363	481.31761009591	564.448664086415	562.707584071027	1144.95442519961	561.649253392583	765.124956671878	512	512	895.817980408514	1623.63034924359	-593.734996056824	688.536231623277	277	74	2	7	152	249	202	12	2	47	356	12	5145	119	658	316	13	0	0	28	44	0	5373	8	13	0
6	1	3	2	47	11	up	2	512	480.038846991017	816.827580936321	496.265607890002	622.938565207406	620.538367146336	1602.59122879355	595.222217656836	915.509197300671	512	512	899.809793733962	1632.99595349482	-593.280197459814	687.481693764686	273	72	3	7	157	240	198	22	3	49	335	8	5143	146	706	352	13	0	0	23	40	0	5430	6	16	0
6	1	3	2	47	11	up	3	512	522.888883647889	1103.36283419927	510.482928880067	677.569944774469	545.576874309462	1114.9357956112	539.842614048481	719.987778331616	512	512	915.473867448787	1690.60407242519	-593.959169842639	689.056016152286	271	65	4	13	159	250	188	12	4	58	319	8	5148	157	586	342	7	0	0	42	74	0	5456	7	14	0
6	1	3	2	48	12	up	0	512	480.182712370078	963.984117956513	460.769517908084	547.175390435376	505.221219533205	894.262173549242	514.282442573877	656.687280570999	512	512	902.026941729228	1643.51759830609	-593.64236031199	688.323065946041	264	93	3	11	141	274	170	8	3	57	395	11	5618	120	664	321	12	0	0	33	58	0	5844	7	15	0
6	1	3	2	48	12	up	1	512	422.371182876333	618.440882354968	435.413164236644	471.143858060741	510.999380138528	915.489233622074	517.988761861012	656.63664207988	512	512	910.995833915526	1673.67617510267	-593.651297555541	688.33916637239	260	110	4	4	134	249	184	8	2	69	378	6	5628	132	576	312	15	0	0	29	54	0	5889	8	14	0
6	1	3	2	48	12	up	2	512	475.154368480396	925.612947475235	459.475824206115	546.004802051121	493.388403803207	767.268384789272	510.298896702689	623.601571098029	512	512	897.950356231255	1629.22181797735	-592.963807595706	686.751761508024	251	101	3	10	147	274	176	5	3	54	412	11	5603	118	653	350	20	0	0	28	50	0	5828	7	14	0
6	1	3	2	48	12	up	3	512	483.502852327261	963.315821585301	461.852252828428	554.547336628183	484.952742356645	754.481687860593	503.795359211259	614.116537507156	512	512	892.826507117545	1618.39074648777	-593.533210416621	688.068674009036	277	82	4	11	138	271	171	5	3	62	391	8	5617	128	691	329	18	0	0	29	42	0	5868	7	15	0
6	1	3	2	49	13	up	0	512	462.323585405088	687.539339461004	476.08472005324	551.140236503893	600.280053243221	1323.01917772102	595.190263132137	869.345480657031	512	512	899.49680532418	1631.75057159561	-593.634922188406	688.30211255349	256	84	3	4	165	230	221	15	3	43	444	10	6074	128	619	262	17	0	0	25	44	0	6322	8	16	0
6	1	3	2	49	13	up	1	512	482.264751695072	885.800079328354	468.995508798547	535.260346574438	623.878833650407	1581.78103795294	599.450554061443	904.931937679644	512	512	903.679922954847	1644.09369653283	-593.741891678888	688.551123998875	288	69	2	9	144	219	213	21	3	56	427	14	6105	110	650	285	11	0	0	26	44	0	6311	8	15	0
6	1	3	2	49	13	up	2	512	469.367117566955	800.722480144826	467.107576634487	537.688186377918	614.31952009571	1555.14023079465	591.109454300334	890.794443212884	512	512	907.871038766675	1661.66971084048	-593.491342876506	687.969236970229	266	83	6	7	150	246	198	21	0	47	417	9	6103	127	649	302	14	0	0	32	52	0	6350	7	15	0
6	1	3	2	49	13	up	3	512	458.14827051633	782.408953000589	459.030663553808	520.073996005333	569.646830982285	1128.8484471222	579.587615234742	805.867311290966	512	512	912.376861361162	1674.42896896836	-593.776854631357	688.632394171369	268	91	3	7	143	233	219	11	0	49	448	10	6055	143	576	291	20	0	0	19	34	0	6333	8	15	0
6	1	3	2	50	14	up	0	512	457.159393479137	812.047972533584	451.397589655058	517.013827982413	524.713682035094	904.48436103518	546.90728656082	713.827354404993	512	512	915.381753455135	1691.97523322246	-593.561943700488	688.134608324553	279	89	2	8	134	244	200	7	3	58	507	8	6499	154	603	297	8	0	0	29	52	0	6803	9	17	0
6	1	3	2	50	14	up	1	512	466.6133488179	656.331357948747	485.56736344867	576.277401575848	561.719779999161	1116.44223753484	558.431324382736	758.376108957005	512	512	905.728400587487	1665.72137048659	-593.170132174808	687.228039520847	263	73	2	3	171	227	213	11	4	57	497	16	6504	151	705	305	21	0	0	26	48	0	6792	8	16	0
6	1	3	2	50	14	up	2	512	512.448197202586	1061.27636712787	490.812359799298	605.341219077155	523.58093961884	898.133138137018	548.935985931425	724.423523948315	512	512	896.716615248914	1623.5050961067	-593.322512463006	687.579571512241	248	84	2	12	166	252	195	7	5	53	486	6	6537	139	663	259	13	0	0	33	52	0	6810	8	16	0
6	1	3	2	50	14	up	3	512	491.594095236336	954.461732014107	482.73826652169	596.048985758493	522.448197202586	1002.97481762321	543.997127408321	743.279779687869	512	512	918.187811392344	1697.54888007789	-593.393891493471	687.747307930582	248	91	3	10	160	252	179	10	6	65	469	9	6530	160	595	255	11	0	0	22	40	0	6843	9	17	0
6	1	3	2	51	15	up	0	512	476.996274518512	880.966378049074	480.997962222964	594.079743155615	528.677207526656	1021.88036821321	536.22943204208	716.591100829143	512	512	959.742756275686	1848.90203990789	-593.555912807658	688.121769783173	277	79	4	9	143	239	192	10	0	71	452	13	7045	170	536	290	8	0	0	33	64	0	7373	10	18	0
6	1	3	2	51	15	up	1	512	445.950709701956	616.860840680465	462.710965125878	518.404146170993	552.870703031652	1017.73447017946	569.091126154727	792.749524370652	512	512	943.663520627385	1792.39343549849	-593.721605130995	688.504033229915	274	81	2	3	152	255	206	9	4	38	448	14	7065	153	509	267	14	0	0	39	70	0	7359	10	18	0
6	1	3	2	51	15	up	2	512	491.276947623206	947.261283868275	485.182166280148	600.20558628377	534.636667708841	1027.83069895139	547.18390696862	737.66519953498	512	512	935.682268709402	1756.53452910539	-593.424669731255	687.818199690326	262	82	4	10	154	244	192	10	4	62	499	8	6997	176	554	279	10	0	0	23	42	0	7342	10	19	0
6	1	3	2	51	15	up	3	512	468.570776345395	765.443547266184	472.269797175752	552.142933219029	553.196940952901	1128.57171778755	551.804370589098	754.109583653067	512	512	931.561882991895	1751.10737169415	-593.575726428918	688.167463134925	263	82	5	6	156	247	194	12	5	54	443	13	7028	196	604	259	20	0	0	18	34	0	7407	9	18	0
6	1	3	2	52	16	up	0	512	494.616341161951	947.52026090043	479.772303113829	569.972195499227	543.849416795399	1149.13313400533	542.450112185088	742.088855474863	512	512	943.499551849762	1793.74694785339	-593.425717438755	687.818653703238	274	72	4	10	152	251	184	13	0	64	524	17	7481	170	521	239	11	0	0	29	46	0	7805	11	20	0
6	1	3	2	52	16	up	1	512	458.897014266644	749.27857893523	461.708768633725	522.8462055221	549.089550082277	1086.40497835803	556.761650017431	771.216837847355	512	512	935.815262387267	1761.83356602572	-593.876785766987	688.865449032825	267	88	1	6	150	245	196	11	6	54	507	17	7501	167	520	248	10	0	0	29	54	0	7821	9	19	0
6	1	3	2	52	16	up	2	512	452.620406471329	624.908289871549	467.332601067624	518.53881154755	562.448197202586	1288.75752338259	540.924018387243	739.042639598756	512	512	942.476703226303	1793.5086169638	-593.662475530433	688.367166062035	280	72	3	3	154	244	183	16	4	65	546	7	7440	199	579	261	18	0	0	16	30	0	7831	11	20	0
6	1	3	2	52	16	up	3	512	487.592062581647	872.293217354338	484.579566182385	585.613713709811	544.040879645706	1179.39521252582	540.711879177934	737.146312484898	512	512	943.043838412091	1796.10267499756	-593.750674891069	688.572675153635	255	81	5	8	163	262	174	14	2	60	469	17	7540	166	566	284	16	0	0	28	50	0	7856	11	18	0
6	1	3	2	53	17	up	0	512	516.180679715389	982.294543612419	519.362772026575	660.971526721772	530.077354154143	1083.24532332277	526.707340605317	696.484424316385	512	512	971.809436263256	1897.1562014375	-593.770380575057	688.617300937204	279	54	2	10	167	267	173	12	0	60	468	8	8035	193	464	247	9	0	0	40	74	0	8414	12	19	0
6	1	3	2	53	17	up	1	512	530.32657774914	1153.31804578772	516.066957105909	680.330703248515	530.845351486022	1088.04443859983	536.042967346068	732.903239606623	512	512	933.052816639173	1757.6314852258	-593.491677919512	687.971774951101	267	66	4	14	161	253	175	12	6	66	617	10	7902	175	575	232	18	0	0	23	36	0	8243	10	20	0
6	1	3	2	53	17	up	2	512	511.133082244144	980.051531257453	511.610585556347	654.269259492592	572.169556752582	1373.38501424818	550.081596135253	777.592363809089	512	512	949.321888927041	1816.0730066336	-593.299856149931	687.527947327176	263	67	4	10	168	252	178	18	3	61	606	20	7887	191	551	249	7	0	0	21	38	0	8244	12	20	0
6	1	3	2	53	17	up	3	512	515.922365812275	956.780140008608	522.580005735024	681.015967914235	555.673142217278	1135.40808397805	547.500470297499	727.798404039695	512	512	944.362727627793	1795.26930017033	-593.52079555712	688.038099041407	253	66	4	9	180	245	199	12	1	55	513	11	8020	160	562	253	14	0	0	25	40	0	8329	12	19	0
6	1	3	2	54	18	up	0	512	440.547457454454	605.58944116825	447.989352775243	478.231829369143	466.680199870708	688.612506766436	483.749537823635	562.685373663115	512	512	966.177013298337	1873.85517349385	-593.549626395605	688.106192159019	278	82	3	3	146	270	163	4	3	72	586	13	8412	205	477	222	22	0	0	22	38	0	8809	11	20	0
6	1	3	2	54	18	up	1	512	490.374175220385	1121.30162800668	453.322002902384	548.299859272245	497.832195868525	854.591669502353	507.741281513848	650.856150959518	512	512	953.976841711313	1832.76958558756	-593.645945248286	688.329243574213	271	97	2	15	127	253	176	7	5	71	597	14	8432	173	446	231	13	0	0	34	56	0	8766	13	21	0
6	1	3	2	54	18	up	2	512	467.783525431954	870.856845379483	457.466685595777	532.629308362279	488.483598745697	896.169038002269	502.063832829706	656.991089236809	512	512	957.941131478745	1848.77118299269	-593.466520773405	687.913238208415	262	94	7	9	140	282	147	9	8	66	565	10	8471	170	468	232	12	0	0	34	58	0	8802	11	22	0
6	1	3	2	54	18	up	3	512	471.957767355386	834.138439037656	461.15569511272	515.563513099469	481.036814336328	742.603634746874	493.478623161502	574.136507921776	512	512	960.83995976964	1862.45676707469	-593.702988482954	688.461995829432	283	75	4	8	142	284	164	5	2	57	543	14	8488	171	484	237	11	0	0	30	54	0	8816	13	21	0
6	1	3	2	55	19	up	0	512	485.931456120393	864.660841506802	480.213199593942	572.712613951667	661.143245517589	1856.3087495861	616.409603744964	983.150895545672	512	512	980.347107476952	1933.22194649238	-593.716848135473	688.492126598698	271	74	0	8	159	224	209	27	3	49	577	12	8952	187	450	209	10	0	0	31	56	0	9313	13	22	0
6	1	3	2	55	19	up	1	512	472.131049589455	842.430684077325	469.573662080371	552.452328972078	562.218227189153	1108.39256414134	576.174244818066	807.613903520101	512	512	969.529165498005	1886.11056490585	-593.377285103497	687.711656825012	266	86	3	8	149	247	206	11	4	44	691	18	8823	196	475	260	15	0	0	19	36	0	9197	13	22	0
6	1	3	2	55	19	up	2	512	468.360059913526	771.336234667326	472.173540378017	545.763919058136	591.220259843842	1341.37039235581	592.056539457375	896.570104146361	512	512	979.579935971957	1926.17256958169	-593.437972084191	687.847699141334	253	90	1	6	162	236	208	16	2	50	592	13	8905	218	483	228	13	0	0	35	64	0	9329	12	22	0
6	1	3	2	55	19	up	3	512	460.11586131727	714.700753199775	466.159875549922	527.085329278724	565.404665040719	1117.29944098942	576.515549945515	816.019042754249	512	512	966.577664823991	1874.92464235413	-593.803835258804	688.693603478192	269	82	1	5	155	242	212	11	1	46	685	14	8835	194	443	231	9	0	0	33	60	0	9209	13	22	0
6	1	3	2	56	20	up	0	512	468.67613456133	762.523811360929	474.053108484846	559.278331391125	531.306364478214	1057.09765832214	547.053096529827	762.181546416809	512	512	980.384222235393	1929.51702900138	-594.031039830565	689.223820996585	272	77	3	6	154	246	184	11	4	67	649	7	9399	185	416	199	14	0	0	30	56	0	9762	15	22	0
6	1	3	2	56	20	up	1	512	476.343798676014	918.706511335952	465.826323650935	559.974666801491	573.58093961884	1236.83380457141	567.766269683124	794.376389636292	512	512	986.705807466665	1951.36805978261	-593.702716465764	688.462784632927	269	88	5	10	140	244	202	14	2	50	621	12	9377	230	469	211	8	0	0	19	32	0	9825	14	23	0
6	1	3	2	56	20	up	2	512	494.952742356645	955.647982449628	484.109598507468	595.426065947829	564.090623047603	1126.1983396306	566.673792458449	794.138999940397	512	512	977.993045932462	1920.92770218107	-593.606291909129	688.235365927052	259	82	2	10	159	216	220	11	2	63	601	19	9410	210	437	196	16	0	0	26	46	0	9811	15	23	0
6	1	3	2	56	20	up	3	512	528.551522763832	1081.99743011754	516.770937632038	680.003092787588	576.594095236336	1274.5038679095	566.614009955702	820.861574968711	512	512	977.121263494056	1917.56320974799	-593.440366496675	687.853937233832	260	64	4	12	172	252	197	15	1	47	647	16	9371	206	428	210	16	0	0	21	36	0	9769	15	23	0
6	1	3	2	57	21	up	0	512	470.91220253883	765.815607428429	475.705776424819	543.665606871936	557.150303171019	1237.51095643544	545.943635805722	751.29701657914	512	512	991.337219241086	1975.09987396568	-593.424877456479	687.815781965099	272	75	4	6	155	261	179	15	2	55	700	24	9817	211	408	210	11	0	0	25	50	0	10218	15	26	0
6	1	3	2	57	21	up	1	512	488.503925292587	838.998319798508	480.397284108085	568.2150208444	544.424878311645	1033.57304404563	549.10358999656	720.827157609806	512	512	1003.42065901578	2025.00123441416	-593.541887658143	688.087373642467	256	77	2	7	170	271	191	10	1	39	662	15	9820	255	414	180	5	0	0	34	58	0	10317	14	24	0
6	1	3	2	57	21	up	2	512	495.787590741332	955.699422810009	487.756810029343	598.783337479507	482.362092568214	721.092336763078	512.301047304751	625.577164257534	512	512	977.755098345181	1921.03083945385	-593.341776599915	687.624025968351	260	80	4	10	158	258	180	4	1	69	718	13	9819	202	437	209	9	0	0	21	40	0	10210	12	24	0
6	1	3	2	57	21	up	3	512	445.317487441021	692.583678900388	455.711939292091	512.934983993641	550.683305490723	1061.80942097851	550.093105708496	728.210500918053	512	512	989.840459319154	1965.19777702241	-593.486628825824	687.962359785299	261	97	3	5	146	230	210	10	2	60	699	7	9826	220	414	193	12	0	0	33	56	0	10260	16	24	0
6	1	3	2	58	22	up	0	512	497.381346149778	856.939786780499	507.112057974954	658.484354535042	504.492802329779	759.002319231175	519.027987118503	632.689568870288	512	512	1014.34347743134	2064.18099059593	-593.826733376018	688.748922808824	245	76	6	7	178	253	196	4	4	55	651	8	10381	224	374	165	9	0	0	32	54	0	10821	17	25	0
6	1	3	2	58	22	up	1	512	514.444131893208	1061.05020086769	508.331890873167	670.139555004613	566.757214196961	1369.64310986273	549.920247727841	812.39123234182	512	512	997.467171987121	1998.96387418678	-593.639066207718	688.314080217885	254	78	4	12	164	238	178	18	5	73	760	14	10266	224	369	170	6	0	0	27	48	0	10703	16	26	0
6	1	3	2	58	22	up	2	512	488.513015600705	942.635119260769	485.448844357188	600.993249422676	547.093615391655	1049.54910529322	555.697428151938	765.980689085681	512	512	1008.87561692728	2044.14088334938	-593.362308001539	687.674194178368	262	84	4	10	152	239	201	10	7	55	736	13	10238	277	385	166	11	0	0	32	56	0	10783	16	25	0
6	1	3	2	58	22	up	3	512	483.225284842583	899.84532084376	480.901184849878	583.292510723258	544.252669042902	1152.45996504723	538.790421600896	739.491277214815	512	512	1005.5912116098	2022.55351028366	-593.641183053384	688.316562062879	260	86	2	9	155	243	186	13	2	68	673	15	10310	266	395	174	7	0	0	29	56	0	10829	15	25	0
6	1	3	2	59	23	up	0	512	519.837220867266	1100.92026337944	520.285480381615	707.434103111287	558.091582736966	1213.5734930178	549.044069778563	757.844107478302	512	512	1018.09867068557	2073.00576560235	-593.118074391064	687.108383544444	265	71	4	13	159	238	193	14	2	65	787	21	10719	249	315	167	7	0	0	31	55	0	11193	17	25	0
6	1	3	2	59	23	up	1	512	500.653888635715	787.862183465286	520.875654718207	662.464123456982	554.531309492906	1136.58635620666	554.974341628276	792.911958417345	512	512	1009.61909247683	2039.94400434151	-593.493657498491	687.976217558823	254	61	4	5	188	235	200	12	4	61	748	18	10781	229	370	196	13	0	0	16	31	0	11222	17	27	0
6	1	3	2	59	23	up	2	512	535.768337159768	1203.47281584103	528.611943445571	722.068405312539	509.453222201327	897.354411151878	522.693851097741	659.982363015254	512	512	1028.25848817472	2122.79348675683	-593.635087151977	688.304718421735	253	74	6	15	164	284	170	8	2	48	703	14	10844	215	317	207	10	0	0	38	68	0	11263	16	26	0
6	1	3	2	59	23	up	3	512	531.920333157586	1054.58501755352	515.345429647699	662.4902704825	562.716674379146	1211.53579313219	546.948922585953	759.140141733698	512	512	1025.82483916831	2109.47889035491	-593.588244842564	688.193428932136	256	61	2	11	182	259	188	14	3	48	799	19	10654	304	345	200	8	0	0	21	36	0	11247	17	26	0
6	1	3	2	60	24	up	0	512	464.444131893208	759.431573758293	467.050525327465	551.201469865875	473.868670376963	742.605858949293	490.084646612399	584.073756842446	512	512	1033.14187481864	2140.12280497723	-593.664459592203	688.373443161632	262	86	4	6	154	258	169	5	1	79	756	17	11254	261	319	145	5	0	0	26	46	0	11762	18	27	0
6	1	3	2	60	24	up	1	512	448.330643058518	656.116271383807	451.230776207471	491.036844688745	498.206031261019	922.698537260727	493.967167732142	596.44053474278	512	512	1030.45551710991	2120.14205451925	-593.418149764053	687.801356730286	273	83	4	4	148	265	164	9	2	72	710	11	11339	228	368	175	6	0	0	30	51	0	11785	18	27	0
6	1	3	2	60	24	up	2	512	425.191802678197	572.780564190666	446.700544146409	494.547698602553	483.042912300395	862.027139401186	484.981158362864	579.359469428436	512	512	1023.66770537729	2104.87305942762	-593.620423212478	688.268628259965	294	83	3	3	129	263	158	8	3	80	828	17	11211	232	321	179	10	0	0	28	51	0	11660	18	26	0
6	1	3	2	60	24	up	3	512	429.385298183192	685.211157370919	437.47158478675	476.385002979129	519.971995938209	1033.24709855302	507.474563049306	646.518335967667	512	512	1014.08567628719	2064.82715718734	-593.289169216024	687.501919152393	298	89	3	6	116	258	172	11	3	68	822	23	11183	260	363	161	11	0	0	18	32	0	11678	17	27	0
6	1	3	2	61	25	up	0	512	503.388403803207	894.297208523636	501.892542158006	615.34337407383	567.764271850391	1213.77880548716	563.201550837321	783.734511625702	512	512	1028.20309808269	2121.6683222721	-593.533113144841	688.068336511004	266	63	4	8	171	275	187	14	1	35	844	18	11690	248	318	169	9	0	0	23	44	0	12171	19	28	0
6	1	3	2	61	25	up	1	512	461.103665389136	780.241764598902	471.77622314107	569.033530186973	567.08345211821	1184.01029743808	572.912075627546	808.138043889893	512	512	1051.75771471069	2216.13148369111	-593.248943512517	687.408822919752	283	79	4	7	139	258	197	13	2	42	765	20	11742	273	296	160	12	0	0	23	46	0	12265	18	28	0
6	1	3	2	61	25	up	2	512	481.680199870708	897.696762030478	475.996747317489	585.497124027652	612.295241515406	1450.72250080325	594.567980018151	871.130196134604	512	512	1047.34969223491	2202.49470732156	-593.354743909846	687.653968425837	258	88	3	9	154	223	214	18	9	48	878	11	11603	308	315	186	7	0	0	16	28	0	12211	19	28	0
6	1	3	2	61	25	up	3	512	476.939586739149	857.141997761525	479.996357024059	585.715337477634	609.885891303837	1550.35796987575	585.099502372443	873.706938794534	512	512	1030.2419845149	2134.48434548086	-593.573744433427	688.161780855292	251	92	3	8	158	236	196	21	4	55	857	15	11647	281	328	166	12	0	0	33	62	0	12199	18	29	0
6	1	3	2	62	26	up	0	512	481.641692707581	858.786783694066	482.531253809148	578.61139866608	530.855514759466	1022.39034407061	539.356774701415	715.949905828814	512	512	1069.05597810711	2278.16006158129	-593.312014523036	687.55453672886	264	80	4	8	156	242	190	10	4	66	806	21	12166	319	253	164	6	0	0	25	44	0	12783	19	29	0
6	1	3	2	62	26	up	1	512	499.626504435396	1000.97702943057	482.482336623566	581.075597361983	556.632602399463	1170.52249336622	546.178314955783	737.784015515329	512	512	1055.99481744455	2234.25022711072	-593.304245289677	687.535385450324	255	85	2	11	159	250	193	13	1	55	892	15	12097	308	250	166	8	0	0	31	56	0	12695	18	29	0
6	1	3	2	62	26	up	2	512	523.023658718831	1109.82714022752	505.556309144434	663.691813781294	537.313422131643	1131.51051159496	537.315762146749	734.213626795653	512	512	1056.66226763155	2229.06823467707	-593.473597940531	687.930472976218	260	73	1	13	165	263	173	13	3	60	844	22	12148	298	242	160	8	0	0	26	48	0	12722	17	29	0
6	1	3	2	62	26	up	3	512	511.487664055075	1084.28655714214	494.967743516316	617.570818582659	595.750156543531	1424.84666776027	566.817157513925	822.296637406454	512	512	1050.87096833084	2208.33026262214	-593.523359149251	688.043988648161	272	73	3	13	151	225	205	18	3	61	816	25	12192	279	275	136	4	0	0	19	34	0	12727	19	30	0
6	1	3	2	63	27	up	0	512	491.756141231635	975.3663763964	491.555619626068	613.99491893749	507.563718691966	873.565065838723	519.145203886544	662.203450040439	512	512	1045.34036111762	2192.44928196655	-593.413210773579	687.791166659227	283	73	2	11	143	250	186	7	2	67	866	24	12608	326	257	110	4	0	0	26	46	0	13241	20	30	0
6	1	3	2	63	27	up	1	512	488.513015600705	831.468824671734	497.133504543576	607.924914080844	518.628537090085	995.706523731007	522.597928067962	675.507455883199	512	512	1046.69684821737	2190.31394974547	-593.734688093765	688.534076458931	274	66	1	7	164	256	176	10	4	66	845	27	12702	250	263	116	5	0	0	34	64	0	13175	19	31	0
6	1	3	2	63	27	up	2	512	525.682232525397	1154.45508006528	501.660332109417	645.316696113409	535.144205206952	1086.38900128579	531.819033015888	703.859576915718	512	512	1062.59854133946	2266.42269620523	-593.401607283549	687.763839400824	251	81	0	14	166	278	172	12	1	49	827	16	12679	302	283	140	4	0	0	27	52	0	13268	17	30	0
6	1	3	2	63	27	up	3	512	485.154368480396	867.338005765891	478.600372292859	562.883867417896	560.971036248846	1112.54378786584	553.684315179699	737.109713579426	512	512	1048.2594486182	2198.33321813137	-592.969496379174	686.764096588353	259	81	3	8	161	236	211	11	1	53	909	15	12625	275	307	141	7	0	0	24	42	0	13163	20	30	0
6	1	3	2	64	28	up	0	512	539.117893971959	1138.10430613928	523.21729194598	696.704701029291	523.974028592898	1041.27814235812	528.443685300695	710.279514040177	512	512	1062.26915091454	2259.23328927525	-593.126696756102	687.126988368522	258	63	0	13	178	255	176	11	3	67	974	17	13045	300	243	131	8	0	0	29	54	0	13629	20	31	0
6	1	3	2	64	28	up	1	512	496.871662721014	951.739330371297	497.504724484344	629.771013315603	542.160466444463	1148.07637208589	541.85432168291	760.221757292922	512	512	1082.59957925572	2342.32632379449	-593.260450097145	687.4358405892	273	71	4	10	154	246	184	13	1	68	861	9	13129	337	252	91	3	0	0	32	56	0	13797	21	31	0
6	1	3	2	64	28	up	2	512	524.022699029469	940.396555310639	538.883103911155	731.356570763806	527.29416855008	1114.74731684158	508.314424668484	645.363218373032	512	512	1069.16482229591	2284.75130132257	-593.402364425737	687.766200510127	242	64	2	8	196	264	166	13	2	67	924	22	13089	301	209	90	1	0	0	25	46	0	13672	21	31	0
6	1	3	2	64	28	up	3	512	514.799786669465	995.96772496558	510.204652678093	653.59013451646	570.192875643523	1300.40098305705	545.949398301749	759.197001573618	512	512	1079.03581566033	2329.68348067598	-593.367581135235	687.68352840681	242	78	3	10	179	249	188	16	2	57	860	22	13157	297	227	99	5	0	0	28	50	0	13730	21	33	0
6	1	3	2	65	29	up	0	512	515.806844322895	951.269715179038	529.204804367544	701.337667710349	507.314495096969	840.521167108138	530.81947124728	694.813827182608	512	512	1097.25291043003	2399.77669027088	-593.576941783212	688.169480768246	267	58	2	9	176	242	193	6	3	68	891	16	13597	344	187	106	8	0	0	19	36	0	14272	22	33	0
6	1	3	2	65	29	up	1	512	569.540399801024	1226.97482175489	554.276457346379	749.985930685097	504.923325501637	962.099861866134	505.620757703437	643.461264715855	512	512	1089.82946800062	2372.4530541172	-593.74651544062	688.562779496079	253	48	0	14	197	279	157	10	5	61	913	19	13586	330	172	93	5	0	0	24	44	0	14228	22	33	0
6	1	3	2	65	29	up	2	512	564.252669042902	1221.21384707225	553.028493620947	775.282211530835	539.703518761649	1179.24931862375	521.797601683632	679.553862620134	512	512	1090.60285663709	2377.67716371316	-593.496945053691	687.983102347166	243	57	3	14	195	247	177	14	1	73	881	18	13618	331	186	97	6	0	0	27	46	0	14266	22	33	0
6	1	3	2	65	29	up	3	512	553.360059913525	1128.4338020924	543.665199715627	722.1782309141	528.119926626648	1011.1619577397	528.075848346813	685.612316077703	512	512	1077.02901422154	2320.83068616507	-593.529367544587	688.057449489473	253	52	0	12	195	259	183	10	2	58	915	25	13604	304	237	117	2	0	0	26	48	0	14188	22	33	0
6	1	3	2	66	30	up	0	512	510.768337159768	978.552639226977	512.6316407855	671.356649863376	499.270849659139	954.866602948327	489.53128850759	600.383906182863	512	512	1076.77478997274	2322.99275315973	-593.429525614932	687.82813200263	265	66	4	10	167	275	155	10	4	68	1038	29	14006	287	155	92	6	0	0	31	53	0	14547	22	32	0
6	1	3	2	66	30	up	1	512	539.501892637898	1140.4772559825	540.247686947482	755.78864223717	476.689290178826	771.056403844347	474.389423132251	539.852428932017	512	512	1100.09594297608	2411.68828633137	-593.753867057594	688.580250905608	247	67	7	13	178	284	156	6	2	64	838	22	14171	329	180	101	1	0	0	38	68	0	14806	24	35	0
6	1	3	2	66	30	up	2	512	487.697420797582	795.23601059441	496.119770192121	598.832413406859	486.199933296953	972.716268904796	478.135558908036	582.626460183752	512	512	1072.2676398622	2298.55653667035	-593.402391139314	687.767628572586	268	65	5	6	168	266	144	11	4	87	998	27	14058	277	175	78	2	0	0	20	36	0	14586	23	33	0
6	1	3	2	66	30	up	3	512	512.092542426329	1052.24797997062	505.610289370015	636.56960094419	498.139180208211	890.417388443038	493.823143223122	606.681621220232	512	512	1092.75549166951	2385.92717265654	-593.476268669815	687.935824642676	268	72	1	12	159	258	172	8	1	73	1020	19	13975	346	160	78	3	0	0	27	52	0	14645	22	33	0
6	1	3	2	67	31	up	0	512	582.870703031652	1398.84754917786	568.375442935655	835.052201860807	516.670036597263	1092.96726773004	504.817907901149	653.02632317209	512	512	1091.29465913956	2384.18359616303	-593.264940991465	687.448535248518	235	64	3	18	192	273	155	13	2	69	1054	21	14484	313	158	77	4	0	0	23	42	0	15089	22	34	0
6	1	3	2	67	31	up	1	512	527.035854646965	941.011187119052	533.38186045344	688.390884858678	508.360059913526	871.76195939237	518.620195574496	660.838734646926	512	512	1089.78399728902	2371.30935554558	-593.680015241226	688.40928696447	254	55	0	8	195	253	183	7	6	63	989	24	14524	335	149	56	3	0	0	21	40	0	15169	23	35	0
6	1	3	2	67	31	up	2	512	553.119926626648	1124.91583976472	548.104177102754	728.732768196952	490.749083578205	871.816052268913	497.834431312526	618.938435264255	512	512	1099.07779593762	2410.56826694997	-593.660941997469	688.362642668173	259	48	1	12	192	270	161	8	3	70	1022	23	14490	337	131	69	2	0	0	22	38	0	15144	23	34	0
6	1	3	2	67	31	up	3	512	525.596127891025	972.971716134877	539.693497910985	712.376646251385	503.349896640081	1003.66217189657	502.59620737009	650.942475135609	512	512	1111.48156594322	2460.35260694931	-593.555311579925	688.117056231184	253	59	4	9	187	264	159	11	1	77	958	22	14604	288	109	77	4	0	0	23	33	0	15160	24	34	0
6	1	3	2	68	32	up	0	512	508.042912300395	938.725589896526	519.895911504972	657.503528083382	468.724804997901	661.615616518137	488.647363618294	578.877270361317	512	512	1122.83316792167	2513.59089857056	-593.245832952202	687.402941798667	267	64	1	9	171	255	173	3	6	75	1063	20	14959	342	86	70	1	0	0	15	26	0	15631	24	35	0
6	1	3	2	68	32	up	1	512	569.242505769457	1220.67503921711	567.9028567427	800.925819813541	506.852409139451	1003.73001764294	495.38382438035	616.104788231607	512	512	1127.44300776634	2535.7748031572	-593.653416634527	688.347794582007	262	41	4	14	191	274	156	11	4	67	989	19	15035	341	107	68	4	0	0	26	48	0	15699	25	36	0
6	1	3	2	68	32	up	2	512	584.780533087902	1328.35752916695	579.380450899168	851.797144339709	487.40969003946	871.530467441443	485.009637549933	590.774243280557	512	512	1097.28479259704	2411.72143636906	-593.364674700997	687.678305572951	239	52	4	16	201	254	162	8	7	81	1135	24	14859	366	110	61	3	0	0	20	38	0	15566	24	35	0
6	1	3	2	68	32	up	3	512	546.364125222903	1046.57792902758	549.326523585342	743.341817987355	463.330643058518	754.034232058813	465.144707001128	528.545122084253	512	512	1120.40440853068	2503.46972526893	-593.50825499621	688.010145141292	247	52	3	10	200	273	151	6	1	81	977	23	15037	347	123	35	4	0	0	27	46	0	15710	25	36	0
6	1	3	2	69	33	up	0	512	582.582972273529	1326.89367211087	585.899652919946	885.395310612745	460.787590741332	714.916717050627	468.408311035657	530.957022402958	512	512	1132.9285978016	2560.78506281377	-593.237563811921	687.382542470808	233	57	5	16	201	268	154	5	4	81	1076	22	15413	385	60	56	1	0	0	30	50	0	16164	23	36	0
6	1	3	2	69	33	up	1	512	563.628537090085	1252.35175863572	554.65660421095	775.122255054222	466.38230583914	830.587665938	467.366599457163	556.005747607687	512	512	1122.75044230204	2512.86393943414	-593.74775725792	688.568787439266	252	56	2	15	187	271	143	8	3	87	998	22	15555	321	71	41	1	0	0	27	44	0	16179	25	37	0
6	1	3	2	69	33	up	2	512	580.720739688523	1243.4338020924	578.400638370171	834.867328185567	454.021626064143	702.259508638026	454.863920108534	504.205097341955	512	512	1147.64380170262	2628.00197928304	-593.759376429662	688.591828094741	253	38	5	14	202	271	148	5	4	84	919	20	15600	357	85	50	2	0	0	34	62	0	16299	26	36	0
6	1	3	2	69	33	up	3	512	539.021626064143	1096.41250759277	536.07469095916	702.12252863031	493.302299168836	882.308296482245	485.917859754358	589.134075973446	512	512	1119.48629619425	2506.17693023277	-593.464545860403	687.909044168536	267	52	4	12	177	256	168	8	3	77	1043	28	15463	362	96	36	3	0	0	25	40	0	16161	23	37	0
6	1	3	2	70	34	up	0	512	592.477614057594	1345.64932936613	595.170474319592	911.597229341951	458.974028592897	752.961064753381	456.632919998585	510.91287909935	512	512	1142.78403354135	2611.70780094802	-593.460857003601	687.901578415684	224	54	9	16	209	259	153	6	1	93	1038	31	15956	383	53	40	1	0	0	20	31	0	16695	24	37	0
6	1	3	2	70	34	up	1	512	563.830163213836	1142.84887956763	564.367269868081	777.175553596769	478.542432455713	899.127808314585	471.041829073633	565.356700357651	512	512	1144.68694308357	2612.98408587175	-593.577008674881	688.168199911627	260	40	0	12	200	246	158	9	0	99	1031	27	15975	375	62	26	2	0	0	28	57	0	16700	23	39	0
6	1	3	2	70	34	up	2	512	547.237480770716	1011.4018768697	566.120578455006	781.822572297124	472.908137229452	802.671480493243	474.344549610059	550.931989252621	512	512	1138.60224342673	2582.28322771402	-593.70372814387	688.463307826608	246	47	6	9	204	278	150	7	3	74	1064	21	15967	356	44	43	1	0	0	22	42	0	16659	27	38	0
6	1	3	2	70	34	up	3	512	611.660946289145	1584.62315401625	585.152162060402	886.226571624412	477.908137229452	921.7823435526	468.371673799272	566.946984796495	512	512	1151.29113530809	2642.80303232119	-593.407469912642	687.777753323915	247	51	3	22	189	270	142	10	3	87	977	25	16048	358	57	49	1	0	0	33	56	0	16743	25	38	0
6	1	3	2	71	35	up	0	512	621.335781333222	1505.6346992104	607.083490887602	929.414206180543	470.672069251952	762.324252896064	469.724210721343	530.927205088301	512	512	1140.85830202611	2605.0363202951	-593.322959575856	687.58220733782	222	49	1	19	221	282	153	6	1	70	1211	21	16289	399	38	11	0	0	0	19	36	0	17068	27	41	0
6	1	3	2	71	35	up	1	512	581.315454786332	1314.13135877508	580.866874098727	837.931691450754	485.461352820082	866.081685381582	476.879148457912	560.942108564397	512	512	1141.7025609065	2599.68545037457	-593.756309514643	688.587524489611	260	42	2	16	192	264	160	8	2	78	1140	31	16407	342	30	10	2	0	0	24	46	0	17064	26	38	0
6	1	3	2	71	35	up	2	512	578.418893623542	1149.70965000945	609.521550422334	917.06956756575	462.40969003946	868.99609559609	453.834696122581	535.67415848006	512	512	1128.09232276935	2547.43857932327	-593.682446232644	688.412840341872	213	53	6	11	229	250	143	9	3	107	1204	34	16362	320	30	22	1	0	0	26	42	0	16967	25	39	0
6	1	3	2	71	35	up	3	512	616.104738354462	1486.64267328562	604.9794287449	926.208504206872	455.105698043825	772.436887053985	456.394184151401	521.192979932061	512	512	1147.84230767937	2625.55630431039	-593.646775532242	688.33207116217	242	39	4	19	208	280	137	7	2	86	1086	28	16461	345	29	23	1	0	0	32	58	0	17120	26	38	0
# final_twist	35
# forced_steps	0
# sweeps_total	178912
# completion	PASS
