# format	twist_snake_sector_blocks_v2
# status	NON-CANONICAL floating-point engineering diagnostic
# L	6
# k	1
# chain	0
# kind	0
# kind_name	main
# base	0
# restriction	-1
# schedule	round_trip
# seed	202609306100
# seam_size	36
# start_twist	0
# chain_initial	cold0
# warmup_sweeps	512
# dwell_sweeps	16384
# dwell_long_sweeps	32768
# visit_sweeps	2048
# equilibration_sweeps	32
# post_forcing_sweeps	512
# block_length	512
# segments	72
# seam_order	x2_fastest_then_x3
# class_rule	class0_if_2W_ge_minus_n_else_classMinus
# action_density	minus_sum_logW_divided_by_6L4
# sampling	every_production_sweep_after_full_heatbath_sweep
L	k	chain	kind	segment	n	phase	block	count	sumFn	sumFn2	sumFi	sumFi2	sumBn	sumBn2	sumBi	sumBi2	sumPFi	sumPFi2	sumY	sumY2	sumS	sumS2	hF0	hF1	hF2	hF3	hF4	hB0	hB1	hB2	hB3	hB4	sec0	secMinus	secPlus	secOther	untMinus	untPlus	untOther	pure0	pureMinus	purePlus	flips	classMinus	sumW	minW	maxW	forced
6	1	0	0	0	0	dwell	0	512	425.480606401646	623.638665589583	421.471285911747	450.970452044721	0	0	0	0	512	512	2.81995986581554	48.0286692355132	-593.774637014436	688.630310581767	259	108	5	4	136	0	0	0	0	0	0	0	0	0	706	653	14	0	0	0	0	0	0	0	0	0
6	1	0	0	0	0	dwell	1	512	421.612275852573	717.251958744859	416.386579406829	453.880637568346	0	0	0	0	512	512	-2.74405985687525	46.8648244669571	-594.095796872554	689.372659429919	276	112	4	7	113	0	0	0	0	0	0	0	0	0	627	653	18	0	0	0	0	0	0	0	0	0
6	1	0	0	0	0	dwell	2	512	402.696347832256	533.345081896778	406.59725560094	405.430798842285	0	0	0	0	512	512	-10.7253117748588	52.3076592650636	-593.978477007905	689.099840533942	297	97	4	3	111	0	0	0	0	0	0	0	0	0	685	655	13	0	0	0	0	0	0	0	0	0
6	1	0	0	0	0	dwell	3	512	409.712609069768	557.950413371885	409.910226861698	417.62774076304	0	0	0	0	512	512	16.8299903421788	47.5210574219702	-594.112554343954	689.411552161166	265	111	7	3	126	0	0	0	0	0	0	0	0	0	608	652	24	0	0	0	0	0	0	0	0	0
6	1	0	0	0	0	dwell	4	512	379.040879645706	436.062606821007	392.149091450527	372.463028420361	0	0	0	0	512	512	-2.03563771687754	47.1183544640238	-593.822406079456	688.738251553303	266	126	4	1	115	0	0	0	0	0	0	0	0	0	708	654	21	0	0	0	0	0	0	0	0	0
6	1	0	0	0	0	dwell	5	512	422.562645726639	685.785000200447	418.202876248486	447.395450128288	0	0	0	0	512	512	6.44187914297409	50.1556173515819	-594.072027142929	689.319121518332	271	111	3	6	121	0	0	0	0	0	0	0	0	0	686	740	20	0	0	0	0	0	0	0	0	0
6	1	0	0	0	0	dwell	6	512	414.942579083201	709.17790175846	417.030599932236	467.441227804261	0	0	0	0	512	512	8.54409117157717	45.7051628758457	-593.802569960704	688.691015785755	266	122	7	7	110	0	0	0	0	0	0	0	0	0	616	672	14	0	0	0	0	0	0	0	0	0
6	1	0	0	0	0	dwell	7	512	381.890916302578	436.841762119891	393.331031533149	373.1288283924	0	0	0	0	512	512	-5.311311020365	43.8154969291277	-594.150729360741	689.502159784397	276	118	3	1	114	0	0	0	0	0	0	0	0	0	653	673	21	0	0	0	0	0	0	0	0	0
6	1	0	0	0	0	dwell	8	512	405.642652396944	612.871467271851	404.432684604354	416.17341852874	0	0	0	0	512	512	-9.35195433036656	57.2420122698077	-593.798552709623	688.68277142163	294	106	0	5	107	0	0	0	0	0	0	0	0	0	726	647	11	0	0	0	0	0	0	0	0	0
6	1	0	0	0	0	dwell	9	512	404.002372482579	547.961942039293	410.237808785845	415.955366787659	0	0	0	0	512	512	1.98237165053063	46.9618235651038	-593.864540537034	688.836667503299	268	114	5	3	122	0	0	0	0	0	0	0	0	0	659	712	17	0	0	0	0	0	0	0	0	0
6	1	0	0	0	0	dwell	10	512	390.239400149442	548.655499289314	388.426051091666	370.827568536403	0	0	0	0	512	512	13.4673102828527	55.6878097586421	-593.765030417616	688.607903617399	294	111	6	4	97	0	0	0	0	0	0	0	0	0	622	721	16	0	0	0	0	0	0	0	0	0
6	1	0	0	0	0	dwell	11	512	396.438993618504	595.205831680171	398.491102243489	409.930391035971	0	0	0	0	512	512	-10.5353349856936	48.6737235078893	-593.459676528342	687.898991777242	293	111	6	5	97	0	0	0	0	0	0	0	0	0	764	703	14	0	0	0	0	0	0	0	0	0
6	1	0	0	0	0	dwell	12	512	405.94963673663	611.561931296912	403.656305839884	410.172766473675	0	0	0	0	512	512	-3.72873170905012	52.0074029710062	-593.836190340746	688.769787147102	291	105	7	5	104	0	0	0	0	0	0	0	0	0	670	699	15	0	0	0	0	0	0	0	0	0
6	1	0	0	0	0	dwell	13	512	394.520073254135	487.921581374152	405.998002842896	402.865658677638	0	0	0	0	512	512	-1.27733837546893	50.9047417704456	-593.853705471633	688.812388148841	287	105	5	2	113	0	0	0	0	0	0	0	0	0	653	631	20	0	0	0	0	0	0	0	0	0
6	1	0	0	0	0	dwell	14	512	393.972955627571	559.797410285452	396.041592679185	389.847577287925	0	0	0	0	512	512	1.85023715910405	56.2993655784517	-594.040639528096	689.24187511228	284	115	5	4	104	0	0	0	0	0	0	0	0	0	690	696	19	0	0	0	0	0	0	0	0	0
6	1	0	0	0	0	dwell	15	512	401.314381821006	642.224901977375	393.082883901186	381.255962518011	0	0	0	0	512	512	5.75252884620253	45.9506982615924	-593.726417703464	688.517758776485	289	115	3	6	99	0	0	0	0	0	0	0	0	0	673	683	18	0	0	0	0	0	0	0	0	0
6	1	0	0	0	0	dwell	16	512	367.888883647889	375.892757639788	390.073750208481	379.182131457176	0	0	0	0	512	512	-1.01100804373439	48.0556324713332	-593.780655641521	688.640972611671	279	122	4	0	107	0	0	0	0	0	0	0	0	0	698	705	22	0	0	0	0	0	0	0	0	0
6	1	0	0	0	0	dwell	17	512	417.27384200319	738.148624920243	402.161957365988	416.520359375332	0	0	0	0	512	512	6.57799618256455	44.0407017989389	-593.692734030887	688.437014237311	290	109	7	8	98	0	0	0	0	0	0	0	0	0	687	686	14	0	0	0	0	0	0	0	0	0
6	1	0	0	0	0	dwell	18	512	404.520073254135	614.97701290383	399.688068422239	397.189527297242	0	0	0	0	512	512	12.7966113805106	48.3526165016569	-593.953755592544	689.042264359136	283	113	2	5	109	0	0	0	0	0	0	0	0	0	581	698	14	0	0	0	0	0	0	0	0	0
6	1	0	0	0	0	dwell	19	512	407.418780347578	626.040875744272	401.423830951855	402.253835732816	0	0	0	0	512	512	12.270167848518	48.7394720125395	-593.886341719547	688.885864936263	268	120	3	5	116	0	0	0	0	0	0	0	0	0	613	736	15	0	0	0	0	0	0	0	0	0
6	1	0	0	0	0	dwell	20	512	412.494721708505	584.599627050837	414.739561251178	425.74153779422	0	0	0	0	512	512	-1.98621404909564	52.8415250840856	-593.671885167198	688.39195288328	301	92	2	4	113	0	0	0	0	0	0	0	0	0	679	660	13	0	0	0	0	0	0	0	0	0
6	1	0	0	0	0	dwell	21	512	405.047937299135	653.340205178198	393.341270138798	390.75576256845	0	0	0	0	512	512	7.92606465235415	48.8807415406031	-593.849558052495	688.801875613954	275	120	6	6	105	0	0	0	0	0	0	0	0	0	643	697	22	0	0	0	0	0	0	0	0	0
6	1	0	0	0	0	dwell	22	512	443.195867987575	864.11980944925	419.884470189854	464.534319516175	0	0	0	0	512	512	14.7515996226249	46.0897642030243	-593.865535884218	688.837799714722	268	113	4	10	117	0	0	0	0	0	0	0	0	0	601	681	14	0	0	0	0	0	0	0	0	0
6	1	0	0	0	0	dwell	23	512	397.831122903199	531.838211659392	401.523958318865	392.080000947001	0	0	0	0	512	512	3.66732731194421	44.4468314454633	-594.072348554378	689.319415444871	278	111	8	3	112	0	0	0	0	0	0	0	0	0	670	645	18	0	0	0	0	0	0	0	0	0
6	1	0	0	0	0	dwell	24	512	419.913162228193	670.682996765596	408.200900747995	410.169193047257	0	0	0	0	512	512	1.76309025366649	55.319049553893	-593.819462365802	688.732366754231	294	98	4	6	110	0	0	0	0	0	0	0	0	0	691	706	17	0	0	0	0	0	0	0	0	0
6	1	0	0	0	0	dwell	25	512	421.392469112585	582.399199563431	426.520187136831	461.432263017177	0	0	0	0	512	512	-2.98775624601639	54.8141741724892	-593.611884937548	688.251580829414	256	109	5	3	139	0	0	0	0	0	0	0	0	0	720	677	16	0	0	0	0	0	0	0	0	0
6	1	0	0	0	0	dwell	26	512	414.193835332886	519.975686645749	418.190809518167	420.402430701652	0	0	0	0	512	512	6.29584272294099	51.5900849786638	-594.229084353311	689.682081358629	291	89	3	2	127	0	0	0	0	0	0	0	0	0	649	700	11	0	0	0	0	0	0	0	0	0
6	1	0	0	0	0	dwell	27	512	403.283045587272	590.502965833475	402.038376125841	402.97937898279	0	0	0	0	512	512	-12.5484789095766	46.3484928239381	-594.129352877107	689.451438187242	253	129	2	4	124	0	0	0	0	0	0	0	0	0	688	605	17	0	0	0	0	0	0	0	0	0
6	1	0	0	0	0	dwell	28	512	413.550449798506	661.379227190204	408.840205126739	416.657965896922	0	0	0	0	512	512	-9.08873256437027	50.3583480266193	-593.745902297369	688.561733993999	293	104	2	6	107	0	0	0	0	0	0	0	0	0	709	654	17	0	0	0	0	0	0	0	0	0
6	1	0	0	0	0	dwell	29	512	385.700413141634	583.90162139598	394.008086121854	405.211997583851	0	0	0	0	512	512	-12.4188593006604	51.243155970775	-593.829462098767	688.752588834653	279	128	5	5	95	0	0	0	0	0	0	0	0	0	661	631	20	0	0	0	0	0	0	0	0	0
6	1	0	0	0	0	dwell	30	512	401.726724376627	637.99563009718	399.079280011035	406.605540272908	0	0	0	0	512	512	-14.8418550938007	47.862463320968	-593.868431370112	688.845295176175	295	109	8	6	94	0	0	0	0	0	0	0	0	0	725	639	15	0	0	0	0	0	0	0	0	0
6	1	0	0	0	0	dwell	31	512	387.245498113509	511.939317149905	392.350337145165	376.395828066382	0	0	0	0	512	512	-12.9271049718525	48.3042603974333	-594.151964895668	689.505330450621	289	114	2	3	104	0	0	0	0	0	0	0	0	0	632	583	14	0	0	0	0	0	0	0	0	0
6	1	0	0	1	1	up	0	512	402.91722753757	647.128673205442	405.758604257603	413.002919707881	654.492802329779	1663.85820055936	653.465065769838	1053.71916006687	512	512	8.2013925012865	55.9277127250669	-593.901629117561	688.923423906114	284	117	3	6	102	229	226	22	4	31	473	28	10	1	631	634	14	39	2	2	78	28	-16	-1	2	0
6	1	0	0	1	1	up	1	512	448.944611737889	838.907396058897	439.341535051286	510.512120247876	634.589070237596	1525.57660690119	642.157886215339	1025.68957762494	512	512	12.1778031476417	48.4581306188387	-593.867717272415	688.843285800187	267	106	3	9	127	224	228	19	4	37	458	42	12	0	715	660	20	35	2	0	70	42	-30	-1	1	0
6	1	0	0	1	1	up	2	512	429.194908298212	670.908734712033	423.634513171894	446.187947183171	655.059173537906	1667.02050811078	644.093259699902	1015.89663152487	512	512	23.7860041078045	49.0002193665053	-593.942702219943	689.016771468165	246	117	6	5	138	223	228	22	5	34	452	38	21	1	628	707	18	33	2	4	68	39	-19	-2	1	0
6	1	0	0	1	1	up	3	512	459.213088914449	814.577018688189	442.693833811294	494.168450156164	677.25673435228	1848.43114957623	655.862238934315	1089.66078635381	512	512	7.51515077025319	44.0049240756081	-593.706068746687	688.468497239199	278	87	5	8	134	221	226	26	4	35	469	21	21	1	660	630	10	44	0	0	72	22	-2	-2	1	0
6	1	0	0	2	2	up	0	512	387.668003942574	405.000519210815	408.545468505318	394.834984445308	626.863645378222	1588.97128368945	619.726955173913	980.039638451542	512	512	13.6419949505508	50.9811588809079	-594.342339089362	689.944142871042	288	102	4	0	118	210	216	21	7	58	934	57	32	1	643	585	11	46	1	0	78	4	-27	-2	2	0
6	1	0	0	2	2	up	1	512	423.369150221644	655.409838549872	425.020619682304	446.929228682525	607.679240181345	1445.2573133574	605.113591938096	926.524074627902	512	512	20.3422062440993	48.9225738829135	-593.721188497916	688.506765247111	263	112	2	5	130	224	214	18	3	53	934	51	39	0	725	664	14	32	0	0	58	2	-12	-2	1	0
6	1	0	0	2	2	up	2	512	427.696347832256	572.98810086244	437.381387905615	452.904337616831	658.475581402905	1782.15487334544	632.881859916197	1016.74677823421	512	512	8.53753106409689	49.8361389581474	-594.067431977872	689.307417666283	305	75	1	3	128	219	218	25	4	46	928	65	31	0	637	600	22	48	0	0	78	3	-34	-2	1	0
6	1	0	0	2	2	up	3	512	463.609283508522	833.490996457268	452.956951153483	520.38428525861	596.355034914785	1318.67061973407	599.489792812364	888.207274705797	512	512	27.3086077197834	49.6876652491784	-593.967654240529	689.076203143477	253	100	4	8	147	225	220	15	3	49	936	44	41	3	610	660	17	33	0	0	54	3	-5	-2	2	0
6	1	0	0	3	3	up	0	512	432.725764687264	664.40096653031	439.700623611781	486.234474333522	615.529276838217	1491.00986086097	611.311417219739	941.993979695805	512	512	44.505962431754	49.7496622277468	-594.020130640091	689.197174188838	277	96	3	5	131	230	212	19	4	47	1419	62	54	1	505	601	12	42	0	0	70	2	-6	-2	2	0
6	1	0	0	3	3	up	1	512	446.631529434137	757.795643318573	443.359775663887	495.674019925373	583.082492428847	1260.74600711024	593.98240950771	868.152713862168	512	512	16.2463608724815	55.7985310721908	-593.935680096352	688.999283937984	279	92	4	7	130	228	216	14	0	54	1390	82	60	4	662	568	15	31	0	0	54	10	-26	-3	2	0
6	1	0	0	3	3	up	2	512	465.691322833515	829.417820888466	454.114724719243	522.470143048903	592.372255841659	1311.56684933234	593.0175173164	866.595455963779	512	512	33.1691215683464	47.2163258600775	-593.90971634641	688.941344826712	269	88	5	8	142	227	217	15	2	51	1400	79	54	3	636	641	12	28	0	0	50	9	-31	-3	2	0
6	1	0	0	3	3	up	3	512	453.532269182269	739.835118434432	448.694530879831	503.746047900082	592.507030912602	1243.86707671061	616.965226681267	948.372209098238	512	512	33.6942375842844	48.559891945012	-593.961880917061	689.061037863401	265	92	4	6	145	216	229	13	5	49	1411	78	46	1	570	632	16	36	0	0	62	3	-34	-3	2	0
6	1	0	0	4	4	up	0	512	439.443058927882	740.88433046071	436.154452534828	484.395843036923	599.339846642599	1214.72117867686	610.283196034147	899.91076074292	512	512	46.6622997131428	56.3263939227564	-593.703949767365	688.463573439277	291	90	3	7	121	232	236	12	0	32	1904	89	50	5	560	597	14	46	0	0	74	0	-37	-2	3	0
6	1	0	0	4	4	up	1	512	422.745018268827	612.41027925867	432.959635799183	468.11436584394	562.84235914197	1114.33669190287	577.331334663199	808.124030452443	512	512	59.0798314977486	59.7308600801417	-593.809700304411	688.708718703022	276	100	3	4	129	238	211	11	2	50	1895	80	72	1	576	646	12	35	0	0	60	0	-10	-2	2	0
6	1	0	0	4	4	up	2	512	427.91722753757	723.800515905467	422.767557923592	455.016443561164	629.896054577282	1516.37571804656	625.148413690979	977.901627869325	512	512	40.5173830256568	46.2876339524623	-594.308729024567	689.868659939272	284	102	5	7	114	225	223	19	6	39	1879	104	63	2	523	570	9	36	0	0	60	1	-41	-3	2	0
6	1	0	0	4	4	up	3	512	466.363052257577	829.660392534634	449.537869816991	501.136828511538	545.750156543531	1012.03513826652	569.275185953825	799.794363791366	512	512	46.6222017425757	51.5496258416383	-593.788566241847	688.659876582261	272	86	4	8	142	241	206	9	4	52	1884	106	58	0	548	574	13	39	0	0	72	0	-48	-2	2	0
6	1	0	0	5	5	up	0	512	436.996274518512	595.210280085007	451.440593681825	493.338104109201	558.705551416338	1136.8967735992	574.525135628388	808.360075019655	512	512	50.3679291499837	50.2379857799773	-593.919387318732	688.964138977964	289	78	2	3	140	248	197	12	6	49	2375	99	84	2	582	549	15	37	0	0	64	0	-15	-2	2	0
6	1	0	0	5	5	up	1	512	441.046977609773	613.499423636346	465.767568437596	544.610125560842	565.960872975401	1223.14466680443	581.774783128365	857.201723623256	512	512	49.3268826657237	52.4554294006163	-593.815325512507	688.722719012741	257	93	8	3	151	239	194	14	9	56	2343	128	80	9	562	545	14	37	0	0	68	3	-54	-3	3	0
6	1	0	0	5	5	up	2	512	479.405624730082	892.550419156244	474.283329615156	569.285604344335	576.181752680715	1241.62449266938	570.716883791356	795.337217562861	512	512	53.0178911371181	53.3660690096094	-593.630687247073	688.295056962917	260	88	4	9	151	242	204	14	3	49	2344	136	78	2	584	622	13	38	0	0	64	2	-58	-3	4	0
6	1	0	0	5	5	up	3	512	488.358986948199	898.214716094788	483.655681461434	583.50889960598	545.769410125095	1050.04445099488	558.9504402215	756.832794138188	512	512	64.6613004524263	55.6609853123112	-593.865783504689	688.840363642702	282	68	3	9	150	240	204	10	0	58	2370	117	67	6	559	680	24	29	0	0	56	4	-58	-4	3	0
6	1	0	0	6	6	up	0	512	476.901079576022	929.424921809464	467.189554586434	568.92251182616	561.737960615398	1249.60497340001	558.941390996122	807.371543211943	512	512	65.9250024024996	50.4976747877313	-593.844571001313	688.79047866084	249	101	3	10	149	247	185	15	6	59	2851	131	82	8	531	607	15	25	0	0	44	1	-61	-4	2	0
6	1	0	0	6	6	up	1	512	465.038846991017	867.184561970659	458.541220339627	542.944085064886	559.041952611032	1107.9424558234	568.101861196918	805.12044567595	512	512	72.2504300323373	62.2427420209455	-593.882694290856	688.879338351328	265	96	2	9	140	233	207	11	7	54	2820	141	105	6	533	582	16	29	0	0	52	0	-44	-3	2	0
6	1	0	0	6	6	up	2	512	456.737960615398	712.560621565572	466.072315513219	548.953459692551	538.081419463521	1025.16994007829	548.293705925572	741.373204289279	512	512	67.1936087639817	58.2873940616466	-594.003263782073	689.158809907605	255	91	7	5	154	265	188	10	2	47	2869	117	86	0	558	588	15	40	0	0	70	0	-31	-3	2	0
6	1	0	0	6	6	up	3	512	465.374175220385	859.272804272313	466.235876192708	573.940244751216	517.82203259508	989.052861647219	528.621156340969	689.104655182691	512	512	70.3407096754098	54.8625487943814	-593.751790557073	688.575691938352	279	85	7	9	132	272	172	10	0	58	2834	145	88	5	555	584	14	41	0	0	68	0	-59	-3	2	0
6	1	0	0	7	7	up	0	512	464.079386808832	683.82181866846	471.147526544625	527.663464678014	591.498900293846	1309.63425436991	601.922024214651	911.966209711579	512	512	72.6535964405022	56.7123477601574	-593.865848863494	688.84108813015	272	73	2	4	161	224	215	15	6	52	3298	175	109	2	518	540	11	28	0	0	49	1	-70	-4	3	0
6	1	0	0	7	7	up	1	512	494.702445796323	943.673251591808	484.0680670493	586.216452228398	612.976061247586	1554.65508750231	584.876855310859	869.395931462921	512	512	62.8753734297615	63.7633561659676	-593.883029867284	688.879699497396	284	66	3	10	149	240	198	21	2	51	3269	180	130	5	583	538	15	35	0	0	67	1	-52	-4	3	0
6	1	0	0	7	7	up	2	512	492.457287510705	947.910950651081	484.110580508284	593.506193395932	558.801819324154	1067.39566976136	575.31800747392	820.343955661166	512	512	82.2621018717596	67.6492676561245	-593.847563508411	688.798192635849	266	79	3	10	154	247	209	10	3	43	3256	198	122	8	568	573	12	33	0	0	60	1	-81	-4	3	0
6	1	0	0	7	7	up	3	512	466.727797341953	794.103853035431	470.056944431774	550.870722897729	592.861612723533	1348.12871039061	581.241319885134	836.643355411366	512	512	81.910999367499	64.9204204296786	-594.03441399205	689.228209968659	274	81	3	7	147	229	213	16	0	54	3354	116	110	4	575	568	16	34	0	0	58	0	-10	-3	3	0
6	1	0	0	8	8	up	0	512	519.751116232894	1030.65640962871	506.434477833382	646.540851552106	526.479646712283	1020.41651115713	533.924853346687	708.381261818433	512	512	88.7178681473533	69.7266958061073	-594.078768017025	689.333602344609	263	65	3	11	170	233	192	10	1	76	3805	180	107	4	496	523	18	33	0	0	66	0	-77	-3	3	0
6	1	0	0	8	8	up	1	512	469.568743690706	802.412503461088	473.951263147071	552.864656779901	527.208063915708	1044.45685529553	528.828202839266	702.259071110952	512	512	76.343542899053	61.1549840094073	-594.188729015166	689.588151747556	266	84	3	7	152	258	176	11	5	62	3748	209	136	3	517	511	18	46	0	0	78	0	-75	-4	3	0
6	1	0	0	8	8	up	2	512	498.379313495089	856.853311445724	499.40700594836	610.907255304616	543.225284842583	1106.13357471413	537.32492402592	718.226526222828	512	512	90.7416652845057	62.1419227754198	-594.004271594329	689.161561413125	252	72	3	7	178	264	183	12	1	52	3808	168	116	4	443	490	14	60	0	0	94	0	-60	-3	2	0
6	1	0	0	8	8	up	3	512	484.827057593821	925.791652149275	483.348599895787	589.160660823357	519.003445447906	931.551321232266	534.259122259672	705.57781382635	512	512	98.7128576724478	68.8568566861839	-593.607517761875	688.243838793349	284	72	6	10	140	243	192	8	2	67	3791	173	131	1	536	627	19	42	0	0	72	0	-44	-3	2	0
6	1	0	0	9	9	up	0	512	486.910169884141	900.675916503024	486.268445460818	604.4682936658	532.802779013517	1086.01694112354	529.261308514126	705.227276691473	512	512	86.1665654653646	61.2291275765218	-593.570925955148	688.155702851628	271	76	3	9	153	269	173	12	2	56	4259	217	126	6	577	495	13	35	0	0	60	0	-103	-3	3	0
6	1	0	0	9	9	up	1	512	453.839253521955	664.467934990767	471.809443872103	540.176471237667	546.632602399463	1117.60453269121	534.908727870241	707.408821490592	512	512	86.20977200167	61.8924279260794	-593.711075795325	688.479363875471	278	77	1	4	152	250	190	12	2	58	4248	224	129	7	508	467	8	33	0	0	60	2	-109	-6	2	0
6	1	0	0	9	9	up	2	512	507.725764687264	968.553965485058	511.727588986324	669.413243419349	517.553555418521	955.055081717952	522.408962947324	665.146888713968	512	512	81.6594153548229	63.5232873903571	-593.525012467617	688.049209528413	273	62	7	10	160	261	177	9	6	59	4182	263	152	11	565	542	17	26	0	0	50	0	-117	-4	3	0
6	1	0	0	9	9	up	3	512	476.814974941651	785.050204999372	486.355816412804	582.060158081567	546.018633720091	1120.11717345983	541.81651636483	717.604678589184	512	512	87.9125050750875	66.1718526302899	-593.823435589076	688.742889850294	255	83	0	6	168	240	192	12	4	64	4298	193	110	7	498	532	17	36	0	0	66	0	-93	-3	2	0
6	1	0	0	10	10	up	0	512	498.235448116027	820.889676809884	501.558648419336	606.767701094975	552.630569744774	1162.43823397049	553.957946353295	779.221330808479	512	512	107.776378734908	73.6652120388769	-593.686493613267	688.423749838056	253	68	2	6	183	245	187	13	9	58	4719	243	154	4	513	509	15	24	0	0	38	0	-93	-4	3	0
6	1	0	0	10	10	up	1	512	522.304331823525	1041.14865384204	507.492220092434	639.295299093108	547.899046921333	1151.43601389976	537.446941205739	722.453486526924	512	512	126.832577266358	77.9436442768434	-593.722725363314	688.507870374637	249	72	3	11	177	256	182	13	5	56	4744	204	170	2	476	537	9	25	0	0	48	0	-34	-3	3	0
6	1	0	0	10	10	up	2	512	464.914235193519	795.066161413191	466.033192395438	540.22508195502	574.915308158845	1207.79301146084	565.833294979964	785.209393665426	512	512	111.958762532749	72.9203813023236	-593.963589728864	689.066375976334	265	88	3	7	149	236	212	13	0	51	4727	233	157	3	472	503	13	32	0	0	50	0	-74	-4	3	0
6	1	0	0	10	10	up	3	512	500.471516093527	898.292335936741	500.641563214459	630.93784302619	565.605218199144	1362.39122135652	543.41341234259	749.025527010537	512	512	112.215767167269	73.734125640942	-594.041800105554	689.245474827505	245	78	5	8	176	251	173	18	4	66	4720	236	163	1	462	459	11	48	0	0	86	0	-75	-3	3	0
6	1	0	0	11	11	up	0	512	537.793688705398	1027.35353386597	542.204911532254	722.815808254117	527.044944955084	1118.78545743599	519.548512075949	677.936534975655	512	512	135.562334498919	89.2479184251616	-593.651358515074	688.340236153421	259	51	2	10	190	256	170	13	0	73	5228	225	177	2	460	547	10	26	0	0	52	0	-52	-4	3	0
6	1	0	0	11	11	up	1	512	533.293208860717	1027.34555565906	539.000502007101	724.621281435849	523.369150221644	1036.26128799996	527.669706128202	704.792370293476	512	512	109.567117900202	68.398489018119	-594.112668563591	689.412480915374	238	66	6	10	192	263	172	11	4	62	5219	252	158	3	482	482	10	35	0	0	64	0	-92	-4	2	0
6	1	0	0	11	11	up	2	512	519.885891303837	962.983244802286	528.482189506717	690.180090325876	501.334708367895	891.741554573715	522.608397113313	698.92081098062	512	512	124.872964912033	78.357904197106	-593.687677404817	688.427010920053	256	62	2	9	183	263	170	8	5	66	5109	288	225	10	490	453	10	28	0	0	56	0	-67	-4	3	0
6	1	0	0	11	11	up	3	512	507.72683765259	836.345110818573	523.835184519495	653.811445672593	533.475581402905	991.052874042274	541.089545551237	726.114116467303	512	512	122.785108345665	76.9052777023004	-593.666449836675	688.376914901769	256	60	0	6	190	243	197	9	3	60	5192	246	188	6	452	446	10	39	0	0	68	0	-62	-3	3	0
6	1	0	0	12	12	up	0	512	500.345831330703	1032.57347649106	473.743972877335	573.485096275029	498.695388142893	959.233790523677	499.702815362124	634.554296403104	512	512	120.852879399756	80.6807348822388	-594.104193764374	689.392365961802	266	81	3	12	150	263	159	10	4	76	5683	298	157	6	402	445	13	35	0	0	64	0	-149	-3	3	0
6	1	0	0	12	12	up	1	512	431.996274518512	587.265711614686	438.574551614549	456.327143669087	527.064198536647	1045.57525998468	526.730967746249	692.953064491491	512	512	126.110190520947	85.0392707187568	-593.632496213192	688.299449052846	285	83	5	3	136	259	178	11	1	63	5672	293	171	8	418	480	14	33	0	0	62	0	-122	-6	4	0
6	1	0	0	12	12	up	2	512	460.317487441021	716.364168720722	463.067510723796	522.65493290179	501.181752680715	789.196552005291	511.365163923525	627.167147035805	512	512	126.334048149203	79.3689023069453	-594.044444304445	689.253088970692	265	84	2	5	156	254	189	5	3	61	5709	273	154	8	459	467	4	30	0	0	52	0	-127	-4	4	0
6	1	0	0	12	12	up	3	512	499.270849659139	917.811171418648	490.4045678862	603.195727760599	520.634635054152	966.881694471289	510.197849214049	643.930402080397	512	512	118.085138383431	81.6557218212235	-593.533758034015	688.06808757009	279	62	3	9	159	247	185	9	5	66	5694	260	186	4	538	480	10	33	0	0	56	0	-78	-5	3	0
6	1	0	0	13	13	up	0	512	474.453222201327	804.820039306525	483.609211312476	578.19607050431	551.018633720091	1090.97970260516	560.722994608341	788.841200343137	512	512	134.526568486904	93.2692231790824	-593.523858789464	688.045647404344	280	72	2	7	151	244	199	11	4	54	6146	285	217	8	461	463	12	41	0	0	74	0	-56	-4	4	0
6	1	0	0	13	13	up	1	512	501.171589407271	891.932685859502	506.261275035161	646.698451725039	597.285078241961	1455.59388957309	573.417946619702	823.054375689601	512	512	132.171928055173	82.7903102394924	-593.919373770692	688.962621706704	265	66	2	8	171	242	195	19	3	53	6131	308	210	7	408	379	13	34	0	0	58	0	-108	-4	4	0
6	1	0	0	13	13	up	2	512	483.637627398204	821.505185904208	486.38012410073	571.294784627595	562.477614057594	1149.89323140207	571.267000933323	809.304025532981	512	512	133.898622587238	84.1760530048685	-593.58383410511	688.187008962238	274	68	5	7	158	236	206	12	3	55	6145	310	195	6	423	444	13	29	0	0	56	0	-119	-4	3	0
6	1	0	0	13	13	up	3	512	481.631529434137	813.274583634247	488.13175249439	584.166334591119	570.433008930401	1229.78147453006	562.145741523399	783.822629905326	512	512	160.064290598266	98.3712308468052	-593.61970794829	688.26849031352	287	62	3	7	153	247	198	14	3	50	6129	273	248	6	404	462	5	32	0	0	60	0	-33	-4	3	0
6	1	0	0	14	14	up	0	512	483.14827051633	859.080795700615	484.526119741165	583.321082108807	523.475581402905	901.079481837589	530.746873363814	679.116367669982	512	512	152.855505453508	95.8348931877786	-593.913646174946	688.94874838044	268	76	5	8	155	247	198	7	3	57	6621	318	224	5	414	387	7	33	0	0	60	0	-96	-4	3	0
6	1	0	0	14	14	up	1	512	509.626504435396	979.757519250904	500.64573712372	622.392667389474	538.830163213836	1177.31672366132	534.527495157777	739.509115029605	512	512	147.097353159057	94.6640795479851	-593.908188263414	688.93938379248	259	71	3	10	169	244	175	14	5	74	6594	354	215	5	416	411	21	30	0	0	54	0	-149	-6	3	0
6	1	0	0	14	14	up	2	512	505.557620727899	939.418718832804	511.777340594304	664.825478461069	508.263792005709	867.178807966168	525.83653717696	670.432849671192	512	512	154.312620938502	101.684121579161	-593.556132731243	688.118635695647	251	74	6	9	172	266	180	7	3	56	6595	314	252	7	426	448	11	30	0	0	50	0	-76	-3	4	0
6	1	0	0	14	14	up	3	512	476.834228523214	748.895439077745	495.296123896421	603.808269048904	542.985151555705	1139.67104391613	534.161708041641	721.543150963628	512	512	151.081761986572	90.3100693648988	-594.033889604879	689.229434838797	254	79	2	5	172	266	176	13	3	54	6622	326	210	10	403	394	11	36	0	0	59	0	-128	-3	4	0
6	1	0	0	15	15	up	0	512	525.11586131727	1040.07326233419	521.728609856063	689.557301515904	545.720739688523	1187.95486177672	537.123095354419	739.125009591053	512	512	159.955040756657	98.3453507994997	-593.909687200188	688.939598094611	261	62	4	11	174	245	179	14	6	68	7129	329	216	6	401	396	5	46	0	0	76	0	-125	-4	3	0
6	1	0	0	15	15	up	1	512	472.543392145076	838.228019992446	478.777837995243	576.023000577302	491.574841654773	805.259516901396	508.540975661733	627.241938021267	512	512	138.230682377272	92.3263437079119	-593.769244461707	688.613708430613	276	79	4	8	145	257	173	6	8	68	7025	437	207	11	452	397	9	32	0	0	54	0	-220	-6	3	0
6	1	0	0	15	15	up	2	512	512.985151555705	869.750867302076	517.189242953479	645.500490421323	534.808876977584	1131.3295827185	516.520128711664	669.732639356647	512	512	164.02142657499	101.5072383453	-593.820032197847	688.734715104352	278	45	3	7	179	256	175	13	1	67	7096	348	228	8	390	440	9	41	0	0	74	0	-124	-5	4	0
6	1	0	0	15	15	up	3	512	496.49782732852	920.714501937916	494.594568853919	610.127827556081	502.889956613215	865.291450387459	516.171013909729	652.447375879877	512	512	176.754258825483	107.594074374035	-593.944361737151	689.021797816334	261	75	4	9	163	250	182	7	3	70	7124	320	226	10	355	418	9	36	0	0	66	0	-102	-4	3	0
6	1	0	0	16	16	up	0	512	503.830163213836	973.616057226935	500.424607823154	636.782715408433	519.828130559147	960.228032387501	522.50974621275	668.019712783073	512	512	178.948772878157	111.462335422625	-593.778036472422	688.634210479823	252	80	2	10	168	263	181	9	1	58	7596	345	245	6	377	379	12	39	0	0	68	0	-104	-4	3	0
6	1	0	0	16	16	up	1	512	475.010503101335	741.37437113005	496.436814323269	606.789493864115	509.223252187894	939.348648884017	521.172261827096	685.839595400566	512	512	175.752841982174	112.545247546702	-593.536439428799	688.074798227011	260	75	6	5	166	267	170	9	4	62	7576	362	248	6	408	429	12	24	0	0	42	0	-114	-4	4	0
6	1	0	0	16	16	up	2	512	557.899046921333	1204.35397457476	542.735991425078	754.385659870501	506.757214196961	903.940227489298	511.582207199302	658.195277375145	512	512	156.661575245179	95.5859251412794	-593.631586222266	688.294577892273	256	53	4	14	185	258	177	8	3	66	7571	374	240	7	422	335	5	36	0	0	70	0	-136	-4	4	0
6	1	0	0	16	16	up	3	512	501.862572412896	930.131354643399	505.420769305844	644.356170745255	493.849416795399	884.543330630302	502.645779547208	630.636808544045	512	512	187.33928298217	123.308435848262	-593.801137632754	688.688295095323	259	72	5	9	167	251	169	8	5	79	7551	356	277	8	369	411	11	23	0	0	40	0	-79	-5	4	0
6	1	0	0	17	17	up	0	512	497.899046921333	812.761955260685	521.406273592952	662.195235043284	531.28711089665	1056.19699271409	526.757391133907	688.271183425646	512	512	190.425698533332	123.400836350173	-593.61503872555	688.258063058964	268	58	4	6	176	251	184	11	1	65	8064	384	249	7	385	421	12	31	0	0	56	0	-125	-4	4	0
6	1	0	0	17	17	up	1	512	511.450229857275	913.141116343928	525.646091254824	678.490247823754	497.706511105701	914.708731406685	504.508351376282	645.791472698955	512	512	174.330186223512	110.456795420894	-593.547468404675	688.101914642661	257	64	1	8	182	274	156	9	9	64	8041	388	265	10	363	366	9	35	0	0	60	0	-127	-5	3	0
6	1	0	0	17	17	up	2	512	549.982159211653	1126.32027825351	551.619150257696	761.080914776993	499.281012932584	889.185900623795	512.732110026247	668.870433866541	512	512	190.40543932365	116.32949546251	-593.939749174331	689.009819444007	243	60	2	12	195	260	169	8	6	69	8033	366	297	8	325	399	9	32	0	0	58	0	-73	-4	3	0
6	1	0	0	17	17	up	3	512	565.404665040719	1191.41030404878	564.760963048878	796.342724014772	491.210096570397	877.924703520907	497.412216361127	608.122432891221	512	512	197.158463149916	117.173114833752	-594.199175327557	689.612769479616	234	58	3	13	204	259	166	8	2	77	8057	375	268	4	299	319	4	43	0	0	75	0	-99	-4	3	0
6	1	0	0	18	18	up	0	512	484.990176554446	962.709167983798	480.580844045265	599.406512871047	458.321552750399	753.64576651058	464.626437425021	541.255128013169	512	512	206.494859855605	132.498788779767	-593.630649601287	688.293004619151	286	76	2	11	137	255	154	6	1	96	8517	353	334	12	335	321	6	37	0	0	61	0	-27	-5	4	0
6	1	0	0	18	18	up	1	512	507.016601065402	982.496326279702	491.710806530926	607.131916501409	475.835188212577	844.188553139956	473.222881778099	556.024978456062	512	512	186.569987451488	119.352503077682	-593.608274270984	688.241510407474	243	83	3	10	173	276	148	8	3	77	8463	456	292	5	333	329	6	29	0	0	56	0	-175	-5	5	0
6	1	0	0	18	18	up	2	512	493.897014266644	952.979245369618	473.539836728955	565.493638599494	494.424878311645	843.120711525273	499.476930622757	626.189495760116	512	512	197.585310717531	128.594251141097	-593.747422031719	688.567656147545	259	82	4	10	157	267	169	7	4	65	8516	369	323	8	324	316	11	35	0	0	60	0	-46	-4	3	0
6	1	0	0	18	18	up	3	512	469.194908298212	734.332243498029	474.748062732171	544.395235555473	474.751116232894	811.09321404899	476.236441696139	554.914253553773	512	512	182.47342304303	114.203023937951	-593.547942398154	688.10331063051	258	82	2	5	165	267	156	7	2	80	8434	461	306	15	359	339	5	25	0	0	40	0	-177	-4	4	0
6	1	0	0	19	19	up	0	512	519.232342496012	1058.84797749161	506.528180004743	653.97540559553	532.966970939468	1064.78324976031	536.295738267287	716.487507230973	512	512	217.866580894141	138.998042803498	-593.713419997294	688.486917492583	277	60	4	12	159	238	190	11	1	72	9069	369	279	11	302	312	7	41	0	0	72	0	-104	-4	4	0
6	1	0	0	19	19	up	1	512	489.079386808832	834.631132223157	496.531110978863	608.669367757322	492.735927960709	767.953086546472	525.920810445928	661.627152149229	512	512	187.106756016733	117.515478660228	-593.858181584028	688.820651534357	268	69	2	7	166	270	177	5	3	57	8999	468	250	11	341	291	5	31	0	0	50	0	-225	-5	3	0
6	1	0	0	19	19	up	2	512	482.064198536647	714.792554225298	503.700041613112	621.668800415929	563.379313495089	1219.30785990513	553.952235115308	761.88178703911	512	512	204.298221777244	130.431158870035	-593.846167926462	688.795249263722	267	62	5	4	174	244	194	14	3	57	9032	398	289	9	326	319	9	40	0	0	74	0	-115	-4	3	0
6	1	0	0	19	19	up	3	512	479.021626064143	778.957959133366	487.681147766983	580.984046408419	534.003445447906	955.305203257285	553.932467060921	753.07040843748	512	512	187.350452405874	124.488500197121	-593.732751009732	688.530670586143	275	68	2	6	161	243	201	8	5	55	8879	508	325	16	333	316	6	31	0	0	54	0	-199	-9	4	0
6	1	0	0	20	20	up	0	512	502.592062581647	970.211178029345	502.922744284304	642.107934295447	488.158433789774	764.262622521411	512.455815488374	642.40743154684	512	512	211.597199716371	142.481134999653	-593.694282728279	688.441535620916	255	79	2	10	166	257	176	5	7	67	9532	415	281	12	343	306	7	36	0	0	64	0	-142	-6	4	0
6	1	0	0	20	20	up	1	512	473.426910966334	663.287010245993	493.293230503693	582.151661787086	523.398567076652	1008.56329060847	529.353778616385	709.323764618453	512	512	225.611072591299	152.85449907182	-593.875057757866	688.860132676568	272	62	3	3	172	243	183	10	6	70	9430	447	347	16	330	342	7	31	0	0	52	0	-108	-4	6	0
6	1	0	0	20	20	up	2	512	511.046977609773	983.898540566075	509.236911221068	657.188215895718	532.189883299471	993.349550960039	539.519770135094	721.979450646242	512	512	222.175147555142	144.542921039738	-593.656467584987	688.354172411817	253	73	5	10	171	234	200	9	2	67	9425	469	331	15	289	315	5	32	0	0	62	0	-152	-7	4	0
6	1	0	0	20	20	up	3	512	507.908137229452	969.343323193269	503.774689041965	631.753189053193	490.250636388213	805.728254807743	509.118631111031	649.329609324195	512	512	212.335520147296	136.75769013916	-593.348961354083	687.642830530534	278	61	1	10	162	254	175	6	5	72	9431	459	334	16	318	272	10	32	0	0	56	0	-141	-5	4	0
6	1	0	0	21	21	up	0	512	517.649823326337	996.746880264463	521.398329869371	672.485295494987	479.9051448854	752.265283300942	490.646398029384	581.175943303386	512	512	236.726242528944	154.103259210575	-593.683765057559	688.420147358761	252	70	2	10	178	259	173	5	1	74	9928	448	362	14	293	303	9	32	0	0	58	0	-74	-4	4	0
6	1	0	0	21	21	up	1	512	536.814974941651	1102.50475345878	522.822858587008	683.692880008908	503.877760685081	930.859069581901	507.394218689376	644.866158514277	512	512	235.067903358288	158.76024978584	-593.933752161091	688.996970261828	247	67	2	12	184	268	167	9	2	66	9919	468	353	12	260	279	2	36	0	0	62	0	-127	-6	3	0
6	1	0	0	21	21	up	2	512	524.156401135085	967.90342141634	524.948557703113	676.126414115366	485.442099238519	828.098980448537	490.348776024502	590.354401068805	512	512	222.565145867527	146.03923143202	-593.63182980984	688.298361066101	260	56	3	9	184	269	163	7	2	71	9922	503	317	10	287	295	7	32	0	0	48	0	-194	-4	4	0
6	1	0	0	21	21	up	3	512	509.684265180086	871.319829281339	515.816645039354	646.043301748802	513.176614406011	1085.34331906158	498.83162836595	631.3079012916	512	512	232.889791320745	160.60556111648	-593.849362059602	688.801806859312	260	58	5	7	182	277	151	13	2	69	9925	456	366	5	294	321	9	30	0	0	54	0	-92	-4	5	0
6	1	0	0	22	22	up	0	512	473.647790671648	740.015170024979	492.992016229631	592.335598124679	539.252669042902	1070.40453351755	530.85177870308	686.088897353151	512	512	232.346602797618	154.159030771763	-593.643119237622	688.322490222604	263	76	1	5	167	247	190	11	3	61	10437	487	331	9	267	256	8	34	0	0	60	0	-154	-5	5	0
6	1	0	0	22	22	up	1	512	472.160466444463	703.566392096803	490.860763120113	573.982284068133	506.411722694148	903.342001066873	514.127336901988	649.871279647006	512	512	234.911339078598	157.480551067558	-593.959580643237	689.056130960855	258	76	2	4	172	255	176	8	6	67	10442	464	351	7	249	220	6	41	0	0	70	0	-115	-4	5	0
6	1	0	0	22	22	up	2	512	501.776467778524	822.812069362986	522.54491138052	658.679583101294	520.575801344136	1096.38855231362	508.170387357868	661.296178042018	512	512	246.773576257141	168.17828474651	-593.873911695619	688.858230933976	261	60	3	6	182	279	155	13	3	62	10437	469	342	16	256	285	8	43	0	0	70	0	-135	-8	6	0
6	1	0	0	22	22	up	3	512	516.247530768198	1125.76859481446	509.260311922729	672.1782998427	551.939586739149	1198.40364383658	529.254606768282	695.342044574789	512	512	236.012602593508	162.437909109455	-593.757231254039	688.587699448413	278	70	2	14	148	251	185	14	0	62	10376	504	365	19	313	295	4	33	0	0	63	0	-141	-5	4	0
6	1	0	0	23	23	up	0	512	555.806844322895	1199.97038161343	553.867057142508	784.479111895524	523.67613456133	1109.11583067501	513.690569533401	676.340251197555	512	512	249.450593472675	169.770663154891	-593.583613998347	688.184115203877	259	53	3	14	183	260	163	13	5	71	10899	490	377	10	259	265	11	28	0	0	46	0	-125	-5	4	0
6	1	0	0	23	23	up	1	512	545.230309841323	1283.68167877089	536.01589369043	739.041138430919	544.9051448854	1188.83069481971	529.902658704836	727.284336357767	512	512	249.023871258672	169.366021855272	-594.152337950833	689.505071624447	272	64	3	17	156	243	181	14	3	71	10913	506	344	13	217	219	4	42	0	0	70	0	-172	-5	5	0
6	1	0	0	23	23	up	2	512	609.703518761649	1549.59521996285	592.368272129641	917.808790728615	501.804811668206	1001.51361308329	499.114223219186	633.563102492959	512	512	248.399627607972	168.813682977163	-594.146451207857	689.48970315424	235	55	6	21	195	262	158	11	2	79	10980	458	324	14	277	247	5	41	0	0	72	0	-142	-4	4	0
6	1	0	0	23	23	up	3	512	527.621479436655	945.074160278526	542.103290035796	727.004513019416	481.296201204769	784.051086416969	504.35660822817	642.824227899921	512	512	247.898786434712	170.142069911484	-593.80178888782	688.692829357837	243	60	4	8	197	265	162	6	9	70	10869	543	351	13	236	281	4	38	0	0	70	0	-194	-5	5	0
6	1	0	0	24	24	up	0	512	470.941619393838	738.144217832258	481.826649992259	575.246846277812	464.846311175384	783.854180468266	470.764213479062	556.685507932734	512	512	252.236938002611	171.688103147656	-594.006863699606	689.171175098937	256	82	2	5	167	291	140	7	2	72	11351	574	355	8	218	193	11	38	0	0	68	0	-223	-6	4	0
6	1	0	0	24	24	up	1	512	490.787590741332	873.670599075646	491.087656319662	602.366229992942	431.161426133826	624.296310579298	444.399000378383	477.704930766899	512	512	249.190745775628	185.064457527465	-593.516323210914	688.027907088389	268	72	1	8	163	284	134	4	0	90	11265	607	401	15	237	233	13	26	0	0	48	0	-212	-5	3	0
6	1	0	0	24	24	up	2	512	484.309356822265	858.803189080054	485.735269286003	593.614636392414	492.783525431954	947.555295874823	475.765322434466	566.282430667039	512	512	262.863715825936	191.706905365753	-593.632592684833	688.297605737618	273	72	5	8	154	266	153	10	5	78	11331	545	399	13	231	226	5	38	0	0	66	0	-160	-6	4	0
6	1	0	0	24	24	up	3	512	454.597087580388	697.91892885799	467.14791171884	530.825127897669	494.817967285702	949.210284216692	474.131224069122	553.13547314492	512	512	263.791872896427	187.351814876466	-593.540430049832	688.086474737013	287	75	0	5	145	274	154	10	1	73	11302	561	415	10	219	249	7	35	0	0	64	0	-150	-5	4	0
6	1	0	0	25	25	up	0	512	523.226357807909	1016.31052481635	515.167051779934	656.001765847822	568.609283508522	1259.36905370267	554.003752657124	760.232910124118	512	512	274.307948008476	194.121562702907	-593.796898674656	688.682069426074	231	80	0	10	191	257	190	15	0	50	11842	538	411	9	219	222	6	29	0	0	54	0	-133	-5	3	0
6	1	0	0	25	25	up	1	512	530.835188212577	1079.56106227437	535.077208256571	738.979322802021	521.997347483839	968.294111166991	528.237055687956	686.774023458305	512	512	270.204572785314	190.579648077304	-593.707972034652	688.473112286884	268	55	10	12	167	252	186	9	2	63	11906	528	359	7	224	218	4	34	0	0	66	0	-175	-5	5	0
6	1	0	0	25	25	up	2	512	528.52317887415	940.377925722234	525.351104680166	666.05215754661	552.793688705398	1162.30031827534	545.152485939012	745.073813660822	512	512	268.375048369521	185.658204404115	-593.958328709999	689.05368660551	259	50	2	8	193	251	188	13	4	56	11854	570	362	14	181	211	5	28	0	0	56	0	-220	-5	4	0
6	1	0	0	25	25	up	3	512	521.700526417597	940.951768551761	525.061175494624	682.894577701215	556.767377470406	1176.96019159915	553.90310410531	778.317312126115	512	512	272.108669693993	195.403307526397	-593.306592191003	687.542568004854	232	72	2	8	198	235	198	13	2	64	11750	573	456	21	221	201	2	35	0	0	60	0	-139	-5	6	0
6	1	0	0	26	26	up	0	512	507.092542426329	896.055077586267	519.830450527981	658.734479970135	513.004405137268	944.789003764799	508.414797879687	638.941881167526	512	512	279.755361272445	199.384774251709	-594.232924625646	689.690568316454	276	54	4	8	170	269	172	9	4	58	12374	535	396	7	186	177	4	44	0	0	75	0	-149	-6	4	0
6	1	0	0	26	26	up	1	512	561.987184210394	1282.67547992591	539.912097232631	735.523548128091	495.91220253883	916.624920983127	492.666262530613	601.629772433997	512	512	277.5773893845	205.471140681277	-593.988117683643	689.122361666644	259	57	1	16	179	268	160	9	4	71	12326	569	398	19	170	180	4	45	0	0	78	0	-194	-7	6	0
6	1	0	0	26	26	up	2	512	520.461352820082	995.671488756613	523.605970912903	681.724041477126	516.075321499455	985.214279517675	511.837568255165	648.284319532519	512	512	286.519491845609	208.921385609557	-593.902158970837	688.921658258157	264	60	3	10	175	270	169	10	4	59	12290	563	444	15	206	184	3	40	0	0	70	0	-117	-5	4	0
6	1	0	0	26	26	up	3	512	496.162499099152	780.351317926918	509.731439849543	630.75014062624	531.546497765091	1023.53358132483	531.207101468703	716.18685901906	512	512	280.086344716622	200.455086876878	-594.038038373691	689.239756055338	255	64	3	5	185	240	190	10	6	66	12340	553	408	11	188	180	9	41	0	0	78	0	-155	-5	4	0
6	1	0	0	27	27	up	0	512	500.778500433213	822.925152493076	512.789682625868	633.560174002397	469.10880366384	664.041781951979	494.689698238314	596.763986751973	512	512	293.674948247214	215.471763651838	-593.52827609213	688.05636282977	258	63	2	6	183	252	175	3	5	77	12674	673	468	9	171	161	3	32	0	0	52	0	-211	-5	6	0
6	1	0	0	27	27	up	1	512	570.960872975401	1342.30874545441	541.97351429714	742.933532518011	522.495794673831	1034.35530083285	508.952074082819	647.884609877471	512	512	280.151123182677	204.176339338489	-594.066409900978	689.305030504788	239	67	1	17	188	264	171	11	4	62	12717	661	432	14	171	154	3	32	0	0	60	0	-245	-7	4	0
6	1	0	0	27	27	up	2	512	547.553555418521	1187.91982680233	538.11361014485	735.714262070988	494.260686385694	975.573913068174	489.614962633162	616.902228700209	512	512	311.960866707931	236.615003664027	-593.916934629935	688.956825236625	253	62	5	14	178	294	142	11	0	65	12778	572	466	8	159	155	5	31	0	0	56	0	-110	-5	4	0
6	1	0	0	27	27	up	3	512	470.96996328352	731.541996108851	494.122370677859	591.917300308225	532.285078241961	1093.11273331836	531.596276430877	735.237836564402	512	512	272.829916953766	192.801041394582	-593.785474846586	688.654341877547	273	72	0	5	162	246	178	12	7	69	12704	696	410	14	188	155	9	30	0	0	54	0	-298	-6	3	0
6	1	0	0	28	28	up	0	512	488.253628732264	827.023588940687	502.986195391933	615.964800962391	516.171589407271	989.824038739193	514.146747006785	653.552337107406	512	512	290.474112939823	218.746982346871	-594.015153621331	689.186628556674	281	61	3	7	160	261	173	10	3	65	13207	679	434	16	134	143	2	33	0	0	60	0	-253	-8	6	0
6	1	0	0	28	28	up	1	512	542.362092568214	1112.68435607716	539.991917135638	725.958941670298	495.931456120393	954.607625916172	490.149283839948	606.962337438394	512	512	293.879999535455	215.966198218029	-593.849954588462	688.801877943556	246	64	1	12	189	263	157	10	4	78	13291	615	413	17	170	154	5	37	0	0	64	0	-224	-6	4	0
6	1	0	0	28	28	up	2	512	516.545424799765	946.711396317901	510.776664805297	618.405579405591	483.800746358828	747.22979935438	491.462088762993	567.028064195214	512	512	303.460841259098	230.457760344645	-593.82538765435	688.745391775453	277	50	5	9	171	284	166	5	2	55	13281	637	407	11	146	166	4	33	0	0	56	0	-248	-6	4	0
6	1	0	0	28	28	up	3	512	545.79668104945	1212.70651546764	534.174446895612	739.03558266515	463.072329155403	654.408965395645	484.925589559207	566.885957138954	512	512	306.949298528775	233.242136585509	-593.954457408347	689.046072778519	270	56	6	15	165	255	172	3	1	81	13324	562	431	19	127	132	3	45	0	0	73	0	-153	-6	4	0
6	1	0	0	29	29	up	0	512	501.421885967593	866.825377392329	525.569297605842	681.064914716919	496.517080910083	847.504304486611	495.844501113241	587.960234330549	512	512	304.901805436186	229.839088644048	-593.671029586736	688.389558035346	240	77	4	7	184	264	171	7	5	65	13791	630	418	9	121	135	5	39	0	0	68	0	-215	-5	4	0
6	1	0	0	29	29	up	1	512	580.730902961968	1214.80853129754	580.955497491372	825.491985097527	476.843318831333	741.339336155656	491.612644004377	591.879688499667	512	512	320.688968244421	245.573696199364	-593.746914042868	688.563977855865	234	45	8	13	212	268	165	5	5	69	13722	664	452	10	118	147	2	37	0	0	54	0	-228	-7	5	0
6	1	0	0	29	29	up	2	512	551.517080910083	1194.12293159601	556.546591161632	797.812333510414	503.292135895391	1037.96239101146	495.586912406063	624.334109936517	512	512	303.96432266848	234.139660891354	-593.99928382655	689.149342636099	256	58	3	14	181	267	153	12	1	79	13699	700	430	19	129	126	2	34	0	0	60	0	-296	-7	4	0
6	1	0	0	29	29	up	3	512	563.235448116027	1257.45508832865	558.65356379249	804.103420980511	482.553555418521	751.354415283563	498.186220685736	599.130078841942	512	512	319.449806640237	245.482411915047	-593.61305708029	688.25414109724	237	65	4	15	191	269	170	5	3	65	13770	632	435	11	109	122	9	59	0	0	96	0	-203	-6	5	0
6	1	0	0	30	30	up	0	512	534.779460122576	1196.05640384435	527.285991069302	722.335230896298	467.697420797582	837.675030953742	462.536058464413	547.908824625466	512	512	317.581496973944	241.497693940242	-593.87928785004	688.868862668302	268	66	4	15	159	260	148	8	3	93	14232	657	459	12	116	113	5	40	0	0	72	0	-202	-5	4	0
6	1	0	0	30	30	up	1	512	583.110836318529	1328.22804065087	572.11228094204	821.059755129999	444.175654716649	656.733127394637	455.335805636298	510.946705252925	512	512	317.987646594235	246.92589508251	-593.784739584951	688.653727384573	233	57	4	16	202	259	152	4	1	96	14130	705	512	13	131	107	2	30	0	0	58	0	-183	-6	5	0
6	1	0	0	30	30	up	2	512	555.394501767274	1241.22847722798	546.141588793789	754.02527185624	447.208063915708	584.110953956429	463.126943341115	509.070342434416	512	512	310.054177443949	232.360659688938	-593.533651963704	688.071104124479	245	66	3	15	183	270	158	2	4	78	14195	732	420	13	126	123	2	38	0	0	66	0	-334	-6	4	0
6	1	0	0	30	30	up	3	512	564.685338145412	1122.75842545861	561.228284448357	767.660273361705	451.862572412896	702.650198388676	453.594948027141	503.629933936603	512	512	325.667499974938	251.898437264237	-593.906584522481	688.933631486464	227	56	1	11	217	263	150	5	3	91	14226	677	447	10	89	115	1	36	0	0	68	0	-230	-5	4	0
6	1	0	0	31	31	up	0	512	597.08345211821	1453.93047405214	578.688185764111	857.021698654525	474.26175935102	811.586784520403	486.571583623295	611.374558560573	512	512	344.919564247012	288.000351813377	-593.572211517415	688.158068080259	246	51	2	19	194	261	156	7	5	83	14649	718	491	14	89	108	2	28	0	0	50	0	-239	-9	5	0
6	1	0	0	31	31	up	1	512	582.074361810092	1252.34910611956	587.419057955364	866.926108566528	517.02569137352	1027.88479182793	503.815808807753	643.446859177752	512	512	328.442317309179	257.464553346818	-593.594406902898	688.209130290847	236	47	7	14	208	261	170	11	1	69	14703	690	463	16	94	114	5	35	0	0	60	0	-251	-6	5	0
6	1	0	0	31	31	up	2	512	547.074361810092	1011.59300815549	571.209362578596	781.992485703859	484.031789337587	795.332688338513	485.793013365652	581.526081936433	512	512	325.889561757523	262.464006516624	-593.56027335073	688.132458070227	248	47	3	9	205	256	171	6	3	76	14698	705	455	14	99	95	4	40	0	0	74	0	-270	-6	5	0
6	1	0	0	31	31	up	3	512	583.744058579465	1326.61606549031	579.793260110782	848.520515841932	465.365084912266	755.636004810051	477.880473917802	569.745228461714	512	512	339.571857505046	276.749014237519	-593.626590205495	688.286453821353	238	53	5	16	200	273	150	6	5	78	14584	719	550	19	97	100	2	33	0	0	58	0	-183	-6	6	0
6	1	0	0	32	32	up	0	512	564.165491443204	1246.10341645832	574.938631316768	834.725663650819	460.028683717572	887.865264295191	453.005017332143	542.753328886964	512	512	355.780244432648	298.435060169736	-594.126474956013	689.44467985496	262	47	8	15	180	280	126	10	2	94	15212	653	502	17	89	88	2	47	0	0	84	0	-161	-6	4	0
6	1	0	0	32	32	up	1	512	610.308397132903	1406.39034820229	594.856138156521	869.733633623274	471.622439126018	804.941549615693	470.420746575617	560.06261985915	512	512	347.67426252117	289.62436517481	-593.846334689604	688.794084278633	243	36	1	17	215	265	152	7	6	82	15101	732	537	14	75	75	2	38	0	0	66	0	-203	-7	5	0
6	1	0	0	32	32	up	2	512	582.458360476031	1217.74644781903	580.093940156659	810.071402061201	445.768337159768	653.153522297248	452.702145870841	499.276882711216	512	512	337.57836431163	271.213025646197	-593.773363734063	688.6261462308	241	42	1	13	215	269	147	4	5	87	15176	735	464	9	89	71	2	37	0	0	68	0	-273	-6	4	0
6	1	0	0	32	32	up	3	512	546.498900293846	1015.96019573084	573.527102243478	797.183678398495	431.180679715389	625.196976187349	450.030845482214	505.804066577531	512	512	347.893684067633	290.126096751079	-593.675093182477	688.398466848034	236	55	3	9	209	279	134	4	3	92	15043	760	567	14	98	72	1	26	0	0	50	0	-205	-9	6	0
6	1	0	0	33	33	up	0	512	572.102705699774	1229.91096304614	571.673507410198	809.889506656379	445.873695375703	650.233786391992	451.20097276368	489.907004210794	512	512	355.434437196619	300.318162299835	-593.907235594363	688.936144236381	253	45	3	14	197	278	145	4	3	82	15645	739	500	12	42	63	1	34	0	0	60	0	-243	-6	5	0
6	1	0	0	33	33	up	1	512	610.038846991017	1541.73667785514	593.129091151795	884.04630000935	453.03274902695	731.89852817102	456.49261856276	520.476318752563	512	512	357.903888241402	308.29406888836	-593.790559352728	688.665601737612	257	42	3	21	189	282	139	6	3	82	15578	739	551	28	66	54	2	41	0	0	72	0	-188	-6	6	0
6	1	0	0	33	33	up	2	512	565.212129225086	1219.27282493074	571.234573474704	815.418944551102	477.792615740072	916.245310927716	465.924885436918	556.955878946842	512	512	351.230013139413	290.69175103553	-593.62311975555	688.279492331681	252	51	2	14	193	280	137	10	5	80	15600	742	536	18	45	59	0	35	0	0	64	0	-222	-6	6	0
6	1	0	0	33	33	up	3	512	607.889956613215	1439.36462595626	600.628833804945	916.986256930945	436.180679715389	670.196976187349	441.477346275528	483.650306540874	512	512	355.991653001964	290.627777767486	-594.05570861891	689.279966280864	234	45	7	18	208	279	134	5	1	93	15710	689	480	17	75	77	5	44	0	0	72	0	-219	-6	4	0
6	1	0	0	34	34	up	0	512	571.296201204769	1260.28612469671	571.386951077331	815.102847349206	434.049969953824	663.932228623963	439.80092479957	477.051931390381	512	512	368.866944777136	314.566880287938	-594.234144829108	689.693843643888	261	44	4	15	188	280	129	5	6	92	16150	736	508	14	44	37	4	32	0	0	62	0	-236	-6	5	0
6	1	0	0	34	34	up	1	512	615.212129225086	1409.69854965578	607.51758035911	915.374520478507	476.228277186634	950.251518036061	453.82242702501	531.487135263156	512	512	368.077873162375	311.763958115675	-593.564002453014	688.13870397635	252	26	3	17	214	279	132	11	4	86	16090	782	520	16	33	43	1	30	0	0	54	0	-278	-6	5	0
6	1	0	0	34	34	up	2	512	586.585004928218	1260.78724506129	596.248349404403	886.027152500191	438.425838001008	703.014708657755	442.328797366746	496.032751900648	512	512	372.302276130065	324.932978268278	-594.074516760906	689.324562046028	234	45	7	14	212	293	125	6	2	86	16135	764	487	22	14	57	2	36	0	0	64	0	-289	-7	6	0
6	1	0	0	34	34	up	3	512	552.016601065402	979.673717090717	571.201813256243	775.572155084517	472.965897974142	842.508732233022	468.154212863016	562.645519282711	512	512	359.022287604269	299.765314294578	-594.097164908521	689.376893336736	255	34	6	8	209	271	149	8	1	83	16140	770	485	13	40	49	2	31	0	0	58	0	-299	-7	6	0
6	1	0	0	35	35	up	0	512	619.147310826967	1496.61473923222	621.807476504186	961.995074076209	450.172549096634	945.021801315382	434.1314288064	514.202590751236	512	512	376.010280299818	326.88055770058	-593.694629153385	688.44334667579	230	44	5	19	214	271	110	12	6	113	16560	779	559	22	21	33	0	34	0	0	60	0	-232	-5	5	0
6	1	0	0	35	35	up	1	512	577.812942286962	1202.84400284905	610.240460630856	923.985320644566	438.502852327261	743.752626005585	432.803514102466	468.140465688339	512	512	383.391843708978	336.996989680719	-593.766835434351	688.609080015063	254	36	4	13	205	281	124	7	3	97	16558	779	559	24	23	20	0	31	0	0	54	0	-240	-7	4	0
6	1	0	0	35	35	up	2	512	649.924398466963	1689.72028073252	637.795775956814	1023.45528906842	437.869630066325	708.282561841157	437.309642651459	489.089810912426	512	512	377.592859611133	327.335059439143	-594.110534236663	689.404556843588	234	35	4	23	216	276	129	6	5	96	16680	710	510	20	13	27	0	44	0	0	79	0	-221	-5	5	0
6	1	0	0	35	35	up	3	512	651.479646712283	1700.32560807594	639.331352656308	1018.26022607986	448.513015600705	805.127355210731	435.784603144479	475.147637781821	512	512	368.754914549806	309.637154271754	-594.168801174264	689.542077531107	217	45	3	23	224	262	134	8	2	106	16661	758	481	20	27	32	0	41	0	0	69	0	-313	-8	4	0
6	1	0	0	36	36	dwell	0	512	0	0	0	0	429.990176554446	727.283443258754	414.722494071131	427.63066354895	0	0	391.296133605177	344.61987191996	-594.019869021691	689.195134071744	0	0	0	0	0	286	116	7	3	100	17086	765	555	26	0	0	0	34	0	0	54	0	-238	-5	6	0
6	1	0	0	36	36	dwell	1	512	0	0	0	0	385.067190880699	511.376125701874	398.637651324169	401.315748113581	0	0	381.52486155874	333.700155037858	-593.926964759146	688.979502710823	0	0	0	0	0	278	104	3	6	121	17122	790	498	22	0	0	0	37	0	0	60	0	-308	-6	5	0
6	1	0	0	36	36	dwell	2	512	0	0	0	0	433.983118901016	668.706511335952	432.465539536056	468.579388354028	0	0	398.453839386081	360.217595828195	-593.688036744887	688.428667129732	0	0	0	0	0	269	133	5	6	99	17044	787	585	16	0	0	0	28	0	0	56	0	-210	-6	4	0
6	1	0	0	36	36	dwell	3	512	0	0	0	0	425.451189546638	651.33666298107	419.33329912944	432.647416490393	0	0	401.888436906184	366.784934022322	-593.946533359634	689.027584286954	0	0	0	0	0	279	125	5	3	100	17067	748	604	13	0	0	0	32	0	0	61	0	-146	-9	5	0
6	1	0	0	36	36	dwell	4	512	0	0	0	0	415.777427467887	672.173910589163	407.288869077001	426.789311618744	0	0	392.528344245058	346.115238896176	-594.021124721123	689.199774519379	0	0	0	0	0	271	113	6	8	114	17129	744	538	21	0	0	0	41	0	0	73	0	-224	-6	5	0
6	1	0	0	36	36	dwell	5	512	0	0	0	0	398.234375150701	572.273689821595	400.961325833239	406.804969133125	0	0	400.210712508271	364.971018714551	-594.033069436872	689.227632666703	0	0	0	0	0	274	112	4	3	119	17126	751	542	13	0	0	0	36	0	0	66	0	-223	-7	5	0
6	1	0	0	36	36	dwell	6	512	0	0	0	0	392.303258858198	559.667921769374	398.826015132849	409.447702276707	0	0	398.274515810185	359.362629680035	-593.331655281977	687.600390853075	0	0	0	0	0	278	105	4	5	120	17007	791	617	17	0	0	0	34	0	0	60	0	-176	-5	4	0
6	1	0	0	36	36	dwell	7	512	0	0	0	0	421.659873323818	637.412931774831	427.198214805894	465.86566597017	0	0	388.428671270862	343.552518702579	-593.797654817398	688.679914410181	0	0	0	0	0	292	115	5	7	93	17037	807	570	18	0	0	0	33	0	0	58	0	-253	-6	6	0
6	1	0	0	36	36	dwell	8	512	0	0	0	0	462.101632734447	928.403623178156	439.219852650374	508.715882391945	0	0	388.449384014173	346.987311890482	-593.890502503541	688.898905959179	0	0	0	0	0	278	124	11	1	98	16978	835	591	28	0	0	0	40	0	0	64	0	-268	-7	4	0
6	1	0	0	36	36	dwell	9	512	0	0	0	0	421.852409139451	609.577018688189	418.089999048556	428.723911952535	0	0	410.351144770171	375.865359898755	-593.962377607344	689.063252864679	0	0	0	0	0	278	127	4	4	99	17139	708	565	20	0	0	0	30	0	0	54	0	-148	-5	5	0
6	1	0	0	36	36	dwell	10	512	0	0	0	0	395.614308507262	455.362825935901	410.237086360642	402.775090609318	0	0	380.682523877632	331.035668458381	-593.769055201076	688.615117279133	0	0	0	0	0	285	120	1	4	102	17066	833	509	24	0	0	0	44	0	0	76	0	-332	-11	4	0
6	1	0	0	36	36	dwell	11	512	0	0	0	0	399.47247578289	538.596529694192	404.759378757671	400.751671347787	0	0	390.926973389715	348.600211499569	-594.152293389611	689.504237426674	0	0	0	0	0	271	117	3	6	115	17148	752	515	17	0	0	0	47	0	0	84	0	-243	-6	6	0
6	1	0	0	36	36	dwell	12	512	0	0	0	0	388.522105908824	443.061272299557	402.71995067316	385.553918215754	0	0	397.132700791079	355.472100968272	-594.068776616568	689.309137418251	0	0	0	0	0	288	115	1	2	106	17074	794	548	16	0	0	0	27	0	0	50	0	-262	-8	6	0
6	1	0	0	36	36	dwell	13	512	0	0	0	0	407.159393479137	547.484776953868	410.203507313295	412.542178236684	0	0	387.898979023533	347.904634501182	-593.454640982708	687.887091007922	0	0	0	0	0	283	120	3	3	103	16959	820	628	25	0	0	0	28	0	0	54	0	-218	-8	7	0
6	1	0	0	36	36	dwell	14	512	0	0	0	0	400.288070586013	574.8027359762	409.213901272995	422.870523826578	0	0	400.124159286062	361.426424263266	-594.126437927169	689.443853358117	0	0	0	0	0	273	112	4	6	117	17103	752	563	14	0	0	0	50	0	0	86	0	-193	-6	5	0
6	1	0	0	36	36	dwell	15	512	0	0	0	0	418.848343830073	601.406283957688	413.845124492047	414.453262984108	0	0	382.084592246595	334.551308769184	-593.923556968649	688.974724394096	0	0	0	0	0	280	121	4	9	98	17034	844	535	19	0	0	0	36	0	0	70	0	-319	-7	5	0
6	1	0	0	36	36	dwell	16	512	0	0	0	0	418.206031261019	684.685225099699	412.927299010655	439.634115193988	0	0	393.352624214965	348.956084648002	-593.94263884389	689.017797969636	0	0	0	0	0	253	122	6	7	124	17073	787	550	22	0	0	0	32	0	0	62	0	-261	-6	6	0
6	1	0	0	36	36	dwell	17	512	0	0	0	0	386.611202887247	534.59385238792	393.403183751923	374.661758182471	0	0	368.021155554286	303.678033965211	-593.671231395964	688.389565610539	0	0	0	0	0	313	88	4	5	102	17080	847	488	17	0	0	0	32	0	0	58	0	-381	-6	4	0
6	1	0	0	36	36	dwell	18	512	0	0	0	0	430.009430136009	765.266148191799	415.630439077336	437.401433786382	0	0	370.809155780294	317.247784440081	-593.80845373761	688.707696662555	0	0	0	0	0	281	113	8	3	107	17004	906	499	23	0	0	0	34	0	0	50	0	-437	-7	4	0
6	1	0	0	36	36	dwell	19	512	0	0	0	0	384.577833998825	511.896303968602	397.328008468023	399.826729127242	0	0	401.333735983349	369.83371241158	-593.878702953232	688.868329086958	0	0	0	0	0	276	105	3	5	123	17051	751	612	18	0	0	0	31	0	0	56	0	-143	-6	7	0
6	1	0	0	36	36	dwell	20	512	0	0	0	0	415.595054925699	597.326905412226	416.036652086424	421.731060115687	0	0	384.434202913306	337.542443454728	-593.714176589932	688.486376834722	0	0	0	0	0	282	121	4	4	101	16992	824	602	14	0	0	0	33	0	0	66	0	-234	-7	5	0
6	1	0	0	36	36	dwell	21	512	0	0	0	0	415.508950291327	638.255954045842	418.667178822506	449.436331212788	0	0	378.595994827319	331.962634109077	-593.568880300766	688.151408137586	0	0	0	0	0	272	121	5	2	112	16949	890	572	21	0	0	0	41	0	0	72	0	-333	-7	6	0
6	1	0	0	36	36	dwell	22	512	0	0	0	0	384.990176554446	470.664816149359	400.034626498135	391.855699274922	0	0	402.950929966581	366.392481825318	-594.168205145921	689.539055537361	0	0	0	0	0	294	106	2	1	109	17042	788	587	15	0	0	0	36	0	0	66	0	-203	-6	6	0
6	1	0	0	36	36	dwell	23	512	0	0	0	0	430.307324167576	697.401852079592	425.764684078929	458.453716659712	0	0	384.930748154371	340.096584574255	-593.777908254857	688.635175923872	0	0	0	0	0	272	125	6	5	104	17100	810	512	10	0	0	0	43	0	0	70	0	-306	-7	5	0
6	1	0	0	36	36	dwell	24	512	0	0	0	0	408.358986948199	660.228011729076	407.868094794061	426.341438253389	0	0	400.043963344927	364.215977130778	-593.896195853321	688.907253967068	0	0	0	0	0	274	109	6	4	119	16972	826	623	11	0	0	0	29	0	0	50	0	-209	-6	5	0
6	1	0	0	36	36	dwell	25	512	0	0	0	0	420.288070586013	569.445754941862	419.394412932882	418.674361808713	0	0	388.008166188336	341.777341757573	-593.743046873769	688.557051193533	0	0	0	0	0	281	129	3	5	94	17036	830	554	12	0	0	0	34	0	0	58	0	-284	-8	5	0
6	1	0	0	36	36	dwell	26	512	0	0	0	0	408.665971287885	584.834220490095	411.709632588196	414.167467969742	0	0	395.355708608806	350.440042973587	-593.850261568211	688.804466739859	0	0	0	0	0	283	115	4	5	105	17096	764	557	15	0	0	0	42	0	0	68	0	-217	-6	4	0
6	1	0	0	36	36	dwell	27	512	0	0	0	0	405.614308507262	582.391649670264	407.054780575914	408.726632664482	0	0	378.235566625844	327.904363562088	-593.824211729278	688.742634841295	0	0	0	0	0	277	115	4	5	111	17073	823	521	15	0	0	0	38	0	0	66	0	-316	-6	5	0
6	1	0	0	36	36	dwell	28	512	0	0	0	0	414.030716372261	668.361936254934	418.611647321433	448.487295173192	0	0	380.854162656398	327.680462679047	-593.805939722918	688.699965252644	0	0	0	0	0	273	111	6	8	114	17060	822	536	14	0	0	0	33	0	0	60	0	-282	-5	4	0
6	1	0	0	36	36	dwell	29	512	0	0	0	0	429.279939967257	688.130893276175	419.925738863698	443.329254206439	0	0	377.137411676672	328.079511966509	-594.141600706757	689.478562569926	0	0	0	0	0	289	118	6	5	94	17110	789	509	24	0	0	0	35	0	0	68	0	-292	-6	5	0
6	1	0	0	36	36	dwell	30	512	0	0	0	0	413.080346498195	588.689208005627	414.769421084521	415.299982609043	0	0	384.944509933379	338.616043978986	-593.748583608634	688.570382985573	0	0	0	0	0	294	116	4	2	96	17080	800	532	20	0	0	0	42	0	0	68	0	-292	-8	6	0
6	1	0	0	36	36	dwell	31	512	0	0	0	0	422.226244531945	677.657278651248	411.546860678133	416.524598496688	0	0	386.669423415761	344.078040089491	-593.75552664219	688.583750455282	0	0	0	0	0	286	114	6	5	101	17055	825	530	22	0	0	0	42	0	0	66	0	-308	-6	6	0
6	1	0	0	37	35	down	0	512	695.81700759634	1986.22759994207	662.003557838722	1100.84563433503	454.270849659139	846.469701957646	438.41899981495	494.374766735578	512	512	376.46850862	317.428293026521	-593.907116708739	688.933911779108	220	33	6	29	224	267	129	9	6	101	16622	756	523	19	22	16	0	41	0	0	65	0	-243	-5	4	0
6	1	0	0	37	35	down	1	512	623.715714689783	1470.77926685438	618.460567510903	940.407092591493	465.191802678197	858.563269950048	450.562001849341	505.730548958167	512	512	370.784928818435	320.84396284983	-593.715295488703	688.488888165734	229	39	1	18	225	286	133	9	1	83	16539	806	556	19	22	25	0	34	0	0	63	0	-256	-9	5	0
6	1	0	0	37	35	down	2	512	664.252669042902	1713.23159111137	660.09325157034	1104.2892202229	411.286037931324	553.49675046176	421.255646529134	437.134472111636	512	512	363.552056861417	307.322049581153	-594.088995755517	689.356704223947	231	25	8	23	225	284	122	3	4	99	16600	802	504	14	15	16	0	33	0	0	61	0	-306	-6	5	0
6	1	0	0	37	35	down	3	512	674.992322485098	1814.68614370246	660.745653592363	1095.35595873998	454.933488775082	780.157513466545	450.746778872263	503.160403251783	512	512	372.299292917939	316.909619007381	-593.80165907	688.689660188913	208	41	4	25	234	264	144	7	0	97	16503	848	554	15	17	20	0	35	0	0	64	0	-296	-7	5	0
6	1	0	0	38	34	down	0	512	622.765344815717	1502.24622539879	601.241718507069	901.90622144659	440.979053591638	676.424913546094	449.453548995931	499.750409747195	512	512	369.101315469062	316.43621673889	-593.899539252192	688.92002424656	234	40	2	19	217	279	135	5	5	88	16052	786	553	17	40	38	0	30	0	0	53	0	-227	-6	4	0
6	1	0	0	38	34	down	1	512	597.25673435228	1313.94777738246	605.087259264571	917.71287844609	446.977020936949	758.367261945682	448.601667022171	534.436166805821	512	512	373.42086352335	320.420792448603	-593.991985019782	689.130766545665	237	40	5	15	215	278	130	7	5	92	16154	689	550	15	34	52	1	39	0	0	73	0	-153	-6	5	0
6	1	0	0	38	34	down	2	512	552.093615391655	1057.52028155886	555.717720982106	730.056526745595	485.365084912266	898.527357689742	467.081263331218	537.869429503793	512	512	364.879427383883	308.853469222122	-593.441847852507	687.85735192318	247	49	0	10	206	269	152	9	4	78	16086	778	533	11	47	39	1	28	0	0	46	0	-255	-6	4	0
6	1	0	0	38	34	down	3	512	611.49782732852	1584.78767750672	588.293506343825	891.435765653925	451.180679715389	731.032897537362	451.79483360473	507.631446936949	512	512	360.761556548886	307.339368931074	-593.772977596892	688.626377708983	245	52	4	22	189	279	140	6	1	86	15987	837	565	19	30	49	0	28	0	0	50	0	-298	-5	4	0
6	1	0	0	39	33	down	0	512	608.628537090085	1471.88834642012	603.018327268043	933.402399638957	434.77838715725	725.081219882673	430.16487777419	457.82780646471	512	512	354.042428357697	292.098919590689	-593.725084713571	688.511895911799	244	42	7	19	200	309	111	7	3	82	15649	741	490	16	59	75	1	27	0	0	46	0	-267	-5	4	0
6	1	0	0	39	33	down	1	512	603.8868509932	1526.56682867392	580.569549127178	856.501534983309	435.85444179414	670.526023168292	446.991424348203	502.768995316859	512	512	366.263032388834	310.385462750192	-593.939106884855	689.009601135306	270	39	1	21	181	275	134	5	3	95	15684	670	529	13	48	72	0	47	0	0	78	0	-151	-7	4	0
6	1	0	0	39	33	down	2	512	574.627577400722	1172.89456592352	581.245788811969	827.179691791765	464.62543147007	966.56725698766	443.750789930699	508.915937212711	512	512	358.706861784769	297.065164536174	-594.171316805347	689.547340014592	230	50	3	12	217	280	119	12	3	98	15716	693	468	19	47	57	1	45	0	0	78	0	-251	-6	4	0
6	1	0	0	39	33	down	3	512	572.78459839728	1238.58369542713	585.673016875916	859.643689820214	425.249563422887	686.702071194486	436.041707072672	488.803169862094	512	512	357.071610090335	303.69753198897	-593.659799601753	688.361377747091	233	56	6	14	203	275	119	6	7	105	15633	746	495	22	46	72	2	35	0	0	66	0	-262	-6	6	0
6	1	0	0	40	32	down	0	512	577.112868973218	1283.34112378096	564.848468541305	790.102357649463	481.70854376039	965.205403366428	472.340064985147	582.453380909023	512	512	338.702715302763	271.926380810476	-593.69352335276	688.442185280286	230	59	5	15	203	267	141	11	3	90	15150	738	483	13	60	77	2	32	0	0	56	0	-270	-7	6	0
6	1	0	0	40	32	down	1	512	599.003445447906	1391.89722257136	595.547571411428	883.77218538721	442.860539758207	686.701193908574	447.915386147276	509.528987306651	512	512	359.427452684509	304.722616327236	-593.912531858628	688.946749867118	231	51	3	17	210	266	143	5	2	96	15132	708	532	12	63	92	0	32	0	0	58	0	-192	-5	5	0
6	1	0	0	40	32	down	2	512	523.763312161028	1010.08879043426	547.603422688719	747.945674398854	462.994241863824	782.988549834608	459.618641378883	523.658552954156	512	512	347.43294086494	289.560613584207	-593.864945055268	688.836547895765	245	70	2	10	185	288	141	7	0	76	15158	698	507	21	82	85	3	31	0	0	56	0	-205	-7	5	0
6	1	0	0	40	32	down	3	512	539.578906964151	995.938015681935	562.760053764769	771.3401293984	423.253628732264	649.872805924987	431.329448438927	465.423016792951	512	512	344.911551269865	275.574819761762	-593.742745909667	688.555372573598	255	48	3	9	197	273	125	5	4	105	15174	710	483	17	83	69	0	36	0	0	64	0	-245	-5	4	0
6	1	0	0	41	31	down	0	512	576.076394464781	1244.54422857464	581.270629067966	848.027655137155	484.012535756024	757.323375610152	493.954991655836	594.883400174203	512	512	336.120249490599	274.325935767882	-593.827583474242	688.751277818399	233	54	5	14	206	257	173	5	7	70	14670	693	502	7	99	101	2	28	0	0	52	0	-197	-6	6	0
6	1	0	0	41	31	down	1	512	566.46039313072	1156.97039400848	583.569324212981	855.444618542944	486.6133488179	762.114063708129	493.875067418145	604.405620323671	512	512	343.456685164171	278.705768267874	-593.510126371202	688.0129532373	230	54	8	12	208	255	175	5	8	69	14716	683	458	15	113	122	4	36	0	0	62	0	-235	-5	5	0
6	1	0	0	41	31	down	2	512	576.882898959785	1177.11363539439	583.539653114407	831.937546054489	475.221219533205	809.672370174211	477.296210013721	554.190382529075	512	512	328.412138719054	257.821623000453	-593.704500334695	688.464850819163	229	49	3	12	219	274	155	7	0	76	14689	668	499	16	93	91	3	34	0	0	60	0	-177	-4	6	0
6	1	0	0	41	31	down	3	512	595.001412793217	1420.92161029595	585.872643178866	877.515161217859	457.495794673831	671.927360168753	468.525119654478	528.052353474279	512	512	326.823935959491	254.89562179102	-593.862370530928	688.830007677508	230	58	4	18	202	276	156	4	0	76	14682	691	489	10	94	101	4	26	0	0	52	0	-210	-5	4	0
6	1	0	0	42	30	down	0	512	550.662978943834	1193.14421783226	536.698234282338	724.76419358551	426.871662721014	581.340213441568	445.848010443464	498.222071690469	512	512	324.837596556783	257.810061011712	-593.601735289642	688.225681940695	256	59	2	14	181	277	134	3	7	91	14160	675	504	21	123	120	1	29	0	0	56	0	-177	-5	5	0
6	1	0	0	42	30	down	1	512	565.452262511964	1222.7641794631	547.866889326389	759.334937855243	458.522105908824	739.296310579298	459.248460291291	513.136452735048	512	512	325.684964002912	253.810205662159	-593.609342326175	688.245241315062	242	56	5	14	195	284	141	6	5	76	14232	644	465	19	110	139	1	31	0	0	56	0	-189	-6	5	0
6	1	0	0	42	30	down	2	512	552.02569137352	1157.47459520297	548.354027727991	742.660069753281	469.260686385694	898.875462572833	456.85359394614	525.615095483457	512	512	313.451785559222	243.110359575079	-593.876144560483	688.863808612848	261	51	2	13	185	290	129	10	2	81	14177	719	456	8	120	129	7	36	0	0	62	0	-271	-6	5	0
6	1	0	0	42	30	down	3	512	567.553555418521	1293.75574815234	550.964340235178	773.359537861095	502.648750361011	1031.09098984657	481.648239855674	592.374544364758	512	512	324.837596556783	255.392805857642	-593.857815527826	688.821951547028	253	56	3	16	184	277	147	12	4	72	14206	677	462	15	95	138	2	34	0	0	62	0	-221	-6	4	0
6	1	0	0	43	29	down	0	512	585.414828314164	1231.53891527895	587.228731395849	849.350099515893	475.73892030476	839.578793918438	484.039073578405	599.184833675395	512	512	308.680694645844	231.262192523438	-593.760366310744	688.594035201455	215	54	7	13	223	285	144	8	4	71	13749	657	430	12	129	132	1	38	0	0	67	0	-251	-6	4	0
6	1	0	0	43	29	down	1	512	565.327650714466	1187.70121043531	565.715194643981	807.908597248213	514.933488775082	1023.47459107128	499.132463162774	616.240018560625	512	512	329.959399117598	263.733008730212	-593.507518217847	688.009807029391	238	54	7	13	200	260	167	11	4	70	13764	611	465	8	134	182	5	29	0	0	57	0	-158	-6	6	0
6	1	0	0	43	29	down	2	512	563.187850644782	1114.88170273466	573.806785755605	809.636455398235	473.09050977164	877.545093465496	483.784767181693	590.749459490997	512	512	313.677892566778	243.544041731194	-593.823607368426	688.741122554318	233	51	7	11	210	271	143	9	3	86	13747	637	450	14	150	146	3	27	0	0	50	0	-207	-5	5	0
6	1	0	0	43	29	down	3	512	585.807917288221	1226.43558558602	589.778814250763	853.903644152754	468.004405137268	799.33667124444	479.79728585177	586.839951412009	512	512	311.30935020644	232.96486076827	-594.130477325507	689.452850108316	230	45	5	13	219	265	150	7	5	85	13747	666	422	13	118	154	3	38	0	0	64	0	-258	-6	4	0
6	1	0	0	44	28	down	0	512	520.682232525397	961.206746151249	523.395045403317	680.980188830937	525.959800010075	1143.78810995215	508.501250918451	658.775712853943	512	512	301.103545795258	230.938623255006	-593.879385938071	688.871279850326	263	57	2	9	181	272	156	14	4	66	13216	660	447	13	159	159	5	28	0	0	51	0	-227	-6	4	0
6	1	0	0	44	28	down	1	512	501.632602399463	898.01472931618	512.401462121848	656.209759762434	533.244538424146	1091.17171117686	522.041464364856	689.133853243294	512	512	307.098443514547	232.116524951124	-593.686882166953	688.424893440997	250	74	5	8	175	255	176	12	6	63	13225	608	488	15	159	153	2	24	0	0	46	0	-126	-6	5	0
6	1	0	0	44	28	down	2	512	493.954775011334	881.623594725046	506.411143221342	641.159519044643	504.559653382588	939.558409758209	503.735659607894	627.78898158585	512	512	303.411871124945	228.381573955261	-593.840986781618	688.780345367457	260	74	3	8	167	252	174	9	1	76	13334	593	401	8	137	151	2	51	0	0	82	0	-200	-7	4	0
6	1	0	0	44	28	down	3	512	512.074361810092	919.058636310136	524.352486446371	680.297362509867	506.987184210394	899.001421286838	511.625728083313	641.135221401636	512	512	289.190557432878	206.245151839228	-593.502456575565	687.996858012754	244	71	3	8	186	271	173	8	2	58	13194	684	439	19	160	137	5	35	0	0	58	0	-259	-6	5	0
6	1	0	0	45	27	down	0	512	509.329683369155	804.140234926331	534.692188672222	695.598138642903	556.430976275712	1317.08080396398	522.315724784099	712.760991507088	512	512	288.665175913729	209.025133518887	-593.734413926766	688.535299183702	247	58	7	5	195	238	176	17	4	77	12771	641	395	17	152	164	0	42	0	0	66	0	-252	-8	4	0
6	1	0	0	45	27	down	1	512	529.510982946016	1154.1938788307	512.939482927182	672.1598066119	488.263792005709	835.480357470827	503.779333234509	625.153015315853	512	512	283.215373120862	208.503055791327	-593.707578798854	688.471597211313	265	69	1	14	163	262	167	7	3	73	12774	603	430	17	192	152	6	32	0	0	60	0	-195	-7	6	0
6	1	0	0	45	27	down	2	512	514.817967285702	1055.01959777139	513.122224946676	676.731804026515	555.36401194694	1401.16193708127	522.126425088631	730.748841714787	512	512	290.431374733134	216.769923061907	-594.103807077646	689.390731213303	270	68	3	12	159	286	143	20	4	59	12840	581	386	17	157	150	3	34	0	0	59	0	-209	-5	4	0
6	1	0	0	45	27	down	3	512	529.098640390396	1010.12160120624	536.159704855882	723.234059333201	485.192875643523	795.028473922637	500.944389565187	631.260470363966	512	512	295.891237056042	220.633109412267	-593.693567014201	688.440136042533	263	54	4	10	181	257	169	6	7	73	12748	626	441	9	175	137	3	33	0	0	59	0	-187	-6	5	0
6	1	0	0	46	26	down	0	512	495.749083578205	805.623149884562	508.062843976552	618.239753316147	516.545424799765	1057.90429870225	501.925375303677	633.080876332463	512	512	273.202513914984	201.364162243356	-593.628522090132	688.288208405794	278	54	2	6	172	269	160	12	4	67	12250	634	409	19	197	241	6	24	0	0	44	0	-235	-7	6	0
6	1	0	0	46	26	down	1	512	511.967930628831	980.102971617834	518.965741269216	681.842988849273	502.361019602888	959.163720574891	499.657149707476	625.659377294093	512	512	286.283199954401	206.582370940266	-593.909025813039	688.938060967708	264	65	6	10	167	279	157	10	2	64	12373	540	382	17	173	207	2	31	0	0	56	0	-180	-7	5	0
6	1	0	0	46	26	down	2	512	543.656880979767	1214.05108641697	523.742085861113	696.155554979369	522.678167216019	1035.11805074574	517.072437673285	673.396370350622	512	512	282.223031267544	202.21891272346	-593.867000841733	688.841014626385	265	63	0	15	169	265	172	11	2	62	12297	577	424	14	166	161	9	28	0	0	52	0	-169	-7	4	0
6	1	0	0	46	26	down	3	512	460.124951625388	707.144650277686	482.045318238233	579.428166422437	488.954775011334	910.761065579718	494.508224841381	609.866183615965	512	512	271.270159615463	188.870917449665	-594.056947286955	689.283740943033	283	72	4	5	148	256	160	9	3	84	12332	570	395	15	198	195	8	46	0	0	76	0	-189	-6	5	0
6	1	0	0	47	25	down	0	512	487.227317497272	759.628030734827	501.396028796599	607.227279900476	570.404665040719	1199.32826472379	561.236456626741	785.602678266824	512	512	274.108645522096	197.937299893708	-593.808355749237	688.706391979066	269	62	2	5	174	234	207	13	4	54	11804	543	436	17	190	185	3	39	0	0	62	0	-121	-9	4	0
6	1	0	0	47	25	down	1	512	484.233415461338	797.022711654775	496.669181362822	600.413758481211	539.894981611955	1135.37392628957	544.549014416869	753.640288043713	512	512	266.648213687856	189.205018114597	-593.86322386193	688.832065534522	256	77	0	6	173	262	174	13	5	58	11869	538	382	11	182	195	5	42	0	0	74	0	-170	-6	6	0
6	1	0	0	47	25	down	2	512	555.442099238519	1198.47148958295	533.257235840419	722.180742077473	558.100673045085	1243.09942942071	543.07230997191	741.052522068209	512	512	272.15128254707	193.418767186469	-593.683439696736	688.416976625257	261	52	3	14	182	252	183	15	2	60	11832	557	394	17	208	216	9	40	0	0	69	0	-173	-5	4	0
6	1	0	0	47	25	down	3	512	524.079386808832	1075.41383798254	513.587200529761	665.37612439697	536.565751346655	995.323383873522	550.407101581993	754.779636152586	512	512	272.126273871565	191.969567695491	-593.960829976784	689.059404060004	260	68	2	12	170	243	198	9	5	57	11882	531	376	11	224	186	4	31	0	0	61	0	-149	-5	3	0
6	1	0	0	48	24	down	0	512	519.223252187894	1029.3220410887	511.680747254196	661.568149679103	458.387330837881	732.858612346362	462.650135587143	530.001227540153	512	512	265.371937325231	187.877731339565	-593.863989253103	688.835051642467	263	65	4	11	169	299	136	6	4	67	11337	546	397	8	210	254	10	30	0	0	50	0	-153	-6	5	0
6	1	0	0	48	24	down	1	512	447.97498828226	684.143315756235	464.630439493007	532.094424312272	464.635594743515	789.720260074093	464.321906242041	526.322936701035	512	512	251.884507982295	175.68970682182	-593.686805609231	688.425721097417	289	77	4	5	137	277	145	7	2	81	11336	544	392	16	251	243	6	26	0	0	47	0	-156	-5	5	0
6	1	0	0	48	24	down	2	512	516.133082244144	1062.10696278713	500.962592647442	634.56261802377	446.574841654773	622.778360646673	456.131199677225	500.33392788723	512	512	279.243022495463	205.722376543707	-593.783583940169	688.649274244166	259	74	3	12	164	261	156	3	4	88	11279	553	446	10	210	245	5	30	0	0	51	0	-107	-5	5	0
6	1	0	0	48	24	down	3	512	473.225284842583	735.734457784403	487.633150719714	582.760724237383	476.622439126018	738.748647231343	487.897730773439	588.351395181812	512	512	265.014164155865	186.509506094667	-593.678506988631	688.406655966123	268	72	4	5	163	273	163	5	5	66	11384	518	373	13	252	257	5	41	0	0	70	0	-163	-5	5	0
6	1	0	0	49	23	down	0	512	534.617414127277	1026.90342554802	536.376864522054	705.336062332321	519.674101906641	1064.05596313555	509.356248856371	642.229133072911	512	512	238.789934810259	160.517566348639	-593.719778400746	688.501271656078	245	61	5	10	191	271	164	12	0	65	10887	535	346	8	224	241	9	37	0	0	66	0	-189	-5	4	0
6	1	0	0	49	23	down	1	512	560.250636388213	1139.07194020779	558.852158409833	763.858712758209	520.835188212577	1100.83378804467	516.395128736664	689.66508708257	512	512	253.132276246855	169.834103892677	-593.605985745636	688.235806300534	254	46	1	12	199	272	159	13	1	67	10852	528	381	15	214	252	10	29	0	0	52	0	-161	-5	3	0
6	1	0	0	49	23	down	2	512	558.561686037277	1175.07060981803	552.28202074337	751.925070104242	494.521146219461	921.867941601463	496.616578440276	614.468819075904	512	512	224.342982440252	151.496779402088	-594.01595962436	689.18819746892	245	56	3	13	195	254	166	9	1	82	10849	605	307	15	242	270	6	33	0	0	54	0	-316	-5	4	0
6	1	0	0	49	23	down	3	512	545.106771009151	1042.24577642662	551.669144747853	752.758854304888	510.797754014776	913.799210305812	516.729288072299	657.20984757918	512	512	254.157639752825	178.290155165751	-593.897714787544	688.914652290363	251	50	4	10	197	249	182	8	5	68	10898	498	368	12	223	266	4	35	0	0	58	0	-138	-7	5	0
6	1	0	0	50	22	down	0	512	505.892948957267	968.642216050082	501.649900072574	625.256089118859	563.609283508522	1288.50652455734	536.088864225378	724.092453860232	512	512	231.60650131701	153.129835108195	-593.548515745801	688.107701197229	273	66	0	10	163	253	183	16	0	60	10383	545	324	12	256	264	6	36	0	0	64	0	-225	-5	4	0
6	1	0	0	50	22	down	1	512	484.060133227269	825.785898144784	499.530728817345	614.028420654315	500.327650714466	825.273269771222	512.123119606839	640.793854808	512	512	228.059467916768	148.271482741672	-593.892312986378	688.899758970733	269	72	2	7	162	250	185	6	3	68	10431	473	351	9	273	253	6	40	0	0	72	0	-140	-6	4	0
6	1	0	0	50	22	down	2	512	510.73892030476	1080.38810747314	502.283769645222	653.543851227832	521.881825994459	999.812510071784	521.356226140607	672.136758262686	512	512	233.664179293253	153.066894257326	-593.914490006944	688.954549076313	281	69	0	13	149	258	177	10	5	62	10439	493	320	12	253	231	7	34	0	0	66	0	-185	-7	4	0
6	1	0	0	50	22	down	3	512	531.210096570397	1163.68080148497	520.813481052181	698.511198625382	482.87979333977	825.136231361978	497.485949375627	617.773494593905	512	512	238.315304474947	160.048957122652	-593.595569112882	688.213352118019	247	78	4	14	169	265	162	7	3	75	10446	475	331	12	228	262	3	45	0	0	68	0	-161	-6	5	0
6	1	0	0	51	21	down	0	512	517.371182876333	917.263508070693	523.578977408525	665.470795286782	530.394501767274	1090.41916367329	521.479520346619	685.659139182028	512	512	226.728144438112	154.792750319271	-593.744437339852	688.558950595163	268	52	3	8	181	249	178	12	3	70	9868	491	381	12	296	260	4	22	0	0	38	0	-118	-5	5	0
6	1	0	0	51	21	down	1	512	501.794648394761	993.056844553146	496.724589175905	618.82031783522	511.487664055075	1084.28655714214	507.291326317664	660.308238178292	512	512	221.163671181792	149.203344524441	-594.049939778238	689.267149318871	281	67	2	11	151	272	151	13	3	73	9911	495	332	14	296	299	4	37	0	0	69	0	-171	-4	5	0
6	1	0	0	51	21	down	2	512	501.6507830157	957.093209917305	501.4550059702	628.136969700027	508.935521429771	978.614281996686	513.669720770984	669.803458768057	512	512	216.42333774578	146.074969768354	-593.545583947674	688.09487474626	282	63	1	10	156	261	169	10	1	71	9814	549	379	10	289	310	5	31	0	0	60	0	-174	-6	4	0
6	1	0	0	51	21	down	3	512	542.381346149778	1113.58502168521	539.83882879239	735.483455705584	470.826097904458	769.689224532367	484.993143852663	574.620494445987	512	512	223.50336246806	141.576616806003	-593.772041692519	688.623565868182	241	66	4	12	189	266	159	6	1	80	9936	489	317	10	260	303	3	33	0	0	56	0	-184	-5	6	0
6	1	0	0	52	20	down	0	512	478.714641724457	743.158847987996	496.831831134867	595.559729481163	496.920333157586	924.968606383177	508.458595208275	650.410950295106	512	512	218.185115279378	146.259631874986	-593.405871988046	687.773215357721	274	65	2	5	166	252	166	9	5	80	9362	511	356	11	298	325	8	32	0	0	50	0	-169	-6	3	0
6	1	0	0	52	20	down	1	512	440.882785683822	597.704291265219	463.022060614944	512.240102071838	541.680199870708	1103.98501590085	535.937121804956	704.657249352252	512	512	228.208362195315	151.778350481814	-593.995578654957	689.142518813546	296	70	4	3	139	262	182	12	2	54	9440	443	342	15	291	314	3	35	0	0	62	0	-99	-4	3	0
6	1	0	0	52	20	down	2	512	483.493762019142	785.541551268367	495.512906271188	597.405430775005	525.452262511964	1011.14555235371	525.027756110888	685.354185694064	512	512	222.281679687836	150.658722560016	-593.569489060884	688.154699891283	275	64	4	6	163	250	185	10	1	66	9440	473	315	12	304	342	9	38	0	0	66	0	-158	-6	4	0
6	1	0	0	52	20	down	3	512	514.856474448829	1019.79210525313	509.691930614041	659.939614525035	510.797754014776	876.743778776133	520.914462503387	664.348691712724	512	512	217.543267451106	144.699262904557	-593.557300490857	688.122520211273	268	65	4	11	164	253	186	7	4	62	9467	441	322	10	294	295	10	34	0	0	62	0	-123	-4	4	0
6	1	0	0	53	19	down	0	512	517.274914968517	1060.9020827632	503.748590752733	650.390368222912	534.080459774158	958.987689075437	555.732703734067	755.493323371331	512	512	206.150973818858	130.520456571195	-593.84714669215	688.794996196683	265	69	4	12	162	235	204	8	5	60	8999	439	277	13	303	345	11	32	0	0	50	0	-168	-5	4	0
6	1	0	0	53	19	down	1	512	486.113828662581	828.341552094704	491.530448560279	591.390849859869	541.604258509781	1005.09589135526	558.059378171092	765.557670413869	512	512	203.881418943683	131.917502824011	-594.042946084282	689.248795007402	272	69	1	7	163	241	203	9	4	55	8988	444	288	8	322	360	6	39	0	0	70	0	-159	-4	4	0
6	1	0	0	53	19	down	2	512	472.899046921333	736.09011256066	489.808775762784	586.109079407153	588.810909632273	1403.89721430799	572.335870151784	840.727511478816	512	512	193.200187687556	119.704413776435	-593.770497744625	688.61811669318	268	73	2	5	164	245	192	18	4	53	8977	435	304	12	348	267	11	36	0	0	60	0	-152	-5	3	0
6	1	0	0	53	19	down	3	512	472.35192929477	733.828470617288	489.418283262136	593.8149794442	526.075321499455	1038.13224019268	536.015745640124	712.547975758079	512	512	219.294845305064	146.807072194942	-594.168924092779	689.541449346807	269	72	4	5	162	270	172	11	3	56	8964	422	338	4	278	347	5	33	0	0	56	0	-84	-5	5	0
6	1	0	0	54	18	down	0	512	460.489696709764	671.588110778484	465.693250395236	517.487810925627	496.833155557888	912.829352034885	494.001251480973	610.466387081553	512	512	185.414864187003	114.44602323951	-593.951555556559	689.037861569646	285	67	3	4	153	279	156	9	5	63	8479	448	280	9	336	322	9	26	0	0	46	0	-162	-6	3	0
6	1	0	0	54	18	down	1	512	450.652815670389	692.643097467679	457.593054441167	507.352222954579	407.23640780539	477.029791917347	437.858561650937	457.508143821286	512	512	192.216577848224	120.654376733738	-593.553051567723	688.113464822901	283	80	1	5	143	279	130	1	5	97	8460	457	289	10	353	361	7	31	0	0	52	0	-180	-5	4	0
6	1	0	0	54	18	down	2	512	460.124951625388	781.282121132358	463.069918570709	536.506268128649	455.537294181009	695.0240255178	467.708993383264	536.078613051105	512	512	187.757664039009	117.553350941727	-593.761515856333	688.597261357064	279	83	2	7	141	293	141	5	4	69	8544	392	274	6	342	314	9	40	0	0	70	0	-126	-4	3	0
6	1	0	0	54	18	down	3	512	458.925358156326	742.649749416507	460.415653331964	515.117733842803	458.340806331962	680.435569059275	474.948421872715	552.071091108607	512	512	184.853212299865	118.918849065207	-593.894721747029	688.907292416226	280	79	3	6	144	258	162	4	2	86	8564	384	259	9	361	326	6	44	0	0	80	0	-131	-4	4	0
6	1	0	0	55	17	down	0	512	502.582972273529	866.574378567083	519.62255626303	657.879586460782	547.237480770716	1196.73225010873	532.222321984434	731.791124809462	512	512	197.327727195771	121.357906426594	-593.921898634073	688.969274259047	249	72	0	7	184	234	186	14	3	75	8090	355	252	7	335	353	9	35	0	0	68	0	-105	-4	4	0
6	1	0	0	55	17	down	1	512	553.744058579465	1167.91539905592	540.501289456658	715.713383699674	509.952742356645	979.428472269963	511.002918221506	647.572234499805	512	512	182.397397680478	115.451315564273	-594.169832383794	689.545106572016	246	60	0	13	193	263	169	10	1	69	8056	364	275	9	367	330	5	38	0	0	70	0	-87	-5	4	0
6	1	0	0	55	17	down	2	512	594.703518761649	1488.78590640815	560.934026508074	807.232676743878	583.935521429771	1468.09765419046	540.017444041149	750.437581710866	512	512	170.150317308182	110.10053120253	-593.468946565435	687.92001891484	239	61	2	20	190	245	180	20	2	65	8062	378	257	7	417	363	21	31	0	0	60	0	-131	-5	3	0
6	1	0	0	55	17	down	3	512	553.552595729158	1026.43381035577	554.00566120117	727.131072311531	520.499859983209	997.526035563347	511.768282719146	647.863129840654	512	512	180.718799300139	114.475550844141	-593.761593596685	688.599443789932	239	48	3	9	213	262	177	10	1	62	8058	382	259	5	368	417	14	32	0	0	56	0	-125	-4	4	0
6	1	0	0	56	16	down	0	512	473.042912300395	772.053747196501	486.34459443522	574.196981360642	521.929423465704	957.05552242675	523.31149298018	661.742990817525	512	512	167.772183747419	103.095405465878	-594.176525563548	689.561448961094	267	77	3	6	159	274	176	9	5	48	7608	334	242	8	394	368	4	36	0	0	67	0	-96	-4	4	0
6	1	0	0	56	16	down	1	512	480.941619393838	828.117610036943	492.234874260984	593.683747248379	496.046977609773	811.896324627027	513.559673992254	633.535327735618	512	512	177.305382852964	111.731213647547	-594.045115907189	689.256075983748	252	85	2	7	166	265	177	6	2	62	7580	355	248	9	331	338	11	41	0	0	73	0	-109	-4	4	0
6	1	0	0	56	16	down	2	512	499.088477116951	1065.29675541978	488.257877057815	621.632266940719	547.707584071027	1047.0364645246	550.486233949487	748.828677100707	512	512	176.195981007294	107.210816843576	-593.863671691374	688.836041713031	266	85	5	13	143	249	199	10	5	49	7595	367	219	11	333	379	5	32	0	0	58	0	-146	-5	3	0
6	1	0	0	56	16	down	3	512	516.834228523214	960.51406618714	519.328731154716	678.300844410139	553.225284842583	1196.0803591235	535.588523055294	730.046995097069	512	512	174.178401001619	107.658826302412	-593.818429089994	688.727537369311	246	69	6	9	182	256	181	14	5	56	7535	398	252	7	371	416	9	22	0	0	40	0	-144	-4	4	0
6	1	0	0	57	15	down	0	512	521.076394464781	1009.14511164491	512.574623279501	655.195703605343	517.946644392578	987.033791350014	525.774152337613	690.617388081133	512	512	155.988829789942	97.3311928634285	-593.635713843264	688.305768589909	237	77	2	10	186	276	170	10	1	55	7099	331	247	3	413	359	12	35	0	0	62	0	-90	-4	3	0
6	1	0	0	57	15	down	1	512	503.360059913526	975.036901101715	503.702265986317	645.543566150525	462.87979333977	645.162839157293	496.552011285702	589.980508539676	512	512	144.559672106477	89.5757468371389	-593.427687785432	687.82218457779	245	84	4	10	169	269	163	3	7	70	7053	378	237	12	412	396	19	22	0	0	44	0	-157	-5	3	0
6	1	0	0	57	15	down	2	512	492.850376484762	868.643542308162	495.881539296636	607.204144472459	538.493762019142	1169.21560990744	531.919060188309	737.580893725013	512	512	152.83743294632	101.776461364586	-593.87225766065	688.855015886324	281	60	7	8	156	263	169	14	3	63	7059	386	223	12	382	409	12	37	0	0	66	0	-171	-5	3	0
6	1	0	0	57	15	down	3	512	515.672069251952	1056.02491933045	505.855723069271	641.421437394605	495.75924685165	814.079918414703	505.179697030313	607.115338476544	512	512	165.471731245279	107.769391187988	-593.810422467905	688.711557507385	274	66	0	12	160	259	179	6	2	66	7044	344	282	10	386	402	14	33	0	0	56	0	-74	-5	4	0
6	1	0	0	58	14	down	0	512	477.006437791957	852.341107254221	487.821620947604	607.153260205357	546.767377470406	1049.93136786479	539.613446923919	699.308043968801	512	512	136.088840707718	83.3259420548907	-593.653127585948	688.346728435219	258	86	7	8	153	243	203	10	1	55	6631	337	186	14	417	372	6	34	0	0	66	0	-171	-4	4	0
6	1	0	0	58	14	down	1	512	508.281972621946	1148.61648554068	492.264048469699	647.581124773659	544.510982946016	1140.89232932605	530.620039844507	692.557804252641	512	512	149.211405767385	91.1830253407526	-594.007207425368	689.166943119612	278	80	1	15	138	269	176	13	3	51	6665	294	195	14	411	403	12	33	0	0	62	0	-99	-3	3	0
6	1	0	0	58	14	down	2	512	510.470443128201	1046.41693533918	502.838076370897	642.568638031042	489.31952009571	801.040447430528	511.586725744528	654.462457555783	512	512	139.194375982925	81.8603113590198	-593.958278949379	689.053277435272	274	69	2	12	155	258	171	6	8	69	6615	340	208	5	451	438	13	22	0	0	38	0	-138	-4	3	0
6	1	0	0	58	14	down	3	512	477.6690769079	748.973487233442	494.491234640153	599.42629716415	543.916267848208	1181.41428282302	528.494593166729	697.19039828705	512	512	156.676133533819	93.0257829487216	-593.857992856814	688.820905653576	259	76	0	5	172	258	176	14	1	63	6601	320	241	6	387	419	11	39	0	0	70	0	-75	-4	4	0
6	1	0	0	59	13	down	0	512	512.553555418521	1021.27459189762	499.791015705382	610.767519640408	568.637627398203	1289.79565571363	561.746807898304	801.916574378309	512	512	154.218397715149	100.655695335695	-593.769691391372	688.615607873651	257	74	3	11	167	266	180	16	3	47	6113	309	223	11	387	497	9	31	0	0	59	0	-92	-3	3	0
6	1	0	0	59	13	down	1	512	484.971995938209	792.464392793638	498.953336444521	617.704896138086	569.655921290404	1158.37438352511	570.469953429728	783.441542050296	512	512	151.625544192927	92.8456415395874	-593.480094960348	687.94550474567	266	69	3	6	168	247	209	12	0	44	6115	299	234	8	382	422	10	39	0	0	72	0	-73	-4	3	0
6	1	0	0	59	13	down	2	512	499.798713704139	956.174363693017	504.560696427038	655.02658588854	565.960872975401	1223.17127459974	558.332437138351	772.730222024604	512	512	142.318577448549	95.9064549590741	-593.795818054738	688.67584908843	271	69	7	10	155	243	195	14	5	55	6185	257	203	11	425	443	12	38	0	0	72	0	-60	-4	3	0
6	1	0	0	59	13	down	3	512	492.02569137352	877.075478273237	494.073390526022	617.971025435773	543.043985265721	1010.1641860738	569.173362144532	799.000357863419	512	512	137.763924869508	87.5651912437202	-594.029024572436	689.218333237933	265	73	1	8	165	234	206	9	5	58	6131	311	208	6	438	448	10	49	0	0	78	0	-99	-4	4	0
6	1	0	0	60	12	down	0	512	441.70854376039	642.393873872682	452.320954625156	493.167073522338	488.272882313828	939.143764728404	479.416639919513	568.350805296331	512	512	145.078054780504	85.3013125372957	-593.663715814868	688.370115576039	283	83	0	4	142	272	150	10	1	79	5664	217	255	8	443	444	12	37	0	0	66	0	38	-5	3	0
6	1	0	0	60	12	down	1	512	432.553555418521	560.928690558519	447.974834792646	480.226805006639	522.630569744774	1077.87503839078	503.803472151719	644.835282879066	512	512	128.434932661752	80.9673220173282	-593.844680921345	688.790814917115	269	90	2	2	149	249	173	12	2	76	5666	292	175	11	427	481	15	37	0	0	70	0	-123	-5	5	0
6	1	0	0	60	12	down	2	512	486.901079576022	982.34288248447	473.708573037305	589.1016922919	522.226244531945	1169.728238281	493.568386080394	620.509935991123	512	512	117.846331609711	75.4623967065614	-593.804008471357	688.69694589665	249	98	2	11	152	282	146	15	2	67	5652	283	203	6	473	434	7	31	0	0	54	0	-88	-4	3	0
6	1	0	0	60	12	down	3	512	458.532269182269	747.779686904754	462.849697514688	527.445679316607	494.636667708841	927.378366431032	490.299480098052	603.221944231369	512	512	130.043848164626	78.4106444611528	-593.602267492036	688.227575581863	269	87	1	6	149	240	170	9	3	90	5624	299	218	3	474	484	18	24	0	0	48	0	-87	-3	3	0
6	1	0	0	61	11	down	0	512	532.783525431954	1270.36682536857	522.73853305605	755.453297188743	542.074361810092	1077.78591053984	550.634391375199	762.424327825335	512	512	110.711587951418	76.8872353116168	-593.833866753178	688.766617516007	250	85	8	17	152	240	194	11	4	63	5185	270	168	9	442	472	8	32	0	0	56	0	-112	-4	3	0
6	1	0	0	61	11	down	1	512	523.935521429771	1039.4502033467	523.486622282777	685.349389357271	487.697420797582	795.262618389726	504.440146662797	611.823824984875	512	512	106.644608449857	76.3766028470726	-594.002793638321	689.159108507594	261	64	1	11	175	272	169	6	1	64	5215	256	150	11	466	433	13	41	0	0	70	1	-124	-6	2	0
6	1	0	0	61	11	down	2	512	537.572809000084	1210.06661038536	522.808393204721	704.242689724903	515.068263846025	992.883465569853	516.185524795159	661.413657633236	512	512	112.51240144274	69.1857284062352	-593.948400502404	689.029273265849	248	77	3	15	169	253	177	10	0	72	5189	265	171	7	464	443	8	32	0	0	57	0	-100	-5	3	0
6	1	0	0	61	11	down	3	512	545.519113564772	1149.2360147261	541.250880326884	747.120133918772	506.056067917891	968.451084764295	510.05562989672	642.022237863176	512	512	119.193681042661	74.3206048455884	-593.777104318109	688.635032539416	253	60	4	13	182	271	162	10	3	66	5215	244	165	8	465	497	7	39	0	0	69	0	-87	-5	3	0
6	1	0	0	62	10	down	0	512	484.174581751322	889.420922376796	486.353854580486	603.558413888131	563.484671711024	1290.47237926392	547.823090228643	765.126071718111	512	512	98.2138750216644	62.5345112653415	-594.088370397769	689.354635880359	284	69	5	9	145	241	183	16	7	65	4706	254	151	9	518	443	8	33	0	0	50	0	-113	-4	3	0
6	1	0	0	62	10	down	1	512	492.851449450088	810.545550701035	495.2953176993	592.453207755331	536.334708367895	1132.55086812841	523.80142737332	691.026184319356	512	512	112.493484545099	78.3787390624498	-593.674828797324	688.397615937332	256	70	2	6	178	259	175	13	1	64	4701	248	161	10	485	498	13	37	0	0	68	0	-103	-4	4	0
6	1	0	0	62	10	down	2	512	463.63870036353	620.489233622074	488.986676909782	579.780628004518	542.832195868525	1074.15486508207	550.340380685075	764.466808682359	512	512	108.448265003706	68.7561515288286	-593.761309480791	688.596901565178	249	79	5	2	177	249	190	11	6	56	4712	242	158	8	456	475	13	39	0	0	68	0	-96	-3	3	0
6	1	0	0	62	10	down	3	512	468.58093961884	662.734021207289	485.705702664508	560.456394523731	547.976061247586	1155.14510751323	544.567242701234	754.598938958315	512	512	107.837049299187	78.7408349241443	-593.580851196676	688.179296774876	256	76	2	3	175	252	186	13	1	60	4679	252	183	6	483	530	14	36	0	0	62	0	-69	-3	4	0
6	1	0	0	63	9	down	0	512	497.888883647889	952.553520644574	487.96650704	588.239836438139	539.214161879775	1142.68745756549	536.137588415525	744.502119070571	512	512	103.106056356377	70.9900299043835	-593.538953793736	688.08187263121	275	69	4	10	154	245	181	13	3	70	4208	230	164	6	449	527	12	36	0	0	56	0	-74	-4	3	0
6	1	0	0	63	9	down	1	512	468.63870036353	665.489233622074	483.197641826072	557.453149599219	574.808876977584	1380.03024915289	546.442602188863	753.965746222155	512	512	84.4309987697134	61.0110839505966	-593.575961333748	688.167561287886	249	80	3	3	177	248	182	18	2	62	4198	287	120	3	545	550	12	26	0	0	43	0	-173	-3	2	0
6	1	0	0	63	9	down	2	512	463.426910966334	647.424481100665	483.248455324956	563.268788007601	524.491729364453	1034.15574236798	526.855645121781	685.959256231494	512	512	83.3748629903911	69.8238816904698	-593.568976055819	688.152638391327	268	71	5	3	165	274	170	11	2	55	4254	221	129	4	519	475	15	42	0	0	71	0	-92	-4	3	0
6	1	0	0	63	9	down	3	512	503.262719040383	1065.63378060763	494.973578569457	631.500341015799	488.619446781966	659.20497918437	528.316997386135	664.585858983616	512	512	108.044364762714	70.4304825238627	-594.224545215103	689.671648864096	283	72	3	13	141	258	193	2	3	56	4254	201	145	8	433	518	13	32	0	0	58	0	-64	-3	3	0
6	1	0	0	64	8	down	0	512	474.444131893208	738.212063578627	484.951547013369	573.108894201689	568.648863636974	1165.99035398665	568.957130769859	812.51051760129	512	512	83.0424266765469	64.9847674444207	-593.79992747786	688.686672632343	266	72	5	5	164	222	215	12	4	59	3779	165	145	7	545	514	20	37	0	0	68	0	-26	-3	3	0
6	1	0	0	64	8	down	1	512	470.019593409454	725.92691532827	478.697707492343	559.421260350815	523.119926626648	1040.29942859437	525.475223058236	683.355280387935	512	512	86.4904725916269	67.8566810802755	-594.08393902979	689.345496856951	278	68	4	5	157	255	176	11	2	68	3766	204	126	0	560	514	12	40	0	0	72	0	-78	-3	2	0
6	1	0	0	64	8	down	2	512	513.781492777265	1127.3889971541	495.481326193256	645.833603710385	549.3772808404	1158.38546322034	543.811852748839	736.865029564935	512	512	85.4473647584855	65.4378946422801	-593.888906928071	688.8917237073	261	81	6	14	150	251	188	13	0	60	3784	184	126	2	526	542	19	31	0	0	56	0	-62	-4	3	0
6	1	0	0	64	8	down	3	512	514.31952009571	1063.06927116489	494.697253241851	635.16788083874	543.926431121652	1078.67814896881	541.349041961273	721.9817377233	512	512	85.1478874204871	62.4300847991638	-593.530493342673	688.060270476448	250	81	3	12	166	247	194	11	2	58	3766	169	159	2	599	505	15	32	0	0	54	0	-14	-2	3	0
6	1	0	0	65	7	down	0	512	482.630569744774	755.036901101715	488.357941606278	575.112406595821	568.532269182269	1292.71539161888	566.288138830955	813.759644154509	512	512	64.0469135053634	53.8674186524025	-593.797608922636	688.68072265464	261	70	3	5	173	257	182	16	5	52	3300	184	98	2	547	495	18	34	0	0	62	0	-90	-3	2	0
6	1	0	0	65	7	down	1	512	456.900006610696	807.629344597852	466.7719179539	549.73018602865	624.617414127277	1688.41562147616	600.150776473589	962.061683893028	512	512	74.8291935955352	58.1389505699369	-593.788400561679	688.660052293331	290	83	0	8	131	221	197	24	5	65	3285	194	102	3	531	548	19	33	0	0	56	0	-98	-3	2	0
6	1	0	0	65	7	down	2	512	479.347863985392	889.795206741459	488.004049684505	619.074109863295	625.087517427588	1575.80187521703	598.448600272728	897.345587627646	512	512	72.8743455030198	60.9803761105463	-593.705458736556	688.46782550696	267	84	3	9	149	236	207	21	4	44	3228	213	137	6	560	536	11	27	0	0	52	1	-80	-4	3	0
6	1	0	0	65	7	down	3	512	484.310429787591	837.760629002605	484.934165302341	588.008115141901	613.158433789774	1481.25375876522	601.329185051814	900.439001967143	512	512	73.9605197228678	59.814144693431	-594.139919058427	689.474055750483	244	88	1	7	172	241	205	19	6	41	3271	185	123	5	544	517	9	30	0	0	51	0	-72	-3	3	0
6	1	0	0	66	6	down	0	512	441.670036597263	640.539327065949	450.98831852376	489.259562519869	494.300266514147	771.002310967805	521.253130407802	652.666129952766	512	512	81.3968647448473	59.9145662291419	-594.436456106494	690.164041160059	285	81	2	4	140	267	178	5	5	57	2849	120	102	1	476	540	9	45	0	0	75	0	-16	-2	2	0
6	1	0	0	66	6	down	1	512	473.023658718831	845.263944647806	465.58091904411	537.547390877909	522.151376136345	901.548219743936	535.226572934617	691.072783349003	512	512	51.9507739645095	52.2863970698628	-593.985320902724	689.117405989588	264	87	2	8	151	244	200	7	0	61	2890	93	88	1	653	511	13	35	0	0	63	0	-7	-2	3	0
6	1	0	0	66	6	down	2	512	457.418780347578	779.411168939637	456.923775568714	524.828105726191	603.993282174461	1428.41384624591	588.436176930502	878.355710180086	512	512	69.9395898201394	56.1697665036573	-593.841796817548	688.783542838748	272	89	3	7	141	246	202	18	5	41	2835	136	96	5	516	536	16	40	0	0	70	0	-46	-3	3	0
6	1	0	0	66	6	down	3	512	452.697420797582	702.701638749057	459.11457613271	527.356333579042	572.342838986651	1233.42892537382	569.249673311331	811.490138364014	512	512	51.8981015813905	55.7406141814963	-593.435802977878	687.841658486726	264	89	5	5	149	247	200	14	2	49	2809	146	116	1	662	553	17	21	0	0	38	0	-32	-2	3	0
6	1	0	0	67	5	down	0	512	480.26881700445	848.917598468224	481.139954402265	587.783335476038	591.969003594157	1345.29544982013	583.084823990319	849.839037774939	512	512	69.0292249576393	60.6475720875817	-593.790404254529	688.663355756092	278	71	7	8	148	231	211	16	1	53	2348	122	89	1	529	646	15	37	0	0	60	2	-35	-3	2	0
6	1	0	0	67	5	down	1	512	472.735927960709	810.392106905803	476.018612775655	569.655064593813	585.087517427588	1252.96373792797	595.353099608004	869.44783647757	512	512	50.8882957000987	53.0050198650278	-593.69559240442	688.44304797068	262	85	1	7	157	248	207	14	5	38	2346	120	92	2	644	550	17	19	0	0	38	0	-32	-2	2	0
6	1	0	0	67	5	down	2	512	459.521146219461	755.169491106122	470.057846312947	556.554630658881	564.694428453531	1152.28436186152	568.075785125652	774.701533619452	512	512	61.5677459065428	57.4135113252508	-593.830232239453	688.758455648345	250	96	7	6	153	241	207	12	1	51	2330	132	93	5	574	578	18	30	0	0	54	2	-45	-3	3	0
6	1	0	0	67	5	down	3	512	468.877760685081	764.187226881876	486.412161868422	609.511807696098	578.053075573839	1206.36196517673	589.120241767461	854.181964250961	512	512	44.5076808046316	50.1302902476288	-593.909960917295	688.94350690762	268	79	4	6	155	248	208	13	3	40	2368	118	73	1	596	539	14	38	0	0	62	0	-47	-2	2	0
6	1	0	0	68	4	down	0	512	412.092542426329	523.121588811185	430.279337205681	441.114324609556	575.471516093527	1239.52737421648	578.562029490572	819.002095609603	512	512	47.0320536118329	58.2503584156362	-594.071964567001	689.316107127724	276	100	3	2	131	241	202	14	6	49	1903	85	60	0	567	595	14	38	0	0	65	0	-25	-2	3	0
6	1	0	0	68	4	down	1	512	430.806844322895	557.11671622429	439.601170198726	460.737930060879	594.079386808832	1371.6754840576	586.505425517683	865.363643300277	512	512	38.4485983025154	49.2098843035228	-593.945083450745	689.025056061858	271	90	2	2	147	260	197	17	1	37	1894	93	56	5	600	554	14	46	0	0	86	3	-43	-3	2	0
6	1	0	0	68	4	down	2	512	458.195867987575	776.707396885234	456.865964915156	525.775611353395	597.832195868525	1420.77349219146	594.182127048389	897.545894697293	512	512	48.3502237906958	54.3906080645757	-593.918992733252	688.961961116123	280	83	4	7	138	241	200	18	4	49	1887	104	56	1	572	627	14	23	0	0	42	1	-50	-3	2	0
6	1	0	0	68	4	down	3	512	413.541359490387	557.715819932627	425.463178463741	440.012195436653	601.498900293846	1325.52339131056	601.384225195472	881.401867310934	512	512	40.5400169682502	49.139915341333	-593.847795880932	688.79779830054	283	98	4	3	124	232	223	15	0	42	1894	86	65	3	599	578	22	42	0	0	72	2	-23	-3	2	0
6	1	0	0	69	3	down	0	512	443.234375150701	643.588551487282	450.703324839403	491.176712458994	572.496867639157	1203.73846548044	574.978905883072	807.369292713759	512	512	30.474625528852	51.9424999563325	-593.677855633911	688.406769437203	282	81	4	4	141	235	210	13	1	53	1413	81	40	2	631	629	11	36	0	0	62	9	-45	-2	2	0
6	1	0	0	69	3	down	1	512	426.622439126018	585.378354035977	432.709120252261	452.612385943453	594.233415461338	1453.15131875326	581.212002278087	860.211485844747	512	512	43.5032328683775	50.5718275245831	-593.724706192308	688.510216521886	269	97	5	3	138	236	195	19	3	59	1413	69	51	3	596	658	12	35	0	0	64	8	-24	-2	2	0
6	1	0	0	69	3	down	2	512	434.309356822265	668.37746435501	435.08669004599	471.414085630933	579.300266514147	1313.37703604127	588.220110877575	878.909040727263	512	512	17.0756706074085	42.7064437637996	-594.034855455606	689.232452726731	273	97	4	5	133	247	191	16	9	49	1406	85	44	1	636	524	6	35	0	0	66	6	-43	-2	1	0
6	1	0	0	69	3	down	3	512	404.481566091008	464.874132183068	425.855043575307	434.699596872582	593.705551416338	1377.67947935858	594.029970852055	887.034024979708	512	512	26.4946527831296	51.3738856335932	-593.916489583369	688.957211177097	297	88	4	1	122	240	201	17	6	48	1399	88	49	0	616	590	17	21	0	0	40	6	-39	-2	1	0
6	1	0	0	70	2	down	0	512	461.843318831333	754.640885660316	456.080075738903	516.0027303962	601.306364478214	1353.33269660188	599.582127124262	891.168545307033	512	512	22.6830848968227	51.932550700276	-593.977735380374	689.098563232666	264	87	3	6	152	242	210	16	7	37	951	46	27	0	598	605	17	35	0	0	58	1	-19	-2	1	0
6	1	0	0	70	2	down	1	512	412.02569137352	564.977910848167	421.283754460209	433.968926760945	596.057140883217	1238.28658193225	602.078654641968	860.632151649322	512	512	19.4563817274882	41.0533144589554	-593.958165896236	689.053306280439	265	112	0	3	132	246	223	13	1	29	930	54	39	1	560	605	9	32	0	0	50	4	-17	-2	1	0
6	1	0	0	70	2	down	2	512	412.764271850391	597.475023516709	417.732071211834	433.019502615212	636.604258509781	1526.30432183969	631.765262295815	982.259956932976	512	512	19.5692711412574	50.0156143187178	-594.155590626998	689.512584491638	271	110	4	4	123	233	228	19	1	31	948	50	25	1	591	608	14	38	0	0	62	5	-27	-2	1	0
6	1	0	0	70	2	down	3	512	424.721699377886	611.283447390439	429.341985584083	447.261756294298	606.201006262279	1475.38990336181	598.124855857595	918.912665973538	512	512	6.48118060390846	56.416115229485	-593.856568061242	688.81868609918	287	92	2	4	127	229	205	19	5	54	929	54	41	0	724	631	19	25	0	0	48	3	-13	-2	2	0
6	1	0	0	71	1	down	0	512	454.049969953824	806.823581503654	439.870027820652	485.392021020265	687.938627049786	1835.91097957288	667.669527613064	1104.22650952315	512	512	10.3725535745266	50.196219002385	-593.602004074055	688.229165403262	276	92	5	8	131	209	243	25	4	31	469	27	16	0	699	699	11	32	0	0	54	27	-11	-1	1	0
6	1	0	0	71	1	down	1	512	419.731862651331	574.740215920579	424.082832607962	435.970824142121	673.42798393166	1737.49944842646	659.530156792005	1071.20626440653	512	512	7.37844004743485	49.1869864326886	-593.791503239381	688.667960933078	268	103	4	3	134	215	240	23	4	30	477	19	16	0	650	641	17	32	1	0	50	19	-3	-1	1	0
6	1	0	0	71	1	down	2	512	414.884818338511	632.311826284319	424.159377210307	455.19209277747	669.96290563009	1797.38414109395	652.384484290135	1060.01603922685	512	512	7.83607468438927	50.4247017928546	-594.148351179522	689.493954450497	281	106	4	5	116	228	223	25	4	32	468	32	11	1	655	626	10	45	4	1	90	33	-23	-2	1	0
6	1	0	0	71	1	down	3	512	416.564678381328	566.760612475864	422.708088850042	434.260197293845	692.670149873227	1883.9952389686	669.337532625223	1121.11898212762	512	512	18.5757419214836	45.7379426463659	-593.942920360087	689.017191975652	272	102	6	3	129	198	245	26	5	38	467	23	22	0	637	651	11	34	3	1	65	23	-1	-1	1	0
# final_twist	1
# forced_steps	0
# sweeps_total	178912
# completion	PASS
