# format	twist_snake_sector_blocks_v2
# status	NON-CANONICAL floating-point engineering diagnostic
# L	6
# k	1
# chain	4
# kind	0
# kind_name	main
# base	0
# restriction	-1
# schedule	round_trip
# seed	202609306104
# seam_size	36
# start_twist	36
# chain_initial	coldAltT
# warmup_sweeps	512
# dwell_sweeps	16384
# dwell_long_sweeps	32768
# visit_sweeps	2048
# equilibration_sweeps	32
# post_forcing_sweeps	512
# block_length	512
# segments	72
# seam_order	x2_fastest_then_x3
# class_rule	class0_if_2W_ge_minus_n_else_classMinus
# action_density	minus_sum_logW_divided_by_6L4
# sampling	every_production_sweep_after_full_heatbath_sweep
L	k	chain	kind	segment	n	phase	block	count	sumFn	sumFn2	sumFi	sumFi2	sumBn	sumBn2	sumBi	sumBi2	sumPFi	sumPFi2	sumY	sumY2	sumS	sumS2	hF0	hF1	hF2	hF3	hF4	hB0	hB1	hB2	hB3	hB4	sec0	secMinus	secPlus	secOther	untMinus	untPlus	untOther	pure0	pureMinus	purePlus	flips	classMinus	sumW	minW	maxW	forced
6	1	4	0	0	36	dwell	0	512	0	0	0	0	440.604145233818	814.717586899506	425.54201926772	464.461146322372	0	0	398.984718999867	350.456702495805	-594.12659939126	689.444323121783	0	0	0	0	0	288	112	9	5	98	17201	710	507	14	0	0	0	47	0	0	78	0	-211	-7	4	0
6	1	4	0	0	36	dwell	1	512	0	0	0	0	401.957767355386	612.014263817271	403.02040874222	410.908098466014	0	0	391.01219909587	348.279638006553	-593.971793510335	689.084400266085	0	0	0	0	0	279	108	5	3	117	17087	779	544	22	0	0	0	27	0	0	48	0	-235	-6	4	0
6	1	4	0	0	36	dwell	2	512	0	0	0	0	422.745018268827	649.465710788349	419.510713502407	434.078256116895	0	0	374.281789922082	323.151513472172	-593.688658236785	688.428968098229	0	0	0	0	0	272	125	5	4	106	16993	834	584	21	0	0	0	22	0	0	44	0	-272	-6	5	0
6	1	4	0	0	36	dwell	3	512	0	0	0	0	412.418780347578	596.9034048896	413.897312235133	424.825288493263	0	0	395.06112088623	357.763345646757	-593.73208558969	688.529258402214	0	0	0	0	0	272	123	4	3	110	17032	787	593	20	0	0	0	39	0	0	72	0	-215	-9	5	0
6	1	4	0	0	36	dwell	4	512	0	0	0	0	423.042912300395	618.683454001135	418.971219094301	431.157998567454	0	0	395.388995764669	356.908410416847	-593.994601605317	689.136864633886	0	0	0	0	0	263	134	4	3	108	17156	753	513	10	0	0	0	42	0	0	72	0	-252	-8	5	0
6	1	4	0	0	36	dwell	5	512	0	0	0	0	425.979053591638	726.781894580432	424.115027789138	468.608219439039	0	0	392.878712916492	346.138453944461	-593.539476847351	688.084668586591	0	0	0	0	0	271	118	7	4	112	17016	807	592	17	0	0	0	26	0	0	46	0	-225	-7	5	0
6	1	4	0	0	36	dwell	6	512	0	0	0	0	411.843318831333	564.188553139956	418.386622998795	444.049118884672	0	0	395.133772179833	349.757229524923	-593.78557410112	688.651520067606	0	0	0	0	0	260	130	3	6	113	17068	756	590	18	0	0	0	42	0	0	66	0	-187	-6	5	0
6	1	4	0	0	36	dwell	7	512	0	0	0	0	376.794648394761	461.369473753045	386.723595240534	359.354673367665	0	0	394.683822340008	352.112597852831	-593.970660629759	689.081264366604	0	0	0	0	0	281	103	2	4	122	17133	748	535	16	0	0	0	38	0	0	68	0	-225	-7	5	0
6	1	4	0	0	36	dwell	8	512	0	0	0	0	415.690249868189	734.198734890859	403.504843755732	412.967242510606	0	0	399.857828954327	368.670652064053	-593.540549018968	688.084845151519	0	0	0	0	0	298	97	8	2	107	16965	823	627	17	0	0	0	34	0	0	68	0	-218	-8	5	0
6	1	4	0	0	36	dwell	9	512	0	0	0	0	398.369150221644	504.600524995174	408.576881228226	403.112500612574	0	0	386.299529367472	341.145279704703	-593.801267816945	688.689711341553	0	0	0	0	0	267	125	2	2	116	17025	817	573	17	0	0	0	38	0	0	66	0	-258	-6	5	0
6	1	4	0	0	36	dwell	10	512	0	0	0	0	409.740952959449	625.48566250315	407.868706026842	416.549364563889	0	0	390.395359943103	341.824550340209	-594.149340960941	689.497033452355	0	0	0	0	0	278	114	5	3	112	17118	736	563	15	0	0	0	43	0	0	76	0	-187	-5	5	0
6	1	4	0	0	36	dwell	11	512	0	0	0	0	426.017560754765	580.388107473136	429.932107902395	454.760368154284	0	0	375.972962714972	328.29969094351	-593.870974164672	688.85341545077	0	0	0	0	0	281	135	3	2	91	17053	842	522	15	0	0	0	39	0	0	72	0	-342	-7	4	0
6	1	4	0	0	36	dwell	12	512	0	0	0	0	394.779460122576	455.31138557552	401.956590771043	380.873696906416	0	0	389.488509299151	343.94723270613	-593.929442378082	688.985855641891	0	0	0	0	0	284	121	1	2	104	17031	805	581	15	0	0	0	34	0	0	60	0	-234	-6	5	0
6	1	4	0	0	36	dwell	13	512	0	0	0	0	398.167524097893	502.910501678912	412.00751529393	414.96187763273	0	0	383.792495234632	337.833086959331	-593.681872618278	688.412649153347	0	0	0	0	0	267	123	2	5	115	17033	827	551	21	0	0	0	30	0	0	56	0	-290	-6	5	0
6	1	4	0	0	36	dwell	14	512	0	0	0	0	468.262719040383	973.09940876228	440.268782579662	514.110310910992	0	0	388.787771956283	345.638471323302	-593.60872881655	688.243089648094	0	0	0	0	0	279	122	12	3	96	17070	791	559	12	0	0	0	32	0	0	60	0	-232	-8	5	0
6	1	4	0	0	36	dwell	15	512	0	0	0	0	398.09050977164	536.310055185754	406.417942622265	403.777630598927	0	0	384.900569564247	337.650328688887	-594.200118680793	689.614806110868	0	0	0	0	0	275	117	3	2	115	17159	751	503	19	0	0	0	50	0	0	89	0	-258	-7	5	0
6	1	4	0	0	36	dwell	16	512	0	0	0	0	396.343798676014	495.416041526532	414.761309536266	434.634405459492	0	0	380.728245296448	332.028233178098	-593.794616865421	688.675188042852	0	0	0	0	0	277	118	2	5	110	17020	848	543	21	0	0	0	33	0	0	57	0	-315	-6	5	0
6	1	4	0	0	36	dwell	17	512	0	0	0	0	424.644685051633	681.711824631645	417.399689426734	432.30854526565	0	0	385.611366437156	337.454750262264	-593.889233172538	688.892083525701	0	0	0	0	0	287	116	6	4	99	17008	829	573	22	0	0	0	32	0	0	58	0	-276	-8	4	0
6	1	4	0	0	36	dwell	18	512	0	0	0	0	432.955734700697	696.517591857528	426.368900764002	458.507804745764	0	0	378.133470574943	332.584942932335	-593.909828316582	688.940562007312	0	0	0	0	0	286	123	6	3	94	17074	842	497	19	0	0	0	38	0	0	68	0	-351	-7	5	0
6	1	4	0	0	36	dwell	19	512	0	0	0	0	419.462312509445	635.975682514064	409.557147731411	408.535030500014	0	0	399.471064561292	355.575861282112	-594.128686023853	689.450817169025	0	0	0	0	0	290	116	5	4	97	17129	739	548	16	0	0	0	44	0	0	74	0	-195	-7	5	0
6	1	4	0	0	36	dwell	20	512	0	0	0	0	440.768337159768	682.29099315192	435.1258473635	468.371391723595	0	0	376.989454057356	323.1879467017	-594.393379394786	690.062321909758	0	0	0	0	0	265	140	5	5	97	17086	792	535	19	0	0	0	36	0	0	62	0	-272	-7	5	0
6	1	4	0	0	36	dwell	21	512	0	0	0	0	412.648750361011	666.075461746496	410.001155566422	431.657135009313	0	0	369.929548395159	320.440572833008	-594.084519726644	689.347533980144	0	0	0	0	0	277	111	6	4	114	16994	853	561	24	0	0	0	35	0	0	66	0	-312	-8	6	0
6	1	4	0	0	36	dwell	22	512	0	0	0	0	376.698380486945	456.759714531527	393.506201974373	379.206180153918	0	0	374.010569974925	326.130648014783	-593.66999012822	688.385847250395	0	0	0	0	0	290	99	2	5	116	17063	843	506	20	0	0	0	31	0	0	52	0	-361	-6	6	0
6	1	4	0	0	36	dwell	23	512	0	0	0	0	426.103665389136	724.789432078542	415.72100862448	435.536715085243	0	0	405.768828483516	368.164041044517	-594.077412879882	689.332528071444	0	0	0	0	0	279	117	7	1	108	17157	713	551	11	0	0	0	42	0	0	76	0	-163	-5	5	0
6	1	4	0	0	36	dwell	24	512	0	0	0	0	413.895941301318	587.813374962641	416.00195739414	427.745049543518	0	0	400.616862128562	366.233017132395	-593.287203885556	687.49713436534	0	0	0	0	0	296	114	4	5	93	17044	789	580	19	0	0	0	31	0	0	50	0	-223	-8	6	0
6	1	4	0	0	36	dwell	25	512	0	0	0	0	405.345831330703	548.447085331628	412.943051330009	417.230023269469	0	0	392.683112679078	353.365414502084	-593.906512964835	688.935176214492	0	0	0	0	0	274	122	3	3	110	17069	765	576	22	0	0	0	35	0	0	63	0	-201	-5	5	0
6	1	4	0	0	36	dwell	26	512	0	0	0	0	432.668003942574	772.838656499876	420.971131645584	451.029614361191	0	0	382.725112558813	332.050607198896	-593.865032111447	688.837240898297	0	0	0	0	0	276	118	8	1	109	16973	863	574	22	0	0	0	31	0	0	49	0	-297	-6	4	0
6	1	4	0	0	36	dwell	27	512	0	0	0	0	401.305291512887	501.479455394805	407.859210789294	403.421998196616	0	0	380.502153084879	334.814462832344	-593.473825229448	687.928293925215	0	0	0	0	0	279	119	2	8	104	17003	896	514	19	0	0	0	37	0	0	62	0	-404	-8	4	0
6	1	4	0	0	36	dwell	28	512	0	0	0	0	441.775394813198	785.814709484092	435.914507585498	508.713508292857	0	0	394.416758175447	352.296072030709	-594.060714934808	689.293313887181	0	0	0	0	0	274	121	8	8	101	17044	775	594	19	0	0	0	33	0	0	56	0	-195	-5	4	0
6	1	4	0	0	36	dwell	29	512	0	0	0	0	378.004405137268	434.321143144364	393.839883308834	375.24985116414	0	0	380.926813950001	336.227365917365	-593.870891141402	688.850339423933	0	0	0	0	0	265	114	1	5	127	17001	828	584	19	0	0	0	31	0	0	54	0	-254	-7	5	0
6	1	4	0	0	36	dwell	30	512	0	0	0	0	457.571736034758	881.956171508061	435.285739956046	483.906101598066	0	0	393.523669310503	348.740510873837	-593.692445882098	688.439873795049	0	0	0	0	0	281	122	10	5	94	17077	781	555	19	0	0	0	43	0	0	72	0	-228	-6	5	0
6	1	4	0	0	36	dwell	31	512	0	0	0	0	451.794648394761	802.604512032786	436.45127618151	482.655567134873	0	0	387.145709447145	340.376335970672	-593.813386995272	688.718246741516	0	0	0	0	0	277	129	8	5	93	17076	803	539	14	0	0	0	46	0	0	82	0	-276	-6	4	0
6	1	4	0	1	35	down	0	512	636.441139549156	1526.44223753484	641.505957993758	1012.82133051674	454.884818338511	769.819590334356	443.758001359234	481.461914072702	512	512	375.184812963456	329.085413488621	-593.91842711729	688.9601248604	227	33	6	19	227	281	134	7	6	84	16588	764	560	8	21	22	1	24	0	0	47	0	-216	-6	5	0
6	1	4	0	1	35	down	1	512	649.387444113845	1584.74911273025	642.604724515178	1005.95453431926	425.144205206952	578.482120306021	437.357579783536	461.072971333001	512	512	377.634738631383	324.97193613109	-593.846508352054	688.793418223464	228	28	3	20	233	282	134	3	2	91	16621	722	564	13	23	29	1	38	0	0	70	0	-156	-6	4	0
6	1	4	0	1	35	down	2	512	641.585004928218	1644.43469590505	637.008330300788	1032.29001116364	447.792615740072	757.518036698012	438.809808168652	483.084309016287	512	512	381.483904401734	332.966860883808	-593.893347611875	688.9044788258	218	45	10	22	217	284	129	7	4	88	16552	788	563	17	18	30	2	42	0	0	62	0	-239	-6	5	0
6	1	4	0	1	35	down	3	512	626.316527751658	1475.56995495236	630.064930311798	982.109064424167	438.311389476954	713.463939689784	436.095969063918	474.912760075146	512	512	383.634352731663	331.242868006128	-593.92624509569	688.980276959594	227	38	2	18	227	266	133	6	5	102	16648	727	531	14	18	12	1	41	0	0	78	0	-208	-5	6	0
6	1	4	0	2	34	down	0	512	597.812942286962	1345.73535572874	590.299187971092	848.959376710921	466.419740036941	890.566812147176	457.412350249841	542.045573884021	512	512	362.361740037774	310.4206682743	-593.709289876258	688.476366464815	250	36	3	16	207	298	124	10	2	78	16044	808	535	21	46	47	2	32	0	0	54	0	-295	-8	6	0
6	1	4	0	2	34	down	1	512	584.953815321971	1225.45687182227	600.059821980554	897.324595000059	442.399526766015	680.565934861264	439.42888062641	472.485802522236	512	512	374.180630530413	318.573650610319	-594.104027451127	689.389897975839	230	46	4	13	219	273	137	5	7	90	16213	695	488	12	40	54	0	40	0	0	69	0	-211	-6	4	0
6	1	4	0	2	34	down	2	512	592.880866305096	1311.97394446898	594.541359863865	878.076378262414	444.4147150382	718.349081329445	447.551781820363	506.932982678633	512	512	357.299295321169	291.369575941971	-594.312135548917	689.874692900585	228	50	2	15	217	278	133	6	5	90	16217	713	458	20	54	29	1	35	0	0	59	0	-272	-5	6	0
6	1	4	0	2	34	down	3	512	570.779573398539	1061.03559137037	599.828498389611	876.571287743481	452.015528100076	768.139769427422	450.453884182004	505.086446906181	512	512	362.708266310642	305.407115944832	-593.89102537398	688.897522258182	225	44	4	9	230	276	135	7	4	90	16075	777	536	20	51	41	1	33	0	0	56	0	-245	-7	5	0
6	1	4	0	3	33	down	0	512	584.982159211653	1255.91008162854	595.062058346871	888.94255569893	487.361019602888	935.383230754556	464.55183448168	535.613578034292	512	512	351.737211593748	287.591191819389	-594.127370781953	689.445740629601	243	42	3	14	210	275	147	10	3	77	15709	727	445	15	51	62	3	38	0	0	68	0	-288	-7	5	0
6	1	4	0	3	33	down	1	512	554.550563074469	1026.34733502099	568.179772310202	771.195964125524	453.109763353203	809.718484843843	446.506855023719	489.228254796523	512	512	358.475459508982	296.83890265557	-594.084862751943	689.346196160262	246	44	0	9	213	270	135	8	1	98	15716	672	501	7	46	55	2	34	0	0	54	0	-181	-5	4	0
6	1	4	0	3	33	down	2	512	558.196940952901	1136.51628625787	569.01004798139	809.243827879004	477.371182876333	853.866607080012	467.498911067272	547.111122335462	512	512	354.850885199714	294.102600970905	-594.184471393149	689.579563304241	251	49	2	12	198	260	155	8	3	86	15653	730	501	12	36	60	1	38	0	0	64	0	-233	-5	4	0
6	1	4	0	3	33	down	3	512	609.992322485098	1378.09412438838	606.874533914145	921.896901617659	436.525098252876	691.811154891908	435.477150665613	470.535819754015	512	512	352.002214409428	291.09273265528	-594.020375027791	689.196243544198	220	45	6	16	225	307	116	6	6	77	15679	710	489	18	52	57	0	30	0	0	54	0	-221	-6	5	0
6	1	4	0	4	32	down	0	512	585.673142217278	1257.05331888276	593.787519680974	888.62589339012	448.378240529763	724.552186123123	448.320470128983	491.941142094021	512	512	347.530740983647	276.672205144658	-593.594986616444	688.210892785795	241	42	5	14	210	281	136	6	3	86	15183	683	503	15	84	74	4	33	0	0	60	0	-202	-6	5	0
6	1	4	0	4	32	down	1	512	564.9051448854	1183.44710599005	575.31944818108	839.527735060377	436.901079576022	606.586784520403	447.555529525989	480.236660043096	512	512	338.954690172262	275.734404937982	-594.024843958038	689.211487209995	247	49	6	13	197	261	149	3	4	95	15146	722	499	17	93	81	1	35	0	0	57	0	-245	-6	4	0
6	1	4	0	4	32	down	2	512	560.60629116447	1111.04489583536	570.378592609604	798.23269429817	459.53023652758	784.722035304342	453.875874603937	514.203395850718	512	512	340.585505784903	276.248850839529	-593.859015917017	688.823093006028	238	52	1	11	210	268	144	7	3	90	15168	703	497	16	68	55	1	35	0	0	65	0	-222	-6	6	0
6	1	4	0	4	32	down	3	512	624.645758016959	1607.70253669339	595.503008686458	886.181633336506	458.369150221644	747.944210395225	456.141021690081	509.053066643821	512	512	337.639175025508	269.016565517838	-594.270467934929	689.779459151187	246	43	1	22	200	267	149	6	2	88	15189	723	450	22	82	69	0	34	0	0	58	0	-289	-9	4	0
6	1	4	0	5	31	down	0	512	577.265824660398	1274.71983176035	578.845295766028	838.827130028345	435.538367146335	568.145544090339	462.797574023791	518.39307937155	512	512	340.31831626673	276.609196128727	-593.739988040698	688.547569898807	251	46	4	15	196	264	153	2	2	91	14701	660	498	13	112	111	4	27	0	0	44	0	-164	-6	5	0
6	1	4	0	5	31	down	1	512	544.540399801024	1039.0834688752	557.150224333417	748.943437722329	494.742025924776	887.403198996098	491.917914004514	606.630256043376	512	512	349.44092967019	293.431185560013	-593.980772532222	689.106592534143	257	47	3	10	195	253	172	8	0	79	14723	628	506	15	107	123	1	33	0	0	60	0	-140	-6	6	0
6	1	4	0	5	31	down	2	512	575.692395798842	1242.14467093611	572.822148402982	824.642683208811	450.259726696331	586.553524776259	476.949686326704	548.039343528908	512	512	327.929635556194	261.220471179437	-593.822188855232	688.737740687732	240	51	2	14	205	276	158	2	4	72	14642	712	493	25	99	101	0	30	0	0	60	0	-237	-8	6	0
6	1	4	0	5	31	down	3	512	604.598160545714	1470.48613213374	585.568996522646	863.30349959289	476.142172552263	842.905624960332	478.214103357489	572.361445338799	512	512	338.444991631403	279.454416762936	-593.995831041063	689.140703970378	234	52	5	19	202	277	146	8	6	75	14683	711	468	10	96	115	3	32	0	0	56	0	-243	-6	4	0
6	1	4	0	6	30	down	0	512	513.744058579465	956.243556355892	526.33362617248	684.393322605369	469.367117566955	800.749087940141	478.437578177716	579.455533434636	512	512	338.624049704088	274.673112170771	-593.711464982094	688.482856487631	246	72	4	9	181	270	151	7	2	82	14244	629	475	12	106	126	0	39	0	0	70	0	-162	-5	5	0
6	1	4	0	6	30	down	1	512	602.581899308203	1564.99166371799	571.442875262296	853.729433809281	472.841286176644	807.445763205232	469.881860028965	546.945566801215	512	512	330.42648480538	263.059818190417	-593.811809434503	688.713985835033	258	51	2	22	179	267	154	7	3	81	14202	632	500	26	118	121	2	45	0	0	80	0	-152	-6	4	0
6	1	4	0	6	30	down	2	512	565.980126556964	1187.04311647343	556.747357564704	773.064672604798	447.217154223827	761.911832068678	448.200694811045	508.605881054749	512	512	322.966786803967	254.297092551288	-593.689148644697	688.430046457546	246	50	3	13	200	276	134	7	0	95	14187	691	459	23	92	102	3	38	0	0	64	0	-251	-6	5	0
6	1	4	0	6	30	down	3	512	542.151376136345	1044.41296482831	547.665280598427	751.214183362865	468.053075573839	772.592555051635	467.673632871661	543.90081550803	512	512	326.497856926722	258.194536551129	-593.799479198512	688.68727881201	236	62	3	10	201	248	163	6	2	93	14204	638	505	13	119	125	8	39	0	0	70	0	-143	-6	6	0
6	1	4	0	7	29	down	0	512	557.074361810092	1138.62183188985	565.330187857075	795.755142153898	534.338773677273	1132.75042659328	515.939988946448	677.024406667181	512	512	307.16633054634	234.625166637106	-593.310750558485	687.554378760885	240	56	4	12	200	249	176	13	3	71	13705	678	448	17	120	160	3	34	0	0	59	0	-248	-6	4	0
6	1	4	0	7	29	down	1	512	574.415788003526	1273.96728425678	566.759955719877	809.27654475205	487.140139897574	858.655070975571	492.836674037799	610.241394570992	512	512	310.662472613147	234.856854791173	-594.014645465427	689.183447512977	245	53	1	15	198	284	152	8	5	63	13732	638	457	21	123	126	4	36	0	0	62	0	-203	-6	5	0
6	1	4	0	7	29	down	2	512	524.924398466963	935.673712959032	553.051956908774	745.559006297553	459.040879645706	674.04931118672	471.04761438742	531.026094867682	512	512	309.07797210255	233.086726366674	-594.194200741446	689.601571258617	254	55	4	8	191	274	156	4	3	75	13784	632	421	11	108	143	3	38	0	0	68	0	-225	-6	4	0
6	1	4	0	7	29	down	3	512	537.582972273529	959.082142617121	555.443341795652	748.153733009613	499.914235193519	813.489670199188	500.63849276654	593.842506392005	512	512	313.232238659147	239.771834469258	-593.50818632111	688.011448142857	249	49	4	8	202	277	176	6	1	52	13730	640	464	14	134	130	0	38	0	0	65	0	-196	-6	6	0
6	1	4	0	8	28	down	0	512	520.778500433213	965.789897577451	535.034056558481	715.729861927813	486.373215531022	869.84221935543	486.927512004592	585.21894292982	512	512	302.872853180401	230.028383711415	-593.517149928001	688.031721593817	250	64	5	9	184	261	163	8	0	80	13221	648	456	11	152	160	4	25	0	0	46	0	-202	-7	4	0
6	1	4	0	8	28	down	1	512	534.981086246327	1197.74642716061	519.636901873711	686.137466842932	506.997347483839	907.458189816978	507.541078382801	625.103277759554	512	512	297.499544079702	223.7206458059	-593.592211883128	688.206417518304	268	67	1	15	161	252	180	8	2	70	13295	607	426	8	183	173	6	34	0	0	66	0	-197	-6	3	0
6	1	4	0	8	28	down	2	512	510.749083578205	940.569934293932	524.560083573691	694.305722672906	514.722772343212	992.285239147429	509.677038761937	646.458005356587	512	512	294.966173755303	224.474334493709	-593.932013219745	688.993177688115	270	59	4	9	170	250	176	10	3	73	13240	654	428	14	128	143	3	35	0	0	56	0	-242	-6	4	0
6	1	4	0	8	28	down	3	512	536.450229857275	952.757527514275	544.330769241583	723.434482574362	491.718707033834	767.138896273195	505.973756181385	628.809007308204	512	512	299.360434452075	225.666097016525	-593.870646920746	688.850517215901	261	43	2	8	198	268	177	5	3	59	13263	611	448	14	169	136	5	45	0	0	80	0	-175	-5	4	0
6	1	4	0	9	27	down	0	512	525.124951625388	1069.62580653241	516.452237369273	659.196553500895	469.223252187894	690.647982449628	489.633551637731	583.577530045148	512	512	289.266645472236	212.999813908163	-593.591611555186	688.202980654376	279	56	0	12	165	275	163	4	3	67	12709	636	466	13	137	179	5	33	0	0	58	0	-172	-6	4	0
6	1	4	0	9	27	down	1	512	518.311389476954	1062.64354643985	517.778049578327	681.490614468913	530.547457454454	1192.96416624171	511.979068890069	690.356893322305	512	512	292.028309506684	222.94802176743	-593.715266792379	688.489748338843	266	68	3	12	163	258	159	15	5	75	12829	573	406	16	160	173	4	34	0	0	56	0	-187	-5	4	0
6	1	4	0	9	27	down	2	512	542.495794673831	1140.19122218286	532.659361772122	710.51666066982	462.832195868525	650.891003067964	487.215120611167	571.431174829972	512	512	295.688092171097	220.506234261327	-594.135137765852	689.46387245868	264	56	2	13	177	261	169	3	2	77	12814	587	408	15	155	159	3	44	0	0	76	0	-197	-7	4	0
6	1	4	0	9	27	down	3	512	489.040879645706	869.832016946102	500.076830058398	625.06978356826	507.006437791957	1011.09498927924	509.364010202976	672.652937173167	512	512	289.540660601101	214.310961179022	-594.220986275786	689.662454660618	266	73	5	8	160	258	162	11	4	77	12807	598	409	10	167	185	6	38	0	0	62	0	-193	-5	5	0
6	1	4	0	10	26	down	0	512	487.928463776341	769.228036519186	502.533375892318	620.033445107915	527.486704365713	938.63646204559	533.866073646069	693.229078684085	512	512	292.187982352113	215.235388812893	-593.68813160015	688.429068731068	248	74	4	5	181	258	192	8	3	51	12332	561	408	11	207	251	7	29	0	0	54	0	-159	-7	3	0
6	1	4	0	10	26	down	1	512	501.430976275712	970.488784649905	499.420574444049	632.641911395247	518.254701697591	927.626263767948	520.998372507964	672.519860857115	512	512	287.216386789912	204.740979897698	-593.966568154509	689.072889679819	250	83	2	10	167	248	189	8	3	64	12370	524	409	9	186	204	1	35	0	0	64	0	-125	-5	4	0
6	1	4	0	10	26	down	2	512	564.26175935102	1324.85064653451	536.213232239768	734.866855230575	496.795721360087	964.069716005375	496.264646509326	620.596875785874	512	512	277.356780471581	199.467039835291	-593.554558036877	688.117599096913	249	64	5	17	177	248	165	10	1	88	12342	551	397	22	215	211	5	32	0	0	49	0	-190	-5	4	0
6	1	4	0	10	26	down	3	512	511.901079576022	947.84843059546	520.677429814532	670.170470769372	498.349896640081	921.60674036689	498.447710021831	615.216163381271	512	512	289.097396222369	208.160690102706	-594.012911357126	689.182456001714	261	65	1	9	176	268	163	9	2	70	12351	520	432	9	216	178	2	31	0	0	57	0	-98	-5	4	0
6	1	4	0	11	25	down	0	512	492.850376484762	831.614718573799	498.410114303485	597.957978958307	559.512055911343	1106.52161194862	559.285928304898	771.856120661805	512	512	269.641593382121	190.330938635881	-593.738545847373	688.545053825187	289	53	2	7	161	240	206	11	5	50	11838	533	416	13	193	202	7	36	0	0	55	0	-123	-4	4	0
6	1	4	0	11	25	down	1	512	513.993282174461	952.205415761483	518.213991857271	669.680400709486	562.505957947276	1143.26440188335	559.749312158973	771.299107727525	512	512	251.540028262321	168.834950269281	-593.777101184996	688.633896391369	254	66	6	9	177	249	200	12	5	46	11807	610	371	12	210	187	7	29	0	0	55	0	-235	-5	5	0
6	1	4	0	11	25	down	2	512	560.499859983209	1283.28213352741	534.781549289067	725.139622501554	499.894981611955	923.755299180172	509.192124898021	640.658701700426	512	512	276.672928269446	199.419196371028	-593.999062553274	689.148704341812	250	63	3	16	180	270	164	9	1	68	11814	605	372	9	204	222	4	29	0	0	50	0	-223	-6	4	0
6	1	4	0	11	25	down	3	512	494.43504158509	888.659519380407	501.193150647669	631.342659380571	528.437074239779	1055.41783741521	533.662264017245	724.641161255475	512	512	271.545236757171	197.169606878537	-593.545739762475	688.097775064203	248	82	1	8	173	241	185	11	2	73	11864	562	364	10	196	224	8	38	0	0	64	0	-202	-5	5	0
6	1	4	0	12	24	down	0	512	511.036814336328	975.46837983125	498.008503476575	607.74074657752	475.480606401646	851.146429639621	476.389124875979	575.447856620847	512	512	263.538710660472	186.278230302812	-593.758487053136	688.591193121034	276	60	1	10	165	259	154	8	3	88	11382	530	363	13	197	236	6	36	0	0	64	0	-185	-5	3	0
6	1	4	0	12	24	down	1	512	462.418780347578	713.191658759972	480.719385776892	583.152443785782	440.566711036017	643.572146101295	453.123980859166	498.060885158951	512	512	253.756785400765	177.942237415907	-593.653020982212	688.347337823805	276	74	6	5	151	273	143	4	3	89	11344	572	361	11	218	221	11	32	0	0	56	0	-221	-5	4	0
6	1	4	0	12	24	down	2	512	488.790583085383	969.076796267947	478.411222244298	578.204140373455	494.521146219461	921.867941601463	490.947148671389	619.730967997475	512	512	243.456414790226	166.797405544289	-593.703442845341	688.464824153209	287	73	1	11	140	254	166	9	1	82	11391	538	345	14	259	235	5	32	0	0	62	0	-205	-6	4	0
6	1	4	0	12	24	down	3	512	477.399526766015	884.293209090968	480.25535017456	587.852763666813	470.009430136009	791.581009857486	468.160877631438	540.641838048816	512	512	251.470953864072	174.402296408943	-593.658340377044	688.357654961401	269	83	6	9	145	289	142	7	6	68	11345	559	369	15	248	244	6	34	0	0	58	0	-216	-7	4	0
6	1	4	0	13	23	down	0	512	577.764271850391	1377.8630607512	556.659579360015	796.793223663454	523.56061307195	1103.60540584544	512.861831947278	669.734777609404	512	512	248.65722592572	166.649940849386	-593.826691681199	688.747713909309	263	50	3	18	178	274	159	13	3	63	10867	524	372	13	245	234	1	40	0	0	67	0	-166	-4	5	0
6	1	4	0	13	23	down	1	512	569.799786669465	1231.39344969062	556.166050580074	764.291239754621	545.566711036017	1217.67192946541	518.104014713956	677.118803074113	512	512	248.902843514144	168.425566768989	-593.921646697853	688.969644179253	242	54	2	14	200	261	170	15	3	63	10938	484	340	14	226	241	5	47	0	0	84	0	-152	-5	4	0
6	1	4	0	13	23	down	2	512	530.346904296029	984.927817404292	537.70620176142	712.007304501359	515.029756682898	953.973487233442	517.591530443473	659.695375914579	512	512	253.685055970407	174.311420094839	-593.875963182469	688.862103311833	245	61	3	9	194	259	179	9	1	64	10826	540	401	9	234	284	7	37	0	0	63	0	-153	-6	4	0
6	1	4	0	13	23	down	3	512	565.587037582907	1229.20187769604	565.639589694987	827.683627158762	467.1412128629	694.72115801843	487.895696344349	580.846109303511	512	512	244.363873913393	170.607080700815	-593.769156772466	688.616367524165	227	65	6	14	200	259	168	4	2	79	10878	542	345	11	245	261	7	26	0	0	43	0	-211	-6	5	0
6	1	4	0	14	22	down	0	512	533.475581402905	1102.24577642662	519.779505961889	682.416408147631	540.730902961968	1077.3007672475	536.021174052123	715.081904167951	512	512	244.060882356846	164.297578520084	-593.996493045157	689.142395674716	235	77	2	12	186	234	194	11	6	67	10439	479	336	10	227	290	5	37	0	0	66	0	-151	-5	4	0
6	1	4	0	14	22	down	1	512	507.08345211821	903.611180508356	508.535889882344	626.592483835208	517.899046921333	955.653308140376	512.3034672481	638.039060022591	512	512	229.23352287488	151.51828041977	-593.87076052345	688.850186492057	262	64	1	8	177	264	178	9	3	58	10424	512	317	11	266	250	9	24	0	0	46	0	-193	-5	3	0
6	1	4	0	14	22	down	2	512	505.519113564772	863.479916762029	516.918751882888	645.578547655693	499.789623396021	852.537564230755	516.956114507414	655.768511746484	512	512	247.583954298441	169.759083739142	-593.935440724868	688.998215907101	265	59	2	7	179	265	173	7	5	62	10384	502	365	13	234	298	9	30	0	0	52	0	-147	-5	4	0
6	1	4	0	14	22	down	3	512	515.538367146336	1065.57348475443	507.052633140298	658.573254624108	521.036814336328	954.248869651584	521.177244506142	661.931888330359	512	512	217.769437135468	151.246376202172	-593.403237754192	687.76764298828	252	80	0	12	168	280	175	9	2	46	10370	568	311	15	326	251	8	40	0	0	72	0	-263	-6	3	0
6	1	4	0	15	21	down	0	512	530.729829996642	1193.72691615461	503.931743797944	653.105670660861	555.346904296029	1135.73713095899	543.054839047745	732.371091796155	512	512	227.309775235734	153.220007848881	-593.637326633308	688.307694749954	259	75	3	15	160	241	199	12	3	57	9961	474	305	12	290	303	9	38	0	0	68	0	-169	-6	5	0
6	1	4	0	15	21	down	1	512	492.304331823525	882.39477181702	507.232330963151	653.315537838587	553.071256190077	1299.90828987155	530.044084061621	735.754871969598	512	512	219.990350056506	139.881568758083	-593.725051184216	688.512277648256	249	81	6	8	168	264	164	17	4	63	9971	455	313	13	289	271	3	34	0	0	60	0	-152	-4	4	0
6	1	4	0	15	21	down	2	512	480.096607735707	708.416498762071	499.171552346432	591.663292996791	554.300266514147	1199.67636960688	530.971369364496	703.050998223655	512	512	243.026521333678	163.377772180638	-593.923014650312	688.971992922249	278	58	1	4	171	255	184	14	2	57	9929	441	370	12	261	310	4	30	0	0	48	0	-75	-4	6	0
6	1	4	0	15	21	down	3	512	497.486704365713	854.020050875243	506.98674852393	638.792366439418	527.419853312904	1017.54821561225	519.273340566673	664.066877413387	512	512	213.676309472765	137.88616557755	-593.958462377545	689.056881691832	254	71	4	7	176	243	189	10	1	69	9951	467	324	10	317	253	5	32	0	0	58	0	-151	-6	4	0
6	1	4	0	16	20	down	0	512	504.531309492906	872.023160626944	519.744035006884	678.849777285545	525.64372536227	1041.40763087419	519.117519248361	668.047886739674	512	512	207.954287396704	133.642961246633	-593.962441616476	689.06425852707	239	75	5	7	186	261	175	11	3	62	9485	430	306	19	313	308	7	41	0	0	66	0	-122	-5	4	0
6	1	4	0	16	20	down	1	512	488.263792005709	798.424925941149	510.658780985603	638.834231090139	520.528203872891	1102.09010842898	513.039062668632	671.997819812302	512	512	195.101895067336	122.833953555537	-594.116868625887	689.42247608918	266	67	2	6	171	267	160	13	2	70	9464	477	291	8	344	285	5	47	0	0	84	0	-194	-4	3	0
6	1	4	0	16	20	down	2	512	515.192875643523	1027.91982680233	507.730479968302	637.701160225145	500.269889969776	822.518057356437	509.195166284893	623.60214314996	512	512	215.456144717565	136.991800886462	-593.898176965161	688.912265877297	253	75	2	11	171	257	183	6	2	64	9460	454	314	12	280	300	8	30	0	0	52	0	-156	-4	3	0
6	1	4	0	16	20	down	3	512	482.831122903199	888.962386879777	487.010972600657	611.553832623768	514.147310826967	885.486132133744	526.700376582093	659.423514914933	512	512	210.875749630193	137.705696203841	-593.898713717735	688.916148721206	282	72	3	9	146	250	192	7	0	63	9467	432	333	8	309	252	6	47	0	0	72	0	-103	-4	4	0
6	1	4	0	17	19	down	0	512	534.021626064143	1199.68744930212	512.848352597961	679.77624260257	542.72683765259	1002.99034572328	551.968732680402	729.081100931931	512	512	202.760770201517	133.376986702229	-593.841705728479	688.782997534312	259	73	2	15	163	252	201	9	2	48	8978	448	293	9	275	321	9	30	0	0	54	0	-173	-5	3	0
6	1	4	0	17	19	down	1	512	528.667044253212	1124.5898942721	516.28169767592	686.324617710012	543.033821992276	1075.84488839833	551.750682754084	769.384110351212	512	512	228.20631564242	152.359256295747	-593.805604146486	688.702264063754	246	77	3	13	173	249	192	11	3	57	9032	377	311	8	289	336	8	36	0	0	56	0	-58	-3	5	0
6	1	4	0	17	19	down	2	512	467.610243197884	825.53577660545	473.952878459914	573.888136549027	552.055108228528	1092.7211662818	570.087251580314	809.648712710867	512	512	188.222828527507	118.856866809527	-593.973553265388	689.089186216908	287	76	3	8	138	245	200	11	3	53	9004	424	291	9	335	306	8	36	0	0	58	0	-135	-4	4	0
6	1	4	0	17	19	down	3	512	491.373215531022	840.678140705442	503.318822897209	625.51562048104	551.469483438838	1199.82448771136	554.19201159129	777.481430165777	512	512	196.432234005941	123.212092434507	-593.849489377391	688.800014014792	261	71	4	7	169	244	186	14	2	66	8968	453	300	7	303	326	5	33	0	0	63	0	-159	-5	3	0
6	1	4	0	18	18	down	0	512	492.72683765259	849.620052527917	490.356617670272	595.573763179223	500.308397132903	1009.64976181156	494.250920666037	638.038756846353	512	512	194.749948172623	125.134553505132	-593.860905656939	688.827643946382	248	79	2	7	176	235	165	11	5	96	8536	407	266	7	309	298	3	49	0	0	78	0	-139	-5	4	0
6	1	4	0	18	18	down	1	512	456.49782732852	746.1513063582	459.086317712456	516.701922287549	457.494721708505	804.162822630553	462.362974752786	539.610299476508	512	512	197.268822885188	124.195413719469	-593.873315317045	688.857807243682	265	91	1	6	149	297	127	8	3	77	8556	385	268	7	314	344	12	41	0	0	78	0	-119	-4	3	0
6	1	4	0	18	18	down	2	512	483.753148887583	938.208513118128	473.340578569328	578.473482529294	477.495794673831	814.792105253129	483.755153459362	565.046843632687	512	512	197.827959889816	125.496038975042	-593.874810320576	688.860301913919	252	93	6	10	151	268	157	7	3	77	8497	408	301	10	316	342	16	34	0	0	58	0	-115	-4	3	0
6	1	4	0	18	18	down	3	512	444.367117566955	686.995205915122	453.906868909133	510.194424454418	482.697420797582	898.510952303755	484.778490789851	607.41055308975	512	512	183.746325336706	116.826485049581	-593.791064025289	688.664334323834	270	92	3	5	142	260	154	9	3	86	8479	436	289	12	323	324	7	40	0	0	68	0	-163	-4	3	0
6	1	4	0	19	17	down	0	512	540.384338493829	1097.82492428847	539.676732657982	730.541265032556	489.396534421963	804.77614883931	502.079103726475	604.564418298466	512	512	190.752245895716	118.045915049342	-593.826119500034	688.74708303474	272	49	1	12	178	258	176	6	0	72	8055	370	271	8	320	315	10	37	0	0	66	0	-99	-4	3	0
6	1	4	0	19	17	down	1	512	533.168597063219	918.198331367226	550.648045467058	727.726132460744	521.70854376039	1028.57569656179	522.584011553848	686.814567334183	512	512	188.525897556847	118.500398481713	-593.822749104742	688.74054840576	246	51	2	7	206	271	166	11	7	57	7995	402	301	6	369	380	5	31	0	0	58	0	-93	-5	4	0
6	1	4	0	19	17	down	2	512	564.971995938209	1252.81029413274	558.077517974157	803.211625745068	476.958840320712	746.876368780541	495.898665109415	591.256956198292	512	512	181.178355136376	106.240222039716	-593.913002185562	688.949077342309	254	53	4	15	186	258	170	5	3	76	8055	360	282	7	382	333	7	34	0	0	66	0	-80	-5	3	0
6	1	4	0	19	17	down	3	512	540.471516093527	1147.01961016644	531.557775597304	714.711080997586	537.371182876333	1171.34776333473	524.893159514639	709.439149236008	512	512	173.76423840418	106.685289729247	-593.587476334413	688.19094425191	241	72	2	13	184	256	172	14	1	69	8032	396	268	8	380	370	9	37	0	0	64	0	-136	-4	4	0
6	1	4	0	20	16	down	0	512	482.525211528839	683.845773947614	498.070965752608	580.866540300085	529.779460122576	1076.97214858031	515.608629572726	653.748522831019	512	512	158.235876076136	94.8859130002561	-593.886283626413	688.886198497026	260	63	3	3	183	280	168	12	0	52	7578	359	247	8	367	334	10	37	0	0	63	0	-116	-4	4	0
6	1	4	0	20	16	down	1	512	482.29416855008	746.909179552516	502.064193652603	614.510734611731	536.594095236336	1062.83202520947	525.716445289077	676.966725755554	512	512	159.525195180929	97.7308324448301	-594.239286978478	689.705977828955	276	60	5	5	166	252	185	11	5	59	7606	357	222	7	375	350	9	38	0	0	71	0	-141	-5	3	0
6	1	4	0	20	16	down	2	512	502.505957947276	862.865284953616	517.292838301649	654.619847877002	531.392469112585	1053.25064901352	527.206819675128	686.657970319542	512	512	176.580824201047	114.875021522568	-593.830893526938	688.757176920238	253	68	4	7	180	256	181	11	3	61	7531	370	282	9	394	398	17	32	0	0	52	0	-90	-4	5	0
6	1	4	0	20	16	down	3	512	508.109763353203	971.006738714216	504.205779863179	629.284759505319	532.246571078835	1091.31140210226	529.210537622126	694.491461922158	512	512	183.939159984385	117.318475763539	-593.576802199676	688.171458053971	274	63	2	10	163	256	178	12	1	65	7548	367	272	5	383	386	19	25	0	0	46	0	-93	-4	4	0
6	1	4	0	21	15	down	0	512	526.938513773823	1142.77436121401	510.470674087608	675.885307401498	540.91220253883	1136.21472435816	531.332872755792	700.533822236491	512	512	151.307526018124	98.2439099188322	-593.637924811455	688.312529061123	280	61	2	14	155	268	175	13	1	55	7018	408	243	11	384	382	12	25	0	0	48	0	-171	-4	4	0
6	1	4	0	21	15	down	1	512	503.772402469146	970.86084481215	499.373109157994	629.200213755232	524.454295166653	1085.36949854316	516.730760498498	672.98600305751	512	512	149.22662041606	90.5070287978433	-593.957145169017	689.051771809491	259	76	1	10	166	239	178	12	2	81	7129	340	202	9	391	360	7	40	0	0	76	0	-152	-4	3	0
6	1	4	0	21	15	down	2	512	491.987184210394	875.220931466503	492.418343228856	608.219953259124	536.814974941651	1102.47814566346	533.588094777967	709.530899344545	512	512	158.948922328344	103.703399602401	-593.35744888509	687.661031025261	267	71	3	8	163	243	183	12	6	68	7050	350	269	11	395	431	9	26	0	0	48	0	-99	-5	4	0
6	1	4	0	21	15	down	3	512	499.137147553522	779.084795133282	512.643160520489	640.597705888992	519.924398466963	927.755752284025	526.570385745917	681.306771653296	512	512	151.905433477264	95.2400539528769	-594.005791862097	689.164302721726	265	54	7	5	181	254	188	8	3	59	7053	385	238	4	405	395	13	36	0	0	62	0	-147	-4	3	0
6	1	4	0	22	14	down	0	512	466.699453452271	689.539780169803	480.962974918372	553.879777943549	540.922365812275	1070.53402203363	543.099694568577	735.158683524	512	512	144.023637374059	89.5989194751299	-594.042930469958	689.249966996535	269	73	2	4	164	253	189	11	3	56	6598	342	221	7	412	392	14	28	0	0	50	0	-123	-4	3	0
6	1	4	0	22	14	down	1	512	464.539326835698	785.110500852575	477.699138604187	570.255446951848	560.32657774914	1312.04532001742	529.004136706979	697.474841250067	512	512	145.650750737734	92.7292029528468	-593.725889366921	688.514526680888	286	75	3	7	141	263	169	17	5	58	6626	308	225	9	428	389	7	31	0	0	56	0	-94	-5	4	0
6	1	4	0	22	14	down	2	512	492.6690769079	846.838232317818	501.853197388582	641.688087720726	560.23138280665	1138.11805900911	560.22382768225	793.944434806231	512	512	152.193538565153	95.3320752959243	-593.921384195803	688.965341959325	251	76	5	7	173	251	197	12	6	46	6666	317	180	5	383	447	17	32	0	0	52	0	-143	-4	4	0
6	1	4	0	22	14	down	3	512	495.413755348837	924.701202171944	493.900093390287	605.37583112836	503.58093961884	940.57215849635	518.965448328802	686.118105504966	512	512	148.007906051975	89.0012371684956	-593.519204364778	688.036446285571	252	83	0	9	168	244	175	9	3	81	6654	299	209	6	432	447	12	31	0	0	48	0	-86	-4	3	0
6	1	4	0	23	13	down	0	512	487.976061247586	800.608519728824	497.281318796448	606.517056711014	592.870703031652	1414.68347052788	575.819487224479	853.760985445532	512	512	133.936345824894	87.9941575178666	-594.01362115521	689.183097109631	260	71	2	6	173	235	198	18	5	56	6159	300	187	10	435	408	8	28	0	0	48	0	-129	-5	3	0
6	1	4	0	23	13	down	1	512	513.667044253212	915.505639008062	520.070844225231	671.624337995217	530.145278172278	1020.31983341302	547.280875450381	749.129646688196	512	512	132.129908885323	85.5444286683542	-593.734773533542	688.535559737257	258	61	3	8	182	245	189	10	3	65	6106	318	223	9	457	422	9	36	0	0	62	0	-97	-4	3	0
6	1	4	0	23	13	down	2	512	532.313422131643	1123.59255091995	522.234221900424	697.711145376702	571.767377470406	1237.76950515385	567.262950447484	811.76314921141	512	512	143.656132854668	86.7977172351526	-594.029187652909	689.218646556074	263	64	2	13	170	231	203	14	6	58	6162	287	205	2	402	448	10	46	0	0	82	0	-86	-4	4	0
6	1	4	0	23	13	down	3	512	489.060133227269	833.70385881979	491.178989105407	592.431563583768	559.194908298212	1210.54067398246	548.605237029747	748.997838985437	512	512	131.792114626441	80.2276492859801	-594.008117866179	689.167545511527	269	68	3	7	165	250	190	14	1	57	6193	266	191	6	475	415	9	35	0	0	64	0	-87	-4	3	0
6	1	4	0	24	12	down	0	512	477.65784066913	946.836436429143	463.31748389229	551.478822115921	501.459320165393	1000.91538666086	491.4529719812	608.973026136709	512	512	121.459659022482	73.9852871213766	-594.044620017038	689.255830469527	287	78	9	11	127	259	157	11	5	80	5691	277	171	5	459	431	12	33	0	0	62	0	-108	-5	2	0
6	1	4	0	24	12	down	1	512	450.75924685165	594.516722834986	462.660882738971	512.255423398067	449.069223535388	688.639991847664	464.423735023077	536.243220547958	512	512	123.622681764963	81.2396255954088	-593.935998741051	689.001424366954	263	81	1	2	165	283	140	5	4	80	5654	290	195	5	475	433	11	28	0	0	50	0	-97	-4	4	0
6	1	4	0	24	12	down	2	512	460.624471780707	715.081240541098	463.767400936788	536.271022485753	530.298233859458	1122.89144377676	512.788777303185	672.552336989488	512	512	134.195459689115	79.5703899231751	-593.92951445301	688.985546337075	266	82	5	5	154	258	171	13	1	69	5754	201	185	4	428	444	10	47	0	0	80	0	-16	-3	3	0
6	1	4	0	24	12	down	3	512	451.123991936026	670.126477924819	459.747961705824	523.294626109394	521.420813002267	1067.84132967446	501.125864793181	628.783691400762	512	512	138.163732004711	87.9795651111692	-593.933508573518	688.999150160591	253	94	3	4	158	265	165	12	4	66	5664	278	195	7	459	457	3	33	0	0	58	0	-85	-4	3	0
6	1	4	0	25	11	down	0	512	535.64372536227	1131.38102307888	527.152127145421	710.048733409597	503.935521429771	822.421379612335	519.857487061537	651.488235210852	512	512	118.172753618484	80.3788901005814	-594.161943030936	689.527236929629	257	65	3	13	174	269	180	6	4	53	5225	257	145	5	449	469	12	34	0	0	56	0	-118	-4	3	0
6	1	4	0	25	11	down	1	512	515.001412793217	886.464845897492	522.675828624661	655.633507300097	529.578906964151	980.102094331922	532.184585151338	690.856132620824	512	512	112.869580928878	70.5413055582816	-593.977634159225	689.097384848498	250	62	1	7	192	255	191	9	1	56	5235	237	155	5	461	456	7	34	0	0	64	0	-84	-3	3	0
6	1	4	0	25	11	down	2	512	508.331716023844	915.472828236086	516.486568397691	650.50429981836	560.442099238519	1280.52692111263	541.119292897445	752.735124155151	512	512	105.407227895356	71.5473067981356	-594.174842565538	689.55483748935	240	77	1	8	186	257	178	16	2	59	5203	262	161	6	469	473	8	37	0	0	68	0	-101	-3	3	0
6	1	4	0	25	11	down	3	512	563.762239195702	1279.85862474142	543.932034419318	756.397295709318	577.1412128629	1350.87637291223	549.596155750743	758.253170467557	512	512	107.982757539204	77.7154841797654	-593.91567559807	688.957681229164	270	48	3	16	175	243	191	17	1	60	5183	257	184	8	515	434	13	36	0	0	60	1	-77	-6	3	0
6	1	4	0	26	10	down	0	512	511.670036597263	1047.96726773004	499.839597005614	635.654458948123	580.461352820082	1387.26350807069	560.139839332744	804.608574439048	512	512	111.000426872134	67.0804611722125	-593.845186660728	688.790917786188	273	68	4	12	155	252	184	18	3	55	4736	226	152	6	462	487	5	35	0	0	62	0	-78	-3	3	0
6	1	4	0	26	10	down	1	512	493.570776345395	879.197429291203	496.863826974669	620.084838241402	545.029756682898	1149.75619299282	534.337715892858	717.006417120901	512	512	115.971288601507	75.3898292930283	-593.85575884158	688.816167914357	263	72	4	8	165	251	183	13	3	62	4707	229	182	2	475	514	12	25	0	0	46	0	-51	-4	3	0
6	1	4	0	26	10	down	2	512	487.87979333977	870.109623566663	489.081325745396	593.249041100493	517.812942286962	1033.61118050836	525.759131767552	700.530984933887	512	512	102.327763308497	76.8734824227217	-593.881645683572	688.876063991627	261	77	5	8	161	246	173	11	6	76	4698	258	158	6	463	498	11	41	0	0	74	0	-106	-5	2	0
6	1	4	0	26	10	down	3	512	516.776467778524	994.840893097349	511.177403523583	662.960828240015	566.958840320712	1297.19566232432	551.658033075296	779.098450903007	512	512	110.828788093368	75.3676985572005	-593.967586098832	689.07488171406	253	70	2	10	177	242	187	16	4	63	4714	235	166	5	502	477	5	53	0	0	90	0	-75	-4	3	0
6	1	4	0	27	9	down	0	512	505.826097904458	1047.52736182143	501.070123810156	666.888634179982	543.503925292587	1185.59033911259	533.402314548062	717.844829089638	512	512	90.3940769987932	63.1371960283938	-593.747591844453	688.564639643179	254	85	2	12	159	244	179	14	4	71	4276	204	124	4	537	483	10	29	0	0	56	0	-80	-3	3	0
6	1	4	0	27	9	down	1	512	487.918300502897	909.019601903075	494.722366059822	642.729270680482	551.363052257577	1186.7579599597	538.772932132749	721.123418256801	512	512	100.901748276873	67.271453228917	-593.639885659121	688.314130761834	255	85	4	9	159	272	175	14	3	48	4213	236	152	7	449	498	10	32	0	0	62	0	-86	-4	3	0
6	1	4	0	27	9	down	2	512	475.461352820082	739.052861647219	483.752510896656	565.030275856788	493.686297834775	810.596991061416	518.0559984917	659.959018552078	512	512	98.8604871117464	63.4291265489936	-594.037451310946	689.234982683866	272	69	1	5	165	257	177	6	4	68	4280	202	122	4	503	489	12	41	0	0	66	0	-84	-3	2	0
6	1	4	0	27	9	down	3	512	485.096607735707	790.445322496434	492.482484141779	592.312201477279	550.164531753841	1164.11185190077	544.089651350475	747.071422663682	512	512	101.185089102952	70.9799398557097	-593.944945750305	689.023352647522	270	66	4	6	166	236	191	13	5	67	4189	253	161	5	494	543	18	35	0	0	56	0	-98	-3	4	0
6	1	4	0	28	8	down	0	512	479.501892637898	823.02270752309	491.760045995021	612.678765454079	540.201965951641	1097.06217437558	544.672924956447	753.216467629323	512	512	83.2756100020175	64.13959844585	-593.659264282386	688.36188894885	255	83	5	7	162	271	177	12	3	49	3742	225	120	9	504	560	11	35	0	0	66	0	-123	-3	3	0
6	1	4	0	28	8	down	1	512	487.543392145076	936.145980667452	484.208884234026	605.644556605178	579.607250853833	1312.14732345227	563.081984125116	796.624803556237	512	512	100.40892008076	69.0058985176272	-594.099603348817	689.382426760931	276	77	1	10	148	256	191	16	4	45	3770	178	144	4	467	538	9	44	0	0	70	0	-38	-3	4	0
6	1	4	0	28	8	down	2	512	515.96996328352	1062.24487848229	521.25300657641	728.839570593276	551.085484772899	1160.34289074784	537.515629895273	711.852924442171	512	512	86.8581651414356	61.4454954016155	-593.789801943833	688.664580216949	253	76	8	12	163	251	188	13	2	58	3752	197	143	4	536	585	12	24	0	0	41	0	-58	-3	3	0
6	1	4	0	28	8	down	3	512	481.38230583914	817.312724228656	483.60159686999	568.357954031953	531.748123888842	914.03070225674	546.267212817226	718.404308379019	512	512	89.308964791789	60.055671951148	-594.019800163405	689.194724781488	279	68	1	7	157	248	203	7	4	50	3787	182	119	8	527	549	13	26	0	0	49	0	-79	-3	3	0
6	1	4	0	29	7	down	0	512	483.139180208211	755.443996238353	496.026948644205	600.494255376449	557.592062581647	1168.5548634294	567.657630611716	817.74747736107	512	512	80.5954842207454	61.2402539409261	-593.699637985463	688.456528887716	262	69	3	5	173	255	190	13	4	50	3289	160	130	5	513	498	12	44	0	0	68	3	-36	-4	2	0
6	1	4	0	29	7	down	1	512	472.399526766015	802.264385356605	475.173237376833	559.122013150022	574.473548748216	1202.55841802158	594.414922572377	877.732796741192	512	512	79.0772777226758	60.4357679342158	-593.901157890838	688.920738322357	277	75	3	7	150	238	206	13	8	47	3282	182	117	3	477	557	13	38	0	0	58	0	-67	-3	4	0
6	1	4	0	29	7	down	2	512	467.841286176644	725.390331675554	483.607583282397	579.945064510796	565.827170869784	1195.66440849404	572.760069967318	816.710368062976	512	512	77.0555419344047	58.5152980130101	-594.057170443312	689.281469464794	271	74	4	5	158	225	207	13	4	63	3306	153	121	4	536	461	8	42	0	0	71	0	-28	-3	4	0
6	1	4	0	29	7	down	3	512	455.32657774914	737.972144448621	462.099950722943	526.543722779372	570.029756682898	1263.51007501784	563.33515000191	778.838199637849	512	512	88.3761061362943	70.2912587485476	-593.601968578077	688.227829714158	279	83	1	6	143	251	192	15	2	52	3287	168	125	4	565	624	14	28	0	0	53	3	-48	-4	4	0
6	1	4	0	30	6	down	0	512	473.03274902695	911.818704785074	460.671468168436	551.171839881435	554.981086246327	1303.55574071531	550.914261889489	797.317985137141	512	512	72.9405141619356	60.5404495259388	-593.688967716579	688.429754582831	270	89	7	10	136	264	166	17	3	62	2856	131	83	2	548	590	10	39	0	0	68	0	-44	-3	2	0
6	1	4	0	30	6	down	1	512	447.150303171019	655.466604601001	454.79566613456	506.209215916084	518.599120235077	912.185010942828	536.782632338332	691.62834398169	512	512	59.9169365874308	57.2924536919706	-593.503550361022	688.001291705835	269	86	5	4	148	280	175	8	7	42	2850	125	90	7	578	540	15	35	0	0	56	0	-41	-3	3	0
6	1	4	0	30	6	down	2	512	444.137147553522	654.878580587904	459.905313822134	524.950834669755	552.832195868525	1164.15486508207	548.756604473501	749.787428356562	512	512	63.1332999275261	58.766987279245	-593.668739445001	688.384018117244	261	94	3	4	150	249	190	13	2	58	2811	128	132	1	548	585	12	29	0	0	47	0	6	-3	3	0
6	1	4	0	30	6	down	3	512	434.674101906641	744.013827240158	438.204044749553	501.809522508306	540.730902961968	1040.24533571783	552.586847921037	757.303875908707	512	512	65.9896555149427	54.4692988593696	-594.106058857004	689.395637521992	267	109	2	7	127	238	198	10	5	61	2835	159	75	3	515	579	11	32	0	0	58	0	-90	-3	2	0
6	1	4	0	31	5	down	0	512	459.942579083201	743.463939689784	464.27914892966	533.74858105147	548.350969605407	1016.8258263645	569.550837489994	782.69059378077	512	512	48.8711692280518	53.8337985925968	-593.887554390621	688.890136715469	282	77	3	6	144	239	208	9	5	51	2357	135	66	2	597	620	24	35	0	0	66	1	-73	-3	2	0
6	1	4	0	31	5	down	1	512	465.384338493829	793.645317538412	468.524326663693	548.078379122034	647.40969003946	1681.0559755306	619.797642160842	962.233985280601	512	512	51.4936076571709	54.5048609146437	-593.954461891142	689.043306300661	272	84	1	7	148	242	210	23	6	31	2339	137	81	3	605	613	20	23	0	0	42	2	-58	-3	2	0
6	1	4	0	31	5	down	2	512	486.468410473512	969.605401713754	471.333349115605	574.33295884564	606.872735686341	1438.52382788767	613.426767930141	976.184319579899	512	512	44.9351368514615	56.1252848681736	-593.769069815948	688.614484852409	273	82	5	11	141	228	207	18	11	48	2336	146	74	4	605	587	18	35	0	0	64	3	-76	-3	2	0
6	1	4	0	31	5	down	3	512	472.716674379146	809.464833502437	467.176303010488	534.145680234584	569.934561740408	1237.80454012824	582.957466675431	858.598051087408	512	512	53.3732895735727	53.1431685681148	-593.980074299423	689.103663768188	263	84	2	7	156	223	204	14	7	64	2340	140	78	2	538	555	7	37	0	0	56	3	-66	-3	2	0
6	1	4	0	32	4	down	0	512	451.718707033834	814.934897666864	440.935772844473	494.805441352622	615.960872975401	1524.76329391382	623.336045553963	1008.34581324506	512	512	45.6450745379319	56.2376516948023	-594.046106855104	689.25862817885	252	110	2	8	140	231	204	20	9	48	1853	124	68	3	542	583	15	32	0	0	58	3	-62	-3	2	0
6	1	4	0	32	4	down	1	512	433.839253521955	669.824916025105	437.356578657111	479.577179414736	611.325618059777	1444.23336220993	604.214627159576	918.434390681291	512	512	37.1964087521502	54.9296488595769	-594.034003908046	689.227789735906	270	100	2	5	135	237	210	18	6	41	1879	118	49	2	637	569	19	36	0	0	62	0	-73	-2	1	0
6	1	4	0	32	4	down	2	512	462.908137229452	786.808951347915	454.246145723798	512.333716374821	591.353961949459	1405.93268999119	589.548718895274	890.171987634698	512	512	49.451487305606	53.2187017845627	-593.808778998775	688.706608067109	274	83	5	7	143	250	192	18	4	48	1887	94	66	1	595	597	13	32	0	0	60	0	-30	-2	1	0
6	1	4	0	32	4	down	3	512	436.689290178826	670.604071323988	444.959558497429	494.30712856583	585.874768341029	1258.74334219902	587.387725377166	847.801975727135	512	512	37.124210992176	48.6302853214634	-593.82718030568	688.748273450024	280	92	1	5	134	241	212	14	2	43	1866	118	55	9	652	633	17	27	0	0	52	3	-73	-3	3	0
6	1	4	0	33	3	down	0	512	440.729829996642	717.545093465496	437.670823953024	479.704353877171	592.170629717908	1272.79478669109	603.489756997341	899.926026054283	512	512	39.6774348734472	48.9362949743727	-593.897880284529	688.914384032874	271	99	0	6	136	227	218	14	8	45	1426	76	34	0	600	658	15	46	0	0	82	4	-42	-2	2	0
6	1	4	0	33	3	down	1	512	429.702445796323	655.356173987072	435.808057364115	478.34140100261	572.956807666023	1230.88967680988	583.115709184786	833.79771006617	512	512	25.7106109333893	50.555630609189	-593.618239941177	688.266265822869	288	92	1	5	126	253	197	14	4	44	1412	72	50	2	657	589	14	30	0	0	52	8	-22	-2	3	0
6	1	4	0	33	3	down	2	512	392.44712423726	447.409830286501	414.797653520118	413.070233787502	589.359100224163	1199.75931513958	610.888881831631	899.574977575204	512	512	41.089562772452	53.2730425510499	-593.879604428457	688.871891850754	293	100	2	1	116	223	229	12	5	43	1405	81	50	0	602	628	16	43	0	0	66	4	-31	-2	2	0
6	1	4	0	33	3	down	3	512	461.622439126018	789.105628265681	452.828640842352	513.48272017405	611.267857315087	1478.56018912014	601.899826461264	904.434881162427	512	512	35.7952622464317	47.6660060600379	-594.245181070663	689.719805084293	265	90	4	7	146	244	205	19	2	42	1395	93	43	5	573	587	17	38	0	0	72	8	-56	-3	2	0
6	1	4	0	34	2	down	0	512	405.230309841323	505.854621177065	419.566432385917	419.405146190148	652.832195868525	1767.36551150554	628.592150781898	1028.97796506054	512	512	19.6827542382545	46.1969044031506	-593.912932977046	688.948505367067	288	97	4	2	121	229	209	25	6	43	945	52	24	3	626	625	11	43	0	0	79	4	-34	-2	2	0
6	1	4	0	34	2	down	1	512	420.47953343632	599.707833462347	425.673204332598	439.320242566882	647.928463776341	1652.8644076677	631.240180058399	1008.47145560513	512	512	19.3687812884216	48.467281713936	-593.901660313931	688.923880727915	292	90	7	4	119	228	221	22	5	36	947	49	26	2	621	588	19	42	0	0	72	5	-27	-2	1	0
6	1	4	0	34	2	down	2	512	418.551522763832	611.172588462767	421.717844623	437.71925912287	602.123032246663	1331.41430348145	620.936231406379	957.621652146468	512	512	19.6445774669698	46.0154038439103	-593.751073043423	688.571686840725	264	111	2	4	131	215	226	15	6	50	932	56	35	1	664	623	11	33	0	0	53	4	-23	-2	2	0
6	1	4	0	34	2	down	3	512	426.296201204769	696.926911196585	426.430282642784	464.310637728103	676.201006262279	1882.84445182122	635.973804972076	1021.31799586179	512	512	11.3178464929743	46.8080069268578	-593.759085131614	688.591765129202	261	115	2	6	128	221	221	27	3	40	942	48	34	0	656	637	11	39	0	0	69	0	-14	-1	1	0
6	1	4	0	35	1	down	0	512	441.957767355386	749.522027867309	433.38178107675	470.981909065138	638.293208860717	1601.44533902317	635.349020245433	1008.65684347319	512	512	26.2881486252222	51.1914738786743	-593.875579911693	688.861484701259	279	95	5	7	126	226	219	21	6	40	456	31	25	0	582	622	21	41	2	2	74	31	-6	-1	1	0
6	1	4	0	35	1	down	1	512	435.144205206952	594.318041656034	439.897921858562	471.365677464003	683.571849310721	1826.3810437373	659.560195424058	1083.116459679	512	512	15.4713940127319	48.2735707930837	-593.973922904586	689.089950729573	282	83	4	3	140	214	238	25	4	31	465	22	23	2	634	613	13	37	2	0	72	22	5	-1	2	0
6	1	4	0	35	1	down	2	512	446.266784349761	830.434222142769	433.075992306588	487.342462351724	660.798826980103	1686.39302137688	658.652578606757	1068.2853709465	512	512	19.0043853347692	52.975900827827	-594.035435153021	689.232543724703	277	102	2	9	122	200	240	22	6	44	462	31	19	0	615	664	11	37	1	0	70	31	-12	-1	1	0
6	1	4	0	35	1	down	3	512	447.457287510705	765.376578805727	443.474503439263	506.519633641065	636.595168201663	1496.75177764147	641.880145952025	992.532848098793	512	512	17.9213196806595	50.0866217407501	-594.149054978082	689.496001735184	262	101	7	7	135	215	237	18	5	37	470	25	16	1	599	647	15	45	4	0	84	26	-11	-2	1	0
6	1	4	0	36	0	dwell	0	512	399.721699377886	460.447526040426	411.532863541531	404.740283990438	0	0	0	0	512	512	5.120600398373	47.3269330854558	-593.944011279139	689.021289473757	287	97	6	1	121	0	0	0	0	0	0	0	0	0	648	698	20	0	0	0	0	0	0	0	0	0
6	1	4	0	36	0	dwell	1	512	405.89187599194	571.751287352449	403.966515111696	400.884866151832	0	0	0	0	512	512	7.87723466780013	48.1388489195588	-593.809723335319	688.708990907499	302	95	5	4	106	0	0	0	0	0	0	0	0	0	716	756	20	0	0	0	0	0	0	0	0	0
6	1	4	0	36	0	dwell	2	512	395.403592075393	609.450631660442	396.557443997102	404.586659173134	0	0	0	0	512	512	7.58013206271318	48.7554645737264	-593.86104677334	688.827057075867	255	135	8	5	109	0	0	0	0	0	0	0	0	0	666	710	19	0	0	0	0	0	0	0	0	0
6	1	4	0	36	0	dwell	3	512	406.900006610696	617.177012077493	408.646934378424	433.224681705641	0	0	0	0	512	512	3.03302413120317	46.5084693853384	-594.020181817781	689.195904667213	286	109	3	5	109	0	0	0	0	0	0	0	0	0	689	662	15	0	0	0	0	0	0	0	0	0
6	1	4	0	36	0	dwell	4	512	436.199933296953	782.290544179751	418.973646574754	446.166696484445	0	0	0	0	512	512	4.06268356936708	44.9264239953524	-594.154000967528	689.508195611802	266	112	3	8	123	0	0	0	0	0	0	0	0	0	617	651	12	0	0	0	0	0	0	0	0	0
6	1	4	0	36	0	dwell	5	512	386.582858997565	504.167250376964	391.771323876659	368.172844946717	0	0	0	0	512	512	-25.1364621064924	52.3741359739571	-593.871403879752	688.851459138615	304	105	2	3	98	0	0	0	0	0	0	0	0	0	748	605	27	0	0	0	0	0	0	0	0	0
6	1	4	0	36	0	dwell	6	512	408.685224869449	622.843533218455	411.056228532054	427.598991127108	0	0	0	0	512	512	-11.7907732513959	49.1751469021788	-593.931684359451	688.991346352206	282	111	1	5	113	0	0	0	0	0	0	0	0	0	704	652	20	0	0	0	0	0	0	0	0	0
6	1	4	0	36	0	dwell	7	512	429.097567425069	872.698516602302	406.893093796854	450.844630310777	0	0	0	0	512	512	10.0301978802397	57.7416041734946	-593.886253130515	688.889392703566	276	122	4	11	99	0	0	0	0	0	0	0	0	0	697	718	19	0	0	0	0	0	0	0	0	0
6	1	4	0	36	0	dwell	8	512	405.968890318193	649.571244025272	404.65301463148	420.616218597564	0	0	0	0	512	512	-7.16584411166305	52.4653187488793	-593.847528979606	688.796665649462	290	111	3	6	102	0	0	0	0	0	0	0	0	0	698	669	20	0	0	0	0	0	0	0	0	0
6	1	4	0	36	0	dwell	9	512	396.775394813198	455.08521931534	407.51523024986	395.531055851648	0	0	0	0	512	512	-8.20437571341271	47.9189528260007	-593.98691477829	689.119407396992	290	98	4	1	119	0	0	0	0	0	0	0	0	0	665	599	14	0	0	0	0	0	0	0	0	0
6	1	4	0	36	0	dwell	10	512	400.26881700445	536.820031043155	400.411850424478	391.780422344829	0	0	0	0	512	512	-7.40657208466482	44.2461026736879	-593.993831831004	689.13718314328	278	110	6	3	115	0	0	0	0	0	0	0	0	0	679	674	20	0	0	0	0	0	0	0	0	0
6	1	4	0	36	0	dwell	11	512	397.043871989758	563.167254508649	395.686220818552	381.77233386355	0	0	0	0	512	512	1.43402800877141	52.745821644947	-593.828403908958	688.750388477682	289	110	4	4	105	0	0	0	0	0	0	0	0	0	676	692	18	0	0	0	0	0	0	0	0	0
6	1	4	0	36	0	dwell	12	512	425.728757031316	677.751732192932	416.709845103676	433.237644124435	0	0	0	0	512	512	-12.6996852442293	45.3781576786061	-593.930153326528	688.988115764039	300	90	4	6	112	0	0	0	0	0	0	0	0	0	653	663	18	0	0	0	0	0	0	0	0	0
6	1	4	0	36	0	dwell	13	512	412.015528100076	630.605397582069	409.406010424468	425.510567198023	0	0	0	0	512	512	-0.518165051634701	49.4356471059017	-594.040969371705	689.243490266225	272	113	6	5	116	0	0	0	0	0	0	0	0	0	728	631	15	0	0	0	0	0	0	0	0	0
6	1	4	0	36	0	dwell	14	512	389.616341161951	484.613379920663	398.662175088177	386.608335194653	0	0	0	0	512	512	3.62338694281205	47.745748420176	-594.233364022931	689.692086990725	278	115	3	2	114	0	0	0	0	0	0	0	0	0	635	628	12	0	0	0	0	0	0	0	0	0
6	1	4	0	36	0	dwell	15	512	411.957767355386	590.794753637605	411.217932761946	414.671304259845	0	0	0	0	512	512	-2.48646153912758	50.3472229271418	-593.913375774141	688.948085377456	283	103	4	4	118	0	0	0	0	0	0	0	0	0	673	678	26	0	0	0	0	0	0	0	0	0
6	1	4	0	36	0	dwell	16	512	408.329570093191	687.899401325247	397.593907002898	396.412608204653	0	0	0	0	512	512	-5.44344551179158	51.5996937618614	-593.596506900352	688.216962097134	290	112	6	7	97	0	0	0	0	0	0	0	0	0	698	652	18	0	0	0	0	0	0	0	0	0
6	1	4	0	36	0	dwell	17	512	400.461352820082	546.039549486191	400.923162643846	395.909859047153	0	0	0	0	512	512	14.027040970708	53.9857675409493	-593.993844546648	689.136396452383	260	122	4	3	123	0	0	0	0	0	0	0	0	0	619	685	19	0	0	0	0	0	0	0	0	0
6	1	4	0	36	0	dwell	18	512	397.350856329444	636.021797183697	400.21699800891	417.483358724175	0	0	0	0	512	512	-21.0036421260326	52.2479131316524	-593.884808070791	688.884057493793	286	119	5	6	96	0	0	0	0	0	0	0	0	0	704	607	13	0	0	0	0	0	0	0	0	0
6	1	4	0	36	0	dwell	19	512	400.595054925699	536.464376266898	409.834020486392	415.252216229853	0	0	0	0	512	512	-3.19460337992752	42.7243202748057	-594.228714431267	689.680237804394	278	109	8	3	114	0	0	0	0	0	0	0	0	0	651	618	18	0	0	0	0	0	0	0	0	0
6	1	4	0	36	0	dwell	20	512	396.80373870288	522.620468446605	399.808978288336	384.486567355135	0	0	0	0	512	512	-4.7652019619184	50.4177001040122	-593.82905004815	688.75489162811	303	99	0	3	107	0	0	0	0	0	0	0	0	0	755	694	19	0	0	0	0	0	0	0	0	0
6	1	4	0	36	0	dwell	21	512	382.590989616321	541.648406631686	389.467399717726	377.429078305343	0	0	0	0	512	512	1.66661765101419	52.3428128233991	-593.833908081629	688.765691375898	284	124	3	4	97	0	0	0	0	0	0	0	0	0	693	664	20	0	0	0	0	0	0	0	0	0
6	1	4	0	36	0	dwell	22	512	394.692282522878	554.338425816264	395.729929633187	382.882588080368	0	0	0	0	512	512	10.0232469159365	47.5016947414518	-594.129005201977	689.448427636591	299	105	5	4	99	0	0	0	0	0	0	0	0	0	653	695	23	0	0	0	0	0	0	0	0	0
6	1	4	0	36	0	dwell	23	512	418.665971287885	637.752181165101	412.088386968156	420.002618346988	0	0	0	0	512	512	6.32158523127263	53.5378010191327	-593.925144044565	688.974509615173	283	102	4	5	118	0	0	0	0	0	0	0	0	0	666	700	12	0	0	0	0	0	0	0	0	0
6	1	4	0	36	0	dwell	24	512	401.363052257577	504.234667809589	410.116133025259	421.372191951021	0	0	0	0	512	512	1.75998168792824	49.067643742479	-593.702987933404	688.462666521444	272	108	9	2	121	0	0	0	0	0	0	0	0	0	758	754	14	0	0	0	0	0	0	0	0	0
6	1	4	0	36	0	dwell	25	512	421.784485121317	598.365037743264	418.352543196584	429.14990547808	0	0	0	0	512	512	6.74533902913641	48.6159003960444	-593.962940456558	689.064356442742	304	83	3	4	118	0	0	0	0	0	0	0	0	0	634	646	9	0	0	0	0	0	0	0	0	0
6	1	4	0	36	0	dwell	26	512	403.522105908824	540.926017383932	402.53055444462	399.956665124237	0	0	0	0	512	512	8.74961078943368	50.1952190170721	-593.877069349471	688.863846210845	280	106	7	3	116	0	0	0	0	0	0	0	0	0	643	725	19	0	0	0	0	0	0	0	0	0
6	1	4	0	36	0	dwell	27	512	392.888883647889	526.702071194486	404.844161302956	416.772789988463	0	0	0	0	512	512	0.611075554919758	51.1170056855319	-593.830210358899	688.75619332589	275	118	4	3	112	0	0	0	0	0	0	0	0	0	671	676	19	0	0	0	0	0	0	0	0	0
6	1	4	0	36	0	dwell	28	512	383.752075922257	504.315368481447	390.933570303191	374.13069557266	0	0	0	0	512	512	-6.70702210825288	54.1685178360909	-593.694742123017	688.44069471699	293	114	2	3	100	0	0	0	0	0	0	0	0	0	715	664	19	0	0	0	0	0	0	0	0	0
6	1	4	0	36	0	dwell	29	512	418.972955627571	710.606723840149	408.711568321607	429.598994167475	0	0	0	0	512	512	2.27517832342357	53.9678046996707	-593.746318014528	688.562811596048	280	111	5	7	109	0	0	0	0	0	0	0	0	0	723	735	15	0	0	0	0	0	0	0	0	0
6	1	4	0	36	0	dwell	30	512	435.566711036017	709.791656280961	422.217540675645	443.06280247211	0	0	0	0	512	512	-4.4074287925523	46.9761074373621	-593.963156697474	689.063025330197	269	104	0	6	133	0	0	0	0	0	0	0	0	0	672	642	17	0	0	0	0	0	0	0	0	0
6	1	4	0	36	0	dwell	31	512	401.459320165393	620.063937210773	401.158949090276	410.50100054514	0	0	0	0	512	512	8.272137391594	53.3822316309957	-593.827131611894	688.752704941773	259	130	3	5	115	0	0	0	0	0	0	0	0	0	656	658	18	0	0	0	0	0	0	0	0	0
6	1	4	0	37	1	up	0	512	440.047937299135	671.763713964194	443.792868570958	475.903078456267	604.28208589791	1331.0236137308	623.933914330014	959.468532102127	512	512	-1.01947455451034	49.247927383423	-593.924297162978	688.974959619488	287	84	4	5	132	223	224	15	7	43	468	33	11	0	712	626	24	31	0	0	58	33	-22	-1	1	0
6	1	4	0	37	1	up	1	512	451.38230583914	806.807176117666	443.465140508734	505.855453742343	636.556661038536	1531.97927015973	637.184095414205	1012.58493053438	512	512	23.8129339825919	57.0335100707096	-593.772385601455	688.622042217926	267	100	4	8	133	217	232	19	4	40	459	29	23	1	653	726	15	40	5	2	79	29	-4	-1	2	0
6	1	4	0	37	1	up	2	512	456.1229189707	810.306508856941	441.443473116424	485.590664262868	675.923438777601	1745.236480225	656.744167052173	1070.91599946665	512	512	-2.053710224066	49.0525166986218	-594.165107934318	689.53267029794	278	90	3	8	133	208	245	23	3	33	474	18	17	3	700	636	14	32	1	0	60	20	-3	-2	2	0
6	1	4	0	37	1	up	3	512	445.960872975401	736.510511594956	443.781323205038	497.841711631583	643.350969605407	1612.14511990828	635.813865588101	992.074537822155	512	512	1.07327162727911	50.3684908497592	-593.995914681284	689.141868082264	247	110	1	6	148	223	225	21	4	39	470	28	13	1	693	630	15	31	2	2	60	29	-17	-2	1	0
6	1	4	0	38	2	up	0	512	424.337700711947	720.023576545632	421.953927957002	446.4012421637	612.123032246663	1310.2214010971	624.55829307812	938.625716448061	512	512	22.2424607542131	52.7248795427922	-593.891033706493	688.895659366657	278	108	6	7	113	223	237	14	3	35	931	64	28	1	643	656	18	33	0	0	64	2	-38	-2	2	0
6	1	4	0	38	2	up	1	512	431.026651062883	728.998299140082	428.522740265881	455.0496459715	574.28208589791	1135.26751576673	596.923564129856	859.410015330197	512	512	14.1841214608335	42.0908974544435	-594.053160274726	689.275126300538	283	100	6	7	116	235	221	11	1	44	934	53	36	1	606	553	11	48	0	0	78	1	-15	-2	2	0
6	1	4	0	38	2	up	2	512	462.092542426329	750.602745065907	459.236943099935	520.670475134171	586.55558807321	1362.62271330745	578.097590985546	829.304952585493	512	512	27.4860100963968	52.1879501357496	-594.045602998814	689.256771589201	272	81	5	6	148	250	194	17	3	48	948	37	37	2	606	611	16	40	0	1	68	2	0	-2	2	0
6	1	4	0	38	2	up	3	512	430.393428801948	730.610274300648	426.669784139871	467.160917073913	606.921406122912	1337.66884863551	628.74957354216	988.768317765773	512	512	28.9037614436502	46.3175605318354	-593.731464814401	688.529470713618	278	104	5	7	118	219	228	15	6	44	925	72	26	1	583	664	23	37	0	0	58	3	-48	-2	1	0
6	1	4	0	39	3	up	0	512	448.042912300395	769.492767555833	440.414891538878	485.697615482275	603.782565742591	1397.19788652674	610.613600974095	936.384999803006	512	512	27.3689501040456	50.4379145991412	-594.005538142446	689.165455567559	259	104	3	7	139	232	210	17	8	45	1396	85	54	1	633	606	18	31	0	0	56	3	-33	-2	2	0
6	1	4	0	39	3	up	1	512	444.53023652758	760.941545484008	438.04879978721	500.573498890272	625.203038916968	1544.25686851692	612.822185146337	954.592870529237	512	512	33.768950226769	49.7425848547717	-593.621039055076	688.26989304348	264	103	4	7	134	226	215	20	5	46	1376	93	63	4	641	625	21	24	0	0	48	6	-26	-2	3	0
6	1	4	0	39	3	up	2	512	450.835188212577	730.408063319622	446.606563424885	497.973161894583	590.155441445723	1198.00942428386	590.356740502718	840.421993524525	512	512	38.4095623447919	54.4905225800407	-593.926543559753	688.980287766326	272	88	8	6	138	234	228	12	1	37	1405	92	38	1	597	628	20	36	0	0	66	7	-52	-3	2	0
6	1	4	0	39	3	up	3	512	437.629496779448	741.820031043155	426.975302497388	451.864441377441	634.425951276971	1488.65909106666	625.482610211816	969.026287229128	512	512	32.2496965118425	52.7114070779786	-594.096782637207	689.375598153773	278	98	7	7	122	222	231	18	8	33	1391	95	49	1	617	604	12	41	0	0	74	6	-48	-2	2	0
6	1	4	0	40	4	up	0	512	421.056067917891	611.353517339226	429.977956570765	456.278008261172	569.732935616657	1236.1411246073	581.953873627487	849.713850155668	512	512	31.939411014989	49.0822473220418	-593.715861387508	688.490476070752	271	104	4	4	129	227	203	14	6	62	1866	108	72	2	606	626	15	36	0	0	62	0	-40	-2	2	0
6	1	4	0	40	4	up	1	512	445.652815670389	684.725136792672	450.23855891844	494.208152390432	577.51612122072	1212.5570917635	588.231723330559	851.18936864827	512	512	51.6531403530007	57.549436343861	-593.598080961641	688.217392240837	283	84	0	5	140	230	213	13	5	51	1880	92	72	4	578	675	11	28	0	0	51	0	-20	-2	2	0
6	1	4	0	40	4	up	2	512	450.32657774914	804.138439037656	445.017783147427	510.286129284132	585.951782667282	1225.37039648749	597.383093275376	871.581732966012	512	512	53.8161630954818	53.2237116895577	-593.87850239402	688.866730741627	267	100	6	8	131	237	219	13	1	42	1892	91	65	0	524	612	8	34	0	0	59	0	-26	-2	2	0
6	1	4	0	40	4	up	3	512	430.73892030476	768.263932252751	421.664603766725	457.873081234852	679.070296500714	1847.46884119847	647.738269018369	1072.63686725135	512	512	57.2334367372095	55.8399599772697	-593.795142952507	688.67803495885	277	109	3	8	115	230	224	26	4	28	1843	116	86	3	570	617	20	37	0	0	62	0	-36	-2	3	0
6	1	4	0	41	5	up	0	512	452.888883647889	695.934893535179	458.318251624535	502.105467314393	569.694428453531	1086.06485168185	582.266453114173	816.841003414579	512	512	58.0803358537224	57.6638762249026	-593.89570696213	688.908222828733	283	78	2	5	144	245	217	10	4	36	2351	119	89	1	548	545	17	39	0	0	70	1	-32	-3	2	0
6	1	4	0	41	5	up	1	512	444.904071920074	717.855510858032	449.474915230913	497.976993597629	568.187850644782	1122.82627120498	584.870579655268	830.55429481131	512	512	56.1681006142845	59.6276008143733	-593.929523685306	688.987224303719	284	87	2	6	133	237	214	11	4	46	2350	132	75	3	611	606	12	35	0	0	62	0	-59	-2	2	0
6	1	4	0	41	5	up	2	512	462.467450784149	760.585013421839	465.182837669963	538.220090648938	603.196940952901	1393.10830557195	603.939281002375	915.37728355143	512	512	58.8254670993512	52.2789527310578	-594.159096572925	689.519034659939	255	93	1	6	157	239	207	17	8	41	2348	138	73	1	508	597	15	39	0	0	72	1	-67	-3	2	0
6	1	4	0	41	5	up	3	512	481.066231191336	900.23601059441	475.193806457894	578.562783125418	588.42798393166	1343.34644947171	590.288919423015	886.8095194817	512	512	56.4350246292469	56.5161281977651	-594.156375449941	689.51519509387	252	93	1	9	157	219	211	16	4	62	2331	132	94	3	559	589	16	30	0	0	52	1	-44	-4	2	0
6	1	4	0	42	6	up	0	512	450.835188212577	619.268376525902	458.327026085564	503.488711306487	565.183785335404	1188.81961512447	565.114790316784	788.940353592541	512	512	65.4168968809064	58.38905127808	-593.997625392311	689.145942830798	288	69	1	3	151	239	202	13	3	55	2829	145	92	6	565	540	10	43	0	0	68	0	-57	-3	2	0
6	1	4	0	42	6	up	1	512	466.036814336328	755.878576456219	465.530977493352	531.739209411219	541.603185544455	1100.3025300827	547.682348928081	748.078048533979	512	512	67.8768820788756	63.088854891816	-593.669851611515	688.384597931264	276	76	4	6	150	270	179	12	2	49	2831	131	106	4	602	592	13	27	0	0	48	0	-29	-3	3	0
6	1	4	0	42	6	up	2	512	471.286037931324	870.977906716482	457.536248313372	523.085369342795	546.057140883217	1047.83424941189	559.731021274318	769.699154185179	512	512	60.0378241823601	55.4996600354689	-593.883913511002	688.87975249952	280	82	2	9	139	242	201	10	4	55	2863	131	75	3	537	543	8	36	0	0	69	1	-54	-4	2	0
6	1	4	0	42	6	up	3	512	439.444131893208	682.759731058267	445.553365620056	491.718137368282	572.486704365713	1232.33712847998	570.632488959267	822.210699614083	512	512	53.4067020830476	57.2484548316475	-593.814770362727	688.720372831442	262	101	2	5	142	250	199	14	2	47	2807	159	105	1	599	541	13	28	0	0	51	0	-56	-3	2	0
6	1	4	0	43	7	up	0	512	508.665971287885	1002.76770926518	505.45467244955	648.819899749172	583.21726749979	1193.0462344885	588.552443478199	865.116113340501	512	512	75.8971699545826	63.8041153686861	-594.043088367172	689.248666966594	283	60	4	11	154	217	228	12	3	52	3302	162	114	6	521	502	20	33	0	0	60	1	-48	-4	5	0
6	1	4	0	43	7	up	1	512	480.384338493829	891.536670418103	478.176249032989	583.455271990391	626.671109562589	1505.64090218706	615.813266097184	957.134699640675	512	512	85.9386147313196	66.8820529203424	-593.476714432975	687.938094977538	268	83	2	9	150	236	216	19	7	34	3235	219	127	3	511	591	14	25	0	0	48	1	-94	-4	3	0
6	1	4	0	43	7	up	2	512	446.189770023508	678.503402410588	461.725850165287	530.224413805551	589.041952611032	1266.69633784842	583.282454049895	818.792912193096	512	512	65.6877886480459	56.0063348985636	-593.872340867101	688.853672406479	297	74	2	5	134	233	216	14	4	45	3331	158	95	0	587	528	9	39	0	0	66	0	-63	-2	3	0
6	1	4	0	43	7	up	3	512	486.747050923516	937.895871523174	485.255503744862	607.994577308232	574.079386808832	1265.83956270758	571.254984262421	803.734627130609	512	512	82.7765646744281	65.5044102819368	-593.771276484525	688.621658905254	265	83	5	10	149	260	191	15	3	43	3307	146	127	4	532	536	14	30	0	0	53	0	-23	-3	3	0
6	1	4	0	44	8	up	0	512	519.223252187894	992.266609559023	508.962399975135	634.667967145562	518.935521429771	957.39477181702	528.20783980183	686.909706205103	512	512	71.2705851187783	61.4780796019242	-593.693139532438	688.440081537649	267	59	3	10	173	265	179	9	2	57	3774	196	122	4	577	502	11	34	0	0	64	0	-82	-4	3	0
6	1	4	0	44	8	up	1	512	507.169556752582	1085.04132884813	501.560445753035	663.39023694919	506.469483438838	869.068389747295	523.742067823482	660.691746483054	512	512	85.7031820265495	61.1862971815347	-594.081694798952	689.339875542169	252	88	5	13	154	256	183	7	2	64	3762	200	129	5	529	516	23	34	0	0	61	0	-69	-4	3	0
6	1	4	0	44	8	up	2	512	481.939586739149	790.949095377174	482.757400404384	564.901093943137	529.43504158509	944.085244105451	544.549125882723	721.633080723173	512	512	83.5113082099985	63.63648965804	-594.195038474258	689.60554272167	259	76	2	6	169	248	194	8	8	54	3794	183	115	4	497	488	20	46	0	0	83	0	-68	-3	3	0
6	1	4	0	44	8	up	3	512	465.201965951642	755.827136095838	482.776302831906	580.794157368691	530.634635054152	982.744223616617	539.348747797801	711.184393064616	512	512	82.1793762521281	64.1864305737409	-593.641605869167	688.318250840407	275	78	2	6	151	251	192	9	3	57	3775	174	142	5	521	503	17	37	0	0	62	0	-38	-3	3	0
6	1	4	0	45	9	up	0	512	449.53023652758	620.637780040301	470.21661699617	520.475344425027	514.636667708841	922.021385396694	527.915824397244	691.190395399101	512	512	96.971339348531	72.3865942240133	-593.608079444593	688.240706964094	280	75	1	3	153	248	187	8	2	67	4199	246	152	11	503	517	9	36	0	0	64	0	-100	-3	4	0
6	1	4	0	45	9	up	1	512	460.019593409454	673.035562448579	474.797931526767	539.881793589075	501.641692707581	853.429802659728	521.156827138823	655.677822352494	512	512	94.6810717300451	66.415854376523	-593.806353939481	688.702473673968	282	70	1	4	155	272	173	7	3	57	4259	218	126	5	464	500	12	36	0	0	55	0	-94	-3	2	0
6	1	4	0	45	9	up	2	512	493.081419463521	916.746431292295	485.401900441565	588.688012194439	544.214161879775	1039.43912365146	551.371838523188	736.930700179538	512	512	95.1166661076341	67.874409702547	-593.702052662107	688.461290690604	253	81	8	9	161	257	196	10	1	48	4241	204	161	2	515	515	20	31	0	0	53	0	-43	-3	3	0
6	1	4	0	45	9	up	3	512	514.607250853833	986.748206522544	504.054278362776	630.574575349543	530.614308507262	1114.07902047037	522.182482808487	692.837569788792	512	512	99.8174952563072	69.8232423463528	-593.939367603476	689.010483850112	260	66	5	10	171	277	163	13	3	56	4268	202	129	9	469	495	13	42	0	0	74	0	-87	-3	3	0
6	1	4	0	46	10	up	0	512	510.605218199144	941.66173118777	509.55299078752	644.833231051084	498.37022318697	827.32737504282	520.186207990744	664.249907655318	512	512	113.342773190511	76.3200109534604	-593.393632757613	687.746968287643	267	61	4	9	171	238	188	6	3	77	4684	267	164	5	502	503	7	29	0	0	54	0	-101	-4	3	0
6	1	4	0	46	10	up	1	512	478.215121569138	809.333120783941	481.020362104592	559.553168219557	551.392469112585	1122.00453103854	548.328698001364	753.096868589512	512	512	117.670459575558	78.3161147213231	-594.055302750989	689.280273746701	283	67	3	7	152	256	190	12	4	50	4742	222	150	6	448	525	13	34	0	0	58	0	-84	-4	2	0
6	1	4	0	46	10	up	2	512	483.744058579465	760.460850596509	486.088129516687	568.18909532304	539.578906964151	1032.99344721161	544.9203102463	726.557353338128	512	512	88.2706838972634	61.7586159833063	-593.788058969598	688.661184425878	254	74	2	5	177	251	193	10	4	54	4715	260	138	7	526	486	14	27	0	0	46	0	-124	-3	3	0
6	1	4	0	46	10	up	3	512	477.332675713206	777.901197213922	481.440098191127	562.289033018847	624.117893971959	1680.47903121275	581.010153593795	879.872091725934	512	512	94.950182447501	66.1264970087305	-594.020856119887	689.199152327221	270	72	3	6	161	238	191	24	4	55	4737	222	152	9	514	446	15	29	0	0	56	0	-76	-4	3	0
6	1	4	0	47	11	up	0	512	505.519113564772	974.672819146379	515.503450175689	673.040663648573	527.82203259508	1116.05507758627	524.337204323385	710.024633292104	512	512	116.780010946736	77.0865865566014	-593.724574391724	688.510804626145	257	76	1	10	168	260	166	13	5	68	5190	268	167	7	488	525	17	26	0	0	48	0	-103	-4	2	0
6	1	4	0	47	11	up	1	512	517.160466444463	886.074156146841	528.31914178307	672.461086862146	484.933488775082	790.63645378222	499.091300003682	601.771164512526	512	512	115.414338299373	76.4963553696397	-594.035887198557	689.234114359379	258	55	2	7	190	272	167	6	1	66	5185	287	152	8	415	437	11	44	0	0	76	0	-143	-5	3	0
6	1	4	0	47	11	up	2	512	561.890916302578	1315.09454443876	549.700825027095	782.79556921307	526.046977609773	1007.70563818172	519.691512536019	666.332071930196	512	512	117.504569598652	79.806399446958	-593.634827783035	688.304060113592	260	58	7	17	170	261	182	10	0	59	5145	281	201	5	477	481	11	24	0	0	42	0	-78	-3	4	0
6	1	4	0	47	11	up	3	512	528.139180208211	1012.06262334775	535.118357157597	714.062188877932	535.998307173201	1161.50518590421	522.562126263341	692.116404969553	512	512	122.38014609183	79.1039956681603	-593.479189002326	687.944554422018	254	60	5	10	183	274	165	14	0	59	5156	283	184	9	437	507	9	34	0	0	60	0	-109	-4	3	0
6	1	4	0	48	12	up	0	512	439.817967285702	602.565049311982	458.511597820251	517.698760765759	482.678167216019	897.583678900388	486.395741130446	610.837667780082	512	512	134.811111475426	83.5294304837214	-594.290244810195	689.823039608337	278	81	7	3	143	261	153	9	4	85	5673	288	176	7	381	407	5	48	0	0	77	0	-114	-4	5	0
6	1	4	0	48	12	up	1	512	481.046977609773	825.171266336372	474.399468901294	564.867555388104	543.379313495089	1187.60940940979	523.329018723478	699.697696291086	512	512	120.846068585052	83.348760305828	-593.677356527114	688.401948401793	257	81	4	7	163	240	181	14	3	74	5651	299	186	8	467	447	11	30	0	0	53	0	-125	-4	3	0
6	1	4	0	48	12	up	2	512	475.91220253883	810.815607428429	479.440736569992	579.750180662033	476.727797341953	847.021813710438	481.673102290604	578.574585568289	512	512	128.55344552377	81.4327904242681	-593.809507544289	688.705670724673	272	76	2	7	155	274	150	8	2	78	5693	261	183	7	431	413	6	43	0	0	80	0	-84	-3	3	0
6	1	4	0	48	12	up	3	512	433.379313495089	605.591665370668	449.948426762377	499.23701138019	481.70854376039	816.957069452399	484.043835777702	575.768602745646	512	512	139.580749519137	92.2268632326795	-594.085860965522	689.349369495862	252	104	2	3	151	279	156	7	3	67	5681	265	194	4	450	503	13	40	0	0	72	0	-75	-4	3	0
6	1	4	0	49	13	up	0	512	485.240473114768	863.490996457268	488.348081548894	596.937787828968	574.147310826967	1165.88524906347	575.45709081445	801.122791911226	512	512	151.306541478073	93.4577704710865	-593.971631413172	689.081408427764	269	75	2	8	158	246	212	12	1	41	6171	296	185	4	411	490	13	36	0	0	62	0	-119	-4	3	0
6	1	4	0	49	13	up	1	512	476.574841654773	781.532242671692	479.960677101831	559.858996521279	579.933488775082	1274.76284494165	569.311735556587	792.26036976838	512	512	136.542961126124	83.6505305977876	-594.183265454343	689.575218849942	261	79	1	6	165	264	195	15	1	37	6180	290	177	9	407	421	12	39	0	0	72	0	-111	-4	3	0
6	1	4	0	49	13	up	2	512	488.906104574763	863.367710917851	508.668858649527	667.42295953733	528.254701697591	906.380145792967	559.645793629252	763.598468529339	512	512	131.814748569035	79.1998830816934	-593.865043577068	688.838727806091	277	65	8	8	154	248	198	7	8	51	6128	308	203	17	477	403	14	37	0	0	66	0	-119	-4	4	0
6	1	4	0	49	13	up	3	512	468.714641724457	764.378358167662	476.785988611208	559.932969228503	603.801819324154	1546.40010163945	576.976423358039	854.479619069275	512	512	134.666387775461	90.003522756452	-593.94050460047	689.016242276415	270	79	1	6	156	223	197	21	3	68	6094	313	242	7	454	448	14	31	0	0	53	0	-77	-6	3	0
6	1	4	0	50	14	up	0	512	523.09050977164	1216.21915210457	495.886852181166	644.367308000623	511.632602399463	802.684356077158	536.377666953558	703.094196176708	512	512	126.087947435177	78.9881770658931	-593.996998784548	689.143141349786	259	84	4	16	149	262	193	5	4	48	6646	319	195	8	421	374	18	34	0	0	48	0	-128	-3	3	0
6	1	4	0	50	14	up	1	512	542.620406471329	1212.28301494501	527.075906743266	721.494275251982	540.81700759634	1110.53579726388	531.104627861922	710.687055530502	512	512	143.581825864994	90.8164474303555	-593.515648741763	688.030134669149	260	65	5	15	167	244	188	12	2	66	6543	361	249	15	434	404	8	39	0	0	70	0	-131	-4	4	0
6	1	4	0	50	14	up	2	512	500.70148610696	930.40896126396	507.030503762296	635.536231698891	533.426910966334	1054.87902956007	534.60344358457	728.820964764616	512	512	168.103370018001	104.402865792415	-593.756787107258	688.586550530404	254	76	5	9	168	260	181	11	3	57	6616	300	242	10	386	481	11	37	0	0	60	0	-66	-3	3	0
6	1	4	0	50	14	up	3	512	509.117893971959	1016.40585564394	502.446005595327	630.593048918317	535.394501767274	1098.33712434829	542.578981134391	755.074060043071	512	512	131.542779993065	88.0865681391929	-593.879387904692	688.871948734859	254	78	4	11	165	249	181	12	4	66	6626	304	228	10	471	376	5	35	0	0	63	0	-84	-3	3	0
6	1	4	0	51	15	up	0	512	532.515048255394	1088.20053491122	524.783611403216	694.560573415119	494.233415461338	849.914064534466	503.265490203712	612.103475590232	512	512	154.265837506843	101.324015112444	-593.562585273359	688.135874050331	263	60	2	12	175	252	175	7	3	75	7096	344	231	9	409	383	12	33	0	0	48	0	-115	-5	4	0
6	1	4	0	51	15	up	1	512	507.620406471329	1008.58234851062	497.061949036203	617.289226217585	581.075321499455	1421.77969103644	562.246445106162	835.848276269337	512	512	157.668615536736	97.797273665281	-593.362504428195	687.673469036534	268	71	2	11	160	254	177	19	6	56	7034	398	238	10	414	420	7	30	0	0	54	0	-164	-5	4	0
6	1	4	0	51	15	up	2	512	479.626504435396	783.974813491522	493.620489701124	598.643992591343	488.926431121652	769.114953389096	508.459334942912	636.765883532665	512	512	170.568056800974	107.424498692618	-593.73246339435	688.528422033158	267	73	1	6	165	251	180	5	5	71	7037	355	280	8	403	413	13	27	0	0	42	0	-75	-3	4	0
6	1	4	0	51	15	up	3	512	505.729829996642	968.806739540553	498.286606188403	603.643716370938	528.062165881958	1008.40674532491	526.893837462957	690.7672328249	512	512	160.855674269132	98.4382139787271	-593.90544527601	688.928659279403	271	67	1	10	163	266	181	10	1	54	7065	358	252	5	373	360	11	36	0	0	68	0	-104	-4	4	0
6	1	4	0	52	16	up	0	512	510.278980277895	942.017385964027	506.965055199344	625.528395213191	524.011462790698	1101.23068077198	526.790424105874	722.417081521836	512	512	169.364822588775	106.241135027047	-593.589111188188	688.197014934517	267	62	2	9	172	278	156	13	6	59	7513	389	278	12	358	360	2	34	0	0	63	0	-123	-5	4	0
6	1	4	0	52	16	up	1	512	496.958840320712	889.767721660232	507.815515454939	652.978431967499	501.986111245068	1023.31892307363	507.17148811209	658.075979469609	512	512	176.827175622297	111.234264326657	-593.469398244603	687.92227057485	254	76	2	8	172	292	141	12	4	63	7574	369	239	10	368	389	13	30	0	0	54	0	-134	-5	3	0
6	1	4	0	52	16	up	2	512	533.388403803207	1238.35485599236	505.66506791503	671.236277708502	542.209136881035	1047.1681772431	553.856430586142	772.765438409768	512	512	162.609564179196	97.2523535121908	-594.062482039055	689.295840746682	250	83	2	16	161	229	203	10	4	66	7564	387	235	6	343	322	9	31	0	0	56	0	-160	-4	4	0
6	1	4	0	52	16	up	3	512	480.682232525397	860.754413630889	486.738934953256	581.019499758418	504.405624730082	932.166830326591	512.80607401888	655.09412390832	512	512	174.184758282694	111.729393470793	-593.87119713784	688.851419249993	259	85	1	8	159	264	167	9	5	67	7532	379	269	12	401	378	7	35	0	0	64	0	-118	-3	4	0
6	1	4	0	53	17	up	0	512	548.253628732264	1255.67103978444	545.450780782478	774.627283255132	544.137147553522	1184.00497174734	530.27103661248	720.026745522645	512	512	190.045151271773	122.13394984605	-593.651977307615	688.345110576247	265	62	4	16	165	253	178	14	1	66	8041	367	288	8	333	358	7	35	0	0	62	0	-83	-4	4	0
6	1	4	0	53	17	up	1	512	537.160466444463	1066.02094055621	530.773528511553	693.169230946463	506.6133488179	793.839121998785	522.789369159437	642.006019833567	512	512	184.210645434753	116.334416154919	-593.683622141589	688.416455551467	250	61	2	11	188	263	189	5	4	51	8039	370	284	11	389	363	12	30	0	0	54	0	-100	-4	3	0
6	1	4	0	53	17	up	2	512	540.050083229788	1010.50343546407	549.781830468874	743.302369548203	532.841286176644	1050.78944860528	523.974288475328	675.714549174969	512	512	173.498501755674	112.743426216321	-593.7043079248	688.466234931867	225	67	2	9	209	267	178	11	3	53	8075	379	244	6	371	362	10	28	0	0	50	0	-131	-5	3	0
6	1	4	0	53	17	up	3	512	547.581899308203	1181.31760507892	547.053052865532	765.948548444575	497.197900642264	840.217381006005	514.059951098171	647.740637192579	512	512	183.022375164004	112.667604633771	-593.696263290567	688.445891356943	270	52	3	14	173	285	165	7	3	52	8048	405	243	8	363	356	6	27	0	0	50	0	-166	-4	3	0
6	1	4	0	54	18	up	0	512	489.347863985392	1016.82403047582	476.40820537256	601.269639836735	491.305291512887	903.577022819874	485.703306250843	592.04244840609	512	512	184.962993147896	119.150638728668	-593.908112589346	688.936161731322	259	93	4	12	144	279	152	9	5	67	8506	432	265	13	342	328	6	40	0	0	70	0	-189	-4	3	0
6	1	4	0	54	18	up	1	512	486.478573746957	941.033346509531	471.539214762857	555.157089568876	505.815934631014	1039.07059329129	495.361042096713	631.151820947706	512	512	193.537122759999	121.524924101044	-593.676306936513	688.398696406534	262	87	0	10	153	273	152	12	2	73	8494	412	304	6	375	350	7	41	0	0	74	0	-108	-5	3	0
6	1	4	0	54	18	up	2	512	461.987184210394	790.631128091472	461.486026176672	530.92857212367	545.499859983209	1259.50164370708	517.808113231797	702.69510212589	512	512	185.918080093174	120.238334443543	-593.573144105483	688.162522943351	267	90	0	7	148	246	170	16	4	76	8510	413	285	8	326	325	7	36	0	0	62	0	-136	-4	3	0
6	1	4	0	54	18	up	3	512	472.25673435228	708.149543523006	482.178093790638	567.129669257789	493.723732032575	1018.82447118462	482.543385131584	597.793123640097	512	512	185.592860246844	114.218249011672	-594.179603593959	689.566549630756	245	83	5	4	175	272	143	12	3	82	8525	435	246	10	324	333	9	34	0	0	60	0	-197	-5	3	0
6	1	4	0	55	19	up	0	512	514.521146219461	990.621823626482	509.98140587077	651.241782007913	527.218227189153	978.802760766311	549.156911400765	757.474028361947	512	512	192.550201528524	124.74071289044	-593.606531197086	688.238050617006	254	71	2	10	175	247	191	9	3	62	8955	487	272	14	334	329	12	27	0	0	50	0	-231	-5	4	0
6	1	4	0	55	19	up	1	512	457.380273184451	777.556622132904	469.183361011088	547.01125485263	543.734968271346	1011.33403112333	550.249780469301	725.056741795901	512	512	199.173185297078	127.095566363783	-593.635374134275	688.30528311185	274	87	5	7	139	236	207	9	3	57	8969	454	295	10	308	320	9	33	0	0	58	0	-175	-5	3	0
6	1	4	0	55	19	up	2	512	499.329683369155	862.44178443099	501.854396270145	613.933878537918	546.325618059777	1044.72338222085	563.445299444681	778.288406160022	512	512	211.133082444729	138.925820677774	-593.518914599592	688.035136559849	243	77	3	7	182	249	198	10	5	50	8967	425	327	9	315	344	12	35	0	0	57	0	-96	-4	5	0
6	1	4	0	55	19	up	3	512	502.399526766015	961.018267381624	496.475835889492	606.301556519708	515.241546080094	852.900768900178	540.268501048345	691.790134131792	512	512	200.296942604983	122.223055245053	-594.099241409047	689.380183721874	277	66	0	10	159	244	198	6	3	61	8963	439	312	14	306	307	11	34	0	0	61	0	-147	-5	5	0
6	1	4	0	56	20	up	0	512	515.921292846948	1089.04221026572	508.466878284081	667.650805957515	515.336741022584	878.579695994461	524.587249283285	668.208503078635	512	512	209.209131979178	138.847817294316	-593.330740808262	687.599197954215	278	66	3	13	152	268	185	7	2	50	9452	444	325	19	350	306	5	32	0	0	64	0	-125	-5	6	0
6	1	4	0	56	20	up	1	512	529.866637722274	1052.0293636036	527.03887343267	709.418662795474	506.958840320712	942.685682335238	510.309577589291	643.321897025649	512	512	214.443355624147	143.478871709261	-593.82776986847	688.750903237366	253	64	3	11	181	254	175	9	1	73	9461	460	310	9	311	301	11	31	0	0	58	0	-160	-6	4	0
6	1	4	0	56	20	up	2	512	517.179720026027	961.085684814249	531.49528370023	728.810384808116	516.162499099152	997.353533865966	517.972008936218	678.264879470836	512	512	219.550194243513	148.309113633626	-593.854259371391	688.812290086361	245	69	7	9	182	243	179	10	4	76	9461	464	309	6	305	348	6	32	0	0	52	0	-163	-5	4	0
6	1	4	0	56	20	up	3	512	450.231382806649	593.182354294981	474.680298495237	540.512047999385	561.037887301654	1218.93579974289	548.727041752085	760.768455394203	512	512	209.243012818269	131.345443962734	-594.263159278929	689.760862565176	263	81	2	2	164	235	195	14	4	64	9490	445	291	14	276	273	8	33	0	0	62	0	-166	-5	3	0
6	1	4	0	57	21	up	0	512	512.092542426329	1015.16594064562	512.488430164522	669.175621070989	483.349896640081	860.770819016877	496.711356107391	618.594240849549	512	512	232.670509923881	156.218277459605	-593.346773150102	687.635929286464	268	67	4	11	162	268	157	8	2	77	9965	428	354	5	299	258	8	23	0	0	42	0	-76	-6	3	0
6	1	4	0	57	21	up	1	512	487.543392145076	862.00850981278	487.452283815335	576.931621035583	504.991249519772	862.118940426708	517.619319734371	659.444101724737	512	512	225.589297835145	148.870006461534	-594.264015026438	689.762434145771	280	66	3	8	155	261	177	7	7	60	9980	457	307	8	271	270	4	42	0	0	74	0	-154	-4	4	0
6	1	4	0	57	21	up	2	512	494.184745024767	913.740220052264	498.116075761112	628.570238707936	533.830163213836	1058.20586060197	524.638095367805	683.313590967502	512	512	226.706244328345	149.210346669517	-593.597908198976	688.217720595354	269	72	3	9	159	252	183	11	5	61	9916	492	331	13	321	309	7	28	0	0	48	0	-171	-5	3	0
6	1	4	0	57	21	up	3	512	511.737960615398	1022.1504249406	503.268487702431	638.010281540365	536.276947623206	1092.71361638863	531.115234825268	701.44652605111	512	512	227.55731402344	156.657443619582	-593.126464550628	687.128072875907	255	77	0	11	169	266	176	12	3	55	9907	492	338	15	304	349	8	37	0	0	74	0	-164	-5	5	0
6	1	4	0	58	22	up	0	512	525.354921638821	1138.79786338931	513.545747886927	661.638584583898	530.05810057258	1119.34687365377	525.919796012581	713.358074123697	512	512	238.668781712119	158.412510987893	-593.930487569408	688.989949229051	284	60	1	14	153	260	167	13	6	66	10423	470	360	11	275	281	8	27	0	0	48	0	-116	-5	4	0
6	1	4	0	58	22	up	1	512	502.572809000084	932.228473096299	511.212711000309	659.864779060291	552.649823326337	1200.47415449417	538.130703489168	730.392273502628	512	512	245.979474877359	165.108753500675	-593.695781848238	688.44450593045	260	72	2	9	169	248	186	14	1	63	10367	505	370	22	260	280	9	30	0	0	46	0	-135	-6	4	0
6	1	4	0	58	22	up	2	512	551.401559420704	1262.72336982579	523.555583682642	699.67441762757	540.518040599446	1236.49808498321	528.116326443775	726.469831146581	512	512	232.628616107643	152.877546204017	-594.194158246504	689.602177426163	262	62	3	16	169	278	154	16	5	59	10444	472	341	7	256	243	6	37	0	0	66	0	-129	-4	5	0
6	1	4	0	58	22	up	3	512	531.920333157586	1091.6404490832	531.829674624851	718.311985600699	525.001412793217	976.438238102177	519.387559543564	658.891654476587	512	512	240.367952686169	161.710038101796	-594.054696240334	689.276806865343	252	67	3	12	178	246	191	9	1	65	10485	457	313	9	243	281	7	38	0	0	62	0	-146	-4	3	0
6	1	4	0	59	23	up	0	512	528.072329155403	979.781474530058	545.656297486556	735.111647308222	531.469483438838	1056.93313483167	524.152189130548	682.684306628583	512	512	247.792847985246	163.530169093275	-593.761308947375	688.595968154497	247	61	4	9	191	248	184	11	3	66	10839	535	392	10	248	255	1	29	0	0	52	0	-151	-5	4	0
6	1	4	0	59	23	up	1	512	534.9051448854	1024.71983176035	541.712884267176	718.684930506215	497.08345211821	924.804082892706	499.762879190118	617.985276913556	512	512	242.93798423538	163.58792895878	-593.782683898143	688.645559404787	251	57	5	10	189	254	166	9	4	79	10905	534	329	8	228	225	8	47	0	0	82	0	-213	-4	4	0
6	1	4	0	59	23	up	2	512	611.507990601965	1519.1335829775	586.726956967761	885.860488114313	485.32657774914	859.643987148646	490.850359606757	589.526087958844	512	512	244.428980559465	166.366222611291	-594.135815017882	689.465376706241	234	52	2	20	204	279	155	8	1	69	10936	470	355	15	230	208	5	40	0	0	73	0	-137	-5	4	0
6	1	4	0	59	23	up	3	512	560.097680701033	1184.74866375808	552.487179319727	764.666567517882	507.179720026027	908.220939729874	508.725591142135	632.2729707086	512	512	243.802222026255	170.093587667039	-593.838698706163	688.773132302605	229	65	3	13	202	253	181	8	0	70	10922	512	333	9	242	254	8	38	0	0	69	0	-181	-5	5	0
6	1	4	0	60	24	up	0	512	514.693355488204	1094.09409959827	497.290302068412	633.24049715694	479.635594743515	813.474142099112	485.257350546519	586.294441025983	512	512	258.23435060441	176.691298217573	-593.845933487663	688.792123737471	262	77	3	13	157	277	154	7	5	69	11402	526	352	8	196	225	4	37	0	0	64	0	-186	-5	4	0
6	1	4	0	60	24	up	1	512	481.478573746957	858.977914979852	484.670347770339	592.892033471667	467.774435123835	767.220045917221	474.258813077686	557.747960931211	512	512	268.777230237635	189.945569327792	-594.008041491648	689.168894494663	266	80	1	8	157	256	158	6	5	87	11378	498	402	10	213	191	2	40	0	0	74	0	-86	-5	5	0
6	1	4	0	60	24	up	2	512	461.49782732852	717.013835503528	470.278975803684	535.850069755815	459.807804012258	848.192536045884	462.355204750558	559.388167763398	512	512	244.279367244077	168.629535936571	-593.841262648536	688.781114888472	269	81	1	5	156	285	127	9	5	86	11452	500	325	11	261	226	9	43	0	0	70	0	-189	-5	4	0
6	1	4	0	60	24	up	3	512	471.967930628831	768.457736713124	477.490067309088	559.970829438479	485.662978943834	830.689669372851	483.383759330369	573.503195258504	512	512	260.287732648459	184.805076245456	-593.851376151244	688.806631583682	268	76	6	6	156	264	165	7	2	74	11315	574	389	10	249	245	6	29	0	0	46	0	-189	-5	4	0
6	1	4	0	61	25	up	0	512	514.731862651331	910.618273165983	520.473251751809	665.568921108057	543.139180208211	1109.98058402275	533.797723127258	700.283028018364	512	512	252.958513442401	185.785599751293	-593.629175045108	688.290215646386	272	51	4	8	177	254	186	12	2	58	11800	634	355	11	248	226	7	30	0	0	56	0	-289	-5	5	0
6	1	4	0	61	25	up	1	512	542.448197202586	1145.89277829821	524.563249241191	689.410731975775	569.761279506339	1340.70519747293	559.912425779367	814.579952686742	512	512	249.122062234202	168.690061327531	-593.718716711449	688.496612532774	252	64	1	13	182	232	186	17	7	70	11818	621	350	11	233	182	5	33	0	0	58	0	-281	-5	4	0
6	1	4	0	61	25	up	2	512	519.137147553522	1033.16905039732	525.906083947249	703.182175501794	544.424878311645	1107.65729930967	545.963095235509	748.408620762786	512	512	273.16096307475	190.728918893781	-593.915684930027	688.952934832425	253	71	5	11	172	259	182	12	7	52	11853	545	388	14	180	211	7	38	0	0	68	0	-157	-5	5	0
6	1	4	0	61	25	up	3	512	522.697420797582	1073.10075567879	511.953081266684	650.513961700823	564.684265180086	1292.07592724541	549.731408810828	776.550978892956	512	512	269.938836136807	190.421736313046	-593.42000122512	687.806447086915	260	69	2	12	169	248	185	16	1	62	11806	587	394	13	213	224	10	32	0	0	50	0	-208	-5	4	0
6	1	4	0	62	26	up	0	512	475.75924685165	782.381467919362	495.419163829091	602.676853302524	525.010503101335	1043.01960603476	514.611650653078	667.481120337352	512	512	277.26785251646	197.818865516863	-593.925390231828	688.977948599661	255	83	2	6	166	256	177	11	2	66	12253	635	408	16	161	176	7	27	0	0	50	0	-251	-7	4	0
6	1	4	0	62	26	up	1	512	546.123991936026	1043.0599666999	551.775309029868	743.53584636793	496.306364478214	853.370384092438	494.537422339729	603.318667586589	512	512	284.047525918316	206.658784923657	-593.895808816364	688.909274109094	253	48	4	10	197	250	176	7	5	74	12336	560	403	13	207	215	1	39	0	0	69	0	-167	-5	5	0
6	1	4	0	62	26	up	2	512	499.626504435396	926.839558575898	506.610899193569	642.620012883911	484.242505769457	826.54864805768	494.318650914096	594.476373943314	512	512	269.583563053965	192.88046179953	-593.667907894894	688.38521337754	259	74	4	9	166	270	163	7	0	72	12256	625	412	19	205	206	8	26	0	0	51	0	-219	-6	4	0
6	1	4	0	62	26	up	3	512	507.716674379146	864.943773818111	513.162892436684	646.068139927648	533.906104574763	1120.03955361788	513.940706012069	648.340330309455	512	512	271.194993439349	195.926508078154	-593.767221038105	688.60996232063	271	54	1	7	179	277	166	13	2	54	12286	594	416	16	188	169	7	40	0	0	58	0	-190	-6	4	0
6	1	4	0	63	27	up	0	512	540.164531753841	1185.33136208043	529.130047767162	722.70743393217	486.958840320712	799.794329455547	499.763038612071	611.979149839323	512	512	274.948859177517	199.893487630451	-593.736577033558	688.539316519105	232	81	4	14	181	258	173	6	2	73	12778	634	394	18	165	165	6	35	0	0	62	0	-248	-6	6	0
6	1	4	0	63	27	up	1	512	504.837220867266	1003.02891049975	504.362723836841	634.978573124323	503.685224869449	921.639551138865	502.264343471931	617.771528822405	512	512	288.584839822996	208.217838875435	-593.921114244889	688.965455225622	269	72	3	11	157	286	159	9	4	54	12841	568	395	20	157	168	5	35	0	0	60	0	-189	-7	5	0
6	1	4	0	63	27	up	2	512	523.437074239779	973.362405885528	521.456262348057	660.673068905316	540.433008930401	1108.10963183003	526.687355997161	689.155794536429	512	512	294.171213189082	215.385811123933	-593.841986344891	688.78465528568	245	66	3	9	189	247	186	12	3	64	12774	582	453	15	166	158	4	38	0	0	66	0	-147	-4	5	0
6	1	4	0	63	27	up	3	512	505.317487441021	898.87193277076	516.166112169279	654.557015881039	508.071256190077	969.178799702798	505.046011448258	635.394400172105	512	512	287.290631102781	208.949696366384	-593.668072141857	688.381051925958	265	63	2	8	174	280	162	10	0	60	12833	585	397	9	197	178	4	43	0	0	74	0	-198	-5	3	0
6	1	4	0	64	28	up	0	512	539.617414127277	1071.90342554802	537.008470289536	716.139387144737	481.056067917891	891.752634268955	493.372255813671	640.57867968484	512	512	300.589536526218	224.801733079258	-593.927609198427	688.985430820171	245	62	3	11	191	267	149	9	5	82	13253	636	434	13	144	149	3	36	0	0	66	0	-216	-6	5	0
6	1	4	0	64	28	up	1	512	528.167524097893	1042.54244094933	518.582289954848	663.088065284335	482.812942286962	755.79965101461	494.894598080209	587.718833312219	512	512	314.43473903852	244.147563270719	-594.06711953201	689.304469876025	271	55	0	11	175	262	174	5	1	70	13277	569	476	14	137	157	1	35	0	0	58	0	-105	-5	5	0
6	1	4	0	64	28	up	2	512	528.56061307195	1111.54997431576	524.031031293856	692.121388232498	497.457287510705	844.662616737052	503.713761660906	619.318745334273	512	512	314.844590907777	245.327687174912	-593.801875494093	688.692588279202	278	58	0	13	163	278	169	7	1	57	13305	552	462	17	140	185	5	34	0	0	60	0	-92	-5	4	0
6	1	4	0	64	28	up	3	512	498.254701697591	821.81695021325	510.140395466695	623.769215800938	496.545424799765	915.039553617876	495.241903564471	601.064961996994	512	512	298.190221892528	227.198661055939	-593.752340224618	688.576983147479	252	69	1	6	184	277	159	9	1	66	13274	629	422	11	146	160	3	39	0	0	66	0	-213	-6	4	0
6	1	4	0	65	29	up	0	512	573.964938284779	1239.25997000525	562.664341016817	780.35138729074	452.197900642264	657.709616955967	462.164305628205	507.563432770444	512	512	311.703519097407	240.659782880002	-594.001039449033	689.154454365685	241	52	1	14	204	285	147	4	3	73	13818	579	438	13	164	128	2	45	0	0	76	0	-151	-6	5	0
6	1	4	0	65	29	up	1	512	567.649823326337	1187.17260498951	572.885447946998	805.040769535177	484.20399860633	861.749532780625	490.269100246971	607.735251345696	512	512	315.500466018268	247.732367531393	-593.484436222569	687.95391988946	252	45	3	13	199	268	157	8	3	76	13731	645	460	12	121	147	9	34	0	0	58	0	-193	-6	6	0
6	1	4	0	65	29	up	2	512	550.145278172278	1014.96285237869	560.581161712243	751.091760270532	479.165491443204	889.059064623879	487.619518648874	621.265343411765	512	512	299.274146733076	220.668501374059	-593.549726983672	688.105503872017	253	42	2	9	206	270	149	9	1	83	13623	720	487	18	154	111	1	27	0	0	52	0	-241	-7	4	0
6	1	4	0	65	29	up	3	512	602.285078241961	1426.45641871841	585.887508709211	863.461969710727	535.585964617581	1202.73667372345	516.311120810463	698.740665509933	512	512	304.219265954119	227.081808456319	-594.105452429873	689.395785468832	246	43	3	18	202	256	164	15	4	73	13810	615	411	12	135	125	5	35	0	0	66	0	-208	-5	5	0
6	1	4	0	66	30	up	0	512	513.340806331962	804.668391399969	532.645064255274	667.604343900912	474.165491443204	881.087888358242	468.726350346742	567.507706765333	512	512	320.98871108563	245.303320773048	-593.781509689115	688.64352182367	266	45	2	5	194	262	144	9	8	89	14263	673	415	9	110	125	3	40	0	0	67	0	-260	-6	6	0
6	1	4	0	66	30	up	1	512	509.512055911343	879.040455693899	528.096215518581	689.656120876082	462.457287510705	752.128244891699	469.628276764944	556.538769670098	512	512	323.139019265961	251.902873074583	-594.067928568496	689.307638352672	244	69	3	7	189	274	150	6	1	81	14239	649	463	9	102	116	5	40	0	0	62	0	-184	-6	5	0
6	1	4	0	66	30	up	2	512	557.918300502897	1242.31007171249	555.667011423369	791.945879549803	494.875728030392	1026.10296748615	472.935521511379	576.783904038913	512	512	318.52666453878	244.941162369933	-593.874299548839	688.858979203818	247	61	8	15	181	263	149	12	0	88	14250	652	440	18	122	128	3	31	0	0	54	0	-216	-7	6	0
6	1	4	0	66	30	up	3	512	532.78459839728	952.827597463062	545.840137766916	725.423018610747	473.186777679456	845.099421157335	467.786810105923	543.514435522136	512	512	309.884913398094	241.822794737358	-593.660601938249	688.363855033402	245	55	4	8	200	266	151	8	1	86	14108	765	468	19	129	143	3	29	0	0	48	0	-323	-6	5	0
6	1	4	0	67	31	up	0	512	578.196940952901	1316.46307066724	568.662903840791	810.161829663035	481.056067917891	854.670594943961	490.370091894812	608.000191093885	512	512	340.441125060941	277.238287459958	-594.081793687117	689.340303004336	243	55	2	16	196	267	152	8	8	77	14725	642	496	9	88	103	2	42	0	0	74	0	-160	-5	6	0
6	1	4	0	67	31	up	1	512	572.72683765259	1235.85509080766	564.488688147788	769.615893019939	463.502852327261	746.286997850938	478.256189744112	570.906303061914	512	512	334.708855424421	270.438542218242	-594.075660756875	689.32621579191	244	51	1	14	202	285	143	6	7	71	14692	694	470	16	99	91	3	34	0	0	62	0	-249	-7	4	0
6	1	4	0	67	31	up	2	512	561.450229857275	1288.87060651268	562.062232674965	812.045394118594	489.789623396021	947.867937469778	489.737997142423	610.910650136226	512	512	337.798707721338	268.18186105284	-593.804303252747	688.696275723778	241	68	3	16	184	253	155	10	6	88	14646	681	531	14	95	88	2	30	0	0	54	0	-166	-8	5	0
6	1	4	0	67	31	up	3	512	546.709616725716	1010.09411612501	562.765374704451	771.747809159429	516.526171218202	1019.94820156452	506.078757248281	638.860906435672	512	512	329.67452794906	257.762261927589	-594.24431724121	689.717226531687	250	46	3	9	204	278	164	11	0	59	14720	666	475	11	91	72	1	35	0	0	68	0	-194	-6	5	0
6	1	4	0	68	32	up	0	512	571.671109562589	1196.10431440266	587.462392455126	861.01999902562	454.616341161951	772.957065320714	451.194671915254	496.328367722196	512	512	335.335005478416	268.886054019648	-594.115253853093	689.417465853313	244	46	6	13	203	278	138	7	1	88	15216	687	467	14	72	90	2	36	0	0	66	0	-240	-6	5	0
6	1	4	0	68	32	up	1	512	556.306364478214	1096.71406949249	571.804393588483	797.199622143477	459.491729364453	782.867488497609	462.275089696232	536.424911952422	512	512	350.391252353659	291.954150816985	-593.76625868687	688.609046865569	250	46	5	11	200	270	142	7	5	88	15180	674	517	13	68	65	1	40	0	0	72	0	-163	-5	7	0
6	1	4	0	68	32	up	2	512	510.797754014776	913.799210305812	534.193636069629	697.196569454127	470.557620727899	772.773483928094	474.515056220385	571.046739866118	512	512	346.636324602648	285.510541335035	-593.883067696249	688.879562129995	249	68	5	8	182	255	161	6	4	86	15230	680	463	11	64	92	4	43	0	0	72	0	-227	-6	5	0
6	1	4	0	68	32	up	3	512	581.067304156662	1185.90742911238	596.542535379213	876.748008563081	442.034781681639	679.093650626104	448.857375519161	500.930958506096	512	512	350.001379394886	286.451955613724	-593.684305042912	688.418573039003	227	48	1	12	224	279	137	5	3	88	15235	637	495	17	92	94	2	30	0	0	58	0	-156	-5	4	0
6	1	4	0	69	33	up	0	512	566.958840320712	1186.00275993997	573.201457377916	811.957605394071	446.814974941651	626.296322974353	454.679448712047	502.225553266706	512	512	350.215302846712	284.537214843495	-593.970168605455	689.080976432467	250	46	5	13	198	255	159	3	3	92	15663	722	493	18	49	59	0	44	0	0	78	0	-237	-6	3	0
6	1	4	0	69	33	up	1	512	570.039919956343	1197.82937269331	574.987078652397	821.411430640648	470.422845656956	840.446648754514	469.037524527736	575.312666764791	512	512	354.197790474945	293.459463395461	-593.914707064113	688.951844829898	236	53	4	13	206	262	148	8	5	89	15685	697	498	16	70	64	4	40	0	0	74	0	-203	-6	5	0
6	1	4	0	69	33	up	2	512	584.713682035094	1259.02094881958	584.216792512948	835.610752478144	461.075321499454	823.926025647303	460.614498049431	547.111666431651	512	512	351.244508751247	292.871250414826	-593.566957381719	688.146234103181	236	47	2	14	213	266	141	8	3	94	15560	765	552	19	65	57	1	33	0	0	55	0	-239	-6	4	0
6	1	4	0	69	33	up	3	512	623.331716023844	1505.3819251549	614.20684372717	947.367491194809	426.449156891949	688.279011380658	432.0189545764	478.33841593476	512	512	330.682224600651	259.258456896281	-593.857282258599	688.820090775723	224	44	7	19	218	278	120	6	5	103	15656	794	422	24	59	59	2	35	0	0	61	0	-400	-6	4	0
6	1	4	0	70	34	up	0	512	634.731862651331	1693.77570399883	613.484720015563	977.662072942944	445.221219533205	725.055959003864	443.639718390061	483.870283290793	512	512	363.664087088747	308.402081668652	-594.014954678515	689.187619227719	244	42	8	24	194	270	139	6	1	96	16213	700	473	22	34	36	2	46	0	0	78	0	-246	-6	5	0
6	1	4	0	70	34	up	1	512	592.812942286962	1300.76196352406	593.887028665187	862.412390697712	428.291062930065	754.851952134163	428.244116917796	469.650593267954	512	512	368.447627061065	311.324480787632	-594.047231036808	689.260363916432	254	34	1	15	208	300	106	8	1	97	16150	739	501	18	46	44	0	36	0	0	68	0	-246	-6	4	0
6	1	4	0	70	34	up	2	512	625.510023256654	1543.00054813261	620.739608922373	988.962930793077	419.011462790698	638.32379979221	429.89871221026	470.410422328659	512	512	367.170882368824	317.421241126348	-593.939034360035	689.008993111404	231	43	4	20	214	282	118	5	5	102	16079	783	526	20	37	41	2	35	0	0	60	0	-249	-6	7	0
6	1	4	0	70	34	up	3	512	512.391509423222	852.121613601295	550.330180683771	742.386072863301	474.43504158509	782.796990235079	478.470215847443	576.356370844058	512	512	361.352653193322	307.099790976419	-593.690036321319	688.432291010555	234	69	4	6	199	244	166	6	7	89	16115	781	496	16	46	49	1	41	0	0	68	0	-309	-7	4	0
6	1	4	0	71	35	up	0	512	633.408730350097	1524.92694011838	635.541999424471	1006.58600153852	428.03274902695	618.144646146001	431.523569640832	455.941633595375	512	512	370.490341095858	314.075828000831	-594.082688263044	689.342795971055	220	40	5	19	228	282	130	4	4	92	16614	756	526	24	13	20	0	36	0	0	62	0	-258	-8	6	0
6	1	4	0	71	35	up	1	512	606.393542077911	1299.30565636114	619.531335334211	915.273066207365	410.834115247251	613.996074937664	420.435668625678	430.771995396498	512	512	396.802045526918	356.289600980212	-593.774115577199	688.627468084188	227	37	2	14	232	309	104	5	2	92	16574	724	602	20	16	23	0	42	0	0	76	0	-118	-7	5	0
6	1	4	0	71	35	up	2	512	647.25673435228	1615.56640449186	638.928846629564	1006.60814719222	431.056067917891	590.13400715956	436.330509782224	450.858176733855	512	512	363.322715934511	310.844112600709	-593.959648951978	689.05993891102	229	32	5	21	225	275	139	3	5	90	16505	854	543	18	16	12	0	37	0	0	70	0	-331	-7	7	0
6	1	4	0	71	35	up	3	512	628.69646110822	1514.79877786038	633.024498231046	1010.97591232871	469.290103240702	908.25950450634	449.391697154333	510.764916069627	512	512	375.587994167607	326.933408818024	-593.759206700452	688.591562735461	222	41	8	19	222	270	137	10	1	94	16560	805	527	28	17	21	0	36	0	0	66	0	-306	-8	5	0
# final_twist	35
# forced_steps	0
# sweeps_total	178912
# completion	PASS
