# format	twist_snake_sector_blocks_v2
# status	NON-CANONICAL floating-point engineering diagnostic
# L	8
# k	2
# chain	1
# kind	5
# kind_name	classMinus
# base	0
# restriction	1
# schedule	up_only
# seed	202609308251
# seam_size	64
# start_twist	1
# chain_initial	hot1CM
# warmup_sweeps	512
# dwell_sweeps	16384
# dwell_long_sweeps	32768
# visit_sweeps	2048
# equilibration_sweeps	32
# post_forcing_sweeps	512
# block_length	512
# segments	64
# seam_order	x2_fastest_then_x3
# class_rule	class0_if_2W_ge_minus_n_else_classMinus
# action_density	minus_sum_logW_divided_by_6L4
# sampling	every_production_sweep_after_full_heatbath_sweep
L	k	chain	kind	segment	n	phase	block	count	sumFn	sumFn2	sumFi	sumFi2	sumBn	sumBn2	sumBi	sumBi2	sumPFi	sumPFi2	sumY	sumY2	sumS	sumS2	hF0	hF1	hF2	hF3	hF4	hB0	hB1	hB2	hB3	hB4	sec0	secMinus	secPlus	secOther	untMinus	untPlus	untOther	pure0	pureMinus	purePlus	flips	classMinus	sumW	minW	maxW	forced
8	2	1	5	0	1	up	0	512	99.7359979691043	559.390298019268	97.9675981578949	227.737913599791	0	0	0	0	179.018622055649	129.199381697617	-16.9762712660299	52.3504345694992	-593.822591851054	688.726915177621	25	140	7	2	8	0	0	0	0	0	0	489	0	23	1930	1985	129	0	0	0	0	512	-535	-2	-1	0
8	2	1	5	0	1	up	1	512	93.033115595668	452.812832167325	94.4651470688977	130.320539766052	0	0	0	0	190.103591269637	137.67983713808	-20.7306599577144	57.7962763714247	-593.924146059434	688.962569527358	30	142	7	1	11	0	0	0	0	0	0	483	0	29	1921	1964	118	0	0	0	0	512	-541	-2	-1	0
8	2	1	5	0	1	up	2	512	83.9163378566032	364.65470988645	92.0625708789698	110.408013784785	0	0	0	0	191.120013638408	138.604181549963	-22.8830052766784	49.1510832974017	-593.66651838962	688.365204418734	29	133	5	1	17	0	0	0	0	0	0	487	0	25	2027	2041	112	0	0	0	0	512	-537	-2	-1	0
8	2	1	5	0	1	up	3	512	82.6217327294099	464.931119448829	85.669548661375	162.276021622518	0	0	0	0	164.510848807857	117.522376901218	-35.6289551346538	51.907870503031	-593.855208454355	688.802634139558	26	116	5	2	8	0	0	0	0	0	0	485	0	27	2008	1898	115	0	0	0	0	512	-539	-2	-1	0
8	2	1	5	1	2	up	0	512	230.983005625053	1124.25668087062	220.721533788014	292.349531334505	971.656471143481	6575.92516307972	975.897875233917	3685.8743302536	494.022291218299	489.593353315555	-54.5326885288389	65.0697449849667	-593.531426466313	688.052169485833	252	161	6	7	69	91	39	12	111	257	36	915	0	73	2053	1985	112	0	0	0	0	512	-1064	-4	-2	0
8	2	1	5	1	2	up	1	512	220.364971636303	936.211116054068	222.678784495049	303.875566293411	811.203108925363	5278.81602274431	842.051624348384	2931.6987436899	498.983762241744	496.629973054524	-59.3048677331103	55.2978844167419	-593.6991128895	688.440655769048	256	160	9	4	69	73	42	7	95	259	51	869	0	104	2067	1956	107	0	0	0	0	512	-1081	-5	-2	0
8	2	1	5	1	2	up	2	512	212.184631748804	730.776527572832	216.056714577728	261.409100537409	938.491799372849	6772.32299386261	926.45549085659	3481.29096878303	493.514978685546	488.537232442265	-71.8738738599891	66.3797934262382	-593.604857091282	688.221244424661	240	162	9	2	83	61	79	28	77	224	72	827	0	125	2135	1911	129	0	0	0	0	512	-1080	-4	-2	0
8	2	1	5	1	2	up	3	512	193.237847339434	708.463615183025	215.607513534389	248.268219238992	852.685591438167	5814.50562127571	867.607224415608	3128.26039666112	491.525628799603	488.277289720828	-54.8215636300073	53.0771551124388	-593.603792717783	688.22009970301	230	178	4	4	76	82	61	16	85	231	68	835	0	121	1971	1992	111	0	0	0	0	512	-1080	-4	-2	0
8	2	1	5	2	3	up	0	512	125.842132590043	599.593928478718	127.791782118711	181.621120870126	620.581079635631	4706.2886338095	588.584545953868	2361.59689283608	260.604077032157	224.1360295207	-40.2409026293648	51.9999019753209	-593.531574653339	688.052003312825	84	138	5	3	32	62	83	28	33	84	430	994	3	109	1914	2006	118	0	0	0	0	512	-1210	-5	-2	0
8	2	1	5	2	3	up	1	512	112.096677744102	586.441847523928	120.665129509063	198.226300822599	453.042572472504	3249.77804732936	477.766831993468	1934.81501750508	247.63835230069	210.500355353897	-67.1755453375159	64.4972828127231	-593.46012372403	687.886839806397	93	127	5	3	19	40	84	19	23	59	448	982	2	104	2054	1907	114	0	0	0	0	512	-1196	-5	-2	0
8	2	1	5	2	3	up	2	512	100.14457177567	355.673032097641	114.167398565974	142.525915019371	605.586401194694	4473.49232090693	639.062670904289	2635.10755252103	260.460783701063	221.993806932024	-36.6507260760681	52.6912539125238	-593.682078134915	688.400488255645	90	141	7	0	23	43	101	27	30	83	433	1008	1	94	1910	1980	117	0	0	0	0	512	-1197	-7	-2	0
8	2	1	5	2	3	up	3	512	138.881599442532	775.228843566452	125.718911795696	243.880264266088	682.676274578121	5181.2851883616	713.860090523903	2898.331038033	228.890874985546	193.151769529012	-50.5305628467892	54.1634324093243	-593.49762322891	687.973154581867	80	106	4	5	36	66	151	39	16	50	490	924	4	118	2032	1914	114	0	0	0	0	512	-1157	-4	-2	0
8	2	1	5	3	4	up	0	512	258.136737717236	1291.71551961317	244.313070498164	428.528530497914	980.926684414407	7090.05228579842	1012.65403695011	3966.40879526226	501.186322125009	500.284458879234	-77.011072896491	64.7578804900408	-593.477953938793	687.927814539737	255	151	7	8	80	94	99	32	74	210	391	1529	3	125	1970	1948	124	0	0	0	0	512	-1778	-6	-3	1
8	2	1	5	3	4	up	1	512	202.868740385358	505.545286361137	235.115042340754	279.062532010683	1040.17280238939	7354.22189603266	1035.76797696086	3978.24195589012	491.364642439731	488.208551921846	-54.1072175011504	55.5835486144373	-593.486087598057	687.946633147024	241	132	6	1	109	102	145	34	74	152	542	1297	2	207	1901	1966	110	0	0	0	0	512	-1711	-6	-3	1
8	2	1	5	3	4	up	2	512	202.592908995047	701.171422649652	219.966080633905	261.311042053981	1072.8283838519	7667.19197259214	1091.42565678035	4320.58282718585	494.018325884706	490.930174590295	-69.309123052861	61.8045764015308	-593.731225855721	688.514542588838	264	136	6	3	85	78	97	30	91	209	450	1473	1	124	1881	1860	103	0	0	0	0	512	-1730	-6	-3	1
8	2	1	5	3	4	up	3	512	237.343388839728	936.168175434683	234.120548393675	292.579923863212	954.971472825959	6634.17969170704	973.960572261955	3729.40498602097	497.826090455115	496.050890099705	-62.3114509971621	53.820103955384	-593.376017478519	687.691685777832	267	119	6	5	101	91	114	26	78	174	476	1419	6	147	1974	1883	110	0	0	0	0	512	-1721	-7	-3	1
8	2	1	5	4	5	up	0	512	114.255731395349	409.645393026405	116.408510989955	105.185852722938	679.75890702376	4898.1063179053	696.289117578627	2568.02405184589	276.628965856232	247.522344204151	-60.5551330916418	53.9798570077358	-593.672394286915	688.378849830852	109	112	3	2	46	76	149	33	24	92	853	1581	11	115	1983	1859	103	0	0	0	0	512	-1807	-7	-3	0
8	2	1	5	4	5	up	1	512	166.584778376291	858.329403335573	149.853514101265	239.225902180376	637.249520155319	4661.98771911489	653.934026247623	2531.24944393519	289.981368827178	255.279871510539	-46.6476531760921	51.0582779377224	-593.524860501402	688.035990681337	108	134	8	4	40	61	117	29	29	82	869	1556	11	124	1811	1998	106	0	0	0	0	512	-1802	-7	-3	0
8	2	1	5	4	5	up	2	512	135.542205903786	491.949356703048	142.230273804705	195.656364901803	687.931116292503	4755.42227927714	736.363267649403	2812.61973784057	280.945618769852	253.059233821288	-73.5889562103386	62.3531771016714	-593.722167994896	688.494064535438	108	115	7	1	50	68	148	27	35	74	830	1568	14	148	1926	1889	111	0	0	0	0	512	-1850	-7	-3	0
8	2	1	5	4	5	up	3	512	162.412569107548	814.314441615314	151.850286293912	249.424316243244	443.790836378138	3298.61114624927	453.436926007871	1789.05252195015	294.588939899083	257.081030295191	-49.0669075472625	52.851196283307	-593.603949900118	688.21976429637	96	158	12	2	27	34	54	18	27	89	959	1404	10	187	1800	1928	103	0	0	0	0	512	-1774	-6	-3	0
8	2	1	5	5	6	up	0	512	221.457654079422	761.092432306692	224.059612144059	228.413866293049	934.149003653765	6627.73869375283	933.465500869215	3590.94104015557	495.938855298603	493.526280289296	-76.1273477587122	55.9139013023086	-593.523220727744	688.032479156665	246	141	7	3	98	108	139	33	61	145	1045	1769	9	249	1762	1829	105	0	0	0	0	512	-2261	-8	-4	0
8	2	1	5	5	6	up	1	512	250.385961312232	1087.10143765784	251.787764195459	415.363982847983	1017.87568476282	7446.32818561897	986.779204673099	3801.95750591831	502.239136348144	500.290054155354	-79.7297642896032	61.45199254491	-593.490634680205	687.956515724831	259	136	7	6	95	105	143	40	62	144	970	1870	13	219	1895	1916	92	0	0	0	0	512	-2310	-9	-4	0
8	2	1	5	5	6	up	2	512	233.852775708169	1049.75185252666	239.739562668964	365.381204567303	1116.36378539501	8575.28558482747	1088.71828870399	4586.77830639617	493.363454451589	490.730845474209	-75.5039771141546	55.8444200024925	-593.47391360498	687.919171772511	262	131	4	7	89	96	128	50	63	163	907	1969	17	179	1869	1928	108	0	0	0	0	512	-2317	-8	-4	0
8	2	1	5	5	6	up	3	512	201.391282871296	758.846144417766	231.284376264784	400.883777228766	964.069476828142	6936.13387201956	961.028356115412	3725.02558107474	493.67593115323	490.352790907097	-88.9776642645846	60.5615071971845	-593.430637521212	687.818079794312	272	132	5	4	80	94	134	35	63	156	1023	1795	19	235	1909	1806	97	0	0	0	0	512	-2256	-8	-4	0
8	2	1	5	6	7	up	0	512	114.465488137856	408.755043103644	125.604202208132	124.739035069429	722.419216924691	5321.65628628096	758.371724055205	3118.30626173949	284.866598058425	255.032990414461	-83.7240432038509	61.0417291117554	-593.45767608272	687.880477381368	113	136	8	0	29	55	150	36	26	82	1401	1931	18	234	1872	1827	111	0	0	0	0	512	-2388	-9	-4	1
8	2	1	5	6	7	up	1	512	168.109833361599	919.794283404207	159.465639125027	285.830794701488	704.620843048443	5283.15783909097	711.755426177743	2864.57536859007	291.481197769201	264.453567864571	-75.5851560156796	57.4601406505247	-593.530522881622	688.049326463609	121	118	7	5	39	71	127	35	28	85	1381	1976	26	201	1896	1809	110	0	0	0	0	512	-2355	-8	-4	1
8	2	1	5	6	7	up	2	512	140.969256886911	594.064821554446	144.76264697939	195.965155056945	773.886031320628	5730.11823064352	792.948935885438	3240.2145313043	286.356951881418	259.538844171303	-78.203575279575	60.4994786112496	-593.603558573632	688.218803997433	114	113	2	4	58	74	151	38	30	84	1350	2000	28	206	1858	1750	119	0	0	0	0	512	-2388	-9	-4	1
8	2	1	5	6	7	up	3	512	115.23976671816	590.2349981685	119.725609905297	223.109546202071	711.615224929057	5211.70156790761	696.758665029218	2769.78775138745	252.52892881696	224.122578596446	-77.577945841457	62.825932783732	-593.513440318823	688.009577325711	110	110	5	3	23	105	150	35	26	47	1478	1852	19	235	1809	1777	105	0	0	0	0	512	-2312	-9	-4	1
8	2	1	5	7	8	up	0	512	233.396604430359	1047.94340033394	240.865056030151	333.391331299271	861.385368191588	5718.11899525628	922.152959835487	3323.05069098272	502.982955493375	500.64824778031	-109.322937563778	68.5976703251197	-593.429260717961	687.814957438312	269	137	4	7	87	93	169	27	55	163	1352	2433	38	273	1896	1726	123	0	0	0	0	512	-2955	-9	-5	1
8	2	1	5	7	8	up	1	512	245.76260576442	1043.94642099698	238.700429178322	355.227465691931	772.186551127529	4816.86996989422	823.694391826193	2732.50714173984	488.403520992496	484.533307041338	-92.5364557114064	59.5637468027618	-593.368866522312	687.67553539831	242	135	6	6	99	108	145	16	62	167	1626	2087	23	360	1827	1732	108	0	0	0	0	512	-2792	-9	-5	1
8	2	1	5	7	8	up	2	512	291.486774374108	1388.67289050269	286.88851586297	611.82336173997	834.321806043154	5907.18898024809	811.0110186587	2975.83605984635	498.394008086569	495.73951114409	-100.728036448859	68.3824239913244	-593.180124894532	687.237750645428	237	145	11	7	99	114	107	28	58	176	1425	2361	30	280	1912	1801	97	0	0	0	0	512	-2902	-9	-5	1
8	2	1	5	7	8	up	3	512	211.26948013349	748.478605222274	236.199924177778	335.683856971376	916.47834719503	6468.51120949794	936.213819887378	3680.05125630076	502.785880912777	500.724804964875	-93.8687607890963	65.0649424181102	-593.642541861469	688.30865402416	251	157	7	3	85	92	120	30	65	192	1381	2470	25	220	1750	1768	116	0	0	0	0	512	-2888	-9	-5	1
8	2	1	5	8	9	up	0	512	170.945754711611	898.92234064961	186.832541999454	383.683899191184	771.790836378138	6044.72644118672	762.915927218779	3208.90463540793	322.446640646143	296.227709635161	-81.2727358325743	62.6119180931165	-593.442723991328	687.846240457037	117	159	9	4	33	66	89	38	38	124	1805	2518	31	254	1716	1793	98	0	0	0	0	512	-3002	-11	-5	0
8	2	1	5	8	9	up	1	512	137.277314191924	648.046980766099	163.29835003602	316.130919164804	572.488397192511	3841.88459178658	626.075710649001	2415.73407771111	289.791674269474	259.293203519727	-102.182210502208	66.8352478336793	-593.36068983674	687.655432553611	94	156	6	3	33	76	127	21	30	87	1976	2274	41	317	1833	1697	99	0	0	0	0	512	-2885	-10	-5	0
8	2	1	5	8	9	up	2	512	169.006804360675	798.241549236421	184.124506059787	317.337435186624	621.459276897826	4364.18550648119	687.862607755893	2593.81316223651	317.75860484365	286.150640630273	-83.5965240652853	60.9706432466477	-593.503656055374	687.987919428187	106	163	9	3	42	77	132	27	27	98	1833	2487	43	245	1688	1753	95	0	0	0	0	512	-2943	-11	-5	0
8	2	1	5	8	9	up	3	512	204.616411170347	1039.25625608576	197.589682810739	401.487768497746	744.156541151876	5461.01179946226	752.761637703834	2902.3606112554	301.96777003222	276.361051331138	-88.0154837009948	63.2142993814378	-593.528323357782	688.044131999027	117	117	14	3	49	74	164	38	24	73	1968	2307	39	294	1739	1703	98	0	1	0	2	512	-2873	-10	-5	0
8	2	1	5	9	10	up	0	512	252.393795370666	1129.90373524851	264.973904560669	414.309211067417	804.1890636269	5775.06724751868	777.719294255226	2918.61502209418	497.820833869915	494.911941479704	-104.14409019114	74.8136455808149	-593.410078571978	687.770386114637	270	123	8	6	91	122	116	31	48	157	2060	2669	32	359	1805	1660	111	0	0	0	0	512	-3365	-11	-6	1
8	2	1	5	9	10	up	1	512	319.996161242549	1675.53317538998	307.693760667825	580.586960198164	633.738510468475	4151.0160661609	677.880627579137	2310.68300104091	501.105966208273	499.504061085724	-123.009004492014	78.0157779738957	-593.375837059072	687.691466326598	228	162	15	8	88	139	105	18	44	174	1968	2770	36	346	1858	1644	95	0	0	0	0	512	-3435	-11	-6	1
8	2	1	5	9	10	up	2	512	261.43636784317	1118.66072289354	276.957038287881	409.434301439132	753.873468823776	5380.34690429603	787.769812626039	2869.69406681931	499.105561462536	497.864294640354	-125.926122372813	75.8609027129433	-593.227965249829	687.348714296791	238	138	5	7	111	132	144	34	32	150	1954	2809	39	318	1857	1640	116	0	0	0	0	512	-3419	-12	-6	1
8	2	1	5	9	10	up	3	512	287.213752043489	1539.52716238288	305.971557786847	704.074460695872	801.513085609101	5652.83064463668	792.795805203329	2918.1810999747	504.050404435637	502.54972153184	-121.246914010992	86.8015488301092	-593.267315124274	687.440146673127	243	166	10	9	77	121	87	25	60	205	1658	3148	47	267	1780	1738	107	0	0	0	0	512	-3643	-12	-6	1
8	2	1	5	10	11	up	0	512	188.462975638486	995.949668211948	197.07448854016	400.625942530084	638.231042978759	4815.95432190748	583.618303885396	2262.19252288489	332.434078207433	308.163200269919	-89.3277206435067	65.2164897633425	-593.308511060283	687.534612273176	127	158	11	4	36	112	98	31	28	89	2370	2868	50	344	1657	1732	107	0	0	0	0	512	-3528	-12	-6	0
8	2	1	5	10	11	up	1	512	230.643018965662	1380.22590786038	222.648090356848	590.552124833949	546.592019314079	3512.76621954811	579.542602156524	1964.83126013658	314.586748013219	291.276147538932	-106.369284351455	68.764553430413	-593.273643997451	687.453778702539	118	129	12	7	45	101	142	20	25	97	2348	2891	61	332	1673	1618	98	0	0	0	0	512	-3503	-14	-6	0
8	2	1	5	10	11	up	2	512	269.794535118798	1634.42075952061	256.005657024919	658.460338770432	517.229123600034	3675.24391856267	542.984623341202	1951.71396182039	366.597683276907	345.26421467973	-105.490242791839	70.6350677323024	-593.360080622108	687.654994754747	140	168	20	6	32	96	84	22	25	153	2082	3171	72	307	1667	1699	92	0	0	0	0	512	-3714	-12	-6	0
8	2	1	5	10	11	up	3	512	217.314268545042	1144.05889350432	252.116354657107	600.422134890283	555.364081955335	3934.42897194001	550.561827048706	2082.67736213868	354.544808761382	335.666680866365	-125.628460852059	79.1701315420161	-593.40891645102	687.767960852758	140	140	9	6	59	125	93	23	28	121	2045	3226	46	315	1833	1676	91	0	0	0	0	512	-3834	-15	-6	0
8	2	1	5	11	12	up	0	512	355.235038279742	2087.58802874759	342.57757615883	888.264487074337	705.534371845353	4683.45692252015	707.457704617724	2475.91870278253	508.827807791501	508.370273983904	-157.251011184724	97.9189103271399	-593.428213080375	687.812632471253	231	186	22	9	61	125	89	17	58	199	1940	3789	78	337	1786	1605	96	0	0	0	0	512	-4392	-15	-7	1
8	2	1	5	11	12	up	1	512	355.52905028629	2070.52374525397	311.429681399075	641.969289429915	706.648340524725	4622.38081124528	753.798743168877	2546.65505842013	499.000175708968	497.959161915521	-134.962117539618	83.5256942334784	-593.294220188924	687.502532153531	256	138	19	10	76	131	122	20	49	184	2233	3513	60	338	1757	1620	112	0	0	0	0	512	-4146	-14	-7	1
8	2	1	5	11	12	up	2	512	336.659576763496	1713.8526671667	326.37413253407	710.258505457173	760.948267210981	5606.00099116468	754.31678860945	2859.62235366598	501.596871718216	499.942394733834	-126.094982833659	78.919812958472	-593.179840933066	687.237165000716	195	199	23	5	79	123	71	29	50	218	2214	3572	51	307	1731	1664	105	0	0	0	0	512	-4142	-15	-7	1
8	2	1	5	11	12	up	3	512	312.449820020989	1568.91929166758	312.059463482377	657.957384387438	867.767334202838	6313.94260740219	841.872738277953	3220.2030368248	497.45729350865	494.174705675526	-114.026414346567	74.415395991996	-593.3527109552	687.637917999716	215	170	15	7	91	129	122	35	50	166	2402	3341	59	342	1654	1661	124	0	0	0	0	512	-3985	-12	-7	1
8	2	1	5	12	13	up	0	512	158.062235890354	632.292957146126	178.453235979821	295.591186495603	540.83059979095	3884.83290068697	518.419902943119	1963.38209096893	302.237273458433	273.617091325418	-107.824416666806	70.8340600515773	-593.082028660026	687.010112255417	113	132	10	1	49	91	107	25	22	86	2963	3229	78	386	1755	1662	101	0	0	0	0	512	-3950	-12	-7	0
8	2	1	5	12	13	up	1	512	179.576944317858	767.244399985518	203.559436282586	387.865645126462	650.796454497523	4766.74202592478	624.150815639354	2376.97390009949	363.6888864477	347.752240949725	-136.541307112782	89.1345800426012	-593.297432428624	687.509288725921	153	142	8	3	58	100	95	28	34	137	2426	3819	83	328	1642	1531	96	0	0	0	0	512	-4395	-15	-7	0
8	2	1	5	12	13	up	2	512	266.834001971287	1514.05567460835	272.501324264575	719.305523858359	639.435478162203	4457.87248081542	666.456707609686	2376.67675933365	359.778291622405	340.931364982143	-111.045418645261	74.9875983841355	-593.11283128673	687.081138620044	136	129	12	8	69	95	147	29	24	104	2527	3689	92	348	1720	1708	117	0	0	0	0	512	-4298	-16	-7	0
8	2	1	5	12	13	up	3	512	216.369996635043	1043.45102278902	224.528756223472	443.608694195783	727.149003653765	5320.37394866846	719.134750711585	2761.08129279774	372.029739951418	355.359134982818	-119.296589760538	77.0841418876131	-593.207838169494	687.30225126448	144	141	9	5	68	100	132	34	31	117	2486	3775	94	301	1745	1561	107	0	0	0	0	512	-4293	-14	-7	0
8	2	1	5	13	14	up	0	512	373.524025287549	2107.49670088154	381.487481830525	1001.73590267965	658.948267210981	4508.01318709281	653.44615086194	2272.80372898408	503.766226598684	502.534525448474	-173.538364251611	117.300351880375	-593.345913118607	687.621260250035	208	171	17	11	97	147	101	23	40	198	2170	4581	65	352	1693	1573	87	0	0	0	0	512	-5227	-17	-8	1
8	2	1	5	13	14	up	1	512	338.502739051297	1754.07718739652	345.504761822586	828.97511086368	812.653365523466	5488.49599290677	807.203507129069	3038.17342765026	508.356870627857	507.723020995961	-150.865954928807	95.2634580018668	-593.159154650624	687.189459839417	224	157	14	9	104	127	127	24	58	169	2479	4272	65	352	1694	1587	88	0	0	0	0	512	-4918	-17	-8	1
8	2	1	5	13	14	up	2	512	314.006804360675	1628.65174586139	311.274543186368	632.145315970098	663.569110259424	4377.67602444169	698.699615327176	2378.645825796	507.387905928867	506.285998319713	-167.983258909595	109.539455310618	-593.15623229909	687.182128891899	234	164	14	8	88	118	96	18	49	219	2436	4295	51	386	1760	1589	101	0	0	0	0	512	-5012	-17	-8	1
8	2	1	5	13	14	up	3	512	273.330233222232	1072.80964159034	290.592389628021	416.01818313759	837.928900353455	6083.9271359401	806.27354889087	3003.09629152082	501.674567718854	500.238585340635	-139.608271060885	93.9411693430279	-593.102313781895	687.057584568405	227	135	6	6	128	147	143	37	40	132	2748	3937	71	412	1619	1601	89	0	0	0	0	512	-4696	-16	-8	1
8	2	1	5	14	15	up	0	512	194.622029289732	984.247448967552	224.453209299797	508.735897800697	671.549446841575	4748.5258597093	671.451552466696	2470.38552063825	320.941578516092	303.09070852141	-149.507456583404	95.3072244570736	-593.065200304171	686.970916699065	103	148	8	5	56	117	140	30	28	98	3185	3931	71	493	1662	1496	85	0	0	0	0	512	-4875	-19	-8	0
8	2	1	5	14	15	up	1	512	350.091356185039	2427.83072959365	357.088754217174	1110.35158995367	666.053808711275	4720.35910022416	690.105874735332	2476.9975607457	383.28720655617	370.392383818821	-163.214612097483	107.107058146684	-593.108501038321	687.071699522592	148	146	13	16	58	124	111	27	35	141	2588	4568	113	411	1674	1579	92	0	0	0	0	512	-5273	-17	-8	0
8	2	1	5	14	15	up	2	512	397.656471143481	2695.35975156095	370.080903029109	1156.09701021774	682.050999651583	4618.95469005436	705.589733669276	2359.26517894723	401.729257721486	387.620805761441	-159.61394413482	107.585606934455	-593.334434102086	687.594957981397	139	167	21	15	59	117	151	27	32	122	2730	4469	97	384	1701	1518	105	0	0	0	0	512	-5150	-17	-8	0
8	2	1	5	14	15	up	3	512	321.52653778692	1923.94342865293	328.160284714309	868.856205874278	701.987437503148	5051.74196928679	699.610431137075	2569.80574913228	393.254069198148	377.369603437547	-147.558617465769	101.226933716995	-593.159292429061	687.189414789986	134	160	16	10	71	130	129	32	30	136	2565	4671	90	354	1573	1639	97	0	0	0	0	512	-5285	-18	-8	0
8	2	1	5	15	16	up	0	512	291.821142914113	1447.3782153671	283.221538118533	565.155582524675	589.364971636303	4230.43894013685	589.475006505746	2019.73729583672	507.66322607586	506.976545491629	-213.52057379909	144.083280554156	-593.319174147219	687.559913299572	245	163	15	6	79	156	89	27	25	215	2085	5615	77	415	1663	1586	93	0	0	0	0	512	-6382	-19	-9	0
8	2	1	5	15	16	up	1	512	336.356841017547	1948.5908228587	301.483493158357	616.079772823519	505.210942983797	2963.04071288809	540.355584006594	1591.20086210753	505.249553548995	503.92171304545	-168.032604667977	110.413474147328	-593.087326831833	687.022560624809	244	157	14	11	79	172	107	11	35	183	2769	4933	56	434	1581	1585	86	0	0	0	0	512	-5754	-20	-9	0
8	2	1	5	15	16	up	2	512	256.890323181933	1231.11705071489	261.258292597094	432.327687041038	462.906287859122	2876.79795540404	502.773905145563	1480.95094810519	504.483718259725	502.782245082099	-190.225953340475	130.519280106221	-592.839976142525	686.4493310252	238	183	13	5	66	157	67	11	34	224	2531	5147	109	405	1743	1574	99	0	0	0	0	512	-5853	-20	-9	0
8	2	1	5	15	16	up	3	512	267.173988630678	1204.46948659516	265.180860532941	435.904437162961	465.405031609437	2975.8040816871	478.904951800131	1447.91547883658	508.254170453527	507.874099583614	-232.70758599746	172.063500457042	-593.191228381997	687.263207765388	250	167	17	3	71	178	56	12	34	231	1697	6063	60	372	1719	1621	84	0	0	0	0	512	-6745	-20	-9	0
8	2	1	5	16	17	up	0	512	323.590396495676	1922.2962043611	333.416182079792	931.464359468438	891.398523809084	6557.62941182248	887.138264366584	3443.38033548767	434.265850168543	427.314206627588	-221.333173091451	156.528773321054	-593.30797114615	687.534257994469	174	180	21	8	53	109	131	38	48	158	2228	5999	68	409	1621	1535	107	0	0	0	0	512	-6753	-21	-9	0
8	2	1	5	16	17	up	1	512	136.765414824112	584.022673866804	165.198013348406	215.927711836541	613.918257235329	4335.76311392809	630.971900117224	2303.5358194411	329.672664967921	307.358690895815	-149.247102090183	100.97442606958	-593.317800286449	687.556878894388	121	155	2	4	47	85	119	26	29	108	3643	4509	103	449	1555	1474	94	0	0	0	0	512	-5310	-20	-9	0
8	2	1	5	16	17	up	2	512	241.364378515658	1529.99475160566	222.188176401939	555.242901546397	805.85661446562	5783.36112972253	754.126150863086	2825.43130906971	300.095545748672	277.897255047666	-143.815008587088	91.713507052954	-593.00024487917	686.821073017518	114	116	8	10	54	86	189	39	28	57	3999	4060	90	555	1570	1457	101	0	0	0	0	512	-5116	-17	-9	0
8	2	1	5	16	17	up	3	512	316.566004639409	1960.66648102972	312.308753066873	827.042778451886	667.801479496264	4723.3100899597	674.145608400977	2350.56117579184	368.778943030823	354.24884107676	-152.445548960194	100.663154378332	-593.302952960254	687.522300916125	142	124	12	12	77	116	146	31	25	101	3385	4841	95	383	1554	1409	105	0	0	0	0	512	-5525	-20	-9	0
8	2	1	5	17	18	up	0	512	347.802369177231	1861.91595949563	358.077539461092	780.770762976362	851.83562478969	6020.44641626249	818.261917740461	3041.25726966413	507.63914757756	507.2080342209	-192.673491817144	133.672972027508	-593.152103714349	687.172845316221	223	145	9	12	118	163	190	39	33	80	3011	5676	110	419	1567	1429	90	0	0	0	0	512	-6413	-22	-10	0
8	2	1	5	17	18	up	1	512	403.465784698178	2219.23545127235	385.442041975373	959.445637339677	748.961126268156	5451.81813719965	732.902543492455	2732.57579082682	511.27919428411	511.07794944828	-258.52980790397	197.169386396415	-593.112406999859	687.081283353019	190	189	24	9	99	158	121	34	34	163	1880	6781	106	449	1608	1498	94	0	0	0	0	512	-7569	-22	-10	0
8	2	1	5	17	18	up	2	512	418.218480481908	2355.84874029595	403.995475778464	1044.30739985809	754.364081955335	5067.04593296344	753.419372346644	2599.2962410944	497.971652306359	496.881312554819	-173.416731778399	113.683862611268	-592.990178642026	686.798221720155	222	119	17	13	127	145	160	28	39	137	3613	4910	95	598	1585	1538	82	0	0	0	0	512	-6037	-21	-10	0
8	2	1	5	17	18	up	3	512	305.563788700361	1598.56657259739	325.176340987906	705.786275327516	745.31648448409	5274.16156772878	709.480392683744	2409.36833067779	503.892929186567	502.441716181834	-172.056625887582	108.960735591536	-593.028925850792	686.887471664793	225	156	6	11	105	157	116	29	42	156	3447	5195	126	448	1510	1426	105	0	0	0	0	512	-5976	-21	-10	0
8	2	1	5	18	19	up	0	512	207.518110607842	1121.37764898728	214.79932885111	523.466911431372	538.124908357821	3559.92696602615	545.727842948492	1786.55763185051	302.500967382341	284.437212363443	-147.053214202193	98.0662477635957	-592.798882103418	686.354376625186	129	99	11	5	53	141	158	25	14	61	4213	4890	109	516	1505	1498	75	0	0	0	0	512	-5825	-21	-10	0
8	2	1	5	18	19	up	1	512	191.059723390983	877.028601916926	209.288115539463	411.001091731197	690.963342207203	4828.01837884917	707.417136221689	2667.05277840437	371.871790005204	357.625219187959	-192.417582434904	134.19055758899	-592.880768382109	686.543800416762	159	145	8	4	58	111	141	29	32	112	3638	5483	115	492	1503	1440	83	0	0	0	0	512	-6362	-22	-10	0
8	2	1	5	18	19	up	2	512	335.343981960373	1795.42722563156	327.64242081331	777.175821971483	668.613898670976	4953.10719579401	655.679271334659	2443.40101742448	464.969121799698	455.564652177495	-250.232068371947	187.152021063815	-593.032669120132	686.896519765538	173	211	30	3	51	131	92	31	31	185	2345	6800	107	476	1575	1413	98	0	0	0	0	512	-7643	-22	-10	0
8	2	1	5	18	19	up	3	512	303.97768406599	1686.17771884665	321.401388678688	892.58208840119	635.438583782218	4373.54776896335	643.36246258537	2334.21010359559	426.548097172954	414.681682901231	-210.421195971105	148.005983503176	-592.973669243549	686.759062322822	163	181	23	5	52	123	93	21	42	157	2996	6176	133	423	1554	1491	87	0	0	0	0	512	-6896	-21	-10	0
8	2	1	5	19	20	up	0	512	374.972362506926	2187.67913006171	375.539015345099	986.246922449946	687.338363840987	4910.73370022941	676.147476683778	2457.25831422247	506.737351179299	506.087500014183	-254.984204409268	193.649031713677	-593.091259083778	687.032446998242	214	179	19	11	83	127	96	28	37	222	2693	6986	115	446	1483	1442	102	0	0	0	0	512	-7773	-23	-11	0
8	2	1	5	19	20	up	1	512	396.060019951306	2464.96799042314	401.909330103319	1125.43902836954	571.553442142557	3822.43007638066	553.155660212141	1782.87967479191	510.333467411892	510.102054048504	-274.240551667048	211.390378078234	-593.328226819513	687.580914080613	204	196	18	14	78	156	57	15	45	234	2468	7221	104	447	1545	1331	89	0	0	0	0	512	-8006	-24	-11	0
8	2	1	5	19	20	up	2	512	484.60074305348	3252.66662262468	442.757692185475	1540.88315618533	765.481452815045	5938.7668708849	733.28716977233	2912.33366037276	508.902699838281	508.44648562634	-255.791355389535	195.562821804621	-593.124684862298	687.109279485424	219	165	23	19	83	132	90	40	31	216	2598	7141	100	401	1549	1378	110	0	0	0	0	512	-7851	-23	-11	0
8	2	1	5	19	20	up	3	512	504.089140245991	3312.73691912539	500.943852146518	1663.25530958884	659.847750709428	4880.1350047792	624.701038767889	2385.61531117508	512	512	-340.087457019104	277.990052622953	-593.234619159645	687.363432462673	179	207	29	17	80	150	65	28	37	231	1560	8121	70	489	1616	1378	91	0	0	0	0	512	-9036	-23	-11	0
8	2	1	5	20	21	up	0	512	367.131712718496	2220.78271049387	376.092962961312	1053.17640064611	628.266671073797	4458.22607777433	592.694610954599	2184.85710505059	472.514981182535	468.841491396914	-305.853041981529	256.942080918495	-593.068052132019	686.977430542499	167	205	20	11	69	156	51	20	47	211	2134	8047	77	494	1485	1368	97	0	0	0	0	512	-8953	-25	-11	0
8	2	1	5	20	21	up	1	512	510.900966300059	3458.39969983629	483.58412206704	1511.6800331291	502.238143899757	3231.71010130489	525.430176595268	1659.21840876182	511.668930862511	511.44746849882	-378.181778582263	336.375104058427	-592.978556653436	686.770142892012	180	228	35	16	53	139	61	13	37	262	1462	8706	50	534	1686	1358	103	0	0	0	0	512	-9728	-25	-12	0
8	2	1	5	20	21	up	2	512	365.335851341617	2141.25981480963	374.891940055391	1079.02406145126	632.624541789103	4322.79117778419	632.794649262186	2222.19766745411	474.68790458351	471.165815633402	-282.199051853589	235.574456169511	-593.038976564988	686.910094657691	181	193	23	9	68	153	104	23	36	181	2439	7736	116	461	1547	1373	89	0	0	0	0	512	-8546	-25	-11	0
8	2	1	5	20	21	up	3	512	368.168370511292	2307.74270558056	372.499828589371	1177.88776170617	611.47583469566	4525.82446171564	594.473546690825	2321.27153498991	427.799539052568	417.350254550551	-223.913519989815	163.987804251936	-593.22264319734	687.335933083903	172	156	22	11	63	114	57	24	39	171	3417	6774	105	456	1463	1365	73	0	0	0	0	512	-7591	-25	-11	0
8	2	1	5	21	22	up	0	512	385.197490805978	2316.85198751091	367.393479764367	887.976731777519	715.518110607842	4982.93363037004	722.241566253476	2532.00769328428	503.95150374905	503.187930237317	-183.937663754577	125.975548798586	-593.10786126792	687.06992569238	235	140	12	15	103	157	138	30	33	152	4152	6339	175	598	1330	1340	75	0	0	0	0	512	-7342	-24	-12	1
8	2	1	5	21	22	up	1	512	577.428533784737	3963.82793548254	559.935994023535	1956.26326787689	554.667410821929	3721.34786714172	562.00642557425	1765.06661918689	512	512	-370.408386195951	329.564595122215	-593.098186082785	687.047843785014	167	203	31	22	89	150	97	21	28	216	1445	9280	59	480	1671	1381	90	0	0	0	0	512	-10170	-28	-12	1
8	2	1	5	21	22	up	2	512	357.001779361934	2068.43623098271	399.670952394765	1008.21408269917	646.932599094115	4572.58486648959	651.852430694954	2291.08518269177	508.057449850382	507.255348290424	-311.126283140772	257.46775359923	-592.943358258177	686.689022424649	202	204	19	10	73	149	71	23	42	226	2412	8227	99	526	1477	1345	96	0	0	0	0	512	-9180	-27	-12	1
8	2	1	5	21	22	up	3	512	354.230013281001	2085.01386674859	380.379800781085	942.898115470662	671.855584767862	4661.32643931051	639.785947137752	2389.96204888947	510.283389607786	509.891228999216	-332.287616252413	286.593109622565	-593.302223947593	687.520398805969	203	218	22	9	58	153	66	20	51	221	2251	8359	96	558	1532	1267	84	0	0	0	0	512	-9399	-26	-12	1
8	2	1	5	22	23	up	0	512	707.860906326925	5426.21693082823	709.687002753951	2801.77153864219	564.492392493494	3754.29324033603	575.638409201349	1856.55608688748	490.50322753657	487.780973139542	-364.089113997068	327.220127635507	-593.47560137695	687.922596214797	130	228	37	33	63	139	83	18	36	226	1823	9354	73	526	1355	1315	80	0	0	0	0	512	-10334	-26	-12	0
8	2	1	5	22	23	up	1	512	750.45484501973	5631.53280724309	709.165032663281	2767.48621778917	594.253515456301	4335.74891682059	595.414394219693	2104.79160489331	509.073607109404	508.538905632819	-374.753134270086	340.564790918184	-593.161153523449	687.193673152172	159	208	46	31	65	172	69	26	30	212	1785	9372	95	524	1562	1295	78	0	0	0	0	512	-10331	-27	-12	0
8	2	1	5	22	23	up	2	512	608.635184907229	4515.90365029154	583.151980777253	2193.46809770025	473.637993966921	2929.61515807699	490.302794938581	1448.28106668864	455.081500116958	449.568488050621	-284.162028862602	230.825163561102	-593.131505983746	687.12524391118	147	187	34	26	62	146	105	15	25	180	3215	7970	117	474	1512	1316	81	0	0	0	0	512	-8812	-27	-12	0
8	2	1	5	22	23	up	3	512	548.680862999748	3774.05931828919	609.363217232774	2091.03210116199	497.33614790194	3402.03512466586	511.784752615776	1494.36270427419	509.315050880551	509.054048971547	-398.529055562351	364.928533771396	-593.182460319847	687.242711274546	147	239	32	20	71	162	59	18	29	244	1504	9657	78	537	1524	1241	97	0	0	0	0	512	-10662	-28	-12	0
8	2	1	5	23	24	up	0	512	288.893132241625	1579.79197071594	296.714863237006	618.65963953146	343.116044601629	2013.53676243284	357.044853510823	899.675169704909	512	512	-402.976008935189	383.475852582425	-593.256999994858	687.415803271706	229	206	16	7	54	205	49	8	23	227	1656	10033	78	521	1473	1340	88	0	0	0	0	512	-10988	-30	-13	0
8	2	1	5	23	24	up	1	512	304.070663069432	1597.375364618	295.406824638388	662.500636813184	464.990839683486	2954.4996649066	484.013414711091	1485.0303445937	511.002493043812	511.000006215267	-349.754792010864	305.004075847634	-593.272937083114	687.453422398618	230	186	16	7	72	195	98	17	21	181	2568	8995	116	609	1385	1215	76	0	0	0	0	512	-10104	-28	-13	0
8	2	1	5	23	24	up	2	512	292.205917985056	1507.00757055159	282.15187979216	610.043474626677	401.359946637562	2434.17797371757	381.046328599382	1009.26096954729	507.383382712376	506.690989511869	-312.03419786537	272.219147998902	-593.030078438575	686.890335489429	240	183	19	5	60	196	47	8	32	223	2915	8668	138	567	1346	1244	68	0	0	0	0	512	-9661	-29	-13	0
8	2	1	5	23	24	up	3	512	258.656767703803	998.265884454706	304.038802079677	535.47003398492	353.882192563177	1987.96183582109	390.637031234724	1032.86790244075	498.430754095477	496.927382564029	-302.515205197877	254.264349829848	-592.792919257658	686.34139101889	216	167	12	3	100	206	87	10	17	178	3577	7858	99	754	1377	1302	90	0	0	0	0	512	-9290	-29	-13	0
8	2	1	5	24	25	up	0	512	241.805178236924	1062.43899677483	288.140853321038	618.019925186533	797.231339539082	5605.55335718558	844.514177508507	3109.82662052251	440.542695431007	435.539452202101	-297.186196421338	252.328200252213	-592.956971373897	686.719888482632	174	154	4	7	102	133	166	35	34	130	3754	8324	148	574	1451	1164	85	0	0	0	0	512	-9326	-30	-13	0
8	2	1	5	24	25	up	1	512	296.89002662161	1695.22921171333	308.618797551344	836.797531651612	906.003105620015	6708.04556481656	893.977569356187	3439.70876978046	446.888081369783	441.789685628443	-292.20628576172	242.807718724715	-592.934374912813	686.668323158385	197	162	16	8	61	108	172	45	34	133	3542	8556	133	569	1420	1305	89	0	0	0	0	512	-9555	-28	-13	0
8	2	1	5	24	25	up	2	512	308.569703380069	1698.64627091512	362.325723391461	910.15918184997	1013.69564143565	7810.0214561502	973.456704614187	4119.29339679323	512	512	-436.796682697337	436.982784477912	-593.234297097019	687.363010922277	196	229	16	8	63	118	114	47	54	179	1565	10571	107	557	1464	1247	98	0	0	0	0	512	-11596	-29	-14	0
8	2	1	5	24	25	up	3	512	318.242872338175	1636.13201243514	325.594411584068	752.421730436328	910.385368191588	6691.61732917031	946.945090975226	3699.70503387747	491.401256307144	489.285468857511	-356.804780090582	329.306138823685	-593.014877771132	686.855358922144	218	167	19	6	80	105	155	42	41	168	2557	9497	136	610	1400	1260	81	0	0	0	0	512	-10582	-29	-13	0
8	2	1	5	25	26	up	0	512	551.603848673495	3837.33581280854	502.288494630306	1636.24952089608	561.701852675678	3849.04387514608	562.678329238266	1793.6384028815	512	512	-463.138875185252	480.168557199284	-593.141804387467	687.149763542116	171	230	36	19	56	174	68	19	36	215	1634	10934	74	670	1496	1207	58	0	0	0	0	512	-12206	-31	-15	0
8	2	1	5	25	26	up	1	512	434.471402817564	2782.30868347914	425.873544001297	1277.61353336901	655.447307521619	4679.46036796806	664.795604248834	2498.27310532159	512	512	-441.392542485698	440.313783371519	-593.010896645461	686.846197814112	176	231	25	14	66	137	68	24	42	241	1705	10914	76	617	1339	1176	99	0	0	0	0	512	-12074	-29	-15	0
8	2	1	5	25	26	up	2	512	495.044055274116	3302.82810539648	492.268591270087	1598.46749599956	555.776354502561	3665.26300538662	587.111807768406	1862.25904413546	512	512	-452.826168244269	459.663863979928	-593.063360401146	686.966776309073	189	207	29	17	70	144	72	16	39	241	1620	10943	90	659	1410	1172	82	0	0	0	0	512	-12174	-30	-14	0
8	2	1	5	25	26	up	3	512	439.492392493494	2788.92849525166	426.26967342377	1233.23387352407	599.667410821929	4223.42990646671	634.415094918582	2251.58197799249	512	512	-437.338453336662	438.44644184737	-593.082749083104	687.011594413624	195	205	25	14	73	150	82	24	32	224	1831	10816	82	583	1467	1220	94	0	0	0	0	512	-11913	-31	-14	0
8	2	1	5	26	27	up	0	512	490.097270864747	3218.709761477	475.040171411741	1551.27725625802	605.921955975989	4290.6425705963	611.446523300111	2211.69718023034	512	512	-483.473130204261	515.805548222423	-593.048074293118	686.931130695182	175	226	32	15	64	167	71	23	36	215	1561	11554	81	628	1546	1198	91	0	0	0	0	512	-12714	-30	-16	0
8	2	1	5	26	27	up	1	512	416.081306187558	2568.31156254723	414.460309325808	1207.97037549567	555.72313891193	3607.29930998111	586.588775974522	1920.96250652615	506.318394446606	506.051529028261	-455.624140625123	471.069592851632	-593.0788128556	687.00245317816	200	210	30	10	56	158	77	15	40	222	1885	11208	103	628	1410	1154	82	0	0	0	0	512	-12367	-33	-14	0
8	2	1	5	26	27	up	2	512	478.667707382252	3224.70078444484	507.959918567758	1667.34319531085	515.550633082865	3560.45415672803	524.554685481661	1673.43408411363	511.716787436325	511.513784228874	-484.661695736964	520.459696747994	-593.132048539449	687.126285604068	171	241	30	16	54	185	77	21	25	203	1611	11507	77	629	1503	1213	90	0	0	0	0	512	-12681	-32	-14	0
8	2	1	5	26	27	up	3	512	405.678053940056	2459.67320201159	470.545361349092	1527.40908846267	553.232229220049	3623.25955993871	568.948561963613	1962.98797988186	485.991695713471	482.402649734687	-385.422522660383	384.237531666216	-592.892190178268	686.571222918599	176	201	25	11	73	148	109	20	28	197	2894	10238	136	556	1388	1138	73	0	0	0	0	512	-11220	-31	-14	0
8	2	1	5	27	28	up	0	512	401.983302185375	2510.96214732999	397.893626532186	1110.30610265888	540.776354502561	3588.9863975913	590.610809030484	1985.23504488745	512	512	-490.434725252581	527.791724993419	-593.091701925555	687.033500695499	193	222	24	12	61	148	74	17	35	238	1563	12050	92	631	1327	1173	70	0	0	0	0	512	-13230	-33	-16	0
8	2	1	5	27	28	up	1	512	388.293871989758	2437.37274042083	408.705060219915	1081.52982542147	505.277907312568	3315.42132590043	513.804147676758	1671.93421533431	511.939315533209	511.882313670928	-500.832662035323	552.700602025695	-593.107048064287	687.067986909513	191	248	30	9	34	160	35	11	44	262	1616	11964	83	673	1387	1133	97	0	0	0	0	512	-13237	-32	-15	0
8	2	1	5	27	28	up	2	512	366.083818686928	2117.45729066703	383.579288425129	970.742123122293	585.12609459911	3622.69728235895	623.162325643937	2005.09073714567	510.171181720426	509.749294250802	-376.605681687332	385.978299280891	-592.909032838992	686.609814140629	210	182	15	12	91	157	93	12	47	201	3549	10027	134	626	1469	1143	86	0	0	0	0	512	-11145	-32	-15	0
8	2	1	5	27	28	up	3	512	352.588180556628	2063.47900168815	351.857917072487	872.111467367222	699.486774374108	5297.15902848858	657.468015909667	2460.57014618102	512	512	-471.247221439097	501.578063971585	-593.14884428268	687.165126500834	201	227	24	8	52	161	75	33	34	209	1838	11774	73	651	1312	1136	86	0	0	0	0	512	-13012	-32	-15	0
8	2	1	5	28	29	up	0	512	525.349303519436	3454.68246223365	518.927737037715	1652.9075883123	636.1977873663	4501.18661092184	623.595446002794	2200.47469203326	512	512	-497.905755894492	544.304709447354	-593.249335277676	687.397272478277	158	237	37	15	65	156	78	24	38	216	1840	12305	68	635	1368	1128	75	0	1	0	2	512	-13515	-33	-16	0
8	2	1	5	28	29	up	1	512	574.195571427252	4176.11109434577	543.958237448739	2027.47317103106	447.745018268827	3090.77110926455	461.183431268899	1394.10883776519	512	512	-535.147623336494	609.581183769934	-593.339495039807	687.606870335629	159	259	39	21	34	156	29	15	30	282	1476	12553	67	752	1310	1094	84	0	0	0	0	512	-13997	-36	-22	0
8	2	1	5	28	29	up	2	512	356.847454149106	2017.47832203237	370.186214737027	997.213784847902	601.963935327848	4090.24693922572	601.238897926591	1993.76618077308	446.512599469051	440.691071924286	-352.935910866896	339.363568358234	-592.805730316503	686.370581577092	177	155	20	9	86	149	138	27	21	158	4137	9920	180	611	1466	1120	87	0	0	0	0	512	-10973	-33	-15	0
8	2	1	5	28	29	up	3	512	603.057210891613	4287.6334236502	544.544227946712	1923.65375309837	642.932599094115	4646.03165089896	622.361824971203	2349.99833961745	512	512	-502.258130879466	546.678674352529	-592.922127369192	686.641140048511	173	212	36	23	68	157	66	25	39	225	1724	12330	80	714	1253	1179	78	0	0	0	0	512	-13683	-34	-17	0
8	2	1	5	29	30	up	0	512	501.230013281001	3407.63692573609	504.642605186291	1748.70358162247	584.044351834439	4166.62170914491	574.295686670428	1962.67057042297	512	512	-520.575116117509	587.426802144651	-593.042309620478	686.919039723428	171	242	34	16	49	142	56	22	36	256	1752	12810	90	708	1272	1128	79	0	0	0	0	512	-14142	-34	-17	0
8	2	1	5	29	30	up	1	512	455.346494459743	2924.90720901541	464.5612547219	1386.54524426675	661.799856677861	5097.43874190391	611.767775403037	2326.85924075649	512	512	-510.479787869091	570.537055327829	-593.2026596798	687.289679394219	195	207	28	14	68	173	63	33	30	213	2079	12499	106	676	1354	1064	96	0	0	0	0	512	-13731	-33	-17	0
8	2	1	5	29	30	up	2	512	501.654255204433	3231.542548888	507.320920111772	1544.67983725748	481.553442142557	3227.68839028377	498.342737140627	1576.67409089422	511.999777241085	511.999554531791	-510.5807548249	577.304650477517	-593.075776758874	686.995365412131	166	222	32	15	77	180	73	18	25	216	1957	12614	91	698	1378	1086	67	0	0	0	0	512	-13935	-34	-16	0
8	2	1	5	29	30	up	3	512	434.858097267232	2414.41451996159	427.020037217848	1237.73798341066	605.743535467215	3741.67226748489	617.281935359495	1923.10569256468	506.595318263954	505.255985541454	-356.225165265432	332.11114241774	-592.763519196959	686.273184366578	211	166	33	7	91	167	166	21	27	129	4680	9660	149	871	1229	1075	75	0	0	0	0	512	-11275	-34	-16	0
8	2	1	5	30	31	up	0	512	623.662089262866	4253.25061122555	620.814397273554	2190.87394248442	539.418187226933	3764.05618435018	533.044734611316	1887.59050361846	512	512	-558.285843168821	673.27244992184	-593.296104493999	687.506221853622	153	229	47	18	65	170	61	20	32	229	1724	13358	70	720	1285	1028	68	0	0	0	0	512	-14737	-35	-18	0
8	2	1	5	30	31	up	1	512	813.030603096298	6190.08006646461	816.883130845287	3303.63572449556	366.713088914449	2156.79233886282	419.386545299635	1111.12728814575	512	512	-544.391605071313	631.653906250647	-593.222160841123	687.334761194137	120	235	46	36	75	170	51	8	26	257	1701	13370	78	723	1312	1156	82	0	0	0	0	512	-14760	-36	-21	0
8	2	1	5	30	31	up	2	512	819.502145930652	6046.34086296994	756.712319440703	2939.71403162524	423.044055274116	2457.94063454181	451.145821815536	1233.01329929139	477.176952026775	475.1018570947	-493.080795984047	566.409499571947	-592.894709967057	686.577065654418	122	169	47	34	105	185	87	10	27	196	2585	12386	117	784	1338	1064	78	0	0	0	0	512	-13853	-36	-16	0
8	2	1	5	30	31	up	3	512	854.637993966921	6396.20772724414	817.46025301785	3346.06770740125	494.869036945681	3400.66704740954	502.976997030391	1706.68392699108	512	512	-557.44108646991	667.827904544094	-593.188729842536	687.257552359575	118	240	60	32	62	194	58	18	29	213	1594	13463	74	741	1236	1058	61	0	0	0	0	512	-14886	-37	-20	0
8	2	1	5	31	32	up	0	512	333.211239544119	1904.74008138339	326.301289580105	815.907613376209	355.423508785996	1931.01375347263	348.259058305355	794.795137806466	512	512	-572.860169467441	691.372246013282	-593.16392206217	687.199742355767	229	190	18	9	66	215	61	5	28	203	1720	13896	61	707	1199	983	86	0	0	0	0	512	-15249	-37	-22	0
8	2	1	5	31	32	up	1	512	293.314861665687	1663.81017965116	291.348374016951	655.681301110732	276.638883647889	1408.66781202229	316.542941920499	669.177467724463	512	512	-574.207052150435	699.205517414783	-593.292080558542	687.497200158167	238	205	18	7	44	197	39	3	22	251	1548	14010	62	764	1261	1012	83	0	0	0	0	512	-15487	-36	-23	0
8	2	1	5	31	32	up	2	512	238.314861665687	1189.17492473554	259.750552985219	446.733198796208	376.078793688188	2343.69465816178	389.611933582887	1101.15432150338	512	512	-568.797592589934	689.416857598194	-593.061988670505	686.962794480569	246	195	10	6	55	198	66	13	18	217	1719	13831	82	752	1239	998	69	0	0	0	0	512	-15255	-36	-23	0
8	2	1	5	31	32	up	3	512	334.219370162875	2042.79496305999	325.828875487823	835.408752950286	404.596014615062	2592.99859351944	393.571134413482	1144.85379803631	512	512	-566.369595377624	688.425046185719	-593.254032713621	687.409736425932	225	211	19	10	47	204	49	12	26	221	1789	13733	87	775	1191	987	86	0	1	0	2	512	-15220	-36	-20	0
8	2	1	5	32	33	up	0	512	526.088547125346	3375.66633943477	521.980639505934	1626.60989770113	618.921066295021	3658.53226918227	664.097069575413	1986.51538592056	512	512	-1082.36723346239	2754.68077942938	-593.411770604209	687.773914071461	193	137	15	23	144	164	193	20	27	108	1518	14500	60	818	7536	555	360	0	0	0	0	512	-16093	-38	-23	0
8	2	1	5	32	33	up	1	512	571.222912360003	3231.71706768869	560.045472578653	1456.56367906615	631.323725421879	3769.37055985853	638.886768584904	1787.59281298379	512	512	-1514.70968843308	4535.42482344148	-593.159466041281	687.190165397266	208	34	10	23	237	186	242	27	12	45	1494	14475	71	856	13431	75	611	0	0	0	0	512	-16138	-37	-22	0
8	2	1	5	32	33	up	2	512	467.557280900008	2546.24002001091	485.046159319359	1080.94780617351	653.533185604064	4049.30356721077	640.473126492541	1826.61694361459	512	512	-1521.62554894933	4577.8767227792	-593.251634199207	687.403559514653	244	36	3	20	209	193	240	30	11	38	1446	14556	69	825	13422	77	608	0	0	0	0	512	-16133	-40	-22	0
8	2	1	5	32	33	up	3	512	598.233555478129	3476.74140290698	572.416715615594	1447.16432377078	534.917960675006	2838.13968679372	564.817003060887	1484.36707160502	512	512	-1513.77795332418	4532.38210974142	-593.094007601448	687.037858620756	190	41	8	26	247	208	235	19	11	39	1559	14504	57	776	13504	82	603	0	0	0	0	512	-16011	-38	-22	0
8	2	1	5	33	34	up	0	512	569.390096630006	2954.90565147091	601.182776063953	1510.06238107408	471.931412852825	2491.66266743493	472.148869373773	1083.09068610585	512	512	-1495.84638167762	4431.67336984245	-593.34429173109	687.618226886411	180	42	13	19	258	221	217	19	4	51	1580	14898	71	859	13023	100	557	0	0	0	0	512	-16547	-38	-26	0
8	2	1	5	33	34	up	1	512	516.726977669381	2698.48009665981	528.773200088437	1148.66727231919	503.313378864075	2723.61100465431	510.167489306576	1355.21971753448	512	512	-1527.89127510404	4610.8199290642	-593.446187195476	687.854044210843	202	34	3	21	252	213	214	19	9	57	1453	15030	62	863	13167	84	573	0	0	0	0	512	-16707	-38	-26	0
8	2	1	5	33	34	up	2	512	617.352845716565	3478.78693940454	611.852141292477	1578.81199021783	367.936734411888	1473.33143283394	414.495545853091	769.928001925815	512	512	-1513.71755402991	4532.1562101049	-593.197202659213	687.276502926435	177	35	10	25	265	246	217	11	1	37	1460	15047	60	841	12921	81	580	0	0	0	0	512	-16683	-39	-25	0
8	2	1	5	33	34	up	3	512	493.183148947192	2495.74143122597	520.973379972934	1100.86967982093	512.180636447821	2773.40723259991	520.94607721332	1367.97372712635	512	512	-1519.04919080253	4561.95642533993	-593.254875961587	687.411355714584	215	23	1	20	253	221	217	19	10	45	1487	15071	69	781	13141	73	590	0	0	0	0	512	-16570	-38	-22	0
8	2	1	5	34	35	up	0	512	587.302439185627	3405.30969349383	571.158714093708	1333.87744543889	385.851886027202	1749.16427688292	422.738587888426	864.44437471688	512	512	-1485.94001728093	4369.25332317637	-593.469844771351	687.909812206866	198	29	4	27	254	255	195	12	5	45	1564	15475	63	818	12674	93	505	0	0	0	0	512	-17055	-40	-27	0
8	2	1	5	34	35	up	1	512	626.649963343128	3978.90847390102	578.486146708005	1528.11787174298	409.395714749391	1931.53819723239	435.850143302447	890.801392075363	512	512	-1504.94533165864	4476.55285909901	-593.347725566008	687.626145045774	202	41	5	32	232	234	205	14	4	55	1533	15458	61	868	12705	72	507	0	0	0	0	512	-17150	-41	-26	0
8	2	1	5	34	35	up	2	512	631.673762078751	3749.86285244648	626.001908561527	1662.31416861844	438.891649440013	2357.22195267064	419.873602037647	921.396719181999	512	512	-1504.81516787851	4479.13324675145	-593.474428699948	687.919582242362	188	33	9	28	254	248	192	18	4	50	1405	15652	46	817	12619	79	529	0	0	0	0	512	-17254	-40	-27	0
8	2	1	5	34	35	up	3	512	503.185958006884	2584.96956681765	529.131254293097	1177.53348758184	435.071989327512	2018.86330555033	462.881010280288	934.408315500278	512	512	-1500.16067597432	4451.23958328582	-593.479149990146	687.930350038108	198	43	3	20	248	220	230	15	3	44	1478	15580	59	803	12643	67	565	0	0	0	0	512	-17142	-42	-27	0
8	2	1	5	35	36	up	0	512	594.013452177819	3433.50135457707	592.366935325964	1540.84106510842	547.331856040635	3320.96646119763	492.238474038328	1156.99783129651	512	512	-1493.36825672345	4415.19807023359	-593.201647454053	687.287417993161	193	48	12	24	235	214	216	27	3	52	1511	15952	82	887	12082	81	561	0	0	0	0	512	-17661	-44	-23	0
8	2	1	5	35	36	up	1	512	523.663415520947	2843.3738070735	554.778025465051	1334.65927503772	410.175611449081	1775.12187432436	418.301376784629	780.854750840752	512	512	-1489.86871338489	4392.45086147199	-593.408478771343	687.767057245839	199	47	4	22	240	213	221	12	5	61	1557	15970	48	857	12165	80	540	0	0	0	0	512	-17648	-43	-27	0
8	2	1	5	35	36	up	2	512	521.148707093443	2762.13356051066	535.714902582423	1193.31046413682	435.899483498447	2059.7659363582	469.869070518666	1026.83306681507	512	512	-1494.80543867437	4415.80636638391	-593.465395863706	687.898454134522	203	32	2	22	253	235	224	15	4	34	1454	16100	49	829	12175	67	577	0	0	0	0	512	-17721	-42	-29	0
8	2	1	5	35	36	up	3	512	612.154028652506	3746.94811066745	580.167349593193	1452.3952671112	377.210053302829	1601.54127453341	408.423740239355	762.112932570894	512	512	-1495.40391658277	4412.73133966071	-593.464054451886	687.895714285412	192	49	7	29	235	241	204	11	4	52	1554	15955	50	873	12224	73	497	0	0	0	0	512	-17668	-41	-28	0
8	2	1	5	36	37	up	0	512	625.899483498447	3841.74154450193	629.053138361977	1790.59746134973	436.053512150953	2334.6536337648	435.141402752582	1094.60587036153	512	512	-1466.6700071014	4254.70003699554	-593.251516220177	687.403103349337	187	64	14	27	220	247	185	17	6	57	1805	16146	79	914	11720	73	537	0	0	0	0	512	-17921	-46	-22	0
8	2	1	5	36	37	up	1	512	655.140576474687	4168.68344392935	613.791253560925	1776.01034695232	501.326534481572	2820.24004832991	488.041790974374	1168.68403481222	512	512	-1481.09265993034	4337.87263290367	-593.400317287371	687.74760023759	203	34	9	32	234	237	201	20	9	45	1579	16353	72	940	11692	60	525	0	0	0	0	512	-18174	-44	-28	0
8	2	1	5	36	37	up	2	512	683.785218258752	4533.89322899085	634.624012449181	1868.2707565157	461.35595133658	2439.90901196184	445.654672409844	914.176264598779	512	512	-1455.54433302621	4196.85460383844	-593.205528559787	687.296904122181	196	48	10	35	223	213	212	19	3	65	1692	16298	83	871	11634	71	516	0	0	0	0	512	-17969	-41	-27	0
8	2	1	5	36	37	up	3	512	609.161862710939	3607.66836893313	606.678436460853	1625.46047077883	423.767037642515	2026.45610126941	439.13725989194	961.985818377454	512	512	-1476.17658351278	4304.48553399928	-593.450402755105	687.864180348507	203	35	11	26	237	232	206	14	6	54	1621	16389	60	874	11758	63	528	0	0	0	0	512	-18084	-42	-29	0
8	2	1	5	37	38	up	0	512	535.119586798757	2935.27039655529	545.086527425334	1287.47475162032	382.109240240954	1705.24033151981	414.914369985261	794.31906452291	512	512	-1455.39538303224	4201.45572016331	-593.213487583959	687.314190818641	204	42	6	22	238	247	198	12	4	51	1582	16871	75	928	11094	89	508	0	0	0	0	512	-18664	-45	-29	0
8	2	1	5	37	38	up	1	512	693.607390870624	4349.79893709974	657.684494752633	1947.61875004873	472.308057305012	2590.40731755688	448.933647245597	950.570317158089	512	512	-1444.21343943716	4133.55195883407	-593.01347713495	686.851387686779	186	37	15	31	243	232	206	20	4	50	1708	16741	63	944	11033	108	482	0	0	0	0	512	-18586	-44	-27	0
8	2	1	5	37	38	up	2	512	608.809016994375	3587.21845058475	594.569633124098	1562.02934175008	435.172802389388	2077.6110329733	444.151347476294	888.817214694874	512	512	-1479.37687443066	4322.67441877915	-593.351557170657	687.634657042451	202	27	8	27	248	222	226	16	2	46	1627	16774	69	986	11403	62	493	0	0	0	0	512	-18696	-44	-30	0
8	2	1	5	37	38	up	3	512	613.862232585005	3787.26418531525	615.912456461907	1599.03291156016	516.628973667198	3090.75374043006	457.964617302468	1011.00106174455	512	512	-1467.87908048321	4255.16418707305	-593.411685079238	687.773446349209	188	46	3	31	244	227	205	25	3	52	1623	16839	65	929	11273	78	473	0	0	0	0	512	-18645	-43	-30	0
8	2	1	5	38	39	up	0	512	877.09519494249	6183.49155629418	830.014955584192	2892.48550928589	471.003105620015	2491.46519157753	472.006727837012	1163.5882041808	512	512	-1456.61394598297	4200.74549591388	-593.28994058039	687.491942312216	168	35	19	46	244	224	201	17	9	61	1742	17206	63	957	10769	61	528	0	0	0	0	512	-19080	-44	-26	0
8	2	1	5	38	39	up	1	512	804.835328229368	5239.01755759844	801.279344048284	2536.28293460667	435.374428513139	2391.64140951767	417.390740628594	804.643460004713	512	512	-1448.3651124954	4150.78340967609	-593.473270153933	687.916973075982	154	32	17	38	271	246	195	20	0	51	1695	17237	66	970	10757	60	501	0	0	0	0	512	-19120	-45	-29	0
8	2	1	5	38	39	up	2	512	720.416407864999	4438.96917035178	775.443464599815	2558.8686081629	460.199410184703	2517.9454298323	430.689292309271	942.955369281859	512	512	-1460.15885465107	4218.3204723086	-593.418922657458	687.791320999731	168	41	19	30	254	231	196	19	5	61	1582	17348	69	969	10803	78	479	0	0	0	0	512	-19239	-46	-31	0
8	2	1	5	38	39	up	3	512	766.845971347494	4921.77748094954	786.591161359092	2529.69418637062	421.780193260012	2005.63836053564	438.292415714686	966.600798926794	512	512	-1446.28434241919	4143.23086972389	-593.288802508898	687.49010653747	164	30	15	36	267	248	201	13	8	42	1703	17170	75	1020	10770	60	459	0	0	0	0	512	-19155	-47	-30	0
8	2	1	5	39	40	up	0	512	493.28677106876	2653.17017661405	488.924182090228	1173.54548396251	339.600149932835	1285.19194427315	346.699631576896	592.765373321797	512	512	-1444.709212109	4126.73061457629	-593.403195584611	687.755601717448	220	45	5	20	222	245	185	7	7	68	1670	17806	56	948	10396	58	482	0	0	0	0	512	-19647	-47	-30	0
8	2	1	5	39	40	up	1	512	465.52283904626	2504.2735021753	465.79589711305	1003.67487239862	341.586994315339	1443.82121450067	347.297115412355	649.524939515837	512	512	-1443.87060551085	4121.86214786995	-593.365481798069	687.666785649578	236	40	2	20	214	245	171	9	6	81	1759	17694	68	959	10375	61	480	0	0	0	0	512	-19552	-47	-31	0
8	2	1	5	39	40	up	2	512	414.271102951893	2015.6659146499	425.519782852454	907.090698544357	332.491502812526	1354.81209587356	328.381351176225	501.672754953239	512	512	-1436.47967309587	4083.45022445527	-593.390400175736	687.724884212024	234	63	6	14	195	244	176	9	4	79	1744	17665	85	986	10341	74	436	0	0	0	0	512	-19574	-46	-32	0
8	2	1	5	39	40	up	3	512	434.520326546889	2214.49251913987	463.60180524256	980.174582776442	327.666521140962	1525.95485996831	310.280852394305	462.437299369622	512	512	-1439.24532904121	4102.5740811226	-593.173683093615	687.222534136278	234	52	3	17	206	267	159	12	1	73	1771	17589	87	1033	10343	72	505	0	0	0	0	512	-19583	-47	-29	0
8	2	1	5	40	41	up	0	512	636.774575140626	3991.42210936319	614.638617300784	1735.56559918545	573.811826054068	3233.08793905612	577.838207197725	1409.13673141751	512	512	-1401.28224361003	3893.83664727293	-593.30806677369	687.533821880526	206	37	10	30	229	189	254	25	5	39	1795	18174	87	936	9890	94	400	0	0	0	0	512	-19972	-47	-30	0
8	2	1	5	40	41	up	1	512	477.103622121568	2204.70202101146	544.088478649603	1352.00542322768	607.026607795315	3604.03616299954	597.964428698087	1535.86205421148	512	512	-1422.3251426938	4006.14076013145	-593.420962104232	687.795752204536	217	28	9	14	244	193	249	28	6	36	1819	18100	61	1012	10041	60	430	0	0	0	0	512	-20069	-46	-32	0
8	2	1	5	40	41	up	2	512	570.947080969692	3309.16692939908	572.359924330096	1420.67687036224	675.668440519688	4427.09985179435	608.999934837229	1693.49750932793	512	512	-1434.35416200529	4075.84913961815	-593.296727918895	687.507457352019	207	37	7	25	236	203	226	34	10	39	1755	18143	55	1039	9908	75	444	0	0	0	0	512	-20179	-47	-30	0
8	2	1	5	40	41	up	3	512	643.432372542188	4038.36736928155	594.269078952667	1652.3387429117	513.535994663756	2461.2977807556	573.757245738084	1442.77323258747	512	512	-1428.48487604499	4039.41727163618	-593.384757568502	687.711831799521	207	35	11	30	229	200	250	15	12	35	1755	18183	72	982	9799	78	469	0	0	0	0	512	-20106	-47	-30	0
8	2	1	5	41	42	up	0	512	664.034441853749	4354.72593144488	615.566060823899	1677.21206053117	481.652772402821	2580.79625626459	467.053703588869	942.67786015035	512	512	-1399.88529537384	3885.47595500824	-593.348862076774	687.629143439623	208	31	6	35	232	225	228	21	1	37	1851	18584	60	1009	9288	92	429	0	0	0	0	512	-20556	-47	-30	0
8	2	1	5	41	42	up	1	512	622.702882373436	3642.09076148623	617.496720096231	1660.67214333288	519.591722753757	3173.64722429183	484.684482638517	1250.26126061294	512	512	-1422.05675683152	4006.88672250798	-593.368504080043	687.674088717315	195	25	9	27	256	248	194	25	5	40	1903	18467	90	1044	9644	55	432	0	0	0	0	512	-20485	-48	-31	0
8	2	1	5	41	42	up	2	512	654.716334551255	3992.43746754932	653.794479167778	1893.13613912687	436.783002319705	2099.13700595857	444.997644084655	886.555536520763	512	512	-1405.88299654604	3925.70006396595	-593.220978578092	687.33317950714	184	54	17	27	230	215	216	15	5	61	1822	18471	94	1117	9224	92	444	0	0	0	0	512	-20633	-47	-31	0
8	2	1	5	41	42	up	3	512	608.233555478129	3605.10005002729	612.343068940062	1634.09447903981	464.870363203761	2406.26141952313	447.844281471643	948.012611460041	512	512	-1414.3197753994	3964.33046399778	-593.556671530843	688.110206730066	186	42	6	28	250	232	210	17	7	46	1721	18764	54	965	9552	72	421	0	0	0	0	512	-20650	-47	-31	0
8	2	1	5	42	43	up	0	512	506.652772402821	2550.53794236147	544.192315923334	1244.62731442247	523.162159271262	2921.56840386282	508.627268522984	1257.79566798599	512	512	-1402.81293991971	3890.29938284531	-593.578673836552	688.161211929616	201	41	7	18	245	204	224	22	6	56	1848	19085	73	1010	9131	50	381	0	0	0	0	512	-21040	-51	-34	0
8	2	1	5	42	43	up	1	512	510.822469172194	2593.76582308223	551.474696197185	1307.63510118193	413.313378864075	1739.8116710887	435.181561752638	863.660409061628	512	512	-1395.8109265554	3854.9777780347	-593.555093596683	688.106818209922	199	33	3	20	257	221	233	12	4	42	1906	19015	74	1021	8944	83	428	0	0	0	0	512	-21006	-50	-32	0
8	2	1	5	42	43	up	2	512	523.862232585005	2785.47094971371	546.530425764718	1295.89584040764	425.774871700949	1929.80551648665	452.540871063533	918.946929354681	512	512	-1403.11855397537	3903.4316561375	-593.581465011455	688.16792600094	208	33	5	21	245	223	235	15	1	38	1822	19110	71	1013	9114	47	400	0	0	0	0	512	-21072	-49	-34	0
8	2	1	5	42	43	up	3	512	541.575758076568	3020.52563315738	536.153514972459	1263.94822369939	444.570733077827	2245.78129454433	458.870682982446	965.354310885201	512	512	-1403.94466548326	3902.87355802765	-593.594640283824	688.198233409631	205	35	3	24	245	229	206	16	6	55	1820	19059	71	1066	9044	72	388	0	0	0	0	512	-21139	-50	-32	0
8	2	1	5	43	44	up	0	512	643.859423525313	4037.6713046392	603.493018660329	1608.24427932064	485.324021982201	2742.17635953509	452.857141552646	980.759469440612	512	512	-1388.93162633891	3826.76033560412	-593.114989846216	687.086967453188	197	33	6	32	244	227	201	21	5	58	1836	19508	80	1104	8416	72	402	0	0	0	0	512	-21662	-50	-33	0
8	2	1	5	43	44	up	1	512	616.875388202502	3614.91152288305	599.465133703485	1577.22316562436	398.790836378138	1861.75693100705	410.65188044989	781.634644883464	512	512	-1391.38434000885	3835.24250565084	-593.331906888934	687.589191649519	184	34	6	28	260	254	198	13	5	42	1868	19530	62	1068	8606	60	339	0	0	0	0	512	-21620	-51	-34	0
8	2	1	5	43	44	up	2	512	706.949593469062	4600.30046159076	662.811356579543	2174.7609882492	462.008427179078	2657.73872207182	450.097763513943	1034.47831984984	512	512	-1401.48000220409	3884.66862154555	-593.451115253482	687.865814373878	193	43	16	33	227	245	179	20	6	62	1820	19559	70	1079	8643	54	402	0	0	0	0	512	-21679	-51	-34	0
8	2	1	5	43	44	up	3	512	632.177827388129	3790.71401870666	647.773704241293	1943.56475107332	402.663712081269	1865.00943013601	427.869390626435	906.045674401651	512	512	-1397.41650232028	3864.80803007346	-593.371003410529	687.679857512847	194	45	15	26	232	228	201	13	5	65	1929	19427	63	1109	8667	60	389	0	0	0	0	512	-21603	-50	-34	0
8	2	1	5	44	45	up	0	512	623.183148947192	3701.72923529783	633.202631198381	1782.24609733882	454.170289890018	2393.63548146755	451.224352727474	1039.68471095633	512	512	-1351.52717291415	3625.8104523623	-593.420526723461	687.794566576139	191	45	13	26	237	224	197	17	7	67	1927	20006	68	1039	7999	82	356	0	0	0	0	512	-22030	-49	-34	0
8	2	1	5	44	45	up	1	512	622.201626123751	3934.81418200991	592.115451424976	1600.50765598085	428.66622458064	2247.60194266518	427.340252414	936.27059452594	512	512	-1372.67958690613	3738.03334860378	-593.340275167137	687.608541193258	208	33	4	32	235	246	192	17	4	53	1958	19911	87	1084	8159	75	352	0	0	0	0	512	-22010	-51	-35	0
8	2	1	5	44	45	up	2	512	608.334368540005	3663.84777745026	607.772083261554	1661.49184261855	517.910126616573	2896.87231090148	467.759688783211	1068.21160087403	512	512	-1368.60178313991	3710.37999776373	-593.435295215982	687.828723732339	188	44	5	29	246	217	215	21	8	51	1955	19914	70	1101	8113	58	376	0	0	0	0	512	-22064	-50	-36	0
8	2	1	5	44	45	up	3	512	533.86652444631	3386.17486809756	555.568436218865	1783.81038608581	432.434151904122	2682.39063784716	422.005512423243	1063.0911085797	512	512	-873.73969768004	1589.6926011188	-593.303470354125	687.523138864047	148	236	40	13	75	181	76	13	25	217	2135	19801	76	1028	1594	532	92	0	0	0	0	512	-21800	-50	-30	0
8	2	1	5	45	46	up	0	512	607.807987296617	4058.54850525712	644.364153060656	2291.92577061292	525.473915316934	3709.17170583956	502.252985820392	1678.85987119634	512	512	-861.602084501907	1514.77003736754	-593.301705963002	687.519622151377	149	227	45	17	74	178	53	20	31	230	2292	20079	103	1078	1261	538	59	0	0	0	0	512	-22147	-51	-34	0
8	2	1	5	45	46	up	1	512	701.05070309126	4690.57738089497	647.157244274374	1954.03419645807	373.220992981278	1752.54768400638	397.514278654352	719.848858684643	512	512	-1280.49248442432	3308.86933279617	-593.463407020172	687.894073812423	176	79	16	34	207	224	182	13	3	90	2043	20304	84	1121	6835	156	292	0	0	0	0	512	-22484	-51	-35	0
8	2	1	5	45	46	up	2	512	698.758610463437	4609.36426366153	674.017182804299	2053.44781877634	424.721952670641	2144.90593466082	418.495629802495	905.747452273037	512	512	-1347.66768749227	3600.83132803192	-593.412104631051	687.774830242253	191	40	9	36	236	238	199	16	4	55	2023	20376	73	1080	7450	91	386	0	0	0	0	512	-22474	-52	-36	0
8	2	1	5	45	46	up	3	512	560.116777739065	3002.86598638548	586.16766712215	1443.40753237491	396.003105620015	1877.55942683066	416.326863114088	806.790476461356	512	512	-1334.18301731736	3534.45351862505	-593.413071842704	687.777203552202	197	27	7	22	259	248	198	14	3	49	1995	20418	76	1063	7556	87	299	0	0	0	0	512	-22485	-51	-35	0
8	2	1	5	46	47	up	0	512	872.723872049366	6237.29704446184	817.317740685589	2770.28351686174	469.920769734699	2665.80241086664	432.580647955569	907.423158639254	512	512	-1361.27640660226	3671.38233610941	-593.619395267758	688.255153931964	174	38	18	47	235	239	203	22	1	47	2071	20780	73	1140	7396	48	318	0	0	0	0	512	-22996	-52	-34	0
8	2	1	5	46	47	up	1	512	804.885734760306	5453.55854894194	775.207115184577	2368.58826554173	384.997784060952	1865.63234752855	376.671355201934	657.294887324593	512	512	-1364.17837642849	3691.02195021615	-593.551197964451	688.097496571107	161	32	10	43	266	263	186	14	3	46	1951	20922	89	1102	7292	67	331	0	0	0	0	512	-23053	-54	-36	0
8	2	1	5	46	47	up	2	512	742.803695435312	4679.01476348732	798.753067085516	2561.02014571213	435.300223246579	2372.05790233964	417.145334428583	867.3350762567	512	512	-1337.62683661707	3552.59974584784	-593.789815175792	688.651028002969	157	46	17	33	259	241	191	19	2	59	1998	20889	101	1076	7345	60	285	0	0	0	0	512	-22958	-53	-33	0
8	2	1	5	46	47	up	3	512	911.039466852489	6339.28789751574	866.582270572399	2972.47878118622	538.310569804383	3430.08186941105	457.077114364389	1081.00780730228	512	512	-1344.67535620945	3580.22500288107	-593.262213037204	687.427365445801	148	37	22	46	259	250	184	27	6	45	2097	20850	82	1035	7170	68	365	0	0	0	0	512	-22858	-53	-37	0
8	2	1	5	47	48	up	0	512	575.445824720007	3588.16695771808	521.963372683875	1298.93382381368	354.825574792209	1733.42891530203	330.325151434789	536.371227400445	512	512	-1332.10613022561	3516.16023666064	-593.270983250803	687.447774922256	216	46	4	29	217	267	163	13	3	66	2060	21268	95	1153	6679	65	313	0	0	0	0	512	-23485	-54	-38	0
8	2	1	5	47	48	up	1	512	556.151516153136	3155.4498333914	567.442262650329	1501.2236933935	299.881599442532	1239.26819714298	307.064123851966	475.899866355306	512	512	-1328.38895308182	3509.26343251828	-593.343246281587	687.615931408545	198	58	11	22	223	252	154	9	2	95	1963	21356	81	1176	6687	73	300	0	0	0	0	512	-23646	-56	-37	0
8	2	1	5	47	48	up	2	512	544.61552148938	3025.14872046386	571.992048112056	1603.71781450497	360.730083289396	1603.24962006087	337.250895493011	513.038882061511	512	512	-1350.302976446	3615.36728700673	-593.658038654907	688.34507626981	214	34	8	22	234	254	174	10	7	67	2071	21306	82	1117	6840	49	328	0	0	0	0	512	-23465	-55	-38	0
8	2	1	5	47	48	up	3	512	483.562602459071	2582.80235422865	474.461876726557	985.40475007114	302.088250565024	1105.0795000848	324.234150694151	467.240384820971	512	512	-1344.80506363017	3578.65068112767	-593.452504458206	687.868107064245	221	39	1	21	230	260	177	8	1	66	2055	21295	87	1139	6932	45	296	0	0	0	0	512	-23510	-53	-38	0
8	2	1	5	48	49	up	0	512	666.623355547813	4358.46764586076	648.835317389208	2006.63269573435	631.549150281253	3965.16074647805	579.782476861088	1625.43906887803	512	512	-1318.75497994447	3452.56815271214	-593.506825427327	687.994654708401	209	39	11	33	220	200	234	31	7	40	2232	21637	93	1126	6364	57	292	0	0	0	0	512	-23820	-56	-38	0
8	2	1	5	48	49	up	1	512	592.73791734783	3607.84515325309	611.362805248331	1720.65743090776	538.71944017127	3096.65987332382	558.036453831501	1573.06373838033	512	512	-1243.88431108046	3119.61100588748	-593.116371025644	687.089389020548	181	87	14	25	205	192	195	20	15	90	2108	21705	101	1174	5375	133	219	0	0	0	0	512	-23967	-55	-38	0
8	2	1	5	48	49	up	2	512	706.196304564688	4658.06947524998	686.818946993516	2206.63984606813	522.960533147511	2941.88447851062	508.062515094016	1378.02091839718	512	512	-1331.66472915987	3523.72784650261	-593.283066272107	687.476144298332	195	46	15	34	222	216	213	21	9	53	2073	21686	67	1262	6216	58	337	0	0	0	0	512	-24170	-56	-38	0
8	2	1	5	48	49	up	3	512	748.479970013433	4920.68632299744	694.999979363142	2128.78019405139	562.177827388129	3456.70182277852	543.410292307354	1435.31197865414	512	512	-1334.22106274993	3528.03158062661	-593.800057909672	688.674796148174	179	33	13	37	250	234	211	27	6	34	2095	21786	71	1136	6530	43	292	0	0	0	0	512	-23998	-54	-36	0
8	2	1	5	49	50	up	0	512	766.549150281253	5469.03602140458	704.43413002259	2291.42817532422	458.541612783142	2477.64152279364	416.504785168564	859.323365880556	512	512	-1322.63233689663	3473.00813705486	-593.475046087331	687.920855922089	180	61	9	44	218	234	187	17	9	65	2113	22170	82	1235	5892	45	330	0	0	0	0	512	-24575	-55	-39	0
8	2	1	5	49	50	up	1	512	624.740133286878	3644.92676779322	659.302723690678	1877.13431328565	395.653068963143	2014.51391865209	389.643343873701	807.28196307185	512	512	-1295.98165753178	3350.93607344625	-593.645293179274	688.315677520807	190	40	14	25	243	254	178	15	4	61	2041	22240	77	1242	5530	79	282	0	0	0	0	512	-24671	-56	-39	0
8	2	1	5	49	50	up	2	512	624.114265239694	3800.60772912035	647.910117823202	1914.6304749264	415.578863696583	2095.842274185	416.093587668907	917.468177884475	512	512	-1275.25702526223	3235.64719059792	-593.436162233816	687.83070221571	191	55	13	27	226	237	181	14	8	72	2212	22164	88	1136	5579	83	288	0	0	0	0	512	-24374	-56	-40	0
8	2	1	5	49	50	up	3	512	669.061049649064	4262.71997507577	659.609261938726	1972.60731012087	349.926387854085	1433.1949366172	379.792357990455	669.615913066252	512	512	-1311.56741270801	3414.92937366353	-593.304099320424	687.524979720111	193	42	11	32	234	241	192	10	3	66	2223	22051	94	1232	5961	45	277	0	0	0	0	512	-24441	-56	-39	0
8	2	1	5	50	51	up	0	512	637.779896699689	3795.90240425594	630.978853545336	1753.57727046692	367.236661098145	1609.42888698304	383.876545820635	689.191767598148	512	512	-1302.04863157473	3362.51340001305	-593.237560166696	687.37142111544	183	38	10	28	253	242	196	12	2	60	2254	22463	95	1300	5431	46	244	0	0	0	0	512	-24980	-57	-40	0
8	2	1	5	50	51	up	1	512	709.915151615314	4680.05123799576	669.650445580462	1948.77826142888	383.618627109395	1785.46536149148	394.533705822863	758.304685274058	512	512	-1292.83403323023	3321.78571206164	-593.250428018853	687.399677202857	177	46	8	37	244	246	184	12	6	64	2252	22472	79	1309	5444	56	255	0	0	0	0	512	-25025	-60	-36	0
8	2	1	5	50	51	up	2	512	684.737324227185	4357.12712271871	650.514494611389	1703.52839910701	450.90229255814	2311.44085635925	429.879250656965	875.885117722788	512	512	-1294.0593000855	3319.45252538923	-593.31467080312	687.549710337127	179	28	3	36	266	226	209	17	5	55	2305	22493	98	1216	5560	45	226	0	0	0	0	512	-24847	-56	-37	0
8	2	1	5	50	51	up	3	512	650.116777739065	3966.30057486672	636.554388440974	1709.37470460902	372.512492488456	1576.97902527265	382.892582025931	667.415229257811	512	512	-1310.88497855644	3418.56843047921	-593.405427120143	687.759732310633	181	41	9	30	251	243	195	10	6	58	2124	22630	94	1264	5433	44	297	0	0	0	0	512	-25072	-57	-41	0
8	2	1	5	51	52	up	0	512	700.793052317186	4454.79585979872	679.442987843773	2054.26181049003	363.443608780959	1723.66904858891	374.305148949597	755.671286546952	512	512	-1282.20515863555	3264.35927673224	-593.430682745829	687.818045215281	179	35	10	34	254	259	169	12	5	67	2353	22912	89	1270	4967	44	241	0	0	0	0	512	-25377	-59	-38	0
8	2	1	5	51	52	up	1	512	612.079823385946	3609.91781908005	627.221981519327	1752.67823468088	405.928900353455	2006.69931185732	387.662825381024	754.312639129473	512	512	-1274.20451017502	3226.6229480499	-593.339214911553	687.606916547671	179	57	11	26	239	247	186	14	6	59	2205	23083	77	1259	4823	71	228	0	0	0	0	512	-25558	-58	-41	0
8	2	1	5	51	52	up	2	512	678.106134620939	4137.18810235937	697.995534044709	2223.30866957513	362.663712081269	1487.01552810008	384.699192609544	659.352570612883	512	512	-1282.987161767	3276.56467266485	-593.425367152798	687.805876163091	187	44	20	27	234	240	199	10	4	59	2302	22925	92	1305	4821	68	259	0	0	0	0	512	-25466	-57	-40	0
8	2	1	5	51	52	up	3	512	698.153732092184	4374.32468353308	679.77187300313	2061.372438407	468.111752740324	2605.09725591617	429.449676427982	897.428875887499	512	512	-1299.40378254068	3347.01813830719	-593.515135356596	688.014038069575	187	28	13	32	252	237	205	21	2	47	2154	23131	97	1242	5104	40	235	0	0	0	0	512	-25534	-58	-41	0
8	2	1	5	52	53	up	0	512	660.193792065318	4095.4769627208	669.061061628559	1913.29255922153	346.005914679708	1469.88789563954	354.181188902794	640.060428107373	512	512	-1268.81589241043	3198.35078129324	-593.340333041288	687.608215937917	177	54	12	30	239	267	166	8	9	62	2254	23527	79	1276	4421	52	196	0	0	0	0	512	-26028	-59	-43	0
8	2	1	5	52	53	up	1	512	719.962749086559	4418.49491678511	708.321241258926	2136.51341724954	325.655878022836	1327.38950508752	346.786003429886	576.23843915848	512	512	-1272.95829575672	3224.86723228251	-593.734495252711	688.522606346671	169	31	16	31	265	253	180	10	1	68	2087	23782	73	1194	4430	71	249	0	0	0	0	512	-26110	-61	-42	0
8	2	1	5	52	53	up	2	512	605.190983005625	3248.90847390102	652.472287291932	1708.97296621887	348.71944017127	1511.21918687852	358.932142264924	630.439502393554	512	512	-1273.16926923585	3220.70587850372	-593.639375748225	688.301795003636	170	25	7	24	286	260	176	10	5	61	2250	23640	89	1157	4560	43	213	0	0	0	0	512	-25885	-58	-41	0
8	2	1	5	52	53	up	3	512	651.551959340945	4144.38888206973	663.097732211477	1895.66001221525	366.109536801276	1705.49291560574	369.760479829908	665.249966371804	512	512	-1253.09223245339	3127.48240234451	-593.661557112957	688.353577121806	183	62	11	31	225	232	182	13	2	83	2224	23562	84	1266	4285	57	190	0	0	0	0	512	-26012	-58	-42	0
8	2	1	5	53	54	up	0	512	770.366001334061	5026.76853223638	780.722634286097	2745.60018006436	426.157134272521	2225.91220253883	399.352774480431	876.415119179104	512	512	-1238.70889033287	3055.01704701026	-593.455254536613	687.874601744742	185	51	30	31	215	240	170	14	11	77	2297	24021	87	1243	3738	57	196	0	0	0	0	512	-26437	-60	-42	0
8	2	1	5	53	54	up	1	512	810.567627457812	5598.97518335887	734.931715947868	2396.19697966176	428.520623107212	2207.66306390081	405.088613188361	799.037162973827	512	512	-1253.83564467123	3128.69279707523	-593.560468303257	688.119525796437	169	59	21	40	223	219	183	15	8	87	2324	23913	91	1320	3951	59	157	0	0	0	0	512	-26491	-61	-44	0
8	2	1	5	53	54	up	2	512	666.273318890941	4219.79907869469	677.421771922629	2112.12646308852	403.467407516581	2003.78750578436	398.398647936288	778.281083042749	512	512	-1242.1937958422	3069.80995551465	-593.677649369341	688.390261231176	183	49	10	32	238	245	183	14	6	64	2370	23891	89	1298	3923	61	190	0	0	0	0	512	-26415	-61	-44	0
8	2	1	5	53	54	up	3	512	657.056024650323	3934.25224425804	703.325070300055	2070.62946124693	362.539100283771	1663.95477501133	372.959717162863	743.250212626242	512	512	-1236.53740820777	3043.33960330724	-593.371676056921	687.681677485196	149	72	13	28	250	256	172	11	6	67	2422	23872	92	1262	3933	64	187	0	0	0	0	512	-26321	-60	-43	0
8	2	1	5	54	55	up	0	512	870.970879705314	5901.80811236483	873.714054624899	2978.21604017127	317.343092279406	1239.36847372219	332.484881360731	512.284134020415	512	512	-1199.69156817921	2877.62083912518	-593.431206915391	687.819126740096	125	76	27	40	244	238	170	8	4	92	2423	24359	97	1281	3246	83	136	0	0	0	0	512	-26843	-62	-40	0
8	2	1	5	54	55	up	1	512	892.154028652506	6101.659306944	928.701867503527	3312.28987891531	317.343092279406	1377.18000321594	325.776137933741	544.405298946959	512	512	-1222.81014930281	2973.21214151003	-593.508887420789	687.999662769832	108	94	29	41	240	254	151	9	5	93	2341	24389	101	1329	3292	87	157	0	0	0	0	512	-26958	-61	-43	0
8	2	1	5	54	55	up	2	512	853.729193608429	5453.08443697024	883.153944110004	3075.57474944429	324.600149932835	1208.91533647784	354.796908892847	595.150278439774	512	512	-1246.13306218967	3091.71265691566	-593.572033440574	688.146278843179	143	38	31	34	266	249	187	8	3	65	2348	24422	85	1305	3538	53	186	0	0	0	0	512	-26964	-60	-42	0
8	2	1	5	54	55	up	3	512	945.464005336244	6692.53424204265	901.840203960838	3274.14359847852	416.056321210646	2232.96990664554	401.878876504184	851.580571360812	512	512	-1232.76531397685	3027.76965904478	-593.65340828363	688.334288191984	140	60	30	46	236	242	177	17	4	72	2342	24513	74	1231	3394	73	165	0	0	0	0	512	-26913	-60	-43	0
8	2	1	5	55	56	up	0	512	661.676571138443	4057.44963515847	700.93731076846	2012.02162280527	319.051296211905	1496.5842151528	291.245183628432	432.54249323692	512	512	-1231.15965105508	3014.21534996606	-593.662328366004	688.355320730578	167	56	11	30	248	262	145	11	3	91	2403	24876	67	1326	3185	48	143	0	0	0	0	512	-27499	-66	-44	0
8	2	1	5	55	56	up	1	512	751.222912360003	4826.61063650743	799.815199402423	2681.53521553406	290.483668754093	1308.36234743913	282.75825995422	451.396747125278	512	512	-1211.62358431823	2927.64359117813	-593.572489127095	688.146907388977	160	63	23	32	234	281	129	9	4	89	2422	24900	87	1263	3029	61	131	0	0	0	0	512	-27353	-64	-44	0
8	2	1	5	55	56	up	2	512	895.487804071866	6379.5523660209	851.310210225383	3055.60561209475	351.664008641592	1749.16777896881	317.918576965133	565.920544218213	512	512	-1224.90551362981	2984.13081265629	-593.700337935884	688.443464250669	154	41	16	49	252	253	147	12	6	94	2351	24993	87	1241	3040	49	133	0	0	0	0	512	-27406	-61	-44	0
8	2	1	5	55	56	up	3	512	785.288987007808	5020.76841896041	814.871605695942	2615.62137747777	251.844645089413	734.162049151625	267.323204399927	295.346780535437	512	512	-1226.23583363683	2994.0067158808	-593.699648695933	688.441360885583	149	38	17	36	272	246	150	4	3	109	2278	24983	78	1333	3022	62	172	0	0	0	0	512	-27585	-65	-45	0
8	2	1	5	56	57	up	0	512	954.031632794056	6565.31542331101	950.558162755561	3352.19846762631	346.690616436907	1743.33199921375	355.258145487735	732.004063750913	512	512	-1198.37746857862	2866.06228355768	-593.751659676051	688.562422994756	125	60	34	43	250	250	141	12	6	103	2468	25267	107	1342	2559	49	116	0	0	0	0	512	-27852	-63	-44	0
8	2	1	5	56	57	up	1	512	1114.35506165561	8294.24216278524	1086.86225417264	4327.34741273578	302.544718403157	1045.69375195408	328.597674511962	489.562092005298	512	512	-1214.06126402346	2933.54503736002	-593.72102320567	688.49150744392	114	64	36	58	240	230	180	7	2	93	2394	25392	95	1303	2660	44	122	0	0	0	0	512	-27924	-63	-45	0
8	2	1	5	56	57	up	2	512	981.896377878432	6928.76525670242	994.745434714739	3631.49713569328	331.586994315339	1609.07952840379	318.076172287479	546.279197079839	512	512	-1211.37692800246	2922.36415344061	-593.563342988925	688.125394656738	115	66	30	48	253	269	148	12	3	80	2539	25219	88	1338	2685	51	131	0	0	0	0	512	-27832	-63	-46	0
8	2	1	5	56	57	up	3	512	1058.07671776593	8091.80461027894	1001.925514098	3819.18487477171	344.653365523466	1505.60242408803	330.738925913267	522.953138242912	512	512	-1200.14796795397	2868.31024619068	-593.376416070809	687.692046644009	127	74	25	61	225	239	170	10	5	88	2520	25223	87	1354	2645	45	95	0	0	0	0	512	-27865	-61	-46	0
8	2	1	5	57	58	up	0	512	851.318107302493	5741.4309164814	880.223610591467	2994.0246814323	285.987734063471	1283.84876861494	272.260374700795	379.316023040476	512	512	-1204.33999713953	2882.78913376001	-593.691739684289	688.424096778801	140	41	16	43	272	279	120	8	6	99	2532	25773	64	1327	2331	45	86	0	0	0	0	512	-28379	-66	-48	0
8	2	1	5	57	58	up	1	512	1031.11367211905	7377.77716944064	1011.35474855654	3839.78672300014	299.579160256905	1456.09485827093	277.735595208698	411.834043507526	512	512	-1207.68723437047	2895.90400215869	-593.478120084907	687.9282169985	129	50	35	50	248	286	120	10	5	91	2582	25637	96	1381	2333	37	98	0	0	0	0	512	-28329	-65	-46	0
8	2	1	5	57	58	up	2	512	936.768957021241	6545.67093649232	930.557778236774	3331.98002827334	311.414785046596	1370.34117447884	301.022979465091	524.995918681978	512	512	-1210.46603468949	2918.25148791177	-593.426751627567	687.809459938581	144	48	29	45	246	253	144	9	5	101	2452	25788	83	1373	2258	45	103	0	0	0	0	512	-28473	-64	-47	0
8	2	1	5	57	58	up	3	512	911.994381880615	6281.56755429309	954.543601719125	3460.81412277828	264.40414192847	827.870054851188	286.655715804722	473.314837852905	512	512	-1206.42634686724	2892.97523544156	-593.538168506027	688.067653822098	142	38	23	45	264	263	150	4	5	90	2468	25767	101	1360	2366	40	110	0	0	0	0	512	-28405	-64	-46	0
8	2	1	5	58	59	up	0	512	1035.28617794812	7440.59793083746	1050.92803102208	4064.12618250528	285.359056956595	1381.57820214571	265.933949896993	488.536869922673	512	512	-1181.07329158389	2776.22923876272	-593.372189227178	687.683832262024	118	61	34	51	248	293	108	9	6	96	2717	26048	99	1344	1864	41	87	0	0	0	0	512	-28644	-64	-42	0
8	2	1	5	58	59	up	1	512	1044.98373876249	7686.33035671228	1015.19581982905	3932.62781467446	251.266374513475	831.903650291538	263.939001355536	311.790735649667	512	512	-1184.96892452456	2790.88184328487	-593.443064461411	687.847316671142	128	56	30	55	243	259	138	5	3	107	2670	26020	94	1424	1866	33	69	0	0	0	0	512	-28811	-67	-47	0
8	2	1	5	58	59	up	2	512	1161.33909697842	8817.91380725233	1096.73914149502	4490.48123506607	266.390986310973	1006.86407016308	261.716512563747	351.474905003052	512	512	-1191.32982644936	2827.87597520676	-593.473805106275	687.918349626559	115	66	38	62	231	271	125	5	7	104	2669	25958	115	1466	1859	47	80	0	0	0	0	512	-28801	-64	-44	0
8	2	1	5	58	59	up	3	512	1025.38699100999	7429.71040334481	1014.12562094029	3902.61932840156	268.072582448157	949.292532361263	272.108615969588	376.780150376143	512	512	-1196.08752549269	2848.85399348969	-593.62966112793	688.279401568174	128	62	34	51	237	266	146	6	3	91	2478	26288	105	1337	1882	36	71	0	0	0	0	512	-28879	-65	-46	0
8	2	1	5	59	60	up	0	512	992.774278580304	7312.5675259741	986.141819117078	3698.52441511563	234.507764050038	853.11032973302	245.632094655702	306.500267998447	512	512	-1181.85982894794	2781.62037166483	-593.608752380855	688.230904815993	133	57	22	55	245	284	112	5	4	107	2620	26629	107	1364	1568	28	65	0	0	0	0	512	-29256	-65	-48	0
8	2	1	5	59	60	up	1	512	1086.72135955	8262.85031669045	1047.51246752238	4183.74366929477	275.237254218789	1074.67574125178	254.312450206359	312.2131695108	512	512	-1177.14574666594	2760.94424569436	-593.562858159915	688.124771750153	120	90	36	58	208	252	130	6	6	118	2479	26648	113	1480	1351	46	53	0	0	0	0	512	-29515	-67	-48	0
8	2	1	5	59	60	up	2	512	996.822172611871	7337.79871054781	1010.5536619773	3895.50331208689	301.918850355974	1459.00387023277	265.879697007902	374.237870043545	512	512	-1184.05311945371	2790.63453371653	-593.4970464419	687.972226741217	130	77	30	52	223	275	107	8	10	112	2589	26626	110	1395	1513	37	62	0	0	0	0	512	-29318	-65	-48	0
8	2	1	5	59	60	up	3	512	997.302439185627	7494.51922368441	981.69820287614	3771.97227855534	228.781082940979	649.78524973407	254.488599379345	324.348326751143	512	512	-1172.3201271846	2736.84651768421	-593.606474228757	688.226228107285	126	96	29	54	207	259	128	3	4	118	2587	26654	100	1379	1306	39	57	0	0	0	0	512	-29341	-66	-48	0
8	2	1	5	60	61	up	0	512	1152.57265245655	8768.14191452502	1100.38043356735	4409.95634723502	279.961422828478	1217.49034804655	268.231120309959	418.670820181174	512	512	-1174.26976689594	2753.33846024326	-593.638629830883	688.300029771533	105	80	37	62	228	259	116	7	7	123	2630	27026	97	1479	1051	25	37	0	0	0	0	512	-29901	-68	-48	0
8	2	1	5	60	61	up	1	512	1015.11677773906	7086.01177114327	1063.37103725759	4044.51190129755	247.093868684409	1024.34120279783	258.382745212857	442.444070769161	512	512	-1172.84973668048	2739.42989358322	-593.622645851573	688.262950342417	97	103	48	42	222	294	111	7	3	97	2637	27067	109	1419	1023	24	57	0	0	0	0	512	-29811	-68	-48	0
8	2	1	5	60	61	up	2	512	962.323428861557	6885.88072155382	952.265488171945	3374.39672425164	303.223802040971	1361.41107451369	275.279005598805	375.200142013047	512	512	-1175.41381127124	2749.61500001112	-593.362693966266	687.660821672982	121	61	22	51	257	263	135	9	5	100	2631	27057	114	1430	1124	23	42	0	0	0	0	512	-29829	-66	-47	0
8	2	1	5	60	61	up	3	512	1037.4956381303	7520.16619310532	1010.07394001878	3781.81073864396	272.897564119721	1013.04333708526	269.444467895955	333.08052037807	512	512	-1180.12714682546	2770.00394453581	-593.545907823049	688.085670787475	117	49	26	55	265	259	147	7	2	97	2581	27119	107	1425	1102	22	46	0	0	0	0	512	-29887	-67	-49	0
8	2	1	5	61	62	up	0	512	1137.59645119218	8652.7132540939	1121.23167669861	4528.48177307308	230.613898670976	809.149881542482	238.610876789382	259.622131594201	512	512	-1179.14243808639	2768.91337832176	-593.634156246423	688.289670292924	111	68	32	63	238	279	115	5	3	110	2452	27778	97	1417	750	18	28	0	0	0	0	512	-30542	-69	-47	0
8	2	1	5	61	62	up	1	512	1038.93362879187	7485.32465521409	1031.8326995675	4056.87737415728	319.706581114096	1596.19527644509	294.370853089696	526.779805072993	512	512	-1167.64014516204	2715.4182789388	-593.458638390546	687.881825884271	114	92	45	47	214	269	119	10	8	106	2714	27438	106	1486	635	20	43	0	0	0	0	512	-30320	-70	-50	0
8	2	1	5	61	62	up	2	512	962.397634128117	6711.30015008186	986.040991517578	3588.16920847492	280.536884344723	1217.60265063996	277.79451170217	426.562269267749	512	512	-1185.95385312059	2794.6895089859	-593.733504492824	688.520852831806	126	55	30	46	255	263	132	9	2	106	2502	27666	96	1480	760	10	44	0	0	0	0	512	-30540	-69	-49	0
8	2	1	5	61	62	up	3	512	978.806207934682	6982.85339399148	1014.08872127796	3785.89968134371	281.6934254966	1180.29572293825	267.234249767002	397.460033723785	512	512	-1175.48308414198	2749.01928125109	-593.83346979416	688.751664487796	111	66	24	51	260	261	126	7	6	112	2570	27716	90	1368	702	16	30	0	0	0	0	512	-30381	-69	-49	0
8	2	1	5	62	63	up	0	512	1038.25454515406	7307.41886214822	1097.28060893458	4098.36233907746	261.165561451599	1059.690844567	251.428855847586	318.891650499607	512	512	-1158.13527374044	2677.95137576797	-593.566112091932	688.131479859179	97	86	43	46	240	277	115	6	6	108	2762	27863	115	1516	337	11	11	0	0	0	0	512	-30797	-72	-49	0
8	2	1	5	62	63	up	1	512	1110.5382106028	8230.7347102441	1136.07680590757	4564.11145715087	257.170883010662	898.259276748804	265.290413673909	361.943811915788	512	512	-1156.72915323666	2668.27816392782	-593.711623060866	688.469169113517	101	78	37	57	239	266	126	4	7	109	2727	27871	104	1554	338	11	8	0	0	0	0	512	-30903	-69	-51	0
8	2	1	5	62	63	up	2	512	1168.22512829905	8940.05976192406	1183.1327782032	4754.7299412578	279.934815033163	1178.32612780161	262.657959948329	345.831906501465	512	512	-1163.41380418281	2694.41451764023	-593.849508146858	688.788983306774	85	74	26	68	259	262	124	7	6	113	2686	28114	94	1362	359	10	18	0	0	0	0	512	-30765	-69	-49	0
8	2	1	5	62	63	up	3	512	1001.37132289312	6991.21833730879	1085.96002911751	4145.38580862646	247.926980974729	867.165183090631	251.736000887996	290.469075662178	512	512	-1161.35401692534	2684.05095134071	-593.755709036705	688.572213206934	102	88	41	44	237	255	126	5	4	122	2634	28055	103	1464	332	12	19	0	0	0	0	512	-30906	-71	-51	0
8	2	1	5	63	64	dwell	0	512	0	0	0	0	209.462975638486	705.642570596298	211.608047834664	203.095420279577	0	0	-1167.09631894063	2710.49084859926	-593.647135270384	688.31994167552	0	0	0	0	0	263	105	5	1	138	2670	28498	108	1492	0	0	0	0	0	0	0	512	-31396	-73	-53	0
8	2	1	5	63	64	dwell	1	512	0	0	0	0	223.45484501973	664.229041799388	215.250093890221	192.733557522742	0	0	-1148.56764875138	2624.1778107764	-593.607481386999	688.228383513846	0	0	0	0	0	271	111	2	7	121	2804	28299	130	1535	0	0	0	0	0	0	0	512	-31265	-70	-52	0
8	2	1	5	63	64	dwell	2	512	0	0	0	0	264.632375847536	1083.98261231551	228.626789114527	231.728884183649	0	0	-1172.99423127599	2740.25799379455	-593.873146914655	688.843702397259	0	0	0	0	0	284	108	5	9	106	2675	28482	88	1523	0	0	0	0	0	0	0	512	-31461	-71	-51	0
8	2	1	5	63	64	dwell	3	512	0	0	0	0	225.515894668794	842.441819204937	217.780227808558	241.718539010619	0	0	-1162.78115550356	2689.92568014772	-594.069445947451	689.299950904072	0	0	0	0	0	276	101	5	4	126	2563	28598	95	1512	0	0	0	0	0	0	0	512	-31557	-71	-50	0
8	2	1	5	63	64	dwell	4	512	0	0	0	0	195.667114261607	534.119674912057	212.866979552457	204.429552600388	0	0	-1168.7868341789	2711.84986806897	-593.699590542196	688.441685951379	0	0	0	0	0	277	106	3	2	124	2660	28468	118	1522	0	0	0	0	0	0	0	512	-31407	-69	-54	0
8	2	1	5	63	64	dwell	5	512	0	0	0	0	259.759796704727	1078.17116777873	228.00651534127	282.034163981076	0	0	-1153.85808522453	2647.39151332954	-593.817272492986	688.71495444628	0	0	0	0	0	279	102	5	9	117	2722	28413	117	1516	0	0	0	0	0	0	0	512	-31343	-69	-51	0
8	2	1	5	63	64	dwell	6	512	0	0	0	0	230.112642421291	887.344478331795	222.875813510641	269.698197369692	0	0	-1154.00972343851	2649.18551355332	-593.906562764492	688.921387427184	0	0	0	0	0	284	99	5	5	119	2775	28402	101	1490	0	0	0	0	0	0	0	512	-31309	-69	-54	0
8	2	1	5	63	64	dwell	7	512	0	0	0	0	233.478643755352	773.800381368274	230.096255492895	257.799911371534	0	0	-1162.54020125188	2691.6190835829	-593.639131111101	688.30090452817	0	0	0	0	0	277	111	3	7	114	2756	28344	107	1561	0	0	0	0	1	0	2	512	-31377	-70	-51	0
8	2	1	5	63	64	dwell	8	512	0	0	0	0	183.9617193888	461.755128060617	203.540365341997	163.154639493563	0	0	-1163.50339197866	2694.44676128713	-593.699371773533	688.441122447368	0	0	0	0	0	268	96	2	3	143	2679	28451	127	1511	0	0	0	0	0	0	0	512	-31381	-70	-54	0
8	2	1	5	63	64	dwell	9	512	0	0	0	0	217.022472477542	657.268536970868	224.913410815613	345.993099533911	0	0	-1168.1193551579	2718.18140976443	-593.782273430969	688.633331414994	0	0	0	0	0	280	104	2	7	119	2639	28508	102	1519	0	0	0	0	0	0	0	512	-31482	-72	-51	0
8	2	1	5	63	64	dwell	10	512	0	0	0	0	206.494608432541	644.657560635547	223.172693421317	207.359822572545	0	0	-1159.74409152911	2677.32221162861	-593.683910861631	688.405487023951	0	0	0	0	0	284	107	4	2	115	2746	28386	114	1522	0	0	0	0	1	0	2	512	-31334	-73	-48	0
8	2	1	5	63	64	dwell	11	512	0	0	0	0	244.4573575191	766.927985509823	237.372468481215	251.702991083251	0	0	-1151.66163152912	2641.0300745778	-593.625049417272	688.269172639147	0	0	0	0	0	273	120	2	9	108	2721	28460	103	1484	0	0	0	0	0	0	0	512	-31345	-70	-48	0
8	2	1	5	63	64	dwell	12	512	0	0	0	0	224.813012295357	782.776216063933	220.217225104252	218.622760510882	0	0	-1150.10128007098	2635.31542404159	-593.784897499943	688.638942395929	0	0	0	0	0	269	104	4	5	130	2768	28440	103	1457	0	0	0	0	0	0	0	512	-31271	-72	-49	0
8	2	1	5	63	64	dwell	13	512	0	0	0	0	211.322399163798	648.913108746537	222.087668033787	216.064203650633	0	0	-1167.90578893839	2715.17320610641	-593.799225866427	688.672892851837	0	0	0	0	0	256	111	4	2	139	2713	28439	98	1518	0	0	0	0	0	0	0	512	-31404	-71	-51	0
8	2	1	5	63	64	dwell	14	512	0	0	0	0	212.926980974729	671.982810548443	210.901777883267	202.69448767476	0	0	-1154.16136165248	2648.86330582671	-593.792231021941	688.656457841616	0	0	0	0	0	283	103	3	5	118	2750	28486	98	1434	0	0	0	0	0	0	0	512	-31275	-70	-52	0
8	2	1	5	63	64	dwell	15	512	0	0	0	0	272.523728727227	1209.51462662686	247.873066509006	347.112793193699	0	0	-1153.89237008523	2649.63952789835	-593.5267107073	688.041320638301	0	0	0	0	0	271	108	7	7	119	2791	28365	116	1496	0	0	0	0	0	0	0	512	-31264	-69	-51	0
8	2	1	5	63	64	dwell	16	512	0	0	0	0	224.234741719419	683.982895505416	239.055128037209	264.473185401414	0	0	-1146.63244562253	2615.46869917858	-593.521880375428	688.029517647658	0	0	0	0	0	262	115	3	5	127	2785	28399	114	1470	0	0	0	0	0	0	0	512	-31264	-71	-51	0
8	2	1	5	63	64	dwell	17	512	0	0	0	0	206.245384837545	722.912995470574	208.301142305481	206.946926629469	0	0	-1149.88622039591	2632.97550001076	-593.747395300655	688.552649248202	0	0	0	0	0	284	91	4	4	129	2831	28290	112	1535	0	0	0	0	0	0	0	512	-31269	-70	-48	0
8	2	1	5	63	64	dwell	18	512	0	0	0	0	194.537180905046	572.232175738394	211.074973057948	187.471983268421	0	0	-1175.08307629971	2748.99015810782	-593.758489882298	688.578523588866	0	0	0	0	0	280	97	3	3	129	2651	28434	100	1583	0	0	0	0	0	0	0	512	-31530	-72	-54	0
8	2	1	5	63	64	dwell	19	512	0	0	0	0	259.05691433129	1056.86421175804	240.327546384511	352.183648963135	0	0	-1170.05106115029	2724.83616748541	-593.95122289088	689.025703815878	0	0	0	0	0	268	112	6	6	120	2604	28594	98	1472	0	0	0	0	0	0	0	512	-31457	-72	-51	0
8	2	1	5	63	64	dwell	20	512	0	0	0	0	227.12609459911	825.609145069894	207.879603428076	209.694628500812	0	0	-1159.09250729046	2677.58359240694	-593.79960253428	688.673208571043	0	0	0	0	0	273	84	2	11	142	2733	28399	106	1530	0	0	0	0	0	0	0	512	-31382	-77	-50	0
8	2	1	5	63	64	dwell	21	512	0	0	0	0	181.473618756612	478.402493947402	197.576801908458	148.362258662432	0	0	-1149.49339142781	2631.05964304033	-593.718058049457	688.484158035221	0	0	0	0	0	273	97	3	1	138	2768	28374	105	1521	0	0	0	0	0	0	0	512	-31339	-69	-51	0
8	2	1	5	63	64	dwell	22	512	0	0	0	0	203.579456817228	465.46606946625	215.81515326902	199.88326762634	0	0	-1170.42758255508	2722.95545971683	-593.629555708946	688.279108248536	0	0	0	0	0	279	116	1	5	111	2668	28421	107	1572	0	0	0	0	0	0	0	512	-31469	-73	-50	0
8	2	1	5	63	64	dwell	23	512	0	0	0	0	240.163048952229	839.545116447192	226.252451548949	224.774052726612	0	0	-1152.32736198189	2646.19643732922	-593.524143146934	688.03465769846	0	0	0	0	0	267	114	4	6	121	2785	28364	122	1497	0	0	0	0	0	0	0	512	-31257	-71	-50	0
8	2	1	5	63	64	dwell	24	512	0	0	0	0	227.728163910671	903.244315028546	226.710439189834	266.477658494165	0	0	-1168.66798737007	2717.21930590334	-593.809587354143	688.696980031871	0	0	0	0	0	270	99	6	3	134	2687	28490	85	1506	0	0	0	0	0	0	0	512	-31438	-70	-51	0
8	2	1	5	63	64	dwell	25	512	0	0	0	0	240.163048952229	977.356645940937	223.703212386958	253.387155505754	0	0	-1164.99332770279	2697.03562607436	-593.66409057415	688.359611666094	0	0	0	0	0	283	95	5	7	122	2773	28318	108	1569	0	0	0	0	0	0	0	512	-31367	-71	-52	0
8	2	1	5	63	64	dwell	26	512	0	0	0	0	200.693722056922	500.837110747629	213.853295721046	216.585930042486	0	0	-1168.74730361351	2716.00004210596	-593.591747776314	688.191545659334	0	0	0	0	0	266	104	1	6	135	2713	28420	86	1549	0	0	0	0	0	0	0	512	-31447	-71	-53	0
8	2	1	5	63	64	dwell	27	512	0	0	0	0	203.00118624129	621.931062810848	208.265539539115	176.267800363943	0	0	-1154.26215232978	2649.71225296111	-593.807392116987	688.690998884173	0	0	0	0	0	296	100	3	4	109	2684	28576	97	1411	0	0	0	0	0	0	0	512	-31313	-71	-52	0
8	2	1	5	63	64	dwell	28	512	0	0	0	0	212.428533784737	611.59401343569	221.524763492488	206.293274778072	0	0	-1153.58068476295	2655.49563433537	-593.658251923919	688.345569534151	0	0	0	0	0	255	105	2	6	144	2729	28478	114	1447	0	0	0	0	0	0	0	512	-31284	-70	-49	0
8	2	1	5	63	64	dwell	29	512	0	0	0	0	215.139250216607	732.785306372052	202.397660051806	159.818898704608	0	0	-1154.87644618638	2659.37441812751	-593.810947711288	688.699022630926	0	0	0	0	0	277	101	4	4	126	2799	28407	116	1446	0	0	0	0	0	0	0	512	-31191	-71	-51	0
8	2	1	5	63	64	dwell	30	512	0	0	0	0	238.45484501973	955.034473329066	224.031492334191	245.748673927846	0	0	-1163.70821535703	2697.2618369584	-593.689041073422	688.416677300948	0	0	0	0	0	275	104	6	4	123	2658	28541	106	1463	0	0	0	0	0	0	0	512	-31394	-73	-53	0
8	2	1	5	63	64	dwell	31	512	0	0	0	0	237.473322196289	876.508556981782	231.635199625216	319.708163729888	0	0	-1162.03143355192	2692.51641718024	-593.779367340546	688.626964506201	0	0	0	0	0	284	104	4	7	113	2713	28407	110	1538	0	0	0	0	1	0	2	512	-31398	-71	-52	0
8	2	1	5	63	64	dwell	32	512	0	0	0	0	209.685591438166	669.681895853833	207.358774599775	201.910285497615	0	0	-1154.7519408919	2647.87209065209	-593.692848787181	688.425997130635	0	0	0	0	0	298	85	1	10	118	2806	28320	131	1511	0	0	0	0	0	0	0	512	-31238	-70	-52	0
8	2	1	5	63	64	dwell	33	512	0	0	0	0	222.855584767862	859.074223371464	214.127139707823	203.123393492952	0	0	-1164.3044530821	2700.16815330736	-593.856471734041	688.805484568535	0	0	0	0	0	269	86	4	7	146	2733	28474	95	1466	0	0	0	0	1	0	2	512	-31341	-70	-51	0
8	2	1	5	63	64	dwell	34	512	0	0	0	0	204.76260576442	564.405401334481	216.610086312909	210.620224788781	0	0	-1173.45331094801	2741.74513272668	-593.758595291072	688.578848161672	0	0	0	0	0	274	105	2	5	126	2682	28472	105	1509	0	0	0	0	0	0	0	512	-31419	-72	-52	0
8	2	1	5	63	64	dwell	35	512	0	0	0	0	201.168370511292	600.37796049618	211.433251242678	224.299745143371	0	0	-1163.01934073634	2695.19465276468	-593.993768876051	689.124309597625	0	0	0	0	0	292	94	2	6	118	2669	28531	109	1459	0	0	0	0	0	0	0	512	-31368	-72	-52	0
8	2	1	5	63	64	dwell	36	512	0	0	0	0	208.932302533792	627.998027139619	209.682598092778	164.968408933708	0	0	-1162.06597352529	2688.58874718254	-593.510166729747	688.002759328852	0	0	0	0	0	280	106	3	4	119	2763	28317	104	1584	0	0	0	0	0	0	0	512	-31408	-69	-50	0
8	2	1	5	63	64	dwell	37	512	0	0	0	0	170.592908995047	368.624305023088	190.225798670283	137.302229432813	0	0	-1154.77907381139	2652.39512029256	-593.657307538548	688.343595706077	0	0	0	0	0	284	97	2	1	128	2779	28338	135	1516	0	0	0	0	0	0	0	512	-31251	-70	-50	0
8	2	1	5	63	64	dwell	38	512	0	0	0	0	192.224098601293	452.681952491815	212.395878139401	176.239074926364	0	0	-1158.89076826758	2680.65120181931	-593.555767234412	688.107389843901	0	0	0	0	0	284	103	1	5	119	2686	28389	115	1578	0	0	0	0	0	0	0	512	-31450	-69	-51	0
8	2	1	5	63	64	dwell	39	512	0	0	0	0	196.645828025355	575.058808547352	214.240537628356	236.354122425571	0	0	-1158.92996488615	2670.38745124196	-593.715400882855	688.477940367823	0	0	0	0	0	289	100	3	3	117	2732	28369	114	1553	0	0	0	0	0	0	0	512	-31393	-70	-51	0
8	2	1	5	63	64	dwell	40	512	0	0	0	0	192.576944317858	570.213910165184	202.505618913867	176.072416595933	0	0	-1166.84697440485	2709.34066935719	-593.404435205243	687.758158457148	0	0	0	0	0	285	95	3	3	126	2699	28386	105	1578	0	0	0	0	0	0	0	512	-31473	-72	-52	0
8	2	1	5	63	64	dwell	41	512	0	0	0	0	251.972065946604	990.250271397658	227.574327830137	238.957580228411	0	0	-1153.2968002538	2649.19455808274	-593.839281352752	688.765757040796	0	0	0	0	0	269	108	5	7	123	2706	28505	95	1462	0	0	0	0	0	0	0	512	-31351	-72	-51	0
8	2	1	5	63	64	dwell	42	512	0	0	0	0	258.905694738477	1115.5511011353	233.055906292435	245.314849995529	0	0	-1170.25122788347	2725.65415162391	-593.659458014778	688.348145642461	0	0	0	0	0	275	108	7	5	117	2655	28392	105	1616	0	0	0	0	0	0	0	512	-31537	-70	-51	0
8	2	1	5	63	64	dwell	43	512	0	0	0	0	220.314268545042	700.311109443372	225.443537419137	280.172227196998	0	0	-1159.16300185862	2675.89211900392	-593.760458067225	688.582642913023	0	0	0	0	0	280	100	2	8	122	2626	28543	118	1481	0	0	0	0	0	0	0	512	-31398	-70	-51	0
8	2	1	5	63	64	dwell	44	512	0	0	0	0	231.74664108723	869.718398681262	224.813084414714	298.861287154779	0	0	-1144.06687757621	2608.08255544603	-593.651967906266	688.331073702584	0	0	0	0	0	279	97	4	7	125	2825	28296	119	1528	0	0	0	0	0	0	0	512	-31251	-72	-51	0
8	2	1	5	63	64	dwell	45	512	0	0	0	0	257.876574443792	1036.24115277055	243.613273567561	351.756917804052	0	0	-1150.43693512312	2640.04049298333	-593.683572495244	688.404549078297	0	0	0	0	0	268	107	5	8	124	2809	28359	109	1491	0	0	0	0	0	0	0	512	-31255	-71	-49	0
8	2	1	5	63	64	dwell	46	512	0	0	0	0	201.547824023172	619.262608920746	204.590531284017	205.47336538687	0	0	-1162.28136714718	2692.07431922398	-593.757297659051	688.575118728033	0	0	0	0	0	274	97	3	4	134	2655	28509	104	1500	0	0	0	0	1	0	2	512	-31427	-69	-51	0
8	2	1	5	63	64	dwell	47	512	0	0	0	0	228.680269879103	749.21379688922	232.470269638912	291.466043595589	0	0	-1163.84894938068	2694.1062956539	-593.677141872619	688.389246504174	0	0	0	0	0	281	102	2	9	118	2830	28206	114	1618	0	0	0	0	0	0	0	512	-31337	-70	-52	0
8	2	1	5	63	64	dwell	48	512	0	0	0	0	217.173692070355	636.94029471392	224.391205266824	230.342180643303	0	0	-1149.64053066489	2634.1962547079	-593.398534652459	687.743202818543	0	0	0	0	0	269	115	3	4	121	2841	28295	124	1508	0	0	0	0	0	0	0	512	-31228	-74	-50	0
8	2	1	5	63	64	dwell	49	512	0	0	0	0	257.399116929729	1172.36573624906	221.483495576401	259.78487586862	0	0	-1167.28874467311	2707.55214771414	-593.78642967163	688.64298128845	0	0	0	0	0	275	102	8	4	123	2690	28428	101	1549	0	0	0	0	0	0	0	512	-31462	-72	-53	0
8	2	1	5	63	64	dwell	50	512	0	0	0	0	213.881896002855	672.985859530477	211.76377284938	213.860601855199	0	0	-1169.91773418052	2718.39209088802	-593.911579242203	688.932927965541	0	0	0	0	0	281	104	3	5	119	2497	28790	83	1398	0	0	0	0	0	0	0	512	-31511	-73	-50	0
8	2	1	5	63	64	dwell	51	512	0	0	0	0	256.141762715977	1112.56628940748	236.11807914238	310.503034384097	0	0	-1155.89124978784	2663.93618730225	-593.831960306405	688.748759747036	0	0	0	0	0	279	105	7	5	116	2720	28441	94	1513	0	0	0	0	0	0	0	512	-31390	-72	-50	0
8	2	1	5	63	64	dwell	52	512	0	0	0	0	255.112642421291	1112.34447833179	238.242898951223	346.910819032433	0	0	-1153.28980598089	2653.37948808619	-593.608448398343	688.230531346444	0	0	0	0	0	284	89	5	10	124	2787	28379	103	1499	0	0	0	0	0	0	0	512	-31299	-70	-51	0
8	2	1	5	63	64	dwell	53	512	0	0	0	0	173.282635750987	410.749001777559	193.977537576655	153.257385429904	0	0	-1159.75257925758	2677.33421329813	-593.574830004314	688.152151299453	0	0	0	0	0	279	92	2	2	137	2788	28410	85	1485	0	0	0	0	0	0	0	512	-31310	-70	-53	0
8	2	1	5	63	64	dwell	54	512	0	0	0	0	170.969553447234	408.64556294035	193.121726935573	157.76898241971	0	0	-1161.30585760866	2685.34897064895	-593.752118747409	688.563026613727	0	0	0	0	0	291	90	2	2	127	2680	28492	105	1491	0	0	0	0	0	0	0	512	-31404	-70	-53	0
8	2	1	5	63	64	dwell	55	512	0	0	0	0	218.277017631601	814.921887545756	213.826651136257	209.901645143378	0	0	-1166.50424624566	2702.58201191311	-593.825361191011	688.73382602167	0	0	0	0	0	293	105	6	1	107	2531	28660	104	1473	0	0	0	0	0	0	0	512	-31509	-71	-52	0
8	2	1	5	63	64	dwell	56	512	0	0	0	0	223.330233222232	682.992014132525	227.04699109874	248.289131553265	0	0	-1143.63043184679	2610.63745368906	-593.628660982325	688.277675801359	0	0	0	0	0	263	114	3	5	127	2817	28404	97	1450	0	0	0	0	0	0	0	512	-31229	-75	-50	0
8	2	1	5	63	64	dwell	57	512	0	0	0	0	197.123285539417	615.104401682899	200.276106748053	159.066783275954	0	0	-1179.11386361252	2765.53730264724	-593.816588784224	688.714181520484	0	0	0	0	0	294	93	3	4	118	2622	28459	98	1589	0	0	0	0	0	0	0	512	-31563	-71	-49	0
8	2	1	5	63	64	dwell	58	512	0	0	0	0	262.422915665351	1198.57842869763	246.627729231937	369.817940495398	0	0	-1166.86461775543	2715.30139924784	-593.818576141203	688.717849758501	0	0	0	0	0	285	97	7	7	116	2611	28579	100	1478	0	0	0	0	0	0	0	512	-31459	-71	-51	0
8	2	1	5	63	64	dwell	59	512	0	0	0	0	226.319590104106	843.408365359542	220.371324079964	281.384912453478	0	0	-1153.63003884408	2649.34389082553	-593.6659646292	688.364300043467	0	0	0	0	0	277	102	5	4	124	2822	28307	105	1534	0	0	0	0	0	0	0	512	-31288	-71	-52	0
8	2	1	5	63	64	dwell	60	512	0	0	0	0	267.298303867853	1203.61800882609	239.885271476942	311.200228617612	0	0	-1171.77886677061	2735.24073015588	-593.805090622069	688.686537350208	0	0	0	0	0	273	102	7	7	123	2571	28634	83	1480	0	0	0	0	1	0	2	512	-31542	-70	-51	0
8	2	1	5	63	64	dwell	61	512	0	0	0	0	214.937624092855	615.289851526111	230.908922596344	277.462060032882	0	0	-1166.3611745943	2704.60333986356	-593.652113599185	688.33129722877	0	0	0	0	0	273	109	2	6	122	2680	28427	103	1558	0	0	0	0	2	0	4	512	-31447	-69	-52	0
8	2	1	5	63	64	dwell	62	512	0	0	0	0	223.481452815045	820.840046453699	216.759971418022	210.394610164888	0	0	-1166.95342356779	2714.81803674314	-593.774226129443	688.615359541543	0	0	0	0	0	276	95	4	6	131	2661	28480	89	1538	0	0	0	0	0	0	0	512	-31495	-70	-52	0
8	2	1	5	63	64	dwell	63	512	0	0	0	0	189.789213559735	527.293013784108	205.022867826048	163.07733750712	0	0	-1166.97814002543	2706.78675959547	-593.902723836083	688.912664047692	0	0	0	0	0	275	99	3	2	133	2595	28609	99	1465	0	0	0	0	0	0	0	512	-31461	-71	-52	0
# final_twist	64
# forced_steps	7
# sweeps_total	167680
# completion	PASS
