# format	twist_snake_sector_blocks_v2
# status	NON-CANONICAL floating-point engineering diagnostic
# L	8
# k	2
# chain	4
# kind	0
# kind_name	main
# base	0
# restriction	-1
# schedule	round_trip
# seed	202609308204
# seam_size	64
# start_twist	64
# chain_initial	coldAltT
# warmup_sweeps	512
# dwell_sweeps	16384
# dwell_long_sweeps	32768
# visit_sweeps	2048
# equilibration_sweeps	32
# post_forcing_sweeps	512
# block_length	512
# segments	128
# seam_order	x2_fastest_then_x3
# class_rule	class0_if_2W_ge_minus_n_else_classMinus
# action_density	minus_sum_logW_divided_by_6L4
# sampling	every_production_sweep_after_full_heatbath_sweep
L	k	chain	kind	segment	n	phase	block	count	sumFn	sumFn2	sumFi	sumFi2	sumBn	sumBn2	sumBi	sumBi2	sumPFi	sumPFi2	sumY	sumY2	sumS	sumS2	hF0	hF1	hF2	hF3	hF4	hB0	hB1	hB2	hB3	hB4	sec0	secMinus	secPlus	secOther	untMinus	untPlus	untOther	pure0	pureMinus	purePlus	flips	classMinus	sumW	minW	maxW	forced
8	2	4	0	0	64	dwell	0	512	0	0	0	0	284.054105271598	1165.18929175699	239.863680713607	263.231718066053	0	0	-1170.75042718036	2725.83258680144	-593.744747039866	688.546160377929	0	0	0	0	0	277	111	4	13	107	2678	28361	94	1635	0	0	0	0	1	0	2	512	-31561	-69	-53	0
8	2	4	0	0	64	dwell	1	512	0	0	0	0	265.513085609101	1124.1255463242	242.586164331201	326.750465651583	0	0	-1154.50326424975	2654.02726183152	-593.536191668449	688.062134929814	0	0	0	0	0	281	101	5	10	115	2748	28388	107	1525	0	0	0	0	0	0	0	512	-31349	-70	-51	0
8	2	4	0	0	64	dwell	2	512	0	0	0	0	244.460166578793	883.602905510873	236.233776199048	261.966284285469	0	0	-1162.1058380375	2689.66363270951	-593.669081636873	688.370957804986	0	0	0	0	0	264	111	4	7	126	2768	28340	101	1559	0	0	0	0	0	0	0	512	-31385	-71	-50	0
8	2	4	0	0	64	dwell	3	512	0	0	0	0	202.926980974729	661.070947837504	205.320944090701	166.595261993986	0	0	-1159.69182937101	2669.48041069865	-593.666966989323	688.365748109356	0	0	0	0	0	295	92	3	5	117	2676	28472	108	1512	0	0	0	0	0	0	0	512	-31410	-70	-53	0
8	2	4	0	0	64	dwell	4	512	0	0	0	0	187.049080272857	446.797502300185	208.940400992112	178.589247924082	0	0	-1168.261091022	2718.98967350027	-593.777686660493	688.623284007652	0	0	0	0	0	285	97	1	5	124	2683	28449	92	1544	0	0	0	0	0	0	0	512	-31476	-72	-52	0
8	2	4	0	0	64	dwell	5	512	0	0	0	0	211.521216227857	787.545173085174	210.232134551463	212.251964355821	0	0	-1164.57203002793	2703.03804689983	-593.890120905472	688.883364940081	0	0	0	0	0	285	93	5	3	126	2665	28530	115	1458	0	0	0	0	0	0	0	512	-31356	-71	-51	0
8	2	4	0	0	64	dwell	6	512	0	0	0	0	220.640506466292	719.955454667115	218.695869505034	235.874127094143	0	0	-1150.14248037045	2632.71927359159	-593.875615863257	688.850520060428	0	0	0	0	0	280	104	3	6	119	2860	28278	84	1546	0	0	0	0	0	0	0	512	-31316	-70	-50	0
8	2	4	0	0	64	dwell	7	512	0	0	0	0	229.76260576442	710.317264045421	226.832181345906	222.702630575408	0	0	-1142.76919130605	2602.52693297331	-593.495618197531	687.96905541916	0	0	0	0	0	262	110	2	8	130	2896	28269	113	1490	0	0	0	0	0	0	0	512	-31170	-70	-50	0
8	2	4	0	0	64	dwell	8	512	0	0	0	0	214.887217561918	674.001076121653	213.940990976701	190.848432186881	0	0	-1168.51069067044	2719.61749253166	-593.8524683626	688.795981652873	0	0	0	0	0	278	105	3	5	121	2661	28476	92	1539	0	0	0	0	0	0	0	512	-31488	-71	-53	0
8	2	4	0	0	64	dwell	9	512	0	0	0	0	205.21626454286	564.514909816767	218.993465234579	219.693475143467	0	0	-1153.30320546723	2645.58731850032	-593.637796226901	688.29824644861	0	0	0	0	0	265	105	2	5	135	2694	28493	126	1455	0	0	0	0	0	0	0	512	-31297	-71	-50	0
8	2	4	0	0	64	dwell	10	512	0	0	0	0	219.9852215641	758.155922868567	222.052476842342	222.322160239439	0	0	-1170.79628412503	2731.37485866907	-593.591406488776	688.19114390883	0	0	0	0	0	289	111	5	2	105	2642	28422	104	1600	0	0	0	0	0	0	0	512	-31539	-70	-49	0
8	2	4	0	0	64	dwell	11	512	0	0	0	0	213.635481467551	730.104684872807	213.669735516725	188.061572195828	0	0	-1167.02965545575	2709.95220968056	-593.709160523971	688.463822409605	0	0	0	0	0	256	98	4	4	150	2700	28464	87	1517	0	0	0	0	0	0	0	512	-31423	-69	-52	0
8	2	4	0	0	64	dwell	12	512	0	0	0	0	242.099486803795	959.803571945261	223.150007766538	231.487751299987	0	0	-1158.29517982593	2670.85388304418	-593.573370107135	688.149376423145	0	0	0	0	0	272	93	4	9	134	2814	28300	130	1524	0	0	0	0	0	0	0	512	-31232	-70	-51	0
8	2	4	0	0	64	dwell	13	512	0	0	0	0	182.20029986567	460.557397332298	202.66078302804	180.640105402173	0	0	-1158.28329240537	2672.71518250798	-593.749285279263	688.556760829053	0	0	0	0	0	286	95	2	3	126	2676	28472	91	1529	0	0	0	0	0	0	0	512	-31463	-71	-50	0
8	2	4	0	0	64	dwell	14	512	0	0	0	0	233.98270906473	950.092234073756	235.9468215833	357.212048792896	0	0	-1154.03261249377	2652.5254616861	-593.524539187154	688.036103863881	0	0	0	0	0	279	99	6	4	124	2760	28334	124	1550	0	0	0	0	0	0	0	512	-31334	-70	-50	0
8	2	4	0	0	64	dwell	15	512	0	0	0	0	217.828976972546	774.910003126522	210.16336220231	187.2177874596	0	0	-1159.18239377742	2674.2842708071	-593.466531578339	687.900787657526	0	0	0	0	0	272	96	4	5	135	2745	28317	123	1583	0	0	0	0	0	0	0	512	-31397	-72	-52	0
8	2	4	0	0	64	dwell	16	512	0	0	0	0	252.322102603476	1049.83070127466	235.971368831233	291.677319498256	0	0	-1152.48815581798	2642.84247986609	-593.451644790564	687.867144377075	0	0	0	0	0	283	105	6	6	112	2801	28358	120	1489	0	0	0	0	0	0	0	512	-31233	-71	-50	0
8	2	4	0	0	64	dwell	17	512	0	0	0	0	258.879086943162	1076.38688089035	233.61746152737	238.016779631351	0	0	-1170.45970606659	2729.03910360822	-593.813276577444	688.70573148991	0	0	0	0	0	278	116	7	4	107	2756	28330	94	1588	0	0	0	0	0	0	0	512	-31432	-71	-50	0
8	2	4	0	0	64	dwell	18	512	0	0	0	0	263.579456817228	1023.45997150218	246.716649126247	406.63661437824	0	0	-1159.40951715157	2672.1773396897	-593.740329341771	688.535933449424	0	0	0	0	0	267	110	4	10	121	2724	28450	113	1481	0	0	0	0	0	0	0	512	-31329	-71	-50	0
8	2	4	0	0	64	dwell	19	512	0	0	0	0	221.948267210982	779.767069117833	227.652385044142	243.592232330069	0	0	-1167.7629723997	2718.66486661083	-593.699235271127	688.441040355959	0	0	0	0	0	275	101	4	5	127	2651	28506	103	1508	0	0	0	0	0	0	0	512	-31431	-70	-52	0
8	2	4	0	0	64	dwell	20	512	0	0	0	0	217.98019656536	578.411584255521	220.451731051617	187.244245613237	0	0	-1150.27089558235	2635.05941376436	-593.698912870949	688.440414708918	0	0	0	0	0	249	119	2	5	137	2803	28400	104	1461	0	0	0	0	0	0	0	512	-31240	-69	-51	0
8	2	4	0	0	64	dwell	21	512	0	0	0	0	190.088843685669	469.4144916426	210.800959023766	175.400623916346	0	0	-1163.90879487117	2696.47013202146	-593.804520463297	688.685005116677	0	0	0	0	0	282	104	2	3	121	2653	28538	97	1480	0	0	0	0	0	0	0	512	-31419	-71	-52	0
8	2	4	0	0	64	dwell	22	512	0	0	0	0	185.29046980942	562.274691572916	204.511219191365	189.844071097295	0	0	-1155.94276521816	2664.25050970086	-593.709594396875	688.464487167393	0	0	0	0	0	294	87	3	3	125	2740	28399	115	1514	0	0	0	0	0	0	0	512	-31352	-69	-49	0
8	2	4	0	0	64	dwell	23	512	0	0	0	0	207.775761381916	626.946307721015	213.204574061643	184.618200085931	0	0	-1151.1684246647	2637.76902977608	-593.703998205898	688.451987288832	0	0	0	0	0	286	105	3	4	114	2754	28416	105	1493	0	0	0	0	0	0	0	512	-31322	-71	-50	0
8	2	4	0	0	64	dwell	24	512	0	0	0	0	193.279826691294	512.432728896819	214.615262368133	201.523907150125	0	0	-1160.33301964466	2677.25923802483	-593.673662053597	688.381221687222	0	0	0	0	0	284	100	2	4	122	2566	28658	82	1462	0	0	0	0	1	0	2	512	-31517	-72	-50	0
8	2	4	0	0	64	dwell	25	512	0	0	0	0	263.457654079422	1158.89786383637	239.912027624323	344.863943496121	0	0	-1159.40336705081	2672.62870835284	-593.627311123264	688.273688267145	0	0	0	0	0	250	104	7	6	145	2660	28503	89	1516	0	0	0	0	0	0	0	512	-31472	-70	-53	0
8	2	4	0	0	64	dwell	26	512	0	0	0	0	245.240063278482	923.721504301277	225.59190142864	219.440650847819	0	0	-1151.12830503982	2639.14389253559	-593.933754785947	688.984783677637	0	0	0	0	0	263	104	4	8	133	2711	28494	125	1438	0	0	0	0	0	0	0	512	-31256	-69	-51	0
8	2	4	0	0	64	dwell	27	512	0	0	0	0	244.231932659726	785.666622624675	234.7979758473	219.8256765823	0	0	-1171.2450486662	2729.87334098557	-593.60222352066	688.216248394612	0	0	0	0	0	267	123	3	7	112	2605	28494	93	1576	0	0	0	0	0	0	0	512	-31580	-70	-52	0
8	2	4	0	0	64	dwell	28	512	0	0	0	0	218.478643755352	600.441734247965	218.233121924414	202.033753286211	0	0	-1165.06166092176	2700.20788571246	-593.721569621	688.492975524639	0	0	0	0	0	281	110	1	8	112	2701	28441	97	1529	0	0	0	0	1	0	2	512	-31425	-71	-52	0
8	2	4	0	0	64	dwell	29	512	0	0	0	0	260.664305201914	1000.07391186256	240.154370702524	277.431515254473	0	0	-1159.87525714969	2675.92973633701	-593.584362538717	688.174394300155	0	0	0	0	0	266	118	5	7	116	2735	28465	95	1473	0	0	0	0	0	0	0	512	-31322	-68	-53	0
8	2	4	0	0	64	dwell	30	512	0	0	0	0	190.115451480984	508.578711887541	212.151441891975	226.290448895173	0	0	-1166.21918361754	2711.29301450016	-593.663314122358	688.357483660796	0	0	0	0	0	279	96	2	4	131	2785	28339	93	1551	0	0	0	0	0	0	0	512	-31364	-71	-52	0
8	2	4	0	0	64	dwell	31	512	0	0	0	0	208.45484501973	587.952434004072	216.46423951188	191.817286662495	0	0	-1158.20539078334	2676.08699589242	-593.796567566136	688.666572218528	0	0	0	0	0	275	113	3	3	118	2675	28518	85	1490	0	0	0	0	0	0	0	512	-31450	-71	-51	0
8	2	4	0	1	63	down	0	512	1294.40265912686	10181.1658815964	1233.21909821756	5107.08157722578	219.181526128789	619.377847220217	243.830471652853	270.940067750138	512	512	-1163.42853945642	2696.49647531135	-593.56630987464	688.132859504888	82	73	34	76	247	272	129	4	1	106	2745	27900	101	1510	349	5	16	0	0	0	0	512	-30836	-68	-53	0
8	2	4	0	1	63	down	1	512	1054.00502499874	7421.40951696919	1129.64700885884	4280.17556963144	233.277017631601	870.833750256696	241.24439599824	321.694380761001	512	512	-1150.33703219642	2635.93577905413	-593.626379566414	688.271769450598	88	64	33	51	276	281	114	6	2	109	2780	27893	126	1457	358	1	23	0	0	0	0	512	-30708	-71	-48	0
8	2	4	0	1	63	down	2	512	1216.76614796155	9330.21164464591	1208.13059303482	5072.93984521024	258.828680412224	803.122497342163	252.682882240455	279.950581807844	512	512	-1159.62330322805	2676.59968069918	-593.75804913911	688.576913150465	93	73	37	67	242	267	125	1	12	107	2651	28024	110	1471	353	7	17	0	0	0	0	512	-30879	-75	-50	0
8	2	4	0	1	63	down	3	512	1069.86193602468	7773.51603310742	1123.0126233616	4413.04272703373	183.683078938796	305.083285360592	220.954257535966	180.501978568191	512	512	-1162.49996753716	2695.73076733087	-593.613556222017	688.241323536585	99	86	39	52	236	268	112	0	4	128	2739	27916	113	1488	332	11	14	0	0	0	0	512	-30796	-72	-49	0
8	2	4	0	2	62	down	0	512	1018.50657780875	7597.26683783142	1030.36243357784	3934.23612626365	259.157727393166	1056.88854697632	244.279741776233	261.292457129734	512	512	-1174.53604331022	2745.53761231432	-593.81906814141	688.7190966376	124	87	31	54	216	266	112	6	6	122	2557	27687	82	1418	684	26	27	0	0	0	0	512	-30473	-69	-50	0
8	2	4	0	2	62	down	1	512	966.495934690622	6619.09671785534	998.984009059408	3626.44411538694	239.735997969104	740.788298716103	264.001417592772	389.133397331946	512	512	-1173.41031017913	2739.10244940248	-593.664647904404	688.360874140847	114	76	40	41	241	257	125	3	6	121	2703	27382	88	1571	683	25	46	0	0	0	0	512	-30449	-68	-51	0
8	2	4	0	2	62	down	2	512	963.304951684997	6790.60730433549	988.797034577546	3663.37309386477	324.00369874066	1640.25306550877	292.150653254285	492.810670051693	512	512	-1171.11872429208	2730.1697266937	-593.679492504645	688.394519216263	120	74	32	46	240	266	116	10	9	111	2652	27508	101	1483	698	17	29	0	0	0	0	512	-30405	-69	-50	0
8	2	4	0	2	62	down	3	512	1011.92298567375	7432.09355559735	1006.91469100997	3823.41480566274	274.507764050038	1172.38083956427	281.474403513955	474.264311713564	512	512	-1174.42010457836	2737.67755435191	-593.568687055339	688.138014338066	112	80	27	54	239	268	118	7	6	113	2658	27463	109	1514	695	21	33	0	0	0	0	512	-30401	-68	-51	0
8	2	4	0	3	61	down	0	512	1046.09268244312	7648.23939699312	1043.47012893584	4003.8647566742	284.706581114096	1204.47798220448	280.317679350366	453.338932995511	512	512	-1179.93089000971	2782.02681602627	-593.639901510054	688.303738323156	110	79	34	53	236	277	119	6	9	101	2629	27105	83	1415	1036	29	34	0	0	0	0	512	-29870	-68	-47	0
8	2	4	0	3	61	down	1	512	1012.05040653094	7394.56481681996	1024.43847328049	4023.22473696564	258.979900005037	1038.05256898833	255.98767379522	406.187231265102	512	512	-1180.01995093474	2776.61141385166	-593.523517201496	688.034149684446	115	94	36	50	217	280	109	5	8	110	2625	26970	97	1540	1019	37	60	0	0	0	0	512	-29972	-66	-46	0
8	2	4	0	3	61	down	2	512	898.227937358744	5836.82615138611	979.40133864586	3533.56797058077	265.210646423474	886.788128802158	266.893343154245	322.413845616292	512	512	-1177.90155652967	2763.00411061953	-593.600867508161	688.213010445867	128	54	37	35	258	251	146	5	4	106	2688	26976	121	1447	1114	19	44	0	0	0	0	512	-29766	-70	-49	0
8	2	4	0	3	61	down	3	512	802.652475842499	5040.4372409974	892.757435995047	2957.00758084089	300.184038628159	1318.42934008689	278.155340660779	402.150729794524	512	512	-1178.99284713175	2766.4155536229	-593.487010892665	687.948796174914	128	52	22	34	276	258	139	9	4	102	2601	27107	108	1416	1204	17	58	0	0	0	0	512	-29854	-67	-46	0
8	2	4	0	4	60	down	0	512	1017.39763412812	7538.27575822559	995.482349923922	3896.99173828819	270.711902673159	1108.85184591596	262.521708688221	353.76692993364	512	512	-1187.0234224989	2803.00722254363	-593.630590612618	688.28133370009	142	65	32	53	220	270	133	8	2	99	2578	26597	110	1435	1417	33	83	0	0	0	0	512	-29379	-71	-47	0
8	2	4	0	4	60	down	1	512	995.517220926874	7218.49183948409	1005.06448449722	3818.79845742656	253.024984976912	854.237990512552	257.16500045163	318.638782606205	512	512	-1189.46947584275	2819.38566489002	-593.538271362732	688.067158231876	114	87	32	50	229	266	129	4	6	107	2620	26552	90	1458	1457	37	66	0	0	0	0	512	-29400	-66	-48	0
8	2	4	0	4	60	down	2	512	1022.34722759718	7562.89884553207	1019.13634975797	3938.3712520894	283.099190243472	1044.36861531714	285.309691284894	412.129757682543	512	512	-1184.19835245426	2794.7842053233	-593.520591132682	688.027166586393	135	64	30	54	229	251	147	6	5	103	2605	26650	111	1354	1530	18	75	0	0	0	0	512	-29283	-67	-45	0
8	2	4	0	4	60	down	3	512	946.997190940307	6731.23637633007	982.490525163612	3620.39079824166	266.290173249098	1065.56312714948	258.71809753174	333.066380393716	512	512	-1177.35697525774	2763.94160005309	-593.621215893013	688.260222883146	121	61	21	50	259	277	121	6	6	102	2627	26574	113	1406	1494	29	63	0	0	0	0	512	-29288	-68	-44	0
8	2	4	0	5	59	down	0	512	955.594235253127	7114.56789412098	955.231742093876	3578.84729302561	281.340579780035	1062.76376526488	274.828965501238	379.388824989522	512	512	-1181.81385791342	2774.62265096376	-593.683440421877	688.403962561809	138	92	28	51	203	260	134	5	8	105	2463	26310	95	1340	1766	42	68	0	0	0	0	512	-28919	-65	-48	0
8	2	4	0	5	59	down	1	512	989.159053651247	7152.02670454454	1017.2262058575	3743.76252424841	269.030306535975	1028.61185422404	267.249579297951	353.70565544916	512	512	-1174.3414479058	2747.88061039292	-593.298709776226	687.512858001383	116	76	28	51	241	259	131	6	5	111	2625	26077	112	1394	1759	47	106	0	0	0	0	512	-28765	-66	-44	0
8	2	4	0	5	59	down	2	512	1072.14560147343	7990.11458696268	1025.02050557259	3891.10768099693	272.974578445974	1131.3078622284	266.450161964534	417.721278744359	512	512	-1208.48400803123	2902.81601512171	-593.654237490103	688.336680763181	111	66	27	59	249	267	124	7	5	109	2421	26281	91	1415	1862	36	108	0	0	0	0	512	-29052	-65	-46	0
8	2	4	0	5	59	down	3	512	1061.46651783561	7744.94438202964	1020.55512144974	3894.88588542396	231.29298230879	790.520752909916	250.581345751331	362.430520723548	512	512	-1203.26414496038	2879.26632021576	-593.461426523268	687.890078442711	122	62	36	53	239	276	112	4	5	115	2573	26134	82	1419	1913	26	78	0	0	0	0	512	-28924	-65	-43	0
8	2	4	0	6	58	down	0	512	943.963045646881	6533.27632460541	991.302212962231	3670.01401698794	276.040949654101	1272.17720910482	269.966347016925	399.606880176941	512	512	-1180.46078987396	2776.99715975276	-593.293045951193	687.499033002435	98	103	36	42	233	273	108	8	6	117	2515	25727	108	1346	1980	48	103	0	0	0	0	512	-28336	-63	-47	0
8	2	4	0	6	58	down	1	512	950.588617133742	6522.23634801108	982.841924118862	3619.77566509083	293.14959677441	1272.19231242003	273.648350201056	384.150507693259	512	512	-1199.5959526952	2859.73780972824	-593.404045128369	687.756848249677	128	54	33	43	254	266	124	7	8	107	2460	25790	105	1341	2264	40	106	0	0	0	0	512	-28399	-63	-47	0
8	2	4	0	6	58	down	2	512	891.697560814373	5984.87487846067	929.313608201817	3312.30923648475	316.640209905969	1514.04932177336	291.806339711801	495.605420051875	512	512	-1190.15570582189	2824.00789760352	-593.542897283655	688.078380944057	126	67	31	39	249	267	131	10	6	98	2484	25818	99	1295	2139	57	98	0	0	0	0	512	-28317	-64	-45	0
8	2	4	0	6	58	down	3	512	882.652475842499	6033.68945693644	912.812855569714	3205.38996268238	241.666817701285	880.584385066745	258.263570948388	323.002132336249	512	512	-1200.27608447476	2873.89459574363	-593.537905677966	688.066092906507	140	67	30	40	235	284	124	6	2	96	2460	25734	103	1399	2188	48	103	0	0	0	0	512	-28453	-63	-44	0
8	2	4	0	7	57	down	0	512	931.92579473344	6713.69253423747	941.403474088706	3336.7360683986	326.738213908152	1446.66924682185	306.794490925586	429.178783996236	512	512	-1211.89160930074	2922.40936550632	-593.53601882593	688.062634760817	115	85	21	50	241	258	158	10	4	82	2375	25393	98	1318	2603	50	138	0	0	0	0	512	-27954	-64	-47	0
8	2	4	0	7	57	down	1	512	1041.24671109563	7934.47964355596	1030.78992850929	3927.02832901384	268.499633431282	910.237820598607	287.460676230273	361.656575590045	512	512	-1210.07417230613	2918.64263813531	-593.504201706108	687.988625535398	106	98	24	60	224	260	154	6	2	90	2432	25323	96	1333	2670	58	129	0	0	0	0	512	-27908	-62	-46	0
8	2	4	0	7	57	down	2	512	859.562305898749	5869.4189471052	896.337464487387	3126.93217503139	326.438583782218	1524.91251404773	329.167199927971	663.373090588371	512	512	-1205.25871028735	2900.14668069237	-593.428831517055	687.813889148917	140	64	24	41	243	259	142	10	6	95	2415	25284	113	1372	2506	51	114	0	0	0	0	512	-27941	-62	-43	0
8	2	4	0	7	57	down	3	512	840.668440519688	5710.82324399903	871.573915907202	2969.68120224961	377.915744735958	1818.61128784422	350.311000769642	608.989658446695	512	512	-1204.52997115445	2892.40880375149	-593.428247063625	687.812542231166	143	65	23	40	241	255	170	12	7	68	2553	25285	99	1247	2684	44	144	0	0	0	0	512	-27696	-62	-38	0
8	2	4	0	8	56	down	0	512	951.899186938124	6933.61645128159	928.695367038759	3500.20537946916	264.00369874066	1023.53577126816	269.360346569403	367.623815039207	512	512	-1207.28859757117	2899.95712242304	-593.493757756926	687.964506629723	130	80	26	50	226	274	126	6	5	101	2341	24963	91	1277	2848	81	142	0	0	0	0	512	-27461	-61	-44	0
8	2	4	0	8	56	down	1	512	720.594235253127	4733.42820732726	730.922791399809	2340.65224744247	248.600446493158	888.438430395013	266.235782520431	325.746074407137	512	512	-1230.77189151314	3020.31610644744	-593.666480293567	688.365694759451	186	55	19	33	219	282	132	6	2	90	2313	24850	111	1398	3071	50	142	0	0	0	0	512	-27572	-64	-45	0
8	2	4	0	8	56	down	2	512	776.721359549996	5147.98723769205	788.431488727795	2581.36100787516	306.637400846277	1445.18593126606	295.586785396746	503.034584150496	512	512	-1231.93424713265	3017.04612321279	-593.706428288736	688.457717660668	164	38	13	39	258	292	125	9	7	79	2323	24917	95	1337	3159	48	141	0	0	0	0	512	-27510	-62	-43	0
8	2	4	0	8	56	down	3	512	737.154028652506	4790.48913032995	769.062298694971	2451.02922102003	261.818037294098	726.274436701999	272.831073277864	284.486458371549	512	512	-1211.16815945097	2918.80421116135	-593.3646100614	687.665346365351	160	70	20	33	229	245	158	3	5	101	2516	24711	99	1346	2948	85	169	0	0	0	0	512	-27321	-62	-45	0
8	2	4	0	9	55	down	0	512	746.92579473344	4624.37657286563	801.476413520776	2417.19987051806	413.043165593149	2287.87578466837	388.288042724287	843.803113984282	512	512	-1212.37368379513	2925.51715077324	-593.389164889539	687.722480889135	139	56	18	32	267	238	169	18	3	84	2443	24267	98	1352	3335	96	159	0	0	0	0	512	-26896	-62	-45	0
8	2	4	0	9	55	down	1	512	816.522542485937	5527.53144793153	839.783038180662	2834.00822234267	370.86031320628	1887.47174264545	364.936484802191	716.792603324655	512	512	-1206.44064242691	2905.61216028436	-593.627701368919	688.275062228116	159	61	24	38	230	236	160	14	4	98	2468	24319	100	1273	3289	78	145	0	0	0	0	512	-26776	-60	-43	0
8	2	4	0	9	55	down	2	512	1036.6891336353	7793.22372729809	964.171469923751	3509.88545601168	357.838730409705	1540.71150778545	352.27253394568	573.106342282224	512	512	-1228.56491115267	3005.25446662246	-593.541392082589	688.074821604428	145	32	18	61	256	255	190	11	3	53	2338	24510	79	1233	3420	55	147	0	0	0	0	512	-26900	-61	-44	0
8	2	4	0	9	55	down	3	512	854.71071643187	5531.61035331752	903.722343725285	3066.18393677606	319.677164259088	1282.17986162098	332.044913468585	553.462295397105	512	512	-1245.7195055155	3084.74375881864	-593.61361803508	688.242052406377	134	48	28	36	266	257	166	8	5	76	2308	24486	86	1280	3542	57	180	0	0	0	0	512	-26976	-60	-41	0
8	2	4	0	10	54	down	0	512	747.92830723281	4881.42196776824	726.032120063381	2291.82748528251	430.828087291579	2152.58683934997	425.431839986436	1002.47854754319	512	512	-1270.58575914785	3207.57634615829	-593.639928459348	688.303239678243	177	41	17	35	242	237	191	14	9	61	2212	24026	72	1338	4079	37	182	0	0	0	0	512	-26640	-59	-41	0
8	2	4	0	10	54	down	1	512	707.856911025942	4717.9662629647	695.005718838305	2106.23990670255	300.93451847284	1241.06744575162	330.545169879725	572.217440569473	512	512	-1240.30244597712	3060.08336714028	-593.209424186914	687.305511534292	183	61	14	35	219	265	156	9	2	80	2440	23765	99	1344	3892	59	158	0	0	0	0	512	-26375	-61	-43	0
8	2	4	0	10	54	down	2	512	852.800886375619	5861.57986349719	827.808054577789	2824.34212789691	313.268590452523	1294.79069636135	334.336185979908	527.828091319341	512	512	-1250.76531628674	3117.37817296079	-593.363403548598	687.661830634268	154	45	19	43	251	272	163	9	3	65	2286	23976	90	1296	4085	61	192	0	0	0	0	512	-26497	-59	-41	0
8	2	4	0	10	54	down	3	512	629.265484832508	3825.2794868634	671.156689105177	2000.0586655995	422.411679426581	2162.39537649966	397.246290293185	755.669392829024	512	512	-1268.68525366067	3202.61404107853	-593.289352267326	687.490842687184	180	58	11	28	235	241	185	15	7	64	2399	23767	86	1396	4120	50	170	0	0	0	0	512	-26499	-60	-39	0
8	2	4	0	11	53	down	0	512	655.742645786248	3914.34300574427	660.405588288871	1860.76225413535	361.43015660314	1643.32234252582	367.23750874137	614.685027737592	512	512	-1275.95822701742	3231.11014340749	-593.507515263105	687.996232820011	184	27	10	29	262	270	183	12	3	44	2285	23497	78	1276	4662	60	189	0	0	0	0	512	-25977	-60	-42	0
8	2	4	0	11	53	down	1	512	704.21507830157	4694.43139790425	673.536330818232	2082.61130183621	432.639913345647	2350.33165938586	392.350939754463	796.272621024707	512	512	-1207.60868346503	2920.47775308558	-593.737548485968	688.530246005123	181	70	16	34	211	238	169	16	9	80	2281	23569	87	1199	3903	61	160	0	0	0	0	512	-25885	-58	-40	0
8	2	4	0	11	53	down	2	512	685.440206600621	3967.37033330661	709.850613789775	2036.40849652976	329.348117278146	1253.85449843212	345.039762655019	537.943300573175	512	512	-1273.41071510264	3218.13275829863	-593.24773454366	687.394421319903	162	25	13	28	284	254	185	8	4	61	2190	23514	96	1336	4459	57	185	0	0	0	0	512	-26108	-58	-43	0
8	2	4	0	11	53	down	3	512	617.933925352196	3752.97857216879	661.606992397481	1884.11063735257	460.653068963143	2558.78442848333	438.520696483737	1134.18276086963	512	512	-1251.57907372718	3110.36294693989	-593.467826600334	687.904224417612	179	56	7	29	241	238	174	17	11	72	2308	23520	79	1229	4395	65	171	0	0	0	0	512	-25916	-59	-42	0
8	2	4	0	12	52	down	0	512	656.172505829066	4150.13948856078	660.26325003244	1865.37727896805	442.085441505331	2282.02154110717	416.647004496675	875.954042054982	512	512	-1270.78336007361	3206.67066894461	-593.481166337056	687.935009333035	193	46	11	31	231	225	195	16	7	69	2263	23054	104	1203	4959	64	210	0	0	0	0	512	-25364	-57	-41	0
8	2	4	0	12	52	down	1	512	661.623355547813	4058.20933195764	642.950024734111	1823.81402233281	328.995271561582	1233.40458008375	353.663153418754	523.886059357965	512	512	-1278.93823948849	3248.54023566865	-593.562474294431	688.124134033046	185	37	11	30	249	253	196	9	1	53	2283	22996	89	1256	5056	62	211	0	0	0	0	512	-25433	-60	-42	0
8	2	4	0	12	52	down	2	512	669.387287570313	4185.28228097452	678.488995246946	2024.9473269587	345.507467489715	1624.02792226115	355.418259209659	703.667408919	512	512	-1261.45622268933	3164.40687451201	-593.329281148401	687.583983407184	193	40	14	30	235	247	163	12	3	87	2255	23084	84	1201	4688	67	234	0	0	0	0	512	-25405	-59	-39	0
8	2	4	0	12	52	down	3	512	749.093275563765	5234.86929023844	751.55182012121	2708.71554901766	307.497120931912	1151.00395518974	342.81941904906	640.933966399366	512	512	-1198.92967676139	2894.37468977333	-593.285566678317	687.482483199441	164	103	21	37	187	238	144	4	12	114	2268	22974	89	1293	3843	174	159	0	0	0	0	512	-25498	-58	-40	0
8	2	4	0	13	51	down	0	512	648.488397192511	4063.84190603812	647.710019525188	1877.53367935107	390.629270227521	2067.38936349257	365.215484017966	699.595994970967	512	512	-1245.0802753443	3109.98478917502	-593.440528474578	687.84111406029	184	75	19	27	207	256	168	16	3	69	2187	22555	93	1277	4727	108	229	0	0	0	0	512	-25038	-57	-39	0
8	2	4	0	13	51	down	1	512	791.848780407187	5518.71071485371	772.579853079287	2721.91699144494	372.037844034086	1929.23141112564	353.71308310498	669.293657549339	512	512	-1264.52020804905	3187.68367492388	-593.4425559205	687.845434387301	179	54	17	41	221	261	155	14	5	77	2294	22491	79	1248	5036	78	237	0	0	0	0	512	-24910	-56	-39	0
8	2	4	0	13	51	down	2	512	706.872579142809	4482.03593644761	699.210156179595	2138.35134620585	382.26326889346	1704.50496993892	377.622975187084	608.814781177218	512	512	-1287.58012180113	3294.71653111613	-593.445834645251	687.852747132305	185	31	13	33	250	227	197	12	4	72	2236	22570	90	1216	5341	69	228	0	0	0	0	512	-24923	-57	-40	0
8	2	4	0	13	51	down	3	512	663.633998665939	4060.23976514	681.34210889922	2052.87361314878	373.793645437831	1617.9911645628	396.431054673065	794.688426091457	512	512	-1300.12999112187	3350.81336221068	-593.531279576641	688.051834326605	179	41	11	30	251	249	189	10	7	57	2298	22480	69	1265	5503	59	235	0	0	0	0	512	-24949	-57	-41	0
8	2	4	0	14	50	down	0	512	713.432372542188	4763.0785655581	673.982737566289	2002.25463792798	450.676867698766	2215.10355211317	444.334906417592	1019.69976123102	512	512	-1311.30307778596	3410.37166629487	-593.386228733466	687.715173844633	187	45	10	37	233	232	191	12	15	62	2150	22236	84	1130	5949	54	247	0	0	0	0	512	-24434	-55	-40	0
8	2	4	0	14	50	down	1	512	590.241389536563	3254.10301405235	620.307254871841	1718.5867578771	456.729786729074	2456.0668793718	444.381462085638	1029.47068540349	512	512	-1326.89665279702	3490.29111295188	-593.606490231597	688.22583517501	205	27	15	21	244	245	197	18	6	46	2163	22129	90	1218	6000	41	263	0	0	0	0	512	-24496	-57	-37	0
8	2	4	0	14	50	down	2	512	644.941759410629	3960.41612467509	636.872398438706	1643.81404747954	389.772359201578	1732.83606294497	385.592375266165	641.880321801715	512	512	-1313.11228216476	3417.42051010657	-593.603271553762	688.218679372115	182	46	9	30	245	237	210	13	2	50	2079	22216	80	1225	5905	48	251	0	0	0	0	512	-24609	-55	-38	0
8	2	4	0	14	50	down	3	512	629.010643118126	3981.79594475569	638.797353983685	1897.82678508064	416.379750072202	2135.93933186823	419.741382250177	897.205056783817	512	512	-1304.27909837269	3380.31886003682	-593.437091807993	687.832661375354	206	34	5	32	235	251	190	16	4	51	2192	22131	79	1198	5821	53	258	0	0	0	0	512	-24476	-56	-38	0
8	2	4	0	15	49	down	0	512	587.931116292503	3425.02704437243	586.468075436856	1387.59043788685	564.313082303753	3184.71096972462	572.679631048125	1489.92697654664	512	512	-1333.0830108071	3526.09140095408	-593.563324976979	688.125651103943	192	32	2	28	258	212	237	23	9	31	2173	21604	80	1231	6504	43	293	0	0	0	0	512	-24009	-55	-38	0
8	2	4	0	15	49	down	1	512	690.896674438754	4131.52560483838	704.364596275632	2168.84813886067	428.141169595332	2050.9668859825	462.503402195484	1100.29074700426	512	512	-1314.31737511774	3428.59359397624	-593.389718196483	687.723747551954	164	56	22	26	244	221	199	13	9	70	2102	21764	74	1148	6213	66	255	0	0	0	0	512	-23992	-54	-39	0
8	2	4	0	15	49	down	2	512	666.045084971875	4356.75636462724	643.837962014547	1915.90707819476	471.278937010327	2393.65058478276	492.756860470492	1201.99685323567	512	512	-1270.85667556184	3221.15544639497	-593.403366692517	687.754741382435	202	35	6	35	234	217	213	16	9	57	2162	21626	85	1215	5766	92	268	0	0	0	0	512	-23991	-55	-38	0
8	2	4	0	15	49	down	3	512	629.68972675594	3631.19120797939	656.776937762333	1931.26159152879	453.162159271262	2255.58059979095	501.795363742046	1180.40054659777	512	512	-1327.02312651669	3493.79158168291	-593.350343450017	687.632241361737	187	40	16	24	245	228	216	16	6	46	2226	21533	78	1251	6349	54	266	0	0	0	0	512	-23980	-56	-37	0
8	2	4	0	16	48	down	0	512	641.047894031567	4015.90855885799	610.339834920936	1830.1618454956	284.777977320964	1184.10386362207	291.643022072687	363.912059463922	512	512	-1314.66415421717	3443.13399690127	-593.55865613545	688.115116843236	197	51	13	29	222	283	146	9	1	73	2038	21267	77	1194	6448	87	280	0	0	0	0	512	-23584	-54	-38	0
8	2	4	0	16	48	down	1	512	566.952402528755	3382.62893039963	533.845133383315	1272.35138468736	268.348413838469	989.289455060239	280.914543082847	389.340404291374	512	512	-1350.11597269672	3611.35956690044	-593.558790565685	688.115095742298	212	38	4	27	231	275	139	6	4	88	1973	21362	75	1166	6856	53	313	0	0	0	0	512	-23626	-55	-37	0
8	2	4	0	16	48	down	2	512	513.236364537822	2695.34647951117	539.33495642292	1323.82089441669	281.109536801276	924.869856618252	300.023820164421	359.477089762981	512	512	-1338.01219634263	3556.13705655224	-593.554599150116	688.105565335145	205	47	8	19	233	264	169	6	2	71	2122	21178	75	1201	6701	56	293	0	0	0	0	512	-23528	-54	-38	0
8	2	4	0	16	48	down	3	512	458.639616785325	2065.00313393901	488.512039993343	1055.0124794265	289.677164259088	1091.26799891004	314.785337955504	448.986762672753	512	512	-1341.36968848049	3567.73902771636	-593.604915387369	688.221868172824	201	46	6	14	245	269	163	8	1	71	2100	21174	77	1225	6895	49	301	0	0	0	0	512	-23568	-53	-37	0
8	2	4	0	17	47	down	0	512	813.880413201243	5504.18468523046	816.918269349831	2830.48793775652	445.12239585845	2285.04564977353	429.219361360323	866.666381023867	512	512	-1345.04889070312	3591.21486171464	-593.488381521155	687.951839551592	168	33	16	41	254	231	214	18	2	47	2043	20883	75	1063	7350	48	305	0	0	0	0	512	-22947	-53	-35	0
8	2	4	0	17	47	down	1	512	707.050406530938	4207.25495341218	779.747618681459	2369.65434554249	322.364081955335	1166.90014820565	357.710437413526	562.182155959886	512	512	-1356.4113539999	3647.72052315176	-593.555403257839	688.10779463982	151	43	16	29	273	245	192	8	2	65	1999	20828	64	1173	7259	49	355	0	0	0	0	512	-23125	-54	-38	0
8	2	4	0	17	47	down	2	512	867.848483846864	5859.5523660209	839.707728912417	2835.37193237707	357.085441505331	1401.94559974624	371.260842176009	538.373202845345	512	512	-1352.02760223119	3624.07579357653	-593.614760187849	688.245174744159	154	30	21	42	265	237	208	10	2	55	1889	21005	80	1090	7341	58	327	0	0	0	0	512	-23130	-54	-36	0
8	2	4	0	17	47	down	3	512	823.127124296868	5572.86556160062	794.765454386808	2563.13310407771	415.151812713458	2055.80884865859	403.545902887043	807.490277407081	512	512	-1347.03278001946	3594.69294468562	-593.341766495501	687.612081928273	158	37	15	42	260	231	188	14	7	72	2049	20758	94	1163	7224	55	321	0	0	0	0	512	-23014	-52	-35	0
8	2	4	0	18	46	down	0	512	747.47464845437	5055.11179285157	692.447843573804	2028.55225038538	446.981819383763	2424.8511096222	417.137434288384	814.019764220722	512	512	-1359.4974816871	3658.29427620382	-593.651239932695	688.329508827072	178	29	4	42	259	244	197	19	3	49	2014	20358	65	1115	7787	68	342	0	0	0	0	512	-22540	-53	-36	0
8	2	4	0	18	46	down	1	512	774.184335188481	5734.82161096654	735.685597747632	2792.29009897455	366.155808014441	2137.06561448619	408.790990572879	1051.6398975894	512	512	-871.763408341579	1567.5989140088	-593.314686347387	687.549879739145	131	215	43	33	90	190	63	9	23	227	2214	20208	99	1031	1383	517	75	0	0	0	0	512	-22170	-51	-31	0
8	2	4	0	18	46	down	2	512	564.843755408446	3068.19143453132	611.731046525155	1661.60650841699	496.35595133658	2931.0791885759	478.991981257964	1274.99032408852	512	512	-1352.83377633924	3636.38573349836	-593.366255371347	687.669544467063	195	52	16	19	230	225	186	22	7	72	1978	20377	87	1110	7409	59	359	0	0	0	0	512	-22528	-52	-34	0
8	2	4	0	18	46	down	3	512	641.472135955	3898.53757421459	638.995136410339	1818.33267180105	477.334665100327	2636.21289068151	455.500135610072	1118.19379146873	512	512	-1355.08392542437	3640.00373637756	-593.382752658153	687.707426075973	196	31	10	29	246	233	189	18	10	62	2106	20297	91	1058	7814	48	348	0	0	0	0	512	-22347	-52	-33	0
8	2	4	0	19	45	down	0	512	654.061049649064	4089.36132795546	649.263181794126	1894.30249831273	404.446121280329	1965.63850213059	425.914266884186	988.614776612452	512	512	-1390.07046026522	3826.7804204011	-593.633255382577	688.288018897958	197	40	12	30	233	245	192	14	5	56	1913	19998	58	1071	8247	63	362	0	0	0	0	512	-22093	-49	-36	0
8	2	4	0	19	45	down	1	512	610.443015660314	3551.59846889829	645.783423247713	1911.50533013034	462.610496490639	2520.84506829611	438.956314819331	940.605346479352	512	512	-1376.93842059939	3753.96731436875	-593.633023769172	688.286872925005	209	35	17	23	228	234	199	19	5	55	1902	19996	70	1072	8145	55	361	0	0	0	0	512	-22085	-50	-36	0
8	2	4	0	19	45	down	2	512	588.886031320628	3252.23075978885	601.41318531898	1632.60294629648	506.578567136261	2865.30088637562	476.713926091186	1160.63147166597	512	512	-1376.08975398306	3756.17049685069	-593.234614730613	687.363655420652	198	36	15	21	242	232	199	20	10	51	2035	19766	84	1155	8216	75	391	0	0	0	0	512	-22014	-50	-33	0
8	2	4	0	19	45	down	3	512	544.363488834691	3122.16992174314	557.509782390193	1371.66403214694	446.679380198136	2052.07300565486	463.044576841933	965.731616825123	512	512	-1385.74138711648	3803.26396614347	-593.482683338673	687.939257032333	219	28	3	25	237	218	232	14	6	42	1993	19893	87	1067	8243	40	414	0	0	0	0	512	-21948	-50	-32	0
8	2	4	0	20	44	down	0	512	633.30776074469	3967.13034161468	603.247811578743	1665.81385451673	472.35846383595	2552.06083804571	448.953125069079	1001.60443835987	512	512	-1388.59365226928	3820.56916929929	-593.571327575532	688.143677805374	199	39	7	31	236	235	199	18	8	52	1819	19648	82	979	8694	58	408	0	0	0	0	512	-21540	-48	-32	0
8	2	4	0	20	44	down	1	512	624.339690099068	3976.03317065549	598.087346487886	1678.86302637445	346.180933008144	1390.04285566241	378.088160924698	592.58971718042	512	512	-1403.37200135257	3901.79595345138	-593.317866127926	687.557104022687	197	49	5	32	229	250	196	10	2	54	1827	19583	68	1050	8531	77	419	0	0	0	0	512	-21630	-49	-33	0
8	2	4	0	20	44	down	2	512	650.893865379061	4065.91443027013	632.854023924989	1819.61671301553	423.512195928134	2027.16712763202	420.676734952676	824.327962476403	512	512	-1378.50506318111	3771.07781169628	-593.452171343415	687.868531167848	201	30	9	31	241	254	207	14	6	31	1972	19320	75	1161	8538	84	350	0	0	0	0	512	-21584	-53	-32	0
8	2	4	0	20	44	down	3	512	587.880709761565	3389.02707269142	612.443066079222	1850.79719397824	519.042869032827	3171.96965177462	483.206062220018	1245.22984575364	512	512	-1391.04320274959	3831.72789184374	-593.550238751667	688.095173591028	217	35	16	22	222	225	192	25	5	65	1882	19489	68	1089	8655	56	400	0	0	0	0	512	-21628	-49	-34	0
8	2	4	0	21	43	down	0	512	615.570436517505	3595.05753419276	622.242618194283	1734.68921062065	387.963342207203	1730.85430019919	391.588166627372	695.679783291637	512	512	-1407.48641096173	3919.082116703	-593.378088440866	687.696401245457	188	46	13	25	240	239	208	13	2	50	1748	19168	75	1025	9041	71	415	0	0	0	0	512	-21152	-49	-35	0
8	2	4	0	21	43	down	1	512	538.209756742507	3095.71108300059	554.959213258683	1415.73944094644	442.459276897826	2164.63838885463	470.513884705037	1043.7599264391	512	512	-1398.21279268866	3875.07463803743	-593.515387823817	688.014373277566	216	41	5	24	226	225	219	16	4	48	1869	19042	75	1030	9025	64	411	0	0	0	0	512	-21046	-50	-32	0
8	2	4	0	21	43	down	2	512	694.962749086559	4369.66509339917	644.083807258965	1831.86435639343	456.931412852825	2435.75080472399	438.358586894806	965.334479195076	512	512	-1395.13395796548	3853.47578154762	-593.338186941233	687.60362227633	181	26	8	34	263	233	208	19	3	49	1904	18994	69	1049	8996	56	397	0	0	0	0	512	-21036	-49	-32	0
8	2	4	0	21	43	down	3	512	642.477457514063	3996.63483013076	607.021313057628	1679.04375766167	478.185958006884	2479.78719427546	462.756301298352	954.331152773337	512	512	-1407.02707617704	3916.98470660642	-593.438331143932	687.836064448648	193	32	5	32	250	226	221	18	6	41	1806	19037	69	1104	9048	80	370	0	0	0	0	512	-21196	-49	-32	0
8	2	4	0	22	42	down	0	512	508.236364537822	2629.98173442679	553.372695489939	1257.00941684802	557.331856040635	3331.87832390857	483.271921504817	1106.38150985788	512	512	-1427.69200397891	4037.04018634013	-593.583969846697	688.174484794705	197	45	4	20	246	202	227	27	3	53	1816	18622	68	998	9611	44	435	0	0	0	0	512	-20566	-48	-30	0
8	2	4	0	22	42	down	1	512	672.85410196625	4306.65608804802	645.094760838789	1931.49747431285	553.437990661573	3367.00601300709	496.461167332376	1195.93904422415	512	512	-1410.37137007531	3938.8634578991	-593.450773227775	687.864612051534	200	37	12	32	231	209	215	27	4	57	1904	18529	67	1004	9460	69	421	0	0	0	0	512	-20486	-47	-29	0
8	2	4	0	22	42	down	2	512	557.406061307195	3039.85096802724	583.743770671011	1551.44826761389	494.544125282512	2674.61097633532	492.254228880027	1201.37728884934	512	512	-1405.91346893369	3913.69885287	-593.263560428584	687.431314780431	199	47	13	20	233	220	212	19	8	53	1883	18510	76	1035	9548	68	417	0	0	0	0	512	-20523	-48	-32	0
8	2	4	0	22	42	down	3	512	603.886031320628	3543.03619131853	618.719736704094	1853.84860995632	496.199113624381	2677.32810066199	468.205030099782	1060.58445342081	512	512	-1429.35181032708	4040.36227842831	-593.119608786043	687.097446923067	202	38	12	25	235	238	215	19	8	32	1768	18521	60	1155	9487	59	416	0	0	0	0	512	-20786	-49	-30	0
8	2	4	0	23	41	down	0	512	649.538507163126	4025.68352888632	626.821224821619	1842.35832072296	621.424538483755	3796.84167948619	601.069687300639	1635.28365741967	512	512	-1412.94914284352	3955.29864422754	-593.452005112914	687.868086256591	198	40	13	29	232	192	238	29	8	45	1839	18133	68	952	9819	67	436	0	0	0	0	512	-19983	-47	-31	0
8	2	4	0	23	41	down	1	512	563.811826054068	3301.26421363425	563.882813884047	1450.64154712258	605.594235253127	3642.07565817102	593.399562599763	1616.67253809597	512	512	-1439.38093145002	4096.80909255685	-593.561509012598	688.122229649909	213	39	7	25	228	202	240	28	7	35	1609	18282	71	1030	9926	66	386	0	0	0	0	512	-20293	-47	-30	0
8	2	4	0	23	41	down	2	512	624.313082303753	4074.68047990429	567.339171265204	1530.62585873351	457.056024650323	2279.17630289711	507.904546741812	1154.22986474818	512	512	-1426.39054881414	4026.79292040316	-593.424238761929	687.80335220589	216	40	5	33	218	225	224	17	4	42	1787	18155	69	981	9996	76	448	0	0	0	0	512	-20060	-47	-31	0
8	2	4	0	23	41	down	3	512	557.204435183444	3019.4375525063	572.781823597168	1541.48924688914	641.750776405004	4034.84467183024	618.092100474027	1745.40914949071	512	512	-1448.48735067358	4149.34723846467	-593.42273722018	687.799567303476	195	42	10	21	244	188	241	32	6	45	1652	18318	63	959	10051	51	466	0	0	0	0	512	-20196	-49	-33	0
8	2	4	0	24	40	down	0	512	447.058833710016	2384.93936018722	451.301072689587	921.624223406938	328.043165593149	1310.71780398245	321.71729483517	462.656902107776	512	512	-1430.09122547061	4048.8271952975	-593.602351264701	688.216068517517	228	59	2	19	204	250	179	9	3	71	1647	17794	68	971	10304	103	433	0	0	0	0	512	-19678	-44	-30	0
8	2	4	0	24	40	down	1	512	435.475241575015	2274.21896032659	425.960274811207	839.697544194731	338.796454497523	1460.3955747326	327.147397758221	537.979110923497	512	512	-1442.89825916197	4128.75670965954	-593.418029122484	687.788263919287	236	53	2	18	203	256	172	10	4	70	1673	17783	63	961	10312	72	462	0	0	0	0	512	-19660	-44	-29	0
8	2	4	0	24	40	down	2	512	386.655581462514	1671.04268574847	404.090675592907	750.416183999242	343.443608780959	1484.94565638422	354.169534961362	607.00795291375	512	512	-1437.78677010081	4086.85112203547	-593.319683821817	687.56054225711	244	42	3	12	211	255	181	11	2	63	1766	17655	80	979	10475	69	451	0	0	0	0	512	-19561	-47	-31	0
8	2	4	0	24	40	down	3	512	432.509683428763	2271.1854781622	424.775299513946	835.244676709273	308.2447917169	1347.66614120183	316.8116347982	533.86862667853	512	512	-1442.11118660436	4108.61491782947	-593.433150249617	687.824050463445	244	48	2	18	200	274	153	10	2	73	1602	17889	62	927	10323	62	495	0	0	0	0	512	-19708	-47	-30	0
8	2	4	0	25	39	down	0	512	692.198817064058	4190.5101050573	733.825672289857	2247.83307670548	474.167480830325	2768.57142452586	444.544631462892	1006.84773485414	512	512	-1458.40874903498	4208.93823392819	-593.173571468338	687.222469652779	173	25	11	31	272	241	196	23	1	51	1652	17278	58	980	10891	68	449	0	0	0	0	512	-19196	-44	-28	0
8	2	4	0	25	39	down	1	512	842.54885372093	5868.60106477647	777.941983759301	2442.67971784873	409.321509482831	1991.04282734342	421.628005112552	893.626793767224	512	512	-1442.5913715077	4125.90579585365	-593.239827456732	687.37594432806	159	37	12	46	258	241	186	13	8	64	1652	17309	70	937	10670	96	500	0	0	0	0	512	-19136	-45	-27	0
8	2	4	0	25	39	down	2	512	756.320916362186	4714.23056155591	788.570116354457	2587.73588411154	407.008427179078	1674.95768239841	446.233501045622	968.805350824788	512	512	-1440.60848403181	4105.81193942897	-593.273136874924	687.453278360563	151	46	20	32	263	225	215	9	10	53	1559	17337	79	993	10655	83	470	0	0	0	0	512	-19260	-45	-31	0
8	2	4	0	25	39	down	3	512	769.787730758123	4925.60436862942	774.903880297372	2531.14852912263	490.448633779699	2750.41948516602	483.088484988459	1279.76188479689	512	512	-1473.87432161511	4296.65311466732	-593.466118970989	687.899584569259	158	45	20	34	255	247	178	17	15	55	1529	17426	47	966	10838	74	501	0	0	0	0	512	-19332	-45	-31	0
8	2	4	0	26	38	down	0	512	629.360679774998	3865.20619801864	621.121908903742	1625.98930439589	454.170289890018	2511.08226587692	439.355592465591	996.162694037831	512	512	-1455.96615757188	4195.21454288745	-593.328775560179	687.581347053328	208	23	7	30	244	232	189	19	5	67	1721	16662	80	993	11254	66	457	0	0	0	0	512	-18592	-45	-28	0
8	2	4	0	26	38	down	1	512	650.267997331878	4007.0665678629	649.167369070622	1970.86657768701	424.443312220636	2105.68087637016	439.921320793082	923.450614859926	512	512	-1454.6940319315	4183.95154824735	-593.212619432434	687.313081335339	194	46	15	28	229	246	207	16	3	40	1703	16787	75	891	11195	73	579	0	0	0	0	512	-18506	-44	-28	0
8	2	4	0	26	38	down	2	512	602.705691433129	3540.40703436697	609.464764639348	1514.39953238538	441.353142276887	2222.32222924985	437.267890993332	852.275148101542	512	512	-1479.72101721127	4322.09396324015	-593.545992504135	688.084969646338	190	40	7	27	248	234	214	17	3	44	1544	16937	61	914	11299	63	514	0	0	0	0	512	-18723	-43	-30	0
8	2	4	0	26	38	down	3	512	615.644641784065	3770.44647290047	604.373970752256	1582.50663299297	432.785514819075	2232.09426357212	431.884505680082	868.880517800036	512	512	-1459.03226070235	4209.9248756346	-593.487122069571	687.948658749815	197	37	5	30	243	241	208	18	1	44	1641	16846	59	910	11305	61	468	0	0	0	0	512	-18621	-43	-29	0
8	2	4	0	27	37	down	0	512	679.360679774998	4098.30653123583	663.346139940551	1968.73400425845	514.016261237512	2970.35864712031	483.538997986383	1197.6062740473	512	512	-1479.40821595869	4331.27749115171	-593.500798390318	687.980855926151	180	31	14	29	258	220	210	23	5	54	1586	16369	73	916	11685	72	513	0	0	0	0	512	-18144	-42	-22	0
8	2	4	0	27	37	down	1	512	633.358167275628	3967.14250922383	618.628818395703	1735.16378507374	389.220696420955	1673.20696263139	408.205820027979	726.502991636372	512	512	-1474.25660727265	4298.84688265797	-593.495343057495	687.968741458198	198	40	7	31	236	227	213	12	3	57	1606	16379	67	892	11761	78	495	0	0	0	0	512	-18116	-41	-27	0
8	2	4	0	27	37	down	2	512	574.61552148938	3039.89040656074	602.54665877504	1651.91519069816	416.554768400638	1900.28886036143	430.236645215512	848.613349245577	512	512	-1468.36435342294	4256.43759819452	-593.499664489577	687.977851441698	190	39	15	19	249	230	221	14	3	44	1644	16386	54	860	11622	76	544	0	0	0	0	512	-18074	-43	-28	0
8	2	4	0	27	37	down	3	512	523.384775070943	2727.43145454223	552.85073408372	1396.16162284366	473.464598456889	2512.37089968642	455.538492391743	917.352940989561	512	512	-1474.56996232901	4301.84127369719	-593.376425693472	687.692475494488	215	34	11	18	234	214	222	20	2	54	1630	16302	64	948	11803	71	482	0	0	0	0	512	-18141	-45	-27	0
8	2	4	0	28	36	down	0	512	613.458980337503	3690.08480511712	602.104158261469	1682.64202434848	445.674058639073	2306.3161029668	439.29881405143	851.54170386628	512	512	-1484.860923078	4361.58301121506	-593.306200432811	687.529292339396	196	39	8	28	241	245	204	17	5	41	1511	15931	57	933	12045	80	554	0	0	0	0	512	-17750	-41	-28	0
8	2	4	0	28	36	down	1	512	509.366297894383	2612.23397868483	554.307092333305	1289.05220758004	457.960533147511	2476.70210596843	427.800322152479	829.456296164122	512	512	-1498.74400187251	4442.73813285816	-593.389745604353	687.723977442577	202	41	6	19	244	244	202	19	4	43	1543	15889	83	917	12242	82	527	0	0	0	0	512	-17658	-43	-26	0
8	2	4	0	28	36	down	2	512	692.954915028125	4486.68042326631	660.577750807519	2096.35948119663	413.262972333137	1936.33442517799	429.880565034038	883.590553324684	512	512	-1477.96361030841	4325.94028598455	-593.228051264913	687.348698916837	198	43	16	32	223	242	210	14	4	42	1590	15929	72	841	12084	82	560	0	0	0	0	512	-17549	-41	-28	0
8	2	4	0	28	36	down	3	512	531.777384200319	2636.95734257052	585.938711478485	1414.03629758073	390.703475494081	1831.71455676748	407.507977300778	740.322186707986	512	512	-1489.03802406595	4389.14799617719	-593.509471505135	688.001078926796	181	37	6	19	269	237	199	14	2	60	1594	15849	55	934	12123	83	569	0	0	0	0	512	-17687	-42	-27	0
8	2	4	0	29	35	down	0	512	550.923282234069	3188.68372711926	546.538975518669	1376.55611749985	459.994975001259	2322.13370210562	461.441226397097	993.372582038181	512	512	-1490.99600216021	4395.64150285592	-593.18515933133	687.249611749413	213	43	7	24	225	232	220	17	5	38	1653	15334	72	861	12673	69	551	0	0	0	0	512	-17003	-39	-25	0
8	2	4	0	29	35	down	1	512	626.374131952817	3941.28239425048	599.144594128729	1681.23970231084	404.167480830325	1729.87852214151	414.356182441515	699.761975276736	512	512	-1505.55131406528	4481.22355446366	-593.348668559426	687.628051632671	213	47	14	28	210	233	223	12	4	40	1507	15442	71	900	12653	66	535	0	0	0	0	512	-17196	-41	-27	0
8	2	4	0	29	35	down	2	512	557.254841714382	3175.25515164512	553.336451468867	1304.9189796569	409.520326546889	1774.96369540551	426.302399638537	753.97145261285	512	512	-1501.49696980358	4455.66838712702	-593.340679717663	687.610031744745	198	42	4	25	243	226	221	12	5	48	1557	15455	48	860	12594	71	565	0	0	0	0	512	-17126	-41	-26	0
8	2	4	0	29	35	down	3	512	521.501552810008	2626.77804732936	572.925957214115	1509.76700633884	443.437990661573	2126.48938520086	463.696742193518	954.165099012911	512	512	-1508.71170521525	4501.41246906717	-593.462960951214	687.892799477055	200	41	11	17	243	225	228	16	3	40	1480	15515	57	868	12656	74	513	0	0	0	0	512	-17206	-40	-25	0
8	2	4	0	30	34	down	0	512	682.225424859374	4374.56789412098	616.806576148401	1655.70764814642	401.732595788767	1628.31940681975	433.713661551499	798.59192433582	512	512	-1507.13950991499	4485.82429834906	-593.314388866076	687.548341371332	186	33	6	35	252	212	231	11	4	54	1565	14945	50	848	13047	82	547	0	0	0	0	512	-16601	-40	-27	0
8	2	4	0	30	34	down	1	512	651.952402528755	4048.17604802619	625.975924793844	1880.71161974796	513.942055970951	2754.24021824385	513.625381902194	1201.56747622349	512	512	-1518.59011113051	4557.51784635492	-593.289525172916	687.491168313198	192	53	16	28	223	195	229	20	7	61	1419	15090	44	855	13007	93	591	0	0	0	0	512	-16768	-40	-26	0
8	2	4	0	30	34	down	2	512	676.498743750315	4467.2306181939	607.117802788103	1812.53699151508	480.724465170011	2618.9574275275	461.401133779926	938.547440623415	512	512	-1514.87175586776	4536.99233202801	-593.39912285471	687.745290741424	201	47	11	34	219	224	219	21	2	46	1424	15065	68	851	13072	94	545	0	0	0	0	512	-16707	-40	-26	0
8	2	4	0	30	34	down	3	512	584.565114958442	3382.76570980627	589.653431591667	1465.71099947915	459.21507830157	2361.10324060427	465.10993720144	1045.24781615308	512	512	-1518.56056174916	4559.37568590142	-593.449797674595	687.862670740609	195	38	6	26	247	245	212	17	6	32	1484	15078	57	789	13068	76	597	0	0	0	0	512	-16614	-39	-24	0
8	2	4	0	31	33	down	0	512	566.700369874066	3244.75656286017	567.45337212296	1439.51028964402	667.050406530938	4143.24275748405	627.583699476888	1810.29731974325	512	512	-1536.47898902204	4670.5717463213	-593.36379549734	687.663041138901	201	32	3	26	250	191	240	30	13	38	1477	14438	61	920	13515	73	635	0	0	0	0	512	-16234	-38	-23	0
8	2	4	0	31	33	down	1	512	447.859720085635	2013.97267243766	503.20795299318	1070.38672091347	597.504065309378	3651.16379546008	586.117649216034	1460.30683556489	512	512	-1531.05106054904	4628.28619135474	-593.484663440069	687.943919299438	214	38	5	14	241	198	249	31	0	34	1330	14728	56	782	13517	83	595	0	0	0	0	512	-16229	-38	-24	0
8	2	4	0	31	33	down	2	512	592.90731755688	3746.44350887541	565.637913566333	1615.33168739531	606.273318890941	3485.63500004471	619.597918660432	1605.87509815688	512	512	-1527.42359361369	4610.86918832817	-593.435238507061	687.828257740491	226	45	10	28	203	183	256	26	8	39	1382	14605	56	853	13430	90	618	0	0	0	0	512	-16271	-39	-23	0
8	2	4	0	31	33	down	3	512	527.154028652506	2790.15487506591	561.293190989983	1490.51699573712	618.660606461254	3852.58025996306	609.315856055654	1663.77049050652	512	512	-1521.422808086	4576.53833028158	-593.472047975845	687.913763209646	212	37	10	19	234	200	231	30	7	44	1453	14580	62	801	13625	75	515	0	0	0	0	512	-16136	-37	-22	0
8	2	4	0	32	32	down	0	512	418.767037642515	1902.36796398035	431.566608622125	842.701294702492	285.531266225338	929.79992826442	327.793267708529	485.291893161449	512	512	-1536.59630711961	4662.38134435653	-593.566639076936	688.133632122269	220	52	3	14	223	261	174	6	2	69	1364	14218	49	753	14006	83	573	0	0	0	0	512	-15691	-37	-22	0
8	2	4	0	32	32	down	1	512	390.300223246579	1793.25856877403	412.198518119343	787.434016037775	306.78862043909	1110.87598290131	340.151543727028	620.398198876226	512	512	-1543.90442615469	4705.75957289075	-593.474198868908	687.91886012849	249	53	6	12	192	253	167	6	6	80	1524	13983	65	812	14092	64	635	0	0	0	0	512	-15551	-39	-23	0
8	2	4	0	32	32	down	2	512	431.5043618697	2094.00008495697	440.238745382892	963.80658849246	421.783002319705	2298.48345715074	385.48749630947	781.970773624767	512	512	-1535.99232839386	4660.56012579226	-593.442939706701	687.84736925023	235	46	5	15	211	251	180	18	3	60	1414	14056	63	851	14055	89	551	0	0	0	0	512	-15723	-38	-21	0
8	2	4	0	32	32	down	3	512	418.793645437831	2020.62032151436	431.524203635328	1009.60683715861	287.613305550332	893.462340828436	318.712952488171	401.950877930886	512	512	-1555.01654307525	4770.67353405408	-593.435198992617	687.82858711347	229	63	6	14	200	273	185	6	1	47	1370	14189	40	785	14086	55	656	0	0	0	0	512	-15726	-38	-25	0
8	2	4	0	33	31	down	0	512	732.376644452187	4472.2640437203	759.364452456915	2454.11140400035	399.371916013769	2018.50177936193	402.940391728131	806.682982865896	512	512	-1531.3145782319	4639.99541616867	-593.375271365971	687.689268763365	159	46	22	29	256	248	182	15	4	63	1242	13890	48	692	14226	115	581	0	0	0	0	512	-15229	-36	-23	0
8	2	4	0	33	31	down	1	512	837.071396206868	5530.66800078625	831.883908378643	2812.96182628974	403.669033640332	1983.47143113655	393.84599579148	728.326722585756	512	512	-1561.32530525455	4816.80453534145	-593.356056059293	687.645324854252	150	37	21	39	265	233	194	15	3	67	1308	13712	66	786	14285	102	671	0	0	0	0	512	-15240	-37	-23	0
8	2	4	0	33	31	down	2	512	814.509090308119	5232.65591813408	828.836382506687	2975.43540645356	421.783002319705	1984.50175104294	418.274818831878	825.047792563515	512	512	-1544.03864087506	4709.55241524665	-593.244506337761	687.386423707118	162	39	29	33	249	223	211	14	5	59	1353	13666	58	795	14284	102	647	0	0	0	0	512	-15208	-37	-23	0
8	2	4	0	33	31	down	3	512	731.848780407187	4919.98732264902	693.813036425724	2092.6017329884	560.19660112501	3278.53492169843	532.082763370124	1527.38206571793	512	512	-1572.24566433626	4881.24684741547	-593.363857110099	687.663312047444	175	42	6	40	249	212	205	22	14	59	1339	13602	53	878	14447	89	646	0	0	0	0	512	-15307	-36	-23	0
8	2	4	0	34	30	down	0	512	507.83311229032	2571.16100134896	542.721202195596	1323.38201933349	421.83059979095	2044.00917526509	426.957050563865	768.377000251152	512	512	-1537.76193169587	4677.33473402901	-593.387770359049	687.719130674294	201	37	5	19	250	243	208	15	4	42	1362	13259	41	698	14747	118	616	0	0	0	0	512	-14631	-36	-22	0
8	2	4	0	34	30	down	1	512	664.787730758123	4238.23352558098	651.718463773541	1842.67504916558	439.66873708001	2515.55920027873	423.659135439988	989.497551992695	512	512	-1566.90351950879	4850.0581383229	-593.266548105052	687.437475565129	202	28	8	33	241	272	178	20	3	39	1275	13331	42	712	14817	82	667	0	0	0	0	512	-14724	-35	-20	0
8	2	4	0	34	30	down	2	512	586.59955681219	3542.17901205126	577.030552342018	1510.43244142791	485.146194594073	2702.97563646272	448.722177328194	934.308108593137	512	512	-1566.03628653558	4847.13644273989	-593.16319778967	687.197759790827	211	34	5	28	234	233	209	21	4	45	1396	13100	53	811	14914	75	618	0	0	0	0	512	-14682	-35	-21	0
8	2	4	0	34	30	down	3	512	546.700369874066	2988.03926861955	567.439149355194	1419.12478479751	439.493718751574	2240.69304397931	437.545033229291	942.229959370639	512	512	-1559.1377354231	4804.08176275172	-593.2585204606	687.419433423055	209	30	7	22	244	245	201	16	6	44	1377	13123	52	808	14777	92	680	0	0	0	0	512	-14702	-37	-20	0
8	2	4	0	35	29	down	0	512	626.448337219377	3764.33097973008	605.289672267802	1727.62672362961	408.087954004702	1675.19166108324	445.336108535734	875.711428170788	512	512	-1572.82196662621	4884.7405832334	-593.32328605401	687.569313390096	198	38	12	27	237	219	231	11	5	46	1234	12788	36	790	15295	103	666	0	0	0	0	512	-14332	-34	-20	0
8	2	4	0	35	29	down	1	512	525.849076967509	2650.48325891781	572.657319549919	1454.91887824176	426.127717417513	2205.51374873814	440.794374291935	964.49131526691	512	512	-1575.72260066518	4905.21344403487	-593.342160832641	687.61275048315	188	46	9	18	251	248	197	17	3	47	1219	12842	50	737	15214	99	666	0	0	0	0	512	-14281	-35	-21	0
8	2	4	0	35	29	down	2	512	642.578270575938	4017.02391043342	605.226766377532	1645.14369603043	426.528160605323	1892.4012479118	460.388595755621	914.133179440517	512	512	-1574.18688683053	4900.31987643664	-593.548320890386	688.091222741488	199	35	8	31	239	229	229	13	5	36	1291	12807	48	702	15200	107	717	0	0	0	0	512	-14179	-34	-21	0
8	2	4	0	35	29	down	3	512	539.188470506255	2822.66851052808	553.54746868959	1366.65997955355	532.557280900008	2991.05764746873	503.279120728316	1185.10715278451	512	512	-1564.89878839653	4836.80079624407	-593.405664533215	687.760136916924	200	33	8	20	251	208	231	23	5	45	1289	12775	56	728	15263	113	633	0	0	0	0	512	-14183	-34	-21	0
8	2	4	0	36	28	down	0	512	654.511899367811	4072.24879881013	626.247052242322	1861.47092587753	519.819956672823	2919.24315394992	492.920531430958	1274.75310725285	512	512	-1570.05861305288	4869.1083071173	-593.358598204668	687.650830989421	217	33	19	27	216	221	206	20	11	54	1158	12420	66	692	15543	98	690	0	0	0	0	512	-13753	-34	-19	0
8	2	4	0	36	28	down	1	512	601.021286236252	3519.66229928805	585.185997070692	1527.11387151809	379.446121280329	1505.74493331185	428.152321576745	871.583521377734	512	512	-1600.35630894018	5053.49923752482	-593.521869281523	688.029628452403	200	34	9	26	243	229	218	10	4	51	1195	12367	48	726	15722	84	710	0	0	0	0	512	-13777	-33	-21	0
8	2	4	0	36	28	down	2	512	557.231042978759	3096.96041987155	571.440227310791	1451.3705753823	494.74294234657	2792.87829558958	482.791246857176	1148.54671541918	512	512	-1583.2370012785	4957.00620196412	-593.316369157565	687.553244777749	188	51	7	23	243	241	205	21	6	39	1304	12250	52	730	15577	119	700	0	0	0	0	512	-13672	-36	-19	0
8	2	4	0	36	28	down	3	512	531.148707093443	2951.5864428841	536.918942204382	1358.8133118312	479.695344875325	2657.09426357212	458.178270324391	960.859981915561	512	512	-1572.34112215198	4883.44847511255	-593.301381869948	687.517725200656	223	36	9	21	223	225	210	21	3	53	1280	12336	46	674	15734	117	636	0	0	0	0	512	-13649	-32	-19	0
8	2	4	0	37	27	down	0	512	599.565114958442	3576.48910201096	570.519776219065	1421.53925657958	462.35846383595	2441.69609296134	456.755073330687	984.895961650494	512	512	-1596.4907003505	5033.56973617339	-593.21021158005	687.307110296857	199	41	8	27	237	227	214	19	3	49	1229	11838	50	707	16022	101	774	0	0	0	0	512	-13216	-31	-19	0
8	2	4	0	37	27	down	1	512	629.989356881874	3846.56490177693	607.733103627745	1695.66937632241	439.896970999077	2182.06699264776	455.687959045036	1060.66301744429	512	512	-1602.82863438589	5067.90233366735	-593.487808214485	687.95097203538	206	27	9	29	241	233	205	15	7	52	1189	11923	45	667	16141	102	729	0	0	0	0	512	-13225	-33	-20	0
8	2	4	0	37	27	down	2	512	592.904508497188	3372.1394319228	588.292239537791	1468.89001206715	410.777680760641	1893.48653445177	433.095077436645	882.30057195837	512	512	-1580.71843304011	4935.13740483364	-593.310377690965	687.539245286487	191	23	3	27	268	226	214	14	3	55	1304	11823	43	654	16107	102	680	0	0	0	0	512	-13102	-31	-18	0
8	2	4	0	37	27	down	3	512	573.986844382504	3311.41917365712	580.158181352209	1523.85679253456	506.302735745949	3001.4741402907	478.734189421334	1189.46184887967	512	512	-1609.4721036428	5111.63625811486	-593.308245205362	687.534421940807	196	33	2	27	254	235	194	23	6	54	1159	11861	37	767	16140	94	727	0	0	0	0	512	-13380	-32	-17	0
8	2	4	0	38	26	down	0	512	537.201626123751	2898.9328091193	563.057735610216	1416.24898783757	432.610496490639	2095.03963676643	440.89404257334	877.669336137754	512	512	-1606.44001361488	5094.35697866465	-593.415560084391	687.783742180843	216	20	5	22	249	230	212	15	5	50	1134	11462	57	659	16631	88	703	0	0	0	0	512	-12729	-32	-18	0
8	2	4	0	38	26	down	1	512	576.676571138443	3452.99675278503	574.162597103816	1607.39155480632	411.154325212828	1992.23118457371	430.627479810507	871.620866675099	512	512	-1602.98224102506	5076.21110447076	-593.469183472032	687.907907676536	211	44	8	26	223	237	203	15	3	54	1144	11454	47	667	16516	114	706	0	0	0	0	512	-12748	-32	-17	0
8	2	4	0	38	26	down	2	512	679.538507163126	4392.76556821132	631.128490135421	1908.39749695535	507.809313554697	2885.93611297225	497.011075693657	1222.01639162829	512	512	-1619.40135709475	5173.75377151075	-593.310079550765	687.537711048309	198	45	14	32	223	231	204	21	8	48	1088	11455	50	719	16579	109	760	0	0	0	0	512	-12861	-30	-17	0
8	2	4	0	38	26	down	3	512	529.21507830157	3085.81443688082	522.836496924009	1170.61865200274	537.002809059693	3056.28854885253	512.472162239198	1326.76853290441	512	512	-1612.66792251673	5131.0211561165	-593.463451079566	687.893849132044	225	42	5	24	216	227	218	22	9	36	1011	11584	31	686	16495	92	700	0	0	0	0	512	-12945	-32	-18	0
8	2	4	0	39	25	down	0	512	512.382262571572	2615.27962845836	552.002947772637	1353.12668107341	584.138063975317	3304.37363715956	588.562969320656	1483.11982311174	512	512	-1607.68023560072	5108.45900321617	-593.39986855042	687.74653100336	193	47	6	19	247	193	247	24	9	39	1113	11017	47	623	16956	102	712	0	0	0	0	512	-12227	-30	-17	0
8	2	4	0	39	25	down	1	512	560.445824720007	3200.2794868634	589.779537338525	1560.69532125292	595.193792065318	3571.57119797393	573.714288929832	1447.39465698517	512	512	-1626.00541819886	5219.91834043372	-593.455232886662	687.875017958974	212	45	12	22	221	201	232	27	8	44	1062	11053	38	647	16944	118	777	0	0	0	0	512	-12311	-31	-18	0
8	2	4	0	39	25	down	2	512	470.095788063135	2312.70515495047	508.845510799546	1081.89784046448	432.859720085635	1741.16114294392	508.904313957302	921.118111867288	512	512	-1623.15071993871	5201.43990616361	-593.334055741363	687.59458468778	210	40	2	18	242	198	266	13	1	34	1004	11117	34	645	16887	109	763	0	0	0	0	512	-12387	-30	-19	0
8	2	4	0	39	25	down	3	512	622.931116292503	3877.83857386617	607.772193368919	1734.72299981321	625.244198596256	3800.85387541432	608.350167487526	1651.93203250167	512	512	-1633.90195512417	5259.71586623096	-593.359312152969	687.653018041834	208	40	10	29	225	184	242	29	8	49	1046	11073	31	650	17096	95	714	0	0	0	0	512	-12357	-30	-19	0
8	2	4	0	40	24	down	0	512	400.878493822517	1882.59900695911	402.644756934178	816.051535877925	376.658390522206	1855.89388032764	365.157927587423	637.414835298988	512	512	-1643.15606738857	5329.98462837305	-593.154976506838	687.179831990066	236	56	3	14	203	259	176	14	3	60	1012	10599	48	629	17402	112	804	0	0	0	0	512	-11821	-29	-17	0
8	2	4	0	40	24	down	1	512	412.106431181261	1659.65964677189	429.551452359313	755.472831381358	297.79113293846	1140.10984831018	318.558430227873	517.001014536446	512	512	-1641.40354531062	5319.00297978794	-593.458969780934	687.883736438639	216	35	2	12	247	275	165	8	2	62	1038	10570	38	642	17353	94	796	0	0	0	0	512	-11828	-29	-17	0
8	2	4	0	40	24	down	2	512	410.626461167828	2089.98495332277	406.821163011506	810.892427807146	303.271399512216	1027.84865533897	338.412222797699	530.895093791449	512	512	-1637.84266302601	5286.56668533881	-593.373694850192	687.685929415964	249	53	3	16	191	243	178	6	4	81	1061	10560	40	627	17582	113	725	0	0	0	0	512	-11781	-28	-17	0
8	2	4	0	40	24	down	3	512	371.88381538158	1654.34371371904	393.232699360105	778.133686148389	343.844051968768	1309.64468505163	381.368651947891	733.939711737853	512	512	-1638.30241059167	5294.62928013823	-593.339085105552	687.605841504795	249	54	3	12	194	252	194	8	5	53	1084	10527	44	633	17455	101	788	0	0	0	0	512	-11763	-29	-16	0
8	2	4	0	41	23	down	0	512	750.31278574343	5039.3214646371	696.809756596046	1980.54869599928	471.655581462514	2413.30709761565	481.088249877161	1099.8035339025	512	512	-1659.74867363135	5435.4283806713	-593.316329727512	687.553481155381	183	23	6	41	259	216	217	17	7	55	1020	10108	53	595	17938	86	817	0	0	0	0	512	-11253	-28	-15	0
8	2	4	0	41	23	down	1	512	786.920176614054	5159.71963524788	776.686659825423	2418.20224197265	448.515004987826	2465.92408695806	428.619131280083	915.636182923008	512	512	-1638.56470657712	5303.83207514624	-593.406783991841	687.762487054845	165	25	13	39	270	245	191	19	4	53	1003	10118	43	612	17742	121	746	0	0	0	0	512	-11313	-27	-16	0
8	2	4	0	41	23	down	2	512	649.814338553438	3907.50417700718	678.771807770966	1942.98283097417	394.220696420955	1776.93035483608	429.889111132521	841.483481910361	512	512	-1646.13731820255	5350.09642353397	-593.195555767206	687.273157113079	183	35	10	29	255	231	207	13	3	58	1048	10114	48	566	17862	105	748	0	0	0	0	512	-11211	-27	-15	0
8	2	4	0	41	23	down	3	512	641.498743750315	3779.52551988141	700.519930559658	1934.82019567519	548.387584130636	3224.91180607296	508.52695314158	1344.25213571466	512	512	-1643.3187508157	5326.88956321586	-593.314826572184	687.549716701508	169	39	7	29	268	210	214	24	8	56	1050	10102	31	593	17899	104	789	0	0	0	0	512	-11276	-28	-16	0
8	2	4	0	42	22	down	0	512	650.493422191252	4026.68657786836	622.685604450384	1797.53482720088	507.809313554697	2806.84797568319	488.27620460343	1132.64926863023	512	512	-1666.98685190206	5480.95837736314	-593.30228537025	687.520303258756	196	41	13	29	233	219	219	21	6	47	943	9676	34	611	18349	119	795	0	0	0	0	512	-10876	-27	-15	0
8	2	4	0	42	22	down	1	512	520.06918026782	2840.98771911489	543.046645895611	1460.02178454282	542.053215590631	3277.47089307573	510.181515764	1297.53427477142	512	512	-1638.33181062746	5304.2396412126	-593.177225953997	687.230810552148	221	40	9	20	222	238	204	25	7	38	960	9679	56	569	18186	151	782	0	0	0	0	512	-10760	-27	-15	0
8	2	4	0	42	22	down	2	512	729.511899367811	4701.7776225445	682.979389429967	1989.91046822322	380.676867698766	1802.00321889598	395.915994018084	781.782180781605	512	512	-1666.93824454871	5479.66699852589	-593.368981442938	687.674390348082	161	40	8	37	266	260	185	13	4	50	962	9672	33	597	18328	114	780	0	0	0	0	512	-10850	-27	-14	0
8	2	4	0	42	22	down	3	512	518.085144945009	2640.8570943103	541.784531255142	1190.72474508067	464.644938344388	2287.18852714424	477.971159486649	987.043429469916	512	512	-1657.59904346536	5416.78949531856	-593.321061711005	687.564595074685	188	43	4	20	257	210	232	17	4	49	999	9661	35	569	18284	135	806	0	0	0	0	512	-10774	-26	-14	0
8	2	4	0	43	21	down	0	512	604.968367205944	3680.30983508878	578.881631509485	1565.42678398957	440.727274229704	2084.38622955356	470.352474128384	999.175500556073	512	512	-1677.26117114091	5545.24793860369	-593.327750305601	687.579796406936	195	50	8	28	231	215	217	14	7	59	940	9150	36	626	18835	98	805	0	0	0	0	512	-10383	-28	-12	0
8	2	4	0	43	21	down	1	512	496.551959340945	2460.51360714319	549.251476964409	1300.98294020342	504.366297894383	2725.41025326295	481.498628894313	1126.05938179397	512	512	-1683.3506650366	5593.62077470589	-593.221477532976	687.333251884223	203	37	5	18	249	226	216	19	9	42	943	9151	29	629	18674	121	865	0	0	0	0	512	-10388	-28	-14	0
8	2	4	0	43	21	down	2	512	611.448337219377	3629.33097973008	602.362105591548	1642.56570630524	446.278937010327	2189.01532986714	455.243474572434	979.409462968934	512	512	-1664.74609690621	5466.39626884545	-593.333925903834	687.594032862672	198	35	9	27	243	225	212	15	7	53	920	9222	33	577	18809	117	792	0	0	0	0	512	-10361	-28	-14	0
8	2	4	0	43	21	down	3	512	443.36097633532	1890.77807564835	488.480978241494	914.276989703552	531.928603793132	3206.23386540887	499.189151435265	1224.41689541326	512	512	-1676.01492146691	5543.7638045048	-593.271987429927	687.450279142329	209	28	2	14	259	230	211	26	3	42	938	9239	36	539	18769	103	866	0	0	0	0	512	-10280	-25	-13	0
8	2	4	0	44	20	down	0	512	546.92579473344	2948.93588642033	558.499263023649	1382.35558148921	512.83311229032	2909.77796237239	487.29742690059	1056.18851008217	512	512	-1686.47840580424	5613.37332876608	-593.310129478897	687.538654856508	207	25	6	22	252	221	228	24	1	38	873	8824	25	518	19188	120	823	0	0	0	0	512	-9845	-24	-14	0
8	2	4	0	44	20	down	1	512	562.681892697507	3377.73536158089	549.407129490517	1356.96704834213	528.788027318445	2948.69897202943	491.856394216756	1182.13597761278	512	512	-1688.79221285291	5621.62854690961	-593.56126170748	688.121281187145	212	43	4	27	226	219	220	21	9	43	844	8879	32	485	19402	121	745	0	0	0	0	512	-9830	-23	-13	0
8	2	4	0	44	20	down	2	512	613.260163273445	3709.6290153566	592.867320821848	1585.81047383579	448.66622458064	2407.23719758081	456.647514575745	1023.00495207354	512	512	-1691.15745649776	5644.91051968978	-593.148149796243	687.163783414571	191	54	11	27	229	238	195	18	5	56	883	8756	27	574	19116	122	901	0	0	0	0	512	-9885	-25	-14	0
8	2	4	0	44	20	down	3	512	544.114265239694	2927.17314063911	562.809712338792	1568.53076535401	451.655581462514	2292.03048982033	457.139739641062	892.02579816893	512	512	-1687.40448242749	5614.20105328345	-593.234072913087	687.362957848608	207	43	13	19	230	220	221	18	2	51	849	8758	28	605	19138	132	851	0	0	0	0	512	-9952	-24	-12	0
8	2	4	0	45	19	down	0	512	573.610199930317	3077.23383708987	594.079469529707	1531.80847730117	453.989653442196	2355.2066228035	453.310036753083	1028.03565416792	512	512	-1704.49595402034	5733.88766270377	-593.43069774712	687.817265706648	189	36	11	21	255	247	206	17	6	36	884	8290	35	519	19764	99	845	0	0	0	0	512	-9305	-23	-12	0
8	2	4	0	45	19	down	1	512	523.260163273445	2746.19442687537	534.97409618789	1306.74047940774	482.984331883133	2504.37377875451	475.152387980755	1073.74360375592	512	512	-1694.43143210639	5662.28065682229	-593.448615126868	687.860496580615	207	40	9	19	237	222	230	19	4	37	847	8307	35	539	19709	106	843	0	0	0	0	512	-9360	-25	-12	0
8	2	4	0	45	19	down	2	512	534.665928020317	2876.43749586832	556.284345058529	1402.03100857049	445.374428513139	2070.57766408488	468.44234035466	1046.72161415716	512	512	-1696.68215164078	5676.67388575618	-593.436455892129	687.831697754059	209	33	7	21	242	218	219	13	9	53	780	8416	25	507	19687	109	841	0	0	0	0	512	-9416	-23	-10	0
8	2	4	0	45	19	down	3	512	591.273318890941	3508.81127462283	569.670095019007	1534.20448991715	523.639616785325	3020.33738920305	515.390473429111	1291.91412327534	512	512	-1692.78893516198	5651.16658350884	-593.142330460422	687.14982795359	207	38	9	26	232	213	213	23	6	57	891	8265	40	532	19607	106	891	0	0	0	0	512	-9294	-25	-10	0
8	2	4	0	46	18	down	0	512	488.411382866258	2334.1488903778	525.513135552022	1226.38287423632	449.292092627823	2231.1914911693	469.196645996698	1000.99403514219	512	512	-1714.78092233686	5798.71208375122	-593.424267720318	687.803826629919	204	37	7	16	248	229	223	17	3	40	781	7912	35	488	20037	123	935	0	0	0	0	512	-8863	-22	-10	0
8	2	4	0	46	18	down	1	512	543.135551475947	2865.86926191944	585.070330255862	1499.96684460056	412.133038976576	1816.2706514262	451.080482102751	861.680924760468	512	512	-1686.01469641998	5597.80536349226	-593.492034609752	687.960491839948	187	49	9	20	247	221	231	14	1	45	757	7958	40	461	20044	118	824	0	0	0	0	512	-8847	-21	-12	0
8	2	4	0	46	18	down	2	512	573.711012992192	3370.87513333158	570.113419409189	1465.33362601078	527.079823385946	2964.73544653786	508.588547008879	1227.99734807554	512	512	-1709.01834065216	5760.59697409333	-593.453166669583	687.870969675102	207	38	6	26	235	207	236	24	2	43	762	7975	27	452	20184	107	848	0	0	0	0	512	-8854	-22	-11	0
8	2	4	0	46	18	down	3	512	514.164671770632	2715.90870045294	529.93803498429	1230.47892399275	444.870363203761	2050.09124290908	487.208241894584	1096.27886188669	512	512	-1721.97418331468	5840.12885089987	-593.345357939809	687.620405277733	210	38	6	20	238	220	230	14	6	42	764	7939	32	481	20071	102	918	0	0	0	0	512	-8872	-23	-12	0
8	2	4	0	47	17	down	0	512	527.581079635631	3103.44051653136	496.828566054377	1167.37465326038	768.93081973218	5277.7378725021	703.523519988117	2206.14020292425	512	512	-1720.85458363886	5844.62832422748	-593.470644439827	687.910849759566	230	36	3	25	218	199	231	40	14	28	752	7490	23	439	20599	105	883	0	0	0	0	512	-8347	-21	-10	0
8	2	4	0	47	17	down	1	512	496.729786729074	2637.5258597093	507.385169544826	1198.61241312838	576.827790731257	3297.22782408278	610.098099668636	1762.29762198948	512	512	-1732.63276495901	5919.53427493494	-593.340945599018	687.61040958387	213	51	7	19	222	204	224	22	14	48	652	7586	18	448	20597	119	899	0	0	0	0	512	-8467	-23	-11	0
8	2	4	0	47	17	down	2	512	513.058537149694	2891.03932525753	507.537956515977	1143.94101138019	690.766444521871	4522.1665612522	638.118552279332	1829.64874639996	512	512	-1715.42474892933	5800.5946902857	-593.262069669618	687.428008133767	227	34	3	23	225	202	243	36	7	24	676	7539	29	460	20577	131	889	0	0	0	0	512	-8432	-22	-12	0
8	2	4	0	47	17	down	3	512	549.416704425321	3362.94514664239	500.383490448834	1126.45291806644	764.787730758123	5212.57997677315	710.093414134356	2218.13951569176	512	512	-1691.81386533738	5644.38391152177	-593.325833071683	687.575572096525	221	49	4	27	211	174	244	41	10	43	745	7462	33	464	20334	132	854	0	0	0	0	512	-8359	-22	-11	0
8	2	4	0	48	16	down	0	512	458.262972333137	2535.49850382797	437.237086253049	974.246779531157	375.401036308454	1678.64764907669	378.203065231196	711.489085012856	512	512	-1729.26584544089	5901.34714515505	-593.369888064705	687.677426336041	242	49	3	20	198	255	187	11	6	53	737	7026	26	403	21000	136	896	0	0	0	0	512	-7800	-20	-10	0
8	2	4	0	48	16	down	1	512	509.191279565947	3044.41937189006	439.905321825571	953.076675456471	356.456764398455	1440.95164107233	386.428975134407	719.234949304381	512	512	-1733.48448067513	5921.48331784288	-593.402786267502	687.753506960536	243	49	7	23	190	247	200	10	3	52	671	7008	39	474	21142	123	800	0	0	0	0	512	-7930	-22	-10	0
8	2	4	0	48	16	down	2	512	371.631782726891	1850.81779737176	390.904749296595	806.209542852234	411.053512150953	1895.12481003043	414.430265114805	925.351227019387	512	512	-1730.80330784377	5902.3036636054	-593.320160873589	687.562110969001	274	50	3	14	171	239	200	12	8	53	734	6991	33	434	21001	133	900	0	0	0	0	511	-7835	-20	-8	0
8	2	4	0	48	16	down	3	512	461.605174931576	2578.55324390962	426.648411572552	889.241131238504	403.417000985644	1983.41059309084	403.081322016819	860.785954069033	512	512	-1719.8293508167	5836.28752516573	-593.361566819897	687.657908758911	241	53	4	20	194	238	194	15	3	62	748	7021	27	396	20836	132	917	0	0	0	0	512	-7795	-20	-9	0
8	2	4	0	49	15	down	0	512	657.954915028125	3995.51024665225	667.882124655814	1955.30633657812	592.954915028125	3609.41601139913	547.348917903685	1434.54080356038	512	512	-1762.79590385638	6121.71096132002	-593.399435774572	687.745508745524	186	36	12	29	249	226	223	27	9	27	626	6502	26	526	21507	108	869	0	0	0	0	512	-7536	-23	-10	0
8	2	4	0	49	15	down	1	512	658.055728090001	4210.0634056049	636.221157383074	1708.01334466624	491.299926686256	2611.9876907959	502.854967429752	1180.26330913836	512	512	-1748.05117174017	6018.64969817934	-593.479891341217	687.932166333344	192	37	5	34	244	228	228	20	4	32	622	6571	26	461	21371	134	960	0	0	0	0	512	-7479	-20	-9	0
8	2	4	0	49	15	down	2	512	632.403252247502	3848.69267583242	637.866269808769	1866.99727432264	483.411382866258	2485.68381207623	492.141670676281	1143.18027890894	512	512	-1759.09336454183	6097.86200790051	-593.358604020555	687.651082777728	192	39	9	29	243	224	227	18	6	37	625	6617	24	414	21439	100	936	0	0	0	0	512	-7426	-21	-9	0
8	2	4	0	49	15	down	3	512	620.419216924691	3344.03322729347	661.555295473344	1698.67210596124	491.326534481572	2730.24004832991	471.653456679014	1047.46123060299	512	512	-1742.28525058731	5988.13413368888	-593.307860654559	687.53346290734	151	41	9	24	287	237	205	20	7	43	682	6540	32	426	21405	117	905	0	0	0	0	512	-7372	-19	-8	0
8	2	4	0	50	14	down	0	512	582.329046980942	3440.20340390752	551.702218463104	1440.3076112547	532.002809059693	3108.37058817752	517.157781001646	1206.15795830714	512	512	-1766.64589970934	6151.16822916787	-593.406011494288	687.76118193947	211	40	10	25	226	227	223	25	3	34	608	6040	22	498	22017	127	897	0	0	0	0	512	-7017	-19	-8	0
8	2	4	0	50	14	down	1	512	518.562602459072	2818.71421693959	527.615091694125	1250.08847424361	470.095788063135	2177.26446850516	508.969324252249	1280.25590039788	512	512	-1739.48220878029	5976.16209122743	-592.965135721067	686.739526764471	209	45	6	21	231	214	232	13	11	42	655	6062	29	422	21636	138	989	0	0	0	0	512	-6884	-19	-8	0
8	2	4	0	50	14	down	2	512	493.690023316262	2594.54412528251	497.935442233546	1141.37817133995	537.429860042818	2996.8690920055	532.188050507676	1290.51741646926	512	512	-1760.44587045477	6104.80304939314	-593.387854038588	687.718793763303	208	53	6	19	226	213	237	23	5	34	566	6119	22	461	21795	130	956	0	0	0	0	512	-7033	-20	-8	0
8	2	4	0	50	14	down	3	512	533.262972333137	3011.5927390811	556.118085669603	1362.50734973536	545.071989327512	3221.02128623625	548.009934472615	1553.0571312818	512	512	-1771.8150729118	6188.50021864605	-593.360885267692	687.656105158523	202	60	8	22	220	208	210	24	8	62	557	6164	26	421	21963	130	971	0	0	0	0	512	-6994	-19	-9	0
8	2	4	0	51	13	down	0	512	541.901995997817	3101.26421363425	524.464557355987	1345.47574485256	437.459276897826	2198.72652614369	464.925056839603	1046.37774999797	512	512	-1768.49359755738	6164.0313575016	-593.325294148883	687.574060179792	229	35	10	22	216	237	206	16	5	48	605	5637	22	392	22297	128	966	0	0	0	0	512	-6409	-17	-8	0
8	2	4	0	51	13	down	1	512	500.697857374696	2642.34642287318	507.212205069811	1213.29302302038	538.058537149694	2998.59254084817	545.062792666586	1425.88208367245	512	512	-1766.33250939728	6142.17824730636	-593.228252533075	687.349018680828	219	40	7	19	227	219	223	21	10	39	572	5693	22	369	22244	146	951	0	0	0	0	512	-6413	-17	-8	0
8	2	4	0	51	13	down	2	512	529.894161939384	2967.73242587482	511.545932613885	1209.6342895797	489.241686096885	2491.72644118672	498.571148954024	1105.32394126839	512	512	-1783.3209853852	6262.41772295159	-593.475172381454	687.921939833314	202	45	2	24	239	210	233	18	6	45	541	5622	27	466	22442	137	940	0	0	0	0	512	-6537	-17	-7	0
8	2	4	0	51	13	down	3	512	571.878197262195	3369.68677610129	553.053755568983	1533.60310581785	582.480266573755	3498.96329893964	563.438237385091	1536.20992101881	512	512	-1768.25706344846	6155.63216240384	-593.30412927526	687.524483687536	211	48	11	24	218	212	222	26	9	43	524	5770	18	344	22303	148	941	0	0	0	0	512	-6440	-17	-7	0
8	2	4	0	52	12	down	0	512	481.353142276887	2600.31613128579	488.887657482994	1089.46288060623	497.480266573755	2404.35853384435	537.118883361522	1296.85837521474	512	512	-1771.69582164474	6185.66685778431	-593.327781736789	687.580014003819	222	50	4	20	216	216	240	15	11	30	522	5258	20	344	22555	142	980	0	0	0	0	510	-5933	-16	-6	0
8	2	4	0	52	12	down	1	512	484.971176265637	2683.36779406641	488.188255742315	1155.79966321258	517.103622121568	2797.22474678176	533.379379577557	1253.99968343312	512	512	-1798.66901168805	6369.59312111908	-593.379712443521	687.699681430866	230	51	6	20	205	213	241	22	3	33	510	5206	29	399	22899	116	994	0	0	0	0	511	-5987	-17	-6	0
8	2	4	0	52	12	down	2	512	447.711309552515	2327.14601130971	467.096043866534	1101.70680609297	504.719143610948	2567.31915194883	539.720199474206	1250.3637945906	512	512	-1787.71161733696	6295.25422710657	-593.438772061003	687.837106265798	228	54	3	18	209	195	246	19	5	47	486	5271	15	372	22802	141	960	0	0	0	0	512	-6011	-17	-7	0
8	2	4	0	52	12	down	3	512	434.719143610948	2018.77813228633	454.22626277592	892.129586572644	527.530673104693	2751.08799569411	539.489447087307	1309.5659398917	512	512	-1789.39747593003	6310.84038716895	-593.43038232804	687.816903878404	227	37	3	15	230	207	242	19	9	35	528	5200	33	383	22781	128	1036	0	0	0	0	510	-5944	-18	-6	0
8	2	4	0	53	11	down	0	512	443.162159271262	2048.13381538158	474.391775158329	988.427615663153	497.231042978759	2559.33126291999	510.153626153642	1179.82587109391	512	512	-1795.84856303291	6353.17239739902	-593.329997595918	687.584447270579	220	44	6	14	228	208	238	19	5	42	544	4722	20	346	23168	145	1023	0	0	0	0	511	-5396	-14	-5	0
8	2	4	0	53	11	down	1	512	569.392905689699	3347.20363045945	532.848579326921	1392.04377464181	508.989653442196	2692.03034822538	533.405077709773	1433.24822808463	512	512	-1795.50300563089	6349.08593167115	-593.295976665571	687.506067463935	203	62	13	23	211	223	214	17	13	45	500	4688	24	420	23249	123	932	0	0	0	0	512	-5520	-16	-6	0
8	2	4	0	53	11	down	2	512	642	4252.57704106708	572.446685074878	1576.5178304459	478.085144945009	2538.48625126186	497.153670935345	1123.52229573275	512	512	-1794.25492855451	6341.35275655299	-593.310821835212	687.540248488698	228	34	9	33	208	232	217	19	5	39	512	4783	18	319	23142	146	1063	0	0	0	0	511	-5408	-15	-5	0
8	2	4	0	53	11	down	3	512	530.496231250945	2950.65639955692	517.436394755198	1280.58617871985	492.658093961884	2554.36468844639	521.024336333702	1227.81386487237	512	512	-1803.22367949969	6405.38097108004	-593.293687709371	687.50037762468	219	41	9	21	222	214	233	19	5	41	506	4756	17	353	23160	142	1044	0	0	0	0	512	-5456	-15	-6	0
8	2	4	0	54	10	down	0	512	424.819956672823	2007.89060479368	446.99257817749	893.067612283976	548.586401194694	3029.19741921942	564.888947966157	1394.38336931913	512	512	-1814.0646082481	6483.98863897627	-593.148136324152	687.162900428058	237	38	3	15	219	203	238	22	8	41	456	4313	19	332	23545	133	1091	0	0	0	0	511	-4966	-16	-5	0
8	2	4	0	54	10	down	1	512	542.581079635631	3297.16390873604	517.978651398889	1326.67794959162	583.862232585005	3657.44655785744	556.354518924796	1556.23502228267	512	512	-1806.72578032292	6432.18800825875	-593.478235770136	687.928366124128	234	39	5	26	208	224	208	28	8	44	440	4353	16	311	23593	111	1019	0	0	0	0	510	-4972	-14	-4	0
8	2	4	0	54	10	down	2	512	516.52535154563	2915.33109300604	500.742658791852	1181.02867668733	594.013452177819	3453.86609966145	600.578820304159	1710.56642819136	512	512	-1818.05154229714	6516.18465316528	-593.287334670807	687.485849314784	234	32	6	22	218	201	224	23	15	49	452	4234	20	414	23674	158	1070	0	0	0	0	510	-5054	-15	-5	0
8	2	4	0	54	10	down	3	512	421.43015660314	1787.88165608051	464.030428967522	926.242212617032	565.270806391571	3047.13062480459	574.744126875637	1417.409436334	512	512	-1822.41706165578	6540.2154392671	-593.296546797917	687.507946828764	210	51	5	12	234	177	256	22	8	49	401	4404	12	303	23705	134	1022	0	0	0	0	511	-5003	-13	-5	0
8	2	4	0	55	9	down	0	512	442.663712081269	2301.72672437663	461.758972073762	1057.08100726749	693.30776074469	4328.58932195219	711.941777532411	2213.69435005529	512	512	-1795.09537087778	6367.09314303883	-593.232552536843	687.359501119891	220	71	5	17	199	167	253	32	12	48	474	3785	22	327	23782	168	1005	0	0	0	0	508	-4422	-13	-4	0
8	2	4	0	55	9	down	1	512	502.429860042818	2566.79315064457	514.715121241939	1278.53223513712	643.586401194694	4037.63200770065	610.477402071558	1624.80751207824	512	512	-1834.14286672798	6617.0622026021	-593.463681537958	687.894286882165	225	30	10	17	230	187	228	30	11	56	361	3900	14	333	24211	117	1002	0	0	0	0	511	-4561	-14	-4	0
8	2	4	0	55	9	down	2	512	473.865041644698	2553.96959513664	491.058839289265	1252.9782325603	694.686917696247	4311.67426866426	692.524574774018	2085.72120954008	512	512	-1846.62723207258	6718.64495521783	-593.533748419533	688.057285588942	239	46	8	18	201	184	252	31	14	31	381	3808	11	408	24103	125	1104	0	0	0	0	511	-4622	-13	-4	0
8	2	4	0	55	9	down	3	512	483.162159271262	2681.38603132063	477.350819048909	1149.058376408	692.877900701872	4289.3277608341	726.715353670234	2189.22213478994	512	512	-1818.95685595862	6519.39245186961	-593.432969149958	687.823883344505	232	51	6	20	203	178	261	32	11	30	434	3863	24	287	24214	132	1003	0	0	0	0	509	-4415	-12	-3	0
8	2	4	0	56	8	down	0	512	444.170289890018	2461.81175604567	410.269629699886	893.169295639734	712.85410196625	4899.17881381832	663.989269656532	2006.14343510581	512	512	-1835.62404296548	6642.78974208655	-593.217340379975	687.324204192812	248	67	9	17	171	196	228	40	6	42	324	3270	24	478	24468	143	1063	0	0	0	0	509	-4209	-14	-4	0
8	2	4	0	56	8	down	1	512	433.894458499706	2155.64465673264	408.189544121374	840.066281518884	652.931116292503	4186.19722098648	649.606004486215	1967.03726424529	512	512	-1831.7656029625	6610.13996726408	-592.888794154704	686.562537634326	227	68	9	14	194	204	220	31	12	45	327	3404	17	348	24207	171	1117	0	0	0	0	509	-4085	-12	-4	0
8	2	4	0	56	8	down	2	512	317.616114610024	1259.77251574511	349.246140774545	560.567192162075	582.37945351188	3440.21557151667	612.724804467736	1763.85972503346	512	512	-1842.8072253149	6675.52543458972	-593.244623241063	687.386392607341	256	70	2	9	175	210	226	25	10	41	357	3422	13	304	24548	144	1061	0	0	0	0	510	-4026	-12	-4	0
8	2	4	0	56	8	down	3	512	350.504658430023	1452.90011988666	355.447371710537	543.104330380159	642.302439185627	3800.85681112039	625.404700008883	1626.7164727211	512	512	-1842.33999186123	6690.29621071544	-593.283713356053	687.477778299163	236	68	1	11	196	178	258	28	10	38	349	3461	6	280	24542	131	1092	0	0	0	0	512	-4026	-12	-5	0
8	2	4	0	57	7	down	0	512	396.860016645958	1819.0428839814	411.365883041847	851.792361169651	786.570139957182	5217.58598978024	770.632970158282	2470.11672905783	512	512	-1839.66320391692	6671.13322911402	-593.285392217103	687.481633689761	227	66	4	13	202	159	265	40	12	36	271	2990	13	310	24978	157	1041	0	0	0	0	511	-3607	-12	-3	0
8	2	4	0	57	7	down	1	512	422.509683428763	2122.46208595752	409.905524187008	804.691563185684	713.153732092184	4409.87180115964	721.61425143491	2094.50498302775	512	512	-1860.38683434601	6808.17092151108	-593.569225809355	688.139062143796	240	46	1	17	208	167	272	33	11	29	307	2950	12	315	25061	134	1105	0	0	0	0	512	-3577	-11	-4	0
8	2	4	0	57	7	down	2	512	397.512492488456	2036.87259409139	385.593165423198	748.999065588467	842.85410196625	5732.4615195777	837.439647994687	2763.14999772641	512	512	-1860.85756493615	6811.55529905897	-593.304462764242	687.525823003006	259	63	7	14	169	140	247	41	21	63	308	2929	7	340	25027	140	1077	0	0	0	0	511	-3613	-12	-2	0
8	2	4	0	57	7	down	3	512	353.844051968768	1379.27993996726	390.312249812312	680.373182628457	797.373835392494	5229.46439864579	806.578878156193	2568.53845466443	512	512	-1857.67536540552	6791.50217901321	-593.347022453343	687.624575315665	244	54	4	9	201	148	277	40	12	35	310	2996	11	267	25074	123	1077	0	0	0	0	510	-3526	-11	-3	0
8	2	4	0	58	6	down	0	512	366.281746070019	1687.51397529007	368.104559245837	764.455319528951	782.599260251868	5292.62542831374	764.98615067101	2462.84292238522	512	512	-1880.34931176233	6967.49748523736	-593.402100201877	687.751604827511	256	60	4	12	180	182	246	40	14	30	239	2549	9	275	25492	149	1098	0	0	0	0	507	-3097	-10	-3	0
8	2	4	0	58	6	down	1	512	351.560386520024	1494.65699425573	344.329130023729	604.179027451517	876.341906038116	6279.61921707371	824.939141987122	2756.37398898868	512	512	-1857.01983599375	6792.37842443573	-593.221207560145	687.332596513559	248	73	7	9	175	166	246	49	14	37	263	2479	20	310	25426	173	1071	0	0	0	0	506	-3087	-11	-2	0
8	2	4	0	58	6	down	2	512	303.419810045336	1028.65702257472	336.027620308842	533.057269301308	781.018477176559	5094.96298743074	795.567563934985	2555.72339496303	512	512	-1853.30006610958	6765.12108840942	-593.206264126503	687.298265915528	257	66	4	6	179	161	252	36	19	44	260	2446	7	359	25266	156	1055	0	0	0	0	506	-3166	-12	-1	0
8	2	4	0	58	6	down	3	512	378.669033640332	1975.37109791936	350.271014146681	620.151887295022	828.981226263118	5795.01445197842	787.985840596322	2567.7398440303	512	512	-1860.8495521773	6812.24292249251	-593.351323200393	687.63388950138	261	64	1	16	170	170	247	45	13	37	245	2536	8	283	25447	141	1099	0	0	0	0	507	-3104	-12	-2	0
8	2	4	0	59	5	down	0	512	289.878790382839	1132.04615951536	316.767799503934	620.903396747791	978.201329563429	7179.24230438019	897.747319120195	3210.56439809906	512	512	-1873.49159174679	6909.89247604494	-593.235850581104	687.36679041156	281	77	7	6	141	143	237	53	24	55	201	2020	8	331	25720	142	1078	0	0	0	0	509	-2687	-10	-2	0
8	2	4	0	59	5	down	1	512	353.443608780959	1712.75718587797	337.285543250083	628.854116075207	817.952105968433	5508.25771920431	816.742515385851	2669.87199629958	512	512	-1873.39447448447	6911.84771942103	-593.504926062998	687.990404225787	271	66	5	12	158	155	258	41	16	42	220	2090	7	243	25901	172	1135	0	0	0	0	502	-2568	-8	-1	0
8	2	4	0	59	5	down	2	512	324.401332868777	1266.81819383763	349.7705292783	607.862659001552	793.957427527496	5304.63768087986	781.033884356612	2502.30092942275	512	512	-1878.85352462855	6949.15317907825	-593.36810183353	687.673424080513	240	79	2	9	182	160	258	40	14	40	203	2128	11	218	25852	129	1144	0	0	0	0	506	-2556	-8	-2	0
8	2	4	0	59	5	down	3	512	349.600149932835	1610.08551309189	348.322251677773	614.760689949552	699.588913694064	4511.68350056733	736.800380007359	2236.27995647385	512	512	-1865.47147253331	6847.78668875418	-593.196124217798	687.27450414031	261	70	5	11	165	173	248	35	9	47	198	2061	15	286	25821	167	1105	0	0	0	0	504	-2628	-10	0	0
8	2	4	0	60	4	down	0	512	284.252922335656	1025.82745405969	302.605950807327	425.121405301389	777.172209268743	5011.05708108891	771.687365684534	2313.30650290701	512	512	-1875.98963549059	6932.28999767813	-593.219372276253	687.328091105759	254	89	2	7	160	156	278	38	12	28	216	1597	13	222	26241	138	1094	0	0	0	0	474	-2034	-8	0	0
8	2	4	0	60	4	down	1	512	391.610793050961	2028.46849543048	356.738984937985	651.713829360037	740.69223925531	4539.14846559294	814.916691962599	2663.47224223149	512	512	-1893.92206795479	7056.24859892341	-593.407931765287	687.76587552156	239	79	2	16	176	149	276	32	16	39	176	1632	11	229	26266	164	1164	0	0	0	0	485	-2091	-7	0	0
8	2	4	0	60	4	down	2	512	325.504658430023	1347.71774734447	332.186162855286	567.602643203764	852.018180616237	5743.14499182604	843.969709145876	2838.64272429132	512	512	-1874.1498985002	6912.16437286692	-593.447387986985	687.856967524643	264	66	4	9	169	160	274	43	16	19	200	1654	6	188	26352	133	1070	0	0	0	0	484	-2029	-7	-1	0
8	2	4	0	60	4	down	3	512	363.292389188145	1761.99119288179	338.24922634888	541.645359095001	675.564818398119	3917.33075317815	741.869540716501	2313.50027325086	512	512	-1874.23670063167	6914.75762632852	-593.29321198649	687.49897503672	258	63	1	14	176	174	281	28	12	17	163	1720	6	159	26104	159	1179	0	0	0	0	491	-2035	-7	-1	0
8	2	4	0	61	3	down	0	512	301.664008641592	1281.17387693288	303.862105558169	448.576101155279	885.363192274368	6269.95669123373	833.937591471154	2804.22658156854	512	512	-1888.59149521128	7023.01565599696	-593.417770834274	687.788022329812	265	86	3	9	149	150	252	48	16	46	116	1256	2	162	26768	131	1107	0	0	0	0	502	-1583	-6	0	0
8	2	4	0	61	3	down	1	512	353.921066295021	1673.71464172446	349.668691993967	624.809826032334	740.968070645622	4637.8687804966	770.077576739734	2481.43677575872	512	512	-1890.20094563787	7035.31027920132	-593.502884918247	687.985520207773	264	66	4	12	166	162	265	33	16	36	140	1269	4	123	26725	155	1164	0	0	0	0	493	-1516	-6	0	0
8	2	4	0	61	3	down	2	512	326.33496166065	1505.29529815339	332.091180683613	623.041286214402	894.909533495928	6301.12379054676	864.584395999532	3074.25000400657	512	512	-1911.84723438792	7197.73907266727	-593.340288844649	687.608457054791	270	74	3	11	154	155	252	47	19	39	132	1190	5	209	26757	152	1204	0	0	0	0	492	-1605	-6	1	0
8	2	4	0	61	3	down	3	512	324.276721071279	1443.75744074889	327.020105144711	546.706449906684	857.172209268743	5769.41572820922	847.974696503133	2817.6583960722	512	512	-1882.93518641101	6986.05092136521	-593.59172471309	688.191787127741	256	87	4	10	155	152	253	40	24	43	122	1215	6	193	26608	159	1114	0	0	0	0	498	-1602	-7	0	0
8	2	4	0	62	2	down	0	512	315.104215242213	1198.12514985832	314.499083441236	429.99165670085	941.593938692805	6765.22717274599	902.128850198921	3241.05583677231	512	512	-1907.80393533936	7162.24100937849	-593.529631039521	688.047538841229	251	74	3	8	176	141	246	50	22	53	98	779	2	145	27124	163	1223	0	0	0	0	427	-1074	-4	0	0
8	2	4	0	62	2	down	1	512	315.581672756276	1375.98227248762	304.872700646965	464.677467495303	1011.33909697842	7452.29074826484	960.332430710719	3720.72080398543	512	512	-1909.03336722472	7169.08074633948	-593.349875441311	687.631014672325	272	76	5	9	150	147	244	55	25	41	82	789	7	146	27193	178	1168	0	0	0	0	441	-1080	-5	1	0
8	2	4	0	62	2	down	2	512	339.852182587524	1481.7877040173	328.67712550488	558.776600360806	849.562305898749	5779.4189471052	846.106583507142	2758.64966811066	512	512	-1893.67632632257	7059.61018632337	-593.576593462061	688.156963831975	260	74	7	9	162	140	247	41	22	62	101	797	4	122	27109	149	1153	0	0	0	0	427	-1038	-4	0	0
8	2	4	0	62	2	down	3	512	377.693128936277	2033.11298224918	326.684219841117	582.661466413715	1059.25143953404	7468.01408383154	995.942781652619	3666.0531254138	512	512	-1909.46739649228	7177.97883617874	-593.407199715551	687.764021928654	252	91	5	15	149	117	276	51	34	34	71	812	3	138	27075	175	1204	0	0	0	0	448	-1087	-5	0	0
8	2	4	0	63	1	down	0	512	275.382855692217	938.444443402108	303.396196757965	530.516473288475	1139.57767745529	8304.74046838028	1112.34005192809	4379.32106382559	512	512	-1908.758190301	7167.41615292525	-593.482311421193	687.937813116634	267	84	5	5	151	117	251	55	43	46	35	381	3	93	27612	176	1164	0	0	0	0	474	-564	-2	1	0
8	2	4	0	63	1	down	1	512	337.138657095962	1654.98523651268	310.06472511937	506.963203388906	972.623058987491	6683.10863059357	1020.59503060681	3679.27584783663	512	512	-1916.54511487372	7226.00116012397	-593.281446203264	687.472040089477	275	74	4	12	147	112	274	46	29	51	30	381	3	98	27589	170	1200	0	0	0	0	479	-577	-3	1	0
8	2	4	0	63	1	down	2	512	293.674651759718	1272.29244740429	299.549123235603	535.977215961162	1012.97309564436	7100.31821742213	1000.02760417478	3555.71201763786	512	512	-1925.77045974026	7303.19996543352	-593.698692061646	688.439662609452	271	89	3	9	140	106	284	51	26	45	53	392	2	65	27726	129	1180	0	0	0	0	457	-523	-3	1	0
8	2	4	0	63	1	down	3	512	327.79113293846	1507.19188763517	314.422809763469	503.276965662308	975.309976683738	6764.36383887667	1008.43342385013	3676.95384557058	512	512	-1907.2828924061	7160.79132055797	-593.423282438761	687.801246006603	275	67	3	11	156	120	277	48	26	41	34	397	5	76	27534	173	1136	0	0	0	0	473	-544	-2	1	0
8	2	4	0	64	0	dwell	0	512	298.499633431282	1218.59646771892	273.247596838995	355.865306496375	0	0	0	0	512	512	-1915.34836030366	7222.47944220952	-593.582453250804	688.169147620525	256	95	4	8	149	0	0	0	0	0	0	0	0	0	28114	164	1160	0	0	0	0	0	0	0	0	0
8	2	4	0	64	0	dwell	1	512	320.33244916128	1596.31974664764	280.623597694851	425.882389171719	0	0	0	0	512	512	-1926.0062118657	7292.30969954607	-593.649251842644	688.324996607538	272	90	3	12	135	0	0	0	0	0	0	0	0	0	28199	155	1138	0	0	0	0	0	0	0	0	0
8	2	4	0	64	0	dwell	2	512	254.504954990345	796.617782274159	259.036711060723	285.855875373705	0	0	0	0	512	512	-1928.42538740272	7312.64072077169	-593.552723787498	688.100267692714	265	90	2	5	150	0	0	0	0	0	0	0	0	0	28132	121	1193	0	0	0	0	0	0	0	0	0
8	2	4	0	64	0	dwell	3	512	294.706581114096	1253.74849203572	260.97692887369	310.605640728173	0	0	0	0	512	512	-1919.42392388654	7249.88187514283	-593.246898614355	687.391644366663	261	101	5	8	137	0	0	0	0	0	0	0	0	0	27854	150	1288	0	0	0	0	0	0	0	0	0
8	2	4	0	64	0	dwell	4	512	223.852479147847	528.058581995425	241.804137065489	281.66022443379	0	0	0	0	512	512	-1912.5787944409	7203.34385533693	-593.525273588654	688.038464400349	281	92	6	1	132	0	0	0	0	0	0	0	0	0	28015	174	1148	0	0	0	0	0	0	0	0	0
8	2	4	0	64	0	dwell	5	512	304.128310538158	1362.40195588658	280.508806614865	412.05429481788	0	0	0	0	512	512	-1919.62707753084	7253.64907736776	-593.327819184161	687.579448146949	262	100	5	9	136	0	0	0	0	0	0	0	0	0	27963	170	1224	0	0	0	0	0	0	0	0	0
8	2	4	0	64	0	dwell	6	512	257.571326198472	1016.57526643964	244.499856256552	293.697670498353	0	0	0	0	512	512	-1913.7785192766	7214.13173235065	-593.243690977567	687.384834573986	283	99	5	6	119	0	0	0	0	0	0	0	0	0	27803	168	1267	0	0	0	0	0	0	0	0	0
8	2	4	0	64	0	dwell	7	512	243.526241226597	765.1315310123	252.426517122187	320.697571896865	0	0	0	0	512	512	-1916.23722537901	7224.55258935671	-593.626085338705	688.27151593342	273	97	4	4	134	0	0	0	0	0	0	0	0	0	28158	164	1109	0	0	0	0	0	0	0	0	0
8	2	4	0	64	0	dwell	8	512	251.465191577533	891.447577341114	247.66330057062	271.591263021763	0	0	0	0	512	512	-1930.75516806789	7331.60821434095	-593.302735588649	687.521086554199	276	93	2	6	135	0	0	0	0	0	0	0	0	0	28013	145	1247	0	0	0	0	0	0	0	0	0
8	2	4	0	64	0	dwell	9	512	221.23976671816	760.003841913778	233.157980493998	247.563180219551	0	0	0	0	512	512	-1924.4229713523	7291.85524680152	-593.513178998643	688.010012584578	298	94	2	5	113	0	0	0	0	0	0	0	0	0	27941	169	1233	0	0	0	0	0	0	0	0	0
8	2	4	0	64	0	dwell	10	512	234.581969316598	734.882307417304	245.349992535169	253.384227157206	0	0	0	0	512	512	-1919.91504823593	7255.36053281442	-593.301209681212	687.518699532621	273	98	1	5	135	0	0	0	0	0	0	0	0	0	27906	147	1280	0	0	0	0	0	0	0	0	0
8	2	4	0	64	0	dwell	11	512	244.329936661909	824.82146937159	251.848944004621	286.312221325213	0	0	0	0	512	512	-1911.19847106935	7181.29251770798	-593.425620985545	687.806846171619	278	95	3	5	131	0	0	0	0	0	0	0	0	0	27978	166	1191	0	0	0	0	0	0	0	0	0
8	2	4	0	64	0	dwell	12	512	255.711902673159	994.216591000336	260.695694356081	322.946612489286	0	0	0	0	512	512	-1938.04389518417	7392.25114223937	-593.541858783726	688.07601428003	278	97	2	7	128	0	0	0	0	0	0	0	0	0	28183	144	1203	0	0	0	0	0	0	0	0	0
8	2	4	0	64	0	dwell	13	512	261.916041296281	1061.41708752078	241.498961565266	262.458715012019	0	0	0	0	512	512	-1923.75873435509	7279.55474489721	-593.422203522551	687.798249240387	296	87	6	6	117	0	0	0	0	0	0	0	0	0	28020	172	1194	0	0	0	0	0	0	0	0	0
8	2	4	0	64	0	dwell	14	512	241.518407168164	879.776017830997	256.45273623544	355.941965842085	0	0	0	0	512	512	-1920.5285165306	7259.85836445685	-593.261519853226	687.426494049643	270	111	2	6	123	0	0	0	0	0	0	0	0	0	28044	151	1195	0	0	0	0	0	0	0	0	0
8	2	4	0	64	0	dwell	15	512	267.420106605659	968.727234118462	267.618005129401	390.545031302943	0	0	0	0	512	512	-1938.4383150522	7394.12185808285	-593.393166420662	687.731583876407	270	97	6	5	134	0	0	0	0	0	0	0	0	0	28107	136	1276	0	0	0	0	0	0	0	0	0
8	2	4	0	64	0	dwell	16	512	220.738510468475	621.298771920284	242.546119325772	258.361385144865	0	0	0	0	512	512	-1922.5500301758	7279.98313864953	-593.524708370346	688.035786360271	275	101	1	4	131	0	0	0	0	0	0	0	0	0	28118	159	1198	0	0	0	0	0	0	0	0	0
8	2	4	0	64	0	dwell	17	512	242.520919667534	705.392922216439	253.553835692697	305.712812666025	0	0	0	0	512	512	-1931.0935735287	7332.96387997871	-593.498255285134	687.97488128302	272	95	5	3	137	0	0	0	0	0	0	0	0	0	28213	165	1178	0	0	0	0	0	0	0	0	0
8	2	4	0	64	0	dwell	18	512	257.722545791285	996.247024182689	256.730178005259	299.181243111662	0	0	0	0	512	512	-1927.87017369861	7314.30782723595	-593.497800695663	687.97311338797	272	101	2	7	130	0	0	0	0	0	0	0	0	0	28140	132	1170	0	0	0	0	0	0	0	0	0
8	2	4	0	64	0	dwell	19	512	270.335258220972	1050.83668596277	257.011371119025	353.347788722286	0	0	0	0	512	512	-1921.48954590819	7269.11207008705	-593.544380154573	688.081819659514	275	102	8	5	122	0	0	0	0	0	0	0	0	0	28013	154	1235	0	0	0	0	0	0	0	0	0
8	2	4	0	64	0	dwell	20	512	215.717520792545	576.320313027454	232.314655087781	250.74408640679	0	0	0	0	512	512	-1924.5840991352	7293.40262689593	-593.383646567321	687.708854867013	260	128	5	2	117	0	0	0	0	0	0	0	0	0	27995	154	1184	0	0	0	0	0	0	0	0	0
8	2	4	0	64	0	dwell	21	512	219.834001971287	640.672635631769	232.86128861519	242.754056977286	0	0	0	0	512	512	-1931.34816376917	7337.07470322626	-593.373605434047	687.685494070734	284	102	4	3	119	0	0	0	0	0	0	0	0	0	27993	189	1283	0	0	0	0	0	0	0	0	0
8	2	4	0	64	0	dwell	22	512	256.290173249098	975.563127149484	269.289441996269	498.685344494916	0	0	0	0	512	512	-1934.83847265147	7362.92317878104	-593.489687241537	687.954253348421	277	100	4	6	125	0	0	0	0	0	0	0	0	0	28173	135	1188	0	0	0	0	0	0	0	0	0
8	2	4	0	64	0	dwell	23	512	229.4573575191	749.374769919193	234.921413746192	231.951793914015	0	0	0	0	512	512	-1919.61959164281	7252.29494132702	-593.445007057467	687.850407504763	281	105	4	4	118	0	0	0	0	0	0	0	0	0	28143	156	1157	0	0	0	0	0	0	0	0	0
8	2	4	0	64	0	dwell	24	512	267.870956324406	969.608607009068	263.06217972973	287.44797964162	0	0	0	0	512	512	-1927.2161729981	7306.75947920569	-593.594888242725	688.198806809347	278	88	6	5	135	0	0	0	0	0	0	0	0	0	28146	136	1174	0	0	0	0	0	0	0	0	0
8	2	4	0	64	0	dwell	25	512	244.555361521283	806.082832256738	243.196631978366	266.221971628781	0	0	0	0	512	512	-1911.74193641098	7198.16457876533	-593.233155940692	687.35993636474	284	91	5	4	128	0	0	0	0	0	0	0	0	0	27836	196	1190	0	0	0	0	0	0	0	0	0
8	2	4	0	64	0	dwell	26	512	259.656174583158	979.465814595332	263.757758443612	374.584096950316	0	0	0	0	512	512	-1908.6026069139	7174.24380580825	-593.0851935552	687.018180736555	278	95	4	6	129	0	0	0	0	0	0	0	0	0	27761	195	1298	0	0	0	0	0	0	0	0	0
8	2	4	0	64	0	dwell	27	512	222.14708427504	760.222858878348	231.722675461321	221.833609705743	0	0	0	0	512	512	-1933.66305149244	7352.57414771566	-593.443880965504	687.8489645422	280	112	2	5	113	0	0	0	0	0	0	0	0	0	28154	145	1191	0	0	0	0	0	0	0	0	0
8	2	4	0	64	0	dwell	28	512	244.303328866594	747.298602006339	254.378542038582	320.093703090959	0	0	0	0	512	512	-1933.53388955276	7357.00332550313	-593.493995533983	687.965558458288	285	86	6	3	132	0	0	0	0	0	0	0	0	0	27990	155	1329	0	0	0	0	0	0	0	0	0
8	2	4	0	64	0	dwell	29	512	247.369700074721	729.991674304635	260.336955389072	295.340343598032	0	0	0	0	512	512	-1919.77164263775	7250.43556457788	-593.572944027689	688.148637110883	267	92	3	4	146	0	0	0	0	0	0	0	0	0	27998	165	1192	0	0	0	0	0	0	0	0	0
8	2	4	0	64	0	dwell	30	512	286.918850355974	1303.63912514839	273.205207757007	434.396279752824	0	0	0	0	512	512	-1923.80991583859	7285.33845783475	-593.403157878965	687.753925192745	267	108	4	9	124	0	0	0	0	0	0	0	0	0	28004	186	1184	0	0	0	0	0	0	0	0	0
8	2	4	0	64	0	dwell	31	512	309.279530130971	1524.88524312337	277.181666643711	469.281759723745	0	0	0	0	512	512	-1927.12453794291	7304.94195574318	-593.353441417774	687.638746297775	267	104	4	11	126	0	0	0	0	0	0	0	0	0	27946	156	1272	0	0	0	0	0	0	0	0	0
8	2	4	0	65	1	up	0	512	334.929196913777	1514.32273899169	317.913647164242	483.429508756306	1066.99157282092	7887.12655633889	1037.7486716444	3922.70367459007	512	512	-1924.84497217649	7284.32971209732	-593.245433844878	687.388763396622	252	83	3	11	163	127	256	58	27	44	28	386	1	97	27555	159	1257	0	0	0	0	483	-584	-3	1	0
8	2	4	0	65	1	up	1	512	281.84183602972	1043.29256068025	302.703860233021	531.110440960915	946.845971347494	6634.11783417765	992.56324476911	3666.4929057349	512	512	-1913.68375628748	7208.26253826138	-593.604608030225	688.221047881423	259	96	5	6	146	124	256	47	26	59	38	367	4	103	27624	140	1166	0	0	0	0	470	-571	-3	1	0
8	2	4	0	65	1	up	2	512	330.454251899085	1568.87575634938	300.978269132577	416.040806832361	1133.92520161279	8568.05044506402	1080.97939365272	4135.5391915223	512	512	-1903.88331418291	7133.14196789226	-593.190536104967	687.262883207091	277	66	2	12	155	101	279	67	20	45	53	384	5	70	27499	157	1244	0	0	0	0	454	-522	-3	1	0
8	2	4	0	65	1	up	3	512	272.746344526908	974.64818713752	289.774818283373	473.110454107583	1184.82971010998	9039.40607152128	1137.41021179326	4557.90709967104	512	512	-1923.33639126134	7274.61795692394	-593.607158928858	688.22692633281	266	95	6	5	140	108	249	66	33	56	42	384	3	83	27734	155	1176	0	0	0	0	467	-550	-3	1	0
8	2	4	0	66	2	up	0	512	300.104215242213	1162.57803223176	295.395780271881	381.400995995602	836.644345223743	5743.52204611452	829.112495290976	2679.74859256656	512	512	-1903.46869347963	7133.74845806141	-593.420767105436	687.794655945713	271	73	5	7	156	148	274	46	9	35	82	815	5	122	27103	163	1151	0	0	0	0	440	-1058	-4	0	0
8	2	4	0	66	2	up	1	512	273.173395510033	915.228730290488	289.072599720747	416.737086109953	876.694751754681	5927.3640371096	865.294202004396	2938.11889796792	512	512	-1901.58459300014	7114.31223665724	-593.363513075283	687.662704574786	252	93	2	6	159	135	270	43	20	44	100	792	9	123	27085	143	1164	0	0	0	0	422	-1036	-5	1	0
8	2	4	0	66	2	up	2	512	346.963638767526	1763.73604123667	309.389892724374	509.078919017568	763.029120294686	4819.9113812881	815.882792026317	2678.96448311171	512	512	-1893.36705746215	7054.69884491	-593.568211448382	688.13689760845	268	81	4	13	146	155	259	33	20	45	91	801	2	130	27181	157	1141	0	0	0	0	429	-1065	-4	0	0
8	2	4	0	66	2	up	3	512	292.868147264713	937.75131446583	316.556694604131	402.71020326355	751.395121628747	4923.70763755268	754.404949997285	2271.80423204876	512	512	-1912.55572078438	7196.52349602033	-593.488787005053	687.952659402176	251	71	2	6	182	172	253	37	13	37	80	837	6	101	27320	146	1143	0	0	0	0	433	-1039	-4	0	0
8	2	4	0	67	3	up	0	512	327.942352531274	1310.69346876417	315.436125261806	420.236127359396	862.872282582487	5795.76505846948	848.456386433931	2893.81460674769	512	512	-1905.92743483775	7148.49614124911	-593.401179970769	687.750048184022	252	69	3	9	179	164	264	41	22	21	129	1210	4	193	26802	160	1166	0	0	0	0	495	-1596	-7	0	0
8	2	4	0	67	3	up	1	512	262.117667420032	903.28948337923	284.72315487791	384.68508769104	723.586401194694	4599.45573312253	791.038218185482	2561.76310890497	512	512	-1903.42703682075	7136.19133145013	-593.348438101032	687.627324208631	268	89	2	6	147	163	226	30	23	70	113	1141	3	279	26700	160	1190	0	0	0	0	505	-1701	-7	0	0
8	2	4	0	67	3	up	2	512	324.122692418773	1620.66297894383	306.070131223244	490.547611861696	755.440206600621	4574.63474517379	791.415460468906	2391.87712428799	512	512	-1880.08115604449	6959.89197661094	-593.402609570453	687.753244190304	288	66	1	13	144	134	296	33	14	35	141	1239	4	152	26706	150	1118	0	0	0	0	494	-1542	-6	0	0
8	2	4	0	67	3	up	3	512	303.470216576274	1087.39258238855	310.048776456448	412.562217843867	749.511899367811	4588.16066152107	791.11115747624	2483.23183163899	512	512	-1891.14623790141	7041.94230064129	-593.32454956043	687.571781045376	260	67	3	7	175	141	278	32	17	44	153	1178	7	198	26625	133	1143	0	0	0	0	490	-1572	-6	0	0
8	2	4	0	68	4	up	0	512	349.17309894971	1687.49887197486	328.153448094259	580.921229519106	786.896377878432	5140.14829567899	807.413395398628	2514.46330674134	512	512	-1894.67127968109	7065.87450909567	-593.315431109725	687.551415042153	263	70	2	13	164	159	266	38	15	34	154	1701	5	188	26270	122	1139	0	0	0	0	500	-2076	-7	-1	0
8	2	4	0	68	4	up	1	512	317.340283219713	1436.67525982894	317.274719949029	479.767011916278	882.222615799681	6306.03875887772	860.277766024813	3034.84464178602	512	512	-1902.64214225782	7124.96922229594	-593.44148644797	687.842997992624	275	75	4	10	148	159	241	48	17	47	165	1609	7	267	26394	143	1124	0	0	0	0	487	-2146	-8	-1	0
8	2	4	0	68	4	up	2	512	356.109536801276	1694.5810528948	357.397358693868	666.835688795934	800.941462850306	5253.78050161258	790.754956162029	2546.57860532915	512	512	-1884.30880587802	6990.86728124954	-593.501019653089	687.98041176088	244	82	2	13	171	153	270	39	15	35	154	1712	6	176	26312	141	1144	0	0	0	0	497	-2062	-7	-1	0
8	2	4	0	68	4	up	3	512	295.706284553774	980.684378456049	309.944182120613	382.559550349987	713.254545154059	4547.70766587167	736.659972231048	2296.68186485966	512	512	-1879.44100286699	6953.24694411146	-593.533069556638	688.055692427788	260	65	3	6	178	181	253	34	12	32	148	1715	11	174	26383	157	1112	0	0	0	0	497	-2054	-7	-1	0
8	2	4	0	69	5	up	0	512	276.082929005961	919.793773662371	298.96848480223	382.665108051057	726.042275912182	4502.08754259025	757.159652791737	2283.77282262796	512	512	-1881.85345588925	6968.92698619281	-593.390061160677	687.724437468339	279	61	2	6	164	159	286	35	8	24	219	2103	10	228	25938	147	1114	0	0	0	0	509	-2557	-9	-2	0
8	2	4	0	69	5	up	1	512	352.387880690958	1494.83013489485	350.780590807391	571.903141164569	840.840649788431	5828.28499012866	794.491905079843	2650.71810577618	512	512	-1893.68973413165	7050.6108395942	-593.382817735038	687.706513019243	247	61	2	11	191	163	249	44	16	40	185	2121	13	241	26125	114	1085	0	0	0	0	507	-2595	-8	-2	0
8	2	4	0	69	5	up	2	512	250.658687082529	635.994581691714	300.732673080292	408.28101444967	805.991869381244	5416.2394536311	816.948413778823	2769.97839007437	512	512	-1868.23095976766	6873.55250050097	-593.413953698163	687.779861161349	268	76	3	3	162	160	260	41	14	37	262	2022	14	262	25909	153	1099	0	0	0	0	502	-2540	-8	-1	0
8	2	4	0	69	5	up	3	512	299.125501478465	1239.08568300584	297.574205918328	413.62647184392	885.591426193435	6388.25771920431	861.022733792799	3139.20122962255	512	512	-1869.16310765753	6882.06931188524	-593.372272057729	687.682784282052	267	80	2	9	154	155	229	48	19	61	250	2024	7	279	25807	145	1130	0	0	0	0	505	-2584	-10	-2	0
8	2	4	0	70	6	up	0	512	331.560386520024	1393.74513154479	364.286608997719	752.779971472184	761.798373876249	4778.91140960709	816.772941827281	2605.37844246668	512	512	-1866.26174353626	6863.56458763646	-593.481502072089	687.935129280299	260	70	5	9	168	148	265	33	19	47	252	2462	13	345	25393	154	1096	0	0	0	0	502	-3148	-11	-2	0
8	2	4	0	70	6	up	1	512	284.223505480648	1046.15849042776	299.209191599783	378.218317681538	775.742645786248	4989.60131964739	783.713590752402	2415.2565320336	512	512	-1872.4724218685	6903.53167253062	-593.407110272982	687.763692609585	278	61	0	8	165	144	272	37	14	45	270	2509	9	284	25453	142	1107	0	0	0	0	503	-3076	-10	-2	0
8	2	4	0	70	6	up	2	512	362.989950002519	1644.47140281756	345.320056742474	542.282899531559	844.055431529678	5714.70439033771	830.044645598001	2808.94942536013	512	512	-1853.41492416685	6761.21957091857	-593.220737342026	687.330709413169	256	57	3	12	184	159	261	42	18	32	267	2532	9	264	25303	137	1132	0	0	0	0	504	-3049	-9	-1	0
8	2	4	0	70	6	up	3	512	330.555064960961	1313.64177766455	344.806513224506	578.564252269339	730.464005336244	4665.19388881454	746.217256663276	2336.91283726929	512	512	-1848.32748366969	6733.3126606557	-593.518520175437	688.020796900467	251	67	3	9	182	180	261	35	12	24	271	2528	7	266	25531	161	1015	0	0	0	0	506	-3061	-9	-2	0
8	2	4	0	71	7	up	0	512	369.698153935018	1573.98204593569	395.094065454335	794.467164206696	827.975904704055	5617.82905877319	794.905742084949	2594.20914236294	512	512	-1833.69304844517	6625.01901028572	-593.400559715086	687.748263284836	248	56	6	10	192	161	258	42	16	35	346	2917	11	310	25082	140	967	0	0	0	0	510	-3539	-13	-3	0
8	2	4	0	71	7	up	1	512	458.790836378138	2340.66269575393	437.909209471337	914.454603617727	676.169696769373	3996.56490177693	744.049869044032	2295.61023414388	512	512	-1832.85178888272	6616.2517088364	-593.308126377347	687.534341377545	230	51	8	16	207	174	266	28	14	30	331	2953	21	279	24973	141	1060	0	0	0	0	511	-3497	-11	-3	0
8	2	4	0	71	7	up	2	512	410.979306884393	2169.15826387583	397.961034603242	863.365200074996	890.7874341978	6217.95045167471	836.709896494479	2835.89129379818	512	512	-1853.9485224143	6774.20358067442	-593.675064761945	688.385788263428	254	61	5	16	176	157	263	47	17	28	287	2995	12	290	24958	143	1101	0	0	0	0	509	-3570	-11	-3	0
8	2	4	0	71	7	up	3	512	555.244198596256	3272.6776008362	511.336483585827	1326.93020165231	679.814338553438	3998.96315734468	728.554105408676	2099.14369333967	512	512	-1863.91600590007	6834.6892723566	-593.561459400698	688.12113450431	224	40	9	24	215	151	284	30	9	38	265	3046	6	267	25125	149	1072	0	0	0	0	512	-3581	-11	-4	0
8	2	4	0	72	8	up	0	512	354.019070297204	1615.78744914638	377.303338209438	776.531983372756	686.095491502812	4322.23970850201	674.023063061726	2178.84843120145	512	512	-1850.38109389345	6735.7311502377	-593.13373733939	687.129196200507	275	50	5	11	171	193	231	30	17	41	343	3390	12	351	24499	158	1159	0	0	0	0	512	-4088	-12	-5	0
8	2	4	0	72	8	up	1	512	485.851886027202	2899.68090468915	419.7469173739	913.523124745021	620.54382872219	3621.2580590322	639.695688725975	1855.80806325157	512	512	-1847.00255871292	6716.29681648956	-593.483961123534	687.941260351494	239	60	4	23	186	199	235	24	16	38	313	3407	11	365	24501	149	1101	0	0	0	0	510	-4129	-13	-4	0
8	2	4	0	72	8	up	2	512	298.093572124087	943.647932266603	336.544728472335	460.196890849171	551.700369874066	3033.03926861955	574.356801280275	1386.34194604632	512	512	-1823.22964294199	6548.22476312762	-593.407014845751	687.763455494443	249	67	2	6	188	209	242	22	8	31	384	3418	22	272	24669	128	994	0	0	0	0	508	-3944	-12	-3	0
8	2	4	0	72	8	up	3	512	404.950186589707	2221.01849212514	371.881187626479	733.621286154774	685.843458848124	3949.47377214382	696.304257432646	2102.32434666755	512	512	-1831.4079818614	6607.68655987306	-593.278915752723	687.466834070948	259	67	4	17	165	166	266	25	20	35	365	3360	16	355	24399	150	1082	0	0	0	0	509	-4060	-14	-4	0
8	2	4	0	73	9	up	0	512	497.984331883133	2560.28564146545	496.642858951176	1042.67596073833	671.596747752498	4264.85054324238	652.868247760486	1820.69313401824	512	512	-1823.97022591701	6552.40712596995	-593.449236347458	687.861700811638	210	39	5	19	239	192	252	34	6	28	400	3893	17	298	23998	126	1100	0	0	0	0	512	-4473	-12	-5	0
8	2	4	0	73	9	up	1	512	429.318700423138	2110.72045649862	444.411047517871	877.792642403803	745.063562148434	4896.40672285807	722.295592313973	2201.8777604307	512	512	-1805.44487658569	6429.80360252197	-593.026085681135	686.881687373612	234	47	3	16	212	171	257	38	10	36	438	3802	22	346	23874	170	1050	0	0	0	0	508	-4473	-13	-3	0
8	2	4	0	73	9	up	2	512	495.573245577198	2950.4558463985	476.641454256778	1122.24999359986	655.517220926874	3933.08164285912	677.9411923348	1952.5169599201	512	512	-1821.46183178666	6536.08210375996	-593.288568343423	687.488918230515	247	47	5	23	190	178	265	30	8	31	422	3796	17	373	24091	157	999	0	0	0	0	512	-4535	-14	-5	0
8	2	4	0	73	9	up	3	512	441.003105620015	2045.29501496348	457.222033723048	891.887815508266	633.30776074469	3829.31881212094	655.500840784931	1838.06424972385	512	512	-1814.13673729463	6488.31335417435	-593.187783342352	687.254875513228	212	55	6	14	225	183	255	30	6	38	459	3745	20	384	23885	147	1097	0	0	0	0	510	-4491	-15	-4	0
8	2	4	0	74	10	up	0	512	441.83059979095	2027.47425356666	471.299106308194	1072.18763586213	540.870066643439	2864.5498550997	546.007966713559	1306.30350169496	512	512	-1810.35399398604	6457.7505173078	-593.392029261214	687.728171006246	223	45	8	13	223	215	246	20	9	22	443	4272	20	385	23600	126	990	0	0	0	0	512	-5031	-14	-6	0
8	2	4	0	74	10	up	1	512	522.883518821258	2902.70809065654	515.105493496303	1231.87497071994	689.787730758123	4619.03895711065	629.386044730564	1836.46381321544	512	512	-1792.49246887097	6344.21054685946	-593.29750799848	687.509727393739	220	42	8	21	221	206	230	37	7	32	545	4213	27	335	23556	141	990	0	0	0	0	506	-4869	-15	-3	0
8	2	4	0	74	10	up	2	512	489.819956672823	2649.24315394992	468.272727231459	1054.80457810911	565.774871700949	3185.06383038977	574.433535955696	1466.35907017299	512	512	-1831.25598276765	6615.32704676134	-593.199620403645	687.28247077201	221	48	5	20	218	183	237	23	9	60	413	4211	15	481	23672	174	1034	0	0	0	0	512	-5171	-17	-6	0
8	2	4	0	74	10	up	3	512	511.878197262195	2811.69287406536	510.774551257287	1233.00085392451	540.926091293762	3177	546.100466191431	1404.67066284408	512	512	-1797.11517121045	6363.115162845	-593.140018040375	687.144261498766	223	38	6	21	224	208	213	24	7	60	463	4307	16	334	23448	156	1037	0	0	0	0	509	-4968	-15	-5	0
8	2	4	0	75	11	up	0	512	519.21507830157	2781.28561314646	503.500275301082	1204.20013736509	574.114265239694	3294.25517996411	556.144135772966	1556.18295048558	512	512	-1799.00746072731	6375.30564941321	-593.226459974581	687.34492010272	217	41	10	19	225	207	221	22	14	48	478	4760	20	374	23260	144	959	0	0	0	0	512	-5493	-17	-6	0
8	2	4	0	75	11	up	1	512	522.607687430946	3059.24608965599	489.876159915157	1134.86568756761	426.353142276887	1714.61713093737	482.426657474381	924.409461677395	512	512	-1804.53885145213	6412.06815676475	-593.373211835085	687.685187357139	231	46	7	23	205	202	255	12	3	40	469	4749	18	396	23238	146	1074	0	0	0	0	512	-5532	-15	-6	0
8	2	4	0	75	11	up	2	512	585.368810393754	3600.63192274368	556.223645857784	1529.22869015837	462.960533147511	2580.42549817312	460.392030212104	1030.42940150124	512	512	-1794.81796209346	6347.81429717457	-593.408308570383	687.766006069185	224	38	9	27	214	248	196	20	4	44	519	4739	12	362	23306	131	946	0	0	0	0	512	-5455	-16	-6	0
8	2	4	0	75	11	up	3	512	529.719143610948	3223.747642466	509.252569359264	1326.9958442549	563.862232585005	3518.17604802619	543.822367063834	1555.17382231608	512	512	-1796.23091920186	6355.46702046896	-593.333094661826	687.591571667014	231	53	6	25	197	240	194	26	10	42	430	4814	10	378	23105	123	1043	0	0	0	0	512	-5566	-15	-6	0
8	2	4	0	76	12	up	0	512	452.308057305012	2313.32527823189	472.868070183508	1104.12909358988	504.315891363446	2822.4801249788	509.291510179133	1203.64865748289	512	512	-1792.21547286762	6322.18370398101	-593.285955595084	687.483148198225	232	47	5	17	211	227	219	22	4	40	497	5226	19	402	22824	122	980	0	0	0	0	512	-6032	-18	-7	0
8	2	4	0	76	12	up	1	512	479.241686096885	2460.4498333914	484.902160817069	977.830710411651	540.419216924691	3060.20340390752	519.680879650625	1209.38531324419	512	512	-1789.75360357557	6304.44009901342	-593.419749401358	687.792841860291	214	43	3	19	233	227	222	22	9	32	501	5255	12	376	22912	113	920	0	0	0	0	511	-6008	-17	-6	0
8	2	4	0	76	12	up	2	512	476.554768400638	2458.28276239736	490.711688135894	1155.29463027165	513.236364537822	2695.34647951117	523.221909964527	1257.06926886248	512	512	-1774.25490564348	6202.57352425328	-593.417646359153	687.787667465659	218	54	8	17	215	205	233	19	8	47	533	5254	22	335	22705	150	1002	0	0	0	0	512	-5909	-16	-7	0
8	2	4	0	76	12	up	3	512	475.098597122828	2632.55634952964	466.276872277751	1083.32978887045	583.936437851566	3345.05445689174	585.006040537757	1664.79725614374	512	512	-1794.98936142876	6351.99354442572	-593.333478975676	687.592989313225	225	61	5	20	201	213	225	22	15	37	524	5204	24	392	22817	129	1046	0	0	0	0	512	-5971	-16	-7	0
8	2	4	0	77	13	up	0	512	473.538803723449	2414.50762245508	480.714217570345	991.371416228782	595.970879705314	3788.63183778671	545.400767710344	1413.01740561519	512	512	-1772.14112430516	6185.21751239847	-593.680964007165	688.39854897303	211	46	2	19	234	229	214	30	6	33	551	5756	18	331	22373	134	962	0	0	0	0	512	-6403	-17	-7	0
8	2	4	0	77	13	up	1	512	478.613008990009	2558.17926692217	465.592855921567	958.722179778525	627.830303230627	3864.0908464432	594.581221584042	1664.50547957773	512	512	-1767.14115383311	6157.81582207471	-593.375439383942	687.690114809219	228	40	3	20	221	206	227	28	12	39	537	5718	26	375	22361	127	929	0	0	0	0	512	-6443	-18	-8	0
8	2	4	0	77	13	up	2	512	537.732299228444	2879.49531325099	531.703887968344	1316.03043005505	574.588913694064	3373.43128462828	540.24315962228	1399.97901770765	512	512	-1757.55926854007	6086.962436208	-593.282691560501	687.47519439872	199	40	7	21	245	225	222	24	11	30	582	5696	27	351	22311	135	986	0	0	0	0	512	-6384	-17	-7	0
8	2	4	0	77	13	up	3	512	518.334368540005	2700.41318896902	519.15904903096	1157.08316061645	487.658093961884	2568.08808065108	505.413201392805	1149.40733186612	512	512	-1742.36351308912	5993.51706269299	-593.19613772142	687.27455935834	204	30	3	21	254	218	231	20	3	40	556	5678	26	396	22106	151	915	0	0	0	0	512	-6457	-20	-8	0
8	2	4	0	78	14	up	0	512	471.528160605323	2412.47718927273	482.569873551161	978.13149196886	469.870363203761	2410.53192935438	492.085540999933	1096.69928368011	512	512	-1765.78581867734	6141.44434128719	-593.343050660537	687.615097544402	217	42	2	19	232	216	230	19	2	45	706	6035	25	402	21990	111	929	0	0	0	0	511	-6822	-18	-7	0
8	2	4	0	78	14	up	1	512	516.148707093443	2954.39797237784	502.778607943184	1126.42183220217	562.957724087818	3124.11532325644	552.191786632531	1373.73151349069	512	512	-1748.79394299734	6025.5325316979	-593.461492770467	687.889865367162	239	34	7	22	210	201	239	22	10	40	613	6159	15	381	21857	141	903	0	0	0	0	512	-6914	-18	-9	0
8	2	4	0	78	14	up	2	512	529.114265239694	2751.44365047036	525.556426614153	1164.02781853929	549.843755408446	3247.17314063911	543.275923868058	1496.28657044394	512	512	-1752.49090266039	6055.96303274555	-593.351633879309	687.635815802871	191	38	4	21	258	223	205	23	11	50	598	6151	23	396	21757	142	946	0	0	0	0	511	-6930	-19	-7	0
8	2	4	0	78	14	up	3	512	528.135551475947	2927.40418361787	511.261586080725	1291.63778786099	573.711012992192	3215.06970180191	582.851084358705	1653.12066665619	512	512	-1751.48393750398	6048.5695983269	-593.312641010548	687.545173023071	207	47	6	22	230	203	236	22	12	39	630	6073	26	439	21867	121	904	0	0	0	0	512	-6932	-19	-8	0
8	2	4	0	79	15	up	0	512	653.331559480312	3793.99658287109	677.848855010523	1887.11843704329	407.912935676266	1831.75399530098	442.904693950516	879.63835988109	512	512	-1732.75205148177	5919.69777599512	-593.30463095099	687.526287041435	173	33	12	27	267	228	215	13	4	52	629	6644	20	387	21278	142	942	0	0	0	0	512	-7403	-19	-10	0
8	2	4	0	79	15	up	1	512	636.196304564688	3872.2640437203	633.617633059519	1717.74684887275	482.806504495005	2465.17305568214	485.630574892689	1016.61512158749	512	512	-1751.56403573091	6053.15183391984	-593.197553964933	687.277434107981	191	33	7	30	251	228	238	19	3	24	726	6534	19	401	21518	123	977	0	0	0	0	512	-7328	-19	-9	0
8	2	4	0	79	15	up	2	512	629.663118960625	3610.02088977038	665.441956361053	1770.82739575626	492.88632788095	2769.74775574196	464.071817904952	973.081177671322	512	512	-1734.00686771839	5933.97908381122	-593.341015785142	687.609907173371	178	28	8	27	271	219	213	22	3	55	641	6628	24	387	21273	128	926	0	0	0	0	512	-7384	-18	-8	0
8	2	4	0	79	15	up	3	512	691.193495504995	4444.75320236924	675.252576662208	2009.78567934334	479.544125282512	2577.96962345563	473.378419874665	1034.44432488332	512	512	-1748.03669157923	6022.69830249222	-593.38710219454	687.717338506408	200	24	10	34	244	216	225	21	1	49	672	6600	15	393	21524	136	949	0	0	0	0	512	-7382	-19	-9	0
8	2	4	0	80	16	up	0	512	362.236661098145	1388.25871036899	387.152277062637	619.049090396443	421.329343541264	2063.48037984972	414.61237506705	930.126805858282	512	512	-1730.61895705879	5902.63532487677	-593.133515248948	687.129606522651	230	59	4	9	210	244	196	14	7	51	690	7030	19	453	20720	152	977	0	0	0	0	512	-7931	-21	-10	0
8	2	4	0	80	16	up	1	512	410.578863696583	1913.03074469125	405.823973532043	765.687733101274	423.239173597515	2182.93326222315	396.126515376651	816.149478649259	512	512	-1726.05584509713	5878.47559424427	-593.198731661683	687.280005291419	221	70	6	13	202	248	190	16	5	53	701	7056	26	409	20758	135	964	0	0	0	0	512	-7853	-20	-9	0
8	2	4	0	80	16	up	2	512	453.390393190328	2156.98196097872	468.614245097217	1077.53899491184	376.35595133658	1855.82087467278	376.681942095207	688.355053665505	512	512	-1734.02004734777	5924.54354051933	-593.14312250422	687.151634449378	205	59	6	15	227	265	176	14	3	54	694	7042	38	418	20825	135	987	0	0	0	0	511	-7846	-20	-8	0
8	2	4	0	80	16	up	3	512	380.525648105952	1722.87857877949	388.309256468225	666.105365853352	318.470216576274	1122.93970001511	355.878276469185	573.90840428551	512	512	-1720.9983667623	5848.64618745628	-593.217798650097	687.325118533257	251	46	2	13	200	240	195	8	1	68	815	6930	38	409	20893	138	959	0	0	0	0	509	-7720	-21	-7	0
8	2	4	0	81	17	up	0	512	558.058537149694	3334.39797237784	543.946425636089	1460.56271354055	639.360679774998	3896.48280581395	633.792450737003	1808.18056056938	512	512	-1730.42831515025	5903.26489662325	-593.223537369884	687.337969456538	223	42	8	25	214	204	244	29	10	25	720	7551	16	417	20481	129	959	0	0	0	0	512	-8379	-23	-11	0
8	2	4	0	81	17	up	1	512	631.928603793132	3966.05149286668	605.311969386951	1705.55628420959	594.440503160944	3453.1700350191	605.077430697902	1629.66603224305	512	512	-1706.88152091303	5748.07250402763	-593.19572818268	687.273005483777	194	58	12	29	219	191	239	25	10	47	739	7527	24	414	20314	145	905	0	0	0	0	512	-8342	-21	-9	0
8	2	4	0	81	17	up	2	512	504.164671770632	2822.44362215137	517.240623896432	1155.79088306285	717.225424859374	4513.39771750693	700.005809447002	2127.85779759123	512	512	-1733.61185046814	5922.78732257885	-593.142386373212	687.149476698873	230	37	4	22	219	174	250	32	16	40	741	7435	24	504	20524	115	948	0	0	0	0	512	-8425	-23	-11	0
8	2	4	0	81	17	up	3	512	523.586401194694	3059.45573312253	497.014130882621	1155.77347874296	566.297117626564	2892.31886875892	608.50952984013	1458.57928076576	512	512	-1706.56242853687	5742.80305469	-593.330346513238	687.585931473225	227	37	2	25	221	185	274	20	9	24	808	7390	52	454	20551	134	834	0	0	0	0	512	-8257	-23	-10	0
8	2	4	0	82	18	up	0	512	476.376941012509	2319.62915695156	512.479681531441	1066.003517914	442.987140942826	2401.23107129775	462.707708062502	1055.25538658417	512	512	-1688.56061743482	5620.75889209099	-593.236434665448	687.367341713169	204	39	2	18	249	249	189	18	5	51	777	7922	23	494	19916	145	838	0	0	0	0	512	-8894	-23	-12	0
8	2	4	0	82	18	up	1	512	494.21507830157	2615.00900535115	515.564016936247	1241.08773561383	431.5043618697	2073.6353398726	463.922226304685	927.737182718317	512	512	-1691.25627042712	5642.81453319598	-593.412863851713	687.776556072531	221	36	4	20	231	227	222	16	2	45	835	7863	34	484	19993	118	855	0	0	0	0	512	-8801	-22	-11	0
8	2	4	0	82	18	up	2	512	563.183148947192	3182.09398038221	572.730388040807	1396.00933168521	491.074501826883	2572.00293570607	488.407039303259	1052.85941317763	512	512	-1694.28117325812	5664.32571378273	-593.243121841668	687.382899383317	199	34	4	25	250	218	235	20	3	36	751	7976	29	460	20156	123	763	0	0	0	0	512	-8871	-23	-12	0
8	2	4	0	82	18	up	3	512	627.806504495005	4000.324938404	598.407814931906	1686.18170886995	454.66873708001	2295.84800400218	461.270823320262	986.343080124697	512	512	-1717.78152149119	5819.30935278703	-593.424273936822	687.803659603563	204	47	8	31	222	228	225	18	2	39	780	7915	31	490	20229	122	851	0	0	0	0	512	-8879	-22	-12	0
8	2	4	0	83	19	up	0	512	528.535994663756	3045.72017330871	527.875725708691	1273.31517193333	467.483075633448	2447.56837554382	469.147948035464	1030.97075802006	512	512	-1699.32711476469	5702.63625867515	-593.19988918994	687.283093011235	224	37	4	24	223	227	220	19	3	43	818	8358	25	527	19545	121	897	0	0	0	0	512	-9394	-27	-12	0
8	2	4	0	83	19	up	1	512	561.199113624381	3277.95115964948	568.526710970545	1501.48411740539	501.000296560322	2583.69603632336	515.997286682816	1261.87747599064	512	512	-1681.15915003203	5575.76684693211	-593.362156124303	687.659339616107	206	40	4	26	236	209	231	18	8	46	848	8322	29	529	19575	126	825	0	0	0	0	512	-9349	-23	-13	0
8	2	4	0	83	19	up	2	512	621.649963343128	3778.10304237134	614.62641909644	1800.07832067744	451.127717417513	2075.80255246159	459.917157035768	888.998627886149	512	512	-1696.3670480162	5671.20157583449	-593.504141395817	687.988850202085	198	41	10	28	235	204	240	15	4	49	775	8424	28	501	19725	123	796	0	0	0	0	512	-9406	-23	-13	0
8	2	4	0	83	19	up	3	512	554.642129284695	3172.30684274473	534.600718514821	1289.11686568378	459.342499158761	2262.48026657376	476.941893094926	984.43777114407	512	512	-1710.61908349332	5768.71610259504	-593.314756275243	687.55003769087	199	44	4	25	240	224	223	16	6	43	781	8422	32	493	19805	92	850	0	0	0	0	512	-9389	-23	-14	0
8	2	4	0	84	20	up	0	512	517.154028652506	2758.87826727059	522.003689111083	1244.49886671039	479.143682094702	2538.74177105386	481.099759082596	1098.65442827259	512	512	-1659.88723798306	5437.75225017416	-593.33864694597	687.604959943199	216	35	7	20	234	211	217	19	5	60	830	8903	31	476	18952	126	794	0	0	0	0	512	-9826	-24	-11	0
8	2	4	0	84	20	up	1	512	543.435181601881	3042.88430859668	542.460168787616	1370.51088092658	432.987140942826	2193.78428688838	449.234893754384	975.00332893865	512	512	-1666.68759115863	5487.25667029231	-593.444725368478	687.851349798541	210	37	6	23	236	241	201	16	5	49	976	8737	39	488	19259	126	811	0	0	0	0	512	-9672	-24	-12	0
8	2	4	0	84	20	up	2	512	580.167184270003	3241.60154619931	576.07107290725	1512.03419616818	473.262972333137	2453.59883704517	480.41429881658	1083.34309821062	512	512	-1690.97336082545	5635.25063530327	-593.351454514265	687.634364480224	200	32	10	23	247	214	226	19	3	50	898	8769	24	549	19279	105	853	0	0	0	0	512	-9848	-24	-13	0
8	2	4	0	84	20	up	3	512	601.649963343128	3756.27931694946	586.971702745989	1797.07910965891	478.841242909076	2714.83894201306	461.687244050816	1006.82685121855	512	512	-1673.78872546615	5529.49663025723	-593.385225408432	687.712211445025	222	39	10	28	213	229	205	22	2	54	916	8816	28	480	19173	99	855	0	0	0	0	512	-9758	-24	-14	0
8	2	4	0	85	21	up	0	512	534.467110956259	3110.51052984216	534.408240888154	1330.06688718679	469.392905689699	2390.85108130321	462.183133541857	888.005607209833	512	512	-1650.98218025713	5377.13987385922	-593.352252996199	687.636077668278	212	47	3	25	225	219	226	18	4	45	941	9242	48	521	18644	123	756	0	0	0	0	512	-10249	-26	-14	0
8	2	4	0	85	21	up	1	512	493.586401194694	2340.03334056943	545.089847284868	1267.74425691299	405.801479496264	1850.06397198472	427.040959247053	932.241745207215	512	512	-1677.051180892	5544.86040609426	-593.393234729821	687.730809792735	203	32	7	16	254	244	202	12	7	47	888	9306	30	528	18772	114	809	0	0	0	0	512	-10328	-26	-13	0
8	2	4	0	85	21	up	2	512	588.108943680631	3563.68064981824	570.569328649357	1570.84233484236	501.124908357821	2720.7384955199	490.071478248787	1055.87479501844	512	512	-1670.27813691445	5507.99439179224	-593.259574362444	687.421156127092	206	47	8	27	224	221	227	21	4	39	981	9164	36	571	18748	102	850	0	0	0	0	512	-10267	-26	-13	0
8	2	4	0	85	21	up	3	512	541.851589466879	2963.44051653136	549.675021734667	1370.00867037591	445.751072965326	2266.40435353182	450.357179769039	1004.75664057596	512	512	-1676.09673300636	5538.91685129899	-593.343097693938	687.615271147088	214	33	9	21	235	229	211	17	4	51	919	9299	31	503	18852	80	812	0	0	0	0	512	-10279	-25	-14	0
8	2	4	0	86	22	up	0	512	530.923282234069	2949.96033491457	518.867492087251	1159.82666580711	460.172802389388	2458.41646450298	439.462110287886	891.360246276231	512	512	-1660.53339191577	5442.33053226371	-593.262330225201	687.427994140018	209	39	4	23	237	226	215	20	1	50	991	9677	30	566	18305	116	782	0	0	0	0	512	-10792	-26	-14	0
8	2	4	0	86	22	up	1	512	526.851589466879	2710.99373212199	550.862614593688	1313.09764919033	550.546637781882	3130.66856716606	542.953734045034	1551.9375850572	512	512	-1660.1401501667	5440.59665122603	-593.31968033637	687.561054494276	206	30	8	19	249	218	214	21	13	46	964	9727	35	538	18377	108	807	0	0	0	0	512	-10779	-26	-15	0
8	2	4	0	86	22	up	2	512	646.623355547813	4081.38560653576	631.841492993554	1914.8299797049	453.790836378138	2236.93930354924	450.381062272472	1010.80437646017	512	512	-1660.61437789329	5445.19413044727	-593.320044602747	687.561565773305	209	36	12	30	225	226	213	15	8	50	963	9700	44	557	18293	112	838	0	0	0	0	512	-10775	-27	-13	0
8	2	4	0	86	22	up	3	512	603.031929354378	3600.78086975947	596.626304936572	1691.55428317956	521.780193260012	3018.34345884812	482.873320940992	1150.85937579502	512	512	-1665.20637134268	5468.95583006031	-593.293981314825	687.501407487847	206	39	11	26	230	216	211	23	6	56	935	9699	47	583	18358	111	828	0	0	0	0	512	-10821	-27	-15	0
8	2	4	0	87	23	up	0	512	647.302439185627	3845.85681112039	686.657540276211	1943.09082897883	472.005618119385	2472.88752749265	464.045697421823	992.532473610056	512	512	-1665.71957583088	5470.82985657832	-593.490354240826	687.956619707326	178	39	11	28	256	230	214	18	6	44	950	10113	40	673	18008	103	725	0	0	0	0	512	-11433	-28	-15	0
8	2	4	0	87	23	up	1	512	842.246414535304	5985.97484353098	786.640315985397	2661.13497269757	380.276424510956	1545.8756997114	399.906072318487	697.982750774135	512	512	-1654.42961078314	5394.11832699544	-593.449267124858	687.861729974872	173	31	10	48	250	227	211	10	5	59	993	10194	35	554	17949	109	805	0	0	0	0	512	-11275	-27	-16	0
8	2	4	0	87	23	up	2	512	776.09268244312	5225.35192613844	754.175287430773	2374.94681766231	477.835921350013	2713.82372542188	451.620193095001	970.91054628299	512	512	-1662.98372437956	5460.03446193839	-593.357646057373	687.649099592408	170	34	10	41	257	232	204	22	2	52	991	10081	34	670	17926	91	774	0	0	0	0	512	-11393	-31	-15	0
8	2	4	0	87	23	up	3	512	750.893865379061	4825.73205772794	749.980109234036	2440.68986682172	433.061346209386	2095.92100965704	441.928751379729	887.291444217735	512	512	-1643.20913846312	5329.31970646801	-593.319873832399	687.561294347347	165	46	18	34	249	238	213	15	5	41	940	10212	41	583	17852	107	763	0	0	0	0	512	-11347	-27	-15	0
8	2	4	0	88	24	up	0	512	430.300223246579	1974.71754911154	441.056744131546	881.852413272171	361.658390522206	1623.81184100264	358.129842183645	641.12795574558	512	512	-1634.90132030269	5276.24593797237	-593.259619661233	687.421684373562	217	58	7	13	217	259	179	11	5	58	1060	10521	32	675	17377	121	770	0	0	0	0	512	-11844	-28	-16	0
8	2	4	0	88	24	up	1	512	466.806801055327	2447.43173773214	472.551455437949	1170.12153838715	314.398523809084	1021.78462671627	350.420070507528	606.751824462387	512	512	-1632.27083733972	5254.98283810442	-593.490280769559	687.955544809999	225	58	8	17	204	253	188	5	6	60	1001	10670	32	585	17413	86	767	0	0	0	0	512	-11810	-29	-17	0
8	2	4	0	88	24	up	2	512	489.947377530014	2923.32527823189	450.626292042425	1000.21361637886	384.49933687096	1943.05507990954	369.424478856255	782.548185941424	512	512	-1641.13239239418	5317.11491822938	-593.426766148963	687.80875700224	232	60	2	24	194	251	169	14	5	73	980	10674	34	600	17464	108	752	0	0	0	0	512	-11854	-29	-17	0
8	2	4	0	88	24	up	3	512	471.000296560322	2706.76587972022	449.534459789037	1003.7935815236	381.157134272521	1820.91220253883	370.17420091829	602.293978255032	512	512	-1644.91633046722	5336.36408023953	-593.375525309531	687.69119329241	249	42	2	22	197	240	188	14	2	68	958	10662	47	621	17632	104	697	0	0	0	0	512	-11874	-30	-16	0
8	2	4	0	89	25	up	0	512	553.010939678448	3209.52580307132	556.293614961174	1442.00864962051	642.732299228444	4036.65329393691	636.927801668283	1855.62425762878	512	512	-1634.4544184196	5263.33091976275	-593.474973216994	687.920919503903	195	57	5	25	230	187	227	30	11	57	1111	11049	44	596	17235	92	722	0	0	0	0	512	-12195	-29	-16	0
8	2	4	0	89	25	up	1	512	545.697857374696	3203.15185440286	540.516198476416	1471.24629618411	659.612712429687	4153.26093810029	621.894693996338	1643.61442259222	512	512	-1636.33769333717	5284.0549102067	-593.184464048758	687.247617660915	223	48	10	23	208	191	250	33	6	32	1018	11010	53	719	16954	88	792	0	0	0	0	512	-12410	-31	-18	0
8	2	4	0	89	25	up	2	512	471.605174931576	2196.3952632237	497.958072684701	1029.41789349889	675.870066643439	4309.70173782155	631.955211403896	1758.42520986375	512	512	-1610.33710475541	5119.25855712578	-593.407795969523	687.765009100216	189	52	4	16	251	191	234	32	12	43	1072	11058	49	621	16891	108	733	0	0	0	0	512	-12262	-31	-18	0
8	2	4	0	89	25	up	3	512	550.368810393754	2992.01496172026	542.104093791107	1359.24589453789	703.230746418437	4555.58311071216	674.638359454305	2100.44215428229	512	512	-1643.1237240201	5328.88944046792	-593.224118221946	687.339133100126	204	31	7	22	248	183	245	35	10	39	1047	11031	38	684	17079	102	785	0	0	0	0	512	-12377	-31	-17	0
8	2	4	0	90	26	up	0	512	506.024095295945	2941.88433691567	486.401928617994	1085.26746271061	512.156837712199	2909.6413245607	488.159767734389	1147.74125555948	512	512	-1598.5064414202	5047.27548911667	-593.3167384437	687.554311300633	235	38	2	24	213	219	212	22	6	53	1137	11443	45	687	16450	80	722	0	0	0	0	512	-12786	-31	-19	0
8	2	4	0	90	26	up	1	512	570.493422191252	3171.24589142305	568.27789396891	1405.79914471534	474.392905689699	2456.21582638758	461.879242486593	1032.62440016994	512	512	-1607.58030574106	5102.76115890323	-593.235053037652	687.365495176447	200	27	6	24	255	227	213	17	8	47	1149	11519	49	595	16556	116	738	0	0	0	0	512	-12669	-30	-18	0
8	2	4	0	90	26	up	2	512	591.777384200319	3332.7627741002	594.913944486657	1525.79877806645	534.968367205944	3152.13356051066	512.482122613209	1327.79405725887	512	512	-1562.41600679715	4857.1053737039	-593.157449088339	687.185777727372	185	48	12	23	244	235	204	23	9	41	1102	11589	47	574	15787	160	763	0	0	0	0	512	-12696	-30	-18	0
8	2	4	0	90	26	up	3	512	561.326534481572	3258.41632290803	555.592630565004	1374.93326683711	440.098597122828	2220.47431020464	461.515354719118	961.042705650415	512	512	-1601.19219206261	5058.13376222693	-593.502110970776	687.983491749614	197	52	6	25	232	225	212	17	3	55	1129	11496	34	653	16534	96	715	0	0	0	0	512	-12781	-34	-19	0
8	2	4	0	91	27	up	0	512	485.899483498447	2507.39509330976	517.468295554496	1182.68917300152	482.859720085635	2367.33131955797	492.94806279949	1124.10707421714	512	512	-1589.57142153195	4993.2098286203	-593.155135877262	687.179597128494	215	41	4	19	233	210	234	16	8	44	1232	11815	48	729	16103	99	682	0	0	0	0	512	-13242	-32	-18	0
8	2	4	0	91	27	up	1	512	508.159350211569	2669.89348386177	518.493046747733	1213.25588110067	441.803991995634	2223.20360214046	466.324594132704	1033.51911483182	512	512	-1604.52797129945	5079.19080255268	-593.245128207032	687.388107555971	213	35	5	20	239	242	215	17	3	35	1146	11942	45	691	16033	97	746	0	0	0	0	512	-13289	-32	-20	0
8	2	4	0	91	27	up	2	512	619.68972675594	3579.5498550997	634.260494927376	1824.24306505332	475.697857374696	2772.05761914974	454.113339206753	1069.02411532951	512	512	-1605.14951454163	5087.99785021569	-593.453685371024	687.872034537245	183	37	10	26	256	263	184	21	6	38	1206	11903	35	680	16145	109	733	0	0	0	0	512	-13236	-34	-19	0
8	2	4	0	91	27	up	3	512	576.649963343128	3413.83253254009	578.256123258727	1532.57694836911	526.299926686256	2965.34633791621	480.902872508264	1098.7038134663	512	512	-1586.22567775656	4963.94155861283	-593.291837049994	687.496634877535	214	34	7	26	231	224	221	22	7	38	1163	11939	60	662	16109	93	667	0	0	0	0	512	-13207	-32	-18	0
8	2	4	0	92	28	up	0	512	462.83311229032	2148.16709931303	496.169328545788	963.521982039579	492.233852038452	2985.71737919759	469.793673855041	1185.8936342333	512	512	-1602.28793609842	5069.11379965344	-593.35090449756	687.633226791666	213	30	3	16	250	243	178	23	6	62	1126	12530	48	632	15807	94	703	0	0	0	0	512	-13749	-33	-20	0
8	2	4	0	92	28	up	1	512	528.008130618756	2809.12749086559	529.634779720616	1192.47581634049	542.90731755688	3043.55603802074	516.425482254216	1345.51971066728	512	512	-1590.59506345419	5001.61642816446	-593.522741888503	688.031277364364	200	34	3	22	253	222	221	21	11	37	1248	12290	63	735	15792	105	668	0	0	0	0	512	-13711	-33	-18	0
8	2	4	0	92	28	up	2	512	519.867554144069	2703.12751918458	539.728530323122	1288.19857383913	457.785514819075	2181.47120458463	477.521409336875	1027.12150122835	512	512	-1578.6730637549	4922.72177005531	-593.435211784501	687.828913013522	209	35	8	19	241	209	236	16	4	47	1212	12424	53	647	15617	102	685	0	0	0	0	512	-13678	-34	-19	0
8	2	4	0	92	28	up	3	512	603.482779073126	3619.656144686	575.28247438665	1378.75080910922	455.422025984384	2317.16712763202	447.063793227246	929.817101935867	512	512	-1567.94114165411	4860.26464838986	-593.381440014628	687.703923724962	202	28	4	29	249	238	215	17	5	37	1221	12345	50	720	15612	114	662	0	0	0	0	512	-13753	-33	-21	0
8	2	4	0	93	29	up	0	512	531.551959340945	2872.59564646818	552.385803052177	1456.69518322665	455.125204918143	2432.99717756989	440.869781427507	981.774407993639	512	512	-1575.02981612706	4902.53987853037	-593.345827672919	687.622019194867	203	43	7	21	238	218	205	19	3	67	1268	12674	40	866	15149	101	649	0	0	0	0	512	-14379	-36	-21	0
8	2	4	0	93	29	up	1	512	505.674058639073	2706.13373042461	520.94193588411	1205.44557804522	437.610496490639	2002.22810727269	467.551958418259	1014.16075127852	512	512	-1559.49176390811	4806.15003518338	-593.375534668825	687.69048312949	209	49	6	20	228	214	229	14	5	50	1232	12872	35	709	15302	70	628	0	0	0	0	512	-14260	-34	-22	0
8	2	4	0	93	29	up	2	512	621.549150281253	3698.99056986399	599.241219034526	1556.81478751099	432.509683428763	2153.73869375283	429.527785881355	814.555678299024	512	512	-1563.5996086708	4829.86074600096	-593.423818640712	687.802227052197	188	38	8	28	250	236	208	16	4	48	1294	12769	51	734	15112	119	697	0	0	0	0	512	-14201	-33	-20	0
8	2	4	0	93	29	up	3	512	588.734811727815	3466.72308069579	569.255941750694	1435.07295192851	366.95802064814	1511.4804364877	403.556125305696	719.00158187806	512	512	-1578.00561998961	4918.54908251842	-593.533674890308	688.056731222913	209	32	8	26	237	246	208	11	2	45	1192	12856	46	754	15301	84	668	0	0	0	0	512	-14325	-35	-20	0
8	2	4	0	94	30	up	0	512	622.403252247502	3620.88114633868	645.012411629127	1714.58344265452	416.806801055327	2038.16122790089	411.334898078568	786.625852747061	512	512	-1558.81373128908	4797.25367748138	-593.574970793396	688.15225237261	176	36	6	28	266	241	202	15	4	50	1217	13379	49	715	14760	71	642	0	0	0	0	512	-14772	-36	-21	0
8	2	4	0	94	30	up	1	512	641.14589803375	3917.25187611116	635.434130161006	1819.78002945375	450.798670436571	2291.82364046491	447.974467347979	892.550974916945	512	512	-1563.87478559452	4831.17459995005	-593.415653777006	687.783603843491	192	33	8	30	249	237	221	18	2	34	1313	13227	58	762	14826	85	630	0	0	0	0	512	-14699	-36	-22	0
8	2	4	0	94	30	up	2	512	550.095788063135	3089.05770410671	576.031493917758	1445.28243520402	416.305544805642	2057.63243248552	435.078627886667	988.831845046286	512	512	-1570.34355130367	4872.73150385265	-593.230821928655	687.354704312817	194	53	7	23	235	242	190	14	7	59	1294	13252	36	778	14659	106	685	0	0	0	0	512	-14786	-35	-22	0
8	2	4	0	94	30	up	3	512	504.416704425321	2528.88749917366	550.838130897032	1315.2847355756	397.334665100327	1683.69016491122	422.959678280467	847.39977498134	512	512	-1549.40087244793	4740.29930856238	-593.37135054038	687.681288644867	205	42	9	17	239	237	208	10	8	49	1286	13284	53	737	14629	92	674	0	0	0	0	512	-14717	-36	-20	0
8	2	4	0	95	31	up	0	512	681.095491502812	4119.06343392389	735.147782898701	2151.02982620699	419.244495156578	2001.13694932059	434.980824084876	921.05211748805	512	512	-1542.92455866208	4705.50367121112	-593.446801888438	687.855926939899	169	38	12	30	263	229	212	15	3	53	1387	13645	50	790	14418	79	581	0	0	0	0	512	-15190	-37	-22	0
8	2	4	0	95	31	up	1	512	690.893865379061	4346.82629298107	711.431775503299	2186.8854556669	464.846564468139	2621.58364877298	450.326495275347	1034.65194679175	512	512	-1538.80038772586	4680.81514771827	-593.414771473177	687.78041801488	189	37	15	31	240	242	190	20	5	55	1403	13701	46	722	14338	102	632	0	0	0	0	512	-15102	-35	-23	0
8	2	4	0	95	31	up	2	512	761.395121628747	4837.53746093863	784.309781243526	2601.06032595109	450.297414186886	2311.29484504953	448.236150604276	982.981488258768	512	512	-1550.17175153208	4749.72596650825	-593.490145717074	687.956542544074	160	39	18	34	261	238	209	17	5	43	1261	13781	58	772	14337	94	600	0	0	0	0	512	-15277	-35	-22	0
8	2	4	0	95	31	up	3	512	773.405764746873	5105.73807073503	760.132497388849	2444.58204004486	406.658390522206	1967.71760574952	407.048066943904	799.697267479376	512	512	-1549.40972937892	4741.34252560562	-593.296659556882	687.50796589778	166	45	17	37	247	235	194	14	5	64	1322	13707	49	794	14411	96	633	0	0	0	0	512	-15260	-37	-22	0
8	2	4	0	96	32	up	0	512	387.385071631265	1632.06097964067	418.331990620739	758.440101069103	366.836217910335	1884.18274068907	357.44480592755	650.057449212608	512	512	-1544.48618371882	4717.23690386263	-593.543088649556	688.078192855676	232	47	2	12	219	265	157	14	4	72	1339	14161	54	830	13960	102	596	0	0	0	0	512	-15769	-37	-24	0
8	2	4	0	96	32	up	1	512	482.156837712199	2660.00606964508	451.664885574929	986.220577447698	353.292389188145	1457.46236914743	365.728805335787	636.431419173272	512	512	-1529.59171962515	4621.15189284932	-593.45203816279	687.867762947889	227	48	3	21	213	250	185	9	6	62	1352	14247	58	727	13973	102	575	0	0	0	0	512	-15659	-37	-23	0
8	2	4	0	96	32	up	2	512	381.833408850642	1803.05493831458	393.973407986306	814.011595564273	324.650556463773	1367.1037786651	333.657617543844	631.14043843913	512	512	-1537.1998730644	4670.05766646942	-593.137453912599	687.138267485272	254	55	4	13	186	272	157	8	7	68	1415	14062	66	841	13899	98	642	0	0	0	0	512	-15688	-37	-23	0
8	2	4	0	96	32	up	3	512	480.878493822517	2697.31020323566	448.891898929884	981.166169377263	390.727274229704	1989.09742583012	378.256999695799	714.743594755341	512	512	-1548.05956109369	4736.12668647744	-593.720118144638	688.489551492831	216	68	4	21	203	259	184	16	1	52	1260	14291	33	800	13990	93	608	0	0	0	0	512	-15873	-38	-25	0
8	2	4	0	97	33	up	0	512	598.636807725632	3655.37976344262	573.340861174074	1653.0950567348	625.54382872219	3880.78688276656	604.274893264589	1675.21485710759	512	512	-1524.85985296975	4592.43469307343	-593.39466234683	687.734981913244	214	52	15	25	206	207	228	29	10	38	1451	14601	56	788	13525	80	595	0	0	0	0	512	-16132	-39	-24	0
8	2	4	0	97	33	up	1	512	489.464301896566	2570.84170780518	503.321917484193	1134.67793347021	727.800886375619	4603.51002010033	713.124082128724	2208.85464907624	512	512	-1533.10860762317	4646.65931197888	-593.348032016204	687.626657051921	233	22	3	20	234	178	262	34	13	25	1507	14524	53	812	13574	55	619	0	0	0	0	512	-16109	-38	-23	0
8	2	4	0	97	33	up	2	512	589.992165941567	3506.15778245298	576.828217340279	1418.18499006728	766.368513833431	5216.07833900617	702.731549764461	2283.05794944971	512	512	-1535.37789351444	4654.81797208884	-593.531452624577	688.051573108126	197	38	4	28	245	195	232	39	15	31	1411	14599	44	842	13605	77	614	0	0	0	0	512	-16243	-39	-25	0
8	2	4	0	97	33	up	3	512	550.872875703132	3129.94816730543	549.869857140322	1395.65500003934	524.968367205944	2689.42846219818	568.647930844476	1444.66439581335	512	512	-1529.05817327889	4617.96412950664	-593.220197628198	687.329398345337	210	42	8	23	229	203	243	18	10	38	1510	14488	50	848	13497	103	602	0	0	0	0	512	-16149	-39	-24	0
8	2	4	0	98	34	up	0	512	585.644641784065	3344.64104137079	584.808529955937	1501.22178577587	492.408870366888	2612.25537819705	480.187467688892	1092.98618211703	512	512	-1524.25182330377	4592.1529916414	-593.515118367521	688.013566905006	193	32	5	26	256	206	228	20	4	54	1529	14970	49	860	13146	81	593	0	0	0	0	512	-16660	-39	-22	0
8	2	4	0	98	34	up	1	512	550.169993329695	3187.7293485738	565.469681013755	1513.91372516162	435.273615451264	2039.27672107128	442.731118187279	890.502662552106	512	512	-1519.6375298586	4563.04973532714	-593.596759946017	688.203136988559	211	46	7	24	224	224	219	14	6	49	1441	15061	61	845	13055	71	597	0	0	0	0	512	-16711	-40	-25	0
8	2	4	0	98	34	up	2	512	551.175314888758	3168.3798200806	552.800298271009	1376.26595387026	422.058833710016	1886.68714424817	445.899297460492	808.868056320723	512	512	-1521.33853650624	4576.86652760614	-593.375769240022	687.690414702794	200	47	4	25	236	216	223	13	5	55	1430	15074	56	848	13072	68	625	0	0	0	0	512	-16725	-41	-24	0
8	2	4	0	98	34	up	3	512	577.480266573755	3298.15786740996	594.878412990971	1759.50499615212	467.207244243137	2586.11247250735	463.618542118715	1148.47538402683	512	512	-1486.5943955067	4375.1059186735	-593.385937716716	687.714442973483	208	43	14	22	225	250	186	18	9	49	1553	14961	65	829	12836	120	542	0	0	0	0	512	-16554	-39	-24	0
8	2	4	0	99	35	up	0	512	522.705691433129	2784.41923029511	558.45561181183	1315.82135353384	416.154325212828	1899.41965507997	443.014416217829	894.249307471145	512	512	-1488.42410773461	4382.43324957063	-593.226914785682	687.34522308821	214	28	5	21	244	221	220	14	3	54	1529	15459	67	865	12501	92	576	0	0	0	0	512	-17128	-43	-23	0
8	2	4	0	99	35	up	1	512	613.233555478129	3415.20648120855	621.751533571633	1671.84266818209	501.729786729074	2820.33738920305	479.408987340579	1243.30748155448	512	512	-1498.51385633153	4439.53733881067	-593.328177065264	687.580177420297	170	43	11	24	264	229	201	20	9	53	1481	15425	68	946	12588	105	551	0	0	0	0	512	-17262	-40	-27	0
8	2	4	0	99	35	up	2	512	545.59704431282	3024.58649952208	541.700146258318	1250.1259993871	442.382262571573	2107.46809896461	467.922294025563	1131.50039266306	512	512	-1493.83938344906	4413.15772181679	-593.419739646559	687.793329319149	193	43	3	24	249	241	209	13	10	39	1450	15598	54	818	12525	94	552	0	0	0	0	512	-17207	-40	-26	0
8	2	4	0	99	35	up	3	512	460.395418189069	2185.19137789333	505.593051045619	1090.70542031286	386.554768400638	1454.11868374738	433.20379576704	713.310412469504	512	512	-1507.39388029849	4499.85084834187	-593.184901586094	687.24845222738	225	27	4	16	240	218	245	11	0	38	1590	15304	78	948	12646	88	535	0	0	0	0	512	-17150	-41	-26	0
8	2	4	0	100	36	up	0	512	572.37945351188	3370.58031660104	545.64435222841	1417.86189477259	536.353142276887	3289.48020993577	482.414522399771	1136.20940958057	512	512	-1489.24825081731	4382.53335125581	-593.190824121275	687.262452665121	218	40	11	24	219	222	200	26	5	59	1586	15864	63	919	12087	83	552	0	0	0	0	512	-17660	-41	-27	0
8	2	4	0	100	36	up	1	512	644.514708427504	4037.82948355806	614.209914015927	1682.57239070936	499.493718751574	2816.68084805117	479.879788129329	1102.81776434507	512	512	-1508.24666836647	4498.01404167641	-593.725110884017	688.500197225028	184	46	6	32	244	221	213	22	4	52	1443	16010	52	927	12342	49	487	0	0	0	0	512	-17830	-42	-28	0
8	2	4	0	100	36	up	2	512	623.183148947192	3760.45262750252	597.975934746485	1725.914316822	511.803991995634	2889.19140621232	474.874873089079	1056.52518934008	512	512	-1481.23811278785	4341.13615853747	-593.299537221664	687.514423301162	195	45	12	27	233	218	223	23	3	45	1574	15914	61	883	12053	86	570	0	0	0	0	512	-17634	-44	-27	0
8	2	4	0	100	36	up	3	512	623.30776074469	3935.85373381937	584.164768330341	1504.63137561846	443.037547473764	1969.81474838972	479.600187497262	1121.0834114465	512	512	-1478.33971893223	4323.3012310797	-593.312223019468	687.543840734674	203	37	4	32	236	212	228	12	9	51	1552	15984	62	834	12219	80	502	0	0	0	0	512	-17591	-41	-26	0
8	2	4	0	101	37	up	0	512	669.686917696247	4204.12105307363	625.484509159577	1691.81532706538	489.392905689699	2767.38600300164	444.52400675397	974.906220518428	512	512	-1484.15501081169	4356.1972928109	-593.405436400152	687.759128330701	192	26	7	33	254	239	195	20	8	50	1547	16404	63	930	11736	97	489	0	0	0	0	512	-18235	-43	-27	0
8	2	4	0	101	37	up	1	512	634.161862710939	3968.10905537843	606.70953599461	1681.74842988698	386.02971341533	1709.27686266623	420.91093251637	841.274073908843	512	512	-1479.04593821239	4326.17615062168	-593.338922845505	687.605572000523	199	38	7	31	237	237	202	12	4	57	1499	16417	71	957	11774	69	490	0	0	0	0	512	-18278	-43	-28	0
8	2	4	0	101	37	up	2	512	555.745454845941	3036.30672946877	556.042144637775	1272.72283133917	390.90229255814	1656.36491499832	417.389133692679	805.304961539472	512	512	-1481.60217435808	4341.91768433112	-593.298156189685	687.511116097754	195	29	3	24	261	238	212	11	5	46	1660	16334	55	895	11765	72	517	0	0	0	0	512	-18081	-42	-28	0
8	2	4	0	101	37	up	3	512	579.390096630006	3553.0514362287	571.069882177997	1558.68529514167	468.488397192511	2351.50155281001	472.125262650707	1104.23454090613	512	512	-1489.92101079869	4393.37250663744	-593.240211269359	687.376834034938	208	43	3	29	229	224	218	16	8	46	1498	16436	65	945	11717	69	517	0	0	0	0	512	-18281	-43	-28	0
8	2	4	0	102	38	up	0	512	642.779896699689	3899.62579646062	640.246888501144	1752.60935423544	358.138360535639	1265.93331886114	396.0729861648	612.249754492295	512	512	-1461.58867312656	4226.88461602861	-593.574666094037	688.152025217421	187	39	10	29	247	234	229	9	1	39	1592	16930	55	879	11212	90	525	0	0	0	0	512	-18634	-43	-29	0
8	2	4	0	102	38	up	1	512	741.750776405004	5049.92061319117	708.956955887365	2357.95494548893	507.835921350013	2983.82372542188	468.357438594122	1207.69812856758	512	512	-1433.34235560242	4077.41870100427	-593.178219092069	687.233166527557	176	62	14	38	222	232	192	22	8	58	1668	16772	65	951	10847	121	512	0	0	0	0	512	-18632	-43	-28	0
8	2	4	0	102	38	up	2	512	587.278640450004	3385.73835392494	605.355817638845	1537.95924152365	493.162159271262	2830.10942352531	469.045430838467	1141.93178981069	512	512	-1470.83482453332	4280.50916329863	-593.355950455314	687.64431264101	192	38	6	26	250	236	195	21	7	53	1628	16790	67	971	11329	76	489	0	0	0	0	512	-18672	-44	-29	0
8	2	4	0	102	38	up	3	512	569.541316222819	3248.55911532176	565.301019790227	1358.40918149483	455.021582796575	2375.02131455524	458.575259348163	981.814230077015	512	512	-1468.11653759843	4271.3850845039	-593.469088667048	687.907079182792	197	45	8	24	238	233	210	18	4	47	1620	16820	70	946	11354	75	493	0	0	0	0	512	-18671	-44	-26	0
8	2	4	0	103	39	up	0	512	689.461492836874	4167.96612136974	725.34817214395	2143.13874731648	469.369106954076	2646.90280072181	439.234591650708	998.738661566313	512	512	-1456.32198652631	4193.97535278073	-593.351189276487	687.633781828441	170	34	13	30	265	245	184	19	8	56	1738	17237	74	919	10932	75	503	0	0	0	0	512	-19012	-44	-29	0
8	2	4	0	103	39	up	1	512	702.777087639997	4535.1088571455	711.294229387403	2111.49435759178	419.167480830325	1982.32530655088	445.89249267071	969.680587380159	512	512	-1458.30505028072	4213.59446702706	-593.506725006775	687.994468154063	184	29	7	36	256	241	209	14	5	43	1620	17299	62	987	10857	62	471	0	0	0	0	512	-19228	-45	-30	0
8	2	4	0	103	39	up	2	512	818.052919030308	5372.84136797729	792.33925090507	2664.59869025323	437.586697755016	2375.72661110066	417.735850100637	917.096004603585	512	512	-1445.96807928586	4143.60191304605	-593.389267360942	687.722688540442	157	46	25	36	248	248	179	17	7	61	1667	17241	71	989	10857	68	420	0	0	0	0	512	-19169	-45	-29	0
8	2	4	0	103	39	up	3	512	743.806207934682	4719.16049160713	767.498270871025	2419.07611456521	373.013748738141	1419.69629119427	407.611811568219	741.631616338562	512	512	-1456.8768662836	4203.19749566183	-593.324198344205	687.571359705441	167	29	13	35	268	226	226	10	2	48	1654	17239	76	999	10753	80	528	0	0	0	0	512	-19192	-45	-29	0
8	2	4	0	104	40	up	0	512	497.583888695324	2697.22796567774	483.674994857106	1217.75541749926	365.02720091596	1764.75419353392	346.423258012776	658.15486248228	512	512	-1433.1330249244	4064.65899753598	-593.537275556659	688.064917668845	217	50	6	20	219	259	163	12	6	72	1713	17728	72	967	10493	55	392	0	0	0	0	512	-19605	-45	-30	0
8	2	4	0	104	40	up	1	512	487.106431181261	2549.18847050625	463.107383534331	1091.35576790185	316.157134272521	1120.8362611779	330.115947748515	462.625741780745	512	512	-1439.17200523023	4097.81222952771	-593.375036225374	687.689518002459	224	49	10	17	212	252	193	8	1	58	1692	17776	64	948	10358	68	468	0	0	0	0	512	-19623	-45	-30	0
8	2	4	0	104	40	up	2	512	467.056024650323	2545.34647951117	431.239507438614	810.833221897831	307.539100283771	1092.23748077072	335.694831989792	484.203814447686	512	512	-1434.99248778041	4080.62701726766	-593.211214251301	687.309540484496	237	44	3	20	208	264	180	7	3	58	1791	17574	75	1040	10298	90	491	0	0	0	0	512	-19596	-45	-29	0
8	2	4	0	104	40	up	3	512	440.599853372513	2183.00920358408	436.201709815065	947.516441250442	311.284555129712	1194.11295393019	340.518232059393	563.849234246156	512	512	-1424.4055435675	4018.36419878161	-593.350820417401	687.633633232733	236	48	7	15	206	259	172	8	3	70	1781	17632	84	983	10314	81	466	0	0	0	0	512	-19533	-46	-29	0
8	2	4	0	105	41	up	0	512	476.703178933759	2300.91485505499	505.205869958203	1022.34264939943	494.541316222819	2282.31299734678	559.077025073542	1256.18641462515	512	512	-1449.38537137103	4156.63902713892	-593.460918103381	687.889025400464	208	37	4	17	246	197	259	15	8	33	1686	18220	75	1011	9993	66	486	0	0	0	0	512	-20179	-49	-29	0
8	2	4	0	105	41	up	1	512	659.336881039375	4095.27011336538	618.697919902713	1760.82820957282	607.254841714382	3742.70193605449	615.806957828434	1817.76954299653	512	512	-1441.8409733397	4114.71857914278	-593.474353583567	687.919225852267	194	37	12	30	239	206	215	27	12	52	1693	18156	63	1080	10044	61	396	0	0	0	0	512	-20268	-46	-33	0
8	2	4	0	105	41	up	2	512	504.570733077827	2410.7053531834	560.668178573125	1400.30197891191	496.326534481572	2343.81155781274	545.254009701749	1363.03181369348	512	512	-1435.35305221419	4078.79993061077	-593.283974360003	687.477682372363	177	63	11	15	246	201	242	14	12	43	1667	18332	64	929	9849	66	442	0	0	0	0	512	-20151	-46	-31	0
8	2	4	0	105	41	up	3	512	567.278640450004	3129.02105968433	582.290785523133	1556.41343813585	569.037250913441	3169.34930194127	569.059779423828	1430.12587509015	512	512	-1423.91311868655	4011.14735358897	-593.410526038001	687.771164813884	200	36	10	22	244	195	253	24	6	34	1733	18205	63	991	9859	77	475	0	0	0	0	512	-20131	-47	-31	0
8	2	4	0	106	42	up	0	512	521.249520155319	2899.96942522269	536.800171598021	1181.37891162171	514.21507830157	3088.62596637457	483.327869322085	1099.84084467491	512	512	-1411.58266699497	3955.52443571935	-593.282651988099	687.474689406229	217	35	3	23	234	241	203	25	3	40	1814	18587	52	1051	9345	82	448	0	0	0	0	512	-20660	-47	-31	0
8	2	4	0	106	42	up	1	512	544.864745084376	3084.70481512258	550.513349584774	1471.99314413551	452.156837712199	2234.2006381154	458.73095902837	927.50223124754	512	512	-1418.00866011495	3978.57665259403	-593.282880379434	687.475265657698	230	21	7	23	231	223	226	17	3	43	1865	18491	78	1070	9583	65	420	0	0	0	0	512	-20573	-47	-31	0
8	2	4	0	106	42	up	2	512	640.61803398875	3956.28225265553	622.04861785771	1658.43833202889	493.992462501889	2732.42866043111	453.048927982004	996.518624169594	512	512	-1415.85598084917	3967.44032401001	-593.473234520451	687.916739436002	200	32	9	30	241	218	207	20	7	60	1828	18522	81	1073	9519	76	419	0	0	0	0	512	-20600	-49	-32	0
8	2	4	0	106	42	up	3	512	577.90731755688	3062.56823394887	605.02902265378	1605.76732056341	404.570733077827	1847.42264742402	416.353022108925	751.334763440572	512	512	-1400.58998594273	3884.69052474133	-593.39446978418	687.734154310894	182	41	13	20	256	233	215	14	2	48	1749	18693	73	989	9326	85	412	0	0	0	0	512	-20615	-48	-32	0
8	2	4	0	107	43	up	0	512	604.790539817815	3641.10911201641	583.138066455946	1524.16218270055	450.599853372513	2370.09124290908	425.761867897024	823.512697059848	512	512	-1392.70446729761	3842.42909697406	-593.454011673489	687.871673458084	201	37	7	28	239	236	205	18	4	49	1948	18938	89	1041	9061	82	415	0	0	0	0	512	-20951	-47	-32	0
8	2	4	0	107	43	up	1	512	530.294605127193	2754.07280742192	575.125883597452	1435.53697592891	405.801479496264	1791.34057978004	447.737989471658	1090.99939345131	512	512	-1402.72755240965	3897.77823089069	-593.667550820501	688.367424636818	203	36	9	19	245	240	206	11	8	47	1825	19092	76	1023	9127	70	412	0	0	0	0	512	-21081	-49	-31	0
8	2	4	0	107	43	up	2	512	594.21507830157	3530.63206433864	598.204358124579	1559.08726784281	454.819956672823	2650.59570310616	414.020229088412	881.806643700476	512	512	-1389.22804951677	3836.01028991685	-593.326133737521	687.576274979036	189	51	7	27	238	269	172	20	6	45	1820	19036	100	1060	8741	68	431	0	0	0	0	512	-21077	-49	-33	0
8	2	4	0	107	43	up	3	512	613.30776074469	3769.13643957875	593.533191887822	1691.86894898614	466.628973667198	2387.86626957539	472.661978241552	1014.39756058592	512	512	-1399.88134187797	3879.11813160022	-593.342536672824	687.614263521066	211	37	10	28	226	223	223	18	4	44	1868	19008	75	1065	9100	52	400	0	0	0	0	512	-21091	-48	-34	0
8	2	4	0	108	44	up	0	512	558.902885678784	3316.68771062799	586.80335662412	1809.11218030339	419.332745721602	2491.38995819138	420.063884683277	958.787126782261	512	512	-1085.96469465697	2512.59502810183	-593.307361736312	687.532083240124	172	146	30	16	148	221	121	16	13	141	2042	19358	76	1052	4548	354	242	0	0	0	0	512	-21409	-50	-32	0
8	2	4	0	108	44	up	1	512	561.417594106288	3729.90356533456	559.338834262639	1845.50322495184	571.794238558475	3742.47803884246	544.802286351876	1776.09001876636	512	512	-1034.51181575879	2317.58252034547	-593.297434321805	687.509736551527	184	160	23	23	122	183	119	21	28	161	1996	19427	93	1012	3996	426	198	0	0	0	0	512	-21380	-50	-32	0
8	2	4	0	108	44	up	2	512	617.954915028125	3558.79295241164	615.432381316461	1643.73877759709	455.045381532197	2473.68079141319	423.193592988733	890.626296130263	512	512	-1383.39035187442	3790.38463256019	-593.517533475499	688.020008603671	194	30	12	25	251	251	199	19	4	39	1949	19432	93	1054	8689	36	376	0	0	0	0	512	-21453	-50	-31	0
8	2	4	0	108	44	up	3	512	614.817147613131	3612.09705768323	637.643253963371	1714.37591285616	442.032225914701	2341.50463011103	429.116329289374	939.927777731733	512	512	-1388.13372842511	3816.80420514291	-593.489593058813	687.954699302822	174	47	6	28	257	247	192	17	6	50	1978	19446	80	1024	8666	66	404	0	0	0	0	512	-21428	-48	-35	0
8	2	4	0	109	45	up	0	512	605.167184270003	3836.93580146335	569.256615982685	1434.35561779609	492.533482164386	2634.22189603266	480.093101929861	1213.87419902941	512	512	-1375.54336195424	3750.55736727735	-593.351932019509	687.635829688443	212	35	2	32	231	230	203	17	12	50	1940	19918	94	1088	8225	45	329	0	0	0	0	512	-22019	-53	-33	0
8	2	4	0	109	45	up	1	512	697.676274578121	4354.64383548191	676.862610214181	2006.39233215201	443.239173597515	2322.2037720544	432.630595522638	891.372006577945	512	512	-1362.99732371677	3676.94652233964	-593.395094975225	687.735237343677	190	28	15	31	248	232	204	18	3	55	2063	19782	95	1100	8256	54	298	0	0	0	0	512	-21901	-50	-33	0
8	2	4	0	109	45	up	2	512	482.960533147511	2209.17938019814	546.595752749467	1151.18559062883	527.456467838133	3201.29162615356	472.201465084903	1084.67534835885	512	512	-1379.52363567718	3769.58262410114	-593.353545692858	687.639331107535	184	44	4	16	264	234	206	26	3	43	1887	20043	57	1053	8168	64	379	0	0	0	0	512	-22120	-53	-36	0
8	2	4	0	109	45	up	3	512	570.872875703132	3327.94206934136	561.200092049648	1421.22164574505	455.347820717824	2415.03040486336	427.529956890511	895.559289279798	512	512	-1384.85093114119	3801.37423991312	-593.392227945767	687.728337511885	198	44	5	26	239	241	203	18	5	45	1905	20028	67	1040	8117	72	395	0	0	0	0	512	-22056	-49	-33	0
8	2	4	0	110	46	up	0	512	618.610199930317	3773.47995506486	629.383633506086	1694.81232546097	393.942055970951	1837.15817891886	400.402713595742	751.843299534981	512	512	-1362.88533015803	3681.37375500384	-593.389168269275	687.721641690598	189	42	5	30	246	259	189	12	7	45	1968	20425	76	1083	7672	74	365	0	0	0	0	512	-22530	-50	-36	0
8	2	4	0	110	46	up	1	512	634.461492836874	3734.06035662287	662.851434977735	1940.15996062086	495.06918026782	2753.79924860864	468.861054149776	1043.5423077133	512	512	-1360.59790930107	3672.0890361965	-593.256964424442	687.416356566672	194	26	11	27	254	237	213	21	5	36	1983	20415	75	1079	7692	65	361	0	0	0	0	512	-22516	-52	-35	0
8	2	4	0	110	46	up	2	512	751.824981671564	4730.44647290047	744.065246266222	2585.81676257075	405.804288555957	1946.37414690139	397.334120209539	716.58809727404	512	512	-1337.17163160677	3550.43217333308	-593.588819160531	688.184946317493	165	58	28	29	232	227	204	15	2	64	1938	20491	68	1055	7466	90	332	0	0	0	0	512	-22548	-52	-35	0
8	2	4	0	110	46	up	3	512	563.008130618756	2868.86917696247	637.493699523476	1699.73149895536	439.496527811267	2219.55643448661	434.969771504663	890.095158070249	512	512	-1366.40452052806	3702.48526535117	-593.386326312149	687.715318349826	176	40	11	19	266	220	211	17	3	61	2000	20291	67	1194	7694	53	331	0	0	0	0	512	-22619	-53	-33	0
8	2	4	0	111	47	up	0	512	736.368513833431	4573.37324069369	763.159005691531	2265.31765167772	429.019070297204	2071.51693931513	447.817477490039	985.185622540399	512	512	-1366.02278867429	3703.80926890268	-593.489527533563	687.95478551605	163	24	12	34	279	227	204	14	7	60	1988	20795	81	1200	7343	55	338	0	0	0	0	512	-23146	-53	-37	0
8	2	4	0	111	47	up	1	512	643.76141952313	3684.53475178448	728.669580506817	2137.02285241312	487.236661098145	2743.41059309084	436.46425549531	883.763439820036	512	512	-1325.47229156044	3496.94751356926	-593.130986501486	687.123651974639	158	49	12	26	267	206	202	21	5	78	1948	20855	82	1179	6841	79	307	0	0	0	0	512	-23139	-54	-36	0
8	2	4	0	111	47	up	2	512	787.726681109059	5162.28516004261	789.800153080026	2573.22097291403	407.159646771892	1968.61114624927	404.792539997325	802.010677831293	512	512	-1336.68286153058	3545.36011658935	-593.188479727077	687.257511920096	169	44	23	35	241	242	195	14	5	56	2196	20571	80	1217	7194	61	282	0	0	0	0	512	-22954	-52	-34	0
8	2	4	0	111	47	up	3	512	686.026904355638	4262.75382538704	731.095372785583	2318.11372009029	467.441096281589	2644.14637945659	476.896851095033	1341.73607990311	512	512	-1207.15489307614	2980.3616044774	-593.471135453804	687.911551326846	158	86	23	27	218	217	165	17	13	100	2064	20765	90	1145	5554	190	240	0	0	0	0	512	-22971	-53	-36	0
8	2	4	0	112	48	up	0	512	540.445824720007	3099.36762415246	531.382988012992	1480.87168921129	306.133335536899	1149.07645110276	333.561907176461	502.346951556843	512	512	-1347.35615151555	3594.32701417356	-593.424944315844	687.805103096452	224	42	10	22	214	262	174	8	2	66	2065	21281	73	1157	6975	50	282	0	0	0	0	512	-23544	-57	-37	0
8	2	4	0	112	48	up	1	512	491.756394524389	2690.41347215893	481.709031030087	1081.44839234988	250.709093613467	773.818278794602	282.414225198382	360.577100774448	512	512	-1344.50652268157	3578.4003407966	-593.375826344459	687.690571249395	214	60	6	20	212	283	143	4	4	78	2041	21306	67	1162	6823	60	290	0	0	0	0	512	-23582	-53	-37	0
8	2	4	0	112	48	up	2	512	553.435181601881	3191.60770080136	552.973367702608	1404.42022816257	293.473025635967	1154.79699255835	296.506143581756	449.523701558649	512	512	-1312.75209525625	3428.22834801613	-593.674532815146	688.383158845899	214	39	7	24	228	267	148	7	5	85	2083	21261	90	1142	6587	75	321	0	0	0	0	512	-23466	-55	-37	0
8	2	4	0	112	48	up	3	512	539.618330549072	2959.01211097116	547.023950269301	1361.43672538548	290.783298880027	1092.3075507195	312.344716302092	433.882155920091	512	512	-1345.2246127368	3584.59913839508	-593.443469375916	687.847167495686	189	50	4	23	246	264	164	8	1	75	2014	21346	71	1145	6842	44	307	0	0	0	0	512	-23586	-53	-37	0
8	2	4	0	113	49	up	0	512	628.108943680631	3609.69894371044	670.244642502512	2084.84046126704	501.077310886575	2681.59581638213	518.361809578135	1265.68746822795	512	512	-1334.95512642167	3530.98247539175	-593.629711251272	688.279766247473	178	54	18	23	239	209	219	19	8	57	2028	21833	65	1162	6441	60	275	0	0	0	0	512	-24115	-54	-39	0
8	2	4	0	113	49	up	1	512	574.591722753757	3390.6533222559	582.129987489873	1499.05590207261	616.249520155319	3849.68062149924	583.762279554328	1608.94973146236	512	512	-1323.53631477085	3471.3478529398	-593.365278173041	687.667100042052	196	46	4	27	239	197	228	30	7	50	2205	21605	99	1179	6350	51	305	0	0	0	0	512	-23882	-55	-36	0
8	2	4	0	113	49	up	2	512	697.904508497188	4256.04519666967	685.329458454904	2013.4664546837	555.193792065318	3055.76576644425	539.368074986198	1301.2615056076	512	512	-1329.92061597624	3507.46415677571	-593.320604063131	687.56312759507	167	41	15	30	259	197	249	23	6	37	2121	21621	95	1251	6422	56	290	0	0	0	0	512	-24043	-54	-38	0
8	2	4	0	113	49	up	3	512	680.795861376879	4373.47687776383	656.207562825794	1965.71616565441	473.313378864075	2336.16422024494	506.764394282979	1137.06367012502	512	512	-1330.89978031952	3518.96289518076	-593.354367580681	687.640925716692	182	51	11	33	235	205	234	17	5	51	2248	21521	89	1230	6480	38	272	0	0	0	0	512	-23911	-56	-34	0
8	2	4	0	114	50	up	0	512	705.267997331878	4499.69572481446	687.636287593392	2073.04450723276	383.26578139283	1647.56865873373	387.508098935997	662.874292178675	512	512	-1295.40247409781	3348.1100389816	-593.354927974441	687.6425567627	174	54	16	32	236	237	203	11	5	56	2181	22095	74	1250	5662	67	252	0	0	0	0	512	-24537	-56	-38	0
8	2	4	0	114	50	up	1	512	804.523135606582	5789.4955964409	768.859131845497	2803.97100434921	382.070069948787	1980.13460831332	380.472181022446	893.273213659504	512	512	-1112.72777203877	2543.37234832174	-593.117216852112	687.091677157958	161	133	36	36	146	232	127	10	16	127	2182	22147	87	1184	3363	240	156	0	0	0	0	512	-24422	-56	-37	0
8	2	4	0	114	50	up	2	512	712.806504495005	4645.50731094618	699.912360335474	2187.55740553408	484.873172263454	2899.47126122261	444.911334922704	1099.8747052965	512	512	-1263.61574688247	3202.96706741565	-593.316025771434	687.55274238363	176	61	17	33	225	243	170	21	9	69	2190	22117	89	1204	5348	115	257	0	0	0	0	512	-24462	-57	-37	0
8	2	4	0	114	50	up	3	512	632.305248245319	3809.53782908551	643.735417799936	1834.90458734368	329.475538135337	1351.76644610003	360.246455553559	610.420477878638	512	512	-1265.49526955091	3214.90691303057	-593.282749403113	687.475827272788	181	56	13	27	235	253	173	9	4	73	2217	22128	69	1186	5370	97	234	0	0	0	0	512	-24443	-59	-37	0
8	2	4	0	115	51	up	0	512	827.904508497188	5873.09674617433	764.950743900018	2634.53030760801	400.430453163462	1980.39865203362	383.405335681769	698.990020221091	512	512	-1221.04925358624	3002.16900186745	-593.448761309896	687.859854479309	171	63	20	43	215	231	175	13	8	85	2242	22521	83	1266	4323	127	206	0	0	0	0	512	-24992	-58	-39	0
8	2	4	0	115	51	up	1	512	696.528160605323	4471.09415029616	702.58111068659	2257.87265517607	359.677164259088	1660.17376365691	375.233479470672	790.248765488742	512	512	-1209.85691602616	2946.21904762062	-593.336792137157	687.600548391002	173	80	23	29	207	245	168	11	6	82	2333	22431	101	1247	4421	125	200	0	0	0	0	512	-24846	-57	-38	0
8	2	4	0	115	51	up	2	512	641.498743750315	3820.25501005016	691.610872326552	2081.36038697722	354.374725073462	1556.37736579737	353.30187381424	594.133168403265	512	512	-1285.07663942864	3290.96519350102	-593.339014386672	687.605604077706	185	41	13	27	246	247	174	10	6	75	2262	22538	87	1225	5289	68	231	0	0	0	0	512	-24933	-57	-38	0
8	2	4	0	115	51	up	3	512	654.488100632189	3971.21847890374	667.776436522348	1926.81804830315	388.921066295021	1986.34379867601	372.794857698679	674.464879473145	512	512	-1310.07517461187	3406.6119170465	-593.666172055902	688.363514584414	179	38	9	30	256	244	181	16	1	70	2095	22757	67	1193	5469	54	262	0	0	0	0	512	-25099	-58	-39	0
8	2	4	0	116	52	up	0	512	633.281152949375	3537.26712102132	669.922871594286	1913.22163650816	389.64774740408	1851.05191765154	396.126972109445	879.483535654344	512	512	-1274.90652916939	3234.31906765977	-593.402788592835	687.75297428601	182	30	16	23	261	249	187	13	5	58	2265	22934	106	1319	4856	70	218	0	0	0	0	512	-25487	-58	-42	0
8	2	4	0	116	52	up	1	512	632.578270575938	3847.93577314436	627.118504880237	1627.30576940501	421.48337219377	2200.55654776257	401.419839380331	835.968116494369	512	512	-1286.60806582061	3286.12964947023	-593.383283376669	687.70898086026	187	32	4	31	258	240	176	15	8	73	2215	23023	63	1323	4916	49	234	0	0	0	0	512	-25629	-57	-42	0
8	2	4	0	116	52	up	2	512	702.326237921249	4181.88713102678	742.220708313862	2239.50796741593	354.072285887835	1477.21622285346	374.434406724928	749.215568954898	512	512	-1261.84614358046	3168.76090700366	-593.390981449744	687.726558446055	152	38	13	30	279	241	189	10	4	68	2223	23054	91	1256	4716	74	180	0	0	0	0	512	-25504	-61	-38	0
8	2	4	0	116	52	up	3	512	828.00251249937	5697.72276918689	799.100110585162	2742.77676870095	344.072285887835	1369.22232081752	360.998649253234	687.232857672857	512	512	-1287.31533051967	3288.57407038327	-593.44429013005	687.850336107106	174	47	23	40	228	253	175	7	9	68	2188	23003	96	1337	4962	49	214	0	0	0	0	512	-25604	-58	-38	0
8	2	4	0	117	53	up	0	512	631.955211588448	3946.49232090693	655.695416617145	2023.38962874175	432.236661098145	2212.42278901897	423.532084145629	938.451422826697	512	512	-1242.34457323854	3086.32281913422	-593.525225078899	688.036844564296	187	68	14	28	215	230	188	15	8	71	2331	23361	82	1362	4176	66	178	0	0	0	0	512	-26024	-62	-42	0
8	2	4	0	117	53	up	1	512	790.973688765007	5538.1182872815	759.948187309351	2653.46979913499	339.754178585341	1422.268112186	341.626379673892	548.223492086687	512	512	-1218.03931420855	2981.70509558867	-593.326950684881	687.57787418033	172	84	25	38	193	241	165	8	8	90	2285	23393	95	1363	3653	112	175	0	0	0	0	512	-26047	-60	-41	0
8	2	4	0	117	53	up	2	512	677.501256249685	4155.03599308559	705.328061383513	2122.6094288757	326.005914679708	1328.24654275984	339.875396584596	504.769746376206	512	512	-1251.65947064522	3120.24190535482	-593.298520366574	687.511413022034	187	30	13	30	252	263	181	10	1	57	2346	23433	101	1256	4408	71	207	0	0	0	0	512	-25847	-58	-40	0
8	2	4	0	117	53	up	3	512	651.551959340945	4106.03023494942	658.189286821621	2009.53797303704	360.555064960961	1622.00042478486	354.096936247249	598.151922324299	512	512	-1228.22087413917	3011.04230503004	-593.47255154986	687.915347819368	187	63	15	29	218	247	177	11	5	72	2372	23419	94	1251	4124	68	189	0	0	0	0	512	-25844	-60	-41	0
8	2	4	0	118	54	up	0	512	760.61803398875	5013.54666452271	770.668251975069	2575.40724127938	372.387880690958	1753.91827218391	359.39996887559	620.275944463167	512	512	-1235.02474109668	3042.32856291252	-593.521495202377	688.029357475719	172	52	20	35	233	259	168	11	8	66	2257	24062	83	1246	3675	101	166	0	0	0	0	512	-26500	-60	-42	0
8	2	4	0	118	54	up	1	512	592.130229916884	3470.65947685795	633.620025591144	1710.73751582481	425.528457165645	2341.63553810553	386.910529005689	755.560153911151	512	512	-1247.48040123208	3094.68101641871	-593.381876787363	687.705375455091	194	56	13	24	225	242	176	18	4	72	2402	23879	87	1280	3914	56	221	0	0	0	0	512	-26371	-59	-41	0
8	2	4	0	118	54	up	2	512	762.124611797498	5033.44932364957	732.313948918145	2328.07917322653	388.141169595332	1907.8665527653	382.305628073886	705.314601909657	512	512	-1254.01783410701	3129.62448636186	-593.68904297171	688.417532254823	164	44	13	38	253	249	181	14	4	64	2226	24075	107	1240	4010	60	178	0	0	0	0	512	-26461	-59	-44	0
8	2	4	0	118	54	up	3	512	729.864745084376	4586.78685444757	759.330018576903	2405.93462242123	395.730083289396	1954.23742413273	391.858565898435	735.458333127268	512	512	-1268.86777704327	3200.62358613093	-593.709133743458	688.463638901129	166	50	20	31	245	230	196	16	0	70	2258	23983	101	1306	4087	50	225	0	0	0	0	512	-26517	-60	-44	0
8	2	4	0	119	55	up	0	512	966.039466852489	6813.92315243137	948.042354159705	3592.12303780307	398.043165593149	1938.34696093401	386.543811531126	770.17399695154	512	512	-1229.5632309123	3006.19140510867	-593.516596872467	688.017919597569	140	47	30	47	248	230	180	13	7	82	2462	24298	103	1297	3601	53	161	0	0	0	0	512	-26803	-60	-41	0
8	2	4	0	119	55	up	1	512	948.304951684997	6538.16051992612	972.669457332558	3510.95856588301	316.210349863152	1357.34097624591	316.084754758032	484.989032606522	512	512	-1229.17272096169	3010.00218387065	-593.499707890087	687.977972811307	112	71	31	44	254	270	147	8	7	80	2273	24548	93	1246	3352	58	154	0	0	0	0	512	-26956	-61	-42	0
8	2	4	0	119	55	up	2	512	910.060753088742	6239.62537167576	937.437557370158	3373.55528118883	352.891946000336	1594.40469335971	347.28560305885	617.022166156704	512	512	-1232.28501498365	3021.70071007527	-593.449530743943	687.861066975149	132	44	22	45	269	257	165	10	7	73	2379	24468	96	1217	3488	51	190	0	0	0	0	512	-26841	-63	-43	0
8	2	4	0	119	55	up	3	512	881.893568818739	6070.26661127949	907.065192062391	3291.09927980567	417.310866364705	2234.81782569075	392.639296068978	748.22248340224	512	512	-1254.72480011495	3135.53624802568	-593.455616356634	687.875466143813	148	30	16	46	272	251	179	17	4	61	2341	24354	94	1371	3612	51	182	0	0	0	0	512	-27038	-61	-41	0
8	2	4	0	120	56	up	0	512	823.302142625304	5730.28493349068	764.604324166577	2511.64237631595	361.963638767526	1898.73604123667	338.771167809092	679.165544442638	512	512	-1248.55793146804	3093.02151613016	-593.548378938412	688.090544548856	177	32	14	44	245	268	140	13	7	84	2263	24966	83	1360	3224	42	159	0	0	0	0	512	-27620	-62	-45	0
8	2	4	0	120	56	up	1	512	729.61552148938	4448.14262249979	790.191722534201	2428.9286052123	248.14959677441	808.468920215348	263.912791147662	308.202902627321	512	512	-1226.89739905951	2992.75264434466	-593.686363754534	688.410222986364	138	62	19	30	263	262	146	6	0	98	2471	24779	72	1350	3115	44	120	0	0	0	0	512	-27428	-63	-44	0
8	2	4	0	120	56	up	2	512	779.740133286878	5111.90237593695	809.365189294309	2587.01938314342	247.067260889094	847.365453059147	265.943358473208	335.98905382548	512	512	-1225.78182339097	2991.65473418904	-593.603054008274	688.217396810606	142	63	17	37	253	281	138	6	1	86	2424	24907	94	1247	3230	42	148	0	0	0	0	512	-27322	-63	-43	0
8	2	4	0	120	56	up	3	512	866.498743750315	5957.96010836265	849.327251101081	2995.19120548232	324.07790400722	1483.66639607275	311.008733729352	540.076207374364	512	512	-1228.35629194673	3009.73494700728	-593.331368503998	687.588206427499	153	80	36	37	206	259	132	8	10	103	2346	24900	90	1336	3028	67	140	0	0	0	0	512	-27502	-62	-45	0
8	2	4	0	121	57	up	0	512	963.654988341869	6967.63451862186	935.542282722275	3541.63532059114	323.375021633784	1265.82451835362	340.511702583997	592.531720606669	512	512	-1211.80938498032	2921.64755762011	-593.558376038722	688.11445711769	142	63	29	49	229	228	165	7	7	105	2373	25318	99	1394	2625	49	124	0	0	0	0	512	-28027	-63	-43	0
8	2	4	0	121	57	up	1	512	1028.75018328436	7217.48528841617	1026.13451989527	3890.59594810411	306.136144596591	1365.20425347725	309.689577063916	561.155331243841	512	512	-1241.76859657266	3064.48599345652	-593.447428007756	687.857234097798	118	37	31	50	276	273	139	9	5	86	2349	25313	97	1425	2802	38	145	0	0	0	0	512	-28085	-63	-45	0
8	2	4	0	121	57	up	2	512	1058.82719761061	7879.00202949836	1033.44806662953	4118.9206352553	252.497120931912	852.538876888171	284.037907794041	362.424885587538	512	512	-1207.35954017599	2900.43499295974	-593.419810587071	687.793080748192	138	54	32	56	232	258	143	6	1	104	2605	25139	89	1351	2703	50	135	0	0	0	0	512	-27773	-63	-45	0
8	2	4	0	121	57	up	3	512	895.363192274368	6125.06312241499	907.508217150017	3054.45473336874	289.297710747208	993.295213196415	323.107623619388	425.677356188109	512	512	-1205.60377607425	2892.63298395277	-593.723212853678	688.496452897891	134	48	22	44	264	275	175	7	1	54	2427	25351	86	1320	2627	55	112	0	0	0	0	512	-27917	-63	-43	0
8	2	4	0	122	58	up	0	512	946.843162287801	6711.60699282659	920.075932522017	3161.55897706659	261.640209905969	845.249988207749	273.066171289732	360.385505097019	512	512	-1217.12198042644	2952.18419667689	-593.427233556741	687.810288882381	133	39	18	51	271	275	136	3	8	90	2563	25581	104	1448	2353	36	113	0	0	0	0	512	-28386	-64	-47	0
8	2	4	0	122	58	up	1	512	1063.10051650155	7844.76508678847	1064.25056636335	4276.6397905637	258.101999303165	976.773025486945	256.326862582948	309.462839157304	512	512	-1185.64045448579	2805.5131002015	-593.27635214149	687.461312107308	125	68	36	54	229	258	126	6	4	118	2413	25848	95	1340	2025	65	104	0	0	0	0	512	-28442	-65	-46	0
8	2	4	0	122	58	up	2	512	1020.99186938124	7481.93845397951	1035.9383613866	3967.20305370288	261.29298230879	1137.23804715053	261.719790739228	386.857082132903	512	512	-1187.39655253435	2808.92040842978	-593.465296344992	687.897995763838	116	72	28	54	242	268	114	8	3	119	2531	25740	111	1314	2190	59	105	0	0	0	0	512	-28269	-64	-45	0
8	2	4	0	122	58	up	3	512	1041.99719094031	7683.31841565507	973.614716321273	3595.68535550073	246.592612434724	964.724270093402	259.627492436783	325.646603154206	512	512	-1174.77760326686	2754.05147556057	-593.575049648395	688.152990443671	121	79	35	53	224	283	114	6	4	105	2604	25665	85	1342	2013	66	84	0	0	0	0	512	-28279	-64	-47	0
8	2	4	0	123	59	up	0	512	1002.27302233062	7324.95669123373	1017.80311625973	4040.545379457	290.738510468475	1210.56928175153	281.588192346973	449.671999716417	512	512	-1170.07670061423	2727.25401598455	-593.31916072798	687.559509522864	134	69	32	51	226	259	125	6	9	113	2676	26019	108	1405	1682	52	78	0	0	0	0	512	-28749	-66	-46	0
8	2	4	0	123	59	up	1	512	964.933332231551	6830.87750265784	946.984655458517	3433.40231898478	210.735701408782	611.158773617665	246.232043128421	316.268547011879	512	512	-1165.54447382118	2706.37429062953	-593.419780373965	687.792938817937	133	41	23	50	265	304	121	4	1	82	2767	25988	108	1345	1836	43	108	0	0	0	0	512	-28585	-64	-47	0
8	2	4	0	123	59	up	2	512	962.299630125934	6751.233440624	983.537333275033	3593.1294921118	267.2212895416	967.906699273571	273.046757419918	363.203918051479	512	512	-1191.16113394428	2823.99645578867	-593.536769457	688.063921657181	127	73	36	44	232	257	133	5	6	111	2510	26141	103	1454	1829	49	89	0	0	0	0	512	-28969	-66	-45	0
8	2	4	0	123	59	up	3	512	1092.84848384686	8405.95036671774	1038.95999891567	4175.18711264661	301.76763076316	1359.5144850319	298.386782148178	497.573804536252	512	512	-1191.94645793367	2822.34607094965	-593.598571428509	688.207534700546	130	66	27	63	226	258	133	9	5	107	2581	26172	95	1360	1821	38	88	0	0	0	0	512	-28818	-66	-47	0
8	2	4	0	124	60	up	0	512	1130.46119627655	8624.44579324469	1071.23662517294	4258.94189516556	251.515598108471	911.824490034632	260.285801161636	317.340593874165	512	512	-1176.3698148011	2758.60940852307	-593.372575987385	687.682578295758	109	69	29	64	241	283	124	5	5	95	2716	26387	97	1520	1433	38	69	0	0	0	0	512	-29343	-67	-46	0
8	2	4	0	124	60	up	1	512	1000.38699100999	6949.45208944169	1015.89525386106	3712.8039827254	202.746344526908	484.830559679708	234.586426706548	221.71573116873	512	512	-1183.93743583452	2796.46069744616	-593.810204119274	688.698148274725	104	56	30	48	274	302	120	2	3	85	2493	26785	99	1343	1503	38	53	0	0	0	0	512	-29383	-66	-46	0
8	2	4	0	124	60	up	2	512	1089.42926692217	8303.35449369763	1001.33016322011	3829.60183785727	267.120476479725	1085.32914846465	272.095929317122	403.309047316505	512	512	-1196.13665971685	2845.87972381405	-593.626230066712	688.271043926098	127	50	22	64	249	267	125	7	4	109	2550	26656	103	1411	1515	35	65	0	0	0	0	512	-29409	-66	-46	0
8	2	4	0	124	60	up	3	512	1100.55920027873	8140.71316913693	1025.91415816575	3951.3158535263	276.390986310973	997.411187789649	276.60262452783	371.26407591046	512	512	-1174.57359712767	2745.32496899078	-593.733035355534	688.519191931513	116	48	30	59	259	251	147	6	4	104	2671	26666	93	1290	1533	19	61	0	0	0	0	512	-29173	-65	-48	0
8	2	4	0	125	61	up	0	512	1009.73451516749	7273.41561493325	1018.90611854775	3901.06378270805	243.401629429099	783.894503345437	251.375901776666	261.648701302993	512	512	-1173.62975474125	2736.36352830733	-593.667625831175	688.368318051621	116	63	28	52	253	265	137	5	2	103	2608	27168	75	1381	1145	20	49	0	0	0	0	512	-29883	-67	-49	0
8	2	4	0	125	61	up	1	512	1044.55949683906	7607.16641965725	1051.20344361358	3933.88534888964	226.945458151289	726.086051152716	241.206246159245	255.8667070072	512	512	-1176.78772942936	2761.2731501789	-593.679577718494	688.395504144842	109	75	33	53	242	272	126	5	1	108	2656	26976	92	1508	1073	32	39	0	0	0	0	512	-29908	-68	-47	0
8	2	4	0	125	61	up	2	512	1073.45336221812	8031.93229937747	1037.56513490796	4059.85775173651	211.823655413483	670.171394330661	233.908545785615	293.436099228881	512	512	-1170.24813520523	2727.45113176379	-593.69642997035	688.434574073244	118	76	33	57	228	271	101	3	5	132	2587	27147	94	1404	1037	21	41	0	0	0	0	512	-29880	-67	-46	0
8	2	4	0	125	61	up	3	512	948.862232585005	6560.25808735119	972.172791677464	3677.94475120653	240.664305201914	899.162049151625	239.662656629299	256.800633320011	512	512	-1156.75621564475	2664.9685432648	-593.608765657746	688.230201586326	112	104	44	39	213	278	111	5	5	113	2669	27039	107	1417	950	43	45	0	0	0	0	512	-29791	-69	-47	0
8	2	4	0	126	62	up	0	512	1014.55949683906	7454.61320406662	1018.19381336047	3866.22022149451	254.608577111913	1012.76991986693	255.291550666355	320.495919202833	512	512	-1167.54917800048	2712.77394490504	-593.764553802391	688.592595685272	117	69	25	55	246	274	115	6	5	112	2716	27434	109	1485	676	29	32	0	0	0	0	512	-30311	-67	-48	0
8	2	4	0	126	62	up	1	512	1027.95210596843	7490.59807243242	1027.80471601442	3828.16680894505	263.526241226597	1062.57831542167	247.540317564106	294.924726792058	512	512	-1168.68831061791	2726.32193695311	-593.592513724911	688.193702204137	115	77	33	52	235	281	118	6	6	101	2741	27425	93	1485	660	27	38	0	0	0	0	512	-30314	-70	-46	0
8	2	4	0	126	62	up	2	512	1073.52756748468	7699.17545332739	1076.65027687349	4267.46032641022	245.086034625976	786.645336388423	267.060331726293	389.203275954101	512	512	-1171.21709850751	2737.1997230273	-593.568229233588	688.136548790332	99	68	37	52	256	267	124	3	7	111	2666	27463	112	1503	701	18	37	0	0	0	0	512	-30377	-70	-46	0
8	2	4	0	126	62	up	3	512	971.042275912182	6914.50383717929	1023.72330760896	3753.21580856973	241.645828025355	801.517788884855	248.881894957291	272.16943764483	512	512	-1169.49196446172	2720.24850979137	-593.887327405239	688.876486928844	107	63	20	52	270	257	123	4	5	123	2551	27685	98	1410	690	10	44	0	0	0	0	512	-30417	-69	-49	0
8	2	4	0	127	63	up	0	512	1070.93865379061	7618.71644467089	1127.2955136974	4375.95638101435	286.215967982537	1243.97352200739	272.969566925992	402.308384425218	512	512	-1171.21646586959	2728.41476028465	-593.765222051286	688.593974084474	106	62	40	50	254	260	127	8	5	112	2624	28009	106	1517	356	5	11	0	0	0	0	512	-30961	-69	-52	0
8	2	4	0	127	63	up	1	512	1276.51411530686	9752.70402219083	1235.41918049301	5271.73170463335	215.465488137856	576.25947498174	237.144308609227	270.13065724602	512	512	-1165.56007823516	2706.48821072694	-593.656608401444	688.342132364416	90	80	51	65	226	265	117	2	5	123	2699	27921	111	1525	314	7	20	0	0	0	0	512	-30903	-69	-50	0
8	2	4	0	127	63	up	2	512	1290.43177942154	10041.6764963956	1239.61489199775	5257.22728443817	234.483965314415	792.809499995383	254.609585494727	298.857458178809	512	512	-1172.80212284484	2739.65116266969	-593.687246664394	688.413033231391	97	68	43	71	233	262	130	6	0	114	2446	28152	125	1533	360	8	12	0	0	0	0	512	-31104	-69	-52	0
8	2	4	0	127	63	up	3	512	1228.6759780178	9151.33636971938	1224.77060795345	5208.37784828557	202.425724725044	522.36587784401	234.906952336953	239.612486053815	512	512	-1152.82094637158	2646.68592978584	-593.518098356251	688.020417796581	97	81	57	57	220	272	110	2	4	124	2843	27870	108	1435	319	14	19	0	0	0	0	512	-30645	-70	-51	0
# final_twist	63
# forced_steps	0
# sweeps_total	295392
# completion	PASS
