# format	twist_snake_sector_blocks_v2
# status	NON-CANONICAL floating-point engineering diagnostic
# L	8
# k	1
# chain	1
# kind	5
# kind_name	classMinus
# base	0
# restriction	1
# schedule	up_only
# seed	202609308151
# seam_size	64
# start_twist	1
# chain_initial	hot1CM
# warmup_sweeps	512
# dwell_sweeps	16384
# dwell_long_sweeps	32768
# visit_sweeps	2048
# equilibration_sweeps	32
# post_forcing_sweeps	512
# block_length	512
# segments	64
# seam_order	x2_fastest_then_x3
# class_rule	class0_if_2W_ge_minus_n_else_classMinus
# action_density	minus_sum_logW_divided_by_6L4
# sampling	every_production_sweep_after_full_heatbath_sweep
L	k	chain	kind	segment	n	phase	block	count	sumFn	sumFn2	sumFi	sumFi2	sumBn	sumBn2	sumBi	sumBi2	sumPFi	sumPFi2	sumY	sumY2	sumS	sumS2	hF0	hF1	hF2	hF3	hF4	hB0	hB1	hB2	hB3	hB4	sec0	secMinus	secPlus	secOther	untMinus	untPlus	untOther	pure0	pureMinus	purePlus	flips	classMinus	sumW	minW	maxW	forced
8	1	1	5	0	1	up	0	512	50.8126024590715	91.6115385834525	52.8343048114953	62.4328639105883	0	0	0	0	64.3515023921676	61.0423243138959	-40.4542137362106	58.3925875522364	-593.349908095672	687.630432823284	31	16	3	1	12	0	0	0	0	0	0	486	0	26	2166	2072	128	0	0	0	0	512	-538	-2	-1	0
8	1	1	5	0	1	up	1	512	47.8146351137604	52.6425823885486	50.05016632548	46.0396683156636	0	0	0	0	62.0624508748831	59.3317391681324	-29.6955714968812	47.6799489257665	-593.354547013899	687.641452374108	28	14	3	0	16	0	0	0	0	0	0	491	0	21	1917	1976	123	0	0	0	0	512	-533	-2	-1	0
8	1	1	5	0	1	up	2	512	42.4458247200067	83.8377007119471	44.9055186517573	50.2239938664899	0	0	0	0	49.6263960602549	46.6410918426634	-29.5313593584934	47.7843139901962	-593.33653918493	687.599961116758	24	11	3	1	10	0	0	0	0	0	0	505	0	7	2002	2074	113	0	0	0	0	512	-519	-2	-1	0
8	1	1	5	0	1	up	3	512	41.8298233859458	42.399121061414	45.7097238974871	39.4533429742534	0	0	0	0	58.3321208092465	55.5131329080627	-28.087201744881	45.7564167131585	-593.321656008725	687.564977289624	29	14	4	0	11	0	0	0	0	0	0	492	0	20	2015	2041	116	0	0	0	0	512	-533	-3	-1	0
8	1	1	5	1	2	up	0	512	361.76630450508	498.594754463943	373.613715902753	390.70996863431	496.927390811015	1312.63644138716	479.25970359034	746.747189879069	481.77715135025	481.019528211306	-62.3681851992018	55.7382265124446	-593.203322402605	687.291465767566	232	133	8	3	106	157	127	19	54	109	181	644	0	199	1955	1990	119	0	0	0	0	512	-1044	-4	-2	1
8	1	1	5	1	2	up	1	512	397.59302227101	583.863489064942	403.694182710682	435.938827306551	429.193835332886	814.975686645749	444.955470749817	617.413464986111	482.783849040179	482.422536560343	-68.564638483167	64.287052489581	-593.083741171883	687.014370650706	257	97	6	4	119	163	137	8	48	71	148	700	1	175	2043	1996	116	0	0	0	0	512	-1051	-4	-2	1
8	1	1	5	1	2	up	2	512	390.250523112249	605.343302534843	390.275534375708	406.541818309032	468.297160894132	1061.80096487764	466.59317179248	679.863010311363	468.614186768526	467.359690739689	-72.941395978962	64.1268747961345	-593.213833095119	687.315610120129	273	81	2	5	107	203	153	13	6	45	147	703	0	174	1996	1951	125	0	0	0	0	512	-1054	-3	-2	1
8	1	1	5	1	2	up	3	512	368.449156891949	464.283443258754	382.938814173603	388.465577385325	412.310316511628	877.180558406307	427.873562437703	637.797148302857	483.762390655726	482.797884533833	-67.6160855856229	63.4392761645355	-593.135069212934	687.132955057886	254	113	7	2	108	155	131	10	34	56	204	584	0	236	1967	2060	101	0	0	0	0	512	-1057	-4	-2	1
8	1	1	5	2	3	up	0	512	65.4904298472001	66.4350457167747	71.4185896975867	64.9414031914627	264.820846353791	802.094058281421	261.152278605951	489.853723697873	91.4032909870693	89.0331922966102	-75.4341587623723	63.8708391612533	-593.194455449105	687.270719991295	49	20	3	0	18	60	90	12	2	26	573	834	5	124	2046	1897	112	0	0	0	0	512	-1078	-4	-2	0
8	1	1	5	2	3	up	1	512	103.221952670641	273.381834257829	96.9498513442797	144.199671463685	299.451076270674	771.452826941064	301.199055003099	517.988100051048	98.2852630006561	94.8512424766548	-74.4728742721195	58.3266708287869	-593.127284760796	687.115535708412	42	21	4	4	27	78	113	10	4	22	680	624	1	231	2001	2013	113	0	0	0	0	512	-1092	-5	-2	0
8	1	1	5	2	3	up	2	512	97.1469709990765	227.703784449459	91.1782639197231	118.422270940214	263.972842351608	516.099828812653	274.003191966543	394.319931129813	92.7489534685427	89.3659456296779	-49.2904196951053	56.5009797820719	-593.271947456909	687.450016974438	43	15	5	3	27	111	99	5	2	26	613	775	0	148	1812	2025	111	0	0	0	0	512	-1075	-4	-2	0
8	1	1	5	2	3	up	3	512	83.801479496264	168.296244472337	86.0336625159967	108.395849772926	236.910056608177	341.882983544204	260.145655929237	354.991179435287	94.3155754808791	90.385767773234	-60.480183125029	50.9042704646113	-593.2646734755	687.433803224611	44	22	6	2	21	86	109	1	3	29	564	861	1	110	1933	2012	122	0	0	0	0	512	-1082	-4	-2	0
8	1	1	5	3	4	up	0	512	383.53526152632	518.381002420453	396.758096731102	410.054925574727	553.578906964151	1221.13091806629	563.605451282797	867.941642511062	489.354320288541	488.964761335743	-111.347815645365	68.7423847187212	-593.124232603268	687.107547167185	268	103	6	3	109	183	191	14	38	55	696	1092	4	256	1949	1813	111	0	0	0	0	512	-1603	-6	-3	1
8	1	1	5	3	4	up	1	512	405.781492777265	678.803625657167	401.506815937845	438.516346363129	510.213088914449	1188.84088070229	516.298549766004	794.346618470592	478.866302460838	478.224163132323	-111.997572481638	78.1945886075077	-593.031220823187	686.892030736347	237	107	6	6	123	202	160	15	23	53	817	868	4	359	2049	1907	125	0	0	0	0	512	-1583	-6	-3	1
8	1	1	5	3	4	up	2	512	404.571736034758	708.743309145539	394.463168833516	433.383873579717	483.62543147007	1108.69808002519	491.496682150183	754.292662110002	474.3881539848	473.853475981147	-89.1953333255195	67.9541094580804	-593.060228476574	686.959474185766	249	99	5	7	114	184	140	14	44	64	783	949	8	308	1938	1980	115	0	0	0	0	512	-1580	-5	-3	1
8	1	1	5	3	4	up	3	512	397.431935965074	582.276350601127	401.714557938031	422.703193353283	521.999380138528	1160.91939022521	527.612174039371	809.529653815857	488.8446199548	488.080214790927	-96.3320882810043	66.5111333712929	-592.958947183502	686.725524973373	260	103	3	4	119	161	198	13	18	48	806	898	6	338	1947	1915	102	0	0	0	0	512	-1586	-5	-3	1
8	1	1	5	4	5	up	0	512	84.5633788640752	169.835933745068	86.2803714246435	107.834098695221	369.411609418185	803.464812844011	367.659911381096	529.504306828416	93.6139565487018	91.5318487579116	-97.4178075543322	64.3726787862684	-592.939907677138	686.681640083149	51	16	0	2	23	146	136	9	0	30	1211	1099	8	242	2070	1930	124	0	0	0	0	512	-1602	-5	-3	0
8	1	1	5	4	5	up	1	512	98.2543618697003	309.708661168038	84.0301430009379	124.305625282792	351.787477465368	791.979665419991	358.395379364863	567.908562665601	80.8676309033446	77.6599464644176	-93.0423672355818	64.6246913178995	-593.194007845842	687.269200994108	33	15	2	5	25	123	135	9	1	16	1175	1170	2	213	1867	1891	117	0	0	0	0	512	-1598	-5	-3	0
8	1	1	5	4	5	up	2	512	86.4539553387625	172.556111185459	84.4612317190982	98.6552376135993	384.57472837881	815.488759859795	387.780209398505	548.160857339445	93.4079024097938	91.2877956855053	-100.647612597857	69.703686255959	-592.78862526498	686.330270411393	52	14	0	2	24	164	137	9	2	29	1206	1092	15	247	2109	1972	103	0	0	0	0	512	-1600	-5	-3	0
8	1	1	5	4	5	up	3	512	72.5866977550164	75.1800598539169	78.324353509567	70.4447646615865	332.588843685669	951.347722017884	335.377548531178	601.592617446562	101.054074690574	97.5926902045327	-109.73371689631	75.0281742519553	-592.969802147769	686.749855459027	48	28	5	0	21	102	103	14	9	24	1169	1152	8	231	2057	1875	124	0	0	0	0	512	-1612	-6	-3	0
8	1	1	5	5	6	up	0	512	397.895941301318	697.330002768871	399.84382633422	471.698862436106	543.667044253212	1353.70075733146	541.569109229013	853.700377656648	470.963699170697	470.099509506697	-123.988019489735	79.6772414425315	-592.81678191959	686.396182711891	248	100	8	7	108	174	170	18	35	80	1279	1445	11	337	1951	1911	118	0	0	0	0	512	-2127	-7	-4	0
8	1	1	5	5	6	up	1	512	445.038846991017	849.942875873774	429.529868312514	498.968754017644	567.875728030392	1474.11849558622	540.002919425614	845.200145256878	487.324233260166	486.625559056758	-148.321728616268	90.8104907572078	-592.79990786432	686.356648167998	241	98	2	9	137	199	190	20	5	36	1345	1344	8	375	2190	1825	130	0	0	0	0	512	-2110	-6	-4	0
8	1	1	5	5	6	up	2	512	402.431935965074	627.249742805811	406.15273354648	447.921752723011	532.415788003526	1177.1114029286	540.221583919715	786.987857943507	488.865920319201	488.411845756594	-130.325540744162	80.4461597294945	-592.783085292815	686.317280680781	256	105	5	5	118	205	173	14	26	82	1291	1412	18	351	1977	1856	123	0	0	0	0	512	-2116	-6	-4	0
8	1	1	5	5	6	up	3	512	393.850376484762	469.058170811227	411.768500311143	436.494343164046	479.904071920074	1076.01294169088	490.518762961363	738.097652198542	482.435324557239	481.960083369189	-131.454181952224	87.1361303255756	-592.91257174003	686.617409260711	257	87	9	1	129	192	155	13	20	57	1394	1222	14	442	1855	1810	130	0	0	0	0	512	-2114	-6	-4	0
8	1	1	5	6	7	up	0	512	107.389136940643	199.549908208799	106.109153428413	124.696612063569	334.592908995047	829.977437085888	337.682615005245	544.797706185586	113.788434990534	110.729511980203	-128.367378048649	78.3060444025186	-592.819048502986	686.402156249523	54	20	5	2	33	132	108	11	4	26	1790	1423	20	351	1983	1851	105	0	0	0	0	512	-2134	-6	-4	0
8	1	1	5	6	7	up	1	512	77.801479496264	125.214205147343	81.8960231791261	95.3091029598169	382.864491791621	983.770798358452	372.805898517975	597.700687870208	89.849339810225	87.2499484424359	-126.052824272191	83.4547833782422	-592.91089577371	686.614176486083	44	17	3	1	24	119	136	13	4	28	1816	1371	18	379	1904	1753	121	0	0	0	0	512	-2122	-6	-4	0
8	1	1	5	6	7	up	2	512	74.7670376425153	85.5303930711111	83.152685607373	94.898096841046	394.540286525061	942.91581084292	389.933843448051	583.092744020618	88.6761379055656	86.8467073831499	-114.82577046022	76.5326160162547	-592.916571510102	686.62634849971	44	15	1	0	28	156	133	12	1	41	1779	1484	11	310	1848	1914	125	0	0	0	0	512	-2116	-6	-4	0
8	1	1	5	6	7	up	3	512	98.2715827965746	178.063871103812	100.410910831537	121.838877323403	483.578793688188	1408.38676882	468.147119645159	822.648143379647	112.311508321749	109.813611502471	-116.059956435144	73.884073241571	-592.916069839482	686.625693160113	67	18	6	2	21	158	151	21	1	31	1802	1425	16	341	1821	1808	104	0	0	0	0	512	-2129	-7	-4	0
8	1	1	5	7	8	up	0	512	456.573768689447	973.528234975654	428.338356678957	516.612451592974	495.442099238519	1049.37170621883	495.418290579355	679.916431612793	482.157743135998	481.402701555649	-160.936371830853	104.264150095474	-592.755140647402	686.253940888306	246	91	6	12	127	209	160	12	21	75	1872	1764	21	439	1862	1787	110	0	0	0	0	512	-2636	-8	-5	0
8	1	1	5	7	8	up	1	512	424.034781681639	703.825356733903	420.02796258524	459.800710160073	446.18570471413	896.197412764463	458.076922844334	622.797914950282	484.515756937265	483.922258473073	-167.128660084731	102.25760195423	-592.599397616547	685.892845217713	251	92	2	6	133	227	134	10	15	64	1912	1717	14	453	1985	1829	110	0	0	0	0	512	-2626	-7	-5	0
8	1	1	5	7	8	up	2	512	456.673028941315	927.32246527076	436.067859188551	501.969152969739	494.674101906641	930.435120087106	496.911789175936	649.184532216347	484.379998707881	483.707026556668	-174.239775576282	105.596281021636	-592.926520843944	686.649651321944	272	74	3	11	124	227	165	9	24	57	1876	1807	9	404	1892	1719	96	0	0	0	0	512	-2643	-8	-5	0
8	1	1	5	7	8	up	3	512	430.281972621946	707.592093684411	421.30762940779	475.074525404943	516.28711089665	1012.54954187033	522.722174771536	717.481201677308	483.15897172427	482.847274809665	-161.800028833454	101.331268884927	-592.715407903919	686.160913853457	262	79	6	6	131	203	184	10	25	60	1931	1688	16	461	1930	1756	126	0	0	0	0	512	-2636	-8	-5	0
8	1	1	5	8	9	up	0	512	96.8551749315759	141.984937398833	102.058288514823	109.655631826317	364.040766369742	782.008044313871	366.702549536418	529.286905143296	111.58825093068	108.564334982467	-161.992541722826	98.8362935550582	-592.486998963302	685.63271980155	67	13	3	1	27	165	122	9	3	34	2470	1617	23	498	1920	1768	119	0	0	0	0	512	-2648	-7	-5	0
8	1	1	5	8	9	up	1	512	105.569476828142	197.17296719629	100.879366660922	114.441800917328	346.770256538494	689.870573459199	356.482149612323	511.510417881978	109.960301500091	107.610199210593	-141.497704401955	82.5060412828511	-592.658115545868	686.028549790012	54	18	5	2	32	153	125	7	3	32	2407	1756	15	430	1775	1810	114	0	0	0	0	512	-2644	-7	-5	0
8	1	1	5	8	9	up	2	512	93.9686637662665	143.355671302998	96.4632545475452	103.474901667808	307.618260540677	613.079881229537	320.297229320131	469.227211407584	105.145688448752	101.25851783401	-150.90472847894	92.3715758541967	-592.717504418493	686.167035279406	52	19	6	1	29	122	118	6	3	23	2325	1903	14	366	1838	1851	115	0	0	0	0	512	-2634	-8	-5	0
8	1	1	5	8	9	up	3	512	94.2473042162707	148.728180437411	97.8088001793787	110.710427230586	351.488623744438	714.903396626229	349.076828655114	490.245973124828	108.046842833335	104.923727181658	-163.549140931842	101.918037789314	-592.753962839829	686.25013581247	44	25	3	1	34	126	142	7	0	28	2391	1752	24	441	1903	1788	104	0	0	0	0	512	-2634	-7	-5	0
8	1	1	5	9	10	up	0	512	418.126984280077	623.126910370248	431.920471821932	498.942709222253	487.521146219461	889.218274818657	503.538854171425	682.124384140966	481.49489435198	481.01308316337	-186.429721423919	115.33442900075	-592.659873151087	686.032668428374	248	86	5	4	138	218	172	8	17	70	2535	1987	17	581	1932	1783	120	0	0	0	0	512	-3160	-10	-6	1
8	1	1	5	9	10	up	1	512	437.611316163211	654.413393142055	449.623311514715	511.109650851452	447.773362158509	916.856841247798	452.79048078467	625.031916407296	497.226382820125	496.472565502441	-189.533272604734	122.485477136451	-592.486504126328	685.632086591022	246	92	2	4	153	197	148	10	16	56	2485	2090	23	522	1828	1702	102	0	0	0	0	512	-3146	-8	-6	1
8	1	1	5	9	10	up	2	512	450.167524097893	752.657735886787	452.323022165817	543.604411404779	542.226357807909	1092.68524988981	548.38805385166	793.753310826216	479.189802551925	478.817499378523	-198.580004006097	128.140075492996	-592.247618924832	685.079372978723	239	74	5	6	155	211	204	11	8	62	2441	2190	23	466	2048	1899	105	0	0	0	0	512	-3146	-8	-6	1
8	1	1	5	9	10	up	3	512	428.856474448829	716.071478840569	442.552567332357	541.055455905539	495.576874309462	1052.89144377676	502.365308552193	724.220542726952	480.885178343747	480.054875586144	-185.93818429357	117.779665644759	-592.357386216859	685.332744999709	236	92	9	6	138	194	162	12	26	88	2464	2127	14	515	1923	1787	139	0	0	0	0	512	-3163	-9	-6	1
8	1	1	5	10	11	up	0	512	104.391169595332	151.906893374822	111.11181071886	120.231893962722	312.9617193888	637.272338773404	321.325872774838	442.260085330889	126.679920883443	123.450936512265	-177.069230507977	108.979829481031	-592.539397731603	685.753552392203	63	27	5	1	31	148	102	7	6	43	2964	2135	27	506	1823	1743	122	0	0	0	0	512	-3176	-9	-6	0
8	1	1	5	10	11	up	1	512	177.682965662833	468.05368108954	165.732553093667	219.445730329566	315.272769037864	720.162361263329	309.473255081181	447.889140821982	166.160079598322	162.895715617434	-179.228412431553	110.887238365609	-592.689237356688	686.100397460778	91	24	4	7	41	135	100	9	5	51	2786	2411	37	398	1901	1652	108	0	0	0	0	512	-3213	-10	-6	0
8	1	1	5	10	11	up	2	512	122.203772054404	142.004020091093	130.878607484401	141.598369251315	285.683078938796	527.737966928051	293.801968391403	390.372222639543	147.91156251326	145.70119485576	-200.766248337762	124.520252412761	-592.415061992026	685.466158460035	66	32	1	0	48	144	97	5	4	34	2884	2210	42	496	1967	1636	125	0	0	0	0	512	-3201	-10	-6	0
8	1	1	5	10	11	up	3	512	97.8247983872051	111.445252257787	109.259105879324	122.555723923846	332.195754711611	693.666130012385	332.816631662586	457.441150800412	113.158221206885	110.934491660171	-187.628707854582	110.706604408389	-592.630916142692	685.965338984732	61	13	1	0	36	171	104	8	1	38	2953	2174	18	487	1765	1644	99	0	0	0	0	512	-3155	-9	-6	0
8	1	1	5	11	12	up	0	512	459.536334491647	768.35397044308	463.969229172701	555.647899321354	490.375248185711	852.356635354296	507.112521842917	669.787086221566	484.5263965582	483.936402010872	-203.963367743253	126.032377855675	-592.531128677194	685.734442959181	239	75	2	6	163	242	178	7	3	62	3038	2551	22	533	1843	1723	120	0	0	0	0	512	-3663	-9	-7	1
8	1	1	5	11	12	up	1	512	431.710576415079	679.156623785578	446.371976465866	510.53246535927	478.062165881958	883.896765335826	490.989825231196	666.225854744445	488.289926547098	487.449337142449	-224.8638630693	141.868064260951	-592.501646244521	685.66612309644	252	86	3	5	142	214	174	8	9	57	3114	2327	47	656	2041	1644	115	0	0	0	0	512	-3685	-11	-7	1
8	1	1	5	11	12	up	2	512	464.977020936949	947.879457873816	453.208210491867	564.325902976671	472.755181542272	859.807184381036	482.430211087414	618.677917301566	489.877199297556	489.573208598799	-205.468451521953	129.201332751409	-592.638745218508	685.983799561211	254	86	3	11	136	221	157	8	21	85	3016	2522	36	570	1746	1686	90	0	0	0	0	512	-3696	-10	-7	1
8	1	1	5	11	12	up	3	512	403.011462790698	516.833779781296	432.310404103829	478.518441435972	501.628537090085	1052.57791663253	511.874826951767	725.079621475731	485.750665236408	485.33297780821	-210.150076345632	134.042820257591	-592.488193338006	685.635260069024	270	82	2	2	130	212	159	12	25	87	2988	2569	32	555	1756	1701	121	0	0	0	0	512	-3697	-10	-7	1
8	1	1	5	12	13	up	0	512	122.472249230963	138.893152900051	134.850353314504	150.438378469616	342.336627746621	685.114920335615	348.795319021135	494.629264238321	147.95422197402	146.075424110097	-211.402915834322	133.770657691361	-592.419909265225	685.477539624769	73	27	2	0	45	147	124	7	3	39	3492	2513	49	602	1745	1571	110	0	0	0	0	512	-3706	-10	-7	0
8	1	1	5	12	13	up	1	512	111.466151266896	167.312217412896	113.696241263994	131.149823860202	407.538253870372	957.773903978467	391.51154893348	571.911196710547	122.550346281527	120.533268657409	-219.349377290013	144.958936990663	-592.412954467929	685.461695477852	58	21	4	1	39	167	137	12	2	32	3458	2606	39	553	1822	1698	100	0	0	0	0	512	-3697	-11	-7	0
8	1	1	5	12	13	up	2	512	113.523912011586	126.364547454244	122.402794501989	128.792458472243	400.119813350684	825.93443629964	403.891499667552	578.732458037384	140.011864200094	137.734606040983	-205.824429821932	126.218046777506	-592.355526799123	685.328283627971	71	27	2	0	40	186	137	9	3	30	3486	2514	44	612	1707	1634	108	0	0	0	0	512	-3730	-11	-7	0
8	1	1	5	12	13	up	3	512	107.738693752834	168.183614446101	110.353487626889	137.420683362985	349.641579431618	721.071458182144	354.407001242309	491.509964624025	108.938933381284	106.610073526358	-207.836611566514	124.564506455568	-592.666781004474	686.048709434683	47	17	5	1	41	167	116	8	2	43	3501	2550	39	566	1574	1509	99	0	0	0	0	512	-3673	-10	-7	0
8	1	1	5	13	14	up	0	512	441.246571078835	668.479912630344	452.623267657371	532.544150063688	547.263792005709	1194.7730432193	529.714300911717	720.656341187852	480.545191694765	479.989095488375	-245.996999232333	166.372728588604	-592.308785897617	685.219955137286	232	79	6	4	160	242	183	14	5	57	3606	2889	30	643	1795	1651	92	0	0	0	0	512	-4202	-13	-8	1
8	1	1	5	13	14	up	1	512	426.150303171019	634.306957829109	442.716633432751	524.566148105716	465.478573746957	1088.20185703761	459.628796744966	663.741763665242	491.280706507793	490.8117003479	-224.453996455591	140.040951385251	-592.390743976028	685.409028052552	245	92	8	4	142	174	140	14	27	101	3414	3173	39	542	1706	1715	123	0	0	0	0	512	-4233	-11	-8	1
8	1	1	5	13	14	up	2	512	430.206031261019	574.565498284151	450.306320716384	520.334730737364	466.875728030392	972.346869522082	476.786292568479	676.387751014407	479.638557002325	478.994570249888	-234.743401560349	155.577768005097	-592.289054562604	685.175202232764	245	70	3	2	159	211	151	11	11	80	3575	2891	45	657	1752	1715	115	0	0	0	0	512	-4212	-12	-8	1
8	1	1	5	13	14	up	3	512	422.900006610696	625.141540525986	439.701713127452	515.047402375172	464.940546428512	970.21560164407	476.429700514848	682.553755141898	477.982744757266	477.278821023327	-240.49615972931	157.840621666842	-592.368774519883	685.359002256547	266	69	2	4	137	213	149	11	13	65	3744	2610	36	778	1694	1667	118	0	0	0	0	512	-4187	-11	-8	1
8	1	1	5	14	15	up	0	512	175.049743401897	479.23106776887	159.65695541155	230.417563490051	330.802665737554	703.552165464698	325.718718668232	443.512233138848	144.581456486522	143.077023470933	-227.152997238786	145.154165743932	-592.206129899902	684.982990678011	70	16	1	7	51	148	112	8	2	41	4010	2946	62	662	1783	1655	114	0	0	0	0	512	-4240	-12	-8	0
8	1	1	5	14	15	up	1	512	118.951442839392	208.701127801612	120.337079393683	135.401481126168	391.629383503484	1082.06923397973	362.111750740787	559.666272252147	128.168057349581	126.864902984015	-233.130972545372	156.384279292251	-592.310197511789	685.223176493989	74	16	1	2	35	161	110	16	4	31	4065	2939	37	639	1788	1602	115	0	0	0	0	512	-4206	-11	-8	0
8	1	1	5	14	15	up	2	512	165.405398178155	343.855906118295	163.803345943478	205.99676166495	368.709503449752	683.061713008355	385.755631884845	544.148080348944	175.044378905422	172.640781596491	-241.836645521617	156.878792020195	-592.062713668281	684.651134603174	78	38	5	4	50	157	141	6	4	37	3935	3116	52	577	1893	1658	103	0	0	0	0	512	-4243	-12	-8	0
8	1	1	5	14	15	up	3	512	136.508723739401	319.2842833595	130.321227055563	178.588585684949	376.139066932248	808.484768690498	377.475080683126	560.052314231351	130.389358259157	127.710666234051	-238.063022579427	155.097931564146	-592.490407525586	685.640456255205	46	29	6	4	45	153	136	9	2	31	4100	2880	52	648	1610	1475	96	0	0	0	0	512	-4208	-10	-8	0
8	1	1	5	15	16	up	0	512	435.274914968517	721.31449532722	429.228155003136	465.726105193355	478.809836666947	1014.30118729788	472.327555088006	639.406119162666	490.047912630215	489.464871768782	-253.469778442472	168.987306832028	-592.060655756086	684.645939804441	253	90	0	6	141	242	145	12	7	66	4175	3179	62	776	1621	1595	93	0	0	0	0	512	-4738	-12	-9	1
8	1	1	5	15	16	up	1	512	413.587997272269	658.373032476914	418.021685102547	479.808106868353	453.458247200067	899.501182339856	458.709601216216	607.327175869671	481.067526046158	480.764998280807	-250.442714262277	168.744835197697	-592.304615330767	685.210739472357	233	103	4	5	136	244	134	10	11	65	4167	3173	73	779	1597	1590	84	0	0	0	0	512	-4743	-12	-9	1
8	1	1	5	15	16	up	2	512	462.697420797582	841.3224817975	451.2234135065	529.797315276758	501.201965951642	1040.42137134896	496.806766079178	661.341696972954	492.041766973259	491.418252071554	-264.530950381976	184.868214516364	-592.312438870297	685.228092604009	244	85	2	8	153	251	154	12	8	78	4253	3045	56	838	1541	1482	97	0	0	0	0	512	-4734	-13	-9	1
8	1	1	5	15	16	up	3	512	406.835188212577	529.219592813368	422.470956114175	457.102936275435	442.693355488204	662.040884007642	453.689936522124	523.699902890618	483.4623292904	482.759217538275	-241.548701749489	157.628771359615	-592.388405513634	685.403983405621	256	84	4	2	137	254	155	4	2	70	4070	3392	66	664	1627	1677	95	0	0	0	0	512	-4743	-13	-9	1
8	1	1	5	16	17	up	0	512	98.8207330778272	144.383164647595	100.650369992909	102.0582691644	360.789510120057	701.98631736882	371.219045510684	527.351754205052	114.095170506455	112.151079841366	-263.120673170847	180.056258795841	-592.403619600319	685.43928662565	67	16	3	1	28	168	127	7	4	33	4783	3095	49	777	1550	1474	82	0	0	0	0	512	-4708	-12	-9	0
8	1	1	5	16	17	up	1	512	124.496527811267	294.769863228948	116.412086788424	138.271077915923	422.874655065066	855.331782130805	430.849508905684	598.790843651433	121.588094263611	119.511775408219	-265.835226466833	187.185311218038	-592.158692386941	684.873396056943	64	19	2	4	33	192	148	9	4	37	4740	3061	61	842	1669	1432	82	0	0	0	0	512	-4725	-13	-9	0
8	1	1	5	16	17	up	2	512	129.07102963815	232.300248036689	126.696892652285	152.637519181523	439.951669391319	1001.77036591302	431.300512725041	630.177491687428	130.207787892781	128.59050278401	-249.083873647316	168.980988149633	-592.274385979199	685.140340037425	58	21	1	2	48	172	154	12	4	40	4683	3133	79	809	1593	1575	107	0	0	0	0	512	-4733	-13	-9	0
8	1	1	5	16	17	up	3	512	141.545198247838	236.484727373647	142.462266743067	161.14811901605	352.405511454118	691.506936344347	367.147103269464	526.021096962268	158.062470737132	156.272382229735	-266.281240599329	180.275266228588	-592.44177308075	685.528344915062	79	30	3	2	45	163	123	7	5	33	4544	3444	56	660	1623	1494	109	0	0	0	0	512	-4758	-14	-9	0
8	1	1	5	17	18	up	0	512	517.749083578205	1116.08434616111	500.12094533491	666.914118616563	501.367117566955	1012.93534250735	502.076734361688	685.162654976095	484.124342538743	483.530624753998	-293.851265749927	210.260096851755	-592.147748628777	684.847574986136	234	60	7	13	170	234	163	11	14	67	4732	3627	59	798	1581	1431	77	0	0	0	0	512	-5240	-14	-10	1
8	1	1	5	17	18	up	1	512	439.459320165393	878.25019177798	447.871196201001	586.904733738554	469.196940952901	1034.62048497335	466.190437161925	631.942560266782	490.775993179171	489.518315594407	-280.963756306375	201.024855159038	-592.119347052347	684.781666677536	223	116	14	10	127	195	130	13	34	136	4510	3988	64	654	1602	1506	91	0	0	0	0	512	-5305	-15	-10	1
8	1	1	5	17	18	up	2	512	470.852409139451	850.541547136682	472.367832585977	584.277165827565	528.163458788515	1123.04798079695	515.926716030563	690.706087667282	485.911489085545	485.442304338203	-296.138607772739	216.325601139414	-592.021849460212	684.556772504976	258	64	1	8	155	249	169	13	10	54	4825	3480	42	869	1683	1456	109	0	0	0	0	512	-5235	-13	-10	1
8	1	1	5	17	18	up	3	512	476.848343830073	962.643538176477	477.171429643738	618.277632381165	507.931456120393	1021.09099810994	505.946316855359	671.646906731592	494.770108402119	494.255218968304	-293.718272726972	214.24727425188	-592.066886845171	684.660302659921	264	77	2	11	141	247	168	11	5	63	4662	3745	58	751	1626	1412	70	0	0	0	0	512	-5249	-15	-10	1
8	1	1	5	18	19	up	0	512	143.366891015028	200.027967106877	151.707446603699	166.435355303292	339.146124585677	631.170347733609	341.904244521766	444.926961951668	168.139572208998	165.996303231437	-290.529184690543	207.366312928448	-592.213686197659	684.999887076929	84	32	2	1	49	174	117	6	1	30	5020	3833	108	767	1621	1359	83	0	0	0	0	512	-5331	-16	-10	0
8	1	1	5	18	19	up	1	512	159.416521140962	374.251023615356	158.551123638859	223.724138180958	381.428830345059	877.877670248511	390.227730406601	594.189469589956	160.068077241739	156.339735689113	-273.431606575375	188.264642066905	-592.353171115816	685.322954460759	77	31	3	5	44	164	122	11	5	50	5029	3969	63	667	1548	1417	95	0	0	0	0	512	-5278	-14	-10	0
8	1	1	5	18	19	up	2	512	169.9808596944	463.382287361683	160.097923369323	252.743463417166	331.722659067249	663.117581115147	344.702075681864	491.765830687047	162.814144870591	160.411722658732	-292.164019468408	215.094583779021	-592.037751590093	684.592997838197	74	37	4	7	42	149	114	7	3	62	5055	3819	90	764	1786	1525	103	0	0	0	0	512	-5311	-15	-10	0
8	1	1	5	18	19	up	3	512	163.916041296281	309.212005735036	163.616273976404	201.432896361214	391.578793688188	856.040867480902	381.181028419125	524.53096638283	168.250132774664	166.670073399478	-299.517485222827	218.474231470706	-592.293145873844	685.184071039174	76	31	2	3	57	170	133	10	2	45	5082	3762	98	786	1606	1414	97	0	0	0	0	512	-5277	-14	-10	0
8	1	1	5	19	20	up	0	512	473.11586131727	830.804968441988	475.545157428642	605.456412948805	443.315454786332	592.707849989088	471.150149552143	561.942907808132	474.526171377688	473.872054471682	-311.473147432361	233.796325011987	-592.107576275792	684.754466822545	233	61	4	7	170	248	165	2	6	63	5116	4193	97	834	1678	1410	93	0	0	0	0	512	-5847	-18	-11	1
8	1	1	5	19	20	up	1	512	475.856474448829	897.741105601547	473.930942829043	597.793623771973	495.067190880699	1099.07014431912	483.957796934472	649.037932652614	488.371120018535	487.703639454836	-321.015580994159	239.25101637457	-592.039185107376	684.597124680762	248	72	3	9	156	242	134	14	23	89	5209	4043	89	899	1620	1359	96	0	0	0	0	512	-5823	-16	-11	1
8	1	1	5	19	20	up	2	512	465.536334491647	808.544656888382	480.101566266908	617.07101492996	505.737960615398	1018.96195443435	503.545860764533	668.483200055653	496.039586475764	495.798600425978	-316.016278415737	238.600208377186	-592.135190153078	684.818626155277	243	83	5	7	158	239	168	11	6	77	5100	4269	88	783	1658	1362	75	0	0	0	0	512	-5787	-15	-11	1
8	1	1	5	19	20	up	3	512	451.64372536227	795.496318016331	452.792301244739	553.249108325126	469.96996328352	773.326917807281	490.289556329106	608.764548091922	477.752781355957	477.097198952649	-339.20303509	277.0091042415	-592.075383426606	684.681098140808	225	83	9	7	154	253	160	6	8	74	4968	4472	84	716	1983	1389	120	0	0	0	0	512	-5852	-17	-11	1
8	1	1	5	20	21	up	0	512	125.247304216271	216.996474329612	129.548684783595	151.43225212969	315.49161608849	736.096731456008	308.37196577154	477.68649332591	139.011467028532	136.372744034074	-309.738689808692	233.921937519523	-592.307410275814	685.216648982858	72	23	3	2	38	113	111	9	5	36	5763	4035	77	877	1494	1309	90	0	0	0	0	512	-5778	-16	-11	0
8	1	1	5	20	21	up	1	512	142.42058645034	245.286503430233	147.73865754316	183.35456322996	379.523065598187	922.212483629	373.188707050902	576.620245337372	149.912999911277	147.497741801736	-307.267094445275	229.295471642983	-592.023343789014	684.559501121502	67	27	3	2	51	146	125	12	3	53	5600	4253	94	805	1716	1428	96	0	0	0	0	512	-5818	-16	-11	0
8	1	1	5	20	21	up	2	512	116.444865030644	198.67984156536	126.626454662199	151.917786848602	349.693242212241	766.216911375411	360.412246847951	547.422177058385	140.878440885844	137.155386246315	-293.384075874696	209.92319459544	-592.227785671581	685.032781676688	74	31	7	2	28	153	117	9	4	35	5657	4240	81	774	1353	1423	62	0	0	0	0	512	-5760	-14	-11	0
8	1	1	5	20	21	up	3	512	191.514821703467	460.780963582613	190.111480377615	269.885162976849	350.621252884729	899.109137409328	340.219720354218	508.886870587404	175.862335768927	171.03386595797	-308.95869035814	236.12840244923	-592.030485043267	684.576362664697	73	27	7	6	60	173	88	13	8	40	5613	4302	76	761	1675	1383	115	0	0	0	0	512	-5801	-15	-11	0
8	1	1	5	21	22	up	0	512	526.495794673831	1087.0027516766	521.557610723055	699.008689839006	458.612275852573	943.2187031324	453.353525658546	570.111210949478	495.169017863181	494.183496684475	-358.690432284836	294.07021883698	-591.739620350794	683.904319769851	248	55	5	12	176	244	135	11	5	84	5926	4285	71	982	1819	1371	124	0	0	0	0	512	-6287	-15	-12	0
8	1	1	5	21	22	up	1	512	492.374175220385	1063.64752934577	472.136903902812	598.371894747725	500.446164547897	936.810734841535	506.294255457187	670.354721941686	489.109035573706	488.816274710549	-314.51665187594	236.663618441665	-591.817904033309	684.085055133763	259	70	2	13	145	235	170	9	15	70	5597	4611	132	924	1620	1470	94	0	0	0	0	512	-6366	-17	-12	0
8	1	1	5	21	22	up	2	512	519.845351486022	1011.5278107936	521.858789391906	716.594600637414	501.800746358828	930.932681727816	500.737259355546	644.084538461539	485.792120454081	485.305192260117	-344.158913831098	279.056143979065	-591.992482217546	684.488119886965	237	48	5	10	186	264	167	9	4	56	5834	4475	57	898	1483	1309	92	0	0	0	0	512	-6283	-16	-12	0
8	1	1	5	21	22	up	3	512	458.627464124759	822.052849252163	468.667463566242	577.169093732563	446.138107242885	702.218262423602	460.190942556791	561.077452545569	491.816531327919	491.343370494935	-347.421844226583	282.066528670311	-592.023822491007	684.561163418453	269	71	5	8	139	263	151	5	1	55	6027	4116	56	1065	1480	1247	80	0	0	0	0	512	-6272	-15	-12	0
8	1	1	5	22	23	up	0	512	161.759979989086	341.545480462388	166.490867913311	231.501995847051	328.303145582235	693.562359610655	331.634703320279	474.107019969546	155.769075848747	153.482212901115	-335.632530536401	266.217526284255	-591.699493185782	683.811103996722	79	19	5	4	49	157	104	8	7	33	6325	4440	95	916	1507	1300	85	0	0	0	0	512	-6287	-18	-12	0
8	1	1	5	22	23	up	1	512	126.397267559399	231.809338344808	123.305389455712	149.086114632175	319.146124585677	568.199171467972	321.776904530742	398.483472520362	120.838578768998	118.931201007596	-340.861864565948	271.899336132753	-591.905739000343	684.287820657053	50	18	4	2	48	166	112	5	0	35	6503	4156	89	1028	1438	1272	83	0	0	0	0	512	-6245	-15	-12	0
8	1	1	5	22	23	up	2	512	208.278753725968	479.540167166695	201.577190422512	272.832928538917	311.519959978172	545.414686346655	319.243721920016	407.354853100674	186.649409715017	185.22396778426	-340.760169492577	265.207447939526	-591.782312070623	684.002621971091	93	20	1	6	67	182	98	5	3	37	6269	4468	110	929	1454	1239	75	0	0	0	0	512	-6301	-17	-12	0
8	1	1	5	22	23	up	3	512	173.779233570649	397.390714540761	176.588372977048	260.441045120118	463.082379152884	1128.74242772794	450.031104466218	671.098310602676	158.685910415289	156.117442929699	-325.551779893288	252.802048758081	-592.013030526348	684.535864642088	78	17	5	5	53	191	143	15	7	67	6217	4602	85	872	1483	1317	84	0	0	0	0	512	-6329	-17	-12	0
8	1	1	5	23	24	up	0	512	441.809836666947	836.955285958779	430.709637505118	502.555653663597	549.499859983209	1423.20895795861	537.419355050343	900.104486420299	484.905260245396	483.549026491471	-361.912039968258	298.96756723344	-591.958247659307	684.408555427991	254	88	7	9	127	202	159	20	24	91	6099	5268	87	834	1497	1236	91	0	0	0	0	512	-6870	-17	-13	1
8	1	1	5	23	24	up	1	512	431.877760685081	681.218266555287	440.964853322	498.387686438993	443.361979292251	873.272796008943	432.031937480506	513.685897703505	490.463869635625	489.881276328501	-372.157591809242	316.207936161059	-591.705419976121	683.825399383092	248	91	2	5	144	261	120	10	10	73	6174	5101	98	915	1702	1253	98	0	0	0	0	512	-6860	-18	-13	1
8	1	1	5	23	24	up	2	512	421.899046921333	630.287446823107	435.711322320435	512.721863662781	529.146237861641	1266.69941867832	511.765574639664	721.087706200613	491.001785043754	490.55645582592	-355.666919107018	295.953228346788	-591.899487183583	684.273112973594	236	100	10	4	141	243	150	17	12	85	5716	5709	154	709	1628	1319	92	0	0	0	0	512	-6995	-19	-13	1
8	1	1	5	23	24	up	3	512	463.468410473512	980.636441387165	450.749094320769	565.650984696305	427.706511105701	755.635555837883	424.47098639676	514.374514144276	493.964723440592	493.456090367512	-374.951108791639	314.894084050779	-591.849600706423	684.15799945352	253	96	3	12	130	226	135	7	13	86	6341	4873	102	972	1568	1259	82	0	0	0	0	512	-6812	-17	-13	1
8	1	1	5	24	25	up	0	512	138.431709413148	194.870091433549	140.389659875079	158.137756844236	381.789510120057	803.039532959451	385.904735359741	549.927512723797	150.319058678693	148.561026988785	-359.555705155594	294.374046330713	-591.625997004035	683.640675536229	82	18	5	1	46	176	129	9	3	33	6955	4544	128	1173	1397	1256	83	0	0	0	0	512	-6816	-17	-13	0
8	1	1	5	24	25	up	1	512	142.965671422215	249.299807327891	147.093555672842	190.344624615598	346.057987296617	683.795626791832	348.310357918249	480.741648670226	142.325428124962	139.845120409923	-366.179017155699	301.137431477435	-591.71494087365	683.846415465953	61	23	5	2	53	163	121	7	2	31	7002	4651	77	1070	1364	1319	78	0	0	0	0	512	-6792	-20	-13	0
8	1	1	5	24	25	up	2	512	157.255434835027	290.743708537487	162.668902439196	199.659894357292	451.083338842247	1181.70960042923	437.548935509545	651.891332366929	174.728762444826	172.924066671637	-367.820196923062	310.594589610001	-591.606378538785	683.596522674571	92	32	0	3	47	201	125	17	4	55	6659	5141	120	880	1548	1278	82	0	0	0	0	512	-6858	-17	-13	0
8	1	1	5	24	25	up	3	512	197.272655761901	487.693153726388	188.065836512569	256.703971220557	406.598047269751	966.371689692093	410.665625892555	655.41686994039	197.559588855279	193.880847878744	-352.697941561611	278.55146988157	-592.084625851211	684.701796405449	102	36	7	7	46	141	142	12	10	35	6693	5011	125	971	1347	1166	70	0	0	0	0	512	-6875	-19	-13	0
8	1	1	5	25	26	up	0	512	473.688330489464	908.552643358662	471.09736480209	601.188908148791	529.925358156326	1196.78057245404	504.071345388613	664.098305772035	483.271412616539	482.58074473087	-375.361124750904	316.540911667501	-591.807568419159	684.060061136678	218	87	3	9	166	248	160	15	11	64	6789	5436	118	969	1336	1257	79	0	0	0	0	512	-7353	-17	-14	1
8	1	1	5	25	26	up	1	512	515.426910966334	1079.58412787256	505.006778051201	689.260568749686	469.212129225086	708.629805965076	491.063227250189	600.99186126473	483.318668876615	482.610330612455	-376.691681260366	322.279643564175	-591.688283367284	683.785192829941	228	62	6	12	176	244	176	4	4	63	6780	5316	146	1070	1359	1244	84	0	0	0	0	512	-7365	-18	-14	1
8	1	1	5	25	26	up	2	512	468.418780347578	810.730462483421	468.467936488228	568.063885224548	515.152335825707	1110.62847144363	511.793634349125	709.43535861585	487.362932539499	486.748872281958	-389.47957814559	337.395890587	-591.892905558486	684.259368705685	256	65	2	7	158	234	168	13	6	70	6840	5305	120	1047	1402	1170	74	0	0	0	0	512	-7367	-18	-14	1
8	1	1	5	25	26	up	3	512	474.689290178826	860.515384181851	469.287373682909	584.265176717831	510.553555418521	1036.56949358513	504.444004568875	687.04030670541	480.193316844013	479.780178175768	-397.360790737808	353.917882955415	-591.569349657762	683.509990931122	252	58	2	8	160	225	177	11	9	58	6996	5090	110	1116	1429	1226	85	0	0	0	0	512	-7323	-17	-14	1
8	1	1	5	26	27	up	0	512	173.752922335656	396.4585685505	168.832909653635	230.0351671772	403.429903310385	761.992541003906	416.614271834537	587.179479646109	174.958828274823	173.138408052666	-376.084547667716	319.89533579347	-591.983131267804	684.466698517782	74	38	3	5	54	171	152	7	4	50	7338	5271	151	1064	1321	1213	61	0	0	0	0	512	-7361	-19	-14	1
8	1	1	5	26	27	up	1	512	199.729603444715	502.276305152591	187.479954543381	257.208911507832	336.292022619428	619.464359740157	347.714561897152	465.414299864496	182.845442289155	180.178246204524	-369.314332932984	306.278292822489	-591.657309722172	683.713095190527	89	27	4	7	56	178	109	6	6	42	7286	5382	128	1028	1305	1214	77	0	0	0	0	512	-7356	-19	-14	1
8	1	1	5	26	27	up	2	512	186.450962994711	363.983619404123	182.884423720018	221.031719899368	321.317374165058	448.810705919739	341.030038763894	400.707694848931	185.84036049392	184.11174137103	-370.268368037659	312.219630264524	-591.831264565892	684.115409436519	109	15	3	4	54	180	116	2	6	45	7320	5368	122	1014	1317	1249	85	0	0	0	0	512	-7361	-17	-14	1
8	1	1	5	26	27	up	3	512	149.525944666275	209.419983115608	158.308927560165	190.895330031987	366.759133575686	610.5042796965	386.249520873994	477.106861618853	161.108785359429	159.329347193284	-360.863584144016	297.22579443679	-591.525535842847	683.409948805022	84	19	7	1	51	210	121	5	2	56	7365	5293	115	1051	1242	1256	69	0	0	0	0	512	-7363	-19	-14	1
8	1	1	5	27	28	up	0	512	487.513015600705	913.253746370164	490.942351058204	620.575955745125	494.459320165393	919.751308010874	495.768503282679	627.526277823227	496.193431286785	495.938353619293	-403.786856333923	358.836490508879	-591.777340322304	683.990932276467	254	69	2	9	162	259	163	9	4	70	6632	6635	198	871	1354	1114	92	0	0	0	0	512	-8223	-24	-15	1
8	1	1	5	27	28	up	1	512	461.299193548821	713.129126309296	472.321812030304	560.189383166266	556.984191866342	1251.43557732265	542.77148076282	765.845244457393	494.087632464284	493.104130190149	-396.989568903626	351.478591795996	-592.007538388823	684.522434430938	284	51	3	5	151	228	190	15	4	73	7149	5990	160	1037	1262	1119	70	0	0	0	0	512	-7951	-21	-15	1
8	1	1	5	27	28	up	2	512	470.433968619763	851.378354035977	474.325263968648	582.748790814253	516.298233859458	1071.70297327051	504.249890606099	661.251199885713	482.967626806361	482.324921520865	-410.023725969139	367.380343773996	-591.5717741881	683.515799548062	253	63	4	8	155	242	170	12	6	68	7456	5649	109	1122	1429	1198	95	0	0	0	0	512	-7845	-19	-15	1
8	1	1	5	27	28	up	3	512	463.38936349257	790.510499199901	473.731115590229	572.297884324081	469.944611737889	897.574806880826	477.25563418702	665.291465659717	492.225773281631	491.405967150211	-405.122384825184	361.493369750887	-591.792784920242	684.026484502183	276	60	6	7	144	227	156	9	12	64	7039	6172	170	955	1369	1176	87	0	0	0	0	512	-7931	-21	-15	1
8	1	1	5	28	29	up	0	512	230.516854358156	621.053693484595	212.416743409028	305.419894775243	409.387330837881	863.592534393209	410.567258279225	552.644751960258	199.126625354349	197.585479711919	-388.890475716253	342.973032358	-591.644597496716	683.683464666784	94	27	1	9	67	195	131	10	3	69	7531	6283	151	883	1344	1161	88	0	0	0	0	512	-7961	-23	-15	0
8	1	1	5	28	29	up	1	512	192.952515804718	379.086508388255	193.91449844761	249.663999366557	388.857434138192	772.683886446564	392.538444276191	538.893291555034	191.910623547522	190.430514130663	-399.763210674847	357.32706302444	-591.714400648394	683.84525944401	97	26	2	4	63	178	136	8	2	53	7766	5831	157	1094	1289	1197	94	0	0	0	0	512	-7911	-20	-15	0
8	1	1	5	28	29	up	2	512	181.604991647217	372.104689004492	179.359831364782	243.854962874645	346.830049937873	547.876339858745	360.387029764146	420.761590869	170.487686158215	169.740353774044	-418.234864616437	383.654999505227	-591.611499581389	683.607612465926	81	20	2	4	63	203	116	4	1	57	8060	5383	144	1261	1335	1088	73	0	0	0	0	512	-7848	-20	-15	0
8	1	1	5	28	29	up	3	512	368.995201553186	733.636428992109	377.720523788224	514.785392081106	483.68319221476	986.096311405635	502.484873458664	728.776159552822	378.771784603566	377.922267773259	-502.091923382927	573.759014580333	-591.361091804292	683.029211470132	186	63	6	8	116	249	154	11	2	55	5886	8005	268	689	2301	1084	142	0	0	0	0	512	-9117	-29	-15	0
8	1	1	5	29	30	up	0	512	416.31952009571	624.510507463271	441.991215966151	536.920110118632	492.927390811015	1211.6076176528	474.550997466526	676.910764985027	489.01534701392	488.353903803894	-422.062228491534	388.586420958076	-591.822672926305	684.096203472323	230	106	9	4	140	229	127	17	16	113	7120	7126	216	898	1346	1053	86	0	0	0	0	512	-8717	-25	-16	1
8	1	1	5	29	30	up	1	512	479.563718691966	799.622713307449	492.001871680575	609.490197589413	500.180679715389	1071.57170126081	489.999966755434	632.457077339662	498.043238379057	497.167638909659	-434.361969328278	409.686690149861	-591.74996354187	683.928181422276	234	78	5	6	176	259	147	13	5	82	7771	6293	182	1114	1379	1056	83	0	0	0	0	512	-8435	-21	-16	1
8	1	1	5	29	30	up	2	512	501.824065249769	865.731356296073	502.561164656594	619.647322052904	446.994241863824	661.471922028379	461.41577189981	532.917717478272	493.014980265313	492.204485341887	-443.845225293217	424.77276179741	-591.629380404493	683.648951389691	253	46	5	7	181	272	152	4	1	57	8008	6028	131	1193	1305	1028	73	0	0	0	0	512	-8373	-23	-16	1
8	1	1	5	29	30	up	3	512	492.311389476954	1076.40407628201	485.413956443153	663.937745999537	485.707584071027	884.42448523235	510.531289872157	719.355375361605	481.157871159258	480.101314266974	-444.349178679677	428.802134986256	-591.540498959979	683.443780820985	230	78	6	13	154	221	171	8	13	82	7599	6556	188	1017	1435	1071	79	0	0	0	0	512	-8479	-24	-16	1
8	1	1	5	30	31	up	0	512	164.86031320628	228.649699836286	182.999384514968	235.588847971262	378.490656399127	668.533107562549	388.615404786948	516.596510490998	180.77997222263	178.766485961496	-437.902721289044	415.008684007653	-591.508150230911	683.369288249193	92	25	4	1	59	203	127	6	2	58	8426	6143	149	1154	1292	1006	77	0	0	0	0	512	-8401	-22	-16	0
8	1	1	5	30	31	up	1	512	291.415561451599	847.385850217237	287.331430077733	499.706462771182	361.205917985056	819.876780567544	352.64534735642	512.521076350906	239.653708793485	237.126243674435	-429.689763562111	401.375966941004	-591.650602488266	683.698528883695	107	35	8	13	78	152	120	10	4	40	8110	6578	176	1008	1358	1025	86	0	0	0	0	512	-8447	-20	-16	0
8	1	1	5	30	31	up	2	512	203.238213908152	514.384066723617	197.254202190353	295.442818335755	325.189656747544	845.978763343969	297.890480737898	423.94697885848	171.804627079593	169.524798185479	-433.154590648778	405.689390798563	-591.4857781856	683.317525903397	82	16	3	7	63	140	94	12	2	39	8569	5890	150	1263	1242	1038	63	0	0	0	0	512	-8385	-21	-16	0
8	1	1	5	30	31	up	3	512	208.754954990345	435.702474718118	205.829931229612	267.994636765358	382.621366160692	559.769031391572	412.867230275297	528.26069837104	205.787065419323	204.04293297458	-408.976958489194	365.954220765987	-591.488911275396	683.324312957648	103	29	2	5	66	210	137	3	8	50	8224	6363	172	1113	1201	1020	75	0	0	0	0	512	-8504	-23	-16	0
8	1	1	5	31	32	up	0	512	443.230309841323	724.120699130217	444.993061576137	511.720333662075	495.920333157586	963.888782997231	504.347175778411	676.493947395622	495.37009634549	495.024388246345	-442.168182017428	427.709584760303	-592.027318623998	684.569059711886	264	79	10	6	136	240	163	10	9	84	7506	7788	245	845	1239	1027	73	0	0	0	0	512	-9265	-27	-17	1
8	1	1	5	31	32	up	1	512	388.429903310385	523.435993241333	399.043788648292	410.599221344025	430.150303171019	820.612939211865	450.210900314369	601.288280419804	498.646307017303	498.019669642037	-428.930931531552	404.899983156939	-591.632712147309	683.65802261384	267	110	9	3	110	217	117	9	29	128	7800	7444	227	913	1273	1145	68	0	0	0	0	512	-9083	-23	-17	1
8	1	1	5	31	32	up	2	512	414.350856329444	710.396522257159	409.781244789888	461.938439043926	481.240473114768	1201.55750768219	463.658193584415	672.980572861036	494.052994348909	493.926311254125	-448.689209884679	443.860244865982	-591.446982329846	683.228307145588	266	101	11	7	109	205	124	17	23	124	7578	7748	210	848	1298	1121	79	0	0	0	0	512	-9264	-28	-17	1
8	1	1	5	31	32	up	3	512	433.588956961632	780.581891275083	421.944057927035	464.566565770433	472.776467778524	893.200090070735	472.846230999196	602.168617796209	492.040584330466	491.684768469334	-450.975767959275	437.668198246785	-591.457587916831	683.252052567313	267	90	6	8	121	233	154	9	9	98	8674	6172	159	1379	1063	1031	67	0	0	0	0	512	-8885	-23	-17	1
8	1	1	5	32	33	up	0	512	249.245384837545	485.651932302075	255.53365264236	338.445657208581	481.059060261943	1115.34065415037	487.885391621566	756.669772626119	254.546942353901	252.711545037937	-447.558828431132	435.412484381074	-591.404114028886	683.128926280753	116	46	4	5	84	210	155	14	5	40	8382	7307	224	983	1349	970	78	0	0	0	0	512	-9083	-24	-17	0
8	1	1	5	32	33	up	1	512	148.914008641592	210.207569725255	155.399832712466	167.441047282405	431.878720374444	909.449301270676	436.880976774036	634.244275349548	169.136609565631	167.461917146377	-453.675928251216	440.475784049628	-591.607625287979	683.598709778657	83	29	1	1	54	182	152	10	6	41	9042	6395	157	1302	1070	963	62	0	0	0	0	512	-8900	-21	-17	0
8	1	1	5	32	33	up	2	512	189.945458151289	259.079419862313	197.931563401159	219.271806127399	459.011462790698	941.960170940729	472.746879848443	682.849369664291	215.249976893382	214.075772476756	-426.880131940403	398.325249664609	-591.637638618156	683.668189880201	104	38	1	1	71	198	163	10	6	40	8864	6408	230	1394	1081	1023	65	0	0	0	0	512	-9081	-24	-17	0
8	1	1	5	32	33	up	3	512	253.052849021913	520.432413859039	248.43197865172	322.592016780976	458.463385474771	803.485238321092	471.886884819275	645.073164282277	254.904318926952	253.510423540291	-443.441906880483	429.193778412409	-591.40446073169	683.12929686065	134	35	3	6	76	189	188	6	1	37	8195	7429	235	1037	1210	954	68	0	0	0	0	512	-9311	-32	-17	0
8	1	1	5	33	34	up	0	512	472.513015600705	895.255962309212	478.113039127718	606.201573906456	506.386371148518	1010.2949884529	503.235952981027	645.118021885041	485.569188553384	484.577186675237	-492.889216852259	509.969814739176	-591.078475481193	682.377027401019	242	76	3	9	156	261	162	11	2	73	9291	6503	145	1469	1097	972	70	0	0	0	0	512	-9381	-22	-18	0
8	1	1	5	33	34	up	1	512	495.452262511964	929.420494063053	497.497452746525	636.488765495689	560.948677047267	1430.88079652695	534.597242403179	803.769720709958	507.076308564433	506.911444824874	-878.965605084537	2037.18481221364	-591.767383300726	683.969564523075	242	83	2	9	171	233	161	20	14	78	5252	11221	268	667	5142	691	226	0	0	0	0	512	-12288	-36	-18	0
8	1	1	5	33	34	up	2	512	519.645758016959	922.409850944927	536.011067826365	708.453965848063	501.699453452271	1041.48878051822	498.201492986089	656.314577065902	512	512	-1718.80727286143	5824.15303750049	-593.107425212043	687.06943489257	266	52	2	8	184	249	156	12	5	90	1669	14927	76	736	13156	78	595	0	0	0	0	512	-16334	-38	-22	0
8	1	1	5	33	34	up	3	512	535.508950291328	1199.08079570061	529.077127335672	721.832181029377	526.622439126018	1151.56017672509	505.078880562281	662.019503351133	512	512	-1728.52806477574	5894.45534793014	-593.0226825179	686.872296649257	268	67	0	15	162	257	162	14	4	75	1698	14889	73	748	13113	84	630	0	0	0	0	512	-16321	-38	-26	0
8	1	1	5	34	35	up	0	512	537.515048255394	1096.11849558622	545.804144828093	748.665526019432	465.979053591638	790.178795571112	469.957311782461	552.811515496083	512	512	-1721.2278713426	5845.83078817553	-593.12038917675	687.098744481356	263	56	3	12	178	279	144	7	4	78	1718	15389	61	752	12734	57	562	0	0	0	0	512	-16844	-40	-25	0
8	1	1	5	34	35	up	1	512	553.963865319453	1265.65951111704	553.786646421497	795.85417129307	488.656880979767	941.543322366932	479.70809541269	579.85955861161	512	512	-1719.86776545179	5833.42970046852	-593.129734595298	687.121182793449	262	59	6	16	169	265	151	10	4	82	1796	15256	85	783	12725	59	589	0	0	0	0	512	-16735	-42	-24	0
8	1	1	5	34	35	up	2	512	603.898087231971	1439.81695847662	584.546175895963	884.811792122231	508.848343830073	1077.64132223743	491.914513747764	622.678314612914	512	512	-1720.37120861292	5839.561584287	-593.283655255173	687.477308579753	222	57	3	18	212	276	147	13	4	72	1679	15402	65	774	12626	61	576	0	0	0	0	512	-16892	-40	-26	0
8	1	1	5	34	35	up	3	512	564.281012932584	1251.66705687852	551.446034882285	749.544117582431	467.102705699773	729.948650536691	474.341294230142	547.369446896744	512	512	-1726.27961235764	5874.37110022823	-593.259624944355	687.421327489858	256	53	2	15	186	261	163	5	1	82	1638	15487	64	731	12616	63	650	0	0	0	0	512	-16887	-39	-25	0
8	1	1	5	35	36	up	0	512	570.394501767274	1302.064398578	557.378162310269	782.808644109978	461.70854376039	785.258618957058	467.455523806677	550.419236999245	512	512	-1705.69947468361	5739.31832770416	-593.094242452243	687.038510305206	245	59	3	16	189	275	143	7	3	84	1792	15833	67	740	12256	79	538	0	0	0	0	512	-17250	-40	-25	0
8	1	1	5	35	36	up	1	512	569.080459774158	1199.79700263013	559.385544162961	775.145232824122	514.002372482579	1092.95086234405	493.819739492339	618.51790277962	512	512	-1711.87836345114	5775.89907003586	-593.183673280995	687.246149098248	231	58	1	13	209	264	157	13	1	77	1743	15759	77	853	12219	73	522	0	0	0	0	512	-17391	-41	-26	0
8	1	1	5	35	36	up	2	512	530.615381472589	1018.87238174293	546.832709410393	746.094616429807	486.632602399463	874.260847291161	481.029954780531	570.336373866767	512	512	-1706.89729328278	5743.95197528388	-593.191818087018	687.264316761303	248	62	5	10	187	250	166	8	2	86	1696	15800	87	849	12240	61	543	0	0	0	0	512	-17419	-44	-26	0
8	1	1	5	35	36	up	3	512	557.72683765259	1175.01916945765	548.939102552342	747.949790009966	490.91220253883	945.762391837799	490.049286750772	613.51739504762	512	512	-1709.83063989274	5767.25147415866	-593.172018648252	687.218552644338	244	58	1	13	196	264	153	10	4	81	1712	15903	79	738	12283	63	557	0	0	0	0	512	-17280	-41	-26	0
8	1	1	5	36	37	up	0	512	537.016601065402	1067.11273745005	540.555630907087	726.111482687868	474.924398466964	856.440890618338	474.178836825658	569.580016112489	512	512	-1699.48905978678	5689.43601610965	-593.249254719606	687.39744645946	247	63	2	11	189	246	159	8	2	97	1799	16305	93	747	11851	63	523	0	0	0	0	512	-17710	-41	-26	0
8	1	1	5	36	37	up	1	512	527.40969003946	1009.09144708211	534.065550274689	711.948430895899	517.208063915708	1065.64975767988	498.871758749741	650.552004720464	512	512	-1713.10057288388	5782.58363734476	-593.126023295003	687.112288869551	262	57	1	10	182	250	165	12	8	77	1829	16131	87	897	11901	78	503	0	0	0	0	512	-17841	-42	-27	0
8	1	1	5	36	37	up	2	512	517.131049589455	987.85640880237	522.433830819857	670.687446956879	512.823105560407	848.872830715098	509.630686297044	621.958543928161	512	512	-1686.48494371774	5608.76582003584	-593.157167372924	687.18415639608	266	60	6	10	170	247	197	6	0	62	1713	16383	77	771	11666	87	521	0	0	0	0	512	-17847	-41	-26	0
8	1	1	5	36	37	up	3	512	543.619446781966	1005.82360629376	551.875044513783	727.41021570199	447.341766021325	685.755290916801	458.887061832426	516.647649760664	512	512	-1706.15765828229	5736.1329690091	-593.296616156376	687.50720289645	250	49	1	9	203	284	139	5	3	81	1796	16342	66	740	11961	66	478	0	0	0	0	512	-17756	-42	-27	0
8	1	1	5	37	38	up	0	512	571.958840320712	1379.22448605869	564.070737965259	849.431559424607	502.841286176644	1003.25507675993	488.616349707689	595.11251791032	512	512	-1686.84565749707	5609.40044205852	-593.162947278696	687.196744965132	234	71	7	18	182	263	159	11	1	78	1794	16795	81	786	11320	78	439	0	0	0	0	512	-18295	-44	-26	0
8	1	1	5	37	38	up	1	512	522.074361810092	897.865733925785	537.795403297768	690.337624063807	470.585964617581	877.337556793722	471.137801419436	574.10138285248	512	512	-1683.6387415088	5590.05234644712	-593.060388664452	686.960380181868	252	56	0	7	197	260	144	9	5	94	1969	16514	107	866	11374	65	481	0	0	0	0	512	-18158	-43	-25	0
8	1	1	5	37	38	up	2	512	508.283045587272	868.106081369534	526.715214316252	667.876924160143	484.424878311645	864.340221704938	480.668180081282	563.203438277158	512	512	-1683.27055016419	5594.73977589067	-593.095863391395	687.042860239636	265	57	2	7	181	263	159	8	3	79	1799	16731	78	848	11354	75	452	0	0	0	0	512	-18354	-44	-27	0
8	1	1	5	37	38	up	3	512	614.75218919822	1456.6582013857	595.34662396606	886.741002246754	456.094575081018	779.853299050669	457.623173918743	526.335749263365	512	512	-1690.97332556975	5633.30095496529	-592.997490128773	686.814976264797	226	47	2	18	219	265	142	7	4	94	1763	16775	81	837	11210	67	489	0	0	0	0	512	-18378	-43	-28	0
8	1	1	5	38	39	up	0	512	550.673142217278	1016.27061312338	580.313833333141	816.03955102921	458.599120235077	668.867933338093	470.35060739373	536.028840698655	512	512	-1683.93471664999	5587.76887955619	-593.208029820094	687.302519338761	249	43	5	9	206	284	152	4	3	69	1958	17100	87	823	10883	64	536	0	0	0	0	512	-18659	-44	-27	0
8	1	1	5	38	39	up	1	512	580.433008930401	1319.72825893943	584.88981301794	873.08792768642	455.192875643523	636.301199692933	473.638055945843	552.084300805105	512	512	-1691.22277587264	5638.61698800212	-593.197083799665	687.276812781727	239	54	7	16	196	261	161	3	6	81	1800	17295	69	804	10954	56	442	0	0	0	0	512	-18852	-46	-29	0
8	1	1	5	38	39	up	2	512	609.214161879775	1513.0599666999	606.306986937885	970.363312462858	482.227317497272	825.820933119177	483.33117951617	569.607236904958	512	512	-1684.277778756	5591.57763746523	-593.091091471527	687.031203192753	237	51	4	20	200	261	163	7	3	78	1880	17211	93	784	10940	62	487	0	0	0	0	512	-18686	-45	-28	0
8	1	1	5	38	39	up	3	512	623.964938284779	1577.93402864432	599.774698721056	910.953404823288	474.914235193519	847.984122088198	471.258222206018	554.010419767413	512	512	-1678.84902472106	5557.5508545722	-593.235057973012	687.36460391404	229	50	2	21	210	265	152	8	2	85	1837	17290	77	764	10975	64	456	0	0	0	0	512	-18753	-44	-30	0
8	1	1	5	39	40	up	0	512	509.559653382588	873.338899578543	519.530230786531	666.598623014807	433.685224869449	736.544199652844	439.252540591286	503.827589444867	512	512	-1691.85474001278	5642.65423283119	-593.214259464363	687.317027521585	256	61	4	7	184	274	120	7	8	103	1877	17644	77	882	10523	48	472	0	0	0	0	512	-19344	-44	-30	0
8	1	1	5	39	40	up	1	512	472.725764687264	764.853299050669	501.313068377711	625.992964555011	462.601152889766	751.009840202546	453.533723726176	509.584733389035	512	512	-1702.11809287264	5714.57810364332	-593.262714544157	687.429214813572	281	68	4	6	153	273	148	6	5	80	1820	17668	102	890	10505	61	485	0	0	0	0	512	-19365	-45	-30	0
8	1	1	5	39	40	up	2	512	482.467450784149	755.228032387501	498.080792548439	605.328402724657	417.946644392578	494.96283172026	430.666541270922	439.785673703624	512	512	-1678.44779518138	5552.70242662577	-593.323356150637	687.569624240709	263	70	0	5	174	280	138	1	4	89	1973	17572	94	841	10613	64	417	0	0	0	0	512	-19173	-45	-30	0
8	1	1	5	39	40	up	3	512	528.52317887415	1088.62625963626	518.85299774486	683.084900448857	427.783525431954	585.127355210731	434.633872901436	457.258152109226	512	512	-1679.98350901603	5570.02548797602	-592.987101633807	686.790678401109	247	73	2	12	178	278	138	3	1	92	2010	17506	103	861	10435	55	531	0	0	0	0	512	-19137	-44	-29	0
8	1	1	5	40	41	up	0	512	534.300266514147	1056.78501672719	533.871240984207	694.338460701654	515.068263846025	1029.93889709953	504.779284282563	639.489311307919	512	512	-1670.57474469356	5502.69025121027	-593.340019293762	687.608541838243	259	57	3	11	182	249	173	11	1	78	1991	18109	91	801	10101	56	443	0	0	0	0	512	-19626	-45	-30	0
8	1	1	5	40	41	up	1	512	584.281012932584	1357.47637043321	568.659524332506	828.043109986865	505.221219533205	968.373036608599	502.498629359153	627.76282215753	512	512	-1671.78712228782	5505.10530720353	-593.504958685825	687.990542650909	252	48	4	17	191	266	162	10	5	69	1978	18082	88	844	10129	55	432	0	0	0	0	512	-19687	-46	-30	0
8	1	1	5	40	41	up	2	512	545.11586131727	1071.77171282953	545.88480288575	731.398585301871	540.355994604148	1141.48257754156	536.643185126274	737.571638347066	512	512	-1682.63431522685	5589.57576439193	-593.140898962448	687.146042039175	265	45	4	11	187	251	179	13	4	65	2024	17975	87	906	10073	45	455	0	0	0	0	512	-19712	-46	-30	0
8	1	1	5	40	41	up	3	512	555.164531753841	1172.05642037109	544.964873567549	741.452274560231	509.003445447906	878.606752761945	512.02483945842	635.381260651168	512	512	-1674.37025485057	5531.33581885815	-593.298913828296	687.512009583034	240	62	2	13	195	239	188	7	7	71	2010	18068	69	845	10144	61	448	0	0	0	0	512	-19703	-45	-31	0
8	1	1	5	41	42	up	0	512	532.448197202586	1055.89277829821	537.918075874611	718.995867365356	457.188810334145	710.23911208274	466.487668814245	535.119053430742	512	512	-1662.19192466534	5447.9015519821	-593.216738457577	687.322398338426	252	62	5	11	182	267	153	5	2	85	2004	18469	96	935	9519	64	403	0	0	0	0	512	-20256	-47	-31	0
8	1	1	5	41	42	up	1	512	586.795721360087	1403.19610716481	566.07722616002	815.39843913697	451.352888984132	760.367702654481	455.771270756412	525.301594733973	512	512	-1665.54715800964	5463.82091502509	-593.108502319463	687.071107764558	240	58	3	18	193	291	129	7	4	81	2021	18510	83	890	9594	61	422	0	0	0	0	512	-20216	-48	-31	0
8	1	1	5	41	42	up	2	512	564.175654716649	1180.47592972442	558.836552024251	776.77747374694	439.684265180086	538.029359471919	462.346972870431	500.344642243724	512	512	-1677.01373284166	5550.78968885109	-593.142896759557	687.151151899895	255	46	2	13	196	268	160	1	1	82	1889	18581	115	919	9564	62	435	0	0	0	0	512	-20313	-48	-32	0
8	1	1	5	41	42	up	3	512	560.75924685165	1213.58989840379	550.160043405328	743.80978819655	495.91220253883	916.624920983127	488.557997265942	609.289648599586	512	512	-1658.41348740965	5426.37865014573	-593.156066611552	687.181762417236	247	57	3	14	191	268	160	9	4	71	1946	18613	74	871	9547	72	396	0	0	0	0	512	-20287	-47	-30	0
8	1	1	5	42	43	up	0	512	555.182712370078	1268.16372470658	550.90859842989	785.356578891581	481.70854376039	928.149971836749	474.835332131743	566.171351579057	512	512	-1667.63302444498	5485.76393568904	-593.453835435017	687.871882874949	264	58	3	16	171	271	145	10	2	84	2017	19000	82	917	9245	47	413	0	0	0	0	512	-20762	-49	-32	0
8	1	1	5	42	43	up	1	512	551.392469112585	1196.14200189321	543.717558554136	754.782905935541	491.929423465704	946.576582111076	485.234183959945	587.319818174921	512	512	-1654.64987258445	5401.61987784929	-593.279951927322	687.469431175856	252	61	2	14	183	266	153	10	4	79	2076	18994	77	869	9212	56	377	0	0	0	0	512	-20649	-47	-29	0
8	1	1	5	42	43	up	2	512	530.183785335404	985.092340894763	543.898262158351	721.997675140528	441.066231191336	614.453304835028	452.391116846734	492.057966184286	512	512	-1651.47840096564	5384.73818556016	-592.98437995971	686.784072801027	243	62	4	9	194	260	153	3	3	93	2146	18820	108	942	9175	51	346	0	0	0	0	512	-20601	-48	-27	0
8	1	1	5	42	43	up	3	512	535.91220253883	1054.15929282848	546.966733456941	748.174787689916	492.946644392578	910.335340854674	483.940948303785	579.815222999585	512	512	-1661.99302320802	5443.61926090128	-593.223100112147	687.337562019251	272	48	2	11	179	272	157	9	3	71	2174	18853	85	904	9189	45	408	0	0	0	0	512	-20581	-47	-29	0
8	1	1	5	43	44	up	0	512	531.871662721014	1044.24709442134	548.782682092989	751.571865220478	475.537294181009	837.888770602176	470.074168040538	550.948151879099	512	512	-1656.64310212416	5416.62625590895	-593.139839297578	687.144562741583	273	48	8	11	172	285	142	8	7	70	2137	19349	91	951	8652	54	458	0	0	0	0	512	-21158	-50	-31	0
8	1	1	5	43	44	up	1	512	581.996274518512	1492.12159294287	558.846725094609	837.563303850335	480.489696709764	851.508287392538	486.567422893578	592.621987799653	512	512	-1658.17148773908	5420.02210316023	-592.936372066344	686.673456604767	261	59	5	21	166	273	150	8	7	74	2125	19395	83	925	8714	53	398	0	0	0	0	512	-21181	-48	-33	0
8	1	1	5	43	44	up	2	512	576.048050575099	1214.11762656368	567.80879101163	796.886378193566	458.292135895391	744.261724577073	458.054722114861	517.419146057831	512	512	-1673.71562983487	5523.06872781096	-593.498756760558	687.975812759317	224	57	2	13	216	275	146	6	2	83	2016	19521	72	919	8842	37	383	0	0	0	0	512	-21294	-48	-35	0
8	1	1	5	43	44	up	3	512	517.237480770716	889.756641964992	538.74222315859	719.423270569503	473.781492777265	804.577467660358	477.044297199085	570.534232793184	512	512	-1655.2015186407	5405.97319645631	-593.337410832104	687.601908701771	250	60	2	7	193	277	151	7	3	74	2072	19444	110	902	8814	57	374	0	0	0	0	512	-21138	-49	-33	0
8	1	1	5	44	45	up	0	512	537.02569137352	1059.58324232327	541.406933551248	724.563786897948	467.562645726639	720.044430336456	470.837920521852	537.682662914686	512	512	-1656.41439617282	5411.98549732751	-593.214044239106	687.316132385581	265	52	1	11	183	283	154	5	3	67	2151	19858	86	945	8225	50	358	0	0	0	0	512	-21668	-50	-32	0
8	1	1	5	44	45	up	1	512	564.281012932584	1251.6404490832	563.476759638294	808.64887865666	499.923325501637	1028.29276425048	482.798381075501	600.269642994571	512	512	-1655.40619267352	5406.62326305662	-593.009279138895	686.841778910703	252	54	6	15	185	271	146	12	6	77	2156	19780	87	1017	8250	47	403	0	0	0	0	512	-21748	-49	-34	0
8	1	1	5	44	45	up	2	512	559.521146219461	1247.24045073588	564.90070368025	843.199763145663	444.060133227269	725.333565624425	449.607795267543	502.557879890655	512	512	-1647.77522901316	5354.79696722716	-593.180141382377	687.237922318514	246	62	4	15	185	265	140	6	1	100	2241	19740	79	980	8303	45	339	0	0	0	0	512	-21630	-49	-34	0
8	1	1	5	44	45	up	3	512	600.182712370078	1561.83778334565	568.798290164304	838.072977992462	441.910169884141	644.030681598314	460.474242621003	522.609923614602	512	512	-1658.22984809675	5425.04375047722	-593.196069043175	687.27445963345	252	55	6	22	177	275	142	4	5	86	2056	19957	97	930	8418	51	336	0	0	0	0	512	-21727	-54	-35	0
8	1	1	5	45	46	up	0	512	564.061206192595	1116.81429769709	577.646122843863	832.043472086223	465.201965951642	792.882567625516	462.927656775622	542.606421983023	512	512	-1641.05895449335	5314.43376423552	-593.101970031778	687.056584033454	236	50	3	11	212	271	147	7	3	84	2217	20209	97	1029	7802	71	321	0	0	0	0	512	-22183	-52	-33	0
8	1	1	5	45	46	up	1	512	567.179720026027	1188.6200566596	566.850188828007	784.818660774956	453.206031261019	666.053302356017	466.791815519133	535.439860075304	512	512	-1644.87426935012	5336.57856220821	-593.194429211558	687.270100219433	249	48	1	13	201	269	153	4	4	82	2190	20302	91	969	7924	42	300	0	0	0	0	512	-22144	-50	-35	0
8	1	1	5	45	46	up	2	512	559.896054577282	1071.89234585279	568.828832860971	791.07140792394	466.420813002267	758.304741890061	472.449560986663	550.31035452325	512	512	-1657.48380788283	5414.33743026052	-593.011892820613	686.847274204456	241	46	3	10	212	273	152	6	3	78	2160	20224	85	1083	7764	44	356	0	0	0	0	512	-22321	-53	-36	0
8	1	1	5	45	46	up	3	512	549.060133227269	1151.1584072792	548.753909909671	761.82277986108	535.105698043825	1232.78278839308	508.954672393445	683.747809396936	512	512	-1644.43782362069	5329.53172590494	-593.170725087281	687.215670518236	261	52	5	13	181	268	155	16	3	70	2259	20230	101	962	7892	46	354	0	0	0	0	512	-22053	-51	-34	0
8	1	1	5	46	47	up	0	512	605.596127891025	1470.39965679897	595.585276040498	889.405264508874	475.124951625388	916.228905541728	470.983827240834	576.408503212142	512	512	-1648.20271204448	5362.92886184095	-593.075442109776	686.994637907657	241	48	2	19	202	271	139	10	4	88	2219	20665	99	1081	7316	39	324	0	0	0	0	512	-22746	-55	-36	0
8	1	1	5	46	47	up	1	512	637.132122554782	1601.74955343905	603.895554928156	908.338258471609	474.358027258837	816.196543741921	474.764537391734	580.102596021254	512	512	-1638.06278380451	5291.3237770131	-593.203464921205	687.292085390528	225	43	2	21	221	252	160	7	4	89	2392	20640	82	950	7458	32	363	0	0	0	0	512	-22462	-51	-35	0
8	1	1	5	46	47	up	2	512	558.263792005709	1131.71539575057	582.002712650918	838.231563309354	509.358027258837	982.868386441946	490.883379051727	600.823583246999	512	512	-1641.25172249538	5311.29047467535	-593.277304942563	687.462921528583	258	43	6	12	193	252	172	10	2	76	2265	20690	98	1011	7367	68	334	0	0	0	0	512	-22618	-51	-32	0
8	1	1	5	46	47	up	3	512	627.947717357905	1585.03779904605	608.218423398354	930.35664231673	419.549490109143	574.004073802999	442.882818882685	484.781643914764	512	512	-1627.09299180753	5221.67901371736	-592.933108601154	686.665108996643	227	48	3	21	213	271	134	3	2	102	2355	20581	109	1019	7371	46	328	0	0	0	0	512	-22523	-51	-36	0
8	1	1	5	47	48	up	0	512	495.528203872891	951.280794874278	500.991021653941	643.936291983695	431.545424799765	552.558397363154	448.988660473453	485.145303746932	512	512	-1621.97618653028	5197.99826989049	-593.09438763883	687.038822062042	271	74	2	10	155	281	142	2	5	82	2414	20992	113	1057	6910	44	348	0	0	0	0	512	-23007	-52	-34	0
8	1	1	5	47	48	up	1	512	531.392469112585	1053.25064901352	527.140489373518	696.778217589064	435.605218199144	637.482124437706	437.99376307331	468.674788221928	512	512	-1659.19449702339	5431.05945018033	-593.074136732052	686.992222153259	256	61	3	11	181	267	141	4	4	96	2151	21242	94	1089	7036	41	309	0	0	0	0	512	-23346	-53	-37	0
8	1	1	5	47	48	up	2	512	510.921292846948	932.875915676687	514.796460744671	645.443023449152	456.737960615398	749.642660890565	458.730581611813	539.242929971274	512	512	-1621.97369123427	5191.3260756392	-593.185205969222	687.249249987359	290	47	2	9	164	255	151	6	4	96	2267	21219	87	1003	6976	49	256	0	0	0	0	512	-23151	-52	-35	0
8	1	1	5	47	48	up	3	512	506.506917636639	1003.15839901583	508.418903906636	663.331875555359	439.702445796323	745.302958396442	437.220341390522	481.3249136358	512	512	-1650.15841469969	5368.36177076285	-593.413015761133	687.777444839112	275	67	3	11	156	280	124	7	5	96	2079	21359	104	1034	7084	32	274	0	0	0	0	512	-23327	-54	-38	0
8	1	1	5	48	49	up	0	512	547.99531482915	1044.87947853224	558.060427408179	752.467069928031	539.982159211653	1147.51318063786	519.204848512928	692.966310669006	512	512	-1627.4192713806	5227.24788890712	-593.160176356684	687.191041127228	259	44	1	10	198	235	184	13	5	75	2305	21709	103	971	6508	42	303	0	0	0	0	512	-23547	-53	-38	0
8	1	1	5	48	49	up	1	512	587.823105560407	1301.27416358387	583.093559195776	854.077204380305	526.199933296953	1110.25064075015	502.97108349644	637.919751300955	512	512	-1646.33312698163	5348.63441304092	-593.277795302759	687.463422853113	231	51	4	15	211	270	163	13	2	64	2225	21704	102	1057	6630	29	290	0	0	0	0	512	-23723	-57	-36	0
8	1	1	5	48	49	up	2	512	610.471516093527	1554.44755083054	589.264648721765	908.665049629298	489.684265180086	876.703418110992	493.860645728605	605.538685072621	512	512	-1617.68606321018	5172.76037798305	-593.194823406347	687.272133387381	229	59	4	21	199	256	166	8	2	80	2579	21399	112	998	6537	46	295	0	0	0	0	512	-23288	-59	-34	0
8	1	1	5	48	49	up	3	512	528.263792005709	972.988121520865	537.343785365835	688.412496090503	472.495794673831	695.681242193772	491.189802220653	584.261313189225	512	512	-1631.87835064118	5251.88449252351	-593.227836667012	687.348368285587	262	51	5	9	185	276	165	4	3	64	2329	21678	87	994	6572	34	300	0	0	0	0	512	-23584	-53	-37	0
8	1	1	5	49	50	up	0	512	594.243578734783	1313.35975336937	592.04696999585	868.115987481473	438.262719040383	703.152624352911	452.266124288267	529.979544156714	512	512	-1612.58540782794	5134.79958235148	-593.014979045779	686.855181287414	229	48	3	15	217	287	124	6	7	88	2478	21966	122	1034	6063	34	272	0	0	0	0	512	-23915	-53	-37	0
8	1	1	5	49	50	up	1	512	620.029756682898	1565.12870212724	596.390286042533	910.357381239133	458.378240529763	777.443539002814	465.286797261931	546.649453465853	512	512	-1634.43536044761	5272.68873969113	-593.406373208598	687.761915957742	243	44	2	21	202	277	138	7	6	84	2286	22154	92	1068	6116	29	250	0	0	0	0	512	-24217	-55	-40	0
8	1	1	5	49	50	up	2	512	535.855514759466	1067.36373627529	557.715324595233	789.071930758786	474.47247578289	879.858175769249	469.99456455208	556.25831118759	512	512	-1622.73566980898	5196.12947992139	-593.162520977621	687.196634368671	238	68	6	11	189	271	144	9	3	85	2362	22014	106	1118	6133	43	265	0	0	0	0	512	-24150	-56	-37	0
8	1	1	5	49	50	up	3	512	541.583931962892	1173.512727534	542.8134590265	761.858411640289	473.590029926958	737.206742019564	486.16709904711	581.897476067114	512	512	-1633.15266456371	5262.58388577647	-593.18567006033	687.250401768835	267	59	1	14	171	262	163	5	8	74	2277	22161	103	1059	6148	31	282	0	0	0	0	512	-24194	-55	-39	0
8	1	1	5	50	51	up	0	512	571.027724028209	1300.45242341743	567.887434694536	812.753316756433	476.315454786332	777.06039914533	479.239988853254	566.670792300191	512	512	-1616.52965644469	5157.14557933729	-592.976683078286	686.765668447683	250	55	4	16	187	264	160	6	7	75	2515	22366	107	1124	5671	28	244	0	0	0	0	512	-24517	-56	-39	0
8	1	1	5	50	51	up	1	512	539.098640390396	1025.98413035157	541.580161915274	704.357853916403	473.360059913526	705.11672448766	477.840839812229	544.209885478233	512	512	-1614.44847358752	5144.22200949606	-593.071010876527	686.984926919182	267	45	2	10	188	257	172	4	4	75	2480	22329	119	1184	5611	25	238	0	0	0	0	512	-24597	-56	-40	0
8	1	1	5	50	51	up	2	512	586.49782732852	1322.81206936299	577.812531777016	843.109029770234	457.408617074133	882.147302793848	443.665141269145	506.212044875357	512	512	-1627.29112792685	5221.51231881961	-593.302229910931	687.520228070704	261	38	1	16	196	283	123	10	2	94	2398	22562	105	1047	5646	36	273	0	0	0	0	512	-24556	-54	-37	0
8	1	1	5	50	51	up	3	512	552.428943621023	1123.74599471518	560.217004017572	768.368838702285	457.592062581647	750.621374654313	471.910476741359	573.603957580039	512	512	-1610.96099394804	5121.30861593266	-592.956674314529	686.719487104793	257	49	3	12	191	255	151	6	5	95	2492	22443	127	1050	5656	32	286	0	0	0	0	512	-24428	-55	-39	0
8	1	1	5	51	52	up	0	512	561.6133488179	1140.45774910818	565.308770136145	788.901900425877	451.410649728822	800.178346598944	455.936566588866	544.902007703447	512	512	-1607.79986439304	5103.23437351613	-593.257861365584	687.417700540343	255	44	2	12	199	280	127	8	6	91	2553	22800	117	1154	5252	41	218	0	0	0	0	512	-25010	-57	-39	0
8	1	1	5	51	52	up	1	512	551.93049643103	1057.68480504933	558.899432678793	763.817160285944	482.725764687264	891.908730580348	481.52726860112	599.806965912881	512	512	-1612.96471489711	5128.29705690063	-593.039432773157	686.911500349098	245	50	1	10	206	277	149	9	1	76	2409	22970	120	1125	5191	29	266	0	0	0	0	512	-25108	-57	-41	0
8	1	1	5	51	52	up	2	512	609.501892637898	1547.9318044419	592.370702990049	911.514847011355	438.493762019142	677.171258073001	441.193989743784	478.801429839782	512	512	-1612.08233386933	5127.2718772474	-593.322408084614	687.567061832386	239	53	5	21	194	271	138	5	2	96	2435	23041	98	1050	5271	28	214	0	0	0	0	512	-25062	-57	-39	0
8	1	1	5	51	52	up	3	512	551.651855981026	1126.42315897427	560.506536272183	794.359541300454	461.910169884141	749.866602948327	473.514620843879	563.044733084001	512	512	-1607.63423763324	5107.1635791372	-593.274811512355	687.456666782207	245	56	6	12	193	275	148	6	3	80	2619	22802	105	1098	5282	22	214	0	0	0	0	512	-24899	-57	-39	0
8	1	1	5	52	53	up	0	512	554.626504435396	1125.18324397595	568.090108277711	790.697314214489	455.009430136009	804.882559362146	449.939329006748	507.934211256514	512	512	-1616.38386964037	5157.52168363409	-593.46123692351	687.889033669467	259	45	6	12	190	285	129	8	4	86	2451	23508	121	1056	4882	33	207	0	0	0	0	512	-25503	-59	-41	0
8	1	1	5	52	53	up	1	512	596.057140883217	1423.59034737596	574.325928016448	831.644182427249	463.944611737889	751.49498349488	457.626613405875	507.94680411967	512	512	-1609.45460963778	5109.80034092689	-593.431573396283	687.820554000672	230	58	2	18	204	279	148	6	3	76	2464	23529	92	1051	4849	18	207	0	0	0	0	512	-25546	-58	-41	0
8	1	1	5	52	53	up	2	512	562.947717357905	1185.50121126165	566.111728080247	795.253973931874	452.313422131643	774.412944169887	450.922393965185	514.397723011979	512	512	-1608.89664552499	5114.09517425199	-593.140618296333	687.145598427459	235	58	6	13	200	263	140	7	4	98	2572	23316	99	1149	4746	31	216	0	0	0	0	512	-25526	-60	-41	0
8	1	1	5	52	53	up	3	512	617.563718691966	1455.58280987785	607.762870088195	923.278513397978	427.418780347578	620.657286914618	435.994511159364	469.931792117805	512	512	-1619.6262486083	5169.93635074062	-593.277092021316	687.462843602761	238	37	3	18	216	272	132	4	6	98	2462	23445	105	1124	4804	29	244	0	0	0	0	512	-25602	-57	-42	0
8	1	1	5	53	54	up	0	512	527.391509423222	875.902103421629	552.754837040664	730.747278012582	500.172549096634	1061.33666298107	481.084910471487	610.993718812865	512	512	-1595.39958602693	5031.12138064772	-593.073738450888	686.99111631971	238	56	3	6	209	279	139	13	5	76	2651	23659	121	1217	4328	27	169	0	0	0	0	512	-25990	-60	-41	0
8	1	1	5	53	54	up	1	512	555.635708019478	1075.42893776887	565.585327318963	782.111199578453	447.390436457896	547.791664544331	468.212784717787	526.481429165297	512	512	-1611.69684976645	5124.22286855351	-593.296094138263	687.506392057488	218	64	2	10	218	271	162	1	5	73	2603	23762	91	1192	4366	18	199	0	0	0	0	512	-26061	-61	-42	0
8	1	1	5	53	54	up	2	512	587.861612723533	1266.04667106561	591.49490350196	872.293630968858	474.712609069768	772.183235712578	473.307587898202	543.899946103794	512	512	-1597.83149315666	5045.03506093939	-592.914955627346	686.623610438053	229	48	5	14	216	273	158	6	3	72	2686	23613	120	1229	4281	35	229	0	0	0	0	512	-25975	-59	-42	0
8	1	1	5	53	54	up	3	512	564.541472766351	1160.90565388213	565.676595120851	782.864310975321	498.455254856016	992.797867520991	477.985693581259	579.016777412343	512	512	-1602.12062295906	5063.34878126126	-593.196956630128	687.277068034844	220	64	2	12	214	269	153	11	2	77	2542	23851	117	1138	4390	23	200	0	0	0	0	512	-26024	-59	-41	0
8	1	1	5	54	55	up	0	512	634.838293832592	1558.62050563177	621.558342795492	957.761172034187	457.764271850391	668.816492977712	459.988563979541	502.683232558067	512	512	-1600.87047169038	5057.10687296331	-593.334928406307	687.596089301476	232	36	3	20	221	283	153	4	1	71	2623	24264	126	1147	3954	27	181	0	0	0	0	512	-26442	-60	-42	0
8	1	1	5	54	55	up	1	512	585.116934282596	1188.2103090068	605.358681844443	901.378686042917	441.401559420704	717.761057316348	446.088777962664	499.441184229935	512	512	-1575.43268014512	4904.21489762572	-593.199168972278	687.281810988879	232	40	6	12	222	270	135	6	3	98	2700	24139	139	1182	3937	36	172	0	0	0	0	512	-26356	-62	-40	0
8	1	1	5	54	55	up	2	512	608.783638707917	1309.96242406494	623.269431217013	956.179353554748	454.808876977584	745.094544438756	452.040636215084	504.957634052418	512	512	-1565.14443454911	4840.00219569575	-593.062583537627	686.966112569255	211	45	3	14	239	260	149	6	2	95	2759	24179	111	1111	3812	41	185	0	0	0	0	512	-26297	-60	-40	0
8	1	1	5	54	55	up	3	512	581.478573746957	1313.88701189867	597.644603673274	924.080420606047	502.783525431954	1000.44664875451	480.5387900031	582.451835834443	512	512	-1593.132154471	5003.22455792299	-592.951395778463	686.708369149341	250	44	13	16	189	262	155	11	8	76	2672	24212	91	1185	3881	23	171	0	0	0	0	512	-26507	-59	-42	0
8	1	1	5	55	56	up	0	512	562.381346149778	1145.25686438523	577.805477308917	824.835570817007	424.404551764755	678.22047009928	421.886674518823	448.763273791705	512	512	-1590.389906129	4996.29828849953	-593.121617534703	687.10195094635	241	50	8	12	201	297	114	6	1	94	2753	24575	110	1234	3499	19	143	0	0	0	0	512	-26940	-61	-41	0
8	1	1	5	55	56	up	1	512	594.147310826967	1271.66795482286	603.257279910881	896.581414347856	418.493762019142	608.390768252667	417.701729844573	424.551669778243	512	512	-1593.01565361262	5007.65811310772	-593.32618718264	687.576133122087	238	37	7	14	216	267	128	4	5	108	2613	24741	104	1214	3484	28	139	0	0	0	0	512	-27089	-61	-41	0
8	1	1	5	55	56	up	2	512	548.542432455713	1084.16994420998	573.280704090924	804.172907095725	455.288070586013	884.365931555916	435.048293048827	485.034442794516	512	512	-1588.40593797851	4974.79753921197	-593.350092396077	687.632482982865	250	52	4	11	195	269	126	10	3	104	2652	24654	120	1246	3497	25	150	0	0	0	0	512	-27039	-61	-38	0
8	1	1	5	55	56	up	3	512	590.769410125095	1269.58103877928	597.389449965314	880.254231924124	428.647790671648	594.562837504619	436.376130256032	465.4580305935	512	512	-1570.43871042827	4869.41161021273	-593.141738239965	687.147778084976	232	44	5	14	217	259	145	3	2	103	2780	24650	108	1134	3439	22	153	0	0	0	0	512	-26809	-61	-41	0
8	1	1	5	56	57	up	0	512	645.557620727899	1680.19034489695	638.475851044782	1039.41312586907	448.531196216942	715.930894102512	442.49692903239	474.787674466296	512	512	-1566.34893011986	4847.61054421331	-593.219675810399	687.329765165978	239	35	4	23	211	302	129	6	2	73	2825	25023	131	1205	3028	20	130	0	0	0	0	512	-27310	-63	-41	0
8	1	1	5	56	57	up	1	512	601.172662372597	1325.8524382915	609.318080342012	900.483005756417	442.159393479137	751.185443388256	443.224189896366	497.146257304814	512	512	-1583.98649505043	4956.31534041679	-593.265863969241	687.436375970015	228	44	2	15	223	275	127	7	6	97	2665	25152	113	1254	3030	14	152	0	0	0	0	512	-27551	-62	-41	0
8	1	1	5	56	57	up	2	512	623.130089900093	1392.5256072496	640.994677189948	1010.93854918542	428.848343830073	617.295420898331	434.998328899511	460.087237742822	512	512	-1590.28122510546	4989.71615219887	-593.131696621684	687.125619438472	236	25	7	16	228	288	129	4	3	88	2679	25163	121	1221	3020	17	133	0	0	0	0	512	-27497	-62	-43	0
8	1	1	5	56	57	up	3	512	679.099713355722	1819.7974516023	650.155306819532	1058.37329746152	452.024618408194	834.721137360005	445.768050855708	515.9220165206	512	512	-1581.94816361658	4948.92553991476	-593.186882336165	687.25333589276	214	35	2	25	236	286	121	9	5	91	2732	25093	123	1236	3024	22	127	0	0	0	0	512	-27459	-61	-42	0
8	1	1	5	57	58	up	0	512	622.889956613215	1574.33801816095	621.596247323804	1002.82696391059	442.380273184451	679.638661457898	439.22150335145	478.715268208031	512	512	-1573.58715196901	4889.5309246163	-593.230345361893	687.353609903921	230	49	5	21	207	274	136	5	8	89	2792	25516	132	1256	2606	17	120	0	0	0	0	512	-27898	-64	-46	0
8	1	1	5	57	58	up	1	512	608.898087231971	1410.67948762195	618.062368905172	951.413399806469	431.631529434137	696.95972196856	420.184373227137	434.524194979774	512	512	-1577.59039358136	4917.2578242138	-593.170767248388	687.215694466398	226	47	3	17	219	279	124	6	4	99	2720	25585	129	1262	2588	10	119	0	0	0	0	512	-27986	-63	-40	0
8	1	1	5	57	58	up	2	512	656.911242849467	1742.02360959911	644.47247198212	1069.3821149343	444.088477116951	829.897638490053	428.425110271676	481.971427069511	512	512	-1593.36307367272	5008.49626724029	-593.083893597842	687.01443932926	222	41	5	24	220	270	123	9	2	108	2752	25469	110	1365	2611	14	118	0	0	0	0	512	-28122	-64	-47	0
8	1	1	5	57	58	up	3	512	634.982159211653	1594.5575324723	638.368143639148	1028.258210442	394.481566091008	486.093642362733	403.614691832835	391.885970078561	512	512	-1576.73439874531	4907.94320540976	-593.321670566759	687.565350707364	227	41	8	21	215	293	112	2	3	102	2706	25608	134	1248	2646	23	88	0	0	0	0	512	-27983	-64	-44	0
8	1	1	5	58	59	up	0	512	608.379313495089	1401.81562395517	612.894573473018	936.2739857251	426.70854376039	655.642207786711	418.430364963485	426.744474066823	512	512	-1564.827810536	4829.10003259711	-593.078526352274	687.002235471146	244	36	3	17	212	271	127	5	6	103	2898	25895	137	1278	2199	15	79	0	0	0	0	512	-28339	-64	-44	0
8	1	1	5	58	59	up	1	512	605.385411459156	1364.9930106345	640.674570616616	1043.00328957623	384.894981611955	482.01471278944	394.802244256603	383.971082693037	512	512	-1579.77137359813	4922.6092771534	-593.24039111941	687.376963403611	223	43	15	16	215	262	114	2	7	127	2867	25988	102	1251	2136	22	111	0	0	0	0	512	-28403	-64	-46	0
8	1	1	5	58	59	up	2	512	666.095648046344	1758.73536399211	656.825808908305	1102.118040982	382.850376484762	508.984995242425	390.606249356402	380.967638588782	512	512	-1564.65320443261	4829.45164445127	-593.330263856566	687.585622476441	220	36	4	24	228	273	103	3	8	125	2804	26105	104	1195	2169	11	96	0	0	0	0	512	-28410	-66	-47	0
8	1	1	5	58	59	up	3	512	650.510023256654	1767.89411695135	642.161388926936	1060.48901603764	421.659873323818	748.605834159182	407.0568019797	432.038681119696	512	512	-1571.98387857614	4876.17237465356	-593.209661426104	687.306207897114	215	52	10	25	210	284	104	8	6	110	2676	26147	125	1260	2139	15	97	0	0	0	0	512	-28546	-65	-42	0
8	1	1	5	59	60	up	0	512	635.990289830409	1528.81696260831	630.162854351492	972.598620241306	412.159393479137	666.595640013225	409.491389993313	422.986602610806	512	512	-1557.95423931656	4789.02700157283	-593.267518838789	687.440582690294	223	37	3	19	230	275	112	6	3	116	2914	26391	128	1287	1718	13	80	0	0	0	0	512	-28840	-65	-47	0
8	1	1	5	59	60	up	1	512	611.19191595416	1379.67106457456	622.34876765451	962.045472673899	399.674101906641	540.286553010454	405.522548461525	413.772168798228	512	512	-1555.87056116338	4783.6737076945	-593.350627886284	687.632692268031	223	43	4	16	226	271	119	3	3	116	2787	26579	127	1227	1732	17	55	0	0	0	0	512	-28923	-64	-42	0
8	1	1	5	59	60	up	2	512	636.258767006969	1562.76152694694	628.301545076823	983.417557897261	412.23640780539	559.085223447025	413.380718215584	411.029267904759	512	512	-1553.80044016483	4767.21897426047	-593.166452459858	687.206665011641	226	38	5	20	223	275	126	3	4	104	2893	26455	140	1232	1694	14	85	0	0	0	0	512	-28790	-64	-46	0
8	1	1	5	59	60	up	3	512	606.316527751658	1332.67860207267	615.500565337457	920.700726257621	379.702445796323	427.848409937035	396.324474458269	380.943695680523	512	512	-1538.6355698825	4673.62713397629	-593.005842551598	686.83444103652	231	38	3	15	225	288	108	1	3	112	3111	26176	136	1297	1701	13	86	0	0	0	0	512	-28635	-64	-46	0
8	1	1	5	60	61	up	0	512	683.821072905718	1933.53580552725	657.650537850229	1096.88185195187	373.18570471413	411.153060930024	390.927142901877	362.775842680601	512	512	-1556.46132500405	4785.25955831977	-593.227031578167	687.346275597407	214	42	5	28	223	299	98	1	5	109	2900	26859	122	1351	1282	13	56	0	0	0	0	512	-29457	-66	-49	0
8	1	1	5	60	61	up	1	512	597.275987933843	1277.81961925615	610.389239165619	911.742852116631	414.308283856939	694.830221057427	416.118195130247	437.392375858804	512	512	-1572.24506695403	4887.65797827267	-593.095291223515	687.040976594912	240	35	3	14	220	302	100	7	1	102	2892	26828	137	1375	1314	5	51	0	0	0	0	512	-29456	-67	-48	0
8	1	1	5	60	61	up	2	512	628.063238847284	1442.29988996159	633.542307496044	987.735353110419	420.508950291327	683.229346250526	412.445334601749	431.727311384439	512	512	-1559.24195272544	4799.01961657663	-593.256750960227	687.414650227398	225	33	5	17	232	268	120	6	4	114	2848	26955	122	1307	1313	9	50	0	0	0	0	512	-29444	-67	-45	0
8	1	1	5	60	61	up	3	512	681.642765672908	1858.88835881517	653.490950748845	1078.19092065031	425.537294181009	758.682556056798	409.679488765163	424.997929823403	512	512	-1547.46768132272	4726.27593503115	-593.314688962521	687.549038391996	215	36	3	26	232	281	111	8	1	111	2974	26845	137	1276	1306	7	54	0	0	0	0	512	-29270	-68	-46	0
8	1	1	5	61	62	up	0	512	656.403705351356	1572.27240488037	661.512033800898	1071.47698367383	382.217154223827	436.512715138949	396.96063711211	382.846036079242	512	512	-1553.52757393586	4761.11827839236	-593.417468048514	687.787251265946	196	37	9	19	251	280	114	1	1	116	2853	27422	136	1333	856	5	43	0	0	0	0	512	-29959	-66	-49	0
8	1	1	5	61	62	up	1	512	630.471516093527	1586.09278573525	635.869171935284	1021.28760820753	407.44712423726	582.356614695871	416.820151697717	433.148044046917	512	512	-1557.69601091683	4786.55635725323	-593.087929592113	687.023882997991	225	44	12	21	210	285	114	4	4	105	2907	27432	123	1282	845	5	33	0	0	0	0	512	-29885	-66	-47	0
8	1	1	5	61	62	up	2	512	680.558693693225	1788.71098039921	669.126052297419	1120.396992214	415.872622410377	623.741974624088	415.291089521145	436.18847842409	512	512	-1538.31167983833	4668.99096406195	-593.23475540378	687.363557826337	206	34	5	24	243	303	108	5	5	91	3042	27337	117	1248	847	1	39	0	0	0	0	512	-29729	-67	-48	0
8	1	1	5	61	62	up	3	512	605.309470098229	1266.18370947486	633.612256322707	981.555719054018	398.071256190077	498.327350252709	408.946809561045	406.564845927115	512	512	-1555.09932119945	4772.81093350821	-593.211691988388	687.311074212476	214	41	5	13	239	280	120	2	2	108	2897	27374	134	1339	891	4	28	0	0	0	0	512	-29932	-68	-48	0
8	1	1	5	62	63	up	0	512	640.865678032911	1464.61652272584	664.900619516432	1059.42424676106	421.765231539753	708.630666724248	411.890364527951	424.388679210344	512	512	-1533.28092996477	4646.71773050342	-593.203361410719	687.290734803881	223	25	5	17	242	297	106	7	3	99	3066	27731	143	1316	405	2	23	0	0	0	0	512	-30241	-69	-48	0
8	1	1	5	62	63	up	1	512	744.569816656032	2291.97084298065	716.711332442656	1297.97003503395	360.710576415079	367.438213312066	386.844704376674	367.62647737223	512	512	-1545.10571495736	4712.942291792	-593.26173467787	687.426750544588	197	35	7	35	238	272	105	0	3	132	3032	27770	124	1330	430	2	16	0	0	0	0	512	-30314	-67	-49	0
8	1	1	5	62	63	up	2	512	618.764385126354	1324.84446421627	651.858814767287	1015.93353850124	403.129016934766	546.055954872179	406.882195395069	409.212462443862	512	512	-1534.35339909731	4650.30882533183	-593.393458581302	687.732557685082	208	37	10	14	243	269	121	3	5	114	3064	27789	122	1281	427	3	17	0	0	0	0	512	-30249	-69	-50	0
8	1	1	5	62	63	up	3	512	694.464458440098	1807.99479412812	687.906772067302	1166.60844456033	396.86149944757	562.404504595753	402.24878223258	398.339309975529	512	512	-1551.97605247576	4754.76478275482	-593.365038582102	687.666075001446	216	18	4	24	250	288	104	4	6	110	2916	27928	151	1261	435	4	20	0	0	0	0	512	-30310	-68	-46	0
8	1	1	5	63	64	dwell	0	512	0	0	0	0	368.742985614138	488.064373787887	375.657169944553	355.444735216772	0	0	-1546.84368636297	4725.52670313315	-593.303641551526	687.5233489783	0	0	0	0	0	271	96	3	4	138	3084	28128	125	1431	0	0	0	0	0	0	0	512	-30886	-69	-52	0
8	1	1	5	63	64	dwell	1	512	0	0	0	0	378.406584419444	532.854612913695	374.658718167917	352.313348626839	0	0	-1548.3562560297	4731.69512075726	-592.951062885309	686.707728050017	0	0	0	0	0	286	92	4	5	125	3089	28139	142	1398	0	0	0	0	0	0	0	512	-30808	-69	-49	0
8	1	1	5	63	64	dwell	2	512	0	0	0	0	360.086444462262	435.631556405215	367.005247894899	330.359359464285	0	0	-1541.44281197531	4694.18551922131	-593.258950848049	687.420774404674	0	0	0	0	0	277	93	2	3	137	3008	28252	132	1376	0	0	0	0	0	0	0	512	-30887	-72	-51	0
8	1	1	5	63	64	dwell	3	512	0	0	0	0	352.361019602888	350.804507074764	370.677045052804	329.046020373566	0	0	-1531.75679653682	4633.84978605569	-593.229927513159	687.352825304343	0	0	0	0	0	279	97	0	2	134	3198	28081	130	1359	0	0	0	0	0	0	0	512	-30677	-69	-50	0
8	1	1	5	63	64	dwell	4	512	0	0	0	0	399.816894320376	634.374787048738	386.087979809921	367.009449831139	0	0	-1546.29713666585	4720.41374920387	-593.371402572211	687.680768171957	0	0	0	0	0	299	93	6	5	109	2855	28501	127	1285	0	0	0	0	0	0	0	512	-30960	-70	-51	0
8	1	1	5	63	64	dwell	5	512	0	0	0	0	398.522105908824	681.256390622955	385.258795776416	388.514592042	0	0	-1560.90321727347	4809.30745971718	-593.233933885045	687.36202946602	0	0	0	0	0	268	98	7	6	133	2893	28318	118	1439	0	0	0	0	1	0	2	512	-31093	-70	-50	0
8	1	1	5	63	64	dwell	6	512	0	0	0	0	373.167524097893	537.431561363237	375.175844848092	370.813175810225	0	0	-1556.95208015091	4784.9835608876	-593.401188196374	687.749798209743	0	0	0	0	0	259	100	4	2	147	2868	28408	108	1384	0	0	0	0	0	0	0	512	-31086	-70	-51	0
8	1	1	5	63	64	dwell	7	512	0	0	0	0	403.511942635379	643.662151238143	396.466468706311	402.982265341338	0	0	-1545.26810801612	4716.94997441539	-593.332752546623	687.59194694571	0	0	0	0	0	291	98	6	6	111	3024	28203	141	1400	0	0	0	0	0	0	0	512	-30873	-68	-48	0
8	1	1	5	63	64	dwell	8	512	0	0	0	0	363.283045587272	452.941986192807	376.447257165837	362.836332591912	0	0	-1556.81209285505	4781.50353659309	-593.367063360028	687.670951926236	0	0	0	0	0	245	104	2	8	153	2879	28281	138	1470	0	0	0	0	0	0	0	512	-31105	-69	-50	0
8	1	1	5	63	64	dwell	9	512	0	0	0	0	394.702445796323	562.795194346404	392.766029996548	392.647730172905	0	0	-1540.22510984222	4692.0416693432	-593.041316224139	686.91561252129	0	0	0	0	0	280	106	4	5	117	3160	28014	125	1469	0	0	0	0	0	0	0	512	-30849	-69	-46	0
8	1	1	5	63	64	dwell	10	512	0	0	0	0	370.777427467887	526.748185864119	370.017848614913	344.482531121801	0	0	-1536.62068963043	4670.84822048526	-592.993442587121	686.806168270345	0	0	0	0	0	271	92	4	5	140	3123	28102	163	1380	0	0	0	0	0	0	0	512	-30705	-70	-50	0
8	1	1	5	63	64	dwell	11	512	0	0	0	0	374.337700711947	529.597851820587	377.330510048817	364.746807081191	0	0	-1537.5869647127	4671.85281152287	-593.515959538221	688.016135261206	0	0	0	0	0	278	92	4	5	133	3035	28280	136	1317	0	0	0	0	0	0	0	512	-30790	-70	-49	0
8	1	1	5	63	64	dwell	12	512	0	0	0	0	368.234375150701	413.546415591891	379.180423303416	344.70936699157	0	0	-1545.19545209877	4711.71221112951	-593.382637062424	687.707364122088	0	0	0	0	0	278	104	1	2	127	3016	28296	108	1348	0	0	0	0	0	0	0	512	-30899	-71	-49	0
8	1	1	5	63	64	dwell	13	512	0	0	0	0	379.923325501637	504.549961920705	380.776454719705	354.349063267181	0	0	-1531.9763551888	4638.9321941212	-593.404805767413	687.757987426957	0	0	0	0	0	275	102	3	5	127	3087	28233	132	1316	0	0	0	0	0	0	0	512	-30756	-68	-51	0
8	1	1	5	63	64	dwell	14	512	0	0	0	0	353.67613456133	357.865264295191	370.02465521811	337.989128191351	0	0	-1539.68728437602	4681.12375004645	-593.040334570374	686.913247690152	0	0	0	0	0	264	101	0	6	141	3107	28177	158	1326	0	0	0	0	0	0	0	512	-30683	-70	-47	0
8	1	1	5	63	64	dwell	15	512	0	0	0	0	373.281972621946	526.955722535893	373.960208473186	349.957375308211	0	0	-1542.27566264344	4700.19841155611	-593.327206336628	687.577903700693	0	0	0	0	0	282	91	4	3	132	3089	28197	126	1356	0	0	0	0	0	0	0	512	-30793	-72	-50	0
8	1	1	5	63	64	dwell	16	512	0	0	0	0	377.754108576946	533.539314670894	376.750248265119	352.068269317051	0	0	-1536.14687468481	4666.08900710792	-593.241641148631	687.379995777509	0	0	0	0	0	282	93	4	5	128	3151	28129	142	1346	0	0	0	0	0	0	0	512	-30681	-69	-49	0
8	1	1	5	63	64	dwell	17	512	0	0	0	0	362.754108576946	361.537098731846	376.911136462333	334.528450972684	0	0	-1534.12561615227	4646.53059871407	-593.153652236647	687.176220104667	0	0	0	0	0	294	99	0	2	117	3148	28092	148	1380	0	0	0	0	0	0	0	512	-30708	-68	-49	0
8	1	1	5	63	64	dwell	18	512	0	0	0	0	379.981086246327	470.223135010496	389.108264131609	379.58032063792	0	0	-1538.00726054712	4676.33309828523	-593.2091494526	687.305416576987	0	0	0	0	0	268	107	2	9	126	3083	28193	145	1347	0	0	0	0	0	0	0	512	-30750	-69	-49	0
8	1	1	5	63	64	dwell	19	512	0	0	0	0	389.059060261943	548.005832506508	387.564773271935	373.663250668749	0	0	-1546.47066209464	4724.30450626216	-593.109225858897	687.07304184835	0	0	0	0	0	290	97	4	7	114	3083	28142	119	1424	0	0	0	0	0	0	0	512	-30900	-70	-49	0
8	1	1	5	63	64	dwell	20	512	0	0	0	0	393.052002608513	526.537547704015	396.469438830242	384.657991192356	0	0	-1529.36608970656	4627.27853496233	-593.191538581011	687.26344966568	0	0	0	0	0	277	112	3	3	117	3183	28101	135	1349	0	0	0	0	0	0	0	512	-30672	-71	-47	0
8	1	1	5	63	64	dwell	21	512	0	0	0	0	382.216081258501	420.49984368672	385.912166016355	348.089752722622	0	0	-1545.53036042312	4714.77551225378	-593.441849459632	687.844525158039	0	0	0	0	0	313	100	1	4	94	2905	28428	127	1308	0	0	0	0	0	0	0	512	-30921	-71	-49	0
8	1	1	5	63	64	dwell	22	512	0	0	0	0	378.406584419444	458.717142059023	382.350635177897	353.325776599373	0	0	-1533.60511870005	4645.74829459989	-593.339135935533	687.606589547064	0	0	0	0	0	290	99	2	7	114	3004	28367	120	1277	0	0	0	0	1	0	2	512	-30816	-71	-48	0
8	1	1	5	63	64	dwell	23	512	0	0	0	0	374.251596077576	459.333998069853	381.34440794046	357.471202027277	0	0	-1553.20384155999	4766.70455230732	-593.322187644404	687.56707912355	0	0	0	0	0	276	103	2	4	127	2981	28263	136	1388	0	0	0	0	0	0	0	512	-30918	-69	-48	0
8	1	1	5	63	64	dwell	24	512	0	0	0	0	369.241432804131	442.932661069391	370.260764790356	329.474379661412	0	0	-1543.26241031911	4702.04031604164	-593.385891701083	687.714489471824	0	0	0	0	0	291	92	2	7	120	2986	28280	143	1359	0	0	0	0	0	0	0	512	-30856	-68	-47	0
8	1	1	5	63	64	dwell	25	512	0	0	0	0	364.232342496012	479.626234846152	370.929141166886	347.157628937578	0	0	-1533.7981148818	4642.26774658981	-593.321717115154	687.566651230068	0	0	0	0	0	273	92	3	4	140	3063	28365	128	1212	0	0	0	0	0	0	0	512	-30683	-70	-48	0
8	1	1	5	63	64	dwell	26	512	0	0	0	0	374.846311175384	455.894083897869	386.161980583366	369.821521840139	0	0	-1534.90887623683	4657.11808798796	-593.23287890237	687.360122983904	0	0	0	0	0	287	100	2	3	120	3001	28305	141	1321	0	0	0	0	0	0	0	512	-30826	-70	-48	0
8	1	1	5	63	64	dwell	27	512	0	0	0	0	371.190842988834	464.447530172111	376.746842652522	349.83888858659	0	0	-1552.81708385851	4767.73515229655	-593.167403447037	687.207985779424	0	0	0	0	0	256	110	2	1	143	3076	28131	115	1446	0	0	0	0	1	0	2	512	-30917	-72	-48	0
8	1	1	5	63	64	dwell	28	512	0	0	0	0	392.908137229452	601.740207657209	388.298079355255	384.398031358971	0	0	-1529.11224619388	4617.76060571428	-593.19467192397	687.271480218748	0	0	0	0	0	266	105	5	5	131	3172	28094	147	1355	0	0	0	0	0	0	0	512	-30672	-69	-51	0
8	1	1	5	63	64	dwell	29	512	0	0	0	0	385.835188212577	479.173025039881	394.017749787172	383.08749374421	0	0	-1537.80135649415	4665.66711269513	-593.413149089213	687.777217720353	0	0	0	0	0	276	112	2	3	119	3051	28295	135	1287	0	0	0	0	0	0	0	512	-30758	-67	-48	0
8	1	1	5	63	64	dwell	30	512	0	0	0	0	358.858507103518	477.738877267443	363.715700140833	327.041232886766	0	0	-1553.95971361239	4770.71988885967	-593.244376357886	687.387088147053	0	0	0	0	0	257	94	3	4	154	2982	28317	114	1355	0	0	0	0	0	0	0	512	-30934	-68	-51	0
8	1	1	5	63	64	dwell	31	512	0	0	0	0	367.217154223827	486.843088377971	371.038912083014	342.600240481781	0	0	-1537.12438790423	4668.98676761418	-593.190138598613	687.260542866304	0	0	0	0	0	268	96	3	4	141	3115	28094	142	1417	0	0	0	0	0	0	0	512	-30806	-70	-51	0
8	1	1	5	63	64	dwell	32	512	0	0	0	0	395.489696709764	605.603622351819	384.851738766394	376.638314269377	0	0	-1536.4869498797	4665.08219219755	-593.24941862477	687.397923513958	0	0	0	0	0	265	106	5	7	129	3054	28217	136	1361	0	0	0	0	0	0	0	512	-30814	-71	-52	0
8	1	1	5	63	64	dwell	33	512	0	0	0	0	378.195867987575	538.720692519521	380.117907746865	369.822989688656	0	0	-1539.78866411279	4687.02658271189	-593.228260078465	687.348882404246	0	0	0	0	0	272	97	4	5	134	3050	28201	132	1385	0	0	0	0	0	0	0	512	-30827	-71	-48	0
8	1	1	5	63	64	dwell	34	512	0	0	0	0	393.550449798506	592.59873736987	392.462101696678	387.807556403661	0	0	-1554.76568647369	4771.3730499895	-593.26039448922	687.423593207792	0	0	0	0	0	289	97	5	5	116	2991	28311	108	1358	0	0	0	0	0	0	0	512	-30916	-70	-49	0
8	1	1	5	63	64	dwell	35	512	0	0	0	0	367.706511105701	523.378341640922	371.117253574231	352.679247807802	0	0	-1550.19575651764	4749.03484946189	-593.358265933761	687.650339825148	0	0	0	0	0	266	91	4	6	145	2956	28312	127	1373	0	0	0	0	0	0	0	512	-30954	-72	-52	0
8	1	1	5	63	64	dwell	36	512	0	0	0	0	379.837220867266	582.534442084	376.857562940002	368.736179432114	0	0	-1532.56827021548	4637.41062381407	-593.226873257036	687.345842928838	0	0	0	0	0	261	98	5	4	144	3042	28280	128	1318	0	0	0	0	0	0	0	512	-30787	-68	-51	0
8	1	1	5	63	64	dwell	37	512	0	0	0	0	396.142172552263	530.781449739948	394.131673278081	383.159901226866	0	0	-1539.73964397848	4682.40892195987	-593.422820482884	687.79987780385	0	0	0	0	0	273	112	3	9	115	2996	28316	137	1319	0	0	0	0	0	0	0	512	-30840	-70	-49	0
8	1	1	5	63	64	dwell	38	512	0	0	0	0	392.792615740072	559.147743502646	393.307273912458	393.044416330469	0	0	-1545.18454790844	4716.13383508162	-593.001547762781	686.82359891391	0	0	0	0	0	280	104	4	6	118	3076	28123	136	1433	0	0	0	0	0	0	0	512	-30876	-72	-51	0
8	1	1	5	63	64	dwell	39	512	0	0	0	0	400.086444462262	684.305615044288	391.004742126191	395.801811844229	0	0	-1540.77723919084	4686.31040854747	-593.477671063262	687.927327180699	0	0	0	0	0	265	99	7	8	133	2991	28315	139	1323	0	0	0	0	0	0	0	512	-30831	-69	-51	0
8	1	1	5	63	64	dwell	40	512	0	0	0	0	390.863532102259	591.655058580515	381.699039656325	366.188705476664	0	0	-1523.67858040107	4594.72508334152	-593.127008718914	687.114374903337	0	0	0	0	0	281	98	5	5	123	3142	28130	149	1347	0	0	0	0	0	0	0	512	-30676	-70	-50	0
8	1	1	5	63	64	dwell	41	512	0	0	0	0	381.056067917891	473.819145493873	389.22908850699	378.107941137216	0	0	-1538.75207074088	4676.75385724097	-593.276186195684	687.459555920884	0	0	0	0	0	267	110	2	6	127	3000	28302	122	1344	0	0	0	0	0	0	0	512	-30887	-69	-49	0
8	1	1	5	63	64	dwell	42	512	0	0	0	0	378.532269182269	509.792982539041	385.753375511876	376.691830289534	0	0	-1542.59508896641	4700.95388261944	-593.158983991086	687.187872152693	0	0	0	0	0	261	108	3	2	138	3139	28017	161	1451	0	0	0	0	0	0	0	512	-30787	-69	-47	0
8	1	1	5	63	64	dwell	43	512	0	0	0	0	377.187737368819	493.268359999162	379.653800583427	351.899571157976	0	0	-1531.37361480594	4629.44075397216	-593.283131655008	687.476525375201	0	0	0	0	0	284	93	3	11	121	3203	27998	165	1402	0	0	0	0	0	0	0	512	-30630	-69	-47	0
8	1	1	5	63	64	dwell	44	512	0	0	0	0	378.358986948199	538.55616902905	381.070950598228	371.821742848817	0	0	-1544.03700639668	4710.10138937817	-593.449101885692	687.861048107344	0	0	0	0	0	274	97	4	4	133	2992	28348	126	1302	0	0	0	0	0	0	0	512	-30837	-70	-46	0
8	1	1	5	63	64	dwell	45	512	0	0	0	0	382.811869321636	507.157056231006	380.163309251174	362.050215559042	0	0	-1530.84329383798	4626.42166119192	-593.337365991896	687.60274783704	0	0	0	0	0	279	102	3	6	122	3104	28249	135	1280	0	0	0	0	0	0	0	512	-30694	-70	-49	0
8	1	1	5	63	64	dwell	46	512	0	0	0	0	358.838180556628	423.743300882169	362.559076698414	318.570765750979	0	0	-1545.58220980025	4722.10451470341	-593.397384279186	687.740895474985	0	0	0	0	0	295	83	2	7	125	3005	28270	126	1367	0	0	0	0	0	0	0	512	-30900	-70	-46	0
8	1	1	5	63	64	dwell	47	512	0	0	0	0	401.612275852573	685.553508249519	390.788634899759	389.67602675478	0	0	-1536.94078384704	4671.41484136922	-593.292541865743	687.497685879087	0	0	0	0	0	272	100	7	4	129	3081	28247	133	1307	0	0	0	0	0	0	0	512	-30733	-69	-49	0
8	1	1	5	63	64	dwell	48	512	0	0	0	0	376.017560754765	464.073245807448	378.694070112843	347.61830931135	0	0	-1540.61785997617	4688.72493649451	-593.283244350905	687.476550791431	0	0	0	0	0	273	106	2	3	128	3041	28244	121	1362	0	0	0	0	0	0	0	512	-30851	-70	-50	0
8	1	1	5	63	64	dwell	49	512	0	0	0	0	373.541359490387	457.263487412268	381.194013532949	359.200160132811	0	0	-1539.45758687171	4678.86615969832	-593.413178559051	687.777252455429	0	0	0	0	0	279	102	2	3	126	2986	28334	127	1321	0	0	0	0	0	0	0	512	-30848	-69	-48	0
8	1	1	5	63	64	dwell	50	512	0	0	0	0	381.00739748132	611.756164071028	372.245477537863	356.110561799936	0	0	-1535.50094893181	4654.95570086322	-593.265483705126	687.435155339846	0	0	0	0	0	276	86	6	8	136	3173	28032	157	1406	0	0	0	0	0	0	0	512	-30713	-68	-49	0
8	1	1	5	63	64	dwell	51	512	0	0	0	0	396.074248534128	593.68033185438	388.356858348996	378.144522725278	0	0	-1530.32387706036	4625.71393115258	-593.270297274665	687.446981548357	0	0	0	0	0	291	95	5	10	111	3127	28097	143	1401	0	0	0	0	0	0	0	512	-30781	-70	-51	0
8	1	1	5	63	64	dwell	52	512	0	0	0	0	386.198860331626	501.741084943121	385.409720511921	364.196971137667	0	0	-1541.19894964666	4686.84848068803	-593.320126304722	687.562178739296	0	0	0	0	0	307	96	3	3	103	3119	28183	111	1355	0	0	0	0	0	0	0	512	-30787	-68	-48	0
8	1	1	5	63	64	dwell	53	512	0	0	0	0	373.906104574763	495.817810972422	372.046389046005	335.73326530322	0	0	-1544.34120583094	4712.14273560429	-593.208438567807	687.302928542086	0	0	0	0	0	273	99	3	4	133	3071	28150	122	1425	0	0	0	0	0	0	0	512	-30892	-70	-49	0
8	1	1	5	63	64	dwell	54	512	0	0	0	0	385.537294181009	547.010713356772	384.208883560417	375.194529988319	0	0	-1541.38746546172	4690.57686035813	-593.318966762262	687.559760214141	0	0	0	0	0	281	99	4	5	123	3013	28314	112	1329	0	0	0	0	0	0	0	512	-30882	-70	-50	0
8	1	1	5	63	64	dwell	55	512	0	0	0	0	396.1229189707	603.991647191253	386.359249181866	375.870691582324	0	0	-1550.59840900147	4751.28849981662	-593.395231050583	687.736368270803	0	0	0	0	0	270	104	5	8	125	2904	28384	145	1335	0	0	0	0	0	0	0	512	-30928	-70	-49	0
8	1	1	5	63	64	dwell	56	512	0	0	0	0	354.337700711947	386.706498940896	368.015739694705	329.639571964366	0	0	-1518.21536522691	4550.89630618288	-593.136687826752	687.136503585657	0	0	0	0	0	282	90	1	6	133	3178	28075	162	1353	0	0	0	0	0	0	0	512	-30620	-71	-51	0
8	1	1	5	63	64	dwell	57	512	0	0	0	0	363.502852327261	402.490979930528	375.607828153078	340.447445344142	0	0	-1549.83055208415	4744.02935973665	-593.423510255595	687.801569583285	0	0	0	0	0	281	97	1	6	127	2912	28429	132	1295	0	0	0	0	1	0	2	512	-30910	-71	-47	0
8	1	1	5	63	64	dwell	58	512	0	0	0	0	370.710576415079	457.411605516751	381.893612070292	364.39232776258	0	0	-1526.18098209896	4606.24816832188	-593.308952467463	687.535877643256	0	0	0	0	0	268	104	2	3	135	3075	28260	133	1300	0	0	0	0	0	0	0	512	-30742	-69	-50	0
8	1	1	5	63	64	dwell	59	512	0	0	0	0	391.843318831333	606.627573499288	383.703774546441	380.927734207121	0	0	-1538.44537601062	4678.52530574773	-593.300027012462	687.515428533797	0	0	0	0	0	252	110	5	4	141	3009	28273	129	1357	0	0	0	0	0	0	0	512	-30857	-69	-48	0
8	1	1	5	63	64	dwell	60	512	0	0	0	0	399.423805346319	639.478116741669	389.780359567789	381.738498098434	0	0	-1548.36875111996	4734.36131409217	-593.153343998982	687.174583946314	0	0	0	0	0	284	97	6	7	118	2961	28259	129	1419	0	0	0	0	0	0	0	512	-30988	-70	-51	0
8	1	1	5	63	64	dwell	61	512	0	0	0	0	390.230309841323	556.184994416088	391.804971892771	392.907944152251	0	0	-1518.54901659815	4559.92774143294	-593.217207763635	687.323615970767	0	0	0	0	0	276	103	4	7	122	3253	28057	158	1300	0	0	0	0	0	0	0	512	-30502	-69	-50	0
8	1	1	5	63	64	dwell	62	512	0	0	0	0	392.44712423726	669.742419464572	381.528961925248	380.301274635767	0	0	-1537.03707554742	4668.71831750274	-592.892429463196	686.570910067225	0	0	0	0	0	269	92	7	8	136	3163	28058	155	1392	0	0	0	0	0	0	0	512	-30694	-69	-48	0
8	1	1	5	63	64	dwell	63	512	0	0	0	0	374.893908646629	524.276783046555	379.773572150149	380.400660131954	0	0	-1540.78598203198	4691.74866292938	-593.256382702074	687.415157262227	0	0	0	0	0	287	86	4	10	125	3079	28113	128	1448	0	0	0	0	1	0	2	512	-30896	-70	-50	0
# final_twist	64
# forced_steps	14
# sweeps_total	171040
# completion	PASS
