# format	twist_snake_sector_blocks_v2
# status	NON-CANONICAL floating-point engineering diagnostic
# L	8
# k	1
# chain	1
# kind	0
# kind_name	main
# base	0
# restriction	-1
# schedule	round_trip
# seed	202609308101
# seam_size	64
# start_twist	0
# chain_initial	hot0
# warmup_sweeps	512
# dwell_sweeps	16384
# dwell_long_sweeps	32768
# visit_sweeps	2048
# equilibration_sweeps	32
# post_forcing_sweeps	512
# block_length	512
# segments	128
# seam_order	x2_fastest_then_x3
# class_rule	class0_if_2W_ge_minus_n_else_classMinus
# action_density	minus_sum_logW_divided_by_6L4
# sampling	every_production_sweep_after_full_heatbath_sweep
L	k	chain	kind	segment	n	phase	block	count	sumFn	sumFn2	sumFi	sumFi2	sumBn	sumBn2	sumBi	sumBi2	sumPFi	sumPFi2	sumY	sumY2	sumS	sumS2	hF0	hF1	hF2	hF3	hF4	hB0	hB1	hB2	hB3	hB4	sec0	secMinus	secPlus	secOther	untMinus	untPlus	untOther	pure0	pureMinus	purePlus	flips	classMinus	sumW	minW	maxW	forced
8	1	1	0	0	0	dwell	0	512	386.410649728822	585.972132053565	384.301172251367	372.260672531982	0	0	0	0	512	512	2.11081107268084	47.7951193378233	-593.439687019187	687.838812731872	276	129	6	5	96	0	0	0	0	0	0	0	0	0	2095	2070	99	0	0	0	0	0	0	0	0	0
8	1	1	0	0	0	dwell	1	512	408.858507103518	631.082562667494	408.284687213166	420.424043291258	0	0	0	0	512	512	-5.27353985035565	44.09420040617	-593.558570779255	688.114150106589	257	124	8	5	118	0	0	0	0	0	0	0	0	0	2048	2000	123	0	0	0	0	0	0	0	0	0
8	1	1	0	0	0	dwell	2	512	409.47247578289	628.569921898877	408.983180171751	425.17191495459	0	0	0	0	512	512	1.30874812879885	48.8527960434748	-593.618476170343	688.253016688247	267	118	6	5	116	0	0	0	0	0	0	0	0	0	1992	1977	111	0	0	0	0	0	0	0	0	0
8	1	1	0	0	0	dwell	3	512	445.105698043825	830.685220968014	422.174175802519	463.282039096081	0	0	0	0	512	512	4.59914539059538	52.8940566365748	-593.457269038093	687.879661564115	268	107	6	9	122	0	0	0	0	0	0	0	0	0	2028	2052	123	0	0	0	0	0	0	0	0	0
8	1	1	0	0	0	dwell	4	512	390.758173886324	557.545970751408	392.513646185008	378.532975700422	0	0	0	0	512	512	1.54137232029951	50.543876768717	-593.589508574365	688.186317204446	280	121	2	4	105	0	0	0	0	0	0	0	0	0	1990	2027	105	0	0	0	0	0	0	0	0	0
8	1	1	0	0	0	dwell	5	512	395.882785683822	526.389429599531	402.803770804462	395.578528463758	0	0	0	0	512	512	-2.47493483157441	48.6206130861507	-593.469593205973	687.908206883018	288	108	3	3	110	0	0	0	0	0	0	0	0	0	2117	2066	118	0	0	0	0	0	0	0	0	0
8	1	1	0	0	0	dwell	6	512	392.965897974142	493.329125482959	401.087655645092	394.588593659251	0	0	0	0	512	512	-1.01470615709648	52.5062145474444	-593.278615398005	687.465672666863	271	117	3	2	119	0	0	0	0	0	0	0	0	0	2146	2178	140	0	0	0	0	0	0	0	0	0
8	1	1	0	0	0	dwell	7	512	395.556547762573	526.718476580473	403.717058476997	412.665011783346	0	0	0	0	512	512	6.87200725247126	53.0341001931317	-593.593936717686	688.196987044883	284	110	5	3	110	0	0	0	0	0	0	0	0	0	2001	2065	99	0	0	0	0	0	0	0	0	0
8	1	1	0	0	0	dwell	8	512	414.961832664764	673.049743632148	411.065235109103	435.972764827422	0	0	0	0	512	512	-0.386423754671283	53.3378975264462	-593.413498829098	687.778682088364	269	117	5	6	115	0	0	0	0	0	0	0	0	0	2061	2119	127	0	0	0	0	0	0	0	0	0
8	1	1	0	0	0	dwell	9	512	368.636554432877	475.024453831544	377.669120585333	351.739120170814	0	0	0	0	512	512	4.25117152671676	49.0677008726506	-593.214409127735	687.317148777658	303	119	1	3	86	0	0	0	0	0	0	0	0	0	2178	2215	129	0	0	0	0	0	0	0	0	0
8	1	1	0	0	0	dwell	10	512	410.182712370078	630.667040351777	409.170407442943	423.951964097039	0	0	0	0	512	512	-1.39189545551451	52.9819216691111	-593.534109733224	688.057890630814	268	118	3	5	118	0	0	0	0	0	0	0	0	0	2032	2006	109	0	0	0	0	0	0	0	0	0
8	1	1	0	0	0	dwell	11	512	384.932415809756	467.856388143944	393.013047296895	377.397506730794	0	0	0	0	512	512	6.81174898101531	48.5151934905563	-593.652776828327	688.332872053322	293	107	8	2	102	0	0	0	0	0	0	0	0	0	2018	2080	117	0	0	0	0	0	0	0	0	0
8	1	1	0	0	0	dwell	12	512	447.850376484762	834.384112172153	422.278157720981	457.322968951845	0	0	0	0	512	512	-5.23400928496658	46.7669787652302	-593.462157075336	687.891195892103	269	104	7	9	123	0	0	0	0	0	0	0	0	0	2089	2020	112	0	0	0	0	0	0	0	0	0
8	1	1	0	0	0	dwell	13	512	400.605218199144	544.947752592353	399.67514771107	392.916084476907	0	0	0	0	512	512	14.354987503607	64.5750652963746	-593.424606682525	687.80315127352	263	120	4	3	122	0	0	0	0	0	0	0	0	0	1981	2126	136	0	0	0	0	0	0	0	0	0
8	1	1	0	0	0	dwell	14	512	381.526171218202	435.316262294099	391.823344321551	369.388768107579	0	0	0	0	512	512	6.900299680713	52.2790757272034	-593.586477043919	688.179011360587	274	118	7	1	112	0	0	0	0	0	0	0	0	0	2026	2010	112	0	0	0	0	0	0	0	0	0
8	1	1	0	0	0	dwell	15	512	385.959800010075	440.098523212998	400.016155284887	382.431242440219	0	0	0	0	512	512	1.96791569984185	47.9885685592953	-593.596203206483	688.202887892066	284	110	3	1	114	0	0	0	0	0	0	0	0	0	1967	2038	104	0	0	0	0	0	0	0	0	0
8	1	1	0	0	0	dwell	16	512	402.985151555705	510.092320236338	409.860295931746	416.957989273733	0	0	0	0	512	512	-7.7795175188466	49.7655384752015	-593.493535750871	687.964795045112	270	110	4	2	126	0	0	0	0	0	0	0	0	0	2051	2003	124	0	0	0	0	0	0	0	0	0
8	1	1	0	0	0	dwell	17	512	423.665971287885	682.725573369786	411.857626865444	425.135452290056	0	0	0	0	512	512	-2.46562154117179	51.211475117686	-593.539333917224	688.070278250543	279	104	6	6	117	0	0	0	0	0	0	0	0	0	2190	2018	113	0	0	0	0	0	0	0	0	0
8	1	1	0	0	0	dwell	18	512	379.837220867266	471.368147494964	392.088118065848	376.914285037055	0	0	0	0	512	512	-2.48784270280013	47.9559014850047	-593.706189156366	688.456883690645	273	126	1	2	110	0	0	0	0	0	0	0	0	0	2085	1951	103	0	0	0	0	0	0	0	0	0
8	1	1	0	0	0	dwell	19	512	402.734854995383	609.337099558183	399.995277049767	397.976683396979	0	0	0	0	512	512	-16.5131489765181	51.9473573436418	-593.39964206248	687.746296146293	291	110	0	5	106	0	0	0	0	0	0	0	0	0	2128	2036	121	0	0	0	0	0	0	0	0	0
8	1	1	0	0	0	dwell	20	512	384.002372482579	442.152628484596	396.071931143842	375.229351799383	0	0	0	0	512	512	-1.29285334645022	51.7365281582217	-593.58649139653	688.179402628146	272	119	3	1	117	0	0	0	0	0	0	0	0	0	2048	2116	131	0	0	0	0	0	0	0	0	0
8	1	1	0	0	0	dwell	21	512	399.510982946016	577.506508030604	395.867852714698	385.528239964758	0	0	0	0	512	512	5.66911922713082	55.0092074326155	-593.529623662901	688.047306879043	265	123	5	4	115	0	0	0	0	0	0	0	0	0	1978	2039	128	0	0	0	0	0	0	0	0	0
8	1	1	0	0	0	dwell	22	512	422.312349166317	747.921132401983	411.247972236539	440.37396107499	0	0	0	0	512	512	6.95914333075686	47.2591421046755	-593.432013253845	687.821031508989	288	107	6	8	103	0	0	0	0	0	0	0	0	0	2022	2033	115	0	0	0	0	0	0	0	0	0
8	1	1	0	0	0	dwell	23	512	402.361019602888	578.285663329487	405.278556266146	407.236043936293	0	0	0	0	512	512	-1.00063877712497	46.9904936975111	-593.554106554084	688.103937045596	275	115	4	4	114	0	0	0	0	0	0	0	0	0	1985	2051	120	0	0	0	0	0	0	0	0	0
8	1	1	0	0	0	dwell	24	512	424.798713704139	689.076796267947	418.325180475973	448.47292185461	0	0	0	0	512	512	8.62777135421303	48.9187348688319	-593.333173147734	687.59220441297	271	109	4	6	122	0	0	0	0	0	0	0	0	0	2014	2093	120	0	0	0	0	0	0	0	0	0
8	1	1	0	0	0	dwell	25	512	375.968890318193	453.761930470575	386.433553776404	365.623217292965	0	0	0	0	512	512	19.1603708939878	52.0100024125382	-593.373383401567	687.685263394439	294	114	5	2	97	0	0	0	0	0	0	0	0	0	2009	2212	115	0	0	0	0	0	0	0	0	0
8	1	1	0	0	0	dwell	26	512	427.965897974142	697.029791917347	415.21800645215	435.585000266602	0	0	0	0	512	512	-7.03421570996504	44.7933398025591	-593.494169141097	687.965619216374	263	111	6	6	126	0	0	0	0	0	0	0	0	0	2086	2065	124	0	0	0	0	0	0	0	0	0
8	1	1	0	0	0	dwell	27	512	396.967930628831	612.553071672405	394.722523194169	398.194035003497	0	0	0	0	512	512	3.37470409725795	54.0969368797423	-593.367437861112	687.671730439788	260	133	2	5	112	0	0	0	0	0	0	0	0	0	2066	2070	116	0	0	0	0	0	0	0	0	0
8	1	1	0	0	0	dwell	28	512	411.736887650071	551.122025388298	413.467491992577	413.334639348123	0	0	0	0	512	512	-2.99327093460366	45.9937603180785	-593.564976203417	688.128794931878	288	95	7	3	119	0	0	0	0	0	0	0	0	0	2070	2094	105	0	0	0	0	0	0	0	0	0
8	1	1	0	0	0	dwell	29	512	382.897973956007	466.22800759739	390.908420630062	368.931796358179	0	0	0	0	512	512	2.90114426430107	54.5790178369621	-593.495717879917	687.968670936028	289	111	8	2	102	0	0	0	0	0	0	0	0	0	2040	2083	106	0	0	0	0	0	0	0	0	0
8	1	1	0	0	0	dwell	30	512	387.850376484762	479.874132183068	392.23600671185	372.329293631985	0	0	0	0	512	512	-7.38468486985216	45.2605076947977	-593.623259953817	688.264572857966	281	114	4	2	111	0	0	0	0	0	0	0	0	0	1986	1958	131	0	0	0	0	0	0	0	0	0
8	1	1	0	0	0	dwell	31	512	435.921292846948	813.973466575016	418.578158255147	452.311542254897	0	0	0	0	512	512	-5.46879482566006	50.3946594001705	-593.455589043356	687.875794062934	270	112	7	9	114	0	0	0	0	0	0	0	0	0	2154	2053	106	0	0	0	0	0	0	0	0	0
8	1	1	0	1	1	up	0	512	452.245498113509	763.147747634331	444.808851172591	516.944281494816	629.722772343212	1582.19433606624	636.601545991316	1026.87061327941	512	512	-8.7616168720583	54.866721157596	-593.33210369652	687.59043453936	281	84	11	7	129	234	208	21	9	40	422	60	29	1	2143	2020	125	0	0	0	0	61	-33	-2	1	0
8	1	1	0	1	1	up	1	512	447.322512439762	795.99431210247	439.736406266458	500.365594217967	674.454295166653	1841.92383036668	657.928992875725	1097.24402619591	512	512	11.4303568018216	58.2526819402201	-593.236476589602	687.367895769284	273	98	7	8	126	219	221	26	10	36	439	41	29	3	2035	2069	136	1	0	0	2	43	-14	-2	2	0
8	1	1	0	1	1	up	2	512	429.453222201327	659.367706786166	434.183546521008	469.872518530972	655.990289830409	1671.708315488	646.769623383198	1052.5225677894	512	512	5.76231824928723	47.1316473503944	-593.365227822972	687.666275968486	276	99	3	5	129	219	232	22	2	37	436	36	35	5	2052	2050	123	0	0	0	0	38	1	-2	2	0
8	1	1	0	1	1	up	3	512	431.113828662581	704.082121958695	432.348779909141	477.424296425253	652.996387794476	1597.88348622828	657.261670089041	1068.24949697412	512	512	3.64518079732668	50.6804449006171	-593.547747140456	688.089921487271	260	111	5	6	130	210	241	20	5	36	445	34	31	2	1920	1949	118	0	0	0	0	35	-3	-2	2	0
8	1	1	0	2	2	up	0	512	402.255661386953	470.012496850392	420.454832880891	427.869465399492	579.301339479473	1181.11496578415	608.981402870369	927.199677724555	512	512	20.7608067212941	54.4914885614598	-593.485357420179	687.945240911849	274	103	7	1	127	222	219	12	10	49	897	76	49	2	1881	1988	111	0	0	0	0	5	-31	-2	2	0
8	1	1	0	2	2	up	1	512	443.062165881958	762.502080284193	436.753664167509	483.504027779488	635.625544746033	1564.34689431219	622.875186781458	968.8802181302	512	512	7.83400321480145	51.8450361931461	-593.395281917195	687.736152659898	258	109	1	7	137	217	224	20	8	43	877	79	63	5	1969	1959	112	1	0	0	2	8	-26	-3	2	0
8	1	1	0	2	2	up	2	512	418.56061307195	603.643093335994	430.985783476569	463.819002485678	593.647790671648	1412.00630626879	582.37108175681	836.894091176367	512	512	15.2835241671615	47.1710996714139	-593.560311258167	688.11855262524	282	100	1	4	125	247	196	18	2	49	892	73	58	1	1935	1978	118	0	0	0	0	4	-17	-2	2	0
8	1	1	0	2	2	up	3	512	432.515048255394	633.185006811143	435.332476095248	464.953359319936	603.819999940391	1457.20364053123	588.648959794311	858.75428309221	512	512	6.26899511146151	54.6416946461386	-593.546346182936	688.085898703261	263	100	6	4	139	263	192	19	3	35	905	64	48	7	1964	1918	125	0	0	0	0	6	-22	-2	2	0
8	1	1	0	3	3	up	0	512	438.483598745697	705.76992107254	437.102019352493	473.364404786044	621.882898959785	1470.81430182877	613.606074854911	942.154386193682	512	512	21.1138416885965	47.7639650210973	-593.489544838862	687.95484719265	286	90	3	6	127	221	226	18	2	45	1344	93	94	5	1918	1957	114	0	0	0	0	10	-9	-3	3	0
8	1	1	0	3	3	up	1	512	427.159393479137	653.32069830388	430.961647464547	460.146945540036	615.529276838217	1453.95442933129	612.313428703393	932.600560918752	512	512	4.38221473469865	43.0003325060016	-593.343447660558	687.61608886981	283	97	1	5	126	234	216	18	3	41	1332	117	84	3	1956	1855	100	2	0	0	4	13	-39	-2	2	0
8	1	1	0	3	3	up	2	512	434.53023652758	670.994761074639	432.142821665451	458.575549204001	616.824065249769	1518.23912034611	612.033712526254	957.377877197409	512	512	25.4728769996657	53.5098587556015	-593.653013577398	688.33298818668	272	99	0	5	136	253	199	20	5	35	1319	118	88	11	1891	1978	117	1	0	0	2	19	-40	-3	3	0
8	1	1	0	3	3	up	3	512	435.316414475695	771.927788482497	422.944888377427	445.99739470637	628.456327821342	1511.33403112333	617.846111257587	941.151143740852	512	512	25.1968123253554	49.2262765911533	-593.511125119968	688.004131274132	286	100	3	8	115	236	221	19	1	35	1342	125	65	4	1823	1922	108	0	0	0	0	9	-64	-3	2	0
8	1	1	0	4	4	up	0	512	451.804811668206	736.95041750357	452.385539087646	506.519592068187	567.121959281337	1259.97570730417	565.12902655184	797.114887121173	512	512	21.0911019788929	48.1679752312661	-593.55906218874	688.116191402231	266	93	3	6	144	248	191	15	2	56	1797	133	115	3	1977	1883	129	0	0	0	0	2	-20	-3	2	0
8	1	1	0	4	4	up	1	512	438.09050977164	673.817819235792	434.331481418771	456.291559032271	573.994355139787	1100.36907022941	597.392405932866	869.192323997865	512	512	18.8760030924645	46.155778287937	-593.356668062944	687.646293938565	275	93	4	5	135	229	226	10	4	43	1738	154	143	13	2030	1899	124	0	0	0	0	2	-17	-3	3	0
8	1	1	0	4	4	up	2	512	428.781492777265	733.26260599467	428.658517597874	473.743114358884	616.13415520947	1496.02671521913	607.348168546136	935.279512283074	512	512	32.5730011439925	50.5469393386464	-593.519183773663	688.023280047046	269	112	2	7	122	222	216	19	3	52	1743	162	138	5	1798	1958	108	1	0	0	2	2	-22	-3	2	0
8	1	1	0	4	4	up	3	512	453.953702046008	802.213822282136	440.804051907635	482.30710578973	623.024731684158	1469.60942180485	615.420520071996	940.643662640161	512	512	23.781096485541	46.1158974573399	-593.47725774927	687.926665129144	285	86	6	8	127	227	224	18	3	40	1783	161	97	7	1874	1875	103	0	0	0	0	2	-63	-4	3	0
8	1	1	0	5	5	up	0	512	446.046977609773	695.58146296134	444.85405701423	490.291681911757	558.216194534464	1137.44355966124	565.945597672315	787.780768195464	512	512	23.243596643413	54.4806554089478	-593.480102031728	687.932547164812	257	99	3	5	148	250	199	12	1	50	2190	219	141	10	1933	1859	106	0	0	0	0	4	-90	-3	3	0
8	1	1	0	5	5	up	1	512	445.038846991017	724.293209090968	443.57234312532	494.115952740273	590.269889969776	1335.75531157523	585.533708465352	846.846381298496	512	512	31.0117183568136	53.1823451775637	-593.558085723512	688.113623919007	269	96	3	6	138	241	203	16	6	46	2196	206	149	9	1865	1920	96	0	0	0	0	7	-55	-4	4	0
8	1	1	0	5	5	up	2	512	409.837220867266	630.095421724668	412.516093373865	424.349019396483	607.275987933843	1441.87726672488	613.378838649443	952.861196505061	512	512	19.5818448473638	49.7859077445482	-593.466881740165	687.902468941173	269	118	2	5	118	224	210	18	9	51	2242	168	141	9	1987	1838	100	0	0	0	0	2	-37	-4	3	0
8	1	1	0	5	5	up	3	512	461.352888984132	813.259055534172	450.20308927243	509.411141240819	601.296201204769	1493.15086978109	583.270170088595	874.964024057734	512	512	31.7408702706802	50.9569039685775	-593.412574849171	687.775352772632	287	79	7	8	131	253	189	20	3	47	2206	212	129	13	1912	1904	113	0	0	0	0	2	-89	-3	2	0
8	1	1	0	6	6	up	0	512	427.831122903199	690.618701479726	433.233175395696	474.642727260153	579.031789337587	1353.5699425573	581.118129791767	864.395373557674	512	512	29.8586677049693	54.1072369967822	-593.462558530821	687.892340832018	282	101	1	6	122	240	191	17	5	59	2562	294	197	19	1911	1892	108	0	0	0	0	4	-111	-4	3	0
8	1	1	0	6	6	up	1	512	457.687257524138	776.300301748595	453.504707938852	522.082769406988	639.473548748216	1639.15043733566	614.812235097801	957.766387684777	512	512	21.4004330279768	48.5916749479965	-593.351785757194	687.634478417908	279	84	4	7	138	226	215	22	6	43	2680	221	160	11	1947	1828	110	0	0	0	0	0	-75	-3	3	0
8	1	1	0	6	6	up	2	512	432.87979333977	634.710506636934	436.867833483387	465.758004356903	645.241546080094	1614.86529734867	628.790432690786	986.931577808159	512	512	27.3600182562051	53.3743179732529	-593.556675643649	688.110266008017	265	100	2	4	141	224	226	21	4	37	2675	231	158	8	1932	1869	142	0	0	0	0	0	-73	-3	2	0
8	1	1	0	6	6	up	3	512	446.583931962892	763.497199433928	439.678322449325	488.753670550473	619.089550082277	1530.91495834712	609.776661083963	928.244115771224	512	512	30.0684028412102	51.9569820217492	-593.601912815315	688.215581689852	267	100	3	7	135	233	208	20	5	46	2678	188	199	7	1842	1736	95	1	0	0	2	0	9	-3	4	0
8	1	1	0	7	7	up	0	512	480.480606401646	784.926919459955	480.489949365633	574.319108456618	610.366157877592	1446.20099214676	597.671474180268	875.994129165034	512	512	45.3575149826133	53.8764760679369	-593.337824172521	687.603756490454	263	73	6	6	164	232	213	18	3	46	3109	248	218	9	1856	1837	114	1	0	0	2	2	-32	-4	4	0
8	1	1	0	7	7	up	1	512	470.124951625388	834.173474012049	471.696157952571	564.255592209392	614.982159211653	1525.83025824259	590.156407312426	875.798144732297	512	512	46.8981405751321	56.2583510367321	-593.261094796649	687.425015538858	275	81	5	8	143	231	207	20	3	51	3056	277	231	20	1861	1939	107	0	0	0	0	4	-54	-4	4	0
8	1	1	0	7	7	up	2	512	451.296201204769	662.432459307575	463.48593547338	520.434001897171	541.911242849467	966.784139441275	566.069862823456	767.120467826576	512	512	34.1228964484679	50.0920210018641	-593.368650769403	687.674379832139	273	82	1	4	152	250	206	8	2	46	3066	265	237	16	1784	1707	134	0	0	0	0	0	-52	-3	3	0
8	1	1	0	7	7	up	3	512	466.680199870708	799.805409150787	470.381362386871	565.042978170686	654.713682035094	1740.58636033835	609.979154694781	926.20458539725	512	512	37.2560758447876	51.9370734470992	-593.539966822443	688.071645873343	262	89	2	7	152	220	221	24	2	45	3103	281	191	9	1824	1799	97	0	0	0	0	4	-96	-4	3	0
8	1	1	0	8	8	up	0	512	463.665971287885	820.259945215139	450.292376818478	498.554669311705	566.6133488179	1185.43114131286	565.671144222753	789.276453805057	512	512	56.6135996278637	56.569613690575	-593.500287745699	687.979620028967	283	81	4	8	136	251	198	13	4	46	3537	295	247	17	1774	1889	88	0	0	0	0	0	-66	-4	4	0
8	1	1	0	8	8	up	1	512	435.394501767274	680.403635573212	441.750162670804	496.342464348505	573.811982597599	1210.79922270087	579.815854558271	845.836608640438	512	512	47.4898710005485	56.237670479566	-593.478163095001	687.928619793542	249	111	5	5	142	220	214	13	5	60	3499	324	248	25	1777	1741	112	0	0	0	0	0	-90	-4	5	0
8	1	1	0	8	8	up	2	512	429.347863985392	514.065716572708	448.996520358315	477.777351074788	546.728870307279	1122.18768411741	545.175706687454	741.38075922648	512	512	53.4001809818019	57.8235425401055	-593.395241153149	687.735819441164	283	80	1	1	147	237	193	12	5	65	3546	301	231	18	1761	1768	116	0	0	0	0	0	-74	-4	3	0
8	1	1	0	8	8	up	3	512	482.610243197884	960.509168810135	467.795548128793	550.447381305493	542.353002260096	1046.07638034926	548.897537277441	751.039946080405	512	512	47.7772526461555	57.5884726236909	-593.478426113159	687.929161389543	283	80	1	11	137	232	202	10	4	64	3461	349	260	26	1815	1776	108	0	0	0	0	0	-85	-4	3	0
8	1	1	0	9	9	up	0	512	512.217154223827	1050.22890967341	494.672423742595	611.618913678421	589.915308158845	1305.68436434053	583.788766351074	855.204094795164	512	512	50.5978153911562	59.0209812430901	-593.368564358804	687.674307099441	272	69	2	12	157	232	214	15	1	50	3989	334	262	23	1795	1705	98	0	0	0	0	0	-94	-4	3	0
8	1	1	0	9	9	up	1	512	505.433008930401	941.437789130008	501.133308959119	638.04134128255	581.507990601965	1212.15797483377	575.955171526594	801.877923734213	512	512	52.840715090712	56.6094671611261	-593.526369504151	688.040384132631	247	77	5	9	174	250	211	13	1	37	3989	331	267	21	1799	1773	106	0	0	0	0	0	-54	-4	4	0
8	1	1	0	9	9	up	2	512	484.654848325078	785.263944647806	494.682360006911	613.024190826226	548.686297834775	1120.13357884582	555.746605260391	764.547816335115	512	512	46.9375570506684	55.674908139594	-593.516699302125	688.017989074655	280	60	4	6	162	249	190	12	5	56	4007	327	253	21	1786	1699	103	0	0	0	0	1	-85	-5	3	0
8	1	1	0	9	9	up	3	512	488.637627398204	829.44975437453	496.171209868157	605.633630639479	593.426910966334	1372.33357801948	573.665868585023	821.656763738318	512	512	38.6182289949449	50.0892128436228	-593.404331183327	687.757138110818	278	63	2	7	162	252	197	17	5	41	4000	354	238	16	1825	1695	85	0	0	0	0	0	-127	-4	4	0
8	1	1	0	10	10	up	0	512	502.965897974142	927.098535608053	494.685401786229	611.292186300976	552.093615391655	1131.63114461821	543.576729550314	729.13081115464	512	512	49.7883370706555	50.8879002400618	-593.500665742446	687.980670719045	271	64	4	9	164	239	198	12	2	61	4438	386	271	25	1739	1701	90	0	0	0	0	0	-113	-5	3	0
8	1	1	0	10	10	up	1	512	541.017560754765	1244.46128304194	515.734523144455	697.158247579099	530.366157877592	1059.99256166233	530.613346300912	703.599082384246	512	512	60.9217521465438	62.2605562623639	-592.939444840742	686.680732984876	265	68	2	16	161	240	188	11	0	73	4432	392	268	28	1821	1901	120	0	0	0	0	0	-147	-5	4	0
8	1	1	0	10	10	up	2	512	492.678167216019	876.390776516037	493.52369729046	592.673221024665	530.557620727899	1053.17260085782	529.947856104723	699.259070571163	512	512	66.1889656176198	56.7771652954235	-593.506787558012	687.993965176734	269	70	1	8	164	251	181	11	5	64	4437	355	307	21	1694	1718	89	1	0	0	2	0	-58	-4	4	0
8	1	1	0	10	10	up	3	512	449.165491443204	619.138888009825	472.223413543992	542.66508524503	604.924398466963	1544.26794821216	578.930311505444	881.513989108295	512	512	63.5156126211011	55.4361654190947	-593.443396700788	687.847736995984	282	74	1	3	152	230	194	21	5	62	4425	385	285	25	1776	1740	106	0	0	0	0	0	-109	-4	4	0
8	1	1	0	11	11	up	0	512	516.890916302578	1021.42048579968	508.155432673455	663.600598987571	534.291176206028	1064.31451185396	537.73994594781	724.291966541133	512	512	68.891094334752	50.5716189852179	-593.342266958266	687.613913785984	272	61	4	11	164	241	188	11	4	68	4912	391	312	17	1672	1669	104	0	0	0	0	0	-89	-5	4	0
8	1	1	0	11	11	up	1	512	494.703518761649	922.604083719043	490.356987015224	608.795116168511	573.129016934766	1334.38856057699	551.829984395416	776.616586791664	512	512	55.195274402188	55.8453807247765	-593.395777007334	687.73777336584	251	83	3	9	166	265	180	17	1	49	4830	441	328	33	1774	1698	103	0	0	0	0	0	-137	-4	4	0
8	1	1	0	11	11	up	2	512	501.747050923516	998.758400668502	493.613478319054	621.29709921412	545.259726696331	1181.84621052473	543.292008918043	758.61614320261	512	512	58.6193325805703	56.7049286337472	-593.29128944812	687.495343338798	269	75	1	11	156	256	174	14	7	61	4912	395	299	26	1753	1683	98	0	0	0	0	0	-116	-5	4	0
8	1	1	0	11	11	up	3	512	504.049969953824	1108.44220861305	485.089897355923	608.130765553982	562.448197202586	1251.70209185291	545.260672545302	742.867501841198	512	512	74.0387931033631	66.7307502166722	-593.548323674301	688.091169470675	268	84	5	14	141	248	187	15	3	59	4910	388	306	28	1788	1784	81	0	0	0	0	1	-90	-6	4	0
8	1	1	0	12	12	up	0	512	468.647790671648	695.015170024979	485.198558193845	561.54837351265	550.806844322895	1154.97038161343	537.979780866321	717.741654646714	512	512	56.8449149650625	56.615115952681	-593.51453510574	688.013132521787	263	75	3	4	167	259	183	13	5	52	5348	417	356	23	1718	1647	100	0	0	0	0	0	-84	-5	5	0
8	1	1	0	12	12	up	1	512	479.137147553522	821.523815492614	485.632743595683	593.953978238793	545.96996328352	1183.94332897763	536.291837389435	732.310556692399	512	512	61.9263630297536	61.097130607776	-593.44656913114	687.854988199474	257	82	5	7	161	257	176	14	4	61	5325	454	330	35	1758	1741	95	0	0	0	0	0	-159	-5	4	0
8	1	1	0	12	12	up	2	512	522.687257524138	1175.81028173768	506.038962015196	677.590591762991	532.602225855092	1100.33978925951	526.870540599302	697.408252704342	512	512	62.5775344874385	58.75334775602	-593.317206531692	687.555226770392	267	75	5	15	150	236	185	12	2	77	5368	429	321	26	1650	1625	120	1	0	0	2	0	-108	-5	5	0
8	1	1	0	12	12	up	3	512	481.459320165393	783.913170721814	496.717251421689	612.517060057402	539.9051448854	1143.85730261502	529.203063579635	706.015220061225	512	512	69.2863314419689	53.3128640021796	-593.421229045097	687.795703082784	271	68	4	6	163	247	182	13	1	69	5326	415	377	26	1653	1611	96	0	0	0	0	0	-55	-4	4	0
8	1	1	0	13	13	up	0	512	465.922365812275	655.161512899213	483.289889700843	555.047045675586	508.590029926958	866.82315318991	524.389807290559	671.022409871257	512	512	87.9187708968977	63.7656736768632	-593.467451840977	687.903406395615	261	74	4	3	170	266	179	7	5	55	5781	468	381	26	1673	1727	80	0	0	0	0	0	-107	-6	5	0
8	1	1	0	13	13	up	1	512	482.918300502897	864.04620969839	487.715447779091	599.595000976519	537.428943621023	1137.02093642453	532.360352450168	719.071136934792	512	512	78.7779879784881	58.365762090262	-593.307960711132	687.534197720317	259	83	2	8	160	249	177	13	5	68	5838	459	327	32	1616	1661	86	0	0	0	0	0	-173	-5	3	0
8	1	1	0	13	13	up	2	512	465.979053591638	716.067932511756	475.074648892137	542.911337013967	522.889956613215	934.071940207793	530.177523655053	678.685744761339	512	512	90.1136523025919	60.4362592948877	-593.636714869435	688.295761668651	287	66	2	5	152	254	192	8	0	58	5789	458	390	19	1507	1659	100	0	0	0	0	0	-91	-4	4	0
8	1	1	0	13	13	up	3	512	502.342838986651	900.111847769081	499.546316944429	620.028789037573	569.348936950718	1196.68613543909	560.264742884721	782.308253720975	512	512	88.8096396531437	62.5699272553733	-593.506870051008	687.995185792953	251	74	2	8	177	238	206	13	2	53	5796	432	397	31	1567	1603	84	0	0	0	0	0	-45	-5	5	0
8	1	1	0	14	14	up	0	512	504.242505769457	1006.49543246705	498.438886632099	619.390725726935	527.755181542272	1083.77392876858	534.838920451633	762.146467585801	512	512	97.019091920878	72.9357854371846	-593.431510586779	687.820125200254	262	78	0	11	161	253	174	12	4	69	6212	509	412	35	1578	1607	89	0	0	0	0	0	-108	-6	5	0
8	1	1	0	14	14	up	1	512	456.142172552263	625.9300168166	479.346313694706	544.888554385138	504.300266514147	898.031134702168	517.308069586334	664.48148518742	512	512	97.2838396238916	68.4554966383589	-593.542497562788	688.077548115625	293	62	1	3	153	259	173	8	6	66	6279	461	393	35	1572	1630	99	0	0	0	0	0	-82	-5	4	0
8	1	1	0	14	14	up	2	512	461.229350151961	645.987231839898	485.33027087775	565.155198714262	611.862572412896	1549.23113800752	571.734946024141	839.336904887343	512	512	98.608658813556	69.2916088841788	-593.561539199279	688.1214103835	266	75	2	3	166	247	194	21	3	47	6263	457	424	24	1545	1633	103	0	0	0	0	0	-57	-5	5	0
8	1	1	0	14	14	up	3	512	542.592062581647	1144.80098140438	532.179522721449	719.752597488389	494.3772808404	848.822267640628	507.604857704933	634.236159121834	512	512	87.9791785139098	65.2396173299892	-593.339606549164	687.606921070102	255	62	1	13	181	255	174	7	3	73	6196	526	417	29	1620	1630	85	0	0	0	0	0	-147	-6	4	0
8	1	1	0	15	15	up	0	512	597.02569137352	1636.47902708106	544.008572751914	785.472539376709	515.49076967509	885.918059835448	545.819735630896	756.371593638775	512	512	96.3104831118187	73.3926158360379	-593.304559720672	687.52629741304	237	76	2	24	173	248	190	7	6	61	6637	538	473	32	1578	1598	91	0	0	0	0	0	-77	-5	5	0
8	1	1	0	15	15	up	1	512	537.678167216019	1170.06483515511	532.637251192159	733.246421797141	503.119926626648	823.297212655321	517.571223418622	636.861831505985	512	512	93.7404160886006	64.3102403349419	-593.452958736552	687.8697327918	257	67	4	14	170	267	182	6	1	56	6676	578	393	33	1591	1622	86	0	0	0	0	0	-207	-5	4	0
8	1	1	0	15	15	up	2	512	515.241546080094	852.900768900178	535.501621250115	700.014168928506	535.259726696331	1166.01028917471	526.608966270785	709.522941653958	512	512	83.4072365542172	63.3619372443442	-593.270138046588	687.446221699374	244	61	3	6	198	256	168	14	5	69	6589	617	444	30	1577	1598	99	1	0	0	2	0	-180	-6	5	0
8	1	1	0	15	15	up	3	512	556.766304505079	1346.25108559063	535.021274147652	762.147792451238	526.824065249769	1005.00186612732	528.637153701963	689.855771028299	512	512	89.2351459365356	71.3627922998896	-593.648163077029	688.322014693655	252	71	6	18	165	269	179	10	1	53	6667	583	400	30	1589	1580	87	0	0	0	0	0	-204	-6	4	0
8	1	1	0	16	16	up	0	512	428.388403803207	664.255072628245	439.011355208774	486.69602963617	491.392469112585	878.660845638487	499.183978261911	625.654848074282	512	512	104.051955198095	71.5383917583996	-593.433613576126	687.824457596885	262	109	2	5	134	256	166	8	4	78	7085	576	492	39	1455	1552	82	0	0	0	0	0	-110	-5	5	0
8	1	1	0	16	16	up	1	512	455.393428801948	881.419587855345	454.1545773016	546.729894743602	496.929423465704	880.383679726725	505.404717633311	633.590690910507	512	512	86.4559245138159	70.6868921450564	-593.503501825727	687.986895866887	274	100	5	10	123	274	164	8	3	63	7073	623	464	32	1468	1486	93	0	0	0	0	0	-179	-6	4	0
8	1	1	0	16	16	up	2	512	502.1786470607	1032.51183372135	476.702875033597	587.976614178531	466.843318831333	688.447983275965	479.973595352547	551.613059106184	512	512	106.756508699829	72.6804615730175	-593.578658998933	688.161424133296	270	76	6	12	148	272	163	4	2	71	7067	573	517	35	1491	1496	105	0	0	0	0	0	-58	-4	4	0
8	1	1	0	16	16	up	3	512	443.983118901016	684.56904048128	451.439817522328	504.903686511101	490.431935965074	938.726467182438	497.379792917188	656.961574914429	512	512	107.25887118636	79.246724984137	-593.521453478522	688.028786143033	273	90	4	5	140	276	147	10	6	73	7166	534	464	28	1537	1603	103	0	0	0	0	0	-100	-6	6	0
8	1	1	0	17	17	up	0	512	507.792615740072	963.806290568384	501.339591740165	627.028457193229	597.99531482915	1457.69100802599	571.916695063014	820.3550267809	512	512	111.845768276619	76.7059033312728	-593.330174324503	687.584817560023	288	54	3	10	157	243	197	19	0	53	7553	622	501	28	1440	1527	84	0	0	0	0	0	-153	-6	5	0
8	1	1	0	17	17	up	1	512	533.167524097893	1161.62669621338	518.939923372463	693.757813987878	560.212129225086	1174.24621713542	572.665606214372	825.683247266165	512	512	85.2706715163093	63.6558104073868	-593.184741936071	687.248011931145	259	69	4	14	166	248	192	13	8	51	7555	626	493	30	1633	1531	108	0	0	0	0	0	-157	-8	6	0
8	1	1	0	17	17	up	2	512	496.036814336328	988.743321540594	487.055426367292	594.600555554674	617.467450784149	1562.16595304068	593.880810193659	887.368364279398	512	512	88.9827792339299	66.6179180417918	-593.309843903843	687.537524429157	268	79	3	11	151	239	201	21	3	48	7586	628	447	43	1511	1512	104	1	0	0	2	0	-211	-6	5	0
8	1	1	0	17	17	up	3	512	473.916267848208	811.015165893294	487.263300971978	598.342432617476	553.37022318697	1136.86396282722	561.295613338064	792.126561519972	512	512	106.888157612778	70.8167721183971	-593.432260163447	687.82194633485	262	83	4	7	156	230	201	12	4	65	7587	579	501	37	1537	1502	85	0	0	0	0	0	-100	-5	4	0
8	1	1	0	18	18	up	0	512	464.175654716649	688.431577889978	490.381156309011	586.649124564525	516.306364478214	959.20630544245	528.321482759287	700.986535150907	512	512	103.686970621568	74.2805607210247	-593.687632064181	688.413657710592	263	79	1	4	165	250	182	9	3	68	7964	671	554	27	1458	1437	80	1	0	0	2	0	-140	-6	4	0
8	1	1	0	18	18	up	1	512	496.133082244144	919.21560990744	492.13322493025	594.574845131914	547.275987933843	1124.44932606079	540.353526477001	727.361905352018	512	512	119.073973686032	78.4862227131565	-593.243910769108	687.38540274725	263	74	4	9	162	236	195	12	3	66	8034	628	524	30	1519	1586	100	0	0	0	0	0	-92	-5	7	0
8	1	1	0	18	18	up	2	512	492.774435123835	843.918496412562	498.876113000977	614.525877617996	477.448197202586	709.274151188819	502.778902086959	613.730515424184	512	512	96.1020401843945	64.6741950497342	-593.543015916468	688.077915566243	260	71	3	7	171	260	172	4	7	69	7942	694	541	39	1423	1421	78	0	0	0	0	0	-179	-6	4	0
8	1	1	0	18	18	up	3	512	536.574841654773	1173.09765419046	520.810602704873	695.790873137754	519.665011598523	997.44798740765	522.767844224331	685.466865701022	512	512	102.47917083836	65.6867429048386	-593.591948786202	688.193146302002	245	75	5	14	173	257	177	10	3	65	8116	645	423	32	1495	1486	97	0	0	0	0	0	-251	-6	5	0
8	1	1	0	19	19	up	0	512	515.826097904458	1026.30785164176	504.640849406503	635.101438318401	552.764271850391	1227.0537471965	530.334906953904	700.496167603877	512	512	117.292227850798	78.8203776896685	-593.425965621282	687.806932845549	258	71	3	11	169	267	173	15	3	54	8486	650	566	26	1513	1515	89	0	0	0	0	0	-88	-7	5	0
8	1	1	0	19	19	up	1	512	504.856474448829	1003.95618390312	505.163050289444	649.426179881196	524.558580417262	1140.54775424503	518.688069480401	700.094005882385	512	512	97.563498879025	71.5940189492414	-593.321484131118	687.565046849019	268	73	2	11	158	273	154	14	5	66	8536	631	522	39	1549	1406	75	0	0	0	0	0	-136	-6	4	0
8	1	1	0	19	19	up	2	512	499.971995938209	890.355745673329	502.65228632821	623.247760637324	547.630569744774	1154.5468810908	543.063866260341	741.505664172601	512	512	108.639563760431	73.0118458227722	-593.399433106581	687.746392895615	262	68	4	8	170	249	185	13	4	61	8364	742	579	43	1513	1377	91	0	0	0	0	0	-157	-6	5	0
8	1	1	0	19	19	up	3	512	510.633562088826	1046.25241184871	497.796705958093	617.411814020002	518.810909632273	922.358410584546	525.11441560925	660.680929561183	512	512	119.316157957859	79.9763522759064	-593.524046164075	688.035565019831	276	68	1	12	155	265	185	8	0	54	8354	679	656	39	1410	1435	92	0	0	0	0	0	-26	-6	5	0
8	1	1	0	20	20	up	0	512	534.770369814457	1055.36417285241	520.192910292253	663.236702551034	499.16656440853	825.524268596468	514.100785730711	648.228473618515	512	512	127.167223786498	75.2830299521091	-593.581196572929	688.166988964301	266	53	1	11	181	241	185	6	7	73	8953	704	546	37	1410	1393	80	0	0	0	0	0	-153	-6	5	0
8	1	1	0	20	20	up	1	512	523.053075573839	933.880808922007	517.761963868103	657.87462164199	518.753148887583	956.65862969944	518.735192153485	656.076655695008	512	512	124.144658583205	78.6770336724752	-593.563376808502	688.126167023598	252	58	3	8	191	268	179	9	0	56	8906	739	569	26	1397	1418	84	0	0	0	0	0	-186	-5	5	0
8	1	1	0	20	20	up	2	512	533.570776345395	1202.03556658026	510.633325699582	680.272293713513	475.931456120393	737.605409977124	491.076538277554	574.163838279387	512	512	110.571929323711	73.8141994424141	-593.310705817539	687.540000986736	251	78	3	15	165	275	163	5	3	66	8996	679	537	28	1437	1359	95	0	0	0	0	0	-162	-5	6	0
8	1	1	0	20	20	up	3	512	504.367117566955	893.283459785494	503.515512056665	619.466664238662	494.040879645706	877.776585416424	509.534689812089	652.616706552473	512	512	117.760199709513	81.2501018946674	-593.438349103019	687.835846604923	274	58	2	8	170	270	164	8	2	68	8911	761	528	40	1395	1461	91	0	0	0	0	0	-277	-7	5	0
8	1	1	0	21	21	up	0	512	488.762239195702	901.568154931997	491.909404800701	613.409506655999	567.304331823525	1297.79388874675	549.871398041563	754.637053158594	512	512	120.743226024674	81.047770626935	-593.381985628724	687.705385978758	278	71	1	9	153	245	188	16	1	62	9351	759	602	40	1401	1419	57	0	0	0	0	0	-173	-8	6	0
8	1	1	0	21	21	up	1	512	499.463385474771	927.030689861684	497.492329957275	621.453638011321	519.819040251029	1004.81295904395	517.587186580819	664.675994401387	512	512	135.114108310629	82.5916038338151	-593.669998609262	688.37297217211	261	74	1	9	167	241	183	10	3	75	9397	706	605	44	1292	1420	105	0	0	0	0	0	-117	-7	5	0
8	1	1	0	21	21	up	2	512	496.939586739149	962.977919111538	493.993651695197	618.574840493166	519.856474448829	1027.71006592814	524.800002295455	693.059476187553	512	512	143.628770175807	88.5588533096803	-593.275626962039	687.459054243777	251	86	1	10	164	268	167	11	5	61	9340	727	638	47	1303	1434	94	0	0	0	0	0	-107	-6	6	0
8	1	1	0	21	21	up	3	512	534.358027258837	1133.67769999664	526.811282331029	714.05327320792	522.860539758207	1035.85419286332	518.737638503857	678.722573161779	512	512	127.085403924302	82.1662910472004	-593.460314646669	687.887227847195	248	72	2	13	177	262	172	11	4	63	9301	774	645	32	1365	1381	78	1	0	0	2	0	-133	-6	6	0
8	1	1	0	22	22	up	0	512	527.064198536647	1045.57525998468	516.859391030334	660.511643414269	540.087517427588	1181.64887626228	531.035915082695	737.074145733917	512	512	130.119690557114	82.5445061671165	-593.558108533575	688.113320820543	259	63	1	11	178	240	178	14	4	76	9798	857	563	46	1345	1391	72	0	0	0	0	0	-314	-7	5	0
8	1	1	0	22	22	up	1	512	540.950709701956	1249.23556575393	518.993747947678	707.23755684864	522.188810334145	1072.69366054215	508.934493463184	646.173437463141	512	512	141.628880310008	92.8494776665117	-593.223465459351	687.337425090818	254	75	2	16	165	259	169	12	2	70	9775	791	660	38	1407	1414	83	0	0	0	0	0	-147	-7	6	0
8	1	1	0	22	22	up	2	512	495.585964617581	879.925144229706	506.348120439974	632.924326859648	525.471516093527	974.990786432082	527.812420068795	686.607803283174	512	512	147.649391703324	91.5689318727405	-593.392118245207	687.729412949521	272	66	1	8	165	249	189	9	3	62	9626	793	786	59	1321	1371	69	0	0	0	0	0	-29	-6	5	0
8	1	1	0	22	22	up	3	512	517.544465110402	925.555753110362	514.363978399618	644.190554134089	510.826097904458	981.307851641762	515.725694085915	665.286952153193	512	512	125.995440786738	77.7518413165287	-593.312509527897	687.543766964315	251	63	2	8	188	258	169	10	5	70	9743	849	611	61	1391	1386	80	0	0	0	0	0	-269	-7	7	0
8	1	1	0	23	23	up	0	512	505.998307173201	965.669264554195	520.006154044143	677.257908106702	519.578906964151	964.239565186594	522.301271046917	673.569865968436	512	512	139.075780420992	89.9714668061463	-593.300998769066	687.517541682521	274	63	6	10	159	251	184	9	3	65	10178	861	685	52	1328	1346	78	0	0	0	0	0	-228	-5	5	0
8	1	1	0	23	23	up	1	512	556.546497765091	1137.28746334985	559.619825803687	780.816737067731	524.290103240702	1106.60318990639	521.047650720809	703.011851926591	512	512	140.742836154738	86.4937904974657	-593.62695157062	688.273236340425	240	56	5	12	199	270	161	13	3	65	10384	727	632	33	1294	1358	71	0	0	0	0	0	-122	-7	5	0
8	1	1	0	23	23	up	2	512	526.267857315087	936.158856251366	535.579702185851	693.025603113079	532.648750361011	1263.95573493095	511.41274102108	692.734073918512	512	512	140.295152288163	87.9465443159226	-593.652446571626	688.332462948206	260	51	2	8	191	269	148	17	3	75	10312	800	625	39	1195	1274	79	0	0	0	0	0	-201	-8	6	0
8	1	1	0	23	23	up	3	512	540.999380138528	1037.1610763221	543.69027649653	723.006335605155	520.029756682898	998.946879438126	514.751053073599	659.657574950009	512	512	150.455395453238	95.5277880507384	-593.302960426368	687.522112713175	249	55	2	10	196	255	178	10	3	66	10192	818	727	39	1212	1386	87	0	0	0	0	0	-113	-6	8	0
8	1	1	0	24	24	up	0	512	440.64372536227	647.254631919446	444.45786932998	482.121765339625	482.639660052892	784.562837504619	486.910846420479	581.164905060992	512	512	143.434886243468	89.5380169736681	-593.225761823707	687.342926697526	265	94	3	4	146	275	163	6	3	65	10717	827	700	44	1402	1316	68	0	0	0	0	0	-127	-6	5	0
8	1	1	0	24	24	up	1	512	477.332675713206	852.012060273279	476.062232896179	582.239102666703	512.255661386953	1015.00141715515	494.85551572817	604.144619898705	512	512	157.866439581845	98.3639051720607	-593.562061692186	688.122566569991	262	84	5	8	153	270	162	11	3	66	10660	806	772	50	1277	1227	66	0	0	0	0	0	-66	-6	6	0
8	1	1	0	24	24	up	2	512	495.201965951642	951.60984185522	483.265538505235	588.994957051238	436.478573746957	602.332680075142	455.203664268566	511.958450203018	512	512	148.408312855508	101.060583279778	-593.371932815932	687.682167399624	267	76	4	10	155	270	146	3	3	90	10634	874	730	50	1339	1344	66	0	0	0	0	0	-160	-9	6	0
8	1	1	0	24	24	up	3	512	469.731862651331	802.221372175302	476.273776636808	573.943515354467	484.885891303837	833.366833631939	492.542808252026	630.27851902958	512	512	157.233500534218	102.025733388068	-593.196362986182	687.275342031576	264	84	6	7	151	252	167	7	5	81	10587	888	755	58	1252	1365	75	0	0	0	0	0	-145	-6	5	0
8	1	1	0	25	25	up	0	512	531.671109562589	1058.59655035262	523.946351449879	688.058777953836	538.868670376963	1067.97836808371	547.304848929276	742.43710261475	512	512	142.426753255575	96.0472528132479	-593.267180583221	687.440265728822	244	68	4	11	185	250	188	11	4	59	11140	912	691	57	1266	1431	93	0	0	0	0	0	-243	-8	5	0
8	1	1	0	25	25	up	1	512	483.705551416338	758.606303789776	496.515622092238	606.562963099736	588.293208860717	1336.90875123877	579.17391013023	842.37827442918	512	512	163.417195292514	100.904381029288	-593.577301963564	688.158182135302	256	72	4	5	175	234	206	16	3	53	11122	909	723	46	1197	1285	69	0	0	0	0	0	-210	-5	8	0
8	1	1	0	25	25	up	2	512	503.129016934766	889.878580587904	499.231911490636	604.556421384721	583.455254856016	1386.95086647574	564.768872156386	816.575980037367	512	512	151.631606918494	99.8211640112246	-593.346338291103	687.622043020719	277	57	2	8	168	265	182	18	2	45	11086	974	690	50	1291	1333	67	0	0	0	0	0	-320	-8	5	0
8	1	1	0	25	25	up	3	512	474.012535756024	778.569493585133	485.282131200998	576.193664800158	583.446164547897	1283.28745921816	574.53735785131	831.207365525264	512	512	139.941818629749	87.0549285833966	-593.545473665449	688.083608033375	257	83	2	6	164	255	199	15	4	39	11173	923	654	50	1220	1220	66	1	0	0	2	0	-304	-8	5	0
8	1	1	0	26	26	up	0	512	524.10880366384	936.522938206702	526.603040356211	681.439562168547	491.517080910083	839.586343811605	497.622469213902	614.306097960579	512	512	158.956359140963	95.6173548482562	-593.39517990948	687.735409935093	248	59	5	8	192	264	168	7	4	69	11579	912	775	46	1236	1206	68	0	0	0	0	0	-178	-8	6	0
8	1	1	0	26	26	up	1	512	468.09050977164	758.434230406139	484.226845275106	585.725909299227	559.424878311645	1242.63069151436	540.768774795666	749.963138346365	512	512	166.434427634231	99.0478759251658	-593.502190315886	687.983976533525	279	73	3	6	151	255	181	15	5	56	11623	925	725	39	1143	1259	61	0	0	0	0	0	-202	-5	8	0
8	1	1	0	26	26	up	2	512	510.384338493829	976.126473793134	506.525231218619	642.235879964726	528.94461173789	1113.94953195429	524.046512726981	693.855807528791	512	512	165.816302694357	111.125690412037	-593.416459751479	687.785154772875	268	64	5	10	165	271	164	13	3	61	11488	925	837	62	1279	1340	65	1	0	0	2	0	-104	-10	6	0
8	1	1	0	26	26	up	3	512	503.935521429771	970.696321321679	497.614235686102	616.222236870773	514.281012932584	875.910958914451	530.761338766777	687.328637745198	512	512	159.315158361024	96.1072282235599	-593.348885540623	687.62858637077	261	75	0	10	166	268	183	7	4	50	11523	963	777	49	1221	1309	67	1	0	0	2	0	-184	-6	5	0
8	1	1	0	27	27	up	0	512	521.804811668206	1107.32292663798	508.32262536297	672.148942128731	522.620406471329	1032.30962274033	519.024975780086	690.949283845466	512	512	152.469765479974	93.9295474230984	-593.731709155525	688.516048472728	258	74	4	13	163	264	168	11	9	60	12093	933	754	44	1255	1137	68	0	0	0	0	0	-188	-8	8	0
8	1	1	0	27	27	up	1	512	523.379313495089	1044.7180565301	519.474549839843	689.030733246655	497.362092568214	818.983689642769	515.556178913418	653.254078889959	512	512	160.344827971429	102.502445647101	-593.292332856983	687.497251437807	244	74	4	11	179	254	182	6	2	68	11957	965	847	55	1272	1159	74	0	0	0	0	0	-123	-7	7	0
8	1	1	0	27	27	up	2	512	469.531309492906	631.267062662877	495.8222059304	583.895607432247	517.515048255394	990.309182031527	516.55672887596	670.229510638109	512	512	148.297989030851	96.6947966700031	-593.34115895242	687.610862736859	251	75	1	2	183	267	173	10	1	61	11973	991	797	63	1299	1184	85	0	0	0	0	0	-249	-8	4	0
8	1	1	0	27	27	up	3	512	483.206031261019	861.862615910715	491.050982331788	610.304822043314	531.594095236336	1091.96949606414	521.563466691831	682.275205589988	512	512	151.499501646134	91.9875807153774	-593.240915431318	687.378672497671	265	79	2	8	158	248	178	12	5	69	12012	951	810	51	1301	1171	78	0	0	0	0	0	-171	-8	7	0
8	1	1	0	28	28	up	0	512	474.281012932584	701.347763334735	492.611162014036	578.909296939756	495.538367146335	811.489229490389	504.973056215387	611.637682007396	512	512	156.542983112404	105.056109190713	-593.448703778413	687.859576353043	272	66	1	4	169	264	177	6	2	63	12358	1078	836	64	1141	1084	72	0	0	0	0	0	-290	-10	5	0
8	1	1	0	28	28	up	1	512	507.793688705399	942.73712269562	511.103291403874	649.352647486137	525.489696709764	1108.18013009256	512.814674143022	662.678411193808	512	512	174.545242251124	114.177790017867	-593.176391126837	687.228711342639	255	71	3	9	174	273	162	13	1	63	12431	1015	827	63	1221	1212	78	0	0	0	0	0	-230	-8	5	0
8	1	1	0	28	28	up	2	512	499.856474448829	921.900752373438	508.782658085466	651.972430949952	530.250636388213	1017.37348971245	523.592115079416	676.230713782215	512	512	158.930447918877	98.009389376899	-593.459752602685	687.885482021097	272	66	3	9	162	250	186	10	5	61	12420	1052	829	35	1180	1089	66	0	0	0	0	0	-225	-6	5	0
8	1	1	0	28	28	up	3	512	525.192875643523	1043.75574815234	521.531007908242	698.317554863884	494.770369814457	806.636898622704	510.132010412694	623.195484727667	512	512	177.745006298179	118.5640240312	-593.543096790774	688.078824334919	253	67	4	11	177	270	173	6	4	59	12475	988	829	44	1142	1186	67	0	0	0	0	0	-182	-6	6	0
8	1	1	0	29	29	up	0	512	515.289143551339	995.447546698852	516.799162538183	673.9160814399	501.045904644446	989.131787088827	504.066553826726	651.29149676591	512	512	162.035563066661	102.945339755852	-593.469227747953	687.908474393001	244	76	4	10	178	286	148	11	3	64	12813	1125	850	60	1174	1102	63	0	0	0	0	0	-299	-8	7	0
8	1	1	0	29	29	up	1	512	515.049010264462	1029.01162369617	502.728173030454	630.824713578247	505.960872975401	905.716726140334	521.728458173637	679.530504973619	512	512	191.660455394126	121.256452974693	-593.49302440473	687.963362284487	250	77	2	11	172	251	179	8	3	71	12932	962	906	48	1061	1094	80	0	0	0	0	0	-64	-6	7	0
8	1	1	0	29	29	up	2	512	486.478573746957	829.813836329865	504.242545481319	639.736143459892	497.947717357905	934.239565186594	507.741062030816	650.361475011473	512	512	160.782908179231	98.9146595503501	-593.509818835292	688.001897389284	266	71	5	7	163	235	173	9	5	90	13008	1063	725	52	1103	1129	75	0	0	0	0	0	-390	-7	6	0
8	1	1	0	29	29	up	3	512	482.629496779448	813.188108299473	488.516594108846	576.467255281604	527.765344815717	1018.11983423936	523.059838244573	670.450165484592	512	512	182.219049012068	115.775234361679	-593.595275002941	688.199892520182	294	58	0	7	153	242	189	10	2	69	12891	1055	861	41	1109	1146	76	0	0	0	0	0	-207	-8	7	0
8	1	1	0	30	30	up	0	512	515.11586131727	1098.34820404353	506.546419467232	675.163514622468	525.049010264462	1007.7921135165	526.202836705988	688.563917934228	512	512	187.605434916051	119.127748539494	-593.408316115778	687.766524065537	253	82	4	13	160	254	182	10	3	63	13516	970	813	61	1045	1116	54	1	0	0	2	0	-176	-7	6	0
8	1	1	0	30	30	up	1	512	525.836261177903	976.489678462558	529.189692063134	695.718219122045	443.753148887583	578.341552094704	479.686033552877	565.076190978531	512	512	171.64948471432	108.819898930692	-593.63072045525	688.282323005503	247	63	3	9	190	272	156	2	2	80	13339	1083	872	66	1077	999	60	0	0	0	0	0	-212	-6	6	0
8	1	1	0	30	30	up	2	512	513.176614406011	1011.20584820691	517.094167692485	680.319053655579	517.208063915708	1028.5943261502	520.967633948756	700.279495381862	512	512	168.724036773347	107.886243643792	-593.352605293256	687.637067161497	281	58	4	11	158	254	169	11	7	71	13441	1050	823	46	1178	1068	63	0	0	0	0	0	-284	-8	6	0
8	1	1	0	30	30	up	3	512	491.901079576022	804.957077715769	503.233831857954	617.866714731819	514.933488775082	986.419159541602	517.010896025722	674.711605589179	512	512	189.359195336898	118.405481586988	-593.430805122353	687.818057114965	265	65	2	6	174	264	171	10	3	64	13370	1059	878	53	1057	1068	58	0	0	0	0	0	-206	-6	6	0
8	1	1	0	31	31	up	0	512	523.724804997901	934.096772772859	549.105560055435	743.635464550607	493.110836318529	852.04621796176	506.000384124393	639.370460018056	512	512	175.174070134585	103.882229944232	-593.526688155506	688.040423184649	251	57	6	8	190	245	178	7	1	81	13876	1089	848	59	1032	982	55	0	0	0	0	0	-263	-7	6	0
8	1	1	0	31	31	up	1	512	545.11586131727	1108.85375215452	541.787956420308	724.927567761528	534.665011598523	1021.22847722798	527.370825056905	677.546356823865	512	512	181.076481446848	117.198392570067	-593.521242308108	688.027704722656	265	50	1	12	184	261	187	10	2	52	13890	1057	873	52	1036	1086	52	0	0	0	0	0	-205	-7	7	0
8	1	1	0	31	31	up	2	512	551.536334491647	1195.02359720406	541.17801800707	728.261184203598	526.276947623206	1113.9331265683	518.67384004579	690.766264968637	512	512	191.42239257394	118.87891807764	-593.399299272169	687.744820152385	251	60	6	14	181	262	166	13	2	69	13810	1103	892	67	1020	1059	64	0	0	0	0	0	-236	-7	6	0
8	1	1	0	31	31	up	3	512	564.147310826967	1112.94068059315	565.056825763501	785.21689991289	514.510982946016	982.165055096341	516.278986958705	676.426346223518	512	512	193.207372110221	125.112203335589	-593.629006155933	688.278165494473	242	45	6	11	208	273	168	10	2	59	13812	1095	905	60	1026	1045	55	0	0	0	0	0	-205	-8	7	0
8	1	1	0	32	32	up	0	512	448.830163213836	664.052861647219	468.108210321234	558.30142605667	484.807804012258	887.835555011546	482.041355707405	580.514017314517	512	512	178.78229449668	106.290275448827	-593.519015328646	688.022775696341	256	93	5	4	154	293	144	9	2	64	14206	1200	912	66	1061	986	54	0	0	0	0	0	-316	-7	6	0
8	1	1	0	32	32	up	1	512	459.817967285702	745.483009986989	472.145034572276	550.298402024137	468.022585753505	932.526014904921	459.304788595195	540.942107064876	512	512	178.216431714904	114.417557531648	-593.347232057924	687.625314694948	278	80	2	6	146	289	123	11	3	86	14104	1236	964	80	1085	1022	52	0	0	0	0	0	-318	-8	6	0
8	1	1	0	32	32	up	2	512	441.391396147259	672.248857256529	451.890001300131	505.131086276698	463.56061307195	749.068818061038	482.129550866111	589.763330434392	512	512	196.953088472174	118.343622786864	-593.487207794853	687.949295954284	293	80	2	5	132	282	146	6	4	74	14336	1082	911	55	1050	997	53	0	0	0	0	0	-212	-7	5	0
8	1	1	0	32	32	up	3	512	469.433968619763	795.948197432837	474.190976526735	578.124441856594	490.134041933507	932.479900235288	478.020581286066	568.335626636015	512	512	200.819839925113	129.017195979137	-593.273790686814	687.454758343326	277	76	6	7	146	293	143	10	2	64	14166	1190	965	63	1004	1088	62	1	0	0	2	0	-218	-9	7	0
8	1	1	0	33	33	up	0	512	490.355994604148	802.808518902487	510.483140970634	646.843115054083	551.172662372597	1098.34467424146	562.21386713583	796.532838311591	512	512	191.720898266842	115.575059149932	-593.454089716132	687.873016640511	263	67	3	6	173	228	205	11	4	64	14782	1187	861	66	1023	973	64	1	0	0	2	0	-348	-7	6	0
8	1	1	0	33	33	up	1	512	524.184745024767	1035.41206275229	509.080220569788	647.766259376451	541.767377470406	1041.98679939447	557.880729578835	774.084085415117	512	512	196.201530795419	121.669858100171	-593.524880611934	688.036377608538	269	58	3	11	171	239	199	10	4	60	14585	1247	1000	64	987	959	55	0	0	0	0	0	-308	-8	8	0
8	1	1	0	33	33	up	2	512	511.027724028209	908.860404103352	509.753587783556	642.605453915192	563.042912300395	1322.37304074028	559.413130987717	815.524195546131	512	512	189.811079489263	115.338655755781	-593.38334792079	687.707788374812	262	60	4	8	178	251	176	17	4	64	14647	1247	946	56	1018	986	57	0	0	0	0	0	-308	-9	5	0
8	1	1	0	33	33	up	3	512	485.624471780707	828.861730361432	493.231356537628	602.265683228806	604.817967285702	1531.22802825582	577.242073756276	843.136995763372	512	512	215.402768042059	145.882479526137	-593.382178639746	687.70606234775	270	71	0	7	164	262	184	21	2	43	14698	1170	981	47	960	1050	47	0	0	0	0	0	-181	-9	7	0
8	1	1	0	34	34	up	0	512	513.177687371338	916.02581727479	512.043363105409	637.807536160111	569.751116232894	1369.33046826778	544.434889822165	771.496137941827	512	512	200.093815945183	127.85995596492	-593.282981048051	687.476050219278	256	63	2	8	183	251	176	18	4	63	15056	1258	1020	74	991	965	59	0	0	0	0	0	-271	-9	6	0
8	1	1	0	34	34	up	1	512	530.250636388213	1054.45552903745	515.367403482716	652.521003386589	501.181752680715	752.141120475613	518.827281142397	638.617856579311	512	512	199.059796703432	133.8274059316	-593.338489642611	687.605676718862	250	66	2	11	183	258	193	4	2	55	15172	1178	978	80	1048	979	60	0	0	0	0	0	-233	-8	6	0
8	1	1	0	34	34	up	2	512	507.658913634456	973.354855992362	505.941869287814	647.332845904142	483.119926626648	791.59876215998	496.91572388752	595.868891446935	512	512	204.655434451283	129.118692862487	-593.493846851731	687.964770444645	266	68	3	10	165	263	169	6	1	73	15177	1162	1005	64	937	981	64	0	0	0	0	0	-196	-7	6	0
8	1	1	0	34	34	up	3	512	551.44006658383	1190.44044577785	541.973314067852	747.67522138026	511.44006658383	978.795210873144	503.534748529485	619.057964313379	512	512	202.968495183619	133.105671227122	-593.571047415743	688.143943553282	264	53	3	14	178	268	167	10	3	64	15147	1184	1004	73	958	958	57	0	0	0	0	0	-210	-10	7	0
8	1	1	0	35	35	up	0	512	524.703518761649	1044.27592641907	524.658097267874	701.159190592044	548.734968271346	1093.38946265301	541.486675515702	725.4125658569	512	512	201.00180950393	133.94375408951	-593.46108027904	687.88912071252	251	69	3	11	178	232	203	11	2	64	15466	1316	1035	103	901	869	52	0	0	0	0	0	-362	-8	6	0
8	1	1	0	35	35	up	1	512	529.117893971959	1122.24177699396	519.132151267217	691.555555711777	519.223252187894	1066.4040804137	519.281195236307	697.092138334516	512	512	186.57367446786	125.44199985329	-593.359713719268	687.653521200802	254	72	2	13	171	263	166	12	1	70	15538	1330	993	59	996	935	51	0	0	0	0	0	-376	-8	8	0
8	1	1	0	35	35	up	2	512	511.018633720091	953.471938555119	513.699049254837	668.043506277526	541.152335825707	1102.65064736084	529.717474218888	705.014113261635	512	512	217.064287702751	139.764878183097	-593.384490384687	687.71133197313	244	76	2	9	181	262	181	12	3	54	15566	1246	1031	77	923	882	61	0	0	0	0	0	-237	-8	7	0
8	1	1	0	35	35	up	3	512	480.183785335404	757.611184640041	496.096677242122	605.061323468487	484.856474448829	861.064831023426	493.557124778888	596.690621268868	512	512	210.001445617729	137.336638619763	-593.421331506284	687.796462780462	247	81	2	5	177	272	156	8	3	73	15616	1253	985	66	878	948	50	0	0	0	0	0	-317	-8	6	0
8	1	1	0	36	36	up	0	512	510.691322833515	974.870153408826	507.702902617046	645.164725431205	550.394501767274	1159.17304569831	540.646334686721	727.602264557813	512	512	224.943172954735	147.207612842901	-593.342366150535	687.613824968126	273	61	4	10	164	249	187	13	4	59	15952	1259	1150	71	876	897	47	0	0	0	0	0	-135	-8	7	0
8	1	1	0	36	36	up	1	512	480.835188212577	777.995650755606	491.547884487376	586.713434393368	485.163458788515	859.808510639117	493.532096867828	596.680594731342	512	512	212.410534203605	140.753678432368	-593.48044436346	687.933210925031	284	61	2	6	159	277	155	8	2	70	16030	1312	1023	67	871	909	62	0	0	0	0	0	-323	-9	7	0
8	1	1	0	36	36	up	2	512	524.107730698514	1105.8404399935	512.791723106494	675.153460171491	491.133082244144	763.049315318405	500.210820386778	594.969123074622	512	512	234.504919601188	159.100594613855	-593.433254725016	687.823815446453	269	65	5	13	160	275	174	5	3	55	16105	1182	1067	78	858	942	44	0	0	0	0	0	-163	-7	9	0
8	1	1	0	36	36	up	3	512	538.177687371338	1103.89056235917	528.965906491921	706.355745770919	500.480606401646	1039.011174724	498.40446519924	647.480542641675	512	512	208.651980481834	133.055024159991	-593.598304181628	688.206726926241	248	65	3	12	184	251	155	12	4	90	16075	1251	1041	65	935	833	53	0	0	0	0	0	-248	-8	6	0
8	1	1	0	37	37	up	0	512	502.735927960709	932.063949605828	508.39705970039	635.920576403914	542.188810334145	1178.47636630153	526.392555124869	724.645644504795	512	512	225.258838705841	152.532904616833	-593.409990294625	687.770511482748	262	71	1	9	169	251	173	14	8	66	16381	1389	1107	67	858	966	45	0	0	0	0	0	-316	-8	7	0
8	1	1	0	37	37	up	1	512	524.318447130384	1137.05639971266	507.481498795767	654.260266145142	492.458360476031	778.593448864287	503.995773664025	613.480613305141	512	512	234.59927813209	161.241195759605	-593.515611506521	688.015546305298	283	61	2	14	152	245	186	5	3	73	16592	1260	1001	91	859	901	52	1	0	0	2	0	-270	-8	6	0
8	1	1	0	37	37	up	2	512	511.450229857275	950.196547873606	510.748279217778	635.581910118813	550.23138280665	1159.36417698409	530.442354660767	701.736668994198	512	512	236.956701942094	154.887120838921	-593.578548507344	688.161256445238	253	70	2	9	178	251	188	13	1	59	16552	1214	1119	59	833	816	56	0	0	0	0	0	-101	-7	7	0
8	1	1	0	37	37	up	3	512	528.023658718831	1154.80053243221	517.008009693378	680.635451952246	539.051042919151	1105.79654952628	528.963213734173	700.339082147382	512	512	220.861766284944	150.251300113511	-593.445393111041	687.852281154871	256	75	3	14	164	247	185	12	3	65	16371	1387	1118	68	786	849	56	0	0	0	0	0	-286	-11	7	0
8	1	1	0	38	38	up	0	512	468.839253521955	688.221817015786	488.204666893752	566.287067518038	522.188810334145	1072.69366054215	515.611680683532	672.6401809415	512	512	235.395340320766	156.856877500879	-593.391128597683	687.725863150074	278	65	4	4	161	259	169	12	2	70	16957	1334	1101	64	821	884	54	0	0	0	0	0	-265	-7	7	0
8	1	1	0	38	38	up	1	512	520.010503101335	1035.10164535975	512.549668932547	650.402722411702	529.597087580388	1113.26483019709	517.010303319224	683.157686757053	512	512	243.0906298383	163.738304299473	-593.499291512588	687.977303169892	256	70	1	11	174	275	163	13	3	58	16986	1248	1139	83	833	865	40	0	0	0	0	0	-162	-10	6	0
8	1	1	0	38	38	up	2	512	533.215121569138	1081.81427703866	526.373210354972	688.828790941544	514.002372482579	1055.86882301906	507.229395003094	653.963334166153	512	512	232.704677920486	156.580118439533	-593.535911687648	688.062121956356	279	49	3	12	169	264	160	12	4	72	16952	1301	1142	61	861	788	51	0	0	0	0	0	-196	-7	7	0
8	1	1	0	38	38	up	3	512	478.042912300395	779.998315666822	492.506269484592	585.474071021714	499.386371148518	812.155301659183	510.185667610296	624.849252193201	512	512	232.577088270514	157.925207333892	-593.572157462221	688.145873048018	271	72	0	6	163	277	175	6	2	52	16977	1358	1054	67	784	831	40	0	0	0	0	0	-351	-9	4	0
8	1	1	0	39	39	up	0	512	553.561686037277	1093.01517828835	560.594578676865	773.929913639515	494.347863985392	913.575696561794	496.781230355563	620.615948918189	512	512	230.351410817827	155.121120871047	-593.411909511226	687.77462325179	249	49	4	11	199	271	159	9	2	71	17363	1409	1121	75	795	805	47	0	0	0	0	0	-322	-9	9	0
8	1	1	0	39	39	up	1	512	529.521146219461	1014.40231344682	539.537786324947	716.126601100631	543.033821992276	1149.95575145769	527.138103803145	697.951057027867	512	512	244.119473886775	168.718525398342	-593.305611608307	687.528454601092	258	58	1	10	185	241	184	13	5	69	17399	1360	1142	67	769	846	48	1	0	0	2	0	-265	-9	8	0
8	1	1	0	39	39	up	2	512	550.547457454454	1224.66261673705	545.810681479379	773.216196004408	502.399526766015	923.93622805663	514.139191741716	672.355866105917	512	512	235.668057204176	161.03543350336	-593.372552185984	687.683125280914	262	58	5	15	172	277	162	9	3	61	17295	1455	1156	62	843	809	48	0	0	0	0	0	-327	-9	8	0
8	1	1	0	39	39	up	3	512	545.096607735707	1182.03734181051	536.44016776606	717.941868646514	497.909210194778	858.300763115819	503.341855649365	617.686820931296	512	512	231.008653542125	152.664344307317	-593.44953128181	687.862010112838	258	61	4	14	175	249	180	7	1	75	17454	1397	1038	79	818	840	48	0	0	0	0	0	-413	-10	8	0
8	1	1	0	40	40	up	0	512	459.4147150382	890.377905063808	469.087993649662	590.199069573437	469.817967285702	798.37436286668	483.442187471591	601.662128569528	512	512	237.22706455231	159.636031375049	-593.388874668922	687.72145388992	270	100	4	10	128	274	148	7	5	78	17836	1424	1154	66	791	768	51	0	0	0	0	0	-298	-7	9	0
8	1	1	0	40	40	up	1	512	464.4147150382	824.185002679458	460.612479202802	532.707749807051	496.564678381328	915.940219225927	491.106809952783	604.914747748163	512	512	248.352993740173	176.790881366325	-593.342134141614	687.613148867195	278	84	3	8	139	272	159	9	4	68	17824	1356	1229	71	791	793	51	0	0	0	0	0	-149	-7	7	0
8	1	1	0	40	40	up	2	512	483.244538424146	826.635123392454	487.212706114599	579.932513226037	458.724804997901	608.69765584313	481.412590448392	558.472013838394	512	512	234.613969827247	157.93831438742	-593.314951611592	687.549625421988	263	76	3	7	163	255	170	2	7	78	17912	1406	1087	75	810	820	49	0	0	0	0	0	-395	-10	6	0
8	1	1	0	40	40	up	3	512	501.843318831333	1003.36815989002	489.229224400822	599.897890252899	493.360059913526	848.008077367352	490.433187868934	591.000413636818	512	512	241.51652830152	160.831736218392	-593.404540903825	687.757280439453	260	81	0	11	160	253	174	7	3	75	17821	1386	1204	69	781	801	50	0	0	0	0	0	-204	-9	7	0
8	1	1	0	41	41	up	0	512	511.660946289145	1018.44133132714	507.881596567661	663.452448049472	547.563718691966	1085.21030074343	552.305631280924	745.652376660896	512	512	252.924997888529	174.435947982803	-593.296637917141	687.507593991684	259	73	4	11	165	246	197	11	2	56	18269	1423	1235	65	755	821	44	0	0	0	0	0	-192	-8	6	0
8	1	1	0	41	41	up	1	512	484.952742356645	828.59255091995	497.93052169233	619.808038600959	514.3772808404	880.520718135969	533.53814158833	691.373865445077	512	512	237.099466579595	165.524555167158	-593.193110446126	687.267964492753	263	74	5	7	163	259	187	7	3	56	18167	1520	1220	85	752	791	48	0	0	0	0	0	-354	-9	7	0
8	1	1	0	41	41	up	2	512	492.073288844766	945.484785217238	492.724163636726	622.457621773788	577.707584071027	1279.92781740429	560.019421194354	770.596770271532	512	512	251.005513263514	174.824126506135	-593.387023023317	687.716969187549	269	77	4	10	152	245	201	15	0	51	18297	1431	1187	77	780	732	47	0	0	0	0	0	-254	-9	7	0
8	1	1	0	41	41	up	3	512	463.686297834775	688.951756156706	475.466188432541	536.680470153655	532.851449450088	948.053314751073	551.492301263416	733.031234775358	512	512	247.149174385792	168.045293945503	-593.55547910729	688.1072357128	261	81	0	4	166	256	196	8	4	48	18200	1443	1276	73	779	710	46	0	0	0	0	0	-189	-9	10	0
8	1	1	0	42	42	up	0	512	501.113828662581	852.095434119723	511.263300715829	638.631083957402	534.26175935102	1129.06794077513	521.185137621253	700.011599468986	512	512	247.029062301102	177.133316759282	-593.367153366887	687.671108414333	272	57	4	7	172	257	173	13	3	66	18631	1546	1238	89	781	728	37	0	0	0	0	0	-310	-9	8	0
8	1	1	0	42	42	up	1	512	460.317487441021	753.392992455085	479.449054318087	593.023416866992	523.263792005709	1076.23645543489	520.594616312053	704.605075290168	512	512	255.262001006321	180.520647239904	-593.41663250961	687.785632565459	257	91	7	6	151	250	170	12	7	73	18729	1477	1206	92	718	722	34	0	0	0	0	0	-313	-8	7	0
8	1	1	0	42	42	up	2	512	483.360059913526	758.034685162667	504.45049114449	616.408840998281	508.561686037277	947.589453563305	508.691531437581	651.657134493203	512	512	252.236272613389	176.952296661804	-593.438919910475	687.837912857158	257	72	3	5	175	249	178	9	1	75	18643	1524	1254	83	688	694	32	0	0	0	0	0	-249	-9	8	0
8	1	1	0	42	42	up	3	512	480.499859983209	822.909624393	491.673306308827	613.190567688298	517.966970939468	818.616955171272	532.08376907172	675.124191171103	512	512	262.682227689992	184.719728679166	-593.387746157025	687.71847636326	258	80	6	7	161	250	202	5	4	51	18664	1465	1295	80	695	702	39	1	0	0	2	0	-212	-9	7	0
8	1	1	0	43	43	up	0	512	489.424878311645	835.202750850266	498.31721475136	610.404079926164	538.474508437579	1168.31494429939	524.323107501026	696.621945160139	512	512	272.105472173399	201.035125497315	-593.127108828343	687.115028272356	267	69	3	7	166	268	169	14	0	61	18992	1603	1320	101	660	753	46	0	0	0	0	0	-265	-9	7	0
8	1	1	0	43	43	up	1	512	484.684265180086	831.703418110992	500.84838112972	624.323818359458	508.31246244228	877.490123303041	517.975616186301	661.164591555211	512	512	258.234791024781	176.479039684552	-593.510915546919	688.003614189008	256	79	4	7	166	245	189	7	1	70	19192	1523	1223	78	656	707	43	0	0	0	0	0	-311	-8	6	0
8	1	1	0	43	43	up	2	512	529.433968619763	1150.48478521724	515.420346899458	682.332347497228	508.023658718831	974.827140227523	512.171624941599	656.446253740004	512	512	272.498635088315	197.430469714074	-593.419987774238	687.793317033274	269	65	5	14	159	260	165	10	7	70	19147	1539	1241	89	623	723	41	0	0	0	0	0	-323	-9	6	0
8	1	1	0	43	43	up	3	512	489.712609069768	907.130020121948	504.884667268899	655.283430323815	517.515048255394	990.309182031527	521.827864975038	688.456394829437	512	512	268.194533509869	192.892308519197	-593.483441657497	687.940140146205	265	77	5	9	156	267	173	10	1	61	19115	1544	1283	74	665	713	52	0	0	0	0	0	-281	-8	6	0
8	1	1	0	44	44	up	0	512	485.355994604148	831.945989757159	496.191637080597	612.937152757661	529.117893971959	1122.24177699396	513.908928037585	675.788764931944	512	512	254.725239569231	174.486552614944	-593.427653504073	687.811951685946	259	77	3	7	166	254	171	13	2	72	19518	1652	1290	68	669	638	47	0	0	0	0	0	-424	-10	7	0
8	1	1	0	44	44	up	1	512	519.732935616657	897.49367376354	517.586067943006	641.635543896474	499.665011598523	928.694105382632	501.625560232686	615.527051009572	512	512	271.817571979716	198.720505266068	-593.437670071345	687.83464892061	243	63	1	7	198	257	168	9	2	76	19676	1508	1284	60	678	634	38	0	0	0	0	0	-247	-8	8	0
8	1	1	0	44	44	up	2	512	489.808876977584	874.684347813788	494.851006570856	610.280452717677	542.265824660398	1108.04798906032	533.579471886245	711.156705627685	512	512	260.641050367834	183.048325932479	-593.33146690524	687.5884110498	260	77	3	8	164	251	184	12	6	59	19561	1583	1292	92	606	655	40	0	0	0	0	0	-337	-9	8	0
8	1	1	0	44	44	up	3	512	496.142172552263	911.686114780667	499.757162777015	628.619483627323	483.656880979767	822.432459307575	504.410032231023	634.96173638629	512	512	284.536310084047	202.708745002479	-593.437143091444	687.833465560446	281	63	3	9	156	273	159	7	4	69	19750	1411	1296	71	588	663	47	2	0	0	4	0	-152	-9	8	0
8	1	1	0	45	45	up	0	512	471.929423465704	803.685229231385	494.038855813393	621.101913697863	529.866637722274	1014.97393207393	524.752003045307	668.487297995047	512	512	267.470925991798	189.816152198057	-593.467980945902	687.904559247147	270	79	5	7	151	257	185	10	2	58	20040	1668	1256	76	516	614	34	0	0	0	0	0	-419	-9	6	0
8	1	1	0	45	45	up	1	512	506.564678381328	1005.91361143061	505.885298321871	658.017688753584	529.070296500714	1016.72382292965	531.445080110644	713.25022823943	512	512	263.052713083869	186.422128689194	-593.369688330854	687.677122513585	268	71	4	11	158	246	186	10	6	64	19999	1639	1316	86	610	579	36	0	0	0	0	0	-339	-10	6	0
8	1	1	0	45	45	up	2	512	520.66405190916	976.265736404796	531.594571145624	698.7888252779	476.833155557888	918.212940864539	477.602805177469	587.530017303307	512	512	286.214243075163	208.703123791657	-593.410522779288	687.771802810472	227	79	4	9	193	275	140	10	2	85	20020	1585	1357	78	595	671	44	0	0	0	0	0	-233	-8	10	0
8	1	1	0	45	45	up	3	512	518.656880979767	1063.21516506696	511.320272794566	670.639528589543	529.693355488204	1117.87458941861	513.318410273729	674.436222021257	512	512	275.265257618397	198.703840497722	-593.646951766112	688.319339160375	265	68	4	12	163	266	167	13	2	64	20134	1552	1279	75	595	624	47	0	0	0	0	0	-307	-9	7	0
8	1	1	0	46	46	up	0	512	508.877760685081	938.777030256907	514.537350363514	653.156551444098	502.888883647889	1034.60895217425	492.973283936415	624.228859656932	512	512	288.333023328241	215.204790448965	-593.460551569627	687.887740525091	268	62	3	9	170	271	150	12	3	76	20552	1593	1316	91	615	569	38	0	0	0	0	0	-286	-10	8	0
8	1	1	0	46	46	up	1	512	539.675174871967	1037.60320643313	537.371776292047	699.447077196828	508.158433789774	870.098543871423	514.232366128643	645.391551775449	512	512	278.498964256599	205.95850599683	-593.432221387184	687.821161246723	242	60	3	10	197	257	182	7	5	61	20457	1647	1342	106	526	568	36	0	0	0	0	0	-314	-8	6	0
8	1	1	0	46	46	up	2	512	536.709616725716	1068.36905783436	536.361760403978	729.359246794023	516.853482104777	998.5233789155	510.059509194337	654.433576715589	512	512	272.643411729452	195.864947391503	-593.470338812195	687.909930805319	242	66	3	11	190	245	180	10	2	75	20547	1595	1332	78	625	580	49	0	0	0	0	0	-296	-10	6	0
8	1	1	0	46	46	up	3	512	500.959800010075	955.896757072456	518.548387887414	701.303234259682	518.03274902695	1020.21560577576	514.953769481227	673.707607485348	512	512	282.529417622594	208.921705750013	-593.263719962682	687.431370027687	276	65	7	10	154	278	162	11	5	56	20396	1652	1412	92	607	635	39	0	0	0	0	0	-262	-8	7	0
8	1	1	0	47	47	up	0	512	575.212129225086	1309.24621713542	568.184432277568	837.876640367661	493.513015600705	913.471040610782	497.126942083042	626.875789308954	512	512	307.678149465424	232.174051642003	-593.350720903798	687.633056623138	248	54	2	16	192	262	158	9	8	75	20940	1631	1396	97	491	641	34	0	0	0	0	0	-256	-8	7	0
8	1	1	0	47	47	up	1	512	562.016601065402	1180.84001167975	552.006375000386	760.645013477431	547.304331823525	1229.01339892641	534.529299175608	761.921871905855	512	512	281.211408104581	206.735507298506	-593.701958390033	688.446796970119	243	54	5	13	197	241	178	15	4	74	21029	1659	1299	77	547	547	33	0	0	0	0	0	-415	-10	6	0
8	1	1	0	47	47	up	2	512	563.533342147595	1152.56196848208	563.881256110326	788.450609023317	553.887923958526	1240.93446522144	536.46111985385	760.066403981343	512	512	288.022665470482	215.469421458342	-593.473627043691	687.917544723478	236	55	1	12	208	241	184	15	2	70	20968	1604	1390	102	506	541	27	0	0	0	0	0	-258	-9	8	0
8	1	1	0	47	47	up	3	512	597.170629717908	1429.01429687075	574.892058352949	827.277570217711	484.454295166653	836.668832108767	494.607178119589	615.455233297574	512	512	289.693533677281	215.746068132291	-593.440445253616	687.84083882537	223	62	1	18	208	247	171	7	1	86	20937	1662	1388	77	566	587	35	0	0	0	0	0	-293	-9	7	0
8	1	1	0	48	48	up	0	512	473.954775011334	775.814281170349	480.432505206961	565.017073104884	460.288070586013	818.173029171566	458.626573401752	537.086497809838	512	512	284.401085200493	207.769517199083	-593.385064709118	687.712738746997	264	79	1	6	162	277	137	8	2	88	21373	1742	1368	93	550	527	40	0	0	0	0	0	-400	-9	8	0
8	1	1	0	48	48	up	1	512	516.517080910083	1064.50652042566	501.322735802932	641.738799456415	453.742985614138	771.051078153599	456.478490547692	521.931980417148	512	512	296.836843191751	221.656968453111	-593.349590525145	687.630534311411	252	77	6	12	165	279	137	7	1	88	21431	1732	1327	86	460	587	37	1	0	0	2	0	-464	-10	7	0
8	1	1	0	48	48	up	2	512	476.546497765091	788.134464395099	479.879985603718	562.492358326366	457.639660052892	670.835563274916	475.546021099824	546.470562438745	512	512	287.002607841592	215.787136702736	-593.420826930723	687.795693816192	244	89	3	6	170	279	155	4	0	74	21396	1770	1326	84	506	568	24	0	0	0	0	0	-471	-10	6	0
8	1	1	0	48	48	up	3	512	521.1229189707	1172.76105731635	501.21834618719	674.163056848244	452.572809000084	667.665277516583	460.963118129223	512.579421609874	512	512	286.438159681228	209.476808780838	-593.24227147535	687.38085727294	270	75	3	15	149	264	155	4	3	86	21343	1748	1393	92	518	489	40	0	0	0	0	0	-393	-9	7	0
8	1	1	0	49	49	up	0	512	536.507990601965	1029.62360298842	533.565067217245	698.038769342329	552.19897360759	1091.62936938796	545.493117670513	728.873355010036	512	512	289.400713402988	214.686077693998	-593.497552852681	687.972403621129	246	59	5	10	192	248	199	11	3	51	21897	1722	1377	92	464	463	23	0	0	0	0	0	-374	-9	10	0
8	1	1	0	49	49	up	1	512	520.585964617581	1030.70784998909	518.104376207078	675.64952085363	551.804811668206	1228.99476933801	540.917953718053	749.74745673271	512	512	293.917968419981	228.096728551497	-593.380911131332	687.703318221721	264	63	5	11	169	258	175	15	4	60	21898	1738	1365	87	483	551	37	0	0	0	0	0	-387	-10	8	0
8	1	1	0	49	49	up	2	512	528.091582736966	980.708747933425	531.82164916528	695.707794201681	563.09050977164	1279.61605309525	549.495942789305	773.966801799524	512	512	280.762116692593	207.163600817646	-593.451329830062	687.866051001788	246	62	3	9	192	267	175	16	4	50	21791	1830	1377	90	476	401	26	0	0	0	0	0	-481	-9	7	0
8	1	1	0	49	49	up	3	512	536.363052257577	1088.86660708001	526.510139352815	691.834238844527	581.276947623206	1349.33224349803	564.463905574304	811.878668037548	512	512	287.988758135038	214.029701762201	-593.46939766421	687.907663815719	276	49	2	12	173	258	186	17	5	46	21897	1710	1379	102	498	480	30	0	0	0	0	0	-400	-10	6	0
8	1	1	0	50	50	up	0	512	483.235448116027	722.998323930193	508.682471350624	615.563705846848	500.652815670389	920.124253722401	496.85123993736	604.288631757414	512	512	305.951302107109	231.931793963219	-593.392559868915	687.729249578789	257	69	1	4	181	279	160	9	3	61	22295	1754	1459	92	489	495	39	0	0	0	0	0	-339	-8	9	0
8	1	1	0	50	50	up	1	512	504.463385474771	897.893219007012	508.427309295793	634.928380012104	514.943652048527	994.875928071742	508.440908604682	644.906955482402	512	512	295.154209976987	225.462989145735	-593.12582347166	687.111684384382	265	64	1	8	174	245	178	10	3	76	22117	1867	1505	111	479	464	25	0	0	0	0	0	-407	-10	10	0
8	1	1	0	50	50	up	2	512	546.297274170095	1088.40764326925	547.374946510576	753.730167454632	518.464345164134	1202.27058833327	498.483870214028	660.413449639454	512	512	306.476219702085	233.608098312189	-593.331728689106	687.588858455259	232	65	4	11	200	275	141	16	2	78	22269	1750	1485	96	440	445	22	0	0	0	0	0	-303	-10	8	0
8	1	1	0	50	50	up	3	512	532.448197202586	1130.00364135757	530.33615113037	726.710814455407	498.436001274452	880.677691733274	504.288519266353	640.092603007496	512	512	304.763738414854	236.532279191766	-593.60714784006	688.226948889521	244	74	7	13	174	278	163	8	4	59	22314	1696	1490	100	454	461	27	0	0	0	0	0	-224	-9	8	0
8	1	1	0	51	51	up	0	512	538.503925292587	1140.6169469079	529.05832374476	708.942756782935	493.244538424146	842.497652537782	493.017110570603	593.385981722464	512	512	299.028851776175	222.21105295372	-593.400995153823	687.749347973029	248	69	2	13	180	267	170	7	1	67	22649	1847	1531	85	447	452	23	0	0	0	0	0	-383	-10	7	0
8	1	1	0	51	51	up	1	512	534.128057245404	1101.53446687411	523.382058555742	686.44857761854	474.002372482579	807.168156584671	485.36509437843	588.663767142657	512	512	310.342118660133	249.201016380811	-593.395473109211	687.736487382597	235	75	6	12	184	272	153	7	3	77	22642	1829	1531	110	445	454	19	0	0	0	0	0	-342	-16	7	0
8	1	1	0	51	51	up	2	512	550.921292846948	1255.68744517043	543.49771145477	767.67434432401	461.527244183528	652.260406582363	483.241711447809	566.519168589999	512	512	304.249364130434	233.544012603463	-593.342106675785	687.612497799591	274	54	5	16	163	253	171	3	2	83	22791	1826	1395	100	460	383	27	0	0	0	0	0	-466	-10	7	0
8	1	1	0	51	51	up	3	512	569.223252187894	1293.88523666842	549.25497823346	755.823093775737	477.111796007892	849.421371348965	483.280262320981	592.84972380124	512	512	329.632653334251	256.147313987802	-593.652962805384	688.333289778221	259	51	3	16	183	267	151	8	5	81	22858	1659	1498	97	409	428	35	1	0	0	2	0	-213	-11	7	0
8	1	1	0	52	52	up	0	512	503.514088566032	797.09810729431	521.091579792952	653.66134747024	502.217154223827	923.20008593905	496.991486300912	603.803792491416	512	512	310.972966869974	240.475655882256	-593.408026032408	687.766122101554	245	65	3	5	194	280	162	9	1	60	23172	1867	1495	90	406	391	18	0	0	0	0	0	-414	-9	8	0
8	1	1	0	52	52	up	1	512	550.442099238519	1153.47148958295	540.447959951666	735.6891952381	499.559653382588	820.447546698852	504.449445450158	610.030926867526	512	512	294.841329890259	222.458175279734	-593.541455029336	688.074968276326	261	51	5	13	182	260	182	6	1	63	23122	1924	1477	101	435	373	26	0	0	0	0	0	-474	-10	6	0
8	1	1	0	52	52	up	2	512	521.229350151961	1037.55264335866	531.248733824009	739.168273593419	521.632602399463	966.768611341199	515.688228811213	655.052694282882	512	512	316.096617074579	246.798725383827	-593.303971154439	687.52392162283	250	71	6	11	174	250	184	9	6	63	23023	1917	1576	108	376	426	29	0	0	0	0	0	-386	-10	7	0
8	1	1	0	52	52	up	3	512	512.697420797582	909.016500414745	512.117805764539	630.015654966337	492.976061247586	771.444441078837	502.486648033767	608.458108322505	512	512	319.005247226906	253.701651592465	-593.351937893358	687.636414417519	272	54	0	8	178	260	179	5	6	62	23007	1913	1602	102	382	403	25	0	0	0	0	0	-360	-11	8	0
8	1	1	0	53	53	up	0	512	525.11586131727	965.962399274832	530.025286113879	696.814842247996	535.124951625388	1196.62802247146	509.620784857236	667.455189934685	512	512	311.399325648256	241.989620934945	-593.479344166386	687.931961686473	269	50	2	9	182	267	159	15	5	66	23567	1949	1529	91	399	323	15	0	0	0	0	0	-426	-9	9	0
8	1	1	0	53	53	up	1	512	535.365084912266	1088.95308241479	540.92115119332	741.939770848363	522.630569744774	1077.87503839078	511.890667074412	671.911806215533	512	512	332.292826701393	269.758868649227	-593.389141773452	687.722603444114	269	53	5	12	173	249	173	12	2	76	23585	1822	1623	106	365	359	26	0	0	0	0	0	-227	-10	8	0
8	1	1	0	53	53	up	2	512	531.910169884141	1231.43201446709	521.096103272017	708.542748191101	543.119926626648	1257.30164453342	508.917843864386	660.196768647372	512	512	325.412744501414	253.806155446505	-593.486605297948	687.947777741317	259	78	3	16	156	243	170	16	3	80	23629	1876	1536	95	370	414	21	1	0	0	2	0	-407	-7	6	0
8	1	1	0	53	53	up	3	512	530.729829996642	1119.61605309525	523.478481345314	699.107254893092	484.184745024767	897.877690906937	484.213324283511	597.034137877445	512	512	321.248296272018	246.998177030447	-593.440023682486	687.839470710526	267	63	1	13	168	265	152	9	5	81	23703	1856	1480	97	346	393	20	1	0	0	2	0	-416	-10	9	0
8	1	1	0	54	54	up	0	512	519.742025924776	889.937570841451	532.724315727269	689.986546327188	518.609283508522	1031.86128965263	507.602430937855	636.964995360315	512	512	325.057846876031	260.822256725542	-593.25249092437	687.4057898466	257	53	4	7	191	257	172	11	2	70	23910	2012	1616	110	314	327	15	0	0	0	0	0	-469	-9	10	0
8	1	1	0	54	54	up	1	512	518.139180208211	996.226701997735	518.437267054793	661.587914896931	496.939586739149	814.702977402193	505.506201519434	626.658447405936	512	512	310.608237406113	242.478718548466	-593.548007548582	688.090424959501	254	68	3	10	177	259	178	6	5	64	24054	1990	1509	95	316	327	19	0	0	0	0	0	-528	-10	9	0
8	1	1	0	54	54	up	2	512	534.694428453531	1030.58591136618	539.78922828175	717.266961624118	484.20399860633	861.749532780625	478.759472959207	561.131573549497	512	512	332.194189050551	270.358353652342	-593.290443906353	687.492634698309	237	66	5	10	194	268	157	8	3	76	23993	1931	1623	101	329	390	23	0	0	0	0	0	-347	-11	7	0
8	1	1	0	54	54	up	3	512	515.730902961968	889.462629958444	531.607923952552	693.048195954659	460.413755348837	683.891888617247	478.37549894701	565.041167294	512	512	334.003963878618	261.973513092621	-593.374908143783	687.688768046669	246	64	1	7	194	256	163	4	4	85	24040	1920	1581	107	324	333	21	0	0	0	0	0	-390	-11	8	0
8	1	1	0	55	55	up	0	512	588.37022318697	1303.53580552725	579.485476201823	830.922602682411	476.699453452271	890.706074758838	474.138084365827	565.886820911091	512	512	335.115700141142	272.806915869293	-593.326669823554	687.576770020185	230	52	2	15	213	257	152	9	1	93	24381	2023	1651	105	340	305	13	0	0	0	0	0	-408	-11	8	0
8	1	1	0	55	55	up	1	512	529.84738414071	939.935795611202	544.484510221694	711.052711568953	482.169556752582	860.121152234071	484.786211704253	585.770608569681	512	512	330.195045912533	264.109955804476	-593.548149386968	688.090608351678	266	45	1	8	192	264	157	8	3	80	24520	1995	1538	107	277	267	14	0	0	0	0	0	-475	-10	7	0
8	1	1	0	55	55	up	2	512	582.342838986651	1323.4023175785	568.743256780436	799.198562765632	493.762239195702	946.541547136682	491.943946575684	610.661357675757	512	512	323.545760501678	252.018217191796	-593.482510559221	687.938246196591	243	52	2	16	199	274	152	10	3	73	24597	1936	1516	111	306	265	23	0	0	0	0	0	-435	-10	8	0
8	1	1	0	55	55	up	3	512	567.986224521031	1195.30032653871	572.808613900462	817.910433037549	466.401559420704	720.322036957016	482.124888509386	581.06633832919	512	512	332.397079259437	265.097212200235	-593.378116919357	687.696081713142	237	55	1	13	206	278	155	5	3	71	24444	2011	1597	108	251	302	15	0	0	0	0	0	-462	-11	7	0
8	1	1	0	56	56	up	0	512	564.329683369155	1150.75886203573	562.385420831461	787.13776334377	462.697420797582	755.619599424064	458.1269945991	521.758299610459	512	512	329.604949965491	261.105492414831	-593.322940168658	687.568642087698	239	51	5	12	205	264	152	6	4	86	24914	2060	1597	101	275	256	14	0	0	0	0	0	-502	-10	9	0
8	1	1	0	56	56	up	1	512	570.710576415079	1367.38944612627	552.196633701339	784.468297047837	446.373215531022	658.170376655404	452.346968758865	502.904075837691	512	512	347.760850999083	286.984066221163	-593.439497836273	687.838095521703	260	57	3	18	174	261	151	4	4	92	24977	1912	1675	108	278	246	20	0	0	0	0	0	-260	-9	9	0
8	1	1	0	56	56	up	2	512	547.986224521031	1089.43779739338	561.595982963462	800.064964376315	445.182712370078	649.063941342458	454.092325823512	508.213055141643	512	512	342.968533148227	282.228993692356	-593.501172954467	687.981982450713	233	62	7	11	199	276	144	4	5	83	25041	1918	1613	100	237	287	23	1	0	0	2	0	-368	-9	8	0
8	1	1	0	56	56	up	3	512	577.40969003946	1310.68346639619	558.538890662671	778.510202044026	483.502852327261	889.204958525944	469.978716997914	553.778060410041	512	512	326.574977708323	259.595279634956	-593.45000399914	687.863032749737	250	50	5	16	191	285	146	9	2	70	25042	1928	1601	101	264	223	16	0	0	0	0	0	-414	-10	8	0
8	1	1	0	57	57	up	0	512	577.007510757283	1212.17660442218	582.88011291828	839.81587233687	470.864605067585	808.572595073463	481.173770387491	593.494513805393	512	512	353.716675655447	293.207812672182	-593.28951135816	687.491977457655	233	51	1	13	214	256	156	7	4	89	25288	2027	1775	94	265	271	12	0	0	0	0	0	-281	-9	10	0
8	1	1	0	57	57	up	1	512	571.49782732852	1336.08701107233	565.589466682256	824.854185408718	531.853482104777	1022.27726094052	515.062150185176	646.963434430643	512	512	350.280632612137	286.976334995019	-593.293046040684	687.498758192468	253	57	3	17	182	245	189	10	5	63	25483	1931	1653	117	259	256	15	0	0	0	0	0	-301	-8	6	0
8	1	1	0	57	57	up	2	512	556.594095236336	1205.72337808916	558.116210248773	785.578262668085	498.407657384771	998.499423636346	486.635349005278	611.104226193908	512	512	349.038881915038	289.221048829985	-593.4580871822	687.881803234593	248	59	4	14	187	257	158	11	1	85	25413	1977	1704	90	202	253	15	1	0	0	2	0	-325	-9	9	0
8	1	1	0	57	57	up	3	512	573.09050977164	1295.47858224058	567.929028416975	802.842917289754	497.620406471329	955.664387835616	487.675709184468	600.44071825522	512	512	349.304455179982	284.735050226098	-593.335609736881	687.597280047269	271	41	2	16	182	268	157	10	3	74	25495	1979	1618	92	195	230	22	0	0	0	0	0	-389	-11	7	0
8	1	1	0	58	58	up	0	512	570.980126556964	1232.01650867811	573.72716441376	835.228017706234	486.296201204769	903.188557271641	472.414537992316	561.430569308781	512	512	353.769008324951	296.675455882158	-593.516907493422	688.018165387192	242	52	5	14	199	261	155	9	5	82	25820	2036	1724	116	240	196	12	0	0	0	0	0	-353	-9	10	0
8	1	1	0	58	58	up	1	512	614.454295166653	1413.30298731824	607.53946956559	913.279663886084	453.992209209135	804.094976884184	450.527244565042	510.759878442168	512	512	356.345480561599	300.19679087494	-593.317727953975	687.556315791324	239	34	5	17	217	287	130	8	0	87	25891	2009	1678	118	240	242	19	1	0	0	2	0	-367	-11	9	0
8	1	1	0	58	58	up	2	512	529.10880366384	907.412075147345	552.059431048892	722.77327650297	431.526171218202	551.657731755102	447.587915989288	473.868994360906	512	512	342.205552733065	283.916489685339	-593.40198866609	687.751450175004	256	48	1	7	200	286	142	2	2	80	25756	2154	1673	113	187	203	8	0	0	0	0	0	-569	-14	7	0
8	1	1	0	58	58	up	3	512	615.126024590715	1524.73846134876	592.408016696457	872.746355082994	481.266784349761	997.079457047479	469.434156148949	589.82705253129	512	512	343.145028842655	279.495937007175	-593.511870161898	688.006178931935	234	49	3	20	206	273	133	12	4	90	25939	2052	1625	80	199	207	14	0	0	0	0	0	-464	-10	7	0
8	1	1	0	59	59	up	0	512	559.789623396021	1207.07415201516	563.200087568204	783.993847046472	439.540399801024	613.232019425113	448.24780023175	496.24372671322	512	512	345.404719397896	279.72702722245	-593.52211091821	688.030939758816	257	51	4	14	186	257	153	3	3	96	26396	2114	1598	100	175	162	8	0	0	0	0	0	-560	-11	8	0
8	1	1	0	59	59	up	1	512	620.692395798842	1461.68125872051	621.400947681344	973.076311445416	431.266784349761	695.460829938084	437.297653752114	490.001089759917	512	512	364.166013778653	310.828140407938	-593.439775185723	687.838457476907	232	37	7	18	218	281	123	6	4	98	26400	1995	1700	113	162	147	9	0	0	0	0	0	-362	-8	10	0
8	1	1	0	59	59	up	2	512	590.059173537906	1267.5105281217	592.995442118164	855.248327387161	456.334708367895	783.37126137835	449.150896323724	512.613265224147	512	512	339.348508522463	269.753441674723	-593.491992654054	687.96030179499	235	43	4	14	216	259	145	7	3	98	26323	2177	1578	130	181	186	12	1	0	0	2	0	-641	-10	7	0
8	1	1	0	59	59	up	3	512	609.973068903535	1340.13802725065	603.386668641589	888.342345923788	430.633562088826	659.990765773656	438.364906076764	488.690093165251	512	512	362.462511835009	310.266841475098	-593.359660790696	687.653531833982	229	37	2	15	229	276	128	5	6	97	26204	2177	1729	98	150	176	10	0	0	0	0	0	-464	-9	8	0
8	1	1	0	60	60	up	0	512	606.190842988834	1429.87770330199	600.672856135464	916.242544911386	450.059173537906	675.013843766898	450.862716268708	499.42016019015	512	512	361.756732268774	306.556279978247	-593.545393128694	688.084236419911	252	36	4	18	202	239	163	4	2	104	26737	2153	1727	103	133	163	14	0	0	0	0	0	-488	-10	11	0
8	1	1	0	60	60	up	1	512	630.126024590715	1622.60320643313	613.378536457747	971.477062675038	449.607250853833	698.404521122494	444.403357719044	481.762295888654	512	512	353.535857262633	290.794135786691	-593.378182138589	687.696936538898	226	49	8	22	207	260	147	5	7	93	26732	2190	1680	118	144	149	9	1	0	0	2	0	-571	-10	8	0
8	1	1	0	60	60	up	2	512	579.387444113845	1177.29456427084	590.421189800657	845.669031326083	439.424878311645	681.832457654901	437.631498894621	465.46096028656	512	512	346.809004176561	286.526212477552	-593.374598012934	687.689102585984	236	42	5	12	217	263	141	5	3	100	26700	2223	1674	123	140	138	8	0	0	0	0	0	-566	-10	7	0
8	1	1	0	60	60	up	3	512	584.310429787591	1218.61207845269	590.149423050959	864.140525556697	428.963865319453	622.8058457279	433.101233955627	457.435212946932	512	512	350.229899165304	293.204529733725	-593.449355718438	687.860833503387	244	38	3	13	214	274	133	4	5	96	26674	2231	1715	100	142	118	3	0	0	0	0	0	-543	-10	7	0
8	1	1	0	61	61	up	0	512	535.126024590715	990.22848135967	567.375794433573	790.587324053803	432.994241863824	735.42757019394	429.210641144928	459.440084076852	512	512	366.254076818888	318.238452442736	-593.420177801034	687.794047912395	246	55	8	9	194	280	121	7	2	102	27131	2214	1750	137	106	133	11	0	0	0	0	0	-530	-11	8	0
8	1	1	0	61	61	up	1	512	600.711649380405	1393.88125789418	592.169986085313	883.477837525188	425.345831330703	617.200967356647	433.661118887817	456.27965177885	512	512	372.941320505421	323.163404587632	-593.396443220697	687.73834379885	235	48	1	17	211	274	131	4	4	99	27179	2146	1810	97	96	89	2	0	0	0	0	0	-385	-10	8	0
8	1	1	0	61	61	up	2	512	582.851449450088	1286.72737339015	589.64149889354	876.310931032034	444.510982946016	760.014272080641	446.954091746511	520.2190403342	512	512	343.143570642797	282.064469970799	-593.490663105843	687.956938836027	244	46	5	15	202	265	133	7	5	102	27127	2278	1704	123	129	117	4	0	0	0	0	0	-651	-11	7	0
8	1	1	0	61	61	up	3	512	542.132122554782	1006.43025989527	572.622881634312	806.656641149272	423.387330837881	603.268808971331	443.574996041083	497.730369929475	512	512	364.415754449912	306.679965129457	-593.660837665003	688.351871594101	241	55	3	9	204	299	121	4	3	85	27346	2098	1680	108	94	106	4	0	0	0	0	0	-438	-10	8	0
8	1	1	0	62	62	up	0	512	608.091582736966	1403.99921774285	601.894348694579	895.715055697621	437.02569137352	641.649753548193	445.03656086947	487.206122514931	512	512	379.789841320408	332.391850484509	-593.427564630898	687.810616995168	238	40	3	17	214	265	144	4	2	97	27626	2167	1828	123	78	54	3	0	0	0	0	0	-371	-10	10	0
8	1	1	0	62	62	up	1	512	579.896054577282	1177.70165940748	589.585709633628	849.533232755342	416.670036597263	563.867484365924	428.096577517862	438.300281557493	512	512	378.58836791648	330.70120950814	-593.462902112158	687.89285903571	237	41	5	12	217	285	128	3	0	96	27711	2155	1756	122	82	78	5	0	0	0	0	0	-439	-10	8	0
8	1	1	0	62	62	up	2	512	595.585964617581	1446.0803591235	577.702121378964	838.020782556421	468.253628732264	795.325138445346	465.524196366672	542.150556623252	512	512	363.976628823217	305.216643442075	-593.558900977991	688.11503523403	256	45	4	19	188	277	147	7	3	78	27764	2171	1699	110	61	65	1	0	0	0	0	0	-564	-12	6	0
8	1	1	0	62	62	up	3	512	589.175654716649	1368.28745921816	596.741836883642	922.86329576708	416.564678381328	566.78722027118	428.128950323001	443.628524692885	512	512	359.873932320839	305.289924907327	-593.510070711796	688.002322930889	239	50	11	17	195	276	130	3	2	101	27704	2261	1662	117	48	82	2	0	0	0	0	0	-637	-12	8	0
8	1	1	0	63	63	up	0	512	603.235448116027	1357.93402864432	610.734555953849	897.938573577163	445.067190880699	828.857281956596	434.160362583915	491.415572541121	512	512	378.416072507842	332.07261282063	-593.364896179423	687.665312503571	245	36	1	16	214	274	121	9	4	104	28066	2253	1794	143	32	32	1	0	0	0	0	0	-510	-11	7	0
8	1	1	0	63	63	up	1	512	657.151376136345	1708.48614039711	641.610009385068	1030.25449240508	444.769296849131	748.473244154774	445.369341472338	496.016431853276	512	512	388.930773584374	341.016902895899	-593.309175654952	687.536878592021	220	39	3	23	227	295	124	7	2	84	27988	2285	1861	122	20	31	1	0	0	0	0	0	-469	-13	10	0
8	1	1	0	63	63	up	2	512	624.857547414155	1469.54777903514	627.419960037694	984.253166840003	447.150303171019	729.604075455673	446.432669956359	505.995746761634	512	512	378.639541077239	330.052930656756	-593.300251517725	687.516139704679	231	35	6	18	222	265	141	6	3	97	27893	2328	1904	131	28	42	2	0	0	0	0	0	-480	-11	10	0
8	1	1	0	63	63	up	3	512	641.604258509781	1608.30653777874	636.60491730601	1019.4907027253	462.639660052892	901.112720923308	444.150473764931	509.158732962113	512	512	390.540479123637	345.461922957712	-593.405535776517	687.760095025278	221	40	8	21	222	259	135	10	3	105	28114	2176	1845	121	29	43	2	1	0	0	2	0	-392	-12	9	0
8	1	1	0	64	64	dwell	0	512	0	0	0	0	405.652815670389	510.108725622326	409.904695872585	398.526517513193	0	0	379.367014934284	333.751967265465	-593.452149418981	687.867492909803	0	0	0	0	0	279	124	2	5	102	28494	2346	1817	111	0	0	0	0	0	0	0	0	-565	-11	8	0
8	1	1	0	64	64	dwell	1	512	0	0	0	0	373.320479785073	417.617366958275	386.285524048592	353.417670094531	0	0	398.262716959408	359.987685068205	-593.480143418027	687.932600963774	0	0	0	0	0	288	104	1	2	117	28713	2161	1771	123	0	0	0	0	0	0	0	0	-449	-9	9	0
8	1	1	0	64	64	dwell	2	512	0	0	0	0	394.721699377886	526.640428424777	400.889569375968	397.789157720841	0	0	374.053197790759	326.908400808185	-593.48578434861	687.946433887922	0	0	0	0	0	279	110	3	7	113	28305	2420	1913	130	0	0	0	0	0	0	0	0	-541	-10	7	0
8	1	1	0	64	64	dwell	3	512	0	0	0	0	423.425838001008	790.400513426456	410.025190689291	445.309517075601	0	0	368.137799773121	317.565610199419	-593.436873487698	687.83286639502	0	0	0	0	0	277	103	9	6	117	28411	2442	1771	144	0	0	0	0	0	0	0	0	-736	-12	8	0
8	1	1	0	64	64	dwell	4	512	0	0	0	0	400.067190880699	535.156615522208	403.982713949439	399.118897069244	0	0	381.910282984822	335.876543572784	-593.494676405974	687.966791063722	0	0	0	0	0	282	114	3	5	108	28632	2206	1802	128	0	0	0	0	0	0	0	0	-471	-12	9	0
8	1	1	0	64	64	dwell	5	512	0	0	0	0	392.120886316011	521.876348122116	399.93481152022	391.489379564007	0	0	391.341531904329	344.488773026323	-593.350336015443	687.632091428719	0	0	0	0	0	285	109	3	2	113	28449	2265	1933	121	0	0	0	0	0	0	0	0	-384	-10	10	0
8	1	1	0	64	64	dwell	6	512	0	0	0	0	417.197900642264	639.312715965286	418.646637583597	436.262897847802	0	0	387.42426686152	348.217606282986	-593.159181826649	687.188953882363	0	0	0	0	0	277	121	5	1	108	28311	2338	1967	152	0	0	0	0	0	0	0	0	-415	-12	9	0
8	1	1	0	64	64	dwell	7	512	0	0	0	0	404.635594743515	509.294535349049	413.272039646342	412.259308977337	0	0	379.64973993469	336.187909106991	-593.526592274799	688.039843400574	0	0	0	0	0	277	124	2	5	104	28482	2313	1847	126	0	0	0	0	0	0	0	0	-539	-12	8	0
8	1	1	0	64	64	dwell	8	512	0	0	0	0	416.084411807573	596.833334940813	417.596970906506	427.845296182816	0	0	388.923358207755	347.469435946841	-593.457052283629	687.879346225151	0	0	0	0	0	288	121	4	1	98	28576	2238	1839	115	0	0	0	1	0	0	2	0	-419	-16	10	0
8	1	1	0	64	64	dwell	9	512	0	0	0	0	406.045904644446	579.116258988751	413.016305162343	433.784514892166	0	0	389.403165585843	346.869853678366	-593.365977768732	687.668566832239	0	0	0	0	0	286	112	4	5	105	28355	2333	1976	104	0	0	0	0	0	0	0	0	-394	-11	9	0
8	1	1	0	64	64	dwell	10	512	0	0	0	0	434.961832664764	778.885664982161	423.63698187824	475.196915954194	0	0	405.286951485339	377.821885737934	-593.487395100804	687.949936743531	0	0	0	0	0	269	121	8	3	111	28460	2213	1972	123	0	0	0	0	0	0	0	0	-285	-9	8	0
8	1	1	0	64	64	dwell	11	512	0	0	0	0	392.97498828226	522.828454090548	404.697395390118	419.529676282297	0	0	384.078523086135	342.216346126031	-593.356212798366	687.646008470655	0	0	0	0	0	281	108	3	7	113	28452	2286	1891	139	0	0	0	0	0	0	0	0	-465	-10	8	0
8	1	1	0	64	64	dwell	12	512	0	0	0	0	412.706511105701	594.693203306609	407.995859845995	409.926198494396	0	0	390.014138584507	345.841800821976	-593.372303151358	687.682677142263	0	0	0	0	0	274	120	4	7	107	28469	2262	1921	116	0	0	0	0	0	0	0	0	-381	-10	8	0
8	1	1	0	64	64	dwell	13	512	0	0	0	0	405.988143899757	576.361046573967	404.51910958978	397.323422490012	0	0	392.694054462754	349.522068233632	-593.472701729769	687.915858819901	0	0	0	0	0	293	110	4	4	101	28618	2249	1794	107	0	0	0	0	0	0	0	0	-476	-10	9	0
8	1	1	0	64	64	dwell	14	512	0	0	0	0	420.402519110066	633.10738696919	415.693787465901	421.34578214335	0	0	378.574028778357	328.035198776368	-593.583572140035	688.172609828611	0	0	0	0	0	300	113	5	4	90	28510	2281	1871	106	0	0	0	0	0	0	0	0	-494	-16	8	0
8	1	1	0	64	64	dwell	15	512	0	0	0	0	453.455254856016	773.208064145959	436.513596596035	475.410019096951	0	0	393.786917354549	357.043210775403	-593.581689089672	688.167964742595	0	0	0	0	0	269	138	7	5	93	28558	2237	1849	124	0	0	0	0	0	0	0	0	-408	-10	8	0
8	1	1	0	64	64	dwell	16	512	0	0	0	0	389.846311175384	590.840868307238	394.302752092301	394.038772055663	0	0	393.196259280986	349.821995830758	-593.403120289241	687.754388523751	0	0	0	0	0	279	98	5	5	125	28492	2235	1915	126	0	0	0	1	0	0	2	0	-299	-10	8	0
8	1	1	0	64	64	dwell	17	512	0	0	0	0	421.363052257577	610.070589159602	428.065751958421	470.773355419006	0	0	390.999805585581	349.097274332544	-593.579723941824	688.163613466754	0	0	0	0	0	272	127	4	7	102	28536	2194	1926	112	0	0	0	1	0	0	1	0	-297	-12	10	0
8	1	1	0	64	64	dwell	18	512	0	0	0	0	404.337700711947	651.269694520613	398.970707911477	405.08837325852	0	0	384.298652187375	331.686160674607	-593.480166228088	687.933297446049	0	0	0	0	0	278	104	6	5	119	28547	2311	1781	129	0	0	0	0	0	0	1	0	-585	-11	7	0
8	1	1	0	64	64	dwell	19	512	0	0	0	0	429.923325501637	620.864823586392	427.764747584781	452.561285358009	0	0	371.932386923826	320.760681733626	-593.423886749565	687.802196778996	0	0	0	0	0	283	131	4	4	90	28402	2459	1796	111	0	0	0	0	0	0	0	0	-717	-9	7	0
8	1	1	0	64	64	dwell	20	512	0	0	0	0	416.957767355386	635.76814584229	415.962527991038	430.559802831371	0	0	403.125784491087	373.734001180953	-593.537293568606	688.065281871232	0	0	0	0	0	279	117	5	6	105	28578	2156	1907	127	0	0	0	0	0	0	0	0	-311	-10	10	0
8	1	1	0	64	64	dwell	21	512	0	0	0	0	384.932415809756	504.938427468938	395.064785595345	385.106837469846	0	0	385.430298916778	347.732548314757	-593.460997643687	687.887640698247	0	0	0	0	0	293	99	3	5	112	28444	2333	1850	141	0	0	0	0	0	0	0	0	-519	-11	8	0
8	1	1	0	64	64	dwell	22	512	0	0	0	0	413.445091582571	590.188100036103	418.952461154588	427.162206104783	0	0	366.568802918211	309.380024721611	-593.595803738779	688.200825881566	0	0	0	0	0	292	117	4	2	97	28531	2345	1770	122	0	0	0	0	0	0	0	0	-642	-12	12	0
8	1	1	0	64	64	dwell	23	512	0	0	0	0	401.880753029133	534.220914939763	409.048900521161	404.055753166804	0	0	394.555618444023	356.630549463889	-593.594032735636	688.19679141315	0	0	0	0	0	295	113	3	1	100	28551	2141	1962	114	0	0	0	0	0	0	0	0	-195	-16	10	0
8	1	1	0	64	64	dwell	24	512	0	0	0	0	402.725764687264	468.591652975612	410.465411621372	404.710759946517	0	0	391.489672981852	346.578269890271	-593.491727331889	687.960102500879	0	0	0	0	0	281	126	1	5	99	28485	2291	1875	117	0	0	0	0	0	0	0	0	-444	-12	9	0
8	1	1	0	64	64	dwell	25	512	0	0	0	0	423.61837381664	688.427129485141	418.452223064668	449.909902089798	0	0	377.631389479128	323.124965930876	-593.437766632265	687.834804972682	0	0	0	0	0	267	122	6	5	112	28577	2301	1758	132	0	0	0	0	0	0	0	0	-592	-11	9	0
8	1	1	0	64	64	dwell	26	512	0	0	0	0	420.537294181009	676.600516731804	419.190703330052	462.891852167734	0	0	378.093966287603	328.736750805758	-593.36617012597	687.669325369702	0	0	0	0	0	281	114	6	6	105	28416	2383	1848	121	0	0	0	0	0	0	0	0	-608	-14	8	0
8	1	1	0	64	64	dwell	27	512	0	0	0	0	431.372142565696	766.651957092185	417.147336442907	441.858539538526	0	0	383.058905171171	336.482091412344	-593.433489238248	687.825735567521	0	0	0	0	0	282	113	8	4	105	28375	2334	1931	128	0	0	0	0	0	0	0	0	-453	-10	9	0
8	1	1	0	64	64	dwell	28	512	0	0	0	0	386.017560754765	479.935774952776	398.0443533296	386.81812077981	0	0	386.989982481286	338.353194880514	-593.512125955999	688.006564271269	0	0	0	0	0	277	113	2	1	119	28650	2206	1789	123	0	0	0	0	0	0	0	0	-479	-10	8	0
8	1	1	0	64	64	dwell	29	512	0	0	0	0	415.460279854756	665.000070238646	415.439258770816	442.100061324868	0	0	382.535814978573	337.312903919231	-593.363245512163	687.662048421327	0	0	0	0	0	289	108	6	5	104	28305	2413	1898	152	0	0	0	0	0	0	0	0	-553	-9	7	0
8	1	1	0	64	64	dwell	30	512	0	0	0	0	381.736887650071	466.532222013267	395.160386765187	381.794475143133	0	0	381.24072144878	327.357023120839	-593.482801269951	687.938880218836	0	0	0	0	0	288	104	2	4	114	28596	2238	1820	114	0	0	0	0	0	0	0	0	-426	-10	8	0
8	1	1	0	64	64	dwell	31	512	0	0	0	0	393.953702046008	558.870136882085	394.524349647257	395.828426250712	0	0	389.708524528842	349.587532245938	-593.309031607157	687.535892007167	0	0	0	0	0	285	103	4	6	114	28311	2373	1956	128	0	0	0	0	0	0	0	0	-432	-11	12	0
8	1	1	0	65	63	down	0	512	594.445204858534	1277.96773736064	606.578099797356	904.806942921903	439.31952009571	647.696762030478	445.766643863494	488.578640109739	512	512	366.661860917554	312.496872543179	-593.485403003665	687.94515998746	229	44	3	14	222	258	147	4	4	99	28012	2323	1795	126	39	28	3	0	0	0	0	0	-639	-12	10	0
8	1	1	0	65	63	down	1	512	656.125064901352	1604.00854286626	652.753292830569	1047.96743306695	448.089436806314	858.997850167913	432.407908913131	475.447382548189	512	512	387.90408256235	339.52149514225	-593.484768089344	687.943821756929	208	35	5	20	244	300	110	10	2	90	28079	2201	1841	135	44	37	2	0	0	0	0	0	-421	-11	7	0
8	1	1	0	65	63	down	2	512	668.667044253212	1791.19744168626	647.301695417539	1043.06889431032	442.438033929141	719.502520992991	442.021703567243	484.418143813172	512	512	378.879651156765	334.799694464256	-593.485821484862	687.945810006995	234	28	7	25	218	271	136	6	2	97	28163	2207	1769	117	36	44	3	0	0	0	0	0	-491	-14	12	0
8	1	1	0	65	63	down	3	512	633.571849310721	1561.81784815759	632.448539730965	992.321619196919	425.470443128201	652.263936384436	430.856941543872	457.8343176185	512	512	401.617309343042	361.816113769366	-593.567958696466	688.136365200305	218	45	5	20	224	278	126	5	2	101	28034	2123	1966	133	36	35	3	0	0	0	0	0	-132	-8	11	0
8	1	1	0	66	62	down	0	512	588.619446781966	1373.60852799219	576.378146146607	828.896639744545	462.688330489464	800.231133875831	455.283772947595	532.463915257751	512	512	369.088372997044	315.468183261557	-593.543372495104	688.080293783796	230	58	6	17	201	246	155	7	2	102	27610	2257	1774	103	55	69	0	0	0	0	0	0	-545	-9	9	0
8	1	1	0	66	62	down	1	512	536.306364478214	1065.01561899715	561.619939967971	793.791186532783	463.358986948199	747.405402540091	458.666937260411	518.241617143145	512	512	365.681290275607	310.648238756494	-593.549650923609	688.093928218576	246	63	5	11	187	286	145	6	3	72	27574	2309	1765	96	60	71	9	1	0	0	2	0	-597	-9	8	0
8	1	1	0	66	62	down	2	512	591.258767006969	1343.19833136723	592.499828067956	864.46592249115	440.182712370078	715.256843726809	442.225432415097	493.626863026557	512	512	380.347629154677	336.444892767049	-593.629483777097	688.279104277875	230	53	4	16	209	268	133	6	6	99	27785	2116	1738	105	60	82	9	0	0	0	0	0	-451	-11	7	0
8	1	1	0	66	62	down	3	512	593.024731684158	1273.82671604546	594.546567776266	866.638596956676	444.549490109143	687.757955828018	446.526745985902	483.876483720816	512	512	375.380528921917	327.938357419062	-593.472601161762	687.915833364172	235	42	1	14	220	271	143	5	1	92	27492	2313	1842	97	79	70	6	0	0	0	0	0	-527	-10	9	0
8	1	1	0	67	61	down	0	512	566.40263238603	1154.24178938901	570.998622703728	791.85803466895	461.238440460079	897.872365216188	454.023267088645	546.964810624714	512	512	373.584004234634	324.744469345458	-593.370180958415	687.678452498763	241	49	3	12	207	260	133	10	4	105	27088	2190	1859	95	108	91	3	0	0	0	0	0	-338	-12	8	0
8	1	1	0	67	61	down	1	512	577.525211528839	1167.94555731173	604.333774112893	901.553032377355	412.840213211317	548.115814148268	426.441188560958	435.141807912806	512	512	370.602796999108	319.697162783099	-593.259743772369	687.422303725834	248	35	7	12	210	304	117	3	2	86	27072	2203	1837	120	119	142	10	0	0	0	0	0	-424	-11	8	0
8	1	1	0	67	61	down	2	512	583.878833650407	1221.88746913421	600.733950736453	893.854187504503	455.623398815381	913.536213182564	445.054330632201	517.423486414082	512	512	360.495660164279	297.844924920498	-593.43311288663	687.824027145649	235	44	3	13	217	283	115	11	5	98	27133	2205	1782	112	94	112	4	0	0	0	0	0	-475	-12	8	0
8	1	1	0	67	61	down	3	512	588.570776345395	1326.26838892096	591.191947577714	881.504663738712	437.725764687264	635.263495675638	440.111885672904	469.483401863521	512	512	368.260855190487	313.17771950158	-593.520289902548	688.026029124346	259	37	3	16	197	281	138	4	3	86	27242	2170	1724	96	124	122	5	0	0	0	0	0	-500	-10	8	0
8	1	1	0	68	60	down	0	512	572.227317497272	1302.0293636036	570.401171434421	815.180421148281	457.02569137352	784.514498632568	452.628609587679	511.377704650237	512	512	354.91260466358	298.893152767663	-593.604041335574	688.220232367102	253	53	2	16	188	257	145	7	5	98	26806	2136	1659	119	158	127	11	0	0	0	0	0	-530	-11	7	0
8	1	1	0	68	60	down	1	512	555.433008930401	1168.91894538473	572.480262251677	816.440301380998	438.762239195702	674.06039088196	441.993172933468	482.770369094916	512	512	356.601292499471	300.194098605183	-593.368872005751	687.675282639782	243	58	7	13	191	278	135	5	3	91	26700	2180	1745	95	121	119	5	0	0	0	0	0	-497	-11	8	0
8	1	1	0	68	60	down	2	512	607.428943621023	1544.47548488393	591.311010674442	919.940529319767	422.159393479137	608.294090508565	438.490628787062	496.539546922892	512	512	359.68411597422	299.324790740112	-593.384922301338	687.713041758924	241	54	3	21	193	279	125	4	7	97	26697	2197	1720	106	125	120	8	1	0	0	2	0	-537	-11	7	0
8	1	1	0	68	60	down	3	512	597.428943621023	1417.42005335425	588.157663878053	869.661907855757	458.369150221644	710.862171070231	463.513380973145	535.733830216503	512	512	372.203355239009	324.381724460649	-593.300184653378	687.515990931355	245	46	6	18	197	267	152	5	5	83	26619	2165	1827	109	132	147	10	2	0	0	4	0	-378	-11	9	0
8	1	1	0	69	59	down	0	512	586.152335825707	1359.26927447024	580.585610815446	846.794140958939	463.8868509932	822.824026344137	460.761481437562	546.948644683485	512	512	359.404325983748	305.952954799637	-593.109299103423	687.073350438678	254	45	5	17	191	274	137	8	8	85	26195	2093	1790	130	165	149	15	0	0	0	0	0	-341	-9	9	0
8	1	1	0	69	59	down	1	512	581.018633720091	1286.78901615985	578.442748485709	837.200237643254	463.532269182269	755.69764757976	457.715511544789	518.856961576025	512	512	353.945767454789	293.153011316575	-593.305017568848	687.527090742543	240	51	2	15	204	269	152	6	2	83	26346	2110	1645	107	178	201	9	0	0	0	0	0	-504	-13	7	0
8	1	1	0	69	59	down	2	512	574.184745024767	1374.08612139136	564.828936150275	809.639219087397	441.036814336328	679.180125960878	442.78494152599	485.043268939577	512	512	367.421871067078	312.609701648795	-593.615411505632	688.246188891634	257	56	4	18	177	272	137	5	6	92	26266	2095	1741	106	174	209	6	0	0	0	0	0	-366	-8	9	0
8	1	1	0	69	59	down	3	512	567.074361810092	1117.4289295055	576.401241150325	803.231551579056	435.009430136009	699.073245807449	432.000444881236	456.327797551356	512	512	350.884084467072	288.031310325353	-593.434800152265	687.828464811079	248	41	1	11	211	289	124	6	2	91	26286	2115	1701	106	139	156	10	0	0	0	0	0	-464	-10	9	0
8	1	1	0	70	58	down	0	512	611.834228523214	1444.66706514189	600.899574535306	897.344946353134	449.136074588196	795.058611520025	451.428969667896	531.249385516159	512	512	365.136462213753	307.217289591299	-593.409067427068	687.768498319327	242	39	2	18	211	286	125	8	3	90	25864	2018	1707	107	182	238	12	0	0	0	0	0	-307	-10	8	0
8	1	1	0	70	58	down	1	512	565.471516093527	1223.69145286647	570.765882524283	805.683618831274	425.345831330703	580.145535826968	445.001920321543	486.57408141597	512	512	332.565236570949	267.187937206276	-593.27327766401	687.452941567481	241	57	4	14	196	278	135	3	3	93	25766	2183	1639	108	229	220	17	0	0	0	0	0	-615	-11	8	0
8	1	1	0	70	58	down	2	512	609.685338145412	1379.37705256801	611.106084116749	912.292705025991	414.798713704139	524.992541003906	430.380438504917	450.07939153972	512	512	359.7120308772	309.120386930795	-593.31020062483	687.538955642096	219	47	3	16	227	283	131	2	2	94	25781	2027	1759	129	185	206	13	0	0	0	0	0	-344	-10	9	0
8	1	1	0	70	58	down	3	512	572.333748678533	1166.82094964592	583.871014685939	850.579073746419	455.864605067585	747.736673723451	455.953919973157	530.312394466513	512	512	350.486352063847	292.886241007007	-593.617845590458	688.253212176687	233	49	5	12	213	256	150	6	4	96	25817	2066	1702	111	207	221	20	0	0	0	0	0	-435	-12	9	0
8	1	1	0	71	57	down	0	512	586.737960615398	1363.35885542503	584.691108593004	864.783850653128	510.835188212577	1122.02669042902	488.106954084231	615.390780208877	512	512	336.901743706535	276.027350262533	-593.494593032455	687.966227429363	247	49	5	17	194	264	148	14	4	82	25524	1960	1594	106	235	253	18	0	0	0	0	0	-397	-9	7	0
8	1	1	0	71	57	down	1	512	571.911242849467	1199.64888452565	572.446117529094	803.359748450428	490.345831330703	942.600084286376	484.777479523241	593.996410334512	512	512	339.588987804508	283.339568686827	-593.321347317588	687.565444668046	242	49	1	13	207	270	151	10	3	78	25324	2016	1733	111	258	215	15	0	0	0	0	0	-335	-9	7	0
8	1	1	0	71	57	down	2	512	595.951782667282	1426.51008328121	590.838167054637	892.930112107712	474.597087580388	803.728242412688	481.360586490904	573.150908172701	512	512	334.626544216949	266.098761676926	-593.51805206102	688.021021952131	221	63	4	18	206	283	150	7	2	70	25581	2026	1480	97	220	255	14	0	0	0	0	0	-623	-11	7	0
8	1	1	0	71	57	down	3	512	592.179720026027	1339.37615462367	589.779042905884	877.931142504818	508.628537090085	1016.92603391067	489.071632081742	599.580917831341	512	512	335.40023589844	273.777115153492	-593.241912286685	687.380580650652	237	46	9	16	204	252	166	11	3	80	25198	2111	1769	106	237	225	16	0	0	0	0	0	-401	-11	8	0
8	1	1	0	72	56	down	0	512	542.054035263202	1172.06527586391	540.065741620409	738.409085080795	431.352888984132	617.47634977479	442.160655904796	477.831411954556	512	512	338.430805537833	273.27644690223	-593.323375496578	687.569067664624	270	56	3	14	169	295	127	4	5	81	24963	1968	1629	112	285	281	16	0	0	0	0	0	-387	-9	9	0
8	1	1	0	72	56	down	1	512	527.458360476031	982.320723093991	541.819837070108	737.304785479363	441.776467778524	616.523815492614	454.931520123364	501.756987382843	512	512	330.602680665643	261.314103542576	-593.383287093957	687.709202016175	241	66	2	9	194	257	154	3	4	94	24816	2112	1638	106	254	250	20	0	0	0	0	0	-531	-10	7	0
8	1	1	0	72	56	down	2	512	501.805884633532	758.058640441821	535.838706840972	689.434632093096	499.654848325078	1068.48567076652	471.594600120373	570.887325438957	512	512	336.358523190094	270.31774842208	-593.511304859201	688.005035736308	245	62	4	4	197	264	146	13	2	87	25110	1937	1521	104	283	275	15	0	0	0	0	0	-443	-9	8	0
8	1	1	0	72	56	down	3	512	530.068263846025	1053.69277912455	534.09022038653	709.904045611854	453.302299168836	670.663061577535	461.49694587338	515.528282131255	512	512	333.148856793154	272.653561956247	-593.383901333447	687.709505698745	249	66	4	11	182	260	157	4	3	88	24873	2092	1586	121	215	274	13	0	0	0	0	0	-566	-11	8	0
8	1	1	0	73	55	down	0	512	537.304331823525	1027.84710433738	545.644146509266	720.444832029133	477.274914968517	775.145984799137	487.011757198886	570.538072710872	512	512	327.019840654816	262.863874237476	-593.355859394051	687.644670669519	253	54	5	10	190	277	159	6	2	68	24449	2009	1605	97	296	307	27	0	0	0	0	0	-437	-9	7	0
8	1	1	0	73	55	down	1	512	557.400599731341	1138.29278490891	565.341261999692	793.060327565585	457.611316163211	640.382353468644	477.739444607545	543.636602293274	512	512	328.877476108446	260.615647945357	-593.317036077568	687.55475480743	244	54	2	12	200	266	164	3	1	78	24537	1959	1539	125	286	337	20	0	0	0	0	0	-473	-10	8	0
8	1	1	0	73	55	down	2	512	584.22432515322	1222.45908776132	593.015351991359	867.939619540531	484.223252187894	825.594766858998	490.12299569174	598.024541679464	512	512	330.596951668588	263.903293036505	-593.34439915407	687.618485910875	234	44	4	13	217	267	161	7	5	72	24503	1978	1560	119	284	322	23	0	0	0	0	0	-492	-11	9	0
8	1	1	0	73	55	down	3	512	582.534301836958	1353.66439609899	567.501308299769	818.807716993654	519.367117566955	991.174812665185	505.734235666036	631.83099154644	512	512	319.619752617729	249.062596378824	-593.473761305147	687.917988202167	254	48	4	17	189	270	172	10	3	57	24418	2031	1588	123	336	260	19	0	0	0	0	0	-500	-10	11	0
8	1	1	0	74	54	down	0	512	493.656880979767	838.294988452903	508.163734720402	630.569007539294	502.092542426329	999.330019295611	496.74269317849	632.287343439664	512	512	328.670754816288	260.61402219014	-593.306067357892	687.528618152745	277	60	2	7	166	268	156	11	2	75	23976	1942	1624	106	314	332	19	0	0	0	0	0	-366	-12	9	0
8	1	1	0	74	54	down	1	512	551.34487164134	1127.70608715389	545.277837375342	726.76849192418	508.474508437579	1046.61649380405	495.918501944548	634.886525855256	512	512	331.12462799498	268.940690292269	-593.588400858322	688.183871598175	244	58	3	12	195	264	156	12	4	76	24112	1839	1583	114	361	310	25	0	0	0	0	0	-329	-11	8	0
8	1	1	0	74	54	down	2	512	489.971995938209	837.464392793638	503.715856044517	621.185475979207	508.195867987575	1004.21516093527	497.135136231253	618.197230364952	512	512	331.659703052507	266.379436012792	-593.415480169886	687.782857793809	266	70	1	7	168	280	156	11	2	63	24083	1864	1612	89	312	361	22	0	0	0	0	0	-329	-11	10	0
8	1	1	0	74	54	down	3	512	523.388403803207	1074.27060072832	528.40628294834	710.737477025946	482.783525431954	857.581903670139	487.202897407606	584.550551455135	512	512	326.530807143218	253.585494532342	-593.409129377376	687.768391482305	262	68	0	12	170	270	154	8	5	75	24129	1868	1542	109	329	301	13	0	0	0	0	0	-386	-11	6	0
8	1	1	0	75	53	down	0	512	493.542432455713	774.633356425575	511.528976201317	628.117812638537	503.916267848208	895.631577063641	504.249671609782	632.998825886163	512	512	327.521060278086	257.795115345459	-593.369409589443	687.67620196979	258	64	3	5	182	266	172	8	3	63	23612	1872	1542	110	357	357	19	0	0	0	0	0	-363	-8	9	0
8	1	1	0	75	53	down	1	512	492.717747344472	708.901213740662	516.313214851871	651.29120584236	548.416747692889	1292.58855561897	512.060780275199	669.409670381394	512	512	321.572713187005	251.94673773569	-593.485439797256	687.945715707688	242	67	3	3	197	267	162	17	0	66	23540	1902	1599	95	395	333	21	0	0	0	0	0	-357	-9	9	0
8	1	1	0	75	53	down	2	512	534.329683369155	1029.0870193357	531.217402574168	695.149316570614	536.315454786332	1242.8164971094	513.299532117714	705.557363610493	512	512	326.657913500818	257.278710764512	-593.28964854588	687.491523864201	239	65	5	10	193	252	163	16	1	80	23565	1833	1616	122	368	359	26	0	0	0	0	0	-273	-9	7	0
8	1	1	0	75	53	down	3	512	504.003445447906	796.577929027582	523.903525710416	657.692161886797	478.61837381664	849.741991150829	484.536941339192	586.826302321913	512	512	300.04411173705	220.845995661367	-593.465644956296	687.89920917594	247	63	4	5	193	275	151	8	2	76	23627	1950	1456	103	345	360	19	0	0	0	0	0	-566	-12	7	0
8	1	1	0	76	52	down	0	512	535.433008930401	1100.19167115503	541.417415302451	748.699758424986	491.104738354462	806.733576366806	500.905249963676	610.085817648999	512	512	320.172101823313	253.35269215786	-593.389234516481	687.722012943986	247	68	2	12	183	258	176	6	2	70	23196	1795	1535	98	383	419	29	0	0	0	0	0	-250	-9	8	0
8	1	1	0	76	52	down	1	512	513.907177540089	919.023601335742	524.471493242097	679.524109677309	517.427870655697	1089.33622227227	510.056007791178	674.007382933436	512	512	311.665417461275	236.672747899926	-593.715761690216	688.479386218703	252	65	2	8	185	282	151	13	4	62	23207	1850	1467	100	383	373	33	0	0	0	0	0	-452	-9	8	0
8	1	1	0	76	52	down	2	512	525.64372536227	1004.35219934452	524.382944816133	665.863398754353	484.510982946016	860.493212396316	490.777852912617	595.494505598701	512	512	322.363388648184	252.379902106384	-593.50878833423	687.999276447801	265	56	2	10	179	273	156	8	2	73	23256	1790	1480	98	347	364	20	0	0	0	0	0	-353	-11	10	0
8	1	1	0	76	52	down	3	512	494.520073254135	905.881677944549	493.922609849933	596.300613185251	475.989216865083	740.360622391909	495.849816107186	591.430878270426	512	512	318.528936985274	242.041190169627	-593.547241431206	688.088335278675	291	59	0	9	153	268	165	5	4	70	23316	1781	1441	86	384	423	14	0	0	0	0	0	-372	-8	7	0
8	1	1	0	77	51	down	0	512	526.872735686341	1052.34200519856	530.046334354461	708.449354111255	513.513015600705	1056.38900128579	500.750573762756	635.376978708711	512	512	300.906704710539	234.263697247434	-593.465972851026	687.900764890256	240	74	4	11	183	262	161	12	3	74	22584	1925	1504	99	397	387	17	0	0	0	0	0	-482	-12	8	0
8	1	1	0	77	51	down	1	512	525.894021922593	942.189459347664	531.629295838404	687.492407659825	495.979053591638	985.961501330495	486.785627847296	600.939278696182	512	512	289.031229849559	215.545129076468	-593.242859841273	687.383365487999	244	61	3	8	196	271	148	11	6	76	22682	1914	1423	93	460	388	24	0	0	0	0	0	-578	-11	9	0
8	1	1	0	77	51	down	2	512	542.581899308203	1247.51050746327	520.709385137295	695.246519805512	501.843318831333	892.175257505669	505.831691901186	629.528818469996	512	512	301.279395032055	233.627315806073	-593.362112576345	687.659312004154	262	68	4	16	162	268	171	8	1	64	22643	1884	1473	112	464	384	23	0	0	0	0	0	-452	-10	6	0
8	1	1	0	77	51	down	3	512	526.469483438838	974.904311097307	527.77329527287	682.75895488783	505.345831330703	966.38057410671	495.083107079538	608.579162251636	512	512	305.388417913713	238.781591431299	-593.266192580818	687.437825671247	256	58	0	9	189	274	161	10	2	65	22628	1878	1499	107	467	443	25	0	0	0	0	0	-440	-10	8	0
8	1	1	0	78	50	down	0	512	579.31952009571	1314.35752503526	552.522566472034	757.430298426875	479.952742356645	857.756629569937	484.726594740504	575.500315586101	512	512	317.81728739917	247.642478648987	-593.481395835648	687.935804021699	254	48	0	16	194	263	157	8	1	83	22348	1675	1486	91	465	448	30	1	0	0	2	0	-197	-8	7	0
8	1	1	0	78	50	down	1	512	512.034781681639	975.35529670116	507.422491829395	636.769791499333	521.545424799765	1028.76682784758	518.004438408134	664.889276960182	512	512	307.189476833602	235.101561285836	-593.703843006231	688.451285683422	279	57	2	10	164	273	167	11	4	57	22342	1702	1463	93	456	418	24	0	0	0	0	0	-301	-8	9	0
8	1	1	0	78	50	down	2	512	549.347863985392	1260.19432367119	526.381057087621	714.240062528836	514.491729364453	1055.34864475233	508.680356067424	664.009142010896	512	512	309.346321129469	244.266400814111	-593.309474079849	687.537414032353	263	64	0	16	169	266	159	12	5	70	22239	1749	1530	82	458	519	35	1	0	0	2	0	-268	-8	7	0
8	1	1	0	78	50	down	3	512	519.291176206028	929.367727444591	531.587760021263	699.591690188046	525.039919956343	1015.32160864327	526.013078849474	713.567290694104	512	512	291.920907797007	215.654261488691	-593.236818615317	687.368639011226	249	63	2	8	190	236	188	10	4	74	22148	1871	1502	79	447	413	25	0	0	0	0	0	-411	-10	8	0
8	1	1	0	79	49	down	0	512	558.551522763832	1240.75131214256	536.021321361724	729.188453075319	501.190842988834	892.859959262868	508.893188015406	627.672362784403	512	512	287.072426193375	211.495772917147	-593.394142912318	687.733356389727	260	55	1	15	181	264	172	8	1	67	21806	1762	1446	74	548	499	31	0	0	0	0	0	-346	-13	8	0
8	1	1	0	79	49	down	1	512	546.276947623206	1256.82447944799	523.490458018307	715.229268212107	527.428943621023	972.936681160484	539.926731563538	719.059270845207	512	512	291.265834744644	216.224616220589	-593.369277004644	687.675812959077	258	69	1	16	168	261	186	9	3	53	21759	1821	1429	79	524	501	24	0	0	0	0	0	-419	-9	7	0
8	1	1	0	79	49	down	2	512	535.777427467887	1195.96992850957	520.911601995387	696.292660602711	550.299306824784	1059.38325554467	539.340376768231	701.725428267925	512	512	300.99055518659	225.130565185126	-593.493994310799	687.964749624143	275	62	1	15	159	233	208	10	3	58	21805	1632	1551	100	503	450	22	0	0	0	0	0	-122	-11	8	0
8	1	1	0	79	49	down	3	512	535.96996328352	1168.10740762761	524.097092757697	697.817816856919	541.843318831333	1177.93135546974	527.172501948973	697.313799770935	512	512	293.727291255729	215.493123473191	-593.530623898001	688.050216587571	257	69	2	14	170	256	174	14	3	65	21855	1684	1442	107	498	428	22	0	0	0	0	0	-259	-9	11	0
8	1	1	0	80	48	down	0	512	511.430976275712	986.324705999918	500.287486713829	619.044109322071	479.059060261943	913.047968401899	477.509785174262	591.891308191905	512	512	289.201811945672	211.882693549972	-593.378739468838	687.697612704113	250	75	4	10	173	294	134	10	3	71	21256	1764	1470	86	566	567	34	0	0	0	0	0	-345	-10	6	0
8	1	1	0	80	48	down	1	512	498.254701697591	895.927813272607	496.623495375137	610.16379037162	486.151262860381	888.294090508565	475.978853240595	556.443763832175	512	512	268.075529032737	193.226047016601	-593.525476275193	688.038744199476	244	81	3	8	176	295	143	9	4	61	21287	1826	1353	110	488	491	28	0	0	0	0	0	-540	-9	6	0
8	1	1	0	80	48	down	2	512	450.508950291327	656.652855036523	465.540318762084	525.118375397564	479.328610403829	777.675030953742	490.600133903502	610.048748183208	512	512	301.636902043299	223.180241571037	-593.465998097237	687.900034281563	280	77	4	4	147	276	159	6	5	66	21391	1692	1400	93	474	499	28	0	0	0	0	0	-344	-8	8	0
8	1	1	0	80	48	down	3	512	497.255661386953	917.110064275461	489.515683369239	586.76627451131	473.830163213836	777.806743672238	472.167478586747	545.097265687465	512	512	291.689812316771	215.59684581662	-593.459408905426	687.884375025243	274	67	2	9	160	256	163	6	4	83	21393	1702	1387	94	460	531	31	0	0	0	0	0	-383	-8	8	0
8	1	1	0	81	47	down	0	512	562.016601065402	1254.95087473911	569.359685595367	845.914253242371	471.430976275712	811.734902624886	491.931175997883	619.046360640175	512	512	288.014669357124	211.775341903073	-593.328805572975	687.582272826102	235	66	7	15	189	250	158	7	5	92	20946	1672	1358	88	554	574	29	0	0	0	0	0	-346	-10	9	0
8	1	1	0	81	47	down	1	512	577.515048255394	1307.76373049093	573.452966730832	834.527176622559	497.284005276635	984.618705611411	492.044117455409	613.749060106925	512	512	284.055044506101	207.547765822205	-593.414074740692	687.779525739926	259	45	3	16	189	283	147	11	2	69	20932	1683	1341	108	526	587	30	0	0	0	0	0	-372	-9	7	0
8	1	1	0	81	47	down	2	512	586.450229857275	1365.51584141739	584.617351886597	886.821119289212	510.452262511964	1024.42049406305	509.774374800034	678.836791678621	512	512	297.092364761254	222.484218685269	-593.308850111984	687.535408419256	237	54	9	17	195	242	171	11	3	85	20749	1764	1464	87	510	520	26	0	0	0	0	0	-298	-8	9	0
8	1	1	0	81	47	down	3	512	542.572809000084	1069.73623714634	552.50379091611	751.647230293556	500.710576415079	885.824034607508	502.308544963378	610.672397929122	512	512	280.686824456422	201.138817669795	-593.57870072789	688.160787113967	260	50	4	11	187	276	166	8	3	59	21018	1677	1280	89	508	523	30	0	0	0	0	0	-432	-9	7	0
8	1	1	0	82	46	down	0	512	535.596127891025	1100.00053986924	531.780064607826	710.755388788166	484.444131893208	828.185455783311	496.579766730699	624.435962436149	512	512	266.102147771248	182.847468344053	-593.415460966296	687.782595090055	245	68	5	12	182	262	163	7	5	75	20501	1721	1232	98	598	643	34	0	0	0	0	0	-540	-11	6	0
8	1	1	0	82	46	down	1	512	542.851449450088	1112.16417781043	531.894018356708	695.87826392738	510.240473114768	1051.35574154164	503.852638101958	654.280487329646	512	512	289.043372382785	219.152266875741	-593.42805981564	687.812388956143	248	62	2	12	188	261	159	12	3	77	20426	1667	1380	79	542	571	41	0	0	0	0	0	-314	-9	9	0
8	1	1	0	82	46	down	2	512	515.989216865083	914.95042576694	525.243283471268	661.284654963746	506.008470446646	900.015170024979	504.172309715302	612.77192841776	512	512	273.445061892369	195.293230052997	-593.408190391052	687.766331686078	268	53	3	8	180	263	174	8	4	63	20517	1595	1361	79	564	552	29	0	0	0	0	0	-285	-10	7	0
8	1	1	0	82	46	down	3	512	537.620406471329	1130.22758341533	526.444187077509	693.373531932804	510.221219533205	1013.3730366086	506.012150176533	646.431363185165	512	512	282.119849699997	202.708059669299	-593.395704732824	687.736538031412	264	58	6	13	171	266	162	11	3	70	20469	1649	1354	80	622	625	30	0	0	0	0	0	-317	-10	9	0
8	1	1	0	83	45	down	0	512	547.93755408446	1190.31938444085	541.745006091239	765.055355031275	513.292135895391	1090.85374389115	510.131529737	687.435406141652	512	512	283.45758508363	206.31219148855	-593.414200043476	687.779966650428	246	65	8	14	179	263	155	13	4	77	20074	1536	1345	85	597	657	33	0	0	0	0	0	-182	-11	8	0
8	1	1	0	83	45	down	1	512	481.536334491647	787.595656539965	496.288539785566	608.47579626041	496.008470446646	884.179248674966	501.779952214709	633.308478110147	512	512	270.03757471271	190.753661781291	-593.589592311866	688.187208188491	263	73	4	6	166	263	168	8	2	71	19950	1669	1324	97	575	598	45	1	0	0	2	0	-371	-10	8	0
8	1	1	0	83	45	down	2	512	533.94461173789	1084.81206109962	522.034199794146	681.162937293898	500.05810057258	923.564167894385	504.670164867234	647.834848149782	512	512	268.420128172755	197.2343702353	-593.372186047749	687.682770130077	275	51	3	12	171	268	163	9	4	68	19929	1694	1340	77	667	617	45	0	0	0	0	0	-369	-9	7	0
8	1	1	0	83	45	down	3	512	483.369150221644	861.698092420244	492.166022301814	600.960450643807	528.744058579465	1091.21694856058	525.435242306794	699.384180154307	512	512	266.195382049108	191.197155697137	-593.448556039752	687.859781770766	267	78	1	8	158	242	180	12	2	76	20028	1610	1313	89	612	613	33	0	0	0	0	0	-343	-11	6	0
8	1	1	0	84	44	down	0	512	497.592062581647	851.100314969988	503.312762080354	615.925796498613	514.569816656032	926.795668108683	513.834023770156	638.216995709206	512	512	260.238555552297	186.198010614148	-593.23443476975	687.363789472816	263	66	2	7	174	237	191	8	2	74	19521	1653	1270	84	638	652	47	0	0	0	0	0	-417	-9	8	0
8	1	1	0	84	44	down	1	512	510.806844322895	980.380578238395	501.798068125367	624.138626723663	528.79165605071	974.32249006087	522.586181094338	669.1581673761	512	512	258.790075240299	178.340404967697	-593.395588652084	687.736910024078	259	69	6	10	168	262	186	9	4	51	19635	1503	1289	101	652	657	39	0	0	0	0	0	-261	-10	9	0
8	1	1	0	84	44	down	2	512	508.226357807909	844.281701081985	522.940542673386	666.533402283224	513.935521429771	912.39477181702	509.49975672165	627.659666875675	512	512	270.827503446107	195.325170403681	-593.426866854216	687.809849277566	239	70	1	6	196	265	179	8	4	56	19688	1487	1278	75	638	667	36	0	0	0	0	0	-248	-8	6	0
8	1	1	0	84	44	down	3	512	496.824065249769	883.303415631981	505.136339831441	633.99201706189	518.753148887583	1030.7694927588	517.154903230307	678.706890433429	512	512	252.585625842976	174.093415745779	-593.482824243686	687.938548905132	265	68	5	8	166	260	171	11	2	68	19610	1655	1198	65	637	643	28	0	0	0	0	0	-487	-8	9	0
8	1	1	0	85	43	down	0	512	547.928463776341	1160.82005583327	538.139054690849	740.424430710696	502.534301836958	930.400534084881	508.213340125514	645.733194784016	512	512	259.462395507759	180.743549203326	-593.374445502588	687.688622651013	236	69	4	13	190	266	168	9	0	69	19226	1467	1246	77	690	678	37	0	0	0	0	0	-242	-8	5	0
8	1	1	0	85	43	down	1	512	495.375248185711	848.735792305854	502.853989556865	626.789258899376	547.428943621023	1227.02093642453	531.222013386196	714.890621576312	512	512	261.606410766549	187.061985965973	-593.341450285396	687.611429216764	262	69	0	7	174	249	177	15	1	70	19064	1585	1279	88	704	653	40	0	0	0	0	0	-325	-9	8	0
8	1	1	0	85	43	down	2	512	474.367117566955	697.474146230797	500.560454416093	610.504395871976	509.952742356645	868.208962090297	518.795760604844	655.879632116526	512	512	264.88932214032	184.046958565356	-593.462685869136	687.892385977452	278	61	4	4	165	267	179	7	6	53	19216	1505	1210	85	636	693	45	0	0	0	0	0	-310	-8	7	0
8	1	1	0	85	43	down	3	512	537.169556752582	1132.60230848879	519.011345315407	666.271703196751	518.216194534464	962.853756286208	510.535333590058	635.731803484833	512	512	266.914077809312	193.582627714885	-593.254252336383	687.409190931323	260	62	3	13	174	250	184	9	2	67	19098	1540	1281	97	706	755	50	0	0	0	0	0	-294	-9	8	0
8	1	1	0	86	42	down	0	512	525.691322833515	1035.73268255415	520.224886100899	672.840438632788	493.877760685081	840.859069581901	514.424275825723	657.048085765033	512	512	254.165974924886	178.117989044846	-593.296686137088	687.507871617706	277	53	0	11	171	268	167	7	6	64	18573	1586	1252	93	720	692	42	0	0	0	0	0	-366	-8	9	0
8	1	1	0	86	42	down	1	512	513.8868509932	1050.35839818949	501.570402908099	623.352762302325	566.987184210394	1290.59344060092	539.720161356297	742.260935896372	512	512	255.382517549233	178.732235983092	-593.18930703527	687.259121100432	278	64	2	12	156	259	182	16	2	53	18769	1459	1207	69	698	735	53	0	0	0	0	0	-286	-7	9	0
8	1	1	0	86	42	down	2	512	534.770369814457	1166.53046744144	525.106768483051	730.646420090235	516.939586739149	957.594330281884	522.314147473009	674.227255083388	512	512	266.075576978274	190.768057507773	-593.434076871106	687.826079142739	254	71	4	14	169	255	180	9	4	64	18575	1531	1312	86	652	709	35	1	0	0	2	0	-240	-10	9	0
8	1	1	0	86	42	down	3	512	493.043985265721	856.820500673749	501.981989598872	621.883792074831	535.538367146336	1097.24532745446	519.640249230597	658.939062762165	512	512	254.452275895897	180.146111249079	-593.332162219348	687.590012677702	234	88	1	7	182	252	180	12	4	64	18622	1557	1240	85	769	740	47	0	0	0	0	0	-351	-9	7	0
8	1	1	0	87	41	down	0	512	482.611316163211	754.109627698348	497.456022502323	598.245185194285	574.415788003526	1236.88524493179	572.305912263074	823.190902559408	512	512	261.878345666476	185.026036612798	-593.251724153211	687.4036449848	262	69	4	5	172	245	201	14	4	48	18102	1502	1296	92	719	740	52	0	0	0	0	0	-214	-9	8	0
8	1	1	0	87	41	down	1	512	520.355994604148	1035.64665619155	530.790260963038	721.672313064459	533.916267848208	1017.30341976367	540.503474055922	720.11921421487	512	512	246.057726115409	163.472165037302	-593.458612042183	687.883140305764	251	71	6	11	173	266	184	10	3	49	18277	1500	1136	79	680	736	48	0	0	0	0	0	-412	-9	8	0
8	1	1	0	87	41	down	2	512	493.407657384771	916.443992106668	491.10025697132	602.892293214983	594.175654716649	1339.20320395412	581.177109133019	837.796157977556	512	512	256.625120741222	183.344016924934	-593.449518542777	687.861705949993	261	78	2	9	162	251	204	16	3	38	18233	1424	1251	84	779	803	47	0	0	0	0	0	-177	-7	7	0
8	1	1	0	87	41	down	3	512	504.300266514147	972.16860555684	507.99875317677	641.215887154546	510.605218199144	978.717162717448	520.253507005959	686.779827122793	512	512	251.911942855293	171.432393284202	-593.384038031057	687.710088100404	255	77	4	10	166	263	167	10	5	67	18370	1416	1124	82	733	763	51	0	0	0	0	0	-328	-10	6	0
8	1	1	0	88	40	down	0	512	456.727797341953	704.130460830747	469.489367034915	547.376691959304	458.244538424146	675.825809837757	467.461182022154	523.066521720526	512	512	250.138464891568	171.727571597814	-593.507591402355	687.996572192741	278	78	3	5	148	267	158	4	3	80	17691	1461	1255	73	821	802	57	1	0	0	2	0	-196	-8	8	0
8	1	1	0	88	40	down	1	512	461.036814336328	822.098086635885	459.662236349337	531.059688395993	522.121959281337	1114.52337478382	497.745497206156	634.833101688302	512	512	251.729191292992	171.511785046697	-593.381247145957	687.704139757355	272	91	1	8	140	244	169	13	3	83	17782	1420	1201	77	769	788	43	0	0	0	0	0	-261	-8	6	0
8	1	1	0	88	40	down	2	512	464.386371148518	793.731792873186	463.619600098632	528.076024000453	492.716674379146	952.356186382128	481.356557559792	574.645598700434	512	512	232.70790329879	155.088962374788	-593.572602349744	688.147059239577	265	88	4	7	148	259	158	10	1	84	17845	1410	1168	57	754	746	60	0	0	0	0	0	-253	-10	7	0
8	1	1	0	88	40	down	3	512	464.84738414071	725.729581065823	471.968447435979	546.851055447858	481.506917636639	926.459948520487	472.343783534817	564.076808159818	512	512	227.125998984094	154.725049294524	-593.399283527596	687.74541570649	262	83	1	5	161	271	143	10	5	83	17668	1519	1195	98	781	746	45	0	0	0	0	0	-373	-10	7	0
8	1	1	0	89	39	down	0	512	534.089550082277	951.484801743978	540.353598888892	698.93450289856	508.013495445387	1003.45241102238	500.20586266148	613.482267099341	512	512	229.702066762519	147.006217249575	-593.459428224939	687.88483001307	257	48	0	8	199	279	155	11	4	63	17369	1425	1106	68	772	763	46	0	0	0	0	0	-384	-8	5	0
8	1	1	0	89	39	down	1	512	556.546497765091	1211.42493420452	548.689905298087	760.651263178657	496.6133488179	778.003200648772	509.106655915305	608.98860826192	512	512	228.262153013143	149.28255490104	-593.646543587794	688.318392567069	236	67	3	14	192	263	183	5	2	59	17446	1378	1088	56	788	769	48	0	0	0	0	0	-318	-7	5	0
8	1	1	0	89	39	down	2	512	559.848457106037	1114.64933349782	562.617710949372	780.103787679274	486.296201204769	829.051086416969	508.051353975286	653.977413565058	512	512	232.196059566082	152.152515030316	-593.267233975479	687.439344099979	225	60	3	11	213	265	162	7	7	71	17426	1376	1079	87	837	811	53	0	0	0	0	0	-335	-8	7	0
8	1	1	0	89	39	down	3	512	545.826097904458	1036.81339975275	551.927948442245	737.225426180601	495.768337159768	917.716717876964	492.348758359268	597.618995188949	512	512	231.083647087184	160.156289697214	-593.439037462453	687.837405688395	270	39	0	10	193	265	161	9	4	73	17333	1414	1136	85	820	827	56	0	0	0	0	0	-314	-9	7	0
8	1	1	0	90	38	down	0	512	520.278980277895	1069.04620969839	521.690093119064	704.007967806012	513.484671711024	988.853752154523	514.910733296033	665.598065996696	512	512	230.076356306706	148.509906343424	-593.380788839197	687.703170051917	259	71	3	12	167	249	173	10	7	73	16936	1367	1086	67	845	859	58	0	0	0	0	0	-312	-7	8	0
8	1	1	0	90	38	down	1	512	522.889956613215	934.018724617163	526.697001993666	672.474991497471	524.20399860633	1036.33933615566	515.671656472453	668.247185712352	512	512	216.856178722143	135.857086776821	-593.490995034093	687.957528953629	246	60	8	8	190	268	172	11	2	59	16870	1457	1058	71	865	839	52	0	0	0	0	0	-409	-7	7	0
8	1	1	0	90	38	down	2	512	479.914235193519	744.709180378853	505.473601464038	634.944250418905	537.390436457896	1172.2750367381	525.440095165075	709.174906171573	512	512	227.264017854769	156.417531147029	-593.298804159264	687.51270107487	273	64	4	5	166	255	173	14	0	70	16757	1452	1154	93	826	850	52	0	0	0	0	0	-340	-7	7	0
8	1	1	0	90	38	down	3	512	513.235448116027	992.918500544247	511.045073481555	656.206521087972	537.572809000084	1098.87370800101	536.334140516096	721.247339507495	512	512	220.388847412658	143.958675638023	-593.42332669336	687.801183363285	245	78	1	10	178	256	180	12	4	60	16928	1378	1094	56	874	764	55	0	0	0	0	0	-324	-10	5	0
8	1	1	0	91	37	down	0	512	477.841286176644	778.30829235056	492.742095712083	594.779024688196	562.29416855008	1318.47459107128	540.163446169442	745.866518280114	512	512	204.81376824706	131.38634982588	-593.284645477195	687.479618925655	271	71	3	6	161	260	174	17	1	60	16329	1421	1118	76	893	819	46	0	0	0	0	0	-344	-7	6	0
8	1	1	0	91	37	down	1	512	538.407657384771	1136.00718768638	516.748961238169	666.98016650025	500.75924685165	859.053310619388	511.036550427977	646.476579750873	512	512	213.112957656199	141.987480517064	-593.251127619644	687.40202023342	257	63	3	13	176	255	178	7	4	68	16412	1369	1081	82	921	883	54	0	0	0	0	0	-328	-8	7	0
8	1	1	0	91	37	down	2	512	525.212129225086	1007.62759002603	517.372261667638	666.630095279966	529.26175935102	1047.01250924545	520.876651826952	664.140727032817	512	512	230.952929503275	156.680140709291	-593.322289936813	687.566703601594	256	62	2	10	182	261	177	11	4	59	16498	1270	1111	65	870	937	54	0	0	0	0	0	-148	-8	8	0
8	1	1	0	91	37	down	3	512	504.242505769457	969.413393142055	511.33226153077	655.906243285521	469.194908298212	771.361067232392	495.530405844354	634.202545155555	512	512	211.69218071296	135.159560872851	-593.513987387943	688.011120024685	262	73	3	10	164	250	160	6	7	89	16466	1340	1073	65	926	832	54	0	0	0	0	0	-295	-8	7	0
8	1	1	0	92	36	down	0	512	526.757214196961	1046.83158036899	515.348824707654	663.728642709895	515.883858649148	954.952200997189	526.404288660438	690.308024961109	512	512	214.361632114801	139.454974144085	-593.569874569963	688.140533481954	254	66	2	11	179	259	179	9	2	63	16007	1305	1042	78	910	891	53	0	0	0	0	0	-277	-9	9	0
8	1	1	0	92	36	down	1	512	510.499859983209	1018.7189379477	500.911809966996	640.811955186427	536.901079576022	1061.57570482516	530.421661958277	710.358338702642	512	512	219.177664582847	141.383712551909	-593.657291656734	688.343336317211	254	77	4	11	166	257	184	11	4	56	16167	1225	995	45	908	822	58	2	0	0	4	0	-248	-9	7	0
8	1	1	0	92	36	down	2	512	514.501892637898	952.639118693437	510.630433109188	643.785746406283	483.599120235077	856.706070627153	498.668264030542	636.330310271255	512	512	200.952113153248	128.534502808912	-593.431149953295	687.818919816086	259	64	2	9	178	272	152	8	8	72	16054	1337	975	66	968	949	52	0	0	0	0	0	-378	-8	7	0
8	1	1	0	92	36	down	3	512	530.077354154143	1046.13667620246	532.156552769714	708.083177152883	504.098640390396	970.505190035893	508.723136929668	667.831328586579	512	512	202.135020200302	131.450010469734	-593.423863180004	687.802656801251	263	56	7	11	175	259	165	10	3	75	16026	1351	991	64	950	910	40	0	0	0	0	0	-417	-9	7	0
8	1	1	0	93	35	down	0	512	506.373215531022	975.651532910127	504.73326136411	638.157524239545	522.678167216019	1035.11805074574	523.41669572757	687.833822093812	512	512	233.545823393089	156.112094161942	-593.312704806284	687.544800522927	257	75	2	10	168	265	172	11	2	62	15663	1124	1067	66	888	997	62	0	0	0	0	0	-75	-8	6	0
8	1	1	0	93	35	down	1	512	533.023658718831	1125.66306157754	525.062155131393	694.998811856666	483.46541812946	755.114949257411	491.344503810477	572.613331287605	512	512	207.293807760504	130.221820689925	-593.191214994287	687.263153188119	260	65	3	13	171	266	173	5	1	67	15672	1199	974	75	982	987	60	0	0	0	0	0	-272	-9	6	0
8	1	1	0	93	35	down	2	512	532.341766021325	1191.1011922559	515.756494221204	688.657407491704	539.568743690706	1172.7850125955	529.556504865781	742.095169465367	512	512	215.314437199324	137.185578929043	-593.400649268474	687.748554208225	272	66	2	15	157	258	171	14	4	65	15632	1171	1048	69	921	905	45	0	0	0	0	0	-155	-7	6	0
8	1	1	0	93	35	down	3	512	506.536334491647	938.404970094662	509.990545100472	645.39708969199	509.577833998825	1006.50163544371	511.700202956224	667.406872766095	512	512	213.680761930205	144.326747908036	-593.360439357301	687.655450885733	259	69	4	9	171	276	156	11	6	63	15568	1227	1052	73	930	858	51	0	0	0	0	0	-194	-8	7	0
8	1	1	0	94	34	down	0	512	498.52317887415	855.761514551887	508.943396511642	642.988797626586	522.371182876333	962.263508070693	519.932483063946	658.877043472021	512	512	213.832584745442	137.194294391339	-593.407551443214	687.76482030626	255	70	3	7	177	268	181	9	1	53	15210	1166	974	58	967	1003	71	0	0	0	0	0	-216	-7	6	0
8	1	1	0	94	34	down	1	512	511.315454786332	980.814281170349	506.592142924577	631.161109076235	486.737960615398	723.066169676561	504.636165406633	606.271883496882	512	512	195.526794066101	125.134149888867	-593.573271932629	688.148774109213	264	67	2	10	169	267	178	4	4	59	15171	1204	962	71	983	939	45	0	0	0	0	0	-288	-10	7	0
8	1	1	0	94	34	down	2	512	492.19897360759	885.367723312906	492.584192710856	609.537548971878	521.872735686341	1007.36861299387	522.589507880438	677.533920233722	512	512	200.286733292778	131.585120873933	-593.154823189242	687.178420924659	248	84	0	8	172	244	184	10	2	72	15136	1272	932	68	1009	1045	48	0	0	0	0	0	-396	-13	6	0
8	1	1	0	94	34	down	3	512	518.974028592898	959.249318623753	515.709145464864	642.914613245772	507.371182876333	938.483018250359	512.970959161702	663.526766514269	512	512	205.898010710312	130.52350099966	-593.365621590714	687.667512261801	263	59	0	9	181	264	171	9	2	66	15094	1252	992	70	977	994	46	0	0	0	0	0	-321	-7	6	0
8	1	1	0	95	33	down	0	512	475.480606401646	702.898095725592	490.742773241101	575.676818265071	578.358986948199	1374.3965387839	560.87706156505	815.532671351741	512	512	191.560772324391	126.200074636881	-593.419220148982	687.791311610669	271	65	3	4	169	270	174	18	6	44	14648	1221	967	60	1045	985	65	0	0	0	0	0	-266	-7	8	0
8	1	1	0	95	33	down	1	512	486.718707033834	833.358406452861	492.739064399023	602.711861701411	554.829203524473	1031.66662856477	567.345697507491	771.865565097942	512	512	195.855305499768	131.077463995539	-593.30889388157	687.536227148459	264	74	0	7	167	230	216	9	5	52	14640	1246	951	59	1045	1048	64	0	0	0	0	0	-300	-8	6	0
8	1	1	0	95	33	down	2	512	499.26175935102	851.229803486065	506.994968085214	621.816288514347	593.590029926958	1446.30652538368	566.951942688351	816.834836420407	512	512	194.780262237066	128.760711111896	-593.178956984117	687.235056700978	269	61	2	7	173	250	190	19	2	51	14678	1175	984	59	1002	1008	63	0	0	0	0	0	-210	-7	7	0
8	1	1	0	95	33	down	3	512	508.800746358828	972.123368173119	505.561653124071	643.043603891111	566.901079576022	1220.32958685018	556.067299705802	765.62194864083	512	512	208.651690113464	131.331042748995	-593.401267847502	687.749926384341	268	64	8	10	162	257	193	14	1	47	14592	1174	1052	78	963	988	64	0	0	0	0	0	-159	-8	9	0
8	1	1	0	96	32	down	0	512	469.405624730082	802.550419156244	480.877517380393	595.640394104183	464.214161879775	727.341556226389	470.204633781515	539.092689302656	512	512	183.910188565522	117.40389346759	-593.514626045978	688.012827041716	260	86	8	7	151	257	163	5	0	87	14214	1127	973	70	1042	936	64	0	0	0	0	0	-183	-9	7	0
8	1	1	0	96	32	down	1	512	460.595054925699	779.808061666948	453.803780651748	505.856755109691	491.026651062883	1009.42402386513	481.419527187771	592.235176765249	512	512	178.026501278432	110.159151305457	-593.286482316718	687.483960211455	278	81	8	7	138	283	137	12	3	77	14095	1275	935	79	1092	1011	51	0	0	0	0	0	-406	-9	7	0
8	1	1	0	96	32	down	2	512	449.616341161951	690.901633791035	457.202594752585	506.669389483558	483.839253521955	860.250640750149	483.696718522401	579.48374125357	512	512	184.231855071835	113.246931972701	-593.634025101322	688.289538651134	282	81	2	5	142	270	156	8	3	75	14194	1205	915	70	1025	935	56	0	0	0	0	0	-332	-10	10	0
8	1	1	0	96	32	down	3	512	494.328610403829	1023.84132554278	486.085248754492	617.260025304903	492.245498113509	974.846198129672	480.967005518101	594.937478488789	512	512	192.030351728521	122.394810851829	-593.205931744782	687.29663808264	264	87	2	12	147	285	142	11	3	71	14181	1197	949	57	1083	1071	70	0	0	0	0	0	-266	-7	6	0
8	1	1	0	97	31	down	0	512	560.70148610696	1173.75264666401	555.53426638414	769.114634862001	514.923325501637	1089.15529339581	506.232858783369	656.884589236766	512	512	184.890618184656	120.842510878347	-593.254179345021	687.408684274139	254	48	5	13	192	275	153	13	2	69	13736	1149	917	70	1151	1109	52	0	0	0	0	0	-265	-10	6	0
8	1	1	0	97	31	down	1	512	543.033821992276	1038.76284907334	554.864450756767	757.1011771789	520.278980277895	1069.04620969839	511.583862937909	673.452755996817	512	512	194.593275133272	128.820060756496	-593.389135198079	687.721354686983	249	52	6	10	195	259	167	12	3	71	13787	1101	922	62	1069	1086	84	0	0	0	0	0	-219	-8	7	0
8	1	1	0	97	31	down	2	512	538.014568410713	1066.99965431996	547.375491765455	758.359554246192	540.662978943834	1103.17082562757	527.846930664304	693.373215031061	512	512	174.617441809062	110.086021081576	-593.49003760367	687.956591004104	250	60	3	11	188	260	182	12	2	56	13770	1157	881	64	1061	1039	66	0	0	0	0	0	-324	-7	7	0
8	1	1	0	97	31	down	3	512	563.821072905718	1150.35176689909	568.074956030504	802.118824301867	518.446164547897	1032.0258131431	508.917412149781	653.424391894607	512	512	184.224141004104	114.71295129021	-593.382344706575	687.705886902953	238	52	5	12	205	255	172	11	3	71	13861	1094	853	64	1023	1127	69	0	0	0	0	0	-270	-9	6	0
8	1	1	0	98	30	down	0	512	536.210096570397	1097.46129130531	533.710221875799	725.459358691891	495.260799661657	710.936689423854	514.789354214782	632.160088718027	512	512	191.804089172003	122.245032053731	-593.461842932294	687.891350397148	251	63	7	12	179	247	197	3	3	62	13331	1049	916	64	1042	1097	60	0	0	0	0	0	-152	-6	6	0
8	1	1	0	98	30	down	1	512	491.353961949459	876.806298831754	506.91390308923	652.377584632831	506.891989267904	836.240454867562	518.16200260699	651.83870596165	512	512	173.349823468324	109.138222554929	-593.424626344696	687.803697432559	258	76	6	8	164	247	189	6	6	64	13325	1141	839	55	1035	1127	55	0	0	0	0	0	-333	-10	7	0
8	1	1	0	98	30	down	2	512	541.910169884141	1136.07503343275	531.314058342681	715.190367056509	529.424878311645	1083.90341728465	521.005094304639	684.746163158888	512	512	178.657314232569	115.837523428432	-593.509078955463	687.999899056741	267	53	6	13	173	259	173	12	4	64	13390	1053	857	60	1167	1126	56	0	0	0	0	0	-240	-6	6	0
8	1	1	0	98	30	down	3	512	524.68319221476	1101.47325241814	510.020378329943	651.703410461631	539.540399801024	1105.27637125955	526.735322207358	688.083051531563	512	512	178.996721533826	114.200841820094	-593.442768909921	687.846294635405	281	57	5	13	156	249	184	12	4	63	13370	1077	853	60	1109	1167	61	0	0	0	0	0	-254	-7	6	0
8	1	1	0	99	29	down	0	512	537.255661386953	1128.75529918017	518.049911347314	671.013583473762	525.126024590715	1011.47459933465	523.272398163839	672.269196928034	512	512	169.186385402117	114.081290168909	-593.285237391632	687.481086829818	270	56	2	13	171	246	185	10	3	68	12837	1060	895	56	1172	1105	58	1	0	0	2	0	-167	-7	7	0
8	1	1	0	99	29	down	1	512	479.568743690706	781.192993281422	499.583279727069	619.855103495716	553.848343830073	1297.20451781715	523.528773573371	713.842682452524	512	512	184.328032682372	125.027189763657	-593.506441535417	687.993696332841	270	70	4	6	162	272	161	17	5	57	12970	969	853	56	1193	1182	72	1	0	0	2	0	-132	-6	5	0
8	1	1	0	99	29	down	2	512	545.605218199144	1219.52647627215	518.922773775363	679.729055502199	499.549490109143	886.101641228068	515.430187261472	672.088424747475	512	512	168.112167701345	102.4721733528	-593.407581798667	687.764401358695	259	65	1	15	172	271	167	8	3	63	12854	1051	897	46	1163	1105	66	0	0	0	0	0	-183	-8	7	0
8	1	1	0	99	29	down	3	512	509.894981611955	976.646652059863	508.95340985703	655.27030441065	539.559653382588	1069.14821313324	528.131412641127	675.649313675574	512	512	165.2247568702	104.666151647335	-593.092828286003	687.035789968647	266	66	4	10	166	252	189	11	2	58	12808	1112	861	67	1141	1099	73	1	0	0	2	0	-261	-7	6	0
8	1	1	0	100	28	down	0	512	482.831122903199	888.962386879777	487.882957704401	601.761382231938	512.313422131643	1054.81206109962	520.935680488966	707.083249550328	512	512	173.515800820424	109.107332953658	-593.259850942189	687.421942721405	282	72	3	9	146	259	160	12	5	76	12312	1082	877	65	1177	1204	60	0	0	0	0	0	-248	-8	7	0
8	1	1	0	100	28	down	1	512	497.40969003946	887.39299658677	507.819072455026	639.98331022984	513.081419463521	948.471489582951	519.617968282246	682.872000234153	512	512	175.016640734888	115.370301549651	-593.606610847077	688.224919092529	258	72	5	8	169	261	175	9	4	63	12573	964	759	40	1146	1115	76	0	0	0	0	0	-202	-8	6	0
8	1	1	0	100	28	down	2	512	548.168597063219	1090.22715510159	541.206389417976	735.932911276911	497.399526766015	990.129130440981	500.979997116337	644.786641348231	512	512	158.099503487271	103.64377021722	-593.49394432981	687.965017158812	238	61	1	11	201	269	151	11	4	77	12400	1021	847	68	1221	1068	58	0	0	0	0	0	-175	-11	6	0
8	1	1	0	100	28	down	3	512	483.849416795399	794.596546220932	495.326643890174	602.370232016149	509.492802329779	878.139790085847	520.34542262427	659.591930614281	512	512	165.241582981589	103.991925129811	-593.338353282552	687.604130329361	259	75	1	6	171	249	189	7	0	67	12377	1058	841	60	1176	1175	79	0	0	0	0	0	-258	-8	6	0
8	1	1	0	101	27	down	0	512	527.131049589455	1003.7189379477	519.795241918984	671.727041610608	529.26175935102	1009.95707771577	523.902513845737	674.057671262999	512	512	158.112911296354	98.6447770199357	-593.206346023684	687.298904458657	270	51	4	10	177	265	181	10	3	53	11921	1067	765	71	1195	1168	74	0	0	0	0	0	-359	-6	5	0
8	1	1	0	101	27	down	1	512	474.712609069768	735.1278041829	497.677859729634	606.911260786784	536.574841654773	1098.9867911311	528.937646608156	702.734112272618	512	512	145.782776906106	88.9874361511681	-593.457632713756	687.880956438063	277	66	2	5	162	253	181	12	3	63	12029	998	742	55	1247	1193	74	0	0	0	0	0	-291	-7	8	0
8	1	1	0	101	27	down	2	512	511.757214196961	948.940227489298	512.01935579979	661.877750761222	517.515048255394	1064.42004509088	506.232023352429	639.625794364473	512	512	173.42002766811	108.430689699834	-593.460241454998	687.886743702146	258	67	1	9	177	259	165	12	3	73	11978	957	840	49	1120	1215	65	0	0	0	0	0	-138	-6	7	0
8	1	1	0	101	27	down	3	512	537.255661386953	1165.81073070985	521.422589982836	693.202145176542	494.694428453531	818.940676461466	514.370069155761	673.43970494777	512	512	166.672938491086	104.592021800102	-593.389959263778	687.723718660998	266	62	3	14	167	241	183	6	5	77	11970	982	815	57	1229	1163	66	0	0	0	0	0	-177	-9	6	0
8	1	1	0	102	26	down	0	512	501.113828662581	889.177473444717	499.515313334813	606.663091743314	497.121959281337	741.354864255732	515.361794924181	619.350982068573	512	512	157.646275224902	103.847716521913	-593.324623405883	687.572106593134	272	62	1	8	169	268	187	4	1	52	11597	893	768	54	1352	1294	83	0	0	0	0	0	-129	-8	6	0
8	1	1	0	102	26	down	1	512	494.424878311645	917.258182379945	494.168874052681	610.998921278539	545.096607735707	1107.89987095584	543.320451415019	734.237426231353	512	512	147.840253468836	91.9819013842346	-593.339028396629	687.605692355511	263	76	2	9	162	262	182	12	6	50	11565	986	709	52	1275	1264	67	0	0	0	0	0	-284	-7	5	0
8	1	1	0	102	26	down	2	512	527.899046921333	1082.70873967005	521.794783955921	693.489629310727	528.46541812946	1122.92647875116	519.662310863456	688.754267966271	512	512	147.545464769352	99.5176217010964	-593.542162829304	688.0764212149	260	66	0	12	174	250	172	13	2	75	11585	902	775	50	1257	1140	77	1	0	0	2	0	-147	-6	5	0
8	1	1	0	102	26	down	3	512	542.40969003946	1218.17570234615	524.503256122498	717.093989905876	504.444131893208	971.076808663002	507.918001538004	647.247903715906	512	512	163.281935153257	100.156799415827	-593.355223282978	687.643295487632	250	73	1	15	173	258	165	10	4	75	11503	947	813	49	1233	1164	57	0	0	0	0	0	-144	-6	6	0
8	1	1	0	103	25	down	0	512	520.163458788515	1137.64664792818	505.226226086578	664.621317857506	559.031789337587	1210.70519747293	561.347033442101	792.225961834206	512	512	145.677856454431	90.3189610121422	-593.500996953844	687.9818377278	265	75	3	14	155	248	190	14	2	58	11136	877	728	59	1306	1262	87	0	0	0	0	0	-167	-8	7	0
8	1	1	0	103	25	down	1	512	467.064198536647	653.983240670601	478.630531956711	543.473978840278	583.79165605071	1395.05198022962	570.155284180296	831.240302394908	512	512	153.69939028933	89.9695451503109	-593.199803775782	687.283113436982	271	68	1	3	169	246	188	18	4	56	11050	954	742	54	1244	1252	77	1	0	0	2	0	-276	-8	7	0
8	1	1	0	103	25	down	2	512	501.939586739149	970.895879786544	495.228985460292	621.713969139274	565.730902961968	1116.94378621317	576.366026696959	818.079590704398	512	512	145.159344072885	90.9455679552712	-593.361365978788	687.657515659166	251	82	2	10	167	242	211	11	3	45	11113	907	728	52	1293	1215	70	0	0	0	0	0	-221	-6	6	0
8	1	1	0	103	25	down	3	512	531.603185544455	1195.63290332172	509.689125490244	669.644741336086	579.771442779784	1290.91363208904	568.130146681985	809.456354238273	512	512	138.628571524047	87.134989302447	-593.249554536454	687.398645933779	258	75	3	15	161	225	208	15	3	61	11067	979	704	50	1297	1229	74	0	0	0	0	0	-296	-6	5	0
8	1	1	0	104	24	down	0	512	491.804811668206	948.59565240828	484.413450704216	613.864780780401	480.00033982789	926.165936513939	475.823223455578	589.16744467785	512	512	136.145667512076	86.3013449673228	-593.376765441604	687.693321567023	262	82	3	10	155	267	144	10	4	87	10723	826	705	34	1322	1259	79	1	0	0	2	0	-149	-7	7	0
8	1	1	0	104	24	down	1	512	464.510982946016	754.657291046303	468.769412906969	540.888285470539	477.706511105701	920.118928031653	481.949313020053	618.476290730279	512	512	144.401240159888	89.1984004572094	-593.294645250603	687.503994871812	273	79	4	6	150	274	141	10	2	85	10661	858	713	56	1337	1292	82	0	0	0	0	0	-174	-7	5	0
8	1	1	0	104	24	down	2	512	468.906104574763	868.751299747504	466.300620410593	557.951643686607	456.219186878516	777.86083654878	463.148650609823	534.853319426316	512	512	149.230180499159	94.0370303878047	-593.204874294427	687.295537688546	273	87	5	9	138	273	141	7	1	90	10478	912	809	89	1347	1330	81	0	0	0	0	0	-141	-7	7	0
8	1	1	0	104	24	down	3	512	512.285078241961	1098.49632214802	487.488442122795	612.651160947385	483.109763353203	894.308288218875	473.943542390401	555.713825029291	512	512	173.24703743288	106.472440216118	-593.399232634556	687.744621880819	242	91	4	13	162	270	150	9	4	79	10746	793	695	54	1245	1399	68	0	0	0	0	0	-96	-6	5	0
8	1	1	0	105	23	down	0	512	542.35192929477	1178.33845060637	529.735351475774	707.567920885472	553.609283508522	1161.45109302767	548.224725264688	761.154420955238	512	512	140.255032663292	93.9960452976832	-593.374350502401	687.687799654607	257	64	3	14	174	257	187	13	3	52	10211	866	654	45	1292	1354	84	0	0	0	0	0	-222	-6	6	0
8	1	1	0	105	23	down	1	512	531.700526417597	919.732258372095	545.775534094696	711.356510035484	506.172662372597	952.8923417211	515.670324581231	681.688076850028	512	512	123.56951776673	82.2260555724719	-593.417142046967	687.786261253105	236	58	3	7	208	224	183	9	5	91	10131	890	684	71	1282	1263	79	0	0	0	0	0	-257	-7	7	0
8	1	1	0	105	23	down	2	512	537.381346149778	994.474158625852	542.207051317659	711.514712286851	525.201965951641	999.170821495888	524.070277263381	681.67204116326	512	512	128.177150885798	82.6086973465541	-593.307673517381	687.533750874157	249	53	4	9	197	275	175	10	2	50	10214	843	677	42	1442	1314	103	0	0	0	0	0	-191	-8	6	0
8	1	1	0	105	23	down	3	512	535.154368480396	1131.90120134561	532.671554926398	719.356931026494	483.609283508522	902.271486277602	489.138666341971	600.686487941493	512	512	144.759634921726	97.9786964425676	-593.455309679704	687.875861465956	255	67	2	13	175	257	157	9	1	88	10192	792	751	41	1396	1302	67	0	0	0	0	0	-41	-6	6	0
8	1	1	0	106	22	down	0	512	514.368190532281	850.968173937749	525.467568123344	684.646845834961	507.265824660398	941.402754155614	519.616570154053	685.015704125084	512	512	137.001934106285	92.1160316884144	-593.437623665299	687.834291898866	241	62	7	6	196	255	173	9	4	71	9704	809	709	42	1364	1329	78	0	0	0	0	0	-119	-8	7	0
8	1	1	0	106	22	down	1	512	485.029756682898	758.164173678744	497.024963101502	595.052706360187	545.384338493829	1179.85374802284	530.092380140146	712.139075678733	512	512	137.099306481271	88.6109785255686	-593.382751919985	687.707167131993	263	67	3	5	174	264	173	14	4	57	9772	825	625	42	1399	1385	82	0	0	0	0	0	-208	-6	5	0
8	1	1	0	106	22	down	2	512	480.538367146335	787.68213187474	494.347082352028	617.103958746409	511.104738354462	875.487458391825	523.178276379603	663.86316683339	512	512	134.181029091726	88.515963885166	-593.454248232464	687.873075419271	256	77	7	6	166	258	185	7	3	59	9796	783	638	47	1323	1394	77	0	0	0	0	0	-185	-7	6	0
8	1	1	0	106	22	down	3	512	490.278980277895	836.181464614014	498.769948348736	619.103842911613	541.843318831333	1140.84931614474	527.630323097005	697.989054096773	512	512	128.306418592591	79.1338435375094	-593.318619938431	687.558755779436	267	68	4	7	166	256	177	13	6	60	9785	775	658	46	1432	1361	92	0	0	0	0	0	-145	-6	6	0
8	1	1	0	107	21	down	0	512	504.828130559147	973.502974096845	505.840442283935	646.12712221048	522.218227189153	970.858192295989	518.746348619821	663.910026353396	512	512	115.905464010114	71.7971567190813	-593.445212411999	687.851295781108	255	77	3	10	167	243	187	9	6	67	9397	714	602	39	1437	1350	71	0	0	0	0	0	-141	-7	5	0
8	1	1	0	107	21	down	1	512	555.355994604148	1165.26306736189	538.713043416974	731.349354236892	471.411722694148	699.641334632485	494.809681805031	594.873806144799	512	512	111.154425292874	73.8028928442033	-593.517371299837	688.019297363798	255	52	3	13	189	263	169	4	3	73	9390	745	585	32	1363	1270	78	1	0	0	2	0	-168	-6	4	0
8	1	1	0	107	21	down	2	512	510.64372536227	1017.62714105386	501.485098300368	633.112635245195	539.424878311645	1136.82137795966	529.029673337726	697.771203583447	512	512	124.593493635783	79.9624601450111	-593.259603157167	687.422091914197	257	75	4	11	165	259	176	13	3	61	9296	778	623	55	1415	1439	81	0	0	0	0	0	-150	-7	7	0
8	1	1	0	107	21	down	3	512	477.6690769079	748.946879438126	508.301656697815	649.241112780408	517.188810334145	1064.74909207183	514.715467697854	692.089959106208	512	512	128.711004245914	85.8189284971712	-593.423043533132	687.800852021792	255	77	4	5	171	255	165	12	5	75	9283	799	617	53	1347	1420	87	0	0	0	0	0	-196	-9	6	0
8	1	1	0	108	20	down	0	512	487.02569137352	794.993438948243	495.111243389851	594.695478514891	500.480606401646	853.707409280289	519.591995345496	659.507152314881	512	512	135.729333496273	88.9790178440787	-593.320215853005	687.562891635005	265	67	6	6	168	267	174	7	3	61	8825	763	605	47	1351	1446	90	0	0	0	0	0	-156	-7	5	0
8	1	1	0	108	20	down	1	512	499.031789337587	819.113178158847	501.344800116832	603.096980883654	527.793688705398	974.43557319096	523.469990463279	662.334758532285	512	512	109.527752619409	75.5826738197131	-593.476429143724	687.923976546814	260	63	2	6	181	259	187	9	3	54	8913	753	544	30	1428	1304	71	0	0	0	0	0	-225	-9	4	0
8	1	1	0	108	20	down	2	512	513.781492777265	1090.33356562442	504.03150179705	664.176316015969	532.976061247586	1057.22714683822	531.453778153278	708.36640398091	512	512	110.704764678367	73.9219800988681	-593.480783183323	687.934498049023	265	75	5	13	154	252	183	11	4	62	8878	769	556	37	1431	1461	77	0	0	0	0	0	-228	-7	6	0
8	1	1	0	108	20	down	3	512	475.374175220385	875.135333417641	485.733783474074	614.294684042398	543.532269182269	1253.09898044854	526.04341012875	720.399178308148	512	512	101.28766197298	77.9808199906469	-593.62248055955	688.262131083231	283	76	5	9	139	253	166	16	4	73	8939	748	506	47	1388	1373	83	0	0	0	0	0	-281	-8	5	0
8	1	1	0	109	19	down	0	512	511.997347483839	989.513621346656	507.904438032467	637.187335923161	493.081419463521	842.662176028253	505.502537558162	623.222401664216	512	512	110.780513273949	74.8813247599646	-593.60030487346	688.211095496112	248	77	1	10	176	265	170	7	2	68	8542	596	557	33	1482	1354	73	0	0	0	0	0	-58	-6	4	0
8	1	1	0	109	19	down	1	512	512.313422131643	1054.81206109962	506.676882505991	661.583323808047	531.075321499455	1083.10563239737	526.465849489565	701.000356731947	512	512	119.263385574429	76.4687230192549	-593.373050740252	687.684181912998	259	76	5	12	160	266	171	12	5	58	8466	680	551	31	1400	1448	104	0	0	0	0	0	-137	-8	5	0
8	1	1	0	109	19	down	2	512	499.146237861641	956.885673245531	494.471343541817	613.56601348725	509.703518761649	909.302534214384	524.133933003668	686.020297568714	512	512	102.472423355373	65.5971895379764	-593.626244113306	688.271806261547	271	71	3	10	157	255	179	8	5	65	8405	687	588	48	1478	1429	98	1	0	0	2	0	-99	-6	5	0
8	1	1	0	109	19	down	3	512	466.747050923516	683.838224054447	490.556480549786	581.739335675118	512.976061247586	1025.52869634288	513.866368029851	682.971345752299	512	512	113.845948510787	78.712966442466	-593.387350891619	687.717411106345	281	65	3	4	159	248	170	11	4	79	8428	647	613	40	1483	1451	85	0	0	0	0	0	-62	-6	5	0
8	1	1	0	110	18	down	0	512	474.875728030392	846.129575281464	490.672468730539	624.960198655156	521.28711089665	966.19699271409	536.730786003709	720.943349860118	512	512	96.3597936144971	74.2655560372798	-593.355980267802	687.644965116237	267	83	4	8	150	251	184	9	5	63	7992	691	489	44	1541	1506	81	0	0	0	0	0	-238	-6	4	0
8	1	1	0	110	18	down	1	512	470.882785683822	830.569036349595	468.268333973544	536.307457907848	535.480606401646	983.297212655321	541.12653914693	705.475641242765	512	512	104.19640621516	69.5903381557818	-593.327630681458	687.579208403006	288	73	3	8	140	267	189	9	4	43	8002	655	513	46	1482	1513	90	0	0	0	0	0	-158	-6	5	0
8	1	1	0	110	18	down	2	512	495.673142217278	780.871496193647	509.602369178062	627.059799541249	499.531309492906	789.99433689258	514.921371558371	637.916920432348	512	512	101.601033674823	71.2540820499336	-593.411088055556	687.772987185405	253	66	2	5	186	247	191	5	2	67	8040	671	473	32	1520	1420	82	0	0	0	0	0	-218	-5	5	0
8	1	1	0	110	18	down	3	512	497.322512439762	986.446644622829	485.561368329484	601.958882674502	540.81700759634	1147.59122879355	533.067636789844	721.016162817913	512	512	120.268786763865	77.6111418982684	-593.668791922584	688.369735388663	277	72	4	11	148	240	184	13	3	72	8045	619	521	31	1471	1522	100	0	0	0	0	0	-84	-7	4	0
8	1	1	0	111	17	down	0	512	498.272882313828	917.924254548738	498.41307439209	615.221235743532	512.486704365713	877.800540695578	531.091951198271	683.59555968695	512	512	108.963269203341	72.0662258976144	-593.39949367004	687.746035220872	276	65	2	9	160	258	186	7	3	58	7565	608	507	24	1465	1509	96	0	0	0	0	0	-113	-5	6	0
8	1	1	0	111	17	down	1	512	537.639660052892	1279.40319073273	518.68167105932	727.958304682447	573.072329155403	1199.37127790509	570.032286551316	800.869812747606	512	512	102.007701843189	77.922897698333	-593.300004207499	687.516217482339	251	82	5	17	157	247	206	13	1	45	7519	631	521	33	1609	1548	87	0	0	0	0	1	-132	-9	6	0
8	1	1	0	111	17	down	2	512	511.113828662581	1016.20629717908	496.44620550861	614.44883953535	538.273955279154	1034.3362429307	556.448823363402	780.692675813854	512	512	110.285259150181	76.9154251537019	-593.408191445454	687.765488259874	264	71	2	11	164	239	194	10	8	61	7555	574	550	25	1456	1502	79	0	0	0	0	0	-39	-6	4	0
8	1	1	0	111	17	down	3	512	521.190842988834	1072.80674367224	501.314347345097	636.643185443153	574.424878311645	1377.60408371904	558.371737637533	789.919530676533	512	512	104.154388676505	72.1307012817623	-593.395257519973	687.736569290721	256	73	1	12	170	251	180	18	3	60	7569	586	519	30	1494	1433	85	0	0	0	0	0	-63	-7	6	0
8	1	1	0	112	16	down	0	512	466.411722694148	728.778805487157	468.07801874809	532.488284992601	469.684265180086	733.812065231301	485.734609858171	576.23378225938	512	512	96.8465330768312	65.4719776211263	-593.50118162844	687.981807240364	259	83	3	5	162	260	164	5	3	80	7066	601	486	39	1510	1461	89	1	0	0	2	0	-145	-6	5	0
8	1	1	0	112	16	down	1	512	455.258653731005	763.788987238059	453.070526244683	515.611798274954	497.418780347578	879.863501459997	503.152962729247	624.09738404536	512	512	98.2355204553721	69.5799481875604	-593.461410077159	687.889042285229	297	74	5	7	129	276	163	8	4	61	7125	582	450	35	1491	1546	101	0	0	0	0	0	-123	-6	5	0
8	1	1	0	112	16	down	2	512	470.049010264462	809.448428116449	470.491366822189	553.007037115531	533.503925292587	1132.67237843758	511.721040189969	662.715753762272	512	512	114.400203952897	77.153870860864	-593.417516415911	687.787603560285	254	92	1	7	158	244	176	13	5	74	7125	533	502	32	1473	1593	91	0	0	0	0	0	-3	-6	5	0
8	1	1	0	112	16	down	3	512	475.652815670389	843.452411022376	467.203708808555	542.192331996931	506.1229189707	1037.81427290698	491.513815801486	609.322962001669	512	512	102.422936574177	67.7628113231664	-593.404167531321	687.757315088597	279	76	1	8	148	278	151	12	1	70	7141	544	480	27	1581	1525	76	0	0	0	0	0	-70	-6	5	0
8	1	1	0	113	15	down	0	512	513.349896640081	982.442661716902	513.61496313587	651.015340109261	507.611316163211	867.863509723367	514.457456505226	620.609865762152	512	512	86.8319626262308	66.0490821365886	-593.39061389312	687.724549963765	268	63	2	10	169	262	181	7	3	59	6595	587	463	35	1523	1517	109	0	0	0	0	0	-122	-5	5	0
8	1	1	0	113	15	down	1	512	565.019593409454	1321.24620887205	539.807690443349	749.930331665301	559.684265180086	1247.07592724541	540.325391614583	731.349835667879	512	512	67.5295219213341	64.3666852225786	-593.439505555549	687.838620266871	262	56	3	17	174	248	185	15	3	61	6614	593	447	26	1597	1451	77	0	0	0	0	0	-156	-6	6	0
8	1	1	0	113	15	down	2	512	495.576874309462	850.399207826801	510.301969397746	640.484132279285	552.679240181345	1172.77615710268	541.741027908209	745.097694577184	512	512	92.7838856879167	72.9520046657076	-593.287510408058	687.486359680266	258	71	1	7	175	228	197	13	3	71	6669	529	450	32	1634	1592	87	0	0	0	0	0	-88	-5	5	0
8	1	1	0	113	15	down	3	512	492.19897360759	700.037350073883	518.333330067039	635.207479902797	539.779460122576	1203.97436451935	526.655516257081	714.918271778973	512	512	103.993041036644	75.5520725276925	-593.473747094886	687.918030851822	260	56	3	3	190	268	162	15	5	62	6677	538	434	31	1515	1606	87	0	0	0	0	0	-113	-5	5	0
8	1	1	0	114	14	down	0	512	474.559653382588	706.693664673833	482.47885992484	555.105016596392	517.947717357905	854.745113297584	541.078697524145	720.356781319445	512	512	80.6962861617967	65.6671075291748	-593.401680307396	687.750908269948	260	73	2	4	173	247	197	6	6	56	6198	550	390	30	1650	1745	111	0	0	0	0	0	-173	-6	6	0
8	1	1	0	114	14	down	1	512	483.235448116027	797.109186989549	488.352926947008	581.897217514373	577.02569137352	1456.53224267169	544.6248309204	769.952282864695	512	512	86.0312437923541	62.6665151997039	-593.437992666731	687.835331137142	249	81	3	6	173	245	175	20	2	70	6219	500	424	25	1567	1619	105	0	0	0	0	0	-103	-5	5	0
8	1	1	0	114	14	down	2	512	519.463385474771	1069.86882715074	510.589209403658	672.854455591168	495.634635054152	741.961517857235	516.497838188371	640.700520470073	512	512	101.03390561719	74.6134799299985	-593.319024083228	687.559435276072	249	76	8	12	167	259	188	4	3	58	6239	475	424	30	1662	1795	112	0	0	0	0	0	-55	-4	5	0
8	1	1	0	114	14	down	3	512	473.129016934766	879.399640272229	471.843478130388	559.231694735048	539.424878311645	1099.76594642998	536.290153461338	711.733792925815	512	512	77.0913743348973	61.460980518494	-593.443294461226	687.847100164046	269	88	1	9	145	263	180	12	2	55	6262	474	409	23	1658	1644	86	0	0	0	0	0	-72	-5	4	0
8	1	1	0	115	13	down	0	512	504.405624730082	969.248869651584	496.795494789622	612.564973940236	535.778500433213	1026.65242672278	539.32701550698	726.346074782668	512	512	88.5013540229529	63.8506822898969	-593.423782980808	687.802161413965	264	72	2	10	164	254	191	10	1	56	5784	463	375	34	1708	1624	115	0	0	0	0	0	-108	-5	4	0
8	1	1	0	115	13	down	1	512	505.422845656956	933.007628395183	506.825905097038	641.306275060783	553.772402469146	1235.39743259655	537.688385441683	744.77450793586	512	512	76.3936863616548	62.9587919687291	-593.625043490574	688.268756166256	270	64	1	9	168	251	179	15	4	63	5771	487	370	28	1625	1619	69	0	0	0	0	0	-133	-5	5	0
8	1	1	0	115	13	down	2	512	487.639660052892	866.591661238983	494.397340413458	607.721730688709	525.154368480396	967.816946081565	532.288285423474	687.238184288413	512	512	77.9212464146491	64.0046338986055	-593.482297891134	687.937780197021	267	73	6	8	158	267	184	9	0	52	5752	492	385	27	1593	1622	84	0	0	0	0	0	-125	-6	4	0
8	1	1	0	115	13	down	3	512	468.858507103518	800.341992803503	471.616403512921	556.841323715544	550.749083578205	1263.38146378768	544.153077593774	776.283752677549	512	512	74.7129158049719	57.7467812581891	-593.61296033713	688.2404170105	269	83	2	7	151	254	169	16	7	66	5756	487	380	33	1578	1651	93	1	0	0	2	0	-124	-5	5	0
8	1	1	0	116	12	down	0	512	542.93755408446	1256.56550241584	514.803745896456	682.49517417656	554.040879645706	1269.3686047305	528.028306442626	702.276326135645	512	512	85.3544681264381	62.6546030022046	-593.490148606695	687.956279162893	246	79	1	16	170	258	173	16	2	63	5287	447	387	23	1601	1671	89	1	0	0	2	0	-58	-5	4	0
8	1	1	0	116	12	down	1	512	487.697420797582	869.373481449083	495.607728462746	617.380797767617	521.910169884141	1030.26571987806	525.572884989612	690.246876059334	512	512	64.6963416734774	58.1517259315412	-593.339304470044	687.606852676025	264	76	3	8	161	271	168	11	4	58	5317	434	363	30	1717	1690	97	0	0	0	0	0	-88	-4	4	0
8	1	1	0	116	12	down	2	512	487.361019602888	898.327799224878	483.107772115153	575.709114609297	528.897014266644	1045.51361721497	530.411513022611	700.509712043184	512	512	53.7322081621433	50.8450351955454	-593.449610848542	687.861904187471	279	71	2	9	151	263	176	11	4	58	5361	407	353	23	1728	1608	79	0	0	0	0	0	-72	-5	4	0
8	1	1	0	116	12	down	3	512	482.073288844766	929.62225607191	474.956728389079	574.722737912596	539.396534421963	1106.36816815339	549.206515260466	765.684534206187	512	512	85.7264117201728	62.5037282273772	-593.414890670278	687.781639458734	265	86	6	10	145	246	185	12	4	65	5292	433	392	27	1626	1698	89	2	0	0	4	0	-42	-5	5	0
8	1	1	0	117	11	down	0	512	444.069223535388	606.584560317985	465.807542427233	524.26069461574	579.694428453531	1287.23114627089	576.554508487526	856.340042889728	512	512	71.4665647309522	60.1799550407482	-593.459232261228	687.884175838692	287	73	5	3	144	233	205	15	3	56	4901	414	296	21	1673	1637	104	0	0	0	0	0	-119	-4	4	0
8	1	1	0	117	11	down	1	512	514.991249519772	1026.25641128138	508.895419053837	664.395387820095	534.243578734783	958.849773380281	541.276860717899	710.836439529916	512	512	53.905250298562	49.6735907062767	-593.249549316396	687.398410112267	257	73	1	11	170	241	205	8	0	58	4851	444	297	40	1738	1761	95	0	0	0	0	2	-199	-6	4	0
8	1	1	0	117	11	down	2	512	507.620406471329	1008.58234851062	503.084578895428	642.809601772329	521.842245866006	1167.30207284716	510.913453761456	682.070719014744	512	512	63.7744384030575	58.1204642755319	-593.636945691809	688.296696352546	268	71	2	11	160	285	144	15	3	65	4973	353	293	13	1712	1645	86	0	0	0	0	1	-66	-6	4	0
8	1	1	0	117	11	down	3	512	499.9051448854	858.07459685564	504.52262369992	630.982077136221	530.212129225086	978.490119171356	535.966084564953	712.642199069195	512	512	64.4061391077888	55.6532543532437	-593.448639039083	687.860147778182	255	69	3	7	178	260	189	9	2	52	4837	422	353	20	1702	1729	70	1	0	0	2	0	-77	-5	4	0
8	1	1	0	118	10	down	0	512	509.694428453531	953.914068666151	505.680675871425	631.970160119698	546.517080910083	1223.26040245068	537.051497102752	733.008472768219	512	512	51.4164326882756	52.7855549607342	-593.373893339538	687.686773974956	237	81	3	9	182	252	174	15	3	68	4431	388	277	24	1764	1737	109	0	0	0	0	0	-115	-4	4	0
8	1	1	0	118	10	down	1	512	474.616341161951	730.518044961382	484.638473921923	556.435502893428	528.407657384771	1046.0337954817	528.243243155644	694.640688857479	512	512	59.1014859091099	55.5770909206334	-593.355880611845	687.644362684423	286	60	3	5	158	261	177	11	3	60	4415	381	314	10	1711	1717	113	2	0	0	4	0	-79	-4	4	0
8	1	1	0	118	10	down	2	512	530.557620727899	1053.19920865314	516.606581009809	669.430250645134	543.628537090085	1109.46040575603	533.816861612545	697.550775689313	512	512	46.4856209971153	59.4919281777513	-593.465083988037	687.897683232548	255	63	1	11	182	256	185	12	3	56	4385	434	275	26	1809	1729	117	0	0	0	0	0	-179	-5	4	0
8	1	1	0	118	10	down	3	512	526.420813002267	1075.75929034947	511.420676711688	667.495749960264	509.914235193519	903.463062403872	513.139326458975	628.717331225375	512	512	60.2702467420433	60.3991265773891	-593.406958026002	687.763081840061	265	62	5	12	168	273	175	8	1	55	4496	331	268	25	1795	1761	104	0	0	0	0	0	-69	-4	4	0
8	1	1	0	119	9	down	0	512	518.110836318529	965.773492191464	505.482587558477	621.99670323145	533.551522763832	1052.85995926287	540.710092259268	729.309408467824	512	512	67.4269909985569	59.582691597637	-593.396038443437	687.737558054488	241	72	4	9	186	264	179	11	4	54	4019	300	270	19	1688	1812	106	0	0	0	0	0	-48	-4	3	0
8	1	1	0	119	9	down	1	512	487.745018268827	900.753964658721	489.086137893833	594.521517494112	557.746091234153	1101.80897200634	567.698334092643	782.949496592649	512	512	64.3140290829714	56.1619971133826	-593.589499441806	688.185920676102	276	73	1	9	153	247	204	11	2	48	4047	302	239	20	1718	1732	103	0	0	0	0	0	-67	-4	3	0
8	1	1	0	119	9	down	2	512	493.119926626648	918.627585894343	483.696905579401	582.873879875226	577.353002260096	1175.69279151961	581.537832054291	818.613847997501	512	512	37.6636048307875	59.1605024929622	-593.432800451774	687.823203351904	255	82	2	9	164	236	218	12	1	45	3979	339	271	19	1894	1635	81	0	0	0	0	1	-66	-5	5	0
8	1	1	0	119	9	down	3	512	491.890916302578	907.693211569979	486.940662422508	587.377416140445	550.999380138528	1090.05242920179	572.486994147879	816.561618073679	512	512	58.4393397496865	59.002627627423	-593.403074225854	687.754179242667	276	70	1	9	156	245	198	11	5	53	4065	293	235	15	1789	1792	90	0	0	0	0	0	-64	-4	3	0
8	1	1	0	120	8	down	0	512	511.392469112585	1021.55219851818	500.509232506545	643.433349279354	556.306364478214	1207.90697187684	552.160547971809	778.027574656265	512	512	59.489438375046	57.6637069850808	-593.266859237447	687.4377078618	252	78	3	11	168	242	189	14	4	63	3572	271	246	7	1789	1901	123	0	0	0	0	0	-27	-3	3	0
8	1	1	0	120	8	down	1	512	455.422845656956	705.499864345145	457.699091027781	522.031391991414	578.186777679456	1345.03512587147	566.121628561071	829.842223158102	512	512	55.1222492823199	49.3714565491327	-593.47156351592	687.913566300126	270	84	3	5	150	254	184	17	7	50	3598	251	232	15	1698	1834	98	0	0	0	0	0	-45	-4	4	0
8	1	1	0	120	8	down	2	512	481.38230583914	965.561058142685	465.465064459632	554.646726184571	558.964938284779	1104.28657780056	562.786655960125	781.171072275205	512	512	44.4817859581926	50.3872231849663	-593.451465362452	687.866253019705	267	91	1	11	142	245	205	11	3	48	3493	324	263	16	1836	1843	101	1	0	0	2	0	-69	-3	4	0
8	1	1	0	120	8	down	3	512	475.403592075393	810.408512291791	469.327745604011	549.15297968837	520.375248185711	888.352203476201	542.301619493028	717.609286390133	512	512	48.4787800254118	51.0293764200602	-593.593823816373	688.195874104315	271	77	2	7	155	266	190	7	1	48	3589	255	241	11	1760	1723	106	0	0	0	0	0	-12	-3	3	0
8	1	1	0	121	7	down	0	512	460.019593409454	673.008954653263	470.692913668484	528.810234914584	564.214161879775	1293.49677112019	561.574509598689	811.329471709711	512	512	22.6182845066256	45.4729443022633	-593.523303252274	688.032761924705	278	71	5	4	154	241	186	16	3	66	3156	226	191	11	1915	1722	105	1	0	0	2	1	-41	-5	4	0
8	1	1	0	121	7	down	1	512	467.831122903199	791.04442620477	471.964188463394	546.479727146388	561.28711089665	1103.73136455944	575.318323679552	805.528048651737	512	512	43.8764009337698	54.573373604074	-593.57977014756	688.163747105473	282	74	6	7	143	255	203	11	3	40	3157	232	184	11	1816	1798	92	0	0	0	0	1	-54	-4	4	0
8	1	1	0	121	7	down	2	512	471.929423465704	766.629797701706	481.66845502855	578.801489456268	597.419853312904	1387.89411695135	590.557342383907	874.110947509403	512	512	38.4230881094933	49.4197221331058	-593.415172354165	687.782094829545	274	73	4	6	155	231	207	17	6	51	3082	275	216	11	1923	1839	117	0	0	0	0	1	-53	-5	3	0
8	1	1	0	121	7	down	3	512	469.991249519772	769.611176376671	474.195877030669	554.349279365841	621.585004928218	1501.59655861599	607.880199214837	916.420513756033	512	512	26.8726980571316	51.8477779366303	-593.430601244162	687.817940987744	261	83	3	6	159	230	217	19	3	43	3102	261	208	13	1956	1695	89	0	0	0	0	1	-59	-5	3	0
8	1	1	0	122	6	down	0	512	458.455254856016	818.208064145959	444.738269525618	509.514285200805	636.488737020401	1669.01562312883	613.187733697233	973.218744580805	512	512	37.1699499296917	49.5124396721256	-593.440738395386	687.841033075251	269	94	3	8	138	231	208	23	3	47	2642	236	181	13	1885	1916	99	0	0	0	0	0	-49	-3	3	0
8	1	1	0	122	6	down	1	512	447.23640780539	725.757066147051	449.70882447883	496.131995557501	592.40969003946	1371.54599554152	584.159163424341	849.528540636353	512	512	28.7693019496297	56.2562208173118	-593.54384798614	688.080348201107	275	91	2	6	138	254	198	17	1	42	2613	239	204	16	1858	1775	111	0	0	0	0	1	-47	-5	4	0
8	1	1	0	122	6	down	2	512	438.139180208211	721.184566102344	437.555094382703	482.579334736417	605.692395798842	1437.90076890018	607.613278219006	926.265195327928	512	512	33.6436864526053	54.690596935878	-593.305358545267	687.526643114592	250	113	3	6	140	228	208	18	8	50	2645	248	160	19	1833	1902	108	2	0	0	4	1	-106	-4	3	0
8	1	1	0	122	6	down	3	512	429.981086246327	697.757506855849	427.929268340626	461.107595771119	609.780533087902	1442.08480339665	603.263370330667	919.935836358988	512	512	39.8832462725644	54.3954398227217	-593.386551808752	687.715702283266	272	105	3	6	126	235	209	18	7	43	2665	241	154	12	1820	1889	128	0	0	0	0	2	-91	-4	3	0
8	1	1	0	123	5	down	0	512	448.281972621946	794.053289960962	442.989900096539	508.962086421751	638.609283508522	1666.77038657145	617.363014856146	975.545821355061	512	512	32.6539601885545	55.4667608191746	-593.278064648237	687.464336821072	282	92	6	8	124	241	204	23	6	38	2180	211	163	6	1905	1924	110	0	0	0	0	2	-48	-3	2	0
8	1	1	0	123	5	down	1	512	430.087517427588	599.604524427842	447.486365665852	506.217110599068	564.780533087902	1148.43735255289	572.947629650442	795.768799829969	512	512	34.3571281853828	49.4144931352683	-593.655055687064	688.338344007898	248	107	7	3	147	251	204	12	0	45	2264	144	141	11	1893	1935	103	0	0	0	0	4	-13	-3	3	0
8	1	1	0	123	5	down	2	512	429.750043267568	612.572578546723	440.847021753484	483.022000374231	598.917340813534	1395.74423187999	606.971754274487	938.765352151066	512	512	30.6130546245479	50.6925806802634	-593.483345523623	687.940325254754	300	79	5	4	124	221	213	17	4	57	2235	175	134	16	1945	1904	112	1	0	0	2	4	-50	-4	3	0
8	1	1	0	123	5	down	3	512	422.438033929141	650.722031172657	427.379999580176	470.684422747981	625.280053243221	1510.85731501008	628.24535644847	997.101281576574	512	512	12.7649289958145	51.2275393912403	-593.617347347318	688.25111666039	267	109	5	5	126	218	221	19	8	46	2213	211	131	5	1969	1768	123	0	0	0	0	7	-86	-4	2	0
8	1	1	0	124	4	down	0	512	451.517080910083	813.244874350602	450.622308572726	536.438895918255	599.732935616657	1246.64667271829	611.280464827085	898.540892429934	512	512	25.6595384793875	49.569998368443	-593.283637469968	687.47771276982	252	109	5	8	138	239	227	13	3	30	1755	146	131	16	2034	2001	126	0	0	0	0	4	-31	-4	3	0
8	1	1	0	124	4	down	1	512	421.736887650071	641.095417592983	433.433028899543	484.780787796589	587.68940345479	1162.60100288914	601.243352673891	865.047853642509	512	512	20.3094327942622	48.1854413327984	-593.451664927529	687.866467811037	284	98	7	5	118	225	235	11	0	41	1760	177	103	8	1927	1932	91	0	0	0	0	4	-75	-4	2	0
8	1	1	0	124	4	down	2	512	457.841286176644	783.665273384898	457.934228207131	537.998321970721	599.003445447906	1317.75975171669	598.645848930913	887.481602951921	512	512	32.6017063531993	48.7308881788073	-593.522249603597	688.030654539408	263	94	4	7	144	235	217	15	5	40	1761	171	106	10	1984	2086	106	0	0	0	0	4	-73	-4	2	0
8	1	1	0	124	4	down	3	512	436.794648394761	704.713159153095	438.325705666768	484.664515608014	644.358027258837	1678.64001250609	623.48778245193	979.986474543874	512	512	24.8192807573791	45.1596122969085	-593.576122110254	688.154768695601	281	94	4	6	127	240	211	23	2	36	1762	168	108	10	1814	1904	114	0	0	0	0	3	-67	-3	3	0
8	1	1	0	125	3	down	0	512	448.742985614138	763.079901887962	440.926930496468	491.00116860479	595.241546080094	1239.13580717992	606.363901151252	896.840774139608	512	512	2.78333455161799	49.8569900521872	-593.492990616677	687.962478417112	271	94	8	7	132	240	224	13	2	33	1336	102	87	11	1974	1890	129	0	0	0	0	11	-21	-3	3	0
8	1	1	0	125	3	down	1	512	432.927390811015	703.146421376251	431.251537927584	463.082182475122	589.569816656032	1230.94866706343	608.95439368909	910.357495377566	512	512	23.3656418975898	47.0001605888104	-593.40950098884	687.768946774964	273	103	1	6	129	233	220	13	6	40	1288	128	111	9	1930	2015	100	0	0	0	0	11	-23	-3	2	0
8	1	1	0	125	3	down	2	512	412.638587087566	509.370359302327	431.183286858508	444.164431838815	650.355994604148	1760.55575311036	619.198419251359	978.410297946654	512	512	31.0997152527327	56.5247492680152	-593.647520269553	688.320749073951	308	79	4	2	119	235	205	25	6	41	1322	100	108	6	1956	1997	110	0	0	0	0	4	8	-2	2	0
8	1	1	0	125	3	down	3	512	418.052002608513	566.153958874361	426.174741112376	436.916706501546	628.196940952901	1543.94422692197	605.974634136138	930.472845495386	512	512	21.0652343352529	52.3743793881018	-593.553106519298	688.102315091353	281	96	4	3	128	239	213	20	4	36	1300	122	107	7	1949	1930	101	0	0	0	0	15	-20	-3	3	0
8	1	1	0	126	2	down	0	512	408.637627398204	554.407618479139	422.213166038361	435.73312216095	614.338773677273	1518.98546487302	608.170755030493	937.012703722695	512	512	6.38143670686594	41.9681826269671	-593.376914287521	687.692835504057	274	108	2	3	125	245	202	20	2	43	893	68	60	3	1954	1947	98	0	0	0	0	5	-10	-2	2	0
8	1	1	0	126	2	down	1	512	434.645758016959	639.423146579214	442.196988618113	491.14494435433	540.557620727899	957.8422276188	573.99117755405	802.534894635934	512	512	2.08381917599843	52.5990582576538	-593.316188010159	687.552864671756	258	102	5	4	143	263	199	8	4	38	869	91	62	2	1979	1912	112	1	0	0	2	7	-29	-2	2	0
8	1	1	0	126	2	down	2	512	401.919260192259	461.911383096509	418.672018456342	419.480455779677	657.602225855092	1743.19345464865	631.007721876179	1018.86810710011	512	512	7.9803168899466	47.3250280995738	-593.215644102809	687.319805304393	293	92	5	1	121	224	221	24	3	40	861	90	68	5	1968	1949	106	0	0	0	0	10	-28	-2	2	0
8	1	1	0	126	2	down	3	512	454.635594743515	885.050633313116	430.861905951375	471.570218582608	630.941619393838	1584.69854965578	624.185590014553	982.688636751612	512	512	20.1964373950791	52.3275260604103	-593.451476113699	687.866153125512	265	107	3	10	127	236	210	21	6	39	878	83	56	7	2020	2116	111	0	0	0	0	7	-25	-3	2	0
8	1	1	0	127	1	down	0	512	430.797754014776	638.757074410421	432.566842913134	458.082138882402	664.214161879775	1785.54112295462	638.692102726702	1009.36020126188	512	512	5.23848132890836	52.4030105412277	-593.415901741014	687.78311451338	245	113	5	4	145	233	217	25	4	33	455	33	23	1	2058	1946	114	0	0	0	0	34	-12	-2	1	0
8	1	1	0	127	1	down	1	512	440.595054925699	673.998748112251	441.731027320357	484.669582464156	643.273955279154	1571.40720256045	627.956393561683	950.808754141965	512	512	1.73461529196725	52.4808706907055	-593.48449613384	687.943436461513	282	86	6	5	133	235	226	20	3	28	446	36	29	1	2009	2039	114	0	0	0	0	36	-5	-1	2	0
8	1	1	0	127	1	down	2	512	417.034781681639	639.450631660442	418.360105558893	433.261584008766	610.836261177903	1370.64267741731	618.71500176761	934.224836841159	512	512	-2.37083161908635	49.9819899923391	-593.625615916717	688.268899608025	271	110	6	5	120	243	219	16	3	31	445	41	25	1	2018	1963	109	0	0	0	0	42	-18	-2	1	0
8	1	1	0	127	1	down	3	512	446.045904644446	716.650630834105	438.748526649982	468.624780700498	646.335781333222	1545.22450258543	651.747364264836	1056.77287092789	512	512	2.78460815021652	54.2565999037229	-593.436698520154	687.831672158742	290	82	3	6	131	222	236	19	6	29	451	36	22	3	2091	2062	129	0	0	0	0	37	-12	-2	2	0
# final_twist	1
# forced_steps	0
# sweeps_total	295392
# completion	PASS
