# format	twist_snake_sector_blocks_v2
# status	NON-CANONICAL floating-point engineering diagnostic
# L	8
# k	1
# chain	3
# kind	0
# kind_name	main
# base	0
# restriction	-1
# schedule	round_trip
# seed	202609308103
# seam_size	64
# start_twist	64
# chain_initial	hotT
# warmup_sweeps	512
# dwell_sweeps	16384
# dwell_long_sweeps	32768
# visit_sweeps	2048
# equilibration_sweeps	32
# post_forcing_sweeps	512
# block_length	512
# segments	128
# seam_order	x2_fastest_then_x3
# class_rule	class0_if_2W_ge_minus_n_else_classMinus
# action_density	minus_sum_logW_divided_by_6L4
# sampling	every_production_sweep_after_full_heatbath_sweep
L	k	chain	kind	segment	n	phase	block	count	sumFn	sumFn2	sumFi	sumFi2	sumBn	sumBn2	sumBi	sumBi2	sumPFi	sumPFi2	sumY	sumY2	sumS	sumS2	hF0	hF1	hF2	hF3	hF4	hB0	hB1	hB2	hB3	hB4	sec0	secMinus	secPlus	secOther	untMinus	untPlus	untOther	pure0	pureMinus	purePlus	flips	classMinus	sumW	minW	maxW	forced
8	1	3	0	0	64	dwell	0	512	0	0	0	0	438.129016934766	675.672366042525	436.800765078139	492.182289140569	0	0	394.825514407352	355.8750927723	-593.435963549265	687.830603930709	0	0	0	0	0	273	137	5	2	95	28360	2293	1987	128	0	0	0	0	0	0	0	0	-366	-11	12	0
8	1	3	0	0	64	dwell	1	512	0	0	0	0	430.259726696331	666.047976665269	425.082156603786	443.499225071792	0	0	382.610474576816	331.121033284484	-593.420454269961	687.794681777005	0	0	0	0	0	264	134	5	3	106	28542	2274	1839	113	0	0	0	0	0	0	0	0	-477	-9	7	0
8	1	3	0	0	64	dwell	2	512	0	0	0	0	425.873695375703	618.508728101337	430.781700286057	475.658288543197	0	0	377.385208132988	326.991860810789	-593.500970494664	687.980732277712	0	0	0	0	0	270	131	4	7	100	28481	2307	1855	125	0	0	0	0	0	0	0	0	-506	-10	10	0
8	1	3	0	0	64	dwell	3	512	0	0	0	0	415.79668104945	673.127791787845	405.978173235839	420.31848216717	0	0	394.051920170229	353.248988006977	-593.386778433938	687.716223964796	0	0	0	0	0	274	115	6	3	114	28420	2250	1976	122	0	0	0	0	0	0	0	0	-296	-10	10	0
8	1	3	0	0	64	dwell	4	512	0	0	0	0	404.021626064143	474.751744587988	412.11314810361	404.08409787552	0	0	382.514929604207	337.401765050485	-593.654715675559	688.338585540296	0	0	0	0	0	271	130	1	6	104	28678	2219	1773	98	0	0	0	0	0	0	0	0	-476	-9	10	0
8	1	3	0	0	64	dwell	5	512	0	0	0	0	408.013495445387	511.408059187937	408.110149719687	401.678059123912	0	0	385.001181407078	341.595486528482	-593.414581045764	687.780476547755	0	0	0	0	0	287	124	2	3	96	28354	2344	1932	138	0	0	0	0	0	0	0	0	-472	-12	9	0
8	1	3	0	0	64	dwell	6	512	0	0	0	0	400.489696709764	576.492759292462	401.781814761812	400.117588070889	0	0	382.957191487581	336.302385913602	-593.476905061805	687.925857831576	0	0	0	0	0	273	114	4	3	118	28476	2352	1801	139	0	0	0	0	0	0	0	0	-614	-11	7	0
8	1	3	0	0	64	dwell	7	512	0	0	0	0	418.311389476954	681.765489194444	412.228448422918	435.911557966961	0	0	382.71666862709	335.805807749724	-593.365338852425	687.665987521929	0	0	0	0	0	262	120	6	5	119	28454	2309	1848	157	0	0	0	0	0	0	0	0	-544	-10	10	0
8	1	3	0	0	64	dwell	8	512	0	0	0	0	390.163458788515	523.903845598398	393.333081035646	380.482805804856	0	0	387.722552697458	344.996486436999	-593.604466081025	688.220749228825	0	0	0	0	0	269	111	3	6	123	28469	2281	1896	122	0	0	0	0	0	0	0	0	-433	-10	11	0
8	1	3	0	0	64	dwell	9	512	0	0	0	0	405.777427467887	582.227126179793	408.088644654812	412.612721806549	0	0	385.33467511002	338.666296922334	-593.585176738793	688.176461414089	0	0	0	0	0	279	115	4	4	110	28644	2205	1813	106	0	0	0	0	0	0	0	0	-446	-10	10	0
8	1	3	0	0	64	dwell	10	512	0	0	0	0	418.03274902695	602.308724795988	419.704411523718	434.629270432384	0	0	373.461950657714	321.330007096244	-593.555549573004	688.108019837081	0	0	0	0	0	282	124	4	2	100	28541	2296	1808	123	0	0	0	0	0	0	0	0	-538	-11	9	0
8	1	3	0	0	64	dwell	11	512	0	0	0	0	383.915194882882	430.013374136304	403.301129818586	405.021982594501	0	0	369.555413526719	316.014743005507	-593.38988999481	687.722871175988	0	0	0	0	0	299	107	1	3	102	28505	2393	1742	128	0	0	0	0	0	0	0	0	-707	-12	8	0
8	1	3	0	0	64	dwell	12	512	0	0	0	0	413.742985614138	633.516706308246	416.093075719992	439.266253486103	0	0	394.434002616296	353.90040946018	-593.478069592484	687.928438858152	0	0	0	0	0	275	118	5	3	111	28454	2352	1852	110	0	0	0	0	0	0	0	0	-533	-10	8	0
8	1	3	0	0	64	dwell	13	512	0	0	0	0	420.614308507262	606.172139490599	420.333331826907	436.729365819519	0	0	391.445230658595	348.412406458523	-593.499490908886	687.976925286033	0	0	0	0	0	281	125	4	4	98	28691	2172	1800	105	0	0	0	1	0	0	2	0	-426	-11	11	0
8	1	3	0	0	64	dwell	14	512	0	0	0	0	391.564678381328	490.088769775839	403.08596278493	395.555000765662	0	0	399.010356395999	364.762918183209	-593.391189867782	687.726714370576	0	0	0	0	0	272	117	2	4	117	28504	2220	1940	104	0	0	0	0	0	0	0	0	-320	-11	10	0
8	1	3	0	0	64	dwell	15	512	0	0	0	0	390.172549096634	479.318918941946	404.369232882275	410.717006460453	0	0	382.071744714535	328.27870483058	-593.462629334088	687.892254119604	0	0	0	0	0	291	109	2	4	106	28510	2282	1838	138	0	0	0	0	0	0	0	0	-461	-10	8	0
8	1	3	0	0	64	dwell	16	512	0	0	0	0	391.305291512887	596.836436429143	396.477067363796	404.978674255802	0	0	385.379196267426	339.650694662622	-593.27533812317	687.458519868833	0	0	0	0	0	271	102	5	5	129	28417	2359	1878	114	0	0	0	0	0	0	0	0	-536	-10	7	0
8	1	3	0	0	64	dwell	17	512	0	0	0	0	391.295128239443	514.268804839645	404.83756668831	400.33429531569	0	0	388.819404340823	342.807823221504	-593.562813683689	688.125290387018	0	0	0	0	0	298	103	3	3	105	28384	2319	1925	140	0	0	0	0	0	0	0	0	-466	-9	7	0
8	1	3	0	0	64	dwell	18	512	0	0	0	0	419.674101906641	646.095866565152	414.62384311578	423.99692810164	0	0	390.310007958587	349.123596185915	-593.447019607807	687.855875741307	0	0	0	0	0	267	124	5	5	111	28549	2262	1845	112	0	0	0	0	0	0	0	0	-446	-11	10	0
8	1	3	0	0	64	dwell	19	512	0	0	0	0	396.054994952565	592.806274041644	397.028400782453	396.436742467974	0	0	391.324811560051	350.176763115185	-593.49017251891	687.957046518011	0	0	0	0	0	300	96	5	3	108	28589	2148	1915	116	0	0	0	0	0	0	0	0	-247	-11	10	0
8	1	3	0	0	64	dwell	20	512	0	0	0	0	384.241432804131	466.73975868504	397.389754842595	379.854006151917	0	0	379.877452368323	328.265079962122	-593.283405197673	687.477354981371	0	0	0	0	0	299	103	2	2	106	28542	2275	1818	133	0	0	0	0	0	0	0	0	-501	-9	9	0
8	1	3	0	0	64	dwell	21	512	0	0	0	0	389.904071920074	482.429786132988	404.062530514278	390.836949244928	0	0	389.966945852576	343.089713713601	-593.721651708285	688.492675988398	0	0	0	0	0	284	112	2	3	111	28740	2144	1772	112	0	0	0	0	0	0	0	0	-427	-10	7	0
8	1	3	0	0	64	dwell	22	512	0	0	0	0	399.423805346319	528.311822152634	400.620236501988	383.617539126256	0	0	395.454798650224	351.451757905042	-593.448851828191	687.860858802528	0	0	0	0	0	296	109	3	4	100	28745	2094	1798	131	0	0	0	0	0	0	0	0	-333	-9	8	0
8	1	3	0	0	64	dwell	23	512	0	0	0	0	359.548417143817	351.729556275713	381.3187239756	341.843337377738	0	0	397.57859642828	356.21096505588	-593.626543160459	688.27163065891	0	0	0	0	0	304	93	0	2	113	28662	2138	1855	113	0	0	0	0	0	0	0	0	-309	-10	7	0
8	1	3	0	0	64	dwell	24	512	0	0	0	0	414.328610403829	637.579679467721	420.645923914445	459.778315346891	0	0	400.061685041511	357.125777894213	-593.37553277054	687.690863644673	0	0	0	0	0	264	120	5	7	116	28529	2211	1918	110	0	0	0	0	0	0	0	0	-314	-10	9	0
8	1	3	0	0	64	dwell	25	512	0	0	0	0	432.571736034758	768.228897278358	426.963995994714	480.331041776949	0	0	377.761808371924	334.288911947376	-593.396938115631	687.739943140839	0	0	0	0	0	285	114	8	2	103	28425	2340	1869	134	0	0	0	0	0	0	0	0	-566	-11	10	0
8	1	3	0	0	64	dwell	26	512	0	0	0	0	419.251596077576	715.952625179248	407.724031712676	427.600345901952	0	0	389.913347907215	344.815458645921	-593.390452318389	687.724580129456	0	0	0	0	0	268	113	7	6	118	28465	2271	1903	129	0	0	0	0	0	0	0	0	-419	-10	9	0
8	1	3	0	0	64	dwell	27	512	0	0	0	0	430.710576415079	774.866153976158	415.357799331332	447.974757327158	0	0	388.376887344783	337.936330772674	-593.552653722396	688.100969556497	0	0	0	0	0	260	120	8	5	119	28627	2189	1839	113	0	0	0	0	0	0	0	0	-417	-12	8	0
8	1	3	0	0	64	dwell	28	512	0	0	0	0	407.015528100076	548.576573847705	410.331173944198	414.395480666583	0	0	395.387624940007	359.301823032193	-593.320247600415	687.562468027467	0	0	0	0	0	280	121	3	3	105	28427	2307	1894	140	0	0	0	0	0	0	0	0	-484	-12	8	0
8	1	3	0	0	64	dwell	29	512	0	0	0	0	416.209023605071	594.787656848293	418.984579045394	431.875151410005	0	0	385.081991106084	342.648029567414	-593.315349212548	687.551224668117	0	0	0	0	0	288	118	4	6	96	28400	2380	1857	131	0	0	0	0	0	0	0	0	-539	-10	11	0
8	1	3	0	0	64	dwell	30	512	0	0	0	0	438.003332171942	884.037761860886	414.418425136555	458.431946908133	0	0	389.445604228205	347.876137303517	-593.475038257237	687.920983847968	0	0	0	0	0	282	102	11	6	111	28389	2366	1898	115	0	0	0	0	0	0	0	0	-514	-10	9	0
8	1	3	0	0	64	dwell	31	512	0	0	0	0	383.685224869449	472.034219663758	397.485668865656	384.554964587103	0	0	372.513318926021	321.888110604851	-593.238442818287	687.372857651818	0	0	0	0	0	286	108	2	1	115	28401	2411	1835	121	0	0	0	0	0	0	0	0	-637	-13	7	0
8	1	3	0	1	63	down	0	512	651.902152541349	1630.44224166653	642.240717987527	1033.82975637896	464.165491443204	865.278574803545	445.546653350696	491.817566906681	512	512	369.23051331936	318.887464556486	-593.410274140174	687.770882657677	212	39	6	21	234	266	139	9	2	96	27860	2344	1901	151	35	23	7	0	0	0	0	0	-548	-11	8	0
8	1	3	0	1	63	down	1	512	693.264864971035	1917.6107563263	670.109124595993	1146.51575147603	432.197900642264	774.259500374655	424.459235468885	463.741155323898	512	512	372.376345474239	321.906735686	-593.334518187351	687.595628333593	205	37	5	27	238	269	119	8	3	113	28072	2270	1792	122	34	36	2	1	0	0	2	0	-501	-10	8	0
8	1	3	0	1	63	down	2	512	647.093615391655	1652.81296730732	640.125583310395	1023.75720669434	405.374175220385	504.762824283227	420.642819274397	427.571405321042	512	512	372.498179194196	318.064117111766	-593.271995508078	687.44998483175	227	38	3	22	222	291	120	2	4	95	27929	2403	1785	139	36	30	4	0	0	0	0	0	-672	-10	8	0
8	1	3	0	1	63	down	3	512	629.521146219461	1506.39344969062	641.390305021914	1022.63280350842	423.781492777265	651.207174464992	424.647665405346	448.088887097465	512	512	374.176885846053	323.877197569382	-593.529332081864	688.046217323944	242	27	10	19	214	273	126	5	3	105	28192	2204	1749	111	30	32	0	0	0	0	0	0	-514	-15	7	0
8	1	3	0	2	62	down	0	512	570.097680701033	1126.44711425342	588.58687854379	847.751725033566	419.482639056335	467.558846335322	435.58149802295	448.727458698717	512	512	367.156254223688	314.623726931012	-593.619048960469	688.254242682925	233	46	7	11	215	264	148	0	7	93	27638	2199	1774	133	51	76	4	0	0	0	0	0	-476	-8	8	0
8	1	3	0	2	62	down	1	512	591.997347483839	1338.64001250609	600.348826237603	891.991069087913	414.961832664764	524.801409718119	428.527125118187	451.86126171164	512	512	354.573593497803	296.389388057347	-593.400207191292	687.747901785854	240	45	7	16	204	281	130	2	5	94	27536	2305	1759	144	73	73	5	0	0	0	0	0	-655	-11	7	0
8	1	3	0	2	62	down	2	512	593.907177540089	1379.36950267484	591.041172918289	884.627128931731	438.234375150701	635.670590812276	449.41984925709	493.971828556878	512	512	388.54394537148	350.078538538766	-593.48211060651	687.93761280562	240	49	3	17	203	282	138	4	3	85	27620	2202	1801	121	56	84	9	0	0	0	0	0	-445	-11	8	0
8	1	3	0	2	62	down	3	512	582.439106894467	1290.95664527034	577.5219559886	822.654829504921	429.712609069768	663.786334721897	431.43870552871	462.97837068958	512	512	367.366480975043	315.554175543852	-593.384229064506	687.710726568905	238	52	0	15	207	265	132	5	5	105	27514	2300	1804	126	55	82	0	0	0	0	0	0	-570	-9	10	0
8	1	3	0	3	61	down	0	512	554.569816656032	1064.30343215872	578.595934220509	834.416393107924	460.777427467887	817.652850904838	453.140958890502	514.422844639496	512	512	373.278390178968	326.863594694778	-593.452558277505	687.868657334746	237	52	4	10	209	279	136	8	3	86	27121	2167	1820	124	123	111	6	0	0	0	0	0	-400	-10	8	0
8	1	3	0	3	61	down	1	512	592.72683765259	1378.71983589203	587.2105109915	872.870660749444	436.622439126018	638.322922506298	444.230717272504	486.860677783113	512	512	356.589299311801	298.141556736463	-593.602423966256	688.216807284475	236	52	4	17	203	273	142	4	0	93	27128	2216	1781	107	87	108	6	0	0	0	0	0	-486	-10	9	0
8	1	3	0	3	61	down	2	512	642.525211528839	1678.67504748048	609.379975067657	932.395604631874	420.85444179414	535.552630963607	433.038728524766	452.258719402351	512	512	368.789269921918	312.035294931363	-593.457060741082	687.87972465735	232	42	3	23	212	279	135	2	5	91	27174	2184	1756	118	102	108	8	0	0	0	0	0	-439	-10	10	0
8	1	3	0	3	61	down	3	512	586.181752680715	1220.40498248972	598.413191038965	870.676107565754	418.052002608513	566.153958874361	424.583612632842	431.229841274543	512	512	377.435765301304	326.259743961786	-593.507720132627	687.996689253536	246	35	4	13	214	281	128	3	4	96	27134	2158	1824	116	102	85	4	0	0	0	0	0	-375	-10	10	0
8	1	3	0	4	60	down	0	512	592.477614057594	1308.62050563177	596.983953350935	887.339456766226	443.665971287885	751.50606319012	442.945535660949	493.886142700578	512	512	357.076522066507	302.677722844315	-593.318646091591	687.559218163858	232	47	4	15	214	283	127	7	3	92	26539	2260	1801	120	118	157	7	1	0	0	2	0	-522	-12	10	0
8	1	3	0	4	60	down	1	512	610.049010264462	1513.1380148556	586.862082946725	864.329950070578	471.103665389136	833.159725273908	459.789200511656	526.875704854088	512	512	355.550376634924	299.472412315609	-593.679673688691	688.396185213587	242	48	2	20	200	283	142	8	3	76	26792	2144	1660	124	138	115	7	0	0	0	0	0	-526	-13	9	0
8	1	3	0	4	60	down	2	512	567.6690769079	1188.07327059756	574.571201200216	814.319663421065	482.687257524138	1001.24708615796	458.67622951193	547.496083674953	512	512	360.460715732684	310.197658045462	-593.493883392161	687.965560029636	247	47	6	13	199	271	136	12	2	91	26685	2156	1757	122	140	142	7	0	0	0	0	0	-458	-11	8	0
8	1	3	0	4	60	down	3	512	576.479646712283	1173.76019655718	593.325968995292	873.243287707985	437.44712423726	704.028457395896	437.234265962315	474.321344374246	512	512	355.402235557402	295.102799970239	-593.495349078794	687.968489242635	233	46	5	12	216	285	126	6	4	91	26741	2152	1707	120	146	172	11	0	0	0	0	0	-526	-10	8	0
8	1	3	0	5	59	down	0	512	553.907177540089	1056.5579731811	567.683878671155	766.419612931202	436.919260192259	665.665265121528	443.860341474567	478.641361114362	512	512	348.315844846231	287.618910513188	-593.632490488381	688.286406550204	256	42	0	10	204	293	130	5	0	84	26145	2219	1700	144	178	158	5	0	0	0	0	0	-582	-12	10	0
8	1	3	0	5	59	down	1	512	593.101746010411	1277.4825940683	590.228343636346	854.606085087082	445.768337159768	653.180130092563	450.059352195501	487.11678819878	512	512	342.107582975855	280.274372311417	-593.443394713006	687.848000436789	223	48	5	14	222	273	148	4	1	86	26251	2185	1640	132	184	173	12	1	0	0	2	0	-562	-9	10	0
8	1	3	0	5	59	down	2	512	604.512055911343	1363.16684685333	598.183423996695	875.917837523507	448.753148887583	734.50784668374	445.594086785441	504.467551083736	512	512	356.17243842518	294.337043131261	-593.536319291463	688.062552693199	236	40	3	16	217	260	144	6	3	99	26303	2098	1663	144	129	194	9	0	0	0	0	0	-470	-12	8	0
8	1	3	0	5	59	down	3	512	562.93755408446	1177.04444273151	581.543122887925	851.757229956096	432.476541092268	705.494538654397	434.510443614797	469.085132927925	512	512	349.553272844944	290.218021354713	-593.278372242324	687.464622493537	254	46	6	13	193	265	131	6	2	108	26278	2163	1676	91	177	169	7	0	0	0	0	0	-528	-13	9	0
8	1	3	0	6	58	down	0	512	606.527244183528	1475.03424858555	604.720544686763	930.524277437925	406.977020936949	546.748634836287	425.048909218657	439.275648825854	512	512	338.131324937445	272.781533604661	-593.42031461456	687.79417442963	229	53	7	19	204	286	120	3	1	102	25781	2126	1677	112	225	209	10	0	0	0	0	0	-505	-9	9	0
8	1	3	0	6	58	down	1	512	601.55558807321	1460.51406618714	592.811705072159	899.348711342689	444.376207875074	790.632005377384	440.369027845644	498.755667027261	512	512	358.94450790669	300.85494089019	-593.49596814283	687.969300876666	246	47	4	19	196	276	124	8	5	99	25918	1964	1691	123	201	206	13	0	0	0	0	0	-329	-10	10	0
8	1	3	0	6	58	down	2	512	556.911242849467	1064.64888452565	579.617582386211	817.330531194207	461.189770023508	850.505618349636	451.121624141689	524.849133826841	512	512	341.903356979706	280.792548441852	-593.349181635085	687.629410354425	242	46	7	10	207	285	128	9	5	85	25741	2180	1666	109	182	242	15	0	0	0	0	0	-572	-12	8	0
8	1	3	0	6	58	down	3	512	582.467450784149	1321.35663948598	588.133101740669	865.237895753742	428.426910966334	666.083011639663	433.627968038997	466.277031676827	512	512	359.205424526432	292.812724608792	-593.437604150586	687.833878735807	243	50	7	16	196	256	135	5	4	112	25895	1997	1684	120	207	204	9	0	0	0	0	0	-341	-10	8	0
8	1	3	0	7	57	down	0	512	601.296201204769	1530.20630131077	570.70525227063	836.256619950908	540.163458788515	1280.53800080787	505.51785393402	667.751552045374	512	512	349.390097802706	286.292881924262	-593.356297105264	687.64574500969	249	53	4	21	185	261	157	17	2	75	25480	1962	1630	112	242	268	16	0	0	0	0	0	-355	-8	7	0
8	1	3	0	7	57	down	1	512	581.258767006969	1253.19833136723	591.783383616328	881.560673586221	488.091582736966	917.311846942744	482.59780210151	593.107203917122	512	512	337.322865102877	271.136796083295	-593.138232489407	687.14042871278	230	51	8	14	209	238	166	9	3	96	25293	2078	1672	141	262	255	22	0	0	0	0	0	-497	-11	10	0
8	1	3	0	7	57	down	2	512	605.81700759634	1472.99034572328	593.548184282628	887.223672230993	485.75924685165	835.299428594369	485.041127846392	577.405871984785	512	512	334.207329057133	264.080814729514	-593.547330678574	688.08851755817	236	51	2	19	204	255	169	7	1	80	25472	2050	1559	103	247	250	13	0	0	0	0	0	-558	-9	7	0
8	1	3	0	7	57	down	3	512	592.602225855092	1269.51939600957	600.5005498077	896.748135785321	518.244538424146	1141.52869221119	490.300307498001	626.430453862268	512	512	331.809549119811	266.61940884246	-593.318239785133	687.557472496392	236	39	8	14	215	247	159	14	5	87	25360	2065	1643	116	245	204	9	0	0	0	0	0	-495	-10	6	0
8	1	3	0	8	56	down	0	512	512.035854646965	843.093226444045	541.120952999934	703.212207929346	426.1229189707	651.579234627237	432.262757691674	460.062505516329	512	512	333.702813544152	267.517974591003	-593.425637267978	687.806689288345	254	57	3	6	192	282	125	5	2	98	24938	2057	1571	106	267	232	22	0	0	0	0	0	-529	-8	6	0
8	1	3	0	8	56	down	1	512	547.889956613215	1121.91007749685	554.247363337774	789.826812051619	473.983118901016	880.378354035977	462.7153344029	542.232930616887	512	512	347.171844049381	286.658692266104	-593.42207955376	687.797950487339	242	61	5	12	192	269	145	9	2	87	24961	1988	1601	122	262	299	20	0	0	0	0	0	-442	-10	7	0
8	1	3	0	8	56	down	2	512	555.998307173201	1267.31449945891	539.053591246669	734.332486541757	432.217154223827	589.856400538999	450.103052482638	488.623569410933	512	512	319.723521883402	253.634303713916	-593.373627052463	687.685711525356	270	54	2	16	170	280	138	3	5	86	24825	2115	1622	110	334	278	17	0	0	0	0	0	-590	-11	7	0
8	1	3	0	8	56	down	3	512	561.585004928218	1295.30830474562	551.572319759916	786.058760114269	462.601152889766	825.147311057218	465.822319521363	553.776480283292	512	512	338.480238453107	268.189122174989	-593.502737269084	687.985137813874	226	77	4	16	189	269	141	8	3	91	24999	1966	1596	111	268	237	10	0	0	0	0	0	-440	-12	9	0
8	1	3	0	9	55	down	0	512	549.971995938209	1191.97437278272	543.149447885294	746.869858845843	528.609283508522	1121.83468185732	510.931075813914	680.703302734879	512	512	334.303577179077	270.130217123172	-593.502488092106	687.984809531053	254	60	4	14	180	253	171	13	2	73	24558	1889	1622	91	326	340	21	0	0	0	0	0	-307	-12	7	0
8	1	3	0	9	55	down	1	512	592.707584071027	1414.87460181366	577.761919474976	855.477661737348	540.652815670389	1242.96239101146	510.36696389475	665.679116482708	512	512	325.099196521055	263.32187904527	-593.530012980289	688.04836086115	237	56	2	18	199	267	160	16	2	67	24507	1974	1570	109	302	262	15	0	0	0	0	0	-482	-10	9	0
8	1	3	0	9	55	down	2	512	550.317487441021	1192.51938361452	560.495143466449	814.826944792781	499.26175935102	999.478137400094	484.163930276961	589.719992656917	512	512	328.455510539955	253.05221191644	-593.49915112412	687.976525986889	249	61	9	14	179	257	158	11	2	84	24594	1957	1505	104	292	332	11	0	0	0	0	0	-505	-13	7	0
8	1	3	0	9	55	down	3	512	599.22432515322	1394.48791149568	585.246031776251	866.883429312346	497.601152889766	954.737114432249	493.020020207134	619.601149971826	512	512	325.542970470208	255.324845545823	-593.482928012441	687.939612069636	226	54	3	17	212	269	156	10	4	73	24446	1966	1632	116	326	290	7	1	0	0	2	0	-394	-10	7	0
8	1	3	0	10	54	down	0	512	518.311389476954	1025.56150711485	522.492989544359	696.986869847824	480.845351486022	749.396987756068	489.410221643906	580.552331498283	512	512	323.018198265138	254.171450477034	-593.325244225856	687.57442048361	266	63	6	11	166	269	170	5	1	67	24044	1919	1576	109	321	321	20	0	0	0	0	0	-379	-9	7	0
8	1	3	0	10	54	down	1	512	530.749083578205	1083.43467937831	534.227749925551	724.333524443826	497.994241863824	1023.74464779868	495.890737237915	644.971524461312	512	512	326.346711470911	255.67267806388	-593.345131999939	687.620177587243	262	60	7	12	171	276	144	12	4	76	24129	1888	1530	101	334	352	28	0	0	0	0	0	-389	-9	7	0
8	1	3	0	10	54	down	2	512	512.140139897574	972.435560795905	514.314249678568	657.897612730859	472.927390811015	729.487890837253	485.616726608171	570.827448910243	512	512	308.926131062167	233.231939670732	-593.43862483378	687.836506167298	288	52	0	10	162	285	159	5	0	63	23950	2017	1566	115	326	318	25	0	0	0	0	0	-491	-10	7	0
8	1	3	0	10	54	down	3	512	538.042912300395	1060.37082480124	537.946790979973	719.897872735319	499.742025924776	895.321159671104	501.708815828059	617.785348605013	512	512	329.518419592173	261.193366373252	-593.373618315425	687.685835215133	263	51	5	11	182	253	175	8	1	75	24084	1913	1535	116	353	346	29	0	0	0	0	0	-433	-9	9	0
8	1	3	0	11	53	down	0	512	556.862572412896	1276.74998175279	543.52791540796	761.861038828018	478.369150221644	816.698092420244	478.983066543328	562.467121342178	512	512	319.122494813068	252.552121815205	-593.257047539696	687.415542389321	251	65	3	16	177	267	158	7	3	77	23567	1933	1530	106	416	408	22	0	0	0	0	0	-471	-15	7	0
8	1	3	0	11	53	down	1	512	504.309356822265	927.583678900388	512.879195953845	657.134747450325	474.971995938209	776.628471443625	483.061765561209	562.798108865296	512	512	305.287434312419	227.652865937644	-593.486273369702	687.947054862644	277	60	2	9	164	266	162	6	1	77	23545	2024	1469	98	345	355	22	0	0	0	0	0	-599	-10	8	0
8	1	3	0	11	53	down	2	512	535.768337159768	1092.306521252	536.793697678439	729.496437769106	516.727797341953	1058.64044081983	507.236410593449	651.013077029372	512	512	317.831311200696	248.829165169365	-593.227834710767	687.348305846878	265	56	3	12	176	266	160	12	6	68	23597	1875	1544	120	354	350	14	0	0	0	0	0	-381	-12	9	0
8	1	3	0	11	53	down	3	512	555.403592075393	1196.64355057153	542.320623611926	741.637065139847	495.231382806649	923.938452259048	493.492508796003	609.192088723547	512	512	321.367477027667	260.315203678854	-593.3402563906	687.608847693191	267	49	1	14	181	251	167	9	2	83	23512	1928	1592	104	359	336	20	1	0	0	2	0	-352	-12	9	0
8	1	3	0	12	52	down	0	512	503.742985614138	1035.587665938	502.128337632092	657.685683821245	525.010503101335	1005.93756670977	526.045442364921	697.639550358295	512	512	311.832203729821	242.612735109671	-593.515036101263	688.013667851096	271	75	4	12	150	256	180	10	5	61	23177	1866	1484	97	401	352	20	0	0	0	0	0	-410	-10	7	0
8	1	3	0	12	52	down	1	512	526.834228523214	902.265732273111	541.631441569099	711.699998401001	474.223252187894	772.703413979307	482.990386471868	568.881559495069	512	512	306.834649719626	237.520652486531	-593.351329807302	687.633906881927	258	48	2	7	197	271	159	6	2	74	22968	1973	1570	113	393	388	26	0	0	0	0	0	-453	-8	8	0
8	1	3	0	12	52	down	2	512	539.367117566955	1245.25906792923	527.139484747164	721.380715314311	506.199933296953	930.303856340779	511.427574366509	649.422563034824	512	512	314.568978187436	243.403556358838	-593.571494085626	688.143975126407	258	74	1	16	163	278	165	9	2	58	23193	1802	1553	76	433	402	13	0	0	0	0	0	-299	-9	7	0
8	1	3	0	12	52	down	3	512	534.021626064143	1014.38368385841	528.269878629194	678.31465236466	485.892948957267	825.750863170391	488.484749296724	585.364161736251	512	512	321.396366838133	254.687077027397	-593.286286215763	687.48342726282	275	44	1	10	182	277	161	7	1	66	22969	1935	1614	106	373	368	27	0	0	0	0	0	-376	-12	7	0
8	1	3	0	13	51	down	0	512	543.637627398203	1101.93091062925	536.9637270232	720.055710739414	491.680199870708	876.503859646127	493.124492685206	596.222161143927	512	512	306.773161428018	238.106242712022	-593.563914624039	688.126927501236	274	45	2	12	179	266	165	8	0	73	22777	1786	1474	75	429	403	23	0	0	0	0	0	-334	-9	8	0
8	1	3	0	13	51	down	1	512	527.19897360759	940.820055833266	529.949652721101	674.045675508583	476.842245866006	910.683445737765	480.009476013776	579.062070593549	512	512	325.13970199393	252.435413041346	-593.434074029234	687.825928402704	252	55	3	8	194	293	134	10	1	74	22713	1796	1504	99	401	404	20	0	0	0	0	0	-278	-9	8	0
8	1	3	0	13	51	down	2	512	546.392469112585	1188.19743342289	539.651386511768	749.066197929263	495.557620727899	849.471934423434	496.895276085941	599.012264233758	512	512	316.800903185253	251.184605473614	-593.604763140395	688.221423035924	248	66	5	14	179	259	174	7	2	70	22775	1722	1518	97	427	453	23	0	0	0	0	0	-263	-11	8	0
8	1	3	0	13	51	down	3	512	519.386371148518	955.020046743558	527.630702688394	692.074193175474	472.515048255394	844.856849511168	473.172907077578	561.125815976146	512	512	304.616159463853	230.563707132368	-593.449550205802	687.862292268058	269	53	5	9	176	263	151	8	2	88	22688	1813	1515	96	420	450	24	0	0	0	0	0	-342	-11	6	0
8	1	3	0	14	50	down	0	512	545.855514759466	1120.30830474562	538.570806456018	723.27111514336	490.557620727899	878.609405278106	490.415500714619	589.868450573436	512	512	317.088214319453	248.612967427627	-593.446519830363	687.853934744118	242	64	1	12	193	255	167	8	2	80	22272	1745	1495	88	423	479	26	1	0	0	2	0	-294	-9	9	0
8	1	3	0	14	50	down	1	512	520.461352820082	921.560625697257	524.23281897354	662.736307647001	476.852409139451	770.891880353876	492.904433418251	605.986113117348	512	512	298.383268292731	220.819484586825	-593.597575965096	688.20541977747	272	48	1	8	183	286	156	6	1	63	22445	1709	1356	90	482	475	29	2	0	0	4	0	-372	-9	8	0
8	1	3	0	14	50	down	2	512	520.269889969776	965.382802440813	532.712038004293	711.565825972128	518.253628732264	1096.94376555474	510.047539463046	663.86244821708	512	512	303.761332459283	226.18655499876	-593.387196683293	687.717350949372	249	65	5	9	184	269	157	13	3	70	22250	1803	1447	100	482	423	32	0	0	0	0	0	-416	-10	10	0
8	1	3	0	14	50	down	3	512	527.170629717908	984.504316881666	529.887344755542	694.998497257665	461.834228523214	651.004086198054	481.963579579629	556.137988812613	512	512	315.397286300219	244.159513998041	-593.50892291192	687.999848260448	235	70	2	9	196	258	170	3	1	80	22238	1707	1559	96	452	439	16	0	0	0	0	0	-184	-10	10	0
8	1	3	0	15	49	down	0	512	518.609283508522	920.668387268283	521.210177589588	659.606743199367	529.454295166653	982.121164629126	533.982942212305	691.688662674394	512	512	277.13140773346	199.565062534691	-593.347135781707	687.624438450762	265	53	3	8	183	251	193	9	0	59	21830	1780	1383	95	523	469	38	0	0	0	0	0	-456	-10	7	0
8	1	3	0	15	49	down	1	512	516.632602399463	847.684356077158	524.814911180961	653.654453323018	530.433008930401	1092.24710268471	532.511980763968	710.975451673397	512	512	292.50300763069	211.387149904477	-593.55704138127	688.111649615245	262	49	2	6	193	243	179	12	5	73	21798	1791	1410	89	491	458	29	0	0	0	0	0	-427	-8	8	0
8	1	3	0	15	49	down	2	512	482.899046921333	714.843994585679	508.649494158672	630.833520022249	496.987184210394	809.001421286838	525.940284199228	675.501172572333	512	512	299.299784835654	228.484308947343	-593.460796691761	687.887655002553	268	60	7	4	173	271	173	6	6	56	21871	1693	1441	83	498	487	27	1	0	0	2	0	-278	-9	7	0
8	1	3	0	15	49	down	3	512	516.718707033834	992.085680682564	516.788620593606	666.254339451718	547.390436457896	1188.11095808811	536.183313514242	720.115989436908	512	512	299.133156235407	221.916003843998	-593.648720998001	688.323064310382	260	66	1	10	175	255	179	14	2	62	21914	1699	1382	93	497	463	30	0	0	0	0	0	-353	-10	8	0
8	1	3	0	16	48	down	0	512	511.420813002267	1126.11627138381	498.158015803665	668.338231768393	457.217154223827	777.74775341869	455.292237286796	512.666649475745	512	512	285.628276902505	206.460397773894	-593.565796224485	688.130886270243	257	86	4	14	151	276	140	7	2	87	21279	1748	1444	105	531	535	30	0	0	0	0	0	-387	-9	8	0
8	1	3	0	16	48	down	1	512	461.306364478214	686.725149187728	470.590881464322	531.90564029331	501.862572412896	967.160178377762	481.891225666731	585.670033640693	512	512	290.896826160843	209.78046102184	-593.341015247282	687.610444956696	254	86	3	4	165	251	162	10	10	79	21374	1664	1458	80	506	508	32	1	0	0	2	0	-253	-8	9	0
8	1	3	0	16	48	down	2	512	501.718707033834	894.167720007558	504.665100199219	632.960318391147	482.044944955084	788.002751676603	482.469782383641	578.781399306826	512	512	293.336219178599	221.66339221776	-593.34256588949	687.614096685354	260	68	4	8	172	264	166	6	4	72	21362	1697	1432	85	509	560	38	0	0	0	0	0	-323	-11	7	0
8	1	3	0	16	48	down	3	512	484.069223535388	855.285226752374	490.362208432472	612.577845426248	478.339733366636	881.451521341409	467.336086534261	542.359917042597	512	512	281.82736337252	197.599785979386	-593.529702955149	688.048167860475	279	68	6	8	151	283	143	9	2	75	21506	1644	1341	85	551	504	35	0	0	0	0	0	-322	-8	8	0
8	1	3	0	17	47	down	0	512	564.549490109143	1248.55618968748	554.066631191571	765.14587121453	496.564678381328	915.966827021243	500.456254192088	621.358712625516	512	512	270.158055999918	197.342705373027	-593.459423595592	687.885426998003	263	48	3	15	183	276	160	9	0	67	20778	1843	1354	89	525	574	26	0	0	0	0	0	-582	-13	7	0
8	1	3	0	17	47	down	1	512	557.40969003946	1204.87415284149	549.73545663944	758.400732586268	549.933488775082	1227.20186530098	539.237251987484	760.038864816774	512	512	278.409305949345	200.329547729718	-593.610151456309	688.234272848105	254	55	3	14	186	256	175	15	3	63	20973	1700	1301	90	525	520	39	0	0	0	0	0	-435	-8	7	0
8	1	3	0	17	47	down	2	512	567.93755408446	1259.09987426119	573.853866229333	840.904097413332	470.710576415079	652.959289523132	485.698143868329	553.146783232384	512	512	276.500155065397	200.442040079588	-593.433070387968	687.82324199174	250	53	5	15	189	284	165	3	4	56	20902	1702	1352	108	588	536	23	0	0	0	0	0	-379	-8	9	0
8	1	3	0	17	47	down	3	512	543.493762019142	1177.13357058245	544.85514256287	759.641634264291	519.424878311645	1068.06749593464	512.089204853288	660.904016906445	512	512	290.773075916885	218.570443030887	-593.275956164336	687.459857796542	263	59	4	14	172	259	167	12	2	72	20895	1682	1406	81	516	552	29	0	0	0	0	0	-318	-8	7	0
8	1	3	0	18	46	down	0	512	489.117893971959	836.459071234575	500.279011833921	623.928749015258	526.689290178826	1035.61959942406	517.552664045492	649.982062258827	512	512	287.074218340048	207.931439092501	-593.632759469877	688.286690237771	262	72	4	7	167	280	170	11	1	50	20559	1553	1362	78	577	611	41	0	0	0	0	0	-221	-9	7	0
8	1	3	0	18	46	down	1	512	537.092542426329	1128.89321487533	532.517159347544	721.17608509472	502.035854646965	864.312736623711	504.395628682477	612.699938950522	512	512	282.745636806414	213.00963821139	-593.500239351878	687.979818080827	264	58	7	13	170	250	182	7	2	71	20468	1628	1352	104	570	581	34	0	0	0	0	0	-326	-13	9	0
8	1	3	0	18	46	down	2	512	538.868670376963	1105.03379961338	533.436126953351	716.740313261474	511.641692707581	980.458626394091	508.145627437915	654.61641373754	512	512	265.85671315289	189.984648151436	-593.324515292479	687.572253978103	246	65	5	12	184	264	168	10	4	66	20490	1686	1297	79	596	598	31	0	0	0	0	0	-455	-10	7	0
8	1	3	0	18	46	down	3	512	520.980126556964	967.479920893714	512.951234054493	638.355475617291	537.285078241961	1138.13934111368	523.368892066965	695.840350024595	512	512	287.438165820425	208.789591898731	-593.461839220108	687.89071437368	250	65	2	9	186	250	179	13	1	69	20544	1586	1325	97	567	594	30	1	0	0	2	0	-316	-10	7	0
8	1	3	0	19	45	down	0	512	510.700413141634	1004.39608981173	509.981183610195	657.355312546786	454.194908298212	636.440890618338	486.536206655037	566.41381173235	512	512	265.261564425167	186.104815470993	-593.583285542113	688.17202504615	287	56	4	11	154	262	163	3	1	83	20047	1662	1255	76	628	625	37	0	0	0	0	0	-443	-10	6	0
8	1	3	0	19	45	down	1	512	520.979053591638	1025.60452029616	517.938732443881	665.038602283954	518.244538424146	993.306966092479	520.785174832075	697.850281154693	512	512	283.583171052708	206.501601808809	-593.529206352031	688.046748162773	279	54	3	11	165	263	175	10	1	63	20012	1589	1356	83	582	592	37	0	0	0	0	0	-250	-9	7	0
8	1	3	0	19	45	down	2	512	498.072329155403	821.054200300355	512.925633155512	642.783125166279	520.749083578205	1030.56993429393	513.116981772532	649.70507093068	512	512	270.203437974958	191.79161702759	-593.364666148072	687.665437122067	251	69	3	6	183	270	170	11	0	61	20148	1604	1216	72	636	617	50	0	0	0	0	0	-433	-9	7	0
8	1	3	0	19	45	down	3	512	546.546497765091	1195.58901285451	530.810010398393	717.058903413986	473.349896640081	733.741995282514	488.508073158093	575.655478236167	512	512	268.541725390263	194.413868799505	-593.488021451967	687.951030567464	236	75	1	14	186	276	162	5	1	68	19987	1642	1319	92	634	576	37	0	0	0	0	0	-356	-9	8	0
8	1	3	0	20	44	down	0	512	527.888883647889	1111.28079487428	515.042607301525	671.97233920073	566.411722694148	1332.01605970595	538.958072179685	742.168635905773	512	512	267.022346051887	189.67208033525	-593.411130496258	687.772494570227	271	61	5	13	162	243	182	17	3	67	19528	1573	1335	92	686	721	47	1	0	0	2	0	-287	-9	7	0
8	1	3	0	20	44	down	1	512	518.590029926958	993.878584719589	522.690909190124	687.282888157115	513.877760685081	909.639559402235	524.272519984528	670.870909375453	512	512	257.929915374154	179.635679644105	-593.558686749177	688.114546983471	262	63	2	10	175	272	177	8	3	52	19558	1616	1275	79	654	690	35	1	0	0	2	0	-379	-9	7	0
8	1	3	0	20	44	down	2	512	532.208063915708	1163.5943261502	512.887482328659	669.37840306031	501.373215531022	893.596101380449	508.503021083593	644.708217719352	512	512	254.898018270241	174.685093989416	-593.530913074425	688.050525221049	254	74	1	14	169	261	172	8	3	68	19647	1544	1235	102	678	573	32	0	0	0	0	0	-345	-7	8	0
8	1	3	0	20	44	down	3	512	487.304331823525	800.312732492026	506.791467205267	657.815000647148	514.798713704139	1017.03689283834	513.35337305389	659.099591532194	512	512	276.719836129969	202.533163298478	-593.342340028903	687.612897190151	249	75	11	6	171	275	162	11	3	61	19594	1507	1335	92	660	692	29	0	0	0	0	0	-232	-8	11	0
8	1	3	0	21	43	down	0	512	525.508950291328	1034.96993264126	518.777434890152	663.327792362857	499.098640390396	888.449758506215	497.5369789509	603.414028041703	512	512	252.047651031219	173.825791395861	-593.143580810978	687.15345768728	276	53	2	11	170	263	169	8	4	68	19110	1638	1203	65	722	636	32	0	0	0	0	0	-472	-10	6	0
8	1	3	0	21	43	down	1	512	513.656880979767	1018.21516506696	519.421212342279	689.191817049779	505.855514759466	871.581030515912	515.517136711277	651.389869563684	512	512	251.198571633922	175.457774086575	-593.484443764451	687.94291994759	265	67	6	11	163	246	185	7	4	70	19256	1516	1147	97	698	672	46	0	0	0	0	0	-400	-8	6	0
8	1	3	0	21	43	down	2	512	544.20399860633	1216.28612056503	523.3554148926	704.916662206768	546.728870307279	1122.18768411741	534.101810372817	713.939288543776	512	512	256.577224859956	179.006684088622	-593.464743043156	687.89719544423	260	65	2	15	170	237	193	12	5	65	19224	1504	1205	83	753	647	38	0	0	0	0	0	-325	-9	7	0
8	1	3	0	21	43	down	3	512	487.870703031652	766.472824104401	504.239080218617	618.170955545813	509.9051448854	873.937126000968	515.901956835034	644.825502435075	512	512	256.036254814333	178.189726224764	-593.55863287702	688.114826593199	255	70	3	5	179	259	185	7	1	60	19095	1543	1288	90	697	662	33	0	0	0	0	0	-277	-10	9	0
8	1	3	0	22	42	down	0	512	492.101632734447	938.882563493831	494.447349691053	614.379544290737	510.960872975401	876.579255285662	519.24190535871	656.725717832663	512	512	251.513604747101	172.793742730597	-593.372066903506	687.681985881987	286	67	2	10	147	255	186	7	3	61	18841	1466	1117	80	743	766	52	0	0	0	0	0	-347	-10	6	0
8	1	3	0	22	42	down	1	512	519.654848325078	1026.04665040719	516.873316694309	679.948715839472	510.576874309462	874.15308985182	516.730439222541	644.979689460924	512	512	257.989109616499	183.221520291731	-593.234777760369	687.364411147183	272	59	4	11	166	258	184	7	4	59	18608	1563	1247	86	738	726	63	0	0	0	0	0	-356	-9	7	0
8	1	3	0	22	42	down	2	512	506.353961949459	863.53135712241	515.410168855796	648.788755991142	538.062165881958	1061.2980982046	532.823557147095	710.6540148962	512	512	256.663719977571	180.451720277006	-593.670279902746	688.37345152275	266	57	4	7	178	262	183	11	4	52	18735	1489	1199	81	639	712	32	1	0	0	2	0	-307	-11	8	0
8	1	3	0	22	42	down	3	512	555.192875643523	1239.56506170704	532.279134764355	711.575596664509	522.255661386953	993.808514770802	516.91011502195	654.390430354801	512	512	254.416163632814	178.972231669278	-593.432231089132	687.822326703255	249	64	2	15	182	278	173	10	0	51	18721	1496	1205	82	664	685	43	0	0	0	0	0	-303	-8	9	0
8	1	3	0	23	41	down	0	512	526.949750012594	981.913627957353	525.282075552656	677.46943741721	532.092542426329	1120.97525420032	534.036719207191	723.806361244017	512	512	263.788085609905	182.333296738352	-593.385201496222	687.713141189813	240	67	2	9	194	264	167	13	6	62	18176	1440	1297	79	678	727	46	0	0	0	0	0	-164	-7	10	0
8	1	3	0	23	41	down	1	512	504.828130559147	899.392111037488	506.18865068173	629.357533721581	541.680199870708	1141.01383963521	543.295268230924	743.797205717695	512	512	242.217694801	165.18569976936	-593.323679283888	687.570052577144	263	65	1	8	175	254	177	13	7	61	18246	1475	1191	80	747	665	36	0	0	0	0	0	-320	-8	8	0
8	1	3	0	23	41	down	2	512	486.603185544455	901.932236887333	492.169136457837	615.835147352712	536.795721360087	1027.44000920074	550.517295035989	745.991801661135	512	512	249.490193188114	171.233870019861	-593.507371331229	687.996821196079	266	79	4	9	154	252	190	10	5	55	18369	1426	1125	72	729	759	35	0	0	0	0	0	-318	-8	8	0
8	1	3	0	23	41	down	3	512	542.87979333977	1142.59077982139	527.221799439131	700.763313032048	585.806844322895	1395.75308737281	569.721024871554	820.167840775542	512	512	240.300802916361	166.594099488567	-593.126273210159	687.112277157387	257	59	5	13	178	251	187	18	5	51	18177	1502	1228	85	839	774	37	0	0	0	0	0	-311	-9	6	0
8	1	3	0	24	40	down	0	512	493.436001274452	909.815162587946	485.013626486556	588.461231011639	472.073288844766	950.868374046891	462.165121699516	552.957651187778	512	512	229.469355414126	154.142254020903	-593.508270006981	687.998050273116	274	69	4	9	156	265	136	11	1	99	17912	1370	1131	67	796	753	42	0	0	0	0	0	-281	-9	6	0
8	1	3	0	24	40	down	1	512	475.05810057258	772.754854339688	479.594802745824	575.470197599657	486.468410473512	1006.68744103875	472.033910773872	580.238943119095	512	512	242.045513482215	162.191222907298	-593.315043099907	687.550772538888	272	72	4	6	158	273	138	12	2	87	17675	1482	1249	74	787	754	46	0	0	0	0	0	-282	-8	7	0
8	1	3	0	24	40	down	2	512	501.631529434137	1030.2767995733	486.166018857848	611.090130709731	473.983118901016	769.185451651626	477.371414995088	555.170743540736	512	512	239.900830329793	159.181195418888	-593.391342910882	687.726864054785	275	74	4	12	147	277	156	6	3	70	17835	1415	1139	91	749	787	35	0	0	0	0	0	-286	-9	10	0
8	1	3	0	24	40	down	3	512	496.075321499454	1027.62669208169	481.933247082286	608.351194059138	473.944611737889	804.412944169887	471.902564957984	545.794640725687	512	512	238.660907035072	164.413481256576	-593.404587505076	687.757120393511	258	88	6	12	148	279	151	7	2	73	17844	1428	1135	73	784	805	43	0	0	0	0	0	-291	-10	7	0
8	1	3	0	25	39	down	0	512	565.183785335404	1188.79300732915	561.604627514251	790.121149414177	494.568743690706	916.166385486107	498.350900138441	620.104777123223	512	512	224.891692780121	151.805830196198	-593.322561923855	687.567934857614	235	56	7	13	201	266	161	9	2	74	17331	1375	1178	84	832	736	62	1	0	0	2	0	-235	-9	7	0
8	1	3	0	25	39	down	1	512	556.306364478214	1207.90697187684	553.636253574163	780.108138798771	528.272882313828	1150.7623918378	523.916437770183	716.481674673153	512	512	236.376244909528	160.476084954995	-593.253340441699	687.407517741034	242	63	4	14	189	264	160	14	5	69	17350	1408	1141	69	813	826	48	0	0	0	0	0	-285	-8	9	0
8	1	3	0	25	39	down	2	512	564.540399801024	1144.8927824299	570.814656131559	809.256280988542	521.353961949459	1072.61561238645	515.650003576044	682.502077596283	512	512	236.547942935941	156.386270459384	-593.194133401795	687.269779524758	253	42	5	12	200	254	169	12	4	73	17357	1383	1160	68	829	831	58	0	0	0	0	0	-249	-7	6	0
8	1	3	0	25	39	down	3	512	515.452262511964	884.09012082403	533.299671864218	694.017580017519	541.220259843842	1076.80719677609	529.405498024279	701.216272749757	512	512	229.833566329912	154.971635171953	-593.447149529725	687.85651296041	254	58	4	7	189	240	194	11	3	64	17360	1405	1116	87	828	779	56	0	0	0	0	0	-307	-8	6	0
8	1	3	0	26	38	down	0	512	503.532269182269	893.205411629798	504.102053829202	613.260858248526	502.313422131643	964.865276690246	505.107444318554	635.481777376037	512	512	233.184151351758	157.815697253169	-593.345684083703	687.621525805614	269	61	4	8	170	267	162	10	1	72	16782	1406	1190	78	852	805	44	0	0	0	0	0	-232	-9	8	0
8	1	3	0	26	38	down	1	512	497.99531482915	854.427146011882	515.126538373459	659.564532315469	488.417820658215	805.763289782136	505.455326965082	634.631602121875	512	512	239.883458737369	164.113336259196	-593.502460035554	687.984568739376	255	70	4	7	176	246	176	6	6	78	16950	1319	1116	71	788	809	47	0	0	0	0	0	-239	-11	9	0
8	1	3	0	26	38	down	2	512	496.411722694148	813.395216657504	504.8851114901	614.800760039578	513.293208860717	921.536242104359	521.290637671099	664.906640826659	512	512	232.576420376882	157.102087797657	-593.410575712968	687.771037918796	263	63	2	6	178	242	187	8	4	71	16876	1445	1077	58	769	829	40	1	0	0	2	0	-384	-8	7	0
8	1	3	0	26	38	down	3	512	524.654848325078	1071.04665040719	516.432843942576	665.521834768675	559.002372482579	1275.45862639409	529.279529062957	716.86259221334	512	512	219.031747043182	146.079833407348	-593.353948002438	687.640526026116	272	60	2	12	166	264	175	16	1	56	16886	1382	1126	62	904	845	42	0	0	0	0	0	-280	-7	9	0
8	1	3	0	27	37	down	0	512	510.769410125095	883.372608294856	517.852744478693	658.33868186616	518.186777679456	990.52514588238	514.464518727726	661.658795549495	512	512	224.499135570172	152.03522124737	-593.324146607281	687.571701077286	240	71	2	7	192	266	172	10	4	60	16422	1300	1159	63	968	875	54	0	0	0	0	0	-154	-7	7	0
8	1	3	0	27	37	down	1	512	522.965897974142	1069.96328069243	518.976978658793	698.089467034795	517.1412128629	959.257745802831	518.000047727716	663.627803834691	512	512	235.582704949822	154.891723337497	-593.45022642203	687.863328372197	263	65	7	12	165	251	181	9	5	66	16493	1273	1099	79	819	941	60	0	0	0	0	0	-165	-10	6	0
8	1	3	0	27	37	down	2	512	510.835188212577	1047.91582736966	496.970365326313	622.140501219102	521.871662721014	1102.54864392599	515.882081416739	689.008363964143	512	512	219.886924640053	139.691171978246	-593.37616468442	687.692050444937	272	70	2	12	156	269	159	13	4	67	16501	1317	1055	71	856	866	43	0	0	0	0	0	-276	-7	5	0
8	1	3	0	27	37	down	3	512	490.596127891025	843.355304964531	507.709395006377	651.38578419217	499.702445796323	988.646643796492	496.646194362203	627.025818044895	512	512	220.411174341396	144.691415549627	-593.223826973357	687.338933841541	249	78	7	7	171	280	148	11	5	68	16387	1373	1111	73	925	965	66	0	0	0	0	0	-289	-7	5	0
8	1	3	0	28	36	down	0	512	531.949750012594	989.831588632359	533.509978223454	705.734374625518	500.91220253883	924.542881658133	511.47503882615	672.456246325671	512	512	222.244769553764	146.6709769136	-593.34065194581	687.610100614741	240	63	3	9	197	268	163	9	5	67	15999	1329	1038	66	857	968	56	0	0	0	0	0	-316	-9	9	0
8	1	3	0	28	36	down	1	512	484.405624730082	826.330908976578	496.244543497305	608.140912444588	545.182712370078	1215.24576403157	525.992982838862	706.864014860707	512	512	223.02368832972	150.982705789039	-593.25261778278	687.405910537951	264	73	7	7	161	264	168	15	4	61	16034	1301	1025	72	925	943	63	0	0	0	0	0	-313	-9	6	0
8	1	3	0	28	36	down	2	512	540.394501767274	1180.39255587797	524.761589852304	694.968829673864	528.023658718831	1080.68966937285	519.055866369561	676.232503533348	512	512	213.95947124608	134.502292701593	-593.49970074531	687.977686066708	245	73	3	14	177	264	172	12	1	63	16085	1301	980	66	971	942	40	0	0	0	0	0	-363	-10	6	0
8	1	3	0	28	36	down	3	512	492.246571078835	842.610735667872	496.629868718964	606.976357354053	474.002372482579	770.112725054993	492.429184648103	592.5919566949	512	512	222.264495419384	147.2606081189	-593.329765777099	687.583795112586	264	70	0	7	171	276	157	6	2	71	15956	1319	1081	76	838	894	62	0	0	0	0	0	-255	-8	7	0
8	1	3	0	29	35	down	0	512	562.563718691966	1257.2391244778	540.408438800154	729.248348668239	489.453222201327	976.848863040888	484.795775912424	595.840534373421	512	512	200.573772668826	129.101408974979	-593.361203149343	687.657445756865	238	66	1	15	192	272	146	11	1	82	15609	1290	933	88	970	960	60	0	0	0	0	0	-394	-9	6	0
8	1	3	0	29	35	down	1	512	470.959800010075	723.08522757871	487.867246174367	569.567883691842	534.223252187894	1127.24000176371	522.113002108031	681.839532498637	512	512	215.835268598362	141.865964784341	-593.285525603148	687.481736354575	292	60	0	5	155	263	172	13	1	63	15499	1301	1065	55	977	951	56	0	0	0	0	0	-258	-10	6	0
8	1	3	0	29	35	down	2	512	520.403592075393	1104.08257093086	517.283437228932	691.468825780006	489.84738414071	802.401423765849	500.18857671748	603.497812217525	512	512	200.89219715135	130.984631124394	-593.409030913072	687.768006909549	259	74	5	13	161	262	173	6	3	68	15522	1350	975	73	960	924	67	0	0	0	0	0	-398	-8	7	0
8	1	3	0	29	35	down	3	512	498.484671711024	853.933575540469	503.194834458962	614.88789174267	493.302299168836	882.308296482245	506.413308396207	645.028673859349	512	512	228.173241433669	150.241379844557	-593.308892441869	687.535390952793	261	67	1	7	176	256	168	8	3	77	15519	1204	1140	57	934	993	81	0	0	0	0	0	-90	-6	8	0
8	1	3	0	30	34	down	0	512	511.536334491647	946.349538564984	514.722830794462	650.230212035387	517.29416855008	950.609845986905	516.986337105672	659.386131106645	512	512	183.255405881529	122.741553753483	-593.309135940203	687.536402680438	263	64	1	9	175	268	173	9	8	54	15071	1323	940	74	1052	954	60	1	0	0	2	0	-426	-9	6	0
8	1	3	0	30	34	down	1	512	485.317487441021	830.118050745741	491.382366643948	598.231471620909	546.757214196961	1189.69632545336	537.269105174639	751.092027316427	512	512	209.70409111083	135.635637848608	-593.289949001206	687.492532516202	265	74	1	7	165	246	180	14	5	67	15077	1186	1065	80	1000	989	56	0	0	0	0	0	-117	-7	9	0
8	1	3	0	30	34	down	2	512	518.887923958526	1111.3446618464	500.319126704833	641.129312206548	524.732935616657	905.411634438546	535.292210259368	687.098931813011	512	512	201.955774097199	131.031757051347	-593.34239744447	687.613456787932	241	88	1	13	169	243	201	7	2	59	14969	1325	1034	80	972	944	59	0	0	0	0	0	-335	-10	6	0
8	1	3	0	30	34	down	3	512	559.26175935102	1279.87725432982	539.628820810151	768.954607979401	533.56061307195	1045.33046413609	525.136274634858	674.878025983694	512	512	209.466555161462	142.465561116031	-593.373822019729	687.686456839619	253	62	3	16	178	282	173	11	3	43	15189	1178	993	48	1020	984	72	0	0	0	0	0	-202	-6	8	0
8	1	3	0	31	33	down	0	512	531.256621076316	1216.13045256738	509.745960396692	687.532073777701	556.392469112585	1204.05996256822	551.531673844244	767.56827599672	512	512	199.44499043795	125.955520999782	-593.213063803419	687.314518736837	292	58	2	16	144	252	186	14	3	57	14623	1248	964	61	1070	1163	49	0	0	0	0	0	-316	-6	6	0
8	1	3	0	31	33	down	1	512	475.182712370078	770.735784042484	483.230923227826	569.498231754539	592.295241515406	1381.99522657355	575.824553106472	830.667105010741	512	512	200.727862600367	126.442816391646	-593.548297436751	688.090895983576	276	69	5	6	156	227	206	17	4	58	14799	1061	982	54	949	932	49	0	0	0	0	0	-103	-6	7	0
8	1	3	0	31	33	down	2	512	532.371182876333	1163.40319486441	515.858641938333	695.89882560013	536.536334491647	1060.07681279469	551.238569565419	755.994974610549	512	512	205.677222038183	133.488605921775	-593.429722763335	687.815781907267	252	74	4	14	168	259	183	11	4	55	14655	1194	988	59	1031	1006	75	1	0	0	2	0	-240	-9	6	0
8	1	3	0	31	33	down	3	512	500.634635054152	898.12781244627	505.058430463952	637.389359430104	547.640733018219	1125.94821809126	556.364970530637	784.185603280263	512	512	203.143953781897	134.262247398567	-593.377133541192	687.694188207732	247	77	4	8	176	234	196	12	3	67	14855	1049	926	66	1031	1000	63	0	0	0	0	0	-116	-8	7	0
8	1	3	0	32	32	down	0	512	458.56061307195	704.095425856353	465.322061841936	522.412751397802	490.528203872891	943.309618608641	477.940296147832	584.616724078699	512	512	187.686798418835	117.874606046708	-593.522102603116	688.030038028618	286	72	2	5	147	263	150	10	9	80	14210	1208	910	56	995	1021	56	0	0	0	0	0	-316	-8	5	0
8	1	3	0	32	32	down	1	512	469.540399801024	809.04133297981	474.171186135197	554.409773582561	506.324545094451	1002.39564910293	498.267178207323	641.376473731056	512	512	186.12220309646	123.402384498711	-593.021249760115	686.870170280679	253	93	1	7	158	274	155	11	5	67	14217	1153	961	53	1147	1004	73	0	0	0	0	0	-214	-6	6	0
8	1	3	0	32	32	down	2	512	436.38230583914	597.722920853624	452.716753973756	495.522262008901	473.407657384771	773.552639226977	468.377431040607	520.966583435543	512	512	193.153844676267	119.473384591275	-593.381116254026	687.702698400215	279	84	4	3	142	265	160	6	3	78	14327	1092	901	64	1043	1080	54	0	0	0	0	0	-215	-6	7	0
8	1	3	0	32	32	down	3	512	494.645758016959	919.848871304259	488.208880123731	599.325765008518	504.904071920074	1035.31005931744	495.89597032939	638.644362582836	512	512	193.238740571211	121.30699979766	-593.303557102277	687.523602432219	258	79	2	9	164	276	149	12	4	71	14150	1183	963	88	997	1072	60	0	0	0	0	0	-224	-7	8	0
8	1	3	0	33	31	down	0	512	546.066231191336	1114.41561734447	545.589694390696	729.77675060349	497.265824660398	851.455969746245	506.493454562745	631.772690892027	512	512	169.85158898407	104.957510384942	-593.411715513973	687.774160636586	252	56	5	12	187	263	175	7	0	67	13776	1153	878	65	1153	1042	66	1	0	0	2	0	-315	-7	6	0
8	1	3	0	33	31	down	1	512	501.229350151961	783.494995889936	538.200052814935	701.813445684991	504.070296500714	940.078588024937	504.442462407346	634.92085596029	512	512	186.752339834223	124.770346026989	-593.229837986203	687.353482433152	266	53	4	5	184	250	175	9	0	78	13777	1137	900	58	1030	1098	84	0	0	0	0	0	-246	-8	6	0
8	1	3	0	33	31	down	2	512	523.369150221644	1036.26128799996	526.182441982102	698.086790061872	533.935521429771	1092.3681640217	520.210149714506	667.232852123588	512	512	187.476579990222	118.531135631792	-593.443744626769	687.84847371905	263	62	4	11	172	261	178	12	0	61	13789	1123	909	51	1139	1156	64	0	0	0	0	0	-245	-7	6	0
8	1	3	0	33	31	down	3	512	556.920333157586	1168.33889957854	553.614768246237	758.103958571797	526.210096570397	970.45907536626	516.921786041148	651.624317922909	512	512	168.481835856035	108.37901582898	-593.16453621727	687.20108585806	256	51	1	13	191	263	185	9	2	53	13698	1186	927	61	1172	1086	66	1	0	0	2	0	-290	-7	8	0
8	1	3	0	34	30	down	0	512	536.392469112585	1024.11317815885	530.492657964863	696.540128319498	485.980126556964	763.75264666401	499.615608700248	610.76608248193	512	512	188.959706042703	119.957669964247	-593.561427031033	688.121111930485	260	51	3	10	188	254	178	5	3	72	13424	1034	860	42	1127	1085	70	0	0	0	0	0	-157	-6	7	0
8	1	3	0	34	30	down	1	512	530.05810057258	1082.3180499194	511.862410115422	650.755231235509	532.035854646965	1023.04001085341	531.808890631694	708.153146106307	512	512	182.592143791806	120.719773498926	-593.571734193115	688.145035981223	268	59	1	12	172	246	190	10	3	63	13497	984	832	47	1116	1082	58	0	0	0	0	0	-178	-9	6	0
8	1	3	0	34	30	down	2	512	549.587997272269	1300.74110973323	523.497729908305	697.953132790566	512.908137229452	1014.31671539795	511.218174220363	654.017955329495	512	512	181.583842848139	113.053283049102	-593.509382995937	688.000127730349	249	75	4	17	167	274	161	11	3	63	13400	1040	857	63	1128	1147	60	0	0	0	0	0	-210	-9	7	0
8	1	3	0	34	30	down	3	512	535.691322833515	1199.8169378182	518.094780882319	684.861555248724	504.338773677273	899.885681508901	506.98800861173	642.893599743195	512	512	162.635034492769	109.238392117646	-593.395316833824	687.73645044828	265	68	2	15	162	257	175	8	4	68	13320	1175	798	67	1062	1046	64	0	0	0	0	0	-439	-6	6	0
8	1	3	0	35	29	down	0	512	523.139180208211	1041.22670199774	516.620742177596	676.092696945484	505.845351486022	974.317164370122	510.522319843396	660.899310589875	512	512	165.7729763014	103.689999524478	-593.226969933873	687.346207346668	254	69	1	11	177	257	167	10	3	75	12842	1072	880	54	1213	1140	63	0	0	0	0	0	-228	-7	7	0
8	1	3	0	35	29	down	1	512	483.014568410713	831.60053739023	492.178524349833	598.626142989553	521.507990601965	968.814289433719	528.083074886119	685.774237470529	512	512	160.704751444532	103.308489457939	-593.120056162565	687.097860488973	254	83	0	7	168	250	187	9	1	65	12724	1203	861	60	1229	1153	72	0	0	0	0	0	-377	-13	6	0
8	1	3	0	35	29	down	2	512	517.534301836958	1028.26527916926	512.867540416919	679.668833192621	505.096607735707	933.336675376125	514.654823059053	664.113114929864	512	512	159.298630940747	98.9695275883638	-593.586272938993	688.179181157747	258	69	5	11	169	266	168	9	3	66	12942	1040	819	47	1139	1043	64	0	0	0	0	0	-243	-6	6	0
8	1	3	0	35	29	down	3	512	527.054035263202	1111.20274671858	510.106074299858	657.247851266792	512.956807666023	950.490559880155	514.206465008138	650.782672367633	512	512	167.652420135694	97.5406352971486	-593.297686514538	687.509529382255	266	64	7	13	162	257	177	9	3	66	12899	1075	823	51	1153	1146	70	0	0	0	0	0	-255	-8	5	0
8	1	3	0	36	28	down	0	512	494.088477116951	946.21250015574	500.124719809865	635.318811672726	478.810909632273	784.824038739193	494.807063758034	603.429940658574	512	512	169.637240781074	110.060177786444	-593.368479772315	687.673312063628	278	71	1	10	152	261	166	6	2	77	12414	1018	856	48	1203	1181	56	0	0	0	0	0	-183	-7	7	0
8	1	3	0	36	28	down	1	512	491.585004928218	850.79832475653	508.422252351932	648.945370094321	552.592062581647	1234.77437360906	536.845376484015	738.934666152681	512	512	175.732156659966	105.994762089426	-593.442997459821	687.846638350573	238	85	5	7	177	251	180	15	1	65	12522	932	831	51	1121	1163	68	0	0	0	0	0	-123	-6	6	0
8	1	3	0	36	28	down	2	512	488.023658718831	869.044434468141	490.184584854323	590.353174941254	488.897014266644	796.812950780583	507.292617675704	620.511970524569	512	512	188.794527319571	122.719664665531	-593.651947078878	688.331450155255	268	74	1	8	161	271	169	6	3	63	12450	1028	789	69	1071	1212	63	0	0	0	0	0	-252	-7	6	0
8	1	3	0	36	28	down	3	512	533.158433789774	1095.04532828079	527.710906588896	706.417311447989	544.760206541013	1210.96505179099	534.852444903074	741.88645404599	512	512	168.313010650891	100.96897620448	-593.373439772939	687.685532108907	249	68	3	12	180	269	164	15	7	57	12399	1047	830	60	1140	1158	86	0	0	0	0	0	-230	-6	7	0
8	1	3	0	37	27	down	0	512	480.614308507262	775.404961831292	492.436554802908	579.37935530738	504.049969953824	1034.33134555369	503.37809101433	632.522018853668	512	512	157.841266764797	101.730227177681	-593.238343958464	687.372762253252	289	58	2	6	157	276	149	12	3	72	12053	994	714	63	1219	1288	92	0	0	0	0	0	-286	-6	5	0
8	1	3	0	37	27	down	1	512	477.092542426329	774.383234886241	489.923294366618	584.407297139159	535.250636388213	1099.42892124213	532.491684066442	716.784775255144	512	512	177.901072977653	111.534739345022	-593.410988004087	687.772657834109	276	68	4	6	158	246	182	12	4	68	12059	908	805	52	1213	1284	64	0	0	0	0	0	-122	-6	8	0
8	1	3	0	37	27	down	2	512	491.651855981026	808.968610514862	506.998409647535	627.513431586446	512.371182876333	909.345547395687	512.015386532902	641.736607846958	512	512	163.646542204522	103.094478124056	-593.551057011694	688.097074662506	253	72	4	6	177	268	178	8	2	56	11957	997	802	68	1143	1151	56	0	0	0	0	0	-247	-8	7	0
8	1	3	0	37	27	down	3	512	490.596127891025	843.381912759846	491.195149217137	577.565563739531	504.454295166653	868.367282604108	514.640721185272	635.382738264698	512	512	160.802493022037	101.719175345538	-593.380426444676	687.701778637424	253	77	3	7	172	251	184	7	1	69	12066	916	792	50	1278	1160	76	0	0	0	0	0	-140	-6	8	0
8	1	3	0	38	26	down	0	512	558.216194534464	1285.69189357527	529.295030639329	712.594493333563	507.620406471329	1008.58234851062	512.350069070054	667.2226107838	512	512	176.338489658915	110.468238669934	-593.413938180326	687.779179054498	238	73	1	16	184	268	160	11	2	71	11653	841	775	43	1204	1254	76	0	0	0	0	0	-91	-7	6	0
8	1	3	0	38	26	down	1	512	530.259726696331	1009.81738679036	524.397974871251	678.022013760971	493.542432455713	811.688787955253	513.81824603984	654.443348407292	512	512	164.68257344991	100.775944107692	-593.181246931656	687.240261791161	264	51	8	10	179	254	178	6	4	70	11418	990	850	54	1190	1239	78	0	0	0	0	0	-180	-8	5	0
8	1	3	0	38	26	down	2	512	477.611316163211	820.302530082699	487.08835997739	591.162440534664	533.513015600705	1088.08745178113	520.973109658312	669.591373242272	512	512	143.475146891153	92.0441009120641	-593.39413732317	687.733012017567	254	85	5	7	161	266	174	12	3	57	11628	936	691	57	1169	1185	79	0	0	0	0	0	-279	-7	7	0
8	1	3	0	38	26	down	3	512	496.401559420704	953.186782041392	499.745590030016	636.874349088474	512.035854646965	917.230697298718	516.201746901867	641.707707651976	512	512	170.930129383227	106.862200882532	-593.540216716269	688.071436201105	270	74	2	10	156	250	185	8	1	68	11610	917	743	42	1089	1300	82	0	0	0	0	0	-209	-6	6	0
8	1	3	0	39	25	down	0	512	488.378240529763	862.059950173161	488.833794975446	592.969405857287	599.559653382588	1349.54733006297	584.516291599968	840.177928961699	512	512	159.654318872357	98.9154707424631	-593.262563093313	687.428258192428	281	64	5	8	154	248	209	16	3	36	11205	834	714	47	1278	1277	75	0	0	0	0	0	-126	-6	5	0
8	1	3	0	39	25	down	1	512	517.678167216019	990.144658541056	505.609814648599	629.99322900702	580.81700759634	1248.0169535186	587.306889929871	877.645224869268	512	512	147.579855397168	96.3898573675005	-593.282100610977	687.473399112081	269	60	0	10	173	240	205	14	8	45	11045	892	823	40	1326	1274	74	0	0	0	0	0	-94	-6	8	0
8	1	3	0	39	25	down	2	512	485.787590741332	828.670599075646	493.71813477274	600.888077597891	543.033821992276	1075.84488839833	546.546480408816	742.996925497578	512	512	153.571642971059	91.3635347334857	-593.407989439127	687.764968267693	268	71	3	7	163	249	192	11	3	57	11246	833	672	49	1288	1282	58	0	0	0	0	0	-151	-6	6	0
8	1	3	0	39	25	down	3	512	497.111796007892	918.201861169299	496.068952694082	604.561964591123	556.353961949459	1239.23423949585	562.972959164475	817.462194758179	512	512	142.432727077821	88.253886714044	-593.620709472019	688.259409138627	271	69	2	9	161	246	179	15	10	62	11031	955	758	56	1347	1190	61	0	0	0	0	0	-214	-6	5	0
8	1	3	0	40	24	down	0	512	439.933488775082	645.184121261861	446.757748992791	481.030604534654	497.610243197884	984.289658630469	483.351524642462	576.555031962753	512	512	141.791563737131	89.1670395898258	-593.317569152944	687.55634955545	268	93	2	4	145	287	147	11	0	67	10642	903	695	48	1316	1338	71	0	0	0	0	0	-235	-7	6	0
8	1	3	0	40	24	down	1	512	433.109763353203	629.771700434474	443.673921368135	482.515862780525	523.73389530602	1111.89765088511	501.379397155899	637.059534196068	512	512	130.129066036181	85.504059642964	-593.442193583941	687.844391280218	278	92	1	4	137	257	166	13	2	74	10745	849	645	49	1380	1260	97	0	0	0	0	0	-252	-7	6	0
8	1	3	0	40	24	down	2	512	440.682232525397	612.027139401186	458.903464716414	509.503723411033	488.67613456133	831.277693385948	486.798731675443	571.539715162398	512	512	146.736521642412	99.775210582517	-593.329784105274	687.584022043628	263	91	4	3	151	272	163	7	4	66	10677	891	660	60	1188	1299	78	0	0	0	0	0	-259	-7	5	0
8	1	3	0	40	24	down	3	512	452.553555418521	703.793435642895	464.355077439003	529.765323870477	465.903112230711	728.371710350518	478.26907261447	565.020643396275	512	512	140.390846606328	83.0443078934324	-593.635833894499	688.294557757283	261	91	5	5	150	258	162	5	3	84	10727	823	695	43	1251	1217	73	1	0	0	2	0	-146	-5	6	0
8	1	3	0	41	23	down	0	512	525.096607735707	1039.17259672614	529.936002243078	689.652514539602	493.388403803207	915.516718703301	501.914787882809	637.292512861429	512	512	127.968751536819	79.3612252953285	-593.454332845386	687.872417128161	266	60	1	11	174	262	161	9	3	77	10180	803	737	56	1403	1258	92	0	0	0	0	0	-82	-5	5	0
8	1	3	0	41	23	down	1	512	555.11586131727	1235.88257588889	544.915111138843	747.494580754988	506.133082244144	935.078139052768	511.11761012806	645.283514051188	512	512	152.346235092978	96.652799083476	-593.589625704405	688.186029191675	257	59	2	15	179	267	169	9	2	65	10233	831	664	48	1263	1402	73	0	0	0	0	0	-175	-7	5	0
8	1	3	0	41	23	down	2	512	559.137147553522	1244.81428530203	539.640274403855	728.587509941509	498.331716023844	788.417396706408	511.214064938267	632.411553603828	512	512	128.526539371088	84.3585623186158	-593.426017879856	687.808233813888	249	60	5	15	183	244	190	5	4	69	10175	888	676	37	1281	1200	66	0	0	0	0	0	-237	-7	5	0
8	1	3	0	41	23	down	3	512	523.177687371338	931.861738624803	537.567578794206	695.01820352095	457.44712423726	661.589437036565	483.175372457913	569.825694290988	512	512	143.519043733374	85.6511596112477	-593.648827524242	688.324020255639	256	55	4	8	189	293	146	4	6	63	10290	792	649	45	1313	1278	85	0	0	0	0	0	-165	-7	6	0
8	1	3	0	42	22	down	0	512	493.474508437579	911.669709394679	497.303627962091	618.509885463712	492.140139897574	866.599639445892	495.198622806283	582.857051926715	512	512	136.841886997984	86.7227621446202	-593.247980261621	687.39513283251	272	71	2	9	158	288	156	8	2	58	9838	765	626	35	1421	1403	83	0	0	0	0	0	-141	-5	5	0
8	1	3	0	42	22	down	1	512	513.379313495089	880.633801266059	512.730073853334	634.166678290549	468.867597411636	718.675026822057	488.514016957506	578.33439664918	512	512	116.011807405944	75.6134202722012	-593.532247531575	688.054014481893	256	59	2	7	188	291	152	5	3	61	9819	821	570	54	1448	1317	77	0	0	0	0	0	-291	-5	5	0
8	1	3	0	42	22	down	2	512	511.162499099152	915.298102336288	521.029273964292	676.645452647333	494.817967285702	875.07281336202	507.987361891853	646.128003894638	512	512	136.74826687212	83.4226367563237	-593.531830985301	688.053083046803	247	69	5	8	183	278	161	8	3	62	9747	769	700	48	1280	1327	86	0	0	0	0	0	-94	-8	5	0
8	1	3	0	42	22	down	3	512	541.737960615398	1180.87769917031	521.860255325258	684.68666885416	545.385411459156	1047.61828556104	539.876553197269	710.703085299638	512	512	131.762934229302	82.8401145137866	-593.406585085653	687.762194699551	251	69	1	14	177	243	202	10	1	56	9877	732	626	29	1375	1271	92	1	0	0	2	0	-120	-6	5	0
8	1	3	0	43	21	down	0	512	525.317487441021	1041.73667785514	519.142690769633	676.442923817866	513.349896640081	982.442661716902	513.394849566873	661.317819403728	512	512	130.650372404848	81.2176727779961	-593.190519369061	687.26150797186	257	64	5	11	175	268	169	10	2	63	9349	712	652	39	1360	1374	92	1	0	0	2	0	-54	-6	5	0
8	1	3	0	43	21	down	1	512	486.180679715389	860.622700912394	489.979890041316	597.619540632842	522.1412128629	1004.25774580283	530.424957149387	704.882285464865	512	512	125.927292169034	80.0262970558105	-593.386138779461	687.714927281333	279	68	2	8	155	251	181	10	3	67	9327	791	601	33	1356	1367	84	0	0	0	0	0	-213	-6	5	0
8	1	3	0	43	21	down	2	512	491.881825994459	841.058628046765	500.184795327433	633.994662380532	531.911242849467	1062.1145126803	530.548456674932	713.384243089901	512	512	136.532881572974	89.5109857379504	-593.239991424967	687.376650172767	258	71	8	7	168	238	188	11	3	72	9222	787	687	56	1447	1515	78	0	0	0	0	0	-127	-6	7	0
8	1	3	0	43	21	down	3	512	506.794648394761	1000.97480522815	495.585334681431	604.768442883485	538.119926626648	1064.0799184147	529.392848187229	684.606083229066	512	512	124.059165306037	73.964916005288	-593.416324187559	687.785187831144	281	63	3	11	154	259	186	11	1	55	9348	752	601	51	1429	1322	75	0	0	0	0	0	-157	-6	7	0
8	1	3	0	44	20	down	0	512	511.717634068508	1079.34775093968	501.318865436005	658.117166462353	547.611316163211	1116.59078395307	540.133974956272	719.2652381401	512	512	136.793314900344	91.3396889924329	-593.507723227664	687.996285948205	285	65	2	13	147	258	189	12	0	53	8835	740	631	34	1329	1463	72	0	0	0	0	0	-125	-7	5	0
8	1	3	0	44	20	down	1	512	494.214161879775	886.042222660778	493.582857099147	601.159148871051	520.778500433213	965.816505372767	524.504918843949	675.895336763267	512	512	110.270146351317	74.7915787941393	-593.577361250991	688.158234289857	249	80	5	8	170	254	185	9	1	63	8873	776	564	27	1458	1404	88	0	0	0	0	0	-222	-6	4	0
8	1	3	0	44	20	down	2	512	525.11586131727	1040.07326233419	520.641284916645	690.478901081583	483.474508437579	821.696317189994	496.541381132488	619.453345642894	512	512	127.750238303736	85.4253305448516	-593.454256004596	687.872296896134	261	62	4	11	174	276	159	7	2	68	8829	772	608	31	1378	1443	85	0	0	0	0	0	-166	-6	6	0
8	1	3	0	44	20	down	3	512	521.55558807321	1000.16816484804	518.234459786305	671.583906514848	512.774435123835	986.809849292253	514.644772939042	669.582973997848	512	512	126.356594279994	86.3326536262765	-593.395826766687	687.737193960135	258	63	3	10	178	256	173	10	2	71	8888	751	574	27	1388	1489	92	0	0	0	0	0	-194	-6	6	0
8	1	3	0	45	19	down	0	512	514.070296500714	992.969940904628	503.913167646953	637.446577261445	551.748123888842	1093.97748666611	552.625974521215	759.363435395673	512	512	102.0396324307	66.1029614138619	-593.604902142011	688.221894979013	246	76	3	10	177	240	201	11	4	56	8456	726	507	39	1445	1361	96	0	0	0	0	0	-253	-7	5	0
8	1	3	0	45	19	down	1	512	538.455254856016	1241.49853395538	511.127959852627	678.725553739051	517.592062581647	1031.04709937936	514.851061000426	663.99462456224	512	512	97.4398191464733	71.8539676356907	-593.248558841209	687.396289239129	261	72	3	16	160	255	172	11	2	72	8400	784	504	40	1503	1498	86	0	0	0	0	0	-320	-7	4	0
8	1	3	0	45	19	down	2	512	486.862572412896	832.266609559023	489.082038144871	576.937688349555	547.495794673831	1111.05375132819	538.961189455115	706.00185065358	512	512	114.990739613864	77.8267837783647	-593.534692399183	688.059545607635	267	72	0	7	166	268	184	12	2	46	8468	677	550	33	1479	1454	88	1	0	0	2	0	-122	-6	5	0
8	1	3	0	45	19	down	3	512	521.075321499455	1141.38057410671	498.729182093685	642.323548554486	532.965897974142	1085.82580983776	535.318619799837	728.265102214681	512	512	111.208628943202	72.4753067821467	-593.440375752808	687.84098553084	258	78	5	14	157	267	172	12	5	56	8472	715	497	44	1469	1403	101	0	0	0	0	0	-238	-6	6	0
8	1	3	0	46	18	down	0	512	505.17362206196	899.963729664598	509.161160823905	640.944534592872	517.304331823525	922.037790782682	522.664724687543	666.688911620754	512	512	109.231663388366	69.8094705813298	-593.497943641306	687.974437567003	262	65	2	8	175	257	185	8	3	59	8035	615	524	42	1460	1429	82	0	0	0	0	0	-95	-6	7	0
8	1	3	0	46	18	down	1	512	509.952742356645	1053.53933532932	502.296143560283	642.895019527613	565.164531753841	1224.94777325078	550.472068296108	768.119367277508	512	512	108.339301176559	75.9400466025104	-593.225840599417	687.343109323373	255	81	3	12	161	236	197	14	5	60	7968	666	540	42	1515	1562	86	0	0	0	0	0	-163	-6	5	0
8	1	3	0	46	18	down	2	512	489.904071920074	1011.52956949711	482.87450660605	611.083647279709	547.285078241961	1191.03069399337	529.770835188612	712.301831004012	512	512	120.114319307063	77.7039764149441	-593.484006485392	687.941823671088	272	84	5	12	139	246	181	14	4	67	8007	641	533	35	1419	1535	74	0	0	0	0	0	-127	-6	4	0
8	1	3	0	46	18	down	3	512	501.296201204769	964.024478621654	510.564122322801	687.344113358264	511.133082244144	1017.10696278713	517.312254681137	686.280208202317	512	512	121.374794029334	77.3163736836191	-593.48927327887	687.953927196375	261	75	5	10	161	259	164	11	5	73	8045	642	503	26	1474	1545	71	0	0	0	0	0	-147	-7	5	0
8	1	3	0	47	17	down	0	512	527.064198536647	1008.44000506906	526.405757928069	703.463926251066	545.317487441021	1073.43512835048	549.330142485431	753.149941129085	512	512	88.1620710990245	63.9035282600085	-593.567855154441	688.136457547413	251	60	12	10	179	261	188	11	5	47	7509	663	490	42	1561	1440	92	0	0	0	0	0	-181	-6	4	0
8	1	3	0	47	17	down	1	512	498.177687371338	929.300758984134	496.066406615455	622.122882264679	598.417820658215	1387.80764161657	578.281435815864	829.859431880198	512	512	110.134780444949	74.4940974190481	-593.462986592939	687.892439410722	248	82	4	9	169	238	207	17	3	47	7543	622	507	32	1443	1520	87	0	0	0	0	0	-149	-6	4	0
8	1	3	0	47	17	down	2	512	505.451189546638	1037.5450934655	492.703355265088	617.313680719234	587.390436457896	1399.75619299282	578.33410938808	852.229907299896	512	512	111.130270961759	75.4034634485292	-593.354926418816	687.642902999176	271	73	6	12	150	251	190	18	2	51	7590	540	541	33	1504	1562	106	1	0	0	2	0	4	-5	6	0
8	1	3	0	47	17	down	3	512	514.952742356645	950.264393619975	515.175445296874	658.444474012498	576.104738354462	1275.02404617623	561.570052513535	790.973544602709	512	512	87.1054179146798	65.6405922869092	-593.411795370515	687.773741513484	263	60	5	9	175	250	198	15	0	49	7458	684	527	35	1502	1449	94	0	0	0	0	0	-183	-6	5	0
8	1	3	0	48	16	down	0	512	434.347863985392	596.094540307071	451.428804392726	496.454123601691	477.783525431954	812.608511465454	477.207379136339	561.344239423017	512	512	94.7427162770614	71.247842513479	-593.446279928288	687.854346849352	275	88	4	3	142	274	155	7	3	73	7037	600	522	33	1528	1564	93	0	0	0	0	0	-97	-6	5	0
8	1	3	0	48	16	down	1	512	484.021626064143	898.068822192723	477.698573104984	580.559135872697	517.611316163211	1031.97437278272	498.45607848795	611.836845135365	512	512	122.953983602498	79.703416325731	-593.501063622989	687.98144112772	267	81	2	9	153	254	173	11	1	73	7133	531	500	28	1435	1598	77	0	0	0	0	0	-35	-5	5	0
8	1	3	0	48	16	down	2	512	466.929423465704	721.656405497021	475.75002099207	550.519690515024	490.614308507262	902.433785565655	489.584621092252	595.407069034169	512	512	107.796933155009	80.0673763538005	-593.492830544722	687.962329287654	278	71	2	5	156	281	152	9	3	67	7033	633	486	40	1563	1647	103	0	0	0	0	0	-144	-6	5	0
8	1	3	0	48	16	down	3	512	489.923325501637	1123.64974528482	464.390985923371	588.17970215422	515.192875643523	953.782355947655	517.407238417812	670.03839709647	512	512	88.1711562097216	59.4615386170839	-593.330636596609	687.585977588574	263	102	3	15	129	257	178	9	4	64	7142	560	455	35	1612	1540	99	0	0	0	0	0	-140	-6	4	0
8	1	3	0	49	15	down	0	512	523.897014266644	1074.67769586496	519.944491177697	681.220364818	500.460279854756	947.960166809044	509.231958133823	655.212667271439	512	512	95.5387162770726	65.8350031085696	-593.520875890281	688.027475584393	263	67	0	12	170	293	148	10	6	55	6645	523	479	33	1543	1594	96	0	0	0	0	0	-79	-6	5	0
8	1	3	0	49	15	down	1	512	547.678167216019	1148.87193277076	545.932425222124	761.233026081362	531.113828662581	1047.87813987911	528.078095280329	696.975801029625	512	512	92.4692922886643	70.8625605535325	-593.506914274076	687.99513503967	265	52	1	13	181	264	176	11	6	55	6602	559	494	25	1553	1578	88	0	0	0	0	0	-51	-6	6	0
8	1	3	0	49	15	down	2	512	588.56061307195	1391.94909124549	557.137057641165	790.697998426996	519.252669042902	1075.76151455189	518.913746719219	690.628774175472	512	512	91.5527052343345	65.3973434447577	-593.445664866241	687.852500057212	274	36	1	18	183	239	173	12	4	84	6760	464	434	22	1574	1544	86	1	0	0	2	0	-50	-4	6	0
8	1	3	0	49	15	down	3	512	536.699453452271	1134.02315236357	537.026924156446	729.373407831789	511.027724028209	908.860404103352	523.241523048716	679.084054694438	512	512	87.0516789465057	61.498085742122	-593.516270928879	688.017002499304	253	66	5	13	175	262	178	8	4	60	6679	568	408	25	1614	1613	108	0	0	0	0	0	-191	-5	4	0
8	1	3	0	50	14	down	0	512	494.20399860633	914.667493455631	494.438361880912	605.246011946191	526.70854376039	1110.63112809147	527.413813194938	704.17639704754	512	512	85.8778570101485	64.6650245170333	-593.477142833753	687.925926123051	268	73	2	9	160	267	162	13	6	64	6225	550	370	23	1562	1662	92	0	0	0	0	0	-174	-6	3	0
8	1	3	0	50	14	down	1	512	484.444131893208	754.074592723955	490.648231407162	571.334071605781	516.55558807321	955.194772643357	520.001651496084	659.656894309119	512	512	82.7118073745351	65.1156432053781	-593.335918855066	687.597844249135	270	63	3	5	171	262	179	9	1	61	6209	493	440	26	1609	1646	101	0	0	0	0	0	-85	-5	5	0
8	1	3	0	50	14	down	2	512	507.793688705399	905.681691165941	510.663595558329	639.418656027156	535.17362206196	1169.85729848334	522.86663241718	696.996738610981	512	512	80.3756028857128	62.3357195059747	-593.246018746677	687.390767300174	259	65	2	8	178	246	171	14	6	75	6220	519	402	27	1656	1591	106	1	0	0	2	0	-138	-6	5	0
8	1	3	0	50	14	down	3	512	457.735927960709	638.336675376125	479.851327838379	555.026595335216	548.705551416338	1121.06085224918	543.780114853539	741.87627768021	512	512	77.5860746548861	67.2067762082385	-593.351642611245	687.635144158638	266	76	6	3	161	248	191	12	4	57	6187	537	416	28	1605	1603	92	0	0	0	0	0	-133	-6	5	0
8	1	3	0	51	13	down	0	512	492.965897974142	874.207182728362	486.191772806267	568.754008501764	525.855514759466	940.361520336246	536.685824607536	703.252439540308	512	512	88.2426961967709	68.3889732487532	-593.311254495137	687.542361039255	275	66	1	8	162	250	195	8	1	58	5734	511	385	26	1627	1779	93	0	0	0	0	1	-130	-7	5	0
8	1	3	0	51	13	down	1	512	497.448197202586	889.247543393504	498.386853165795	618.757630857644	502.93755408446	896.671933597097	512.037279276509	641.943544979301	512	512	79.6256527543725	65.0853724333141	-593.391932499987	687.728099943085	256	74	3	8	171	262	174	8	1	67	5768	463	399	26	1760	1642	121	0	0	0	0	0	-64	-4	4	0
8	1	3	0	51	13	down	2	512	512.371182876333	1057.5672735144	503.258932869883	667.694200815513	578.619446781966	1357.77260664218	556.85603304626	791.808670669787	512	512	68.5320233565396	62.7456248912246	-593.454808030398	687.873502281733	252	80	6	12	162	230	195	17	4	66	5753	506	364	33	1707	1641	60	1	0	0	2	1	-160	-7	4	0
8	1	3	0	51	13	down	3	512	509.751116232894	977.7384489537	503.528536576979	644.415883391355	570.316414475695	1467.69941454664	539.870370839934	769.465722337067	512	512	85.6116241743161	63.4003483638648	-593.566267038426	688.13269021388	263	68	4	10	167	274	154	21	3	60	5788	475	372	21	1538	1610	95	0	0	0	0	0	-101	-4	4	0
8	1	3	0	52	12	down	0	512	527.955734700697	1143.58855148728	511.282748996074	679.912316379088	542.985151555705	1102.61561238645	530.155201196783	684.660662531417	512	512	79.9056542790642	61.2694307735071	-593.467493338088	687.903270636072	282	59	2	14	155	270	180	12	2	48	5357	431	330	26	1638	1779	92	0	0	0	0	0	-109	-5	4	0
8	1	3	0	52	12	down	1	512	495.067190880699	871.061280562927	490.270522016184	582.704913847687	540.999380138528	1074.21650785178	540.440209450996	726.004549338983	512	512	79.7664137109795	59.5270473424711	-593.300465235106	687.516909755953	290	55	1	8	158	245	192	11	3	61	5384	402	330	28	1629	1762	121	0	0	0	0	0	-108	-5	4	0
8	1	3	0	52	12	down	2	512	520.240473114768	1067.21827068697	499.960448106926	620.093133026545	507.457287510705	897.553969616743	518.278499775873	660.679720637101	512	512	71.3635255475753	56.9112085958883	-593.417310629229	687.787583319092	265	68	1	12	166	274	171	8	4	55	5307	434	373	30	1641	1699	88	0	0	0	0	0	-73	-4	5	0
8	1	3	0	52	12	down	3	512	500.05810057258	960.619599424064	492.679628790165	614.722155833072	512.917227537571	1117.98012265553	508.119798670946	657.97289334911	512	512	60.0345215495669	57.558075736819	-593.527334590776	688.042489026619	264	74	5	10	159	284	144	14	1	69	5379	443	293	29	1648	1653	99	1	0	0	2	0	-160	-4	4	0
8	1	3	0	53	11	down	0	512	488.177687371338	913.464837634122	486.313788397809	596.178836615371	543.772402469146	1071.31317733251	539.735217483188	717.11919866779	512	512	77.8194891526134	66.1676900523709	-593.377302097027	687.694397215957	248	90	2	9	163	263	188	11	2	48	4939	344	328	21	1704	1788	119	1	0	0	2	0	-35	-4	3	0
8	1	3	0	53	11	down	1	512	526.631529434137	1181.08611312799	516.075516424978	719.787507619674	527.716674379146	1119.00142128684	524.984595375069	697.781025112847	512	512	68.4831173120837	57.7168654096267	-593.308814483612	687.535113537027	271	70	4	15	152	255	169	13	3	72	4893	385	333	21	1634	1621	83	0	0	0	0	0	-58	-4	4	0
8	1	3	0	53	11	down	2	512	490.787590741332	873.643991280331	490.340196608575	607.766972257371	568.810909632273	1261.03246922362	552.01820432083	767.738704619629	512	512	69.2425653350862	58.8369184428654	-593.682366947356	688.401949781188	264	73	5	8	162	253	191	15	1	52	4886	415	316	15	1641	1666	86	0	0	0	0	0	-100	-4	4	0
8	1	3	0	53	11	down	3	512	478.167524097893	815.034676899297	481.625237329608	579.728247219059	524.684265180086	1043.32204522039	534.916401236107	726.272749884763	512	512	76.0549033755835	70.5615564032624	-593.390122182715	687.723566899487	271	75	2	7	157	248	176	11	8	69	4809	425	367	31	1623	1760	96	0	0	0	0	2	-56	-6	5	0
8	1	3	0	54	10	down	0	512	482.688330489464	757.818721311815	488.468704131791	571.880100276867	529.53023652758	1118.01250511376	534.926677507883	743.438259186451	512	512	64.6778894064561	60.1942124119282	-593.479260708477	687.930917230796	258	73	0	5	176	260	166	13	7	66	4379	390	325	26	1728	1763	95	0	0	0	0	0	-65	-5	5	0
8	1	3	0	54	10	down	1	512	483.311389476954	821.860840680465	481.242449567451	558.194129717889	560.596127891025	1213.75442189426	558.986060216859	778.703855016886	512	512	44.74832580788	53.2652637949887	-593.411733072443	687.77491741436	274	69	3	7	159	245	191	14	4	58	4416	414	278	12	1809	1642	97	0	0	0	0	0	-152	-4	3	0
8	1	3	0	54	10	down	2	512	495.691322833515	876.978800529135	494.92395705083	606.19020427541	556.603185544455	1272.27813822643	541.623163443707	762.957102835967	512	512	62.5935433596399	56.0157600456643	-593.433682787132	687.825430671945	277	62	3	8	162	254	172	16	9	61	4439	366	294	21	1681	1693	120	0	0	0	0	0	-59	-4	3	0
8	1	3	0	54	10	down	3	512	503.925358156326	999.268376525902	502.66888888324	646.127710176523	496.430976275712	814.295882265555	526.755731780661	692.356861165018	512	512	63.3342673574695	59.3299979910082	-593.525243860548	688.037439897151	272	70	5	11	154	258	178	6	5	65	4374	411	314	21	1697	1813	94	0	0	0	0	0	-120	-5	4	0
8	1	3	0	55	9	down	0	512	467.438033929141	796.174363693017	477.381627164001	568.932443814943	571.872735686341	1271.90520077827	568.422380671256	817.488274390988	512	512	54.0708148696977	55.4052416327935	-593.360899335609	687.656075536797	271	82	4	7	148	236	197	15	5	59	3993	326	271	18	1832	1803	123	1	0	0	2	0	-75	-4	4	0
8	1	3	0	55	9	down	1	512	492.390436457896	915.629801833391	487.002137187373	593.457308668319	580.846424451348	1331.53846630678	594.124405923895	915.671320704554	512	512	47.8883501315547	53.2322669671254	-593.495524331038	687.968682346148	259	80	2	9	162	216	206	16	5	69	4005	339	243	21	1771	1740	100	0	0	0	0	2	-102	-5	4	0
8	1	3	0	55	9	down	2	512	448.599120235077	690.087443517758	462.325472947393	529.434195474318	591.297274170095	1196.80454425993	591.928937148722	839.167216278169	512	512	54.1038613875084	49.1476079278838	-593.615014305298	688.245259069446	280	83	2	5	142	240	226	12	2	32	4027	300	263	18	1733	1743	97	0	0	0	0	0	-49	-4	3	0
8	1	3	0	55	9	down	3	512	483.369150221644	898.753523949922	479.043261979288	572.740307398631	590.624471780707	1402.93490593023	570.891178199875	817.208495278909	512	512	48.7944457765179	58.3919265556885	-593.270014910567	687.445638186606	263	84	2	9	154	254	190	18	4	46	3957	363	268	20	1796	1784	103	0	0	0	0	1	-104	-5	4	0
8	1	3	0	56	8	down	0	512	469.740952959449	831.773916373522	461.247399040495	520.229049893724	573.647790671648	1306.17038491877	561.559060732415	799.015948751137	512	512	55.5854939844271	51.0697103855779	-593.328398470383	687.581174885855	282	78	2	8	142	247	190	16	4	55	3508	296	273	19	1765	1862	103	0	0	0	0	0	-13	-4	4	0
8	1	3	0	56	8	down	1	512	461.190842988834	755.2989796222	461.460758827774	534.769337764415	577.093615391655	1245.38502664323	575.132374308968	827.568799622028	512	512	51.3686073184161	56.970241883494	-593.399904911862	687.747135371107	256	91	7	6	152	239	207	14	1	51	3539	286	252	19	1800	1875	105	0	0	0	0	0	-36	-4	3	0
8	1	3	0	56	8	down	2	512	463.637627398204	752.751303879189	466.390280125983	535.990411489878	538.091582736966	1070.68214013811	547.933958473303	756.286800580458	512	512	59.8195137756819	59.2889533557217	-593.364531886615	687.666037743767	274	79	4	6	149	242	191	11	3	65	3537	299	241	19	1834	1897	100	0	0	0	0	0	-64	-4	3	0
8	1	3	0	56	8	down	3	512	454.184745024767	850.343319061583	442.907459361856	502.421957831925	518.964938284779	966.752205955212	536.623110015129	717.216868266592	512	512	51.0457626931394	55.806483529363	-593.622779780585	688.263633824665	261	106	3	9	133	241	186	9	5	71	3529	313	238	16	1798	1824	101	0	0	0	0	0	-87	-4	4	0
8	1	3	0	57	7	down	0	512	482.217154223827	891.475027648394	474.777231972799	570.762220074187	601.018633720091	1392.59832971455	603.611181195208	922.313502829917	512	512	44.1577113127634	49.7376043065562	-593.542934899809	688.078210939669	272	78	5	9	148	236	209	17	4	46	3144	221	205	14	1825	1824	101	0	0	0	0	0	-25	-3	3	0
8	1	3	0	57	7	down	1	512	480.998307173201	888.99742185417	468.842397853578	540.243106481279	577.6690769079	1240.99123127257	589.546867196985	872.633984523296	512	512	44.7782527144967	51.6187424638236	-593.409709433301	687.769615801796	274	78	4	9	147	247	202	14	5	44	3093	274	205	12	1807	1786	91	0	0	0	0	2	-65	-4	4	0
8	1	3	0	57	7	down	2	512	437.29416855008	638.538886357151	450.760618255824	492.866509522419	653.081419463521	1726.29854717677	631.427432985228	1023.97289763968	512	512	43.1818678274246	51.6211632247339	-593.480945759599	687.935243717514	272	92	3	4	141	245	210	24	3	30	3120	248	204	12	1800	1767	104	0	0	0	0	2	-52	-4	4	0
8	1	3	0	57	7	down	3	512	487.006437791957	868.203636399548	481.049254139043	572.629208281846	594.531309492906	1348.25819890669	588.586279496538	846.104678193387	512	512	43.9575445795913	56.7306117039987	-593.324666526794	687.572496040973	262	77	5	8	160	235	212	16	0	49	3181	209	179	15	1797	1789	97	0	0	0	0	3	-40	-4	4	0
8	1	3	0	58	6	down	0	512	430.077354154143	554.118932163338	439.661034403442	462.969279493677	589.271922624465	1335.89500250063	582.304095929405	834.141241770606	512	512	46.7490059799054	54.9946923822321	-593.36403310051	687.664736611964	275	88	2	2	145	242	205	16	1	48	2665	213	179	15	1950	1995	127	0	0	0	0	1	-52	-4	3	0
8	1	3	0	58	6	down	1	512	459.914235193519	787.148200738185	460.699569985628	549.054186278825	587.179720026027	1331.48480174398	592.287447345144	887.535096953951	512	512	29.5607158158463	48.0134946903828	-593.61814089389	688.252237574884	265	92	2	7	146	241	202	16	4	49	2665	188	206	13	1874	1812	108	0	0	0	0	0	4	-3	3	0
8	1	3	0	58	6	down	2	512	426.852409139451	728.661273952231	423.319871943658	460.420050359074	571.728870307279	1161.77748749245	588.515907782902	856.554294204192	512	512	42.2283512708243	55.6673854194095	-593.374304011969	687.687347435797	266	113	8	7	118	237	208	12	10	45	2629	244	189	10	1849	1969	137	0	0	0	0	1	-55	-4	4	0
8	1	3	0	58	6	down	3	512	417.639660052892	533.301191429563	427.16744349861	438.74627763394	621.076394464781	1538.21828721371	611.014452591788	937.969624820911	512	512	32.8310532652073	53.1307398892798	-593.440258475315	687.840900450173	275	97	2	2	136	221	212	20	8	51	2670	229	165	8	1866	1826	113	0	0	0	0	0	-60	-3	3	0
8	1	3	0	59	5	down	0	512	434.146237861641	705.624027170474	435.98890277017	477.610770673728	568.629610055411	1202.14511990828	581.195089236236	832.563910407004	512	512	21.8974004642686	53.1334293363606	-593.247872464451	687.394332251624	271	103	2	6	130	223	211	13	2	63	2218	195	137	10	1989	1950	122	0	0	0	0	5	-66	-3	2	0
8	1	3	0	59	5	down	1	512	425.614308507262	651.145531695283	424.964115780757	440.746698016861	548.31246244228	1052.05331888276	575.938959497426	819.179722691559	512	512	23.0939621103293	53.8460953451806	-593.245262299713	687.388468151167	277	100	6	5	124	241	203	10	4	54	2181	202	168	9	1959	1974	130	0	0	0	0	2	-40	-3	4	0
8	1	3	0	59	5	down	2	512	442.217154223827	791.022695128035	432.534531987796	475.233680158379	588.619446781966	1299.49766493284	590.195722071649	865.537749166195	512	512	37.7116936360558	59.7224433004911	-593.297258278535	687.509930704232	268	106	4	8	126	238	209	15	4	46	2208	185	159	8	1910	1970	126	0	0	0	0	3	-26	-3	3	0
8	1	3	0	59	5	down	3	512	432.725764687264	664.374358734995	436.117205322297	476.214725013238	608.37022318697	1372.28968755226	604.492638736241	893.040961062501	512	512	38.9048369798104	56.2536694157614	-593.441493814376	687.843443961019	273	97	7	5	130	230	222	16	3	41	2195	208	143	14	1875	1946	90	0	0	0	0	7	-73	-3	3	0
8	1	3	0	60	4	down	0	512	406.573768689447	506.313156674084	419.484753076885	425.925445153146	615.634635054152	1525.14555648539	607.141637669537	930.270596560139	512	512	26.371714936309	55.0300687590122	-593.537151819717	688.064776385124	290	94	6	2	120	235	206	20	3	48	1749	189	106	4	1915	1912	94	0	0	0	0	2	-87	-3	3	0
8	1	3	0	60	4	down	1	512	437.590989616321	777.074131356731	430.630533580821	470.65127473083	601.306364478214	1501.60763831123	592.420037440188	900.817727444394	512	512	30.9418211708819	52.9918696419605	-593.393673996662	687.732151461193	284	100	2	8	118	234	196	20	3	59	1798	138	106	6	1874	1960	121	0	0	0	0	3	-24	-3	2	0
8	1	3	0	60	4	down	2	512	425.076281188817	604.325570890775	428.254422866592	444.688026013774	619.627577400722	1429.51319303291	626.273094037449	967.836971506195	512	512	32.5777366233432	50.8649556655974	-593.483021425466	687.939749368715	304	81	2	4	121	222	227	17	5	41	1780	144	119	5	1856	1914	89	2	0	0	4	2	-27	-3	3	0
8	1	3	0	60	4	down	3	512	437.87979333977	716.765938166613	437.488798421064	477.581130982156	601.728870307279	1394.66884037214	595.777917421543	891.237237242189	512	512	18.1549261261054	53.2806181664009	-593.486550350065	687.947802155574	261	107	1	6	137	233	210	17	5	47	1777	158	104	9	1956	1968	117	0	0	0	0	5	-56	-3	3	0
8	1	3	0	61	3	down	0	512	477.976061247586	858.883461438168	470.688140140037	568.322898773902	531.93049643103	914.76684437432	564.990566308817	775.707611296515	512	512	22.7066506050637	55.7660538430272	-593.513887589636	688.011062513717	252	91	2	8	159	245	203	7	6	51	1301	134	95	6	1988	2096	117	0	0	0	0	14	-48	-3	2	0
8	1	3	0	61	3	down	1	512	413.551522763832	603.228019992446	421.863771047693	445.464774361458	634.368190532281	1634.15221256591	625.344364509703	1015.21625942649	512	512	22.5626559474102	49.5469386179825	-593.409885455246	687.770302988586	260	116	5	4	127	217	214	22	7	52	1313	129	91	3	1949	1915	100	0	0	0	0	15	-36	-2	2	0
8	1	3	0	61	3	down	2	512	388.56061307195	407.807171985981	410.58660901533	405.041506643655	584.934561740408	1224.5295984189	604.11053172017	899.268337558846	512	512	12.7067884951054	54.3565584252707	-593.263870675347	687.431731030476	282	104	7	0	119	231	218	13	5	45	1313	111	102	10	2007	1972	124	0	0	0	0	11	-13	-2	3	0
8	1	3	0	61	3	down	3	512	462.399526766015	897.594758595628	443.949527239199	510.467303865426	590.615381472589	1336.32693020234	597.985441125048	914.589159164917	512	512	17.4377673999094	54.8715044359337	-593.263549677336	687.430753349048	265	101	4	10	132	240	203	16	7	46	1323	119	84	10	2016	2005	124	0	0	0	0	21	-51	-3	2	0
8	1	3	0	62	2	down	0	512	439.779460122576	711.930012684915	441.079123596532	484.79724684097	577.966970939468	1173.12693516036	597.611135650533	874.271378425231	512	512	20.2507820682204	55.0087109624966	-593.416354564338	687.785480574848	276	95	4	6	131	238	214	12	7	41	892	69	59	4	2074	2119	146	0	0	0	0	4	-10	-2	2	0
8	1	3	0	62	2	down	1	512	438.262719040383	740.26127147322	435.730004770052	476.294716178165	599.012535756024	1458.47859050395	591.799315386584	888.125592018602	512	512	0.940187581666902	52.3078552754774	-593.581338010692	688.167621902495	291	92	0	7	122	241	196	19	4	52	882	96	43	3	2009	1916	127	0	0	0	0	7	-59	-2	2	0
8	1	3	0	62	2	down	2	512	455.595054925699	771.916708787257	450.51156758065	504.311527657982	576.49782732852	1269.86750089266	581.688965986479	852.666599184878	512	512	6.99341154597745	55.6144322333085	-593.486517474072	687.947708303087	282	84	3	7	136	257	192	15	6	42	874	67	78	5	2047	2056	117	0	0	0	0	3	9	-2	2	0
8	1	3	0	62	2	down	3	512	428.944611737889	658.960611649527	428.994791925357	446.506470473491	641.872735686341	1642.27770991269	615.330890707477	958.044829003923	512	512	19.4295034840512	56.0704494153481	-593.424656067692	687.803971749556	275	100	3	5	129	228	216	22	6	40	884	86	51	3	1995	2167	111	0	0	0	0	8	-41	-2	1	0
8	1	3	0	63	1	down	0	512	444.078313843506	747.276791309925	455.6632206703	546.174662025024	673.350969605407	1845.00986499266	653.388891721475	1084.92629801874	512	512	8.52771908195911	50.5661124409947	-593.336695465424	687.600125401362	289	86	8	7	122	215	226	26	3	42	446	32	27	7	1951	2004	124	0	0	0	0	36	-7	-2	2	0
8	1	3	0	63	1	down	1	512	417.97498828226	636.582336115567	423.063754795661	462.854149035184	628.946757668542	1378.55178259949	639.926999896554	979.29759535697	512	512	9.4574505099628	51.1905838080609	-593.427621139513	687.811401726801	281	103	6	5	117	213	248	15	3	33	445	34	31	2	2071	2086	132	0	0	0	0	35	-3	-2	2	0
8	1	3	0	63	1	down	2	512	420.249563422887	604.673247460123	422.872269998353	442.928158346521	627.161539409789	1447.0227323132	632.978482471215	966.569479672741	512	512	0.0766363461764151	51.1544817640109	-593.527859951988	688.043892218294	283	97	4	4	124	213	237	17	3	42	444	39	28	1	2069	2018	114	0	0	0	0	39	-9	-1	2	0
8	1	3	0	63	1	down	3	512	423.167524097893	690.801854558603	426.359659407384	468.815518674678	674.272995589791	1783.08969664197	660.518699006096	1088.30661735483	512	512	6.37920484626636	56.4542358827909	-593.457332696589	687.880032370515	263	116	2	6	125	197	243	24	3	45	451	32	28	1	2018	2028	127	0	0	0	0	33	-6	-2	1	0
8	1	3	0	64	0	dwell	0	512	390.786517776005	513.861709703007	394.486763923428	375.746373153145	0	0	0	0	512	512	9.01553089614703	54.6655752952399	-593.281532814176	687.472347666437	297	106	3	3	103	0	0	0	0	0	0	0	0	0	2023	2181	126	0	0	0	0	0	0	0	0	0
8	1	3	0	64	0	dwell	1	512	417.140139897574	636.557503550501	411.560482052757	417.863241493331	0	0	0	0	512	512	-4.28504360645747	50.3729844461987	-593.526737234654	688.040396067753	284	104	0	5	119	0	0	0	0	0	0	0	0	0	2000	2011	120	0	0	0	0	0	0	0	0	0
8	1	3	0	64	0	dwell	2	512	416.00739748132	630.20628065234	411.625727578816	416.279519429367	0	0	0	0	512	512	5.96066590282471	49.2964175870782	-593.549563553202	688.093670439326	292	99	2	5	114	0	0	0	0	0	0	0	0	0	2048	2133	145	0	0	0	0	0	0	0	0	0
8	1	3	0	64	0	dwell	3	512	460.182712370078	858.121588811185	435.991191507723	488.326701472217	0	0	0	0	512	512	12.4257768072241	47.6576112181952	-593.162359988498	687.197034951004	260	100	9	9	134	0	0	0	0	0	0	0	0	0	2011	2198	137	0	0	0	0	0	0	0	0	0
8	1	3	0	64	0	dwell	4	512	406.353961949459	519.708731406685	407.458937069461	403.393725978048	0	0	0	0	512	512	9.19054978049897	49.4271839407737	-593.401812506902	687.751088903465	258	114	7	2	131	0	0	0	0	0	0	0	0	0	2092	2059	116	0	0	0	0	0	0	0	0	0
8	1	3	0	64	0	dwell	5	512	400.32657774914	613.712714312612	399.492716485967	410.605196397941	0	0	0	0	512	512	2.23158272825905	48.3043494637639	-593.423059499337	687.800334157533	267	125	5	5	110	0	0	0	0	0	0	0	0	0	1977	2084	138	0	0	0	0	0	0	0	0	0
8	1	3	0	64	0	dwell	6	512	421.305291512887	718.534886924483	410.799757558349	435.02286540675	0	0	0	0	512	512	-4.84807714540972	50.2357714936397	-593.515616668621	688.015798435422	275	114	1	7	115	0	0	0	0	0	0	0	0	0	2037	2065	126	0	0	0	0	0	0	0	0	0
8	1	3	0	64	0	dwell	7	512	394.693355488204	459.131787088827	402.671814217175	385.729362549031	0	0	0	0	512	512	8.9739966498639	46.6832351799447	-593.405669579393	687.760556218355	270	111	7	1	123	0	0	0	0	0	0	0	0	0	1970	2045	114	0	0	0	0	0	0	0	0	0
8	1	3	0	64	0	dwell	8	512	407.312349166317	575.918916462935	406.897059223629	404.947463333253	0	0	0	0	512	512	6.69148755076971	48.0451680345047	-593.425805459834	687.806795088336	300	96	3	4	109	0	0	0	0	0	0	0	0	0	2059	2149	119	0	0	0	0	0	0	0	0	0
8	1	3	0	64	0	dwell	9	512	383.762239195702	438.634666156915	394.382252497716	374.460350616478	0	0	0	0	512	512	-5.35535138980858	50.4387735195867	-593.563068254609	688.124380449061	278	115	4	1	114	0	0	0	0	0	0	0	0	0	2086	2044	110	0	0	0	0	0	0	0	0	0
8	1	3	0	64	0	dwell	10	512	447.715601413819	827.946413939217	434.168407863652	503.265234041116	0	0	0	0	512	512	-19.478716542362	51.58963182746	-593.49822777155	687.974360435787	284	95	6	9	118	0	0	0	0	0	0	0	0	0	2128	1894	109	0	0	0	0	0	0	0	0	0
8	1	3	0	64	0	dwell	11	512	429.750043267568	649.628010076402	425.518297842019	448.102001239351	0	0	0	0	512	512	-12.5718353697029	51.6856092922903	-593.498959673836	687.976875383267	296	85	6	5	120	0	0	0	0	0	0	0	0	0	2093	1978	130	0	0	0	0	0	0	0	0	0
8	1	3	0	64	0	dwell	12	512	398.330643058518	613.912272777476	396.866393708406	402.292227248484	0	0	0	0	512	512	-13.3231296110485	45.3829279272935	-593.562130539207	688.123057715674	257	132	7	5	111	0	0	0	0	0	0	0	0	0	2095	1954	126	0	0	0	0	0	0	0	0	0
8	1	3	0	64	0	dwell	13	512	435.374175220385	774.683000897281	414.811177248881	436.445833699563	0	0	0	0	512	512	21.2830879974473	48.6310007527345	-593.532556080363	688.054801085585	279	104	4	8	117	0	0	0	0	0	0	0	0	0	1895	2138	131	0	0	0	0	0	0	0	0	0
8	1	3	0	64	0	dwell	14	512	423.292135895391	762.920255116071	411.90804174189	445.336622571094	0	0	0	0	512	512	-1.55094072336843	54.0908862274106	-593.620762379266	688.258776792972	263	124	1	8	116	0	0	0	0	0	0	0	0	0	2039	2026	113	0	0	0	0	0	0	0	0	0
8	1	3	0	64	0	dwell	15	512	401.680199870708	548.54376307573	404.014854878066	398.329616040518	0	0	0	0	512	512	-3.44661328682628	47.826305183562	-593.560796171552	688.119625996475	262	121	1	3	125	0	0	0	0	0	0	0	0	0	2042	2003	134	0	0	0	0	0	0	0	0	0
8	1	3	0	64	0	dwell	16	512	401.631529434137	501.177016209178	409.347470680425	401.628480473106	0	0	0	0	512	512	6.67742017079822	47.8873543478882	-593.435962842623	687.830544618762	287	101	2	2	120	0	0	0	0	0	0	0	0	0	2023	2093	106	0	0	0	0	0	0	0	0	0
8	1	3	0	64	0	dwell	17	512	415.672069251952	601.009391230377	409.476235208224	411.186844652547	0	0	0	0	512	512	-7.89021054602327	54.8153373059502	-593.41782969465	687.788526028472	274	106	4	4	124	0	0	0	0	0	0	0	0	0	2094	2022	138	0	0	0	0	0	0	0	0	0
8	1	3	0	64	0	dwell	18	512	375.105698043825	497.394751158594	388.071942575293	374.42261596491	0	0	0	0	512	512	-6.27227239095412	50.1855649207043	-593.498447220428	687.975589195653	276	131	2	3	100	0	0	0	0	0	0	0	0	0	2103	2023	116	0	0	0	0	0	0	0	0	0
8	1	3	0	64	0	dwell	19	512	411.38230583914	632.217372742635	411.531263955278	421.889649655961	0	0	0	0	512	512	-11.5369905660216	52.827511356329	-593.240082191321	687.376174160905	267	117	5	5	118	0	0	0	0	0	0	0	0	0	2178	2011	119	0	0	0	0	0	0	0	0	0
8	1	3	0	64	0	dwell	20	512	379.299193548821	535.687873484176	383.670677253389	366.320279959181	0	0	0	0	512	512	11.6400214266558	48.0948320779506	-593.593038268667	688.194809715742	284	126	4	4	94	0	0	0	0	0	0	0	0	0	1958	2054	124	0	0	0	0	0	0	0	0	0
8	1	3	0	64	0	dwell	21	512	419.146237861641	607.679458700153	415.011849804717	435.723309135517	0	0	0	0	512	512	-6.96397625447512	46.8304626985429	-593.27044744947	687.446437227435	267	106	9	4	126	0	0	0	0	0	0	0	0	0	2189	1999	116	0	0	0	0	0	0	0	0	0
8	1	3	0	64	0	dwell	22	512	398.637627398204	538.545089333811	404.162074831506	406.437380309207	0	0	0	0	512	512	2.81542280742755	48.4122676422235	-593.511836552838	688.006193972298	270	117	4	3	118	0	0	0	0	0	0	0	0	0	2002	2063	122	0	0	0	0	0	0	0	0	0
8	1	3	0	64	0	dwell	23	512	403.714641724457	550.172143622284	405.589646583845	399.617927717324	0	0	0	0	512	512	-15.9993118503914	51.2999946328007	-593.603260185371	688.217711642894	266	117	1	3	125	0	0	0	0	0	0	0	0	0	2148	1966	111	0	0	0	0	0	0	0	0	0
8	1	3	0	64	0	dwell	24	512	407.063125571321	654.0679201167	405.615032370912	422.63580161188	0	0	0	0	512	512	0.178437186658104	52.2919061673886	-593.549077221426	688.091762313922	284	114	3	6	105	0	0	0	0	0	0	0	0	0	2086	2043	127	0	0	0	0	0	0	0	0	0
8	1	3	0	64	0	dwell	25	512	412.120886316011	627.685661676813	414.53801707335	429.688384599113	0	0	0	0	512	512	-9.24607257260424	50.6346485606137	-593.463252479393	687.893861711	281	108	4	5	114	0	0	0	0	0	0	0	0	0	2157	1993	109	0	0	0	0	0	0	0	0	0
8	1	3	0	64	0	dwell	26	512	400.297160894132	641.384103908783	392.299812067207	391.945380598657	0	0	0	0	512	512	12.8401590433215	51.0564515132579	-593.421723766149	687.797907426239	283	118	7	6	98	0	0	0	0	0	0	0	0	0	2042	2085	118	0	0	0	0	0	0	0	0	0
8	1	3	0	64	0	dwell	27	512	395.307324167576	604.894088029554	394.69022412104	388.113638323924	0	0	0	0	512	512	-2.73510472353607	52.3700818182609	-593.259748797225	687.421742826277	272	127	1	5	107	0	0	0	0	0	0	0	0	0	2065	2021	143	0	0	0	0	0	0	0	0	0
8	1	3	0	64	0	dwell	28	512	387.312349166317	544.220465967594	392.80009183506	394.682551527009	0	0	0	0	512	512	6.55965403656112	49.5036368926144	-593.261396912408	687.425947975333	296	113	3	4	96	0	0	0	0	0	0	0	0	0	2076	2175	133	0	0	0	0	0	0	0	0	0
8	1	3	0	64	0	dwell	29	512	414.299193548821	702.359716184201	401.518800975665	417.793557538341	0	0	0	0	512	512	-0.854325101979827	52.3184757295154	-593.594636165914	688.198953813443	284	113	2	7	106	0	0	0	0	0	0	0	0	0	2006	2065	119	0	0	0	0	0	0	0	0	0
8	1	3	0	64	0	dwell	30	512	440.863532102259	856.218254160232	422.668087022893	471.666199945909	0	0	0	0	512	512	4.770096689228	49.6936249298345	-593.403580557355	687.755539783215	277	109	4	10	112	0	0	0	0	0	0	0	0	0	2058	2108	126	0	0	0	0	0	0	0	0	0
8	1	3	0	64	0	dwell	31	512	416.449156891949	635.361050705652	416.982685771074	451.511292040062	0	0	0	0	512	512	7.96711032760858	50.3025202224441	-593.470078456923	687.909750882773	278	106	6	5	117	0	0	0	0	0	0	0	0	0	2040	2063	133	0	0	0	0	0	0	0	0	0
8	1	3	0	65	1	up	0	512	392.562645726639	452.920255116071	409.674561561813	400.596344790291	595.980126556964	1308.71495917346	617.379793529845	934.219119612165	512	512	5.28925003144475	51.5671806222584	-593.564427335714	688.128926266159	279	108	4	1	120	246	212	15	3	36	463	33	16	0	2053	1980	115	0	0	0	0	33	-17	-1	1	0
8	1	3	0	65	1	up	1	512	404.299193548821	538.248853124844	413.400564030703	417.317185955037	641.086557738225	1504.28925097515	642.250616275889	999.92473945684	512	512	8.10575351346871	49.9920659485685	-593.404256378067	687.757117444767	292	99	4	3	114	218	241	18	2	33	449	39	22	2	2106	2065	147	1	0	0	2	41	-21	-2	1	0
8	1	3	0	65	1	up	2	512	444.740952959449	792.157505203175	430.52146459304	474.412247715937	626.825138215096	1438.86840296869	647.843339595445	1036.21657942282	512	512	8.77839940500122	51.3395133803509	-593.573882476153	688.150845448463	278	99	1	8	126	224	229	17	9	33	432	49	30	1	2001	2021	125	0	0	0	0	50	-21	-2	1	0
8	1	3	0	65	1	up	3	512	455.105698043825	883.603181643021	434.995143182896	494.404304744819	681.786631051969	1931.90742498069	657.511173408046	1121.09728552971	512	512	4.34020551878627	47.7962690229161	-593.428242560417	687.812394227993	268	104	5	10	125	210	223	28	5	46	436	52	20	4	2092	2003	107	0	0	0	0	55	-37	-3	2	0
8	1	3	0	66	2	up	0	512	473.742985614138	1025.10872562233	446.466575504966	530.112565878156	605.883858649148	1394.07859215662	605.386765820857	908.246790960965	512	512	2.54855733366712	49.7361402315448	-593.55036240423	688.095201668097	263	106	3	13	127	251	207	17	4	33	861	85	73	5	2075	1933	125	0	0	0	0	7	-11	-3	3	0
8	1	3	0	66	2	up	1	512	434.500819672572	661.584111345816	430.011868324942	445.551755849434	568.207104226346	1086.69811307867	588.146487977259	826.084691934377	512	512	7.51665940687432	52.3071910101712	-593.369057866894	687.675638761999	288	87	5	5	127	240	219	10	2	41	900	81	40	3	1979	2034	93	0	0	0	0	6	-39	-2	2	0
8	1	3	0	66	2	up	2	512	411.496754363194	510.575239326255	427.311165554505	438.440320316732	572.947717357905	1201.33713261166	598.664720757006	917.508160692223	512	512	15.9138890846301	49.486393661984	-593.341906013655	687.613079826313	302	84	3	2	121	235	206	13	8	50	880	86	55	3	1957	2000	130	0	0	0	0	7	-29	-2	2	0
8	1	3	0	66	2	up	3	512	441.228277186634	783.606283131351	429.524197728448	465.147364513278	673.69646110822	1882.63691514944	642.909011509244	1080.09024884664	512	512	12.900558337591	49.048061405463	-593.274831000644	687.45752825172	283	98	2	8	121	210	222	27	5	48	893	79	47	5	1970	2054	104	0	0	0	0	8	-38	-3	2	0
8	1	3	0	67	3	up	0	512	399.107730698514	500.042206134037	416.465566401398	433.349934318282	615.366157877592	1417.03691349677	616.208016437949	947.486140531922	512	512	16.0398795119309	49.7711335137852	-593.482766147906	687.938864359368	277	108	5	2	120	232	219	17	7	37	1342	104	83	7	1905	1918	118	0	0	0	0	11	-31	-3	2	0
8	1	3	0	67	3	up	1	512	474.750043267568	1017.46614736546	455.833437280986	552.004948904962	563.945684703216	1074.22183354253	581.607559521407	813.02460285055	512	512	9.23612664427366	52.5435448097872	-593.548151205971	688.090621386467	284	92	3	13	120	250	211	10	4	37	1308	120	97	11	1920	1952	112	0	0	0	0	19	-21	-3	2	0
8	1	3	0	67	3	up	2	512	468.272882313828	796.252411848713	451.997683115344	501.011051120404	617.51612122072	1461.2843659932	607.947213400949	908.206792865849	512	512	23.7041261925489	52.6140320907965	-593.367306383566	687.671497472086	276	79	2	7	148	226	221	18	2	45	1320	114	92	10	1984	2010	116	0	0	0	0	16	-34	-3	3	0
8	1	3	0	67	3	up	3	512	439.404551764755	739.029783653977	432.073126948629	464.8861105594	589.368190532281	1303.42272239716	598.570628731833	886.541037157412	512	512	7.37365826692517	48.0310858621594	-593.560949183131	688.120129449095	293	88	5	7	119	233	212	15	3	49	1335	103	90	8	2008	1918	92	1	0	0	2	15	-26	-3	2	0
8	1	3	0	68	4	up	0	512	459.270849659139	891.469701957646	438.994896858118	496.575876090741	596.632602399463	1382.14112047561	596.503470043474	900.527462082268	512	512	29.8249097150813	49.8526280018307	-593.446318113836	687.854745821738	267	102	4	10	129	242	203	17	5	45	1781	151	113	3	1945	2002	127	0	0	0	0	2	-36	-3	3	0
8	1	3	0	68	4	up	1	512	407.860539758207	482.97391967887	423.468753442679	431.543999219962	599.156401135085	1420.30475428512	605.511765028073	934.766419338499	512	512	30.4861411909496	55.4104249820217	-593.322294186861	687.567079782532	270	103	3	1	135	244	198	18	7	45	1684	238	109	17	1922	1959	112	0	0	0	0	10	-155	-3	2	0
8	1	3	0	68	4	up	2	512	435.239400149442	731.189871134667	431.262262507222	462.39925828352	634.386371148518	1693.20408537172	617.116306998745	976.301328534204	512	512	24.6842840535307	55.1201996656453	-593.448632658907	687.860055744751	298	89	2	7	116	245	194	24	7	42	1697	185	153	13	1897	1959	127	0	0	0	0	5	-38	-3	3	0
8	1	3	0	68	4	up	3	512	423.349896640081	580.345094291833	436.709113370543	478.037380979027	593.024731684158	1310.85553977983	605.930714995913	903.291393153138	512	512	23.7146881133222	51.3428495718015	-593.334550757326	687.595896838098	268	100	5	3	136	227	215	15	6	49	1756	163	121	8	1917	1997	117	0	0	0	0	6	-58	-3	2	0
8	1	3	0	69	5	up	0	512	458.272882313828	891.582785087736	440.636511855976	501.810845790924	606.565751346655	1365.66928521262	621.317596228543	975.867963543046	512	512	14.5668051548914	48.1486933894484	-593.246317424737	687.390778330763	264	105	3	10	130	231	216	16	10	39	2201	202	146	11	1980	1830	114	0	0	0	0	4	-58	-3	3	0
8	1	3	0	69	5	up	1	512	442.427870655697	822.238654847202	434.80912873344	487.364398645059	592.007510757283	1235.90387865188	610.897244186574	921.561414814453	512	512	26.4902983097336	55.7858172466792	-593.36778332452	687.672199038699	282	102	1	9	118	229	222	13	8	40	2226	174	148	12	1948	1802	121	0	0	0	0	2	-34	-4	3	0
8	1	3	0	69	5	up	2	512	419.222179222567	558.346857127027	426.369274851454	432.106214469772	598.236521081354	1217.7539977122	600.994813238003	862.775274122316	512	512	28.4609644182503	55.0944362487604	-593.238340415056	687.372515889106	304	81	3	3	121	220	239	12	1	40	2246	184	124	6	1930	1962	110	0	0	0	0	4	-60	-3	3	0
8	1	3	0	69	5	up	3	512	419.740952959449	530.128681468812	439.489764642011	472.521028043859	624.002372482579	1637.88656705818	599.946054438409	925.669996257442	512	512	22.8640883275035	53.5416297442524	-593.593555341204	688.195686602369	286	87	6	2	131	252	190	23	5	42	2212	197	133	18	1898	1926	105	0	0	0	0	2	-68	-3	3	0
8	1	3	0	70	6	up	0	512	459.942579083201	854.656842074135	447.323193101021	501.908726065686	614.617414127277	1524.33136621212	599.956737708413	912.681583193555	512	512	32.1187979741364	53.9724919877536	-593.300185591861	687.51530930632	274	94	2	9	133	233	206	20	3	50	2668	208	177	19	1872	1907	111	0	0	0	0	1	-46	-4	3	0
8	1	3	0	70	6	up	1	512	447.111796007892	727.776136444255	441.67513109645	482.729897053091	616.239513425405	1493.08037151856	610.735492281548	945.676437535524	512	512	42.2136948313708	55.3308755193237	-593.364546719134	687.665262727525	271	94	1	6	140	227	213	19	5	48	2628	232	203	9	1981	1927	106	0	0	0	0	1	-40	-4	4	0
8	1	3	0	70	6	up	2	512	428.723732032575	656.369922725214	430.272765086612	457.849581253607	605.874768341029	1401.63469507871	599.963565927346	897.867108738793	512	512	35.3165583402977	50.7497736140143	-593.326907173557	687.577848899954	280	97	3	5	127	237	214	17	1	43	2615	246	199	12	1957	1908	97	0	0	0	0	0	-47	-3	4	0
8	1	3	0	70	6	up	3	512	460.00033982789	820.356622959241	451.947256723022	515.507601589739	595.269889969776	1380.75531157523	584.046997809836	854.307926379805	512	512	26.8245304177138	50.7733596511628	-593.641302088276	688.306579215347	271	92	2	8	139	241	203	17	4	47	2672	225	172	3	1893	1806	117	0	0	0	0	0	-47	-2	4	0
8	1	3	0	71	7	up	0	512	484.702445796323	890.755290916801	483.211094078775	592.152971134059	535.02066637478	956.119393530562	562.565793312049	767.594765644711	512	512	20.0661159466502	53.8885310350497	-593.45065627162	687.864862917062	284	69	4	9	146	245	201	8	5	53	3077	300	196	11	1968	1802	106	0	0	0	0	0	-102	-3	3	0
8	1	3	0	71	7	up	1	512	465.70148610696	726.708294829571	469.198885684913	531.422356634052	550.760319816976	954.29900441231	579.169475768288	795.507944932174	512	512	41.5583500208565	61.4858178757983	-593.43325861108	687.823512671277	262	82	2	5	161	230	224	7	3	48	3075	280	215	14	1840	1855	114	0	0	0	0	1	-73	-5	4	0
8	1	3	0	71	7	up	2	512	460.633562088826	707.525137619009	472.776310276332	555.914394076956	616.152335825707	1629.18945108429	598.650304820514	926.629380296248	512	512	37.9888037292592	51.2498585438421	-593.484990712544	687.944266182831	280	72	8	5	147	242	188	23	5	54	3121	278	171	14	1930	1833	95	0	0	0	0	1	-119	-4	2	0
8	1	3	0	71	7	up	3	512	479.856474448829	890.202301878098	474.22883258336	574.850643253016	610.375248185711	1512.80896787466	590.635171262329	892.879654540075	512	512	50.3284462986447	52.0361212082943	-593.471488425969	687.912947713304	268	83	3	9	149	246	200	20	0	46	3117	241	211	15	1812	1928	102	0	0	0	0	1	-31	-4	4	0
8	1	3	0	72	8	up	0	512	448.215121569138	724.716709613594	450.9697682126	509.958398677644	561.479646712283	1187.06174606184	559.650424231813	782.843946047681	512	512	59.9858872632626	54.0246107894194	-593.332055218307	687.589591997151	279	87	4	6	136	229	203	13	3	64	3531	272	276	17	1825	1865	80	0	0	0	0	0	-2	-3	4	0
8	1	3	0	72	8	up	1	512	461.247530768198	816.232007030058	455.42919290818	523.173994274583	554.099713355722	1102.80631535849	561.844187342307	770.143996911263	512	512	52.6737006424607	58.9312617594064	-593.51680381416	688.017915162938	286	82	1	8	135	230	207	11	3	61	3564	279	240	13	1754	1914	89	0	0	0	0	0	-40	-4	4	0
8	1	3	0	72	8	up	2	512	459.510982946016	709.683898841619	462.838544953172	521.034138688772	587.803851978843	1337.40232171019	585.498375856952	856.135863113516	512	512	60.1568385618952	55.1184354541365	-593.532400859378	688.054546268749	277	77	2	5	151	228	206	16	6	56	3549	295	233	19	1677	1805	107	0	0	0	0	1	-71	-5	3	0
8	1	3	0	72	8	up	3	512	430.691322833515	625.690546658763	441.191918622136	496.820571135857	530.106771009151	981.409855076612	546.986869655451	737.778143176729	512	512	45.7063060856794	53.2305505720389	-593.568105127558	688.136486496103	273	95	6	4	134	251	191	9	4	57	3578	311	194	13	1846	1797	100	1	0	0	2	0	-127	-4	3	0
8	1	3	0	73	9	up	0	512	478.772402469146	857.106962787131	478.473463775545	574.534995558001	587.400599731341	1371.15752999329	580.166961154445	859.220841088606	512	512	39.3902509423574	47.7802577241757	-593.390035002412	687.724235271814	259	86	2	8	157	236	201	17	1	57	3963	373	255	17	1769	1736	98	0	0	0	0	1	-124	-5	3	0
8	1	3	0	73	9	up	1	512	517.23640780539	1096.12957528146	498.775170021332	641.405734602341	521.920333157586	890.474154494167	547.424313231542	726.68023352536	512	512	48.4641152632157	56.6625598480823	-593.351966598584	687.635802006165	267	72	3	13	157	264	190	7	4	47	3982	324	281	21	1859	1755	101	0	0	0	0	1	-57	-5	5	0
8	1	3	0	73	9	up	2	512	446.420813002267	615.439996805686	461.04153866606	503.008162023237	570.203038916968	1123.55398614348	575.534957122775	789.210566819099	512	512	51.9377826353886	53.5344710308257	-593.526338615934	688.040142361923	281	77	0	3	151	246	214	11	1	40	3979	344	268	17	1729	1754	114	0	0	0	0	1	-83	-5	5	0
8	1	3	0	73	9	up	3	512	531.6507830157	1227.01338653136	500.909684445859	657.66901078139	572.305404788851	1284.64268154899	576.126194776481	841.7118966542	512	512	60.0963956891797	58.8108989923082	-593.546675110747	688.086884858844	270	72	1	16	153	212	208	15	2	75	3979	356	254	19	1674	1677	99	0	0	0	0	0	-108	-4	4	0
8	1	3	0	74	10	up	0	512	509.281012932584	979.185900623795	508.937453069339	652.06575780081	509.433968619763	1081.73090319222	509.97715571348	684.11261925067	512	512	57.9249052413353	59.1735129465247	-593.640198458607	688.304274905079	260	71	2	10	169	269	150	13	4	76	4478	316	304	22	1673	1692	94	0	0	0	0	0	-12	-4	4	0
8	1	3	0	74	10	up	1	512	446.660946289145	618.931351338051	468.02202604857	533.820395651762	566.316527751658	1121.03336716796	560.885270621435	760.919000674611	512	512	45.3130290809106	56.2351384662812	-593.515467026574	688.014220291857	271	82	3	3	153	235	214	11	3	49	4437	361	301	21	1809	1686	100	0	0	0	0	0	-81	-5	4	0
8	1	3	0	74	10	up	2	512	518.897014266644	1066.73312739464	509.918151934853	659.5516262059	530.346904296029	1021.98324893397	530.358103567004	698.546584732768	512	512	57.7960586382496	53.2190770565451	-593.567753605309	688.135375083787	259	72	3	12	166	241	190	10	4	67	4373	419	308	20	1700	1644	89	0	0	0	0	0	-135	-5	3	0
8	1	3	0	74	10	up	3	512	484.981086246327	859.045760726221	488.830088065297	604.99503338889	549.117893971959	1228.05109054865	544.346110475651	774.904093901548	512	512	61.9243946045629	63.0244463099532	-593.386927617407	687.716455265678	276	70	4	8	154	250	176	15	4	67	4426	397	273	24	1704	1793	103	0	0	0	0	1	-156	-6	4	0
8	1	3	0	75	11	up	0	512	492.29416855008	910.993434816558	488.809101746475	596.218403807981	554.952742356645	1273.10253090904	541.105163399374	767.594415290929	512	512	59.068097121741	61.4112387528401	-593.470194084188	687.910137649259	264	75	7	9	157	251	175	16	4	66	4951	369	290	22	1747	1701	93	0	0	0	0	0	-83	-5	4	0
8	1	3	0	75	11	up	1	512	467.832195868525	732.919826802328	488.018111416729	595.325624845049	541.872735686341	1001.98502416422	545.529056091414	724.014975135218	512	512	78.0814864469522	64.1465970993135	-593.164226102643	687.201801357432	253	85	5	5	164	248	200	9	5	50	4771	477	354	30	1669	1796	101	0	0	0	0	0	-132	-5	4	0
8	1	3	0	75	11	up	2	512	502.515048255394	966.528692211193	497.439911781609	613.118201000607	547.956807666023	1117.16240258018	540.961737739044	714.026526888353	512	512	71.2806416562686	60.9656209332924	-593.411286913995	687.772466341759	263	74	2	10	163	257	189	12	1	53	4944	387	285	16	1686	1769	112	0	0	0	0	0	-106	-4	4	0
8	1	3	0	75	11	up	3	512	494.607250853833	955.049756027204	496.841792150471	642.656510361743	496.6133488179	815.058632178451	520.494911714993	665.426674273579	512	512	63.4446969492372	65.3408219581624	-593.355290057837	687.644345155619	256	83	5	10	158	259	179	6	3	65	4865	428	317	22	1725	1757	97	0	0	0	0	0	-107	-4	5	0
8	1	3	0	76	12	up	0	512	483.513015600705	934.717158585763	480.615171829246	602.885341555738	618.311389476954	1665.88080065864	578.472191368119	880.475408301234	512	512	71.9414520284292	57.5314237166276	-593.331997043249	687.589507572092	262	88	3	10	149	250	183	24	3	52	5367	425	338	14	1657	1660	103	0	0	0	0	0	-99	-4	5	0
8	1	3	0	76	12	up	1	512	477.572809000084	744.363728011924	484.928731967808	564.092224762447	537.870703031652	1031.03601968412	543.798489879878	728.64224648845	512	512	61.7741357562938	62.9581372748832	-593.23106708743	687.355713672984	268	70	1	5	168	251	193	10	2	56	5374	433	315	22	1806	1711	119	0	0	0	0	0	-126	-5	4	0
8	1	3	0	76	12	up	2	512	495.135114898833	956.384124567209	501.564012142814	658.025033392145	569.021626064143	1329.27725267715	545.12398945517	768.772441890309	512	512	62.1520717824925	55.5927721324826	-593.494157535756	687.965751499751	256	83	4	10	159	259	178	17	3	55	5304	442	373	25	1720	1584	102	1	0	0	2	0	-79	-5	4	0
8	1	3	0	76	12	up	3	512	498.907177540089	969.38058237008	487.762545918059	599.165069340409	549.310429787591	1014.9114120183	560.711082672443	762.25709254387	512	512	81.6391972191776	61.4330705960221	-593.455649975902	687.875141834128	244	89	1	10	168	252	207	9	0	44	5392	396	340	16	1630	1702	98	1	0	0	2	0	-52	-3	4	0
8	1	3	0	77	13	up	0	512	501.833155557888	957.829352034885	493.901933884882	607.373825200385	536.517080910083	1096.23157871631	527.962818515178	691.219291677477	512	512	86.8434725215296	64.8566000093697	-593.379628331829	687.699664866707	279	64	3	10	156	260	179	12	2	59	5804	482	350	20	1615	1708	111	0	0	0	0	0	-148	-5	3	0
8	1	3	0	77	13	up	1	512	523.867597411636	1102.34908546113	504.271348661056	634.420994731581	552.121959281337	1199.13978595416	542.513871124587	739.403562842464	512	512	80.1748740260196	69.2823271108771	-593.37463205415	687.688867412021	279	60	2	13	158	248	185	14	2	63	5723	499	410	24	1700	1615	120	0	0	0	0	0	-85	-5	4	0
8	1	3	0	77	13	up	2	512	518.839253521955	1063.97791497985	503.98948439535	637.828852075577	526.28711089665	974.114953389096	527.789394034272	691.881013177565	512	512	74.1750115046215	67.6944779408609	-593.343479313377	687.616686016662	266	68	2	12	164	251	187	9	6	59	5729	506	400	21	1736	1727	101	0	0	0	0	0	-100	-5	5	0
8	1	3	0	77	13	up	3	512	484.933488775082	790.63645378222	493.889627779337	587.048347088232	545.682232525397	1186.15353056062	533.453557829378	722.291866027358	512	512	75.3411982073971	56.4960004154577	-593.461324747394	687.889972090352	272	66	1	6	167	255	179	14	0	64	5790	468	375	23	1607	1636	86	0	0	0	0	0	-111	-5	4	0
8	1	3	0	78	14	up	0	512	482.188810334145	712.773483928094	496.558405760197	588.722797408639	517.812942286962	1033.63778830367	505.842177984889	637.340257155165	512	512	66.9878923048227	58.5488892712193	-593.452146150058	687.867899013826	271	59	6	4	172	250	174	11	2	75	6174	556	409	29	1656	1554	97	0	0	0	0	0	-153	-5	4	0
8	1	3	0	78	14	up	1	512	517.188810334145	1064.74909207183	507.340942213916	656.687659309522	560.587037582907	1221.31052481635	543.657473667043	744.110217863144	512	512	81.7942973139076	58.191785063072	-593.567076783047	688.135370050526	255	75	5	12	165	231	198	14	1	68	6258	518	364	28	1615	1629	99	0	0	0	0	0	-178	-6	3	0
8	1	3	0	78	14	up	2	512	483.983118901016	785.047980796954	493.896054861078	588.233797376381	523.456327821342	900.178816229538	535.981062965322	683.50050774643	512	512	78.0003780568341	59.6368054417202	-593.381791657898	687.704672008068	281	61	1	6	163	252	198	7	0	55	6153	541	454	20	1627	1542	97	0	0	0	0	0	-94	-6	10	0
8	1	3	0	78	14	up	3	512	470.154368480396	769.4466528862	473.345591394867	548.960858509169	590.05810057258	1436.82802990849	567.142541126203	839.821983098882	512	512	72.133429724241	59.0646878433605	-593.314469967117	687.548561358845	263	82	2	6	159	256	184	19	4	49	6246	529	362	31	1621	1588	86	0	0	0	0	0	-183	-6	4	0
8	1	3	0	79	15	up	0	512	509.799786669465	950.994332760895	521.860638556253	681.202100414843	555.596127891025	1205.83646121925	547.275568903058	764.651947683421	512	512	84.8590563343719	60.7948049984653	-593.493343815578	687.963620858695	246	76	1	9	180	245	188	14	3	62	6633	565	450	32	1570	1589	101	0	0	0	0	0	-143	-5	5	0
8	1	3	0	79	15	up	1	512	470.605218199144	730.043104078375	488.535952878082	572.780666465149	551.085484772899	1123.28745921816	551.353775918793	753.471002947323	512	512	97.9822743249148	67.0917528908907	-593.427832225543	687.811476404223	275	71	0	5	161	255	192	12	1	52	6706	493	450	31	1574	1621	94	0	0	0	0	0	-37	-6	5	0
8	1	3	0	79	15	up	2	512	529.722772343212	1053.09455270213	532.706494540808	718.895230913744	531.162499099152	1021.10741589099	538.752360661491	732.622283222528	512	512	90.3747887792972	66.5293556245442	-593.361314574311	687.657496071693	246	67	7	11	181	243	188	10	7	64	6626	580	438	36	1525	1577	93	0	0	0	0	0	-147	-5	5	0
8	1	3	0	79	15	up	3	512	504.914235193519	969.655964788223	502.973927602216	622.237549848375	501.603185544455	851.60186364831	520.340222875001	658.422426663405	512	512	91.7098442656619	62.2283193772597	-593.180578065617	687.239165109564	265	71	2	10	164	278	172	7	1	54	6611	543	492	34	1524	1631	92	0	0	0	0	0	-61	-4	4	0
8	1	3	0	80	16	up	0	512	484.242505769457	826.522040262364	485.2920968713	587.934820858253	474.281012932584	775.458626394091	475.295608691386	546.720193020202	512	512	85.6309725146743	68.8157994044306	-593.341018759151	687.610253417147	266	73	4	7	162	264	161	6	3	78	7104	607	451	30	1639	1561	104	0	0	0	0	0	-192	-5	5	0
8	1	3	0	80	16	up	1	512	466.06515822601	897.524688646841	453.444218451031	531.004576479747	522.024618408194	1205.12025428973	497.136545049884	659.870841967819	512	512	87.5159960004668	63.102676369903	-593.478726694615	687.930251520739	281	89	2	10	130	282	141	16	2	71	7152	564	445	31	1507	1502	85	0	0	0	0	0	-136	-6	5	0
8	1	3	0	80	16	up	2	512	473.311389476954	806.024919330453	473.812651016464	549.077345796125	482.006437791957	823.230244194864	488.400868313997	584.746103434057	512	512	94.2443425421001	67.2813471376184	-593.472878342435	687.915957238185	274	77	1	7	153	266	161	7	3	75	7126	557	474	35	1544	1474	101	0	0	0	0	0	-129	-6	5	0
8	1	3	0	80	16	up	3	512	469.770369814457	804.075918982035	484.421467096226	600.410208446143	483.993282174461	867.615612386451	479.789438736946	570.357425315239	512	512	95.7329424789692	66.7662893969073	-593.334559631613	687.595474240669	262	86	4	7	153	254	162	8	3	85	7152	587	419	34	1633	1536	96	0	0	0	0	0	-176	-6	4	0
8	1	3	0	81	17	up	0	512	497.064198536647	998.014280344012	484.549785608663	597.877269113014	618.110836318529	1569.01074641025	601.733401402289	932.153898588435	512	512	82.2760647944429	63.8324255746789	-593.50517677428	687.990250436375	251	89	3	11	158	225	206	21	4	56	7634	587	454	29	1629	1485	73	0	0	0	0	0	-151	-5	6	0
8	1	3	0	81	17	up	1	512	478.225284842583	743.652418459409	493.474999120148	589.417757449017	553.014568410713	1201.94643872933	544.36919643489	747.611583045938	512	512	107.546991237005	69.3452261912309	-593.58660321701	688.179634535552	268	68	5	5	166	242	186	14	5	65	7549	635	492	28	1430	1507	82	0	0	0	0	0	-175	-6	4	0
8	1	3	0	81	17	up	2	512	489.645758016959	800.738008244902	495.919943110813	598.440610564222	579.223252187894	1346.77658954811	571.344728778369	835.554241969362	512	512	105.775666299731	70.0947268596486	-593.453124202455	687.869240468247	266	66	2	6	172	255	185	17	6	49	7562	592	521	29	1495	1623	94	0	0	0	0	0	-96	-7	6	0
8	1	3	0	81	17	up	3	512	462.524138563513	747.35396217971	472.421343275916	540.104500231808	530.855514759466	948.279481011252	554.897946747117	761.985288243845	512	512	110.508472606912	74.0154367897093	-593.443467672834	687.847483749609	285	74	1	6	146	250	198	8	2	54	7587	588	490	39	1469	1589	81	0	0	0	0	0	-131	-6	5	0
8	1	3	0	82	18	up	0	512	490.00033982789	942.001857863951	489.2495570665	613.430798834174	551.315454786332	1266.59698692973	531.060526625645	725.858251959939	512	512	111.627281976496	78.6367477674819	-593.520645062799	688.026472394014	267	79	6	10	150	256	173	16	0	67	8034	594	545	43	1471	1421	81	0	0	0	0	0	-73	-6	7	0
8	1	3	0	82	18	up	1	512	527.889956613215	1053.15619547183	516.298292214385	672.05291624619	540.883858649148	1068.70608302221	533.193222399124	690.713708426505	512	512	111.636771545416	74.6907236082882	-593.515786700799	688.015512927392	242	72	4	11	183	259	188	11	1	53	8045	630	499	42	1429	1472	90	0	0	0	0	0	-147	-5	5	0
8	1	3	0	82	18	up	2	512	509.568743690706	902.864835981448	512.87317283154	643.745730914468	533.273955279154	1063.50032158068	540.491177143665	756.322015348315	512	512	116.375157504096	75.2469369138724	-593.34382627445	687.617337513905	270	56	4	8	174	239	188	11	4	70	8015	600	571	30	1530	1487	64	0	0	0	0	0	-45	-5	6	0
8	1	3	0	82	18	up	3	512	489.674101906641	905.30208111053	488.586197784547	595.80181681576	524.953815321971	1019.1686179519	536.638304853863	731.970641479353	512	512	118.689043386922	82.1426859092535	-593.531674572669	688.052290428726	271	74	3	9	155	226	191	10	5	80	8030	635	517	34	1424	1467	91	0	0	0	0	0	-142	-5	5	0
8	1	3	0	83	19	up	0	512	499.674101906641	958.220041785536	493.412505679611	603.753126408562	525.64372536227	1004.35219934452	526.133098667903	670.723083963936	512	512	122.009473322446	71.9453370327915	-593.578457567105	688.16009429345	271	71	2	10	158	265	179	10	2	56	8462	691	540	35	1349	1426	78	0	0	0	0	0	-173	-7	5	0
8	1	3	0	83	19	up	1	512	487.99531482915	801.535793132191	495.067712527616	596.602650367262	516.334708367895	989.659515248722	518.512653025139	671.057907706997	512	512	116.444386796396	81.818683499703	-593.495966466177	687.969148536878	259	72	1	6	174	263	173	10	2	64	8544	641	510	33	1468	1457	89	0	0	0	0	0	-137	-6	4	0
8	1	3	0	83	19	up	2	512	467.044944955084	690.111398796912	485.47979107689	563.202784760416	515.96996328352	951.078583893252	518.951527837123	674.346177978525	512	512	108.277364848282	72.0757831492358	-593.560455163609	688.119070727871	268	73	3	4	164	265	175	9	5	58	8457	678	560	33	1430	1379	82	0	0	0	0	0	-136	-6	5	0
8	1	3	0	83	19	up	3	512	469.68319221476	828.992096163422	478.186920586124	586.249086969308	532.476541092268	1123.40141963416	528.294365736695	720.014794371613	512	512	109.306472332166	72.1749400055228	-593.555627584117	688.10740245141	285	75	5	8	139	261	169	13	5	64	8481	683	528	36	1429	1420	99	0	0	0	0	0	-166	-7	7	0
8	1	3	0	84	20	up	0	512	511.929423465704	978.301640401731	508.800427019872	644.592320348643	542.774435123835	1108.48169199228	537.728720896497	728.110328693128	512	512	116.427894631823	73.7832500085105	-593.391716874108	687.727676478845	274	61	0	10	167	256	185	12	2	57	8919	697	597	27	1487	1369	95	0	0	0	0	0	-106	-7	6	0
8	1	3	0	84	20	up	1	512	519.635594743515	1099.25684785849	507.714376828304	659.637498145203	544.22432515322	1084.95132371128	537.0565216881	710.54520632409	512	512	121.979915618348	86.1626310187767	-593.395360155046	687.735884077519	269	69	3	13	158	234	199	11	2	66	8903	712	585	40	1392	1448	86	0	0	0	0	0	-156	-7	5	0
8	1	3	0	84	20	up	2	512	496.315454786332	845.840888965664	501.889195719648	610.450224097833	499.376207875074	914.864827718077	504.715932619939	622.857910125599	512	512	126.365415955282	76.501972690718	-593.544084745427	688.080736758372	268	63	4	7	170	284	156	9	5	58	8981	667	564	28	1355	1375	84	1	0	0	2	0	-131	-6	4	0
8	1	3	0	84	20	up	3	512	505.433008930401	867.326926070651	514.102772074545	655.210009740485	506.6133488179	867.976592853457	525.292869026372	690.552158725379	512	512	133.898909796288	83.8168909457874	-593.463221021789	687.893483508285	255	65	3	7	182	259	182	7	2	62	8841	740	610	49	1430	1443	88	0	0	0	0	0	-136	-7	6	0
8	1	3	0	85	21	up	0	512	497.745018268827	879.534454479055	496.256637536792	596.47469834164	515.096607735707	986.254636051131	520.63233716974	681.264286013143	512	512	125.463968632777	77.6677465659469	-593.322500928244	687.568001467131	280	59	2	8	163	266	171	10	2	63	9316	803	591	42	1391	1440	93	0	0	0	0	0	-224	-7	5	0
8	1	3	0	85	21	up	1	512	481.430976275712	753.459960915542	493.839082138149	596.008154450312	526.6133488179	1084.9788087925	519.295132358415	694.182546486733	512	512	120.058340155547	82.5558143334156	-593.383106964313	687.707553160641	258	72	5	5	172	247	176	12	3	74	9346	777	582	47	1424	1387	93	0	0	0	0	0	-262	-6	4	0
8	1	3	0	85	21	up	2	512	492.764271850391	909.599198737094	492.687698115526	601.207260432808	557.439106894467	1140.12072392033	558.919184224448	786.362799291663	512	512	128.884784787371	87.559177173667	-593.463901097649	687.894991653955	275	70	1	9	157	238	201	12	4	57	9372	748	600	32	1396	1499	98	0	0	0	0	0	-176	-6	6	0
8	1	3	0	85	21	up	3	512	476.929423465704	811.603189906391	495.159330358199	620.078454381963	535.892948957267	1164.42492180946	525.591662200056	705.935105778174	512	512	128.513587921417	78.7630722477123	-593.388008874268	687.720081136491	270	75	6	7	154	265	167	14	2	64	9397	727	578	50	1377	1422	78	0	0	0	0	0	-161	-6	6	0
8	1	3	0	86	22	up	0	512	579.856474448829	1493.43955609689	533.666437267173	746.040245772981	513.503925292587	952.725594028211	518.47994028119	672.564677102366	512	512	136.614095730202	83.3814441261197	-593.48220541149	687.938005548725	252	67	3	21	169	252	178	9	5	68	9833	759	635	37	1367	1319	82	1	0	0	2	0	-124	-6	5	0
8	1	3	0	86	22	up	1	512	508.954775011334	979.514947604737	509.009946310869	659.853249878294	565.64372536227	1327.19033663358	539.178106014036	734.578138760749	512	512	128.892341186803	78.5055430440383	-593.371322146273	687.680867604503	256	73	4	10	169	253	179	17	1	62	9813	825	574	52	1329	1418	85	0	0	0	0	0	-275	-7	6	0
8	1	3	0	86	22	up	2	512	504.645758016959	1009.82226350894	500.701714559899	636.821186360636	510.375248185711	872.489674330873	521.581167137817	673.908170706268	512	512	142.795813740564	92.0708714649832	-593.273137328397	687.453421512275	254	82	2	11	163	262	183	7	3	57	9703	847	657	57	1315	1377	74	0	0	0	0	0	-207	-9	6	0
8	1	3	0	86	22	up	3	512	497.649823326337	965.048429769123	491.454369689285	610.504831524024	508.926431121652	912.006306268787	519.989106463984	672.712408416504	512	512	132.59521444817	84.7585504713409	-593.478428638801	687.929463822063	248	87	2	10	165	247	182	8	4	71	9779	762	679	44	1406	1397	94	0	0	0	0	0	-100	-5	6	0
8	1	3	0	87	23	up	0	512	543.177687371338	1148.86395456385	538.182768132719	741.001787356542	516.488737020401	885.831584500674	525.002012305786	667.29585563651	512	512	143.679679901157	89.7149663639835	-593.567871552798	688.136514602778	244	67	5	13	183	255	190	7	3	57	10179	842	721	34	1261	1290	84	0	0	0	0	0	-125	-6	5	0
8	1	3	0	87	23	up	1	512	552.25673435228	1131.44001333243	549.740855806882	744.593371075931	483.139180208211	792.526035563347	495.746263994683	596.159090565124	512	512	143.234157383775	99.8191412308345	-593.456823849657	687.878544907102	237	61	5	12	197	262	170	6	0	74	10272	786	652	66	1344	1332	71	0	0	0	0	0	-134	-6	7	0
8	1	3	0	87	23	up	2	512	508.877760685081	1012.88789331626	529.639407366917	726.402786536717	536.066231191336	1135.66173531945	520.878688754367	685.835889745083	512	512	137.951049130351	88.4670271991293	-593.223191173408	687.336985689702	260	74	5	11	162	252	178	13	0	69	10237	796	702	41	1449	1394	103	0	0	0	0	0	-82	-5	6	0
8	1	3	0	87	23	up	3	512	556.786631051969	1140.80542567753	554.485351382473	780.32039606376	516.450229857275	958.114508548613	525.037388734317	691.996591923512	512	512	135.59812429725	82.7619483464013	-593.432600174955	687.822379300498	234	60	4	12	202	253	181	9	3	66	10303	777	640	56	1349	1281	79	0	0	0	0	0	-177	-7	6	0
8	1	3	0	88	24	up	0	512	448.82909024851	685.148637315298	452.823515836055	500.857585285656	503.292135895391	1000.85374389115	498.818747238906	653.866598924091	512	512	131.700066571985	83.197608798829	-593.436787651598	687.831983008786	293	75	1	5	138	263	155	11	8	75	10635	912	687	54	1420	1286	69	0	0	0	0	0	-254	-9	6	0
8	1	3	0	88	24	up	1	512	461.564678381328	749.294984321217	466.810049407075	540.00625673445	486.180679715389	897.678132442072	481.171212875657	580.109806181315	512	512	143.111471168928	85.760576851453	-593.77350531596	688.612825609011	276	80	2	6	148	275	151	9	3	74	10759	817	683	29	1250	1225	81	1	0	0	2	0	-140	-9	5	0
8	1	3	0	88	24	up	2	512	483.858507103518	935.288777212872	476.866960798415	588.71963696718	464.424878311645	721.448868825247	471.738314375635	537.258335429439	512	512	158.73683574469	106.433542943262	-593.367731693308	687.672616107874	261	88	4	10	149	267	157	5	4	79	10691	842	701	54	1201	1325	91	0	0	0	0	0	-166	-8	6	0
8	1	3	0	88	24	up	3	512	468.685224869449	903.242650148184	465.381530102867	559.653160879937	460.729829996642	749.216936165521	466.002856748509	536.039133567334	512	512	132.799589789875	84.3589293382562	-593.462984837005	687.892519090821	278	89	2	10	133	271	148	6	4	83	10815	837	597	39	1266	1258	72	0	0	0	0	0	-283	-6	4	0
8	1	3	0	89	25	up	0	512	541.094575081018	1174.00629800542	523.707597806772	699.069158056724	589.117893971959	1365.58546239401	569.268421148019	802.631312117684	512	512	137.280037717193	86.4399945338573	-593.500092667622	687.979555537114	261	62	4	14	171	254	195	17	2	44	11225	820	703	52	1316	1134	70	0	0	0	0	0	-130	-7	7	0
8	1	3	0	89	25	up	1	512	511.987184210394	943.974813491522	511.150068013065	653.717684287348	552.851449450088	1128.00009916044	554.729440445886	763.4145303214	512	512	139.469673418204	86.9254960419991	-593.439186281936	687.837942667096	267	60	4	9	172	248	194	12	4	54	11185	858	708	49	1271	1162	67	0	0	0	0	0	-139	-5	6	0
8	1	3	0	89	25	up	2	512	501.353961949459	1003.86173036143	498.78843302657	640.523673312759	544.608323819159	1050.32205761544	551.719776594609	740.746348824297	512	512	155.03794291215	97.9972104051665	-593.263923387396	687.432302348524	254	84	3	11	160	235	205	10	0	62	11071	873	800	56	1306	1238	69	0	0	0	0	0	-80	-7	9	0
8	1	3	0	89	25	up	3	512	518.109763353203	986.869267859543	507.200615261526	627.129851329434	542.333748678533	1045.17571474121	548.157727625559	746.057604653682	512	512	152.230437383932	97.6542076801874	-593.327585266749	687.578617811264	278	54	0	10	170	237	202	10	1	62	11049	899	799	53	1256	1296	82	0	0	0	0	0	-138	-7	7	0
8	1	3	0	90	26	up	0	512	506.680199870708	1048.50607558518	495.169627803972	625.04143131906	531.585004928218	988.332696601883	530.94683069795	691.35230517992	512	512	161.256019975519	95.5282859668945	-593.273298312409	687.453320656658	254	84	3	12	159	242	196	9	3	62	11493	943	818	58	1212	1252	90	0	0	0	0	0	-165	-7	7	0
8	1	3	0	90	26	up	1	512	485.259726696331	901.473701390313	489.692609034003	606.088156046213	506.834228523214	907.622713307449	519.737461448733	668.309851504246	512	512	161.953795105654	103.359620821608	-593.177839508165	687.232480974789	264	82	2	9	155	250	180	8	3	71	11457	980	826	49	1280	1238	72	0	0	0	0	0	-132	-7	8	0
8	1	3	0	90	26	up	2	512	489.645758016959	726.60053739023	512.700440859717	623.788666757701	531.450229857275	1056.0058614283	530.159147635346	711.733626477095	512	512	143.776006857249	94.0249517296349	-593.328840178478	687.582275081539	270	55	4	4	179	249	183	11	4	65	11601	915	738	58	1279	1148	68	0	0	0	0	0	-218	-8	6	0
8	1	3	0	90	26	up	3	512	499.559653382588	894.558409758209	503.256534569824	636.208990031264	489.463385474771	799.975258332006	500.302468759421	600.586222917786	512	512	144.62310118387	91.9807972585347	-593.550928956526	688.096675854266	252	75	3	8	174	265	171	6	4	66	11573	936	732	71	1193	1174	56	0	0	0	0	0	-254	-6	5	0
8	1	3	0	91	27	up	0	512	502.93755408446	933.727365126776	502.47252176891	626.954250657836	512.188810334145	1019.77569986714	514.261470447528	675.470260758938	512	512	157.044607193897	102.748661203296	-593.167032547316	687.207642586251	258	73	2	9	170	259	166	11	3	73	11976	1000	792	56	1252	1203	78	0	0	0	0	0	-257	-8	6	0
8	1	3	0	91	27	up	1	512	533.542432455713	1097.47149371464	531.147004416348	718.921528810296	513.906104574763	1014.20363226786	504.785355013163	631.196574071801	512	512	176.429035716764	107.646477776786	-593.468750411485	687.906409699436	246	70	2	12	182	277	160	11	4	60	12014	938	822	50	1142	1272	70	0	0	0	0	0	-112	-8	5	0
8	1	3	0	91	27	up	2	512	501.008470446646	966.234680204645	505.11638906254	645.237889809481	523.417820658215	1009.49056401184	527.176008417784	694.333450982355	512	512	148.723785682612	90.8123413082807	-593.466329772318	687.900609535672	259	78	1	10	164	242	184	10	5	71	11985	1043	743	53	1114	1184	75	1	0	0	2	0	-339	-8	5	0
8	1	3	0	91	27	up	3	512	490.038846991017	869.745541611328	492.220698600538	589.440097826168	504.454295166653	868.340674808792	515.135271179126	658.912104994086	512	512	150.826109026821	94.2561848155133	-593.508909577071	687.999189422423	273	69	2	8	160	247	183	7	5	70	12034	993	745	52	1280	1245	74	0	0	0	0	0	-260	-9	5	0
8	1	3	0	92	28	up	0	512	519.193835332886	1094.04886221455	504.203710056901	653.673790715906	544.693355488204	1215.7659422983	526.937355427753	711.313900378444	512	512	165.558180061735	105.97480076176	-593.588137439543	688.184458696644	275	64	7	13	153	262	169	15	3	63	12452	1043	789	52	1132	1128	48	0	0	0	0	0	-262	-7	5	0
8	1	3	0	92	28	up	1	512	507.428943621023	941.238230665143	511.998711428667	651.329435423823	503.129016934766	852.823149058225	510.91776925277	624.907938705331	512	512	185.694060494246	116.668513337287	-593.345902625631	687.620976947924	257	70	3	9	173	281	172	7	1	51	12536	911	849	40	1210	1227	74	0	0	0	0	0	-82	-6	5	0
8	1	3	0	92	28	up	2	512	550.576874309462	1234.04665867056	525.093380087551	696.387675380347	522.756254507598	906.538466306778	533.930387303887	697.251741299558	512	512	159.96987053361	104.8580655868	-593.309795452058	687.537992554695	242	71	4	15	180	232	203	7	3	67	12400	1059	829	48	1235	1153	63	0	0	0	0	0	-262	-7	5	0
8	1	3	0	92	28	up	3	512	469.223252187894	727.676806183991	489.898042710114	602.313960173644	542.495794673831	1214.30208524222	528.365588199013	716.560176296952	512	512	160.269413322662	104.240076217336	-593.426257776825	687.808010365521	267	74	8	5	158	256	169	15	4	68	12437	1042	796	61	1138	1178	74	0	0	0	0	0	-297	-6	6	0
8	1	3	0	93	29	up	0	512	529.894981611955	1045.40053408488	520.165801250349	675.611546024726	516.450229857275	884.003645489256	524.170882710481	672.883860205827	512	512	167.595246219728	108.959510498889	-593.475440028956	687.922156868824	266	55	5	11	175	261	189	7	1	54	12868	1089	834	57	1047	1097	67	0	0	0	0	0	-268	-8	7	0
8	1	3	0	93	29	up	1	512	535.384338493829	1126.96239514315	521.656020652782	676.389668475843	530.989216865083	1124.03468103098	523.577479056205	689.748161900801	512	512	188.452282452748	117.446244775683	-593.301037661254	687.517278011788	268	59	1	13	171	256	171	13	3	69	12943	983	861	61	1122	1138	85	0	0	0	0	0	-148	-8	6	0
8	1	3	0	93	29	up	2	512	534.175654716649	1058.80408702439	532.855249053321	714.378576047131	487.553555418521	870.46527834292	498.760816960713	627.273493717816	512	512	176.236987509545	114.102021987203	-593.38958328124	687.722657597311	255	60	2	11	184	261	162	8	3	78	12874	1084	831	59	1153	1130	77	0	0	0	0	0	-287	-7	6	0
8	1	3	0	93	29	up	3	512	507.649823326337	906.773488059779	512.674914712189	640.887299634877	515.54853041978	888.699880045548	517.450668034001	644.061121947203	512	512	169.070525504406	106.101710828498	-593.482294627327	687.937637764116	256	67	2	8	179	245	193	7	3	64	12974	1022	782	70	1148	1057	64	0	0	0	0	0	-240	-8	5	0
8	1	3	0	94	30	up	0	512	470.144205206952	723.934452826381	490.823219463332	583.321527630462	514.20399860633	983.42137548065	515.416771569082	669.856775249892	512	512	174.122081918184	109.437582816304	-593.446805832467	687.856155456698	286	64	1	5	156	268	169	10	3	62	13335	1110	852	63	1156	1019	66	1	0	0	2	0	-270	-9	6	0
8	1	3	0	94	30	up	1	512	509.223252187894	976.43068820901	499.489136732293	607.835037718564	492.93755408446	806.698541392412	509.063873415077	637.274584842074	512	512	189.429768739204	124.335967065665	-593.381418934072	687.704041881776	267	67	1	10	167	266	175	6	1	64	13291	1139	870	60	1125	1156	82	0	0	0	0	0	-321	-8	6	0
8	1	3	0	94	30	up	2	512	523.926431121652	972.868835414115	526.156456379825	672.241914065859	495.787590741332	955.726030605325	496.265642188259	615.737672039142	512	512	174.105440408055	106.094404353726	-593.611150046283	688.236418405249	251	63	0	9	189	264	159	10	0	79	13398	1063	858	41	1131	1016	63	0	0	0	0	0	-208	-8	6	0
8	1	3	0	94	30	up	3	512	510.452262511964	839.116728619346	527.703782914754	678.130405135905	503.129016934766	963.989443647261	502.456944386817	631.660842632413	512	512	170.523417636415	104.905880749494	-593.45355124681	687.871320398576	258	56	2	6	190	269	160	10	4	69	13398	1035	870	57	1123	977	66	0	0	0	0	0	-175	-6	5	0
8	1	3	0	95	31	up	0	512	542.218227189153	1076.694113646	541.75372183591	732.675779890583	487.755181542272	798.01783080451	498.599093559854	602.011177666495	512	512	182.360002892677	118.110629514088	-593.342337988271	687.61360410663	243	61	4	11	193	265	171	6	2	68	13738	1195	867	72	1014	1011	57	0	0	0	0	0	-365	-8	7	0
8	1	3	0	95	31	up	1	512	564.367117566955	1247.8200475699	555.109561403429	776.316674581609	477.553555418521	780.491886138235	492.793306344216	596.66846510404	512	512	179.847953957573	108.294149262542	-593.357850610669	687.649396619951	266	47	1	15	183	265	163	6	3	75	13722	1153	934	63	1117	1060	51	0	0	0	0	0	-230	-7	6	0
8	1	3	0	95	31	up	2	512	570.163458788515	1328.07237265322	559.86879186759	803.229148411098	493.206031261019	951.836008115399	489.89872506005	604.721829473733	512	512	181.781074571376	111.010612396901	-593.515545006155	688.014221880861	265	50	4	17	176	261	157	10	2	82	13777	1161	870	64	1047	1032	75	0	0	0	0	0	-314	-9	5	0
8	1	3	0	95	31	up	3	512	570.068263846025	1302.42005335425	552.772900931256	759.999919578817	513.129016934766	979.851972792589	508.777976151599	646.516602551495	512	512	187.527603805425	113.390945703545	-593.362642477403	687.660568099848	245	60	1	16	190	273	167	10	2	60	13798	1053	968	53	1112	1062	67	0	0	0	0	0	-115	-9	6	0
8	1	3	0	96	32	up	0	512	475.403592075393	847.437336026154	474.798748551591	578.5698440283	483.992209209135	962.795643318573	474.267781466769	571.191961079285	512	512	197.041481503573	119.923597638334	-593.242826675474	687.38287024313	263	84	7	8	150	279	137	11	5	80	14245	1150	928	61	1002	1103	52	0	0	0	0	0	-257	-7	8	0
8	1	3	0	96	32	up	1	512	504.712609069768	1005.04798079695	486.209431044991	591.933787346495	488.071256190077	937.453741412142	482.703352378627	597.492994424591	512	512	193.580466889959	122.246591571381	-593.448741225787	687.860373360892	265	75	2	11	159	272	148	10	4	78	14248	1154	925	57	1098	1094	75	1	0	0	2	0	-239	-7	6	0
8	1	3	0	96	32	up	2	512	534.760206541013	1232.21116976597	492.26677499013	627.786710158871	483.954775011334	976.953967964069	472.94375197263	585.53737760653	512	512	208.886071195935	130.573579288732	-593.433257646168	687.824040963055	269	70	2	16	155	248	149	11	4	100	14229	1166	936	53	973	1095	55	0	0	0	0	0	-240	-8	7	0
8	1	3	0	96	32	up	3	512	497.783525431954	881.389001285788	486.657150015797	575.687765672182	476.085484772899	782.025813143105	487.828000037896	607.476708323361	512	512	177.280039960805	105.729004643659	-593.459333815465	687.884734552447	278	61	0	8	165	255	165	6	4	82	14292	1182	853	57	1083	1033	68	0	0	0	0	0	-382	-8	6	0
8	1	3	0	97	33	up	0	512	521.901079576022	926.628920415794	518.453561251772	656.509682349853	553.484671711024	1163.44355552955	558.503444957995	784.299709655831	512	512	191.635176809968	121.991807713268	-593.287079366826	687.484900616966	265	51	2	8	186	249	188	13	6	56	14657	1202	974	63	1023	949	74	0	0	0	0	0	-263	-8	6	0
8	1	3	0	97	33	up	1	512	511.152335825707	1018.0342361905	504.371180402603	650.168236270014	529.290103240702	1003.32824819705	540.708038139857	704.388408550113	512	512	189.411590195067	123.337998209891	-593.34774153732	687.626779613219	258	74	4	11	165	278	175	10	5	44	14702	1206	924	64	1023	1019	59	0	0	0	0	0	-334	-6	6	0
8	1	3	0	97	33	up	2	512	516.219186878516	984.122482623837	513.123598169422	660.329377030267	557.23640780539	1196.58190780182	558.413330745749	792.967862085649	512	512	198.721909790697	124.127505223989	-593.445698427549	687.852416276839	273	57	4	10	168	271	179	14	4	44	14677	1153	1014	52	1045	969	53	0	0	0	0	0	-155	-7	6	0
8	1	3	0	97	33	up	3	512	478.897014266644	780.950421635255	491.166257293027	590.507948815291	556.603185544455	1272.33135381706	547.899117097501	762.2054165122	512	512	210.184161924326	136.295800226475	-593.343673099204	687.616650216113	267	72	5	6	162	262	174	16	1	59	14738	1124	975	59	979	1057	56	0	0	0	0	0	-171	-8	7	0
8	1	3	0	98	34	up	0	512	505.077354154143	932.409401972758	504.374148405133	632.209799403611	512.611316163211	875.808078193689	520.633018403458	660.448871089248	512	512	207.648863054186	137.216354441004	-593.4150847357	687.782534808694	267	65	4	9	167	266	185	7	0	54	15016	1318	1000	74	1000	1000	46	0	0	0	0	0	-355	-11	6	0
8	1	3	0	98	34	up	1	512	517.908137229452	1022.23467607296	511.655521311281	662.066322657231	489.300266514147	837.221821147471	507.096506867689	634.47033014251	512	512	199.453882624645	129.317036580593	-593.300906742894	687.516986104625	274	59	4	11	164	263	168	7	2	72	14940	1354	1034	80	921	1032	61	0	0	0	0	0	-379	-8	6	0
8	1	3	0	98	34	up	2	512	504.463385474771	1009.05951359605	499.880441286998	636.18479106242	506.757214196961	829.829364429941	510.470636040861	614.145341780577	512	512	207.133690140796	133.128292239195	-593.466238146765	687.900597190472	253	82	4	11	162	266	185	6	1	54	15203	1209	933	63	928	995	55	0	0	0	0	0	-302	-9	7	0
8	1	3	0	98	34	up	3	512	523.935521429771	1076.50563487638	510.852848425641	670.260385992226	491.699453452271	840.3490937245	505.701343023783	623.493598657965	512	512	212.706851614353	141.022203202309	-593.268156157724	687.441100610981	257	70	2	12	171	265	169	7	2	69	15104	1220	1019	65	933	1029	48	0	0	0	0	0	-227	-8	7	0
8	1	3	0	99	35	up	0	512	525.019593409454	1183.7118370267	512.271244274818	674.493276132563	533.196940952901	1059.81783576253	526.389074381081	696.905729827434	512	512	200.400660021001	128.621083457026	-593.188649653546	687.256878089096	258	79	5	15	155	247	185	11	4	65	15504	1319	1028	69	977	953	49	0	0	0	0	0	-338	-10	6	0
8	1	3	0	99	35	up	1	512	564.367117566955	1396.06838148392	524.653217094433	710.715046057567	518.522105908824	1056.77746683402	507.388343392243	634.945160311267	512	512	199.636221405982	129.547091465249	-593.312450947113	687.544256618936	254	70	1	19	168	280	158	12	3	59	15595	1239	995	91	974	978	53	0	0	0	0	0	-310	-6	6	0
8	1	3	0	99	35	up	2	512	490.672069251952	942.271037305434	492.745656751461	606.899176878791	546.036814336328	1327.41738017967	517.179040822759	712.828947242868	512	512	220.526716937777	146.78668710867	-593.341480751671	687.611879492902	274	76	1	10	151	256	157	18	4	77	15579	1246	1026	69	970	991	52	0	0	0	0	0	-239	-7	6	0
8	1	3	0	99	35	up	3	512	506.066231191336	939.852421764757	508.312035871448	651.06961190167	508.493762019142	1010.46172788242	512.852456151002	670.35644063012	512	512	206.865181865918	136.371251677103	-593.420872861976	687.795077759633	256	72	2	9	173	263	160	11	6	72	15594	1328	931	67	904	1003	77	0	0	0	0	0	-460	-7	7	0
8	1	3	0	100	36	up	0	512	507.121959281337	979.549982579131	504.876665751088	653.15476895025	500.624471780707	852.615612386451	505.909155885902	621.202945780204	512	512	221.287826372115	148.222283568918	-593.583258650777	688.171690154924	248	79	5	10	170	270	173	7	3	59	15955	1266	1137	74	864	910	53	0	0	0	0	0	-144	-12	8	0
8	1	3	0	100	36	up	1	512	544.597087580388	1248.21161460646	520.518843774318	713.485460832515	514.002372482579	944.675920634709	520.718113305364	678.552094805027	512	512	238.413362968709	175.271972788114	-593.370218690492	687.67743256378	267	63	5	16	161	272	171	9	5	55	16012	1189	1150	81	967	997	54	0	0	0	0	0	-63	-8	10	0
8	1	3	0	100	36	up	2	512	495.461352820082	956.055077586267	495.484549131297	624.294370420265	524.291176206028	900.230256589919	528.881974962673	679.784460775678	512	512	225.210828734722	146.008059295924	-593.440157037002	687.840326058695	260	81	2	10	159	253	197	7	2	53	16099	1244	1021	68	852	917	50	0	0	0	0	0	-251	-7	6	0
8	1	3	0	100	36	up	3	512	482.102705699773	790.784571886703	488.545147253835	583.42250948127	521.920333157586	1001.66705687852	522.891990586086	686.914456431185	512	512	229.188430883137	158.191004924784	-593.376769580833	687.693802170248	261	75	1	6	169	256	179	10	3	64	16027	1256	1078	71	928	937	56	0	0	0	0	0	-207	-11	7	0
8	1	3	0	101	37	up	0	512	506.987184210394	1010.19432367119	503.806599739657	642.16228570263	508.206031261019	975.589890140418	512.546803350198	659.628113279577	512	512	226.714647237566	148.230784120318	-593.400431438289	687.747595733994	263	75	1	11	162	261	166	10	5	70	16494	1302	1086	62	892	850	48	0	0	0	0	0	-216	-6	7	0
8	1	3	0	101	37	up	1	512	505.979053591638	1075.96150133049	490.826087188343	611.956785486549	529.291176206028	1019.31451185396	533.903990600242	720.566753443599	512	512	216.8258121016	138.46794266499	-593.305059608935	687.52771341727	271	78	2	13	148	241	188	10	6	67	16376	1364	1111	93	960	862	55	0	0	0	0	0	-299	-8	6	0
8	1	3	0	101	37	up	2	512	536.008470446646	1244.07281749371	513.015663428823	697.498802449375	489.137147553522	874.44177616762	504.242413122155	636.178727732841	512	512	229.090127179111	145.850040559826	-593.373304573	687.68512746801	247	83	2	16	164	257	164	8	4	79	16498	1284	1088	74	846	844	47	0	0	0	0	0	-212	-7	6	0
8	1	3	0	101	37	up	3	512	504.62543147007	992.908726448663	495.509932071438	600.841464275677	514.117893971959	950.212953259594	511.162233083077	639.319548046508	512	512	238.699066557495	166.101590707864	-593.496286393569	687.971024362823	292	58	2	11	149	262	176	9	3	62	16560	1239	1073	72	824	917	50	0	0	0	0	0	-202	-7	6	0
8	1	3	0	102	38	up	0	512	511.785558086643	1016.44886882525	510.316965978089	649.407181917139	467.227317497272	727.902972444171	495.895225627842	618.680877217583	512	512	247.394573748447	176.460372867885	-593.355186974394	687.643344516683	267	69	1	11	164	261	160	5	6	80	16782	1353	1243	78	776	875	47	0	0	0	0	0	-148	-9	10	0
8	1	3	0	102	38	up	1	512	551.478573746957	1192.29499258459	536.669629513327	728.285518575481	509.655921290404	952.059521859418	513.408320826244	665.655161214645	512	512	231.184780034034	154.148262048038	-593.576254557814	688.155936791208	262	55	1	14	180	239	180	9	5	79	16940	1379	1071	66	787	835	37	0	0	0	0	0	-327	-11	8	0
8	1	3	0	102	38	up	2	512	544.367117566955	1253.17702860423	520.25407535232	706.851859282612	554.952742356645	1273.10253090904	532.485075170036	741.895229789821	512	512	223.670835780131	148.127575733867	-593.088821819521	687.026019182596	258	70	2	16	166	251	175	16	4	66	16814	1460	1088	94	887	879	59	0	0	0	0	0	-425	-9	6	0
8	1	3	0	102	38	up	3	512	527.783525431954	1040.11627551549	517.178319498557	647.368129632258	490.519113564772	913.836897796367	489.58610860494	598.034678907643	512	512	236.638426805126	156.40253373435	-593.5298091021	688.04732684337	274	53	1	11	173	257	162	9	1	83	16864	1371	1147	74	771	836	43	0	0	0	0	0	-236	-9	7	0
8	1	3	0	103	39	up	0	512	554.9051448854	1167.61118464004	554.200471113536	778.49009851483	554.684265180086	1276.21339810008	536.91356713727	752.230403892395	512	512	233.005784676506	163.334686400924	-593.368774079305	687.674441179741	247	57	4	13	191	244	178	16	3	71	17462	1323	1097	86	854	889	45	0	0	0	0	0	-295	-8	7	0
8	1	3	0	103	39	up	1	512	502.658913634456	928.381463787677	514.792374369859	656.036410362186	535.259726696331	1091.89942611536	528.108363600015	691.715732000514	512	512	233.655620346929	155.38676027229	-593.544841324526	688.082276636213	270	66	1	9	166	264	176	12	3	57	17214	1456	1210	88	820	760	49	0	0	0	0	0	-253	-8	7	0
8	1	3	0	103	39	up	2	512	581.325618059777	1248.45065645055	567.205498853911	780.853919064139	503.772402469146	970.834237016835	500.115746737561	627.80347934265	512	512	229.887085441123	155.867198154093	-593.310191487171	687.538579466471	245	43	4	14	206	255	165	10	5	77	17397	1371	1132	68	814	779	64	0	0	0	0	0	-273	-8	6	0
8	1	3	0	103	39	up	3	512	551.478573746957	1229.29720852364	542.287223051001	764.977832767067	525.547457454454	1073.85330318235	517.711063433944	672.257582641945	512	512	227.626542390991	153.693137150068	-593.408586341778	687.767386092333	250	63	10	15	174	266	167	12	5	62	17322	1473	1087	86	762	790	51	0	0	0	0	0	-430	-8	8	0
8	1	3	0	104	40	up	0	512	476.785558086643	812.721594595544	479.296810916891	576.465202988251	480.067190880699	958.447085331628	469.696579941955	564.504898182609	512	512	237.76587324874	163.527052796899	-593.347444762649	687.625369619409	271	76	2	7	156	274	136	11	5	86	17772	1437	1194	77	830	744	40	0	0	0	0	0	-289	-8	7	0
8	1	3	0	104	40	up	1	512	472.783525431954	804.690550790448	475.624067535633	555.450874702621	475.662978943834	814.827140227523	481.799749437	589.838746749747	512	512	240.958230241919	161.911403778398	-593.185481953146	687.249869549566	274	77	2	7	152	260	158	7	4	83	17747	1487	1159	87	750	765	50	0	0	0	0	0	-335	-9	7	0
8	1	3	0	104	40	up	2	512	488.52317887415	988.173927115903	480.528678393016	591.779922033493	459.453222201327	743.984117956513	460.382462642653	512.318064928316	512	512	243.545017609416	166.634716746813	-593.462430992194	687.892975561626	243	101	1	11	156	280	145	6	2	79	17812	1434	1161	73	797	753	40	0	0	0	0	0	-307	-9	9	0
8	1	3	0	104	40	up	3	512	459.577833998825	704.90961612963	462.991141340751	517.984816724959	466.420813002267	758.304741890061	477.797528968733	573.148794458151	512	512	249.846839381725	176.262345240367	-593.249185561452	687.397360590357	288	70	2	5	147	273	152	6	3	78	17859	1404	1148	69	821	892	61	0	0	0	0	0	-286	-8	8	0
8	1	3	0	105	41	up	0	512	516.967930628831	1099.24044247251	501.04600575256	636.526720630822	569.636667708841	1305.69544403577	558.37128200568	795.683212465636	512	512	260.692688210747	185.792040247306	-593.412365097137	687.775461996813	260	77	2	13	160	236	193	16	1	66	18329	1410	1176	77	756	820	42	0	0	0	0	0	-260	-7	7	0
8	1	3	0	105	41	up	1	512	511.987184210394	981.056852816516	511.658977860779	657.262745442906	563.551522763832	1248.64266502225	553.527125873551	773.110043698311	512	512	244.364794415281	170.506677086317	-593.267274027782	687.439228366592	267	65	1	10	169	256	183	15	6	52	18237	1467	1208	80	798	715	42	0	0	0	0	0	-307	-10	8	0
8	1	3	0	105	41	up	2	512	488.426910966334	872.371265510035	492.094515318659	599.373015147838	540.039919956343	964.964627608935	560.394140891333	765.011390891983	512	512	256.598321768542	173.638696889325	-593.366024401517	687.668249549403	260	78	3	8	163	244	205	8	5	50	18211	1452	1240	89	710	782	46	0	0	0	0	0	-197	-9	10	0
8	1	3	0	105	41	up	3	512	556.728870307279	1175.13225258774	540.096165594729	712.575822188364	548.388403803207	1225.0533064877	535.765026875058	743.5703802131	512	512	245.722738956905	169.008352045257	-593.6073212784	688.227500614905	241	61	0	13	197	254	174	15	4	65	18414	1369	1130	79	741	735	34	0	0	0	0	0	-298	-8	7	0
8	1	3	0	106	42	up	0	512	470.815934631013	798.26127973659	492.035237745334	620.65419226744	532.581899308203	1083.42625219923	519.954228115982	662.005563608686	512	512	257.333615460428	179.580573569787	-593.50726671348	687.995515874725	277	75	6	7	147	274	171	12	2	53	18681	1521	1231	71	684	718	42	0	0	0	0	0	-308	-7	6	0
8	1	3	0	106	42	up	1	512	543.062165881958	1143.32692193897	538.062354849509	742.573734183277	512.678167216019	1019.25552160041	513.470140214551	675.786248156408	512	512	253.232746360427	179.576222013403	-593.441385626793	687.843322679242	254	60	7	13	178	261	165	11	4	71	18765	1466	1184	89	756	726	37	0	0	0	0	0	-341	-10	7	0
8	1	3	0	106	42	up	2	512	502.1412128629	861.36639292314	510.816914602059	645.3728992605	523.762239195702	1068.21338983671	514.196667068344	652.856918647606	512	512	247.893210918817	166.913387792787	-593.457036059163	687.878822929583	255	67	4	7	179	274	164	12	3	59	18741	1535	1159	69	698	723	42	0	0	0	0	0	-399	-12	6	0
8	1	3	0	106	42	up	3	512	526.958840320712	974.357525035264	530.186540969304	698.623568212805	545.403592075393	1180.7810214262	532.933017519984	723.402562529707	512	512	254.04488793271	177.958380975772	-593.317627306687	687.557166796014	254	57	5	9	187	263	174	14	3	58	18649	1512	1252	91	716	782	57	0	0	0	0	0	-301	-8	9	0
8	1	3	0	107	43	up	0	512	517.735927960709	1029.9286946902	521.675781823013	693.763673087294	501.142172552263	919.604075455673	506.274351048666	630.687148895598	512	512	250.51170069412	172.334106108987	-593.377625968448	687.695462550683	254	71	6	11	170	281	159	9	4	59	19100	1569	1253	94	698	682	29	0	0	0	0	0	-344	-8	9	0
8	1	3	0	107	43	up	1	512	496.843318831333	810.093218180675	519.24374701245	678.776749101217	498.244538424146	850.415613212788	509.206810883212	625.042261957697	512	512	274.755425889325	192.755711904001	-593.570360195104	688.143245977062	268	58	6	6	174	267	173	7	2	63	19210	1483	1243	80	659	649	37	0	0	0	0	0	-288	-9	8	0
8	1	3	0	107	43	up	2	512	487.592062581647	724.071491235625	505.603910094275	603.096305141305	490.499859983209	875.827585068006	503.412492864249	624.823130078255	512	512	255.792392485685	175.992623602713	-593.323084896667	687.568747185036	271	57	1	4	179	258	164	8	5	77	19244	1488	1201	83	729	669	45	1	0	0	2	0	-353	-10	7	0
8	1	3	0	107	43	up	3	512	520.902039265385	1133.08832906704	515.045158996911	692.76244936565	523.810909632273	967.33180278923	527.134713430761	688.061565604094	512	512	254.788256572105	180.201195077135	-593.252969847999	687.406930512793	275	67	6	14	150	261	184	9	2	56	19182	1577	1165	92	663	742	45	0	0	0	0	0	-452	-9	8	0
8	1	3	0	108	44	up	0	512	547.418780347578	1181.48212856939	533.599734160298	721.854808062838	500.662978943834	928.581022252542	504.139987179623	643.739389657318	512	512	270.791372572806	192.06690638839	-593.401129336	687.749410142964	268	53	4	14	173	260	167	9	3	73	19541	1644	1265	78	605	647	36	0	0	0	0	0	-428	-9	5	0
8	1	3	0	108	44	up	1	512	537.735927960709	1172.8200475699	527.007389068218	724.428817734465	494.358027258837	847.894994237262	504.410091932949	625.518187489547	512	512	254.031374356517	181.457728903997	-593.455193635601	687.874874261128	250	71	5	14	172	256	173	7	4	72	19396	1674	1369	89	677	642	33	0	0	0	0	0	-347	-10	7	0
8	1	3	0	108	44	up	2	512	547.534301836958	1298.18545578331	532.956175889074	758.861062954355	510.230309841323	1042.87236521619	498.202291784528	624.424879672302	512	512	264.974701327635	192.229824058981	-593.35892513959	687.651635140699	246	78	5	17	166	276	151	12	7	66	19573	1603	1278	74	653	737	50	0	0	0	0	0	-368	-10	7	0
8	1	3	0	108	44	up	3	512	503.004405137268	891.897650885108	505.659944637113	624.646733318763	546.871662721014	1216.30252595101	533.696532959145	735.784106507467	512	512	270.499000335182	192.087723857306	-593.279574900593	687.467678758514	273	60	1	8	170	269	168	15	3	57	19544	1579	1313	92	640	657	37	0	0	0	0	0	-298	-7	7	0
8	1	3	0	109	45	up	0	512	515.980126556964	922.479920893714	523.415858960882	687.177027062556	498.503925292587	854.860848943835	502.067101019133	617.657636948786	512	512	274.819735101015	201.77713740878	-593.483957406246	687.941459950097	250	64	4	8	186	260	177	7	0	68	20070	1601	1288	81	640	632	32	0	0	0	0	0	-347	-8	7	0
8	1	3	0	109	45	up	1	512	512.630569744774	987.875038390775	517.900599054972	682.906387438513	504.012535756024	900.241336285159	506.841292750089	634.463508571243	512	512	271.27757684158	191.149880396141	-593.486169574513	687.946675300748	249	74	6	10	173	257	176	8	2	69	20121	1591	1234	94	648	676	35	1	0	0	2	0	-419	-7	6	0
8	1	3	0	109	45	up	2	512	499.396534421963	746.474599334651	516.80497302385	631.124137474103	497.35192929477	995.830686556336	492.364718590799	627.503538980271	512	512	263.691978510775	184.540084262086	-593.441745811901	687.843746468276	262	53	4	4	189	257	156	11	3	85	19946	1722	1281	91	669	703	37	0	0	0	0	0	-493	-9	6	0
8	1	3	0	109	45	up	3	512	501.545424799765	960.012945822561	507.722483172926	648.391646778552	485.02066637478	765.693668805518	505.545208085232	626.57124988476	512	512	276.607798992787	193.254005498332	-593.499669825564	687.97834286208	273	68	3	10	158	245	180	5	4	78	20041	1576	1346	77	576	584	44	0	0	0	0	0	-246	-7	8	0
8	1	3	0	110	46	up	0	512	514.578906964151	993.377036041266	510.458485475752	641.414798005464	507.534301836958	938.291886964573	515.95342144005	672.090013332223	512	512	263.639531751418	179.384720053247	-593.422663010746	687.799360495544	247	75	3	10	177	262	170	9	5	66	20545	1654	1254	99	615	567	28	0	0	0	0	0	-460	-11	7	0
8	1	3	0	110	46	up	1	512	537.793688705398	1101.46439692532	530.091971410762	704.239280490254	526.239513425405	1016.89854882945	515.647632195644	660.235674800507	512	512	268.043598445226	187.479246289236	-593.325191345036	687.573807508347	251	63	4	12	182	239	189	10	2	72	20412	1681	1376	83	623	573	33	0	0	0	0	0	-347	-7	7	0
8	1	3	0	110	46	up	2	512	490.662978943834	801.552198518178	509.524413162865	640.890326593388	490.422845656956	872.145099249855	495.23809573558	602.192465733685	512	512	267.153810363576	186.687110417786	-593.321387401426	687.564862435556	268	64	2	6	172	266	161	8	5	72	20444	1674	1345	89	655	586	39	1	0	0	2	0	-388	-8	7	0
8	1	3	0	110	46	up	3	512	485.231382806649	722.772157670013	510.801129273794	634.608071149315	483.561686037277	796.780140008608	504.338212065566	637.895276161545	512	512	270.115625680298	193.960118080756	-593.514236222263	688.012086717547	263	63	3	4	179	253	173	6	1	79	20444	1682	1338	88	571	533	32	0	0	0	0	0	-397	-8	8	0
8	1	3	0	111	47	up	0	512	562.035854646965	1144.71185355344	563.445677025525	781.114763579166	483.744058579465	723.378811271516	502.312909466103	613.924872712525	512	512	286.208470499662	212.464630804482	-593.405936573111	687.761089991763	246	49	3	12	202	254	180	4	5	69	20969	1638	1372	85	567	549	39	0	0	0	0	0	-284	-8	7	0
8	1	3	0	111	47	up	1	512	520.70148610696	962.134019554615	528.391677303133	681.363453956481	496.296201204769	844.913615562297	504.566773956122	618.368655394812	512	512	287.220760194899	200.359008564257	-593.638670879627	688.300431336369	262	58	1	9	182	269	169	7	5	62	21033	1656	1292	83	529	551	28	0	0	0	0	0	-402	-7	7	0
8	1	3	0	111	47	up	2	512	571.690363144153	1234.11362713102	568.216933048106	800.151893949315	491.546497765091	811.914954215433	498.010237173919	618.451419618722	512	512	286.025534336101	214.731751029337	-593.425457760585	687.805916803583	243	52	2	14	201	248	180	6	2	76	21053	1585	1345	81	570	549	46	0	0	0	0	0	-290	-10	9	0
8	1	3	0	111	47	up	3	512	550.336741022584	1230.52869634288	545.500425312505	765.94504280317	484.367117566955	824.529577760475	497.462856330203	615.524674372667	512	512	283.889417746301	211.251424695683	-593.326371282734	687.575807068745	248	67	5	15	177	274	161	7	1	69	21001	1636	1343	84	609	582	56	0	0	0	0	0	-328	-9	8	0
8	1	3	0	112	48	up	0	512	496.469483438838	927.343331456639	497.56880454678	634.199297026905	451.517080910083	702.078579761567	458.141462844775	508.902591160423	512	512	289.204562354347	210.993326770331	-593.524784794296	688.035582303334	248	84	2	9	169	264	150	5	2	91	21382	1713	1390	91	462	528	28	1	0	0	2	0	-365	-9	8	0
8	1	3	0	112	48	up	1	512	543.158433789774	1259.12958354483	519.550241162173	706.58306213631	450.767264194442	756.278121699691	449.020477261537	492.742373130158	512	512	288.468495001719	207.226501653809	-593.381311880181	687.703440707506	237	83	5	16	171	298	126	7	4	77	21245	1794	1465	72	508	471	30	0	0	0	0	0	-318	-10	8	0
8	1	3	0	112	48	up	2	512	515.028683717572	1086.23555749056	492.153882774598	609.463511523508	455.375248185711	785.312283519857	458.47446837282	537.642762866264	512	512	307.951789355132	237.867965042906	-593.323553580479	687.571318546229	284	64	0	13	151	250	147	7	4	104	21345	1658	1466	107	478	561	34	0	0	0	0	0	-227	-8	9	0
8	1	3	0	112	48	up	3	512	469.96290563009	776.213398100078	469.436737985737	538.224812935805	469.463385474771	731.221376306987	481.036626255952	570.588374753185	512	512	285.924146276584	212.437974459196	-593.32587085661	687.575386196052	244	93	5	6	164	265	162	5	3	77	21270	1844	1365	97	500	561	30	0	0	0	0	0	-505	-10	6	0
8	1	3	0	113	49	up	0	512	537.362092568214	993.573493017801	535.716466681686	691.047288320288	557.649823326337	1208.39211516917	551.003477401476	765.980221291224	512	512	302.350563633039	231.055785989048	-593.376343480064	687.69263860327	254	51	1	9	197	248	189	14	2	59	21656	1832	1499	101	455	505	28	0	0	0	0	0	-388	-9	9	0
8	1	3	0	113	49	up	1	512	529.952742356645	1011.1269227653	522.369978908044	665.637229077765	596.757214196961	1491.31495256276	556.387941288687	788.945343144959	512	512	296.457229108731	223.375325375106	-593.424321081043	687.803868509151	267	52	1	10	182	238	190	20	5	59	21894	1769	1341	84	443	510	19	0	0	0	0	0	-471	-9	6	0
8	1	3	0	113	49	up	2	512	542.563718691966	1077.26573227311	532.764470676792	697.531890183549	554.780533087902	1280.8231573216	547.220531149012	785.863948956158	512	512	288.956939453834	210.264431283117	-593.378771749011	687.698580792445	242	61	5	11	193	235	182	16	2	77	21816	1802	1378	92	490	492	47	0	0	0	0	0	-469	-9	9	0
8	1	3	0	113	49	up	3	512	536.785558086643	1130.20275085027	523.582445295105	683.229917169161	528.284118552599	841.653324667117	546.011785150585	706.211863233731	512	512	296.92505162189	220.455689829264	-593.568185548385	688.137856389365	267	59	0	13	173	236	214	5	5	52	21822	1763	1408	95	481	486	28	0	0	0	0	0	-401	-7	8	0
8	1	3	0	114	50	up	0	512	512.246571078835	948.420049222569	507.451352715921	627.408349482309	506.890916302578	1042.61338818403	512.715665229384	688.320508208739	512	512	300.018437017412	231.502102149897	-593.319806087523	687.561106845938	260	65	2	9	176	264	153	12	7	76	22237	1795	1478	90	450	437	24	1	0	0	2	0	-346	-11	10	0
8	1	3	0	114	50	up	1	512	538.062165881958	1135.43556905927	535.475093037373	727.683269786797	471.545424799765	801.285671592857	478.739158388811	563.855112180471	512	512	318.163512694821	254.016152759152	-593.543083656231	688.078147699137	258	63	2	13	176	277	150	7	2	76	22305	1716	1485	94	476	509	23	0	0	0	0	0	-275	-9	8	0
8	1	3	0	114	50	up	2	512	499.089550082277	747.730919718959	524.883990648757	664.597356448808	543.426910966334	1181.90785329444	519.186562193341	689.171140938096	512	512	306.698765265184	231.205888392902	-593.660232473681	688.350374010771	257	56	5	4	190	252	176	14	4	66	22395	1740	1369	96	431	470	36	1	0	0	2	0	-435	-9	8	0
8	1	3	0	114	50	up	3	512	531.152335825707	1123.8435497452	523.684227158414	707.563476772421	496.709616725716	856.723822929647	515.473862690385	678.583145074776	512	512	299.965998580797	226.348155277045	-593.19184202566	687.264764428218	254	69	6	13	170	246	179	7	3	77	22114	1882	1492	112	473	479	38	0	0	0	0	0	-451	-10	7	0
8	1	3	0	115	51	up	0	512	538.388403803207	1172.16195360801	520.071329576408	688.135668456044	483.244538424146	789.579691862776	496.432871273095	600.142978302121	512	512	300.496232391862	226.861894360331	-593.422860561614	687.799567370353	258	67	1	14	172	267	167	6	2	70	22650	1886	1483	93	419	417	22	0	0	0	0	0	-416	-11	7	0
8	1	3	0	115	51	up	1	512	534.943652048527	1100.71184942176	528.826338047971	705.931357753722	493.340806331962	772.943333109313	500.380561506302	606.006421217366	512	512	295.082371298826	217.441673480259	-593.244268787449	687.386303112095	245	70	1	12	184	258	180	5	6	63	22708	1848	1449	107	437	447	28	0	0	0	0	0	-460	-9	6	0
8	1	3	0	115	51	up	2	512	522.208063915708	1036.53889462052	522.382202115863	694.420167552497	521.113828662581	1032.04221852909	515.763485594744	680.425121946443	512	512	314.954584702919	244.60168501934	-593.275653368364	687.458707227208	258	66	4	11	173	264	170	11	4	63	22730	1815	1477	90	418	485	35	0	0	0	0	0	-333	-10	8	0
8	1	3	0	115	51	up	3	512	531.728870307279	1024.29633123772	531.344891194235	704.500252666891	522.064198536647	1111.76816236903	510.502729552234	669.653063532745	512	512	317.056161319347	248.666827139445	-593.306165679851	687.529364678161	241	66	4	10	191	251	167	13	2	79	22619	1805	1597	91	409	428	28	0	0	0	0	0	-241	-10	7	0
8	1	3	0	116	52	up	0	512	493.695388142893	840.149535259636	506.346563791077	618.648993422972	512.313422131643	906.563727185587	514.126769271911	655.930069013283	512	512	308.013234068295	244.079529866176	-593.337300393369	687.601299854989	275	62	0	7	168	271	175	8	5	53	23106	1882	1524	112	409	433	22	0	0	0	0	0	-451	-11	8	0
8	1	3	0	116	52	up	1	512	533.954775011334	1130.32426115943	526.189741997803	702.820265163686	493.234375150701	871.09631553732	501.47719364933	628.617446273751	512	512	314.919192234656	243.965428759744	-593.343981416149	687.617675132709	252	69	4	13	174	282	159	8	2	61	23087	1921	1522	94	409	415	27	0	0	0	0	0	-451	-9	9	0
8	1	3	0	116	52	up	2	512	516.171589407271	989.797430943877	530.545095745184	722.967292402725	505.442099238519	933.908294003234	495.350387502898	608.141413967416	512	512	318.362150716728	255.985827453736	-593.482698065483	687.938890838856	257	66	7	10	172	265	168	9	4	66	23146	1823	1551	104	405	383	19	0	0	0	0	0	-314	-9	8	0
8	1	3	0	116	52	up	3	512	517.860539758207	1027.93623218832	515.971485342404	665.773796401983	508.139180208211	943.335349118044	501.11866507105	616.618361541385	512	512	330.765117302842	265.79412008599	-593.354469598608	687.642054701171	262	67	3	11	169	258	175	9	0	70	23134	1795	1582	113	405	426	25	1	0	0	2	0	-236	-13	9	0
8	1	3	0	117	53	up	0	512	527.073288844766	1075.07458859227	523.076636992297	681.105555426407	524.040879645706	1110.6413305008	499.711382941863	624.492627227363	512	512	335.293347021574	273.684412976883	-593.310289555963	687.539253218092	269	59	5	12	167	262	165	13	1	71	23575	1785	1679	97	317	366	26	0	0	0	0	0	-180	-10	9	0
8	1	3	0	117	53	up	1	512	502.390436457896	968.521154713082	511.356971122988	660.78386949326	505.940546428512	962.940659934726	496.040576810321	596.909081250432	512	512	314.33184669629	247.366839902247	-593.304315594979	687.524898690328	255	78	5	10	164	285	158	10	1	58	23572	1895	1566	103	353	334	24	1	0	0	2	0	-388	-9	7	0
8	1	3	0	117	53	up	2	512	562.237480770716	1220.51273992906	548.602337958979	769.278097846529	522.35192929477	1072.52913705168	501.70612099121	626.604017262023	512	512	321.084260412147	246.792666327892	-593.548033074389	688.090513650123	238	62	2	14	196	261	169	12	1	69	23619	1826	1565	126	352	356	28	0	0	0	0	0	-291	-9	7	0
8	1	3	0	117	53	up	3	512	540.384338493829	1171.90917955252	538.821639335499	756.583417522135	505.624471780707	1008.78190697549	501.590722910762	648.553564053309	512	512	318.69154990099	245.762647077797	-593.459203355685	687.884113542294	260	62	7	14	169	258	161	11	4	78	23611	1884	1535	106	315	359	19	0	0	0	0	0	-415	-10	8	0
8	1	3	0	118	54	up	0	512	540.403592075393	1135.7810214262	540.328691837114	749.46837672476	492.869630066325	906.652855036523	483.615160820153	568.951267502204	512	512	313.051461507139	241.262893288842	-593.391579691499	687.72803476999	263	57	5	13	174	280	154	9	3	66	24113	1932	1493	110	358	372	18	0	0	0	0	0	-519	-9	8	0
8	1	3	0	118	54	up	1	512	533.360059913525	1096.70874380174	537.017329662796	740.721375872315	475.049010264462	780.310957261777	486.542047128297	581.890406859247	512	512	316.272444875376	242.901039183459	-593.320660513786	687.563017872464	245	70	4	12	181	258	165	6	1	82	24014	1958	1549	127	346	323	16	0	0	0	0	0	-482	-10	8	0
8	1	3	0	118	54	up	2	512	537.956807666023	1101.29987343485	543.719559519184	746.29415706662	499.521146219461	892.67725515616	497.793139112879	610.650906097361	512	512	336.479311491158	262.435315331148	-593.452713102983	687.868702366868	253	62	3	12	182	250	171	8	9	74	24201	1848	1511	88	337	331	21	0	0	0	0	0	-374	-9	8	0
8	1	3	0	118	54	up	3	512	531.152335825707	1086.78811821552	529.671702462584	711.480144758073	526.747050923516	1149.54110642788	514.410827814713	686.462673962781	512	512	331.202450782863	269.195118661233	-593.265197876904	687.434391272055	258	63	5	12	174	261	160	14	5	72	23965	1920	1654	109	333	338	25	0	0	0	0	0	-284	-10	11	0
8	1	3	0	119	55	up	0	512	555.201965951641	1157.89809572559	559.139793894611	781.97351364801	468.099600079758	899.153069193394	468.273426865568	572.844999869967	512	512	341.192225941678	277.663623015966	-593.615600261493	688.2468800748	271	42	3	13	183	285	130	10	2	85	24568	1876	1595	121	278	306	22	0	0	0	0	0	-288	-11	9	0
8	1	3	0	119	55	up	1	512	580.788663706658	1217.59035150764	591.942357434721	882.213536364725	455.201965951642	739.991214745825	465.346972675405	536.615084359853	512	512	327.992187003699	260.695015661173	-593.455361363769	687.875287161114	231	48	5	13	215	275	145	6	0	86	24494	1980	1594	92	285	287	12	0	0	0	0	0	-423	-10	6	0
8	1	3	0	119	55	up	2	512	582.716674379146	1428.51140127592	583.371420333177	895.419182360924	452.054035263202	658.801413849804	470.502866550067	536.693982752083	512	512	334.779632308042	267.151199490492	-593.281390047515	687.472075579733	243	61	8	19	181	282	148	4	3	75	24475	1980	1606	99	285	299	15	0	0	0	0	0	-393	-9	7	0
8	1	3	0	119	55	up	3	512	536.872735686341	994.093671284529	553.667328301842	750.486871378262	459.367117566955	710.775695735456	469.71791240755	533.599626199306	512	512	326.24565735821	253.071651659197	-593.485070257962	687.944607941436	252	53	0	9	198	274	152	5	2	79	24493	1973	1582	112	301	266	14	0	0	0	0	0	-436	-8	11	0
8	1	3	0	120	56	up	0	512	577.928463776341	1319.57393785828	566.513168428059	822.332293428552	433.579866653514	702.435111823736	442.695614492765	492.089545912001	512	512	347.725309185264	282.818312330458	-593.311023983888	687.541032660619	236	60	1	16	199	273	127	6	5	101	24852	2016	1694	110	256	296	18	0	0	0	0	0	-387	-11	8	0
8	1	3	0	120	56	up	1	512	601.920333157586	1499.09499754261	578.724056717602	865.274285261759	466.55558807321	764.742440122997	471.380255086111	561.929860136036	512	512	328.961185561683	257.403967550571	-593.536116019308	688.062386687072	244	53	1	20	194	258	157	6	4	87	24980	2043	1541	108	256	287	16	0	0	0	0	0	-554	-12	9	0
8	1	3	0	120	56	up	2	512	527.341766021325	1109.04576072622	527.567128679478	706.499705894133	465.729829996642	757.161504635843	464.131521818318	524.356326619117	512	512	338.942815261583	273.638679061103	-593.452462476089	687.868186128819	276	59	3	13	161	275	152	6	1	78	24911	2038	1605	118	278	257	14	0	0	0	0	0	-474	-12	10	0
8	1	3	0	120	56	up	3	512	523.033821992276	932.95353551864	551.994661394074	760.662683677167	480.729829996642	929.163720574891	466.159251239262	554.042168319527	512	512	330.597768907775	262.87237846964	-593.49425344289	687.965878690561	253	57	4	8	190	263	146	10	4	89	24991	2012	1562	107	253	282	14	1	0	0	2	0	-562	-14	6	0
8	1	3	0	121	57	up	0	512	579.799786669465	1247.20276324532	590.367493687446	858.891817598125	479.021626064143	853.068822192723	475.272017768889	557.945981057241	512	512	343.614529412635	283.75505971639	-593.137357720766	687.138052018955	238	47	8	14	205	267	153	8	4	80	25249	2074	1744	117	242	226	12	0	0	0	0	0	-370	-10	7	0
8	1	3	0	121	57	up	1	512	582.495794673831	1388.86528082193	569.797269179006	827.232933862776	524.654848325078	1145.15751346655	506.149810426402	660.719709384348	512	512	337.134191619518	272.074297673688	-593.41217358889	687.775126599096	252	52	7	18	183	264	158	14	4	72	25451	2041	1578	114	219	245	16	0	0	0	0	0	-497	-11	11	0
8	1	3	0	121	57	up	2	512	589.924398466963	1372.2391244778	593.547908909337	897.438987801509	490.768337159768	909.798757201958	480.739669416075	574.252278417195	512	512	342.167032330866	279.522641755593	-593.591995482053	688.192491178536	238	52	6	17	199	265	158	9	3	77	25503	2042	1534	105	221	248	14	0	0	0	0	0	-531	-11	8	0
8	1	3	0	121	57	up	3	512	587.832195868525	1330.82670778209	579.521643738105	822.465449852502	482.783525431954	857.608511465454	472.869114128225	550.514974848584	512	512	349.728582097665	289.864400321204	-593.652328508215	688.331882798429	249	45	0	16	202	274	155	8	1	74	25440	1977	1648	119	215	236	17	0	0	0	0	0	-383	-11	9	0
8	1	3	0	122	58	up	0	512	603.898087231971	1328.62405609227	601.794012658493	896.108091539553	445.556547762573	754.226240630511	442.274720321505	481.392290855045	512	512	356.120263423974	295.98808481271	-593.444842561581	687.850185133956	230	40	4	15	223	284	128	7	3	90	25905	2006	1668	117	216	219	12	0	0	0	0	0	-417	-12	11	0
8	1	3	0	122	58	up	1	512	599.589070237596	1358.93137199648	591.698977854046	862.488123119959	479.146237861641	925.187222750191	460.01588990741	527.230595282695	512	512	348.266341419551	289.140100772746	-593.529064292009	688.046415308742	228	49	2	16	217	267	144	10	3	88	25887	2038	1656	115	216	194	13	0	0	0	0	0	-454	-12	7	0
8	1	3	0	122	58	up	2	512	607.84235914197	1370.95531901226	608.176198620161	906.523805917143	433.627464124759	659.704731974017	437.3469426982	466.419531813395	512	512	340.571385848832	276.426986570309	-593.415987102314	687.783610417412	230	41	4	16	221	293	127	5	1	86	25897	2057	1628	114	222	180	8	1	0	0	2	0	-466	-10	8	0
8	1	3	0	122	58	up	3	512	561.421885967593	1147.22449432206	571.422682609602	802.907274929357	458.513015600705	746.825805706072	463.137199020572	544.635449424587	512	512	359.823804578973	303.309650081257	-593.461681241637	687.889759757082	236	55	5	12	204	266	147	6	6	87	25813	2079	1723	81	180	206	18	0	0	0	0	0	-366	-12	9	0
8	1	3	0	123	59	up	0	512	589.43504158509	1372.75930274452	590.562631648922	897.134949527498	454.894981611955	778.302966659812	452.421656312228	523.500793536857	512	512	341.951366950825	278.863092604945	-593.5706161742	688.142749643636	236	54	5	17	200	266	142	7	2	95	26373	2099	1613	123	156	161	9	0	0	0	0	0	-547	-11	7	0
8	1	3	0	123	59	up	1	512	565.750156543531	1266.11939353056	566.102017729331	805.27800748497	448.599120235077	764.198306577115	458.169996650243	555.11367046783	512	512	348.845261418109	293.341972105233	-593.398318556887	687.74334556593	229	69	2	15	197	272	134	7	4	95	26220	2141	1731	116	154	161	11	0	0	0	0	0	-475	-10	12	0
8	1	3	0	123	59	up	2	512	616.278020588532	1569.04578138465	601.817052992535	928.481452585775	435.422845656956	599.690550790448	439.710802605511	460.481828257785	512	512	370.721090004162	318.009220346355	-593.519778155777	688.024795787612	217	62	5	21	207	274	145	3	1	89	26275	2033	1803	97	170	170	4	0	0	0	0	0	-296	-11	8	0
8	1	3	0	123	59	up	3	512	596.248603733524	1453.85242589644	585.027834257975	868.733759407673	457.322512439762	774.801409718119	455.222996964173	522.796049689785	512	512	340.984600253441	275.764869641485	-593.29143247815	687.495278831602	241	54	4	19	194	281	137	7	4	83	26187	2173	1725	123	180	151	13	1	0	0	2	0	-483	-10	9	0
8	1	3	0	124	60	up	0	512	576.565751346655	1244.02405030791	581.02322164874	836.349617043972	442.380273184451	790.831563842248	445.005390992947	521.654774667518	512	512	367.392726143945	315.122343115641	-593.445297931864	687.851554814521	235	52	6	14	205	266	125	8	7	106	26734	2122	1740	124	135	143	8	0	0	0	0	0	-420	-9	9	0
8	1	3	0	124	60	up	1	512	614.915308158845	1456.46707009991	601.102867087572	904.468391307288	468.877760685081	838.324697736548	459.818118967277	535.26428857711	512	512	339.316455522356	272.897436243809	-593.188909070337	687.257594027505	224	47	5	18	218	264	148	8	2	90	26679	2245	1687	109	117	141	4	0	0	0	0	0	-651	-11	10	0
8	1	3	0	124	60	up	2	512	580.913275504156	1252.65332053543	583.216440369809	836.675783724444	463.532269182269	829.808510639117	454.015268405208	520.99623402095	512	512	356.6235136611	291.469903545076	-593.370047092476	687.677119881685	235	50	3	14	210	261	144	8	4	95	26747	2173	1687	113	138	173	9	0	0	0	0	0	-542	-10	6	0
8	1	3	0	124	60	up	3	512	573.667044253212	1344.15308985182	571.28377214016	846.873285505683	451.219186878516	732.86083654878	454.60901732371	516.766452971103	512	512	358.372459768447	299.377967276031	-593.63818906127	688.298809356849	242	62	4	17	187	273	141	6	3	89	26844	2056	1709	111	140	127	5	0	0	0	0	0	-394	-10	10	0
8	1	3	0	125	61	up	0	512	642.679240181345	1574.87372452775	622.482655489725	956.146935564735	416.880753029133	557.974796964782	420.454559677601	417.043818789508	512	512	362.917409831458	308.238588509417	-593.307417417264	687.533241035265	228	34	0	20	230	295	122	3	4	88	27262	2134	1700	136	98	88	8	1	0	0	2	0	-446	-11	7	0
8	1	3	0	125	61	up	1	512	581.297274170095	1255.07948596927	589.451962658846	862.111203907117	429.607250853833	629.67724689279	439.706024032011	488.583204300589	512	512	369.335740784891	317.625936431178	-593.495425302438	687.967945516445	232	52	2	14	212	264	139	4	2	103	27194	2181	1739	118	81	129	7	0	0	0	0	0	-489	-10	8	0
8	1	3	0	125	61	up	2	512	606.882898959785	1298.78547809441	612.952195058217	924.4651945857	408.425838001008	581.34286595773	415.510189331952	418.203986893785	512	512	371.588130053366	316.496303657196	-593.185058172599	687.249141271356	229	35	3	14	231	293	113	4	2	100	27033	2180	1907	112	95	107	2	0	0	0	0	0	-342	-9	8	0
8	1	3	0	125	61	up	3	512	632.1412128629	1549.22005831228	616.229283014913	938.838912935077	424.049969953824	648.09630727395	425.382055368139	450.851372804255	512	512	363.29817510048	308.394606733692	-593.612435250409	688.239571731765	243	31	3	20	215	280	123	5	4	100	27173	2172	1775	112	95	87	5	0	0	0	0	0	-458	-11	11	0
8	1	3	0	126	62	up	0	512	582.93755408446	1356.96461934556	580.551975744472	855.184370806944	449.961832664764	765.584115477502	460.0600956512	552.744131214991	512	512	366.760085787431	313.460826584217	-593.561467768651	688.121694414719	242	53	10	17	190	273	134	7	5	93	27721	2202	1714	107	53	75	5	0	0	0	0	0	-567	-9	6	0
8	1	3	0	126	62	up	1	512	599.3772808404	1459.97748253442	589.74706648884	882.526182666641	423.071256190077	537.943761423056	432.054852655168	437.88223197521	512	512	367.525034627783	312.741604159666	-593.488317156018	687.951636973955	239	53	4	19	197	284	136	2	3	87	27617	2208	1803	116	59	74	5	0	0	0	0	0	-474	-12	9	0
8	1	3	0	126	62	up	2	512	589.541472766351	1163.4666335228	604.533897016929	882.106243823185	452.850376484762	768.217817583118	450.235256627721	514.185031079237	512	512	369.313590134669	313.769837929642	-593.553018015207	688.101877742414	228	37	2	11	234	281	135	7	2	87	27606	2216	1775	147	82	73	8	0	0	0	0	0	-451	-11	9	0
8	1	3	0	126	62	up	3	512	602.132122554782	1435.07771073902	599.808119245465	927.204413855754	452.361019602888	768.711388054531	444.983649363907	491.943691228191	512	512	381.529710639801	336.293055291088	-593.473975881734	687.918302201727	225	56	4	18	209	275	135	7	5	90	27642	2185	1828	89	81	72	5	0	0	0	0	0	-367	-9	8	0
8	1	3	0	127	63	up	0	512	609.762352471665	1383.05953838616	624.113014515057	962.353637097088	431.506917636639	661.923360736086	436.428353994766	477.369745713463	512	512	395.373171712031	358.889926209088	-593.266224718641	687.437481788909	211	52	3	16	230	279	130	5	2	96	28119	2103	1922	112	31	40	4	1	0	0	2	0	-195	-12	7	0
8	1	3	0	127	63	up	1	512	638.744058579465	1599.09722174503	629.909444463098	978.770799585667	465.710576415079	793.289662762154	460.810904695328	534.388076511316	512	512	369.1508631291	319.261633115667	-593.593686175182	688.19578936516	234	35	5	21	217	272	147	7	3	83	28123	2269	1751	113	38	29	2	0	0	0	0	0	-575	-11	9	0
8	1	3	0	127	63	up	2	512	629.080459774158	1480.16951176455	639.001486206237	1000.21812317343	437.620406471329	712.320702435566	438.775676286556	489.754899579084	512	512	391.896341150218	349.196997997328	-593.380107033826	687.700660727105	223	37	6	18	228	268	133	6	3	102	28093	2168	1882	113	33	39	1	0	0	0	0	0	-308	-10	11	0
8	1	3	0	127	63	up	3	512	564.655921290404	1187.51185437978	580.264275759875	825.913434606171	469.47247578289	760.747312709892	466.110008261095	532.743198776046	512	512	370.824481744573	320.08340925637	-593.608865566863	688.231217018445	243	54	0	13	202	279	152	6	3	72	28112	2254	1755	135	38	26	2	0	0	0	0	0	-585	-12	8	0
# final_twist	63
# forced_steps	0
# sweeps_total	295392
# completion	PASS
