claim_id	status	scope	canon_section	evidence	falsifier
SO3-FINITE-ANISOTROPY-MAXIMUM	T	at L1 for every finite subgroup G <= SO(3), with a(G)=min{ell>=1:H_ell(R^3)^G != 0}, the complete finite-rotation classification gives a(C_n)=1 for n>=1, a(D_n)=2 for n>=2, a(A_4)=3, a(S_4)=4 and a(A_5)=6, hence a(G)<=6 with equality iff G is conjugate to the rotational icosahedral group A_5; in the winning 3D A_5 representation the two order-five rotation classes have traces phi and 1-phi, whose difference sqrt5 generates character field Q(sqrt5); finite-rotation representation theory only, with no selection of J, the physical prime p=5, a boost or rapidity, Lorentz density, decoder, measure, dynamics or L2-L6 lift	10. Relativity as counting	probes/P-SO3-FINITE-ANISOTROPY-DEPTH-1	fires if some finite G <= SO(3) has a(G)>6, if some finite G not conjugate to A_5 has a(G)=6, if A_5 has a nonzero invariant harmonic in degree 1 through 5, if H_6(R^3)^A5=0, or if the two order-five traces fail to generate Q(sqrt5); any physical selection, boost-density or higher-layer reading is outside scope; an integrity mismatch without exact mathematical negation is STOP
J-RAPIDITY-GALOIS-EQUIVARIANT-PRIME-SHELL	T	at L1 for F = Q(sqrt5), O_F = Z[phi], every split rational prime p and every root t of x^2-x-1 mod p: the phi-fixed line E_t = F_p(1,t) is cross-labelled by the other prime ideal p_(1-t)/pO_F; the two-point shell carrying line, prime ideal, oriented rapidity and odd coordinate 2t-1 is equivariant under branch exchange without choosing an orientation; its odd coefficient space is the one-dimensional line F_p(2t-1) with square 5; the integral two-point permutation module is a nonsplit extension of the trivial lattice by the sign lattice with sum/difference index 2; inside the frozen rational span of the two oriented resolvents, independent relabelling and scalar augmentation uniquely force the normalized Reynolds factor (1/2)((1-uT)^-1+(1-u^-1T)^-1); the resulting squarefree group-ring lift tilde_mu is star invariant, independently relabelling invariant, has augmentation mu and coefficient l1 norm |mu|, while the augmentation and constant-term readings of its partial sums are M(N) and the sum of mu(n) over n with no split prime divisor; no global orientation, probability, Haar, Hecke or automorphic character, summatory estimate, RH statement, physical reading or L2-L6 lift	10. Relativity as counting	probes/P-J-RAPIDITY-GALOIS-EQUIVARIANT-PRIME-SHELL-1	fires if an exact counterexample breaks the cross-label, rank-one odd space, nonsplit index-two lattice, frozen-class Reynolds uniqueness, local product, global support, star or relabelling invariance, augmentation, coefficient norm, or either partial-sum functional; a different correction class, analytic estimate, physical reading or higher-layer construction is outside scope; an integrity mismatch without exact mathematical negation is STOP
J-IDEAL-COUNT-QUADRATIC-CHARACTER	T	at L1 for F = Q(sqrt5), O_F = Z[phi] and A = [[0,1],[1,1]], if e_p is the number of fixed points of [A] on P^1(F_p) and chi_A(p) = e_p-1 with complete multiplicative extension, then chi_A = chi_5; the number a_F(n) of nonzero integral ideals of norm n is exactly (1*chi_5)(n); modulo sign and O_F^x = {+-phi^k}, every nonzero principal ideal has exactly one generator a+b phi in the half-open domain 1 <= |sigma_+(x)|/|sigma_-(x)| < phi^2 with a>0, characterized by b(2a+b)>=0 and a(2b-a)<0, and the sharp complete coefficient bound is |a|,|b| <= sqrt(|N(x)|), hence B(n)=isqrt(n); the fixed line E_t is cross-labelled by the ideal p_(1-t); no rapidity orientation, analytic estimate, physical reading, zeta-zero statement or L2-L6 lift	10. Relativity as counting	probes/P-J-IDEAL-RATIONAL-MOBIUS-DESCENT-1	fires if the projective fixed-point deficit differs from chi_5, the ideal count differs from 1*chi_5, the canonical associate domain misses or duplicates a principal ideal, the sharp isqrt bound fails, or the root-to-ideal cross-label is false; rapidity, cancellation, physics and higher layers are outside scope; an integrity mismatch without exact mathematical negation is STOP
J-IDEAL-RATIONAL-MOBIUS-DESCENT	T	at L1 for F = Q(sqrt5), with b(n) = sum_(N(a)=n) mu_F(a), the prime-local factors are (1-T)^2 at split primes, 1-T^2 at inert primes and 1-T at p=5; coefficient by coefficient for every n>=1, mu = b*chi_5 = b*chi_A, where chi_A is the projective fixed-point character of multiplication by phi; the identity is proved prime locally and by exact ideal valuations before scalarization, without using rational mu, zeta or an L-function as construction input; choosing one of the two split ideals or retaining its rapidity lies outside this scalar descent; no cancellation, RH, physical reading or L2-L6 lift	10. Relativity as counting	probes/P-J-IDEAL-RATIONAL-MOBIUS-DESCENT-1	fires if an exact prime-local factor, ideal valuation, Dirichlet convolution coefficient or equality mu=b*chi_5 fails; substituting a rapidity-refined lift or an analytic estimate is outside scope; an integrity mismatch without exact mathematical negation is STOP
J-MERTENS-IDEAL-TWOSUM	T	at L1, with S_5(m)=sum_(d<=m) chi_5(d), one has S_5(m)=1 for m=1 mod 5, -1 for m=3 mod 5 and 0 for m=0,2,4 mod 5, and for every N>=1 the exact identities M(N)=sum_(a<=N)b(a)S_5(floor(N/a)) and M(N)=sum_(a<=N, floor(N/a)=1 mod 5)b(a)-sum_(a<=N, floor(N/a)=3 mod 5)b(a); these are algebraic incidence identities from J-IDEAL-RATIONAL-MOBIUS-DESCENT, not an estimate, convergence theorem, L-function factorization, zero-location statement or RH result, and they add no physical reading or L2-L6 lift	10. Relativity as counting	probes/P-J-IDEAL-RATIONAL-MOBIUS-DESCENT-1	fires if the exact residue law for S_5 or either all-N two-sum identity fails; an asymptotic bound, zero statement, physical reading or higher-layer construction is outside scope; an integrity mismatch without exact mathematical negation is STOP
J-IDEAL-RAPIDITY-CHARACTER-LIFT	T	at L1 and formal Euler-factor algebra, choose one prime ideal above each split rational prime and write X_p and X_p^-1 for the two independent rapidity directions; the ideal-Mobius rapidity pushforward bold_b followed by convolution with chi_5 at zero gives the integral group-ring function bold_mu = bold_b*(chi_5[0]); its local factor is ((1-X_p T)(1-X_p^-1 T))/(1-T) at a split prime and 1-T at an inert prime or p=5, so bold_mu(p)=1-X_p-X_p^-1 and bold_mu(p^k)=2-X_p-X_p^-1 for every split k>=2; augmentation sends every local factor to 1-T and therefore aug(bold_mu(n))=mu(n) for every n; the primary construction retains actual prime-ideal valuations before scalarization and preserves the root-to-ideal cross-label; this integral lift is distinct from the rational squarefree Reynolds lift and supplies no summatory estimate, RH statement, physical reading or L2-L6 lift	10. Relativity as counting	probes/P-J-IDEAL-RAPIDITY-CHARACTER-LIFT-1	fires if any split, inert or ramified local coefficient, the ideal-first construction, cross-label, star symmetry or all-n augmentation identity fails, or if the integral lift is identified with or substituted for the normalized Reynolds lift; analytic estimates, physics and higher layers are outside scope; an integrity mismatch without exact mathematical negation is STOP
J-RAPIDITY-TERNARY-SHELL-CENSUS	T	at L1, if squarefree n has a split prime divisors and b inert or ramified prime divisors, then bold_mu(n)=(-1)^b product_(p split, p|n)(1-X_p-X_p^-1); rapidity independence makes all exponent words in {-1,0,1}^a distinct, so support size, coefficient l1 norm and squared coefficient l2 norm are all exactly 3^a, every coefficient is +-1, and augmentation is (-1)^(a+b)=mu(n); at a split prime every exponent k>=2 leaves the nonzero refined residue 2-X_p-X_p^-1 of support 3, l1 norm 4 and squared l2 norm 6 but augmentation zero, while an inert or ramified square kills its local factor; the 3^a theorem is squarefree-only and makes no probability, cancellation, RH, physical or L2-L6 claim	10. Relativity as counting	probes/P-J-IDEAL-RAPIDITY-CHARACTER-LIFT-1	fires if a squarefree shell has a monomial collision, coefficient other than +-1, wrong support or norm, wrong augmentation, or if the stated split-prime-power residue vanishes or has nonzero augmentation; analytic, probabilistic, physical and higher-layer readings are outside scope; an integrity mismatch without exact mathematical negation is STOP
J-ZERO-RAPIDITY-ORIENTATION-FACTORIZATION	T	at formal Euler-factor scope for Re(s)>1, if c_0(n) is the coefficient of the identity rapidity monomial in bold_mu(n), then its local series is (1+T^2)/(1-T) at split primes and 1-T at inert primes and p=5, and C_0(s)=sum c_0(n)n^-s = L(s,chi_5)L(2s,chi_5)/zeta(4s) times (1-5^-s)/(1-5^-4s); the orientation-independent scalar split-prime product O_5(s)=product_(chi_5(p)=1)((1-p^-s)^2/(1+p^-2s)) satisfies 1/zeta(s)=C_0(s)O_5(s), equivalently O_5(s)=zeta(4s)/(zeta(s)L(s,chi_5)L(2s,chi_5)) times (1-5^-4s)/(1-5^-s); O_5 is neither a rapidity character nor a twist and the ramified correction is an infinite one-prime Euler series; no continuation, zero location, cancellation, RH, physical or L2-L6 claim	10. Relativity as counting	probes/P-J-IDEAL-RAPIDITY-CHARACTER-LIFT-1	fires if a neutral local coefficient, either Euler product, the ramified correction, or the prime-local or coefficientwise identity C_0 O_5=1/zeta fails in the domain of absolute convergence; continuation, zero statements, physics and higher layers are outside scope; an integrity mismatch without exact mathematical negation is STOP
J-RAPIDITY-TERM-WISE-TRIANGLE-NOGO	T	for the integral rapidity lift at exact arithmetic scope, |aug(f)|<=||f||_1 for every Laurent polynomial and therefore T(N)=sum_(n<=N)||bold_mu(n)||_1 >= sum_(n<=N)|mu(n)| > N/4 for every N>=1 by the elementary squarefree union bound; consequently the direct coefficient-l1 termwise triangle upper bound displayed for this lift is not o(N); this is a narrow attack-route no-go and says nothing against l2 cancellation, a uniform growing mode, a non-diagonal kernel, another norm, an RH-strength transfer, physics or L2-L6	10. Relativity as counting	probes/P-J-IDEAL-RAPIDITY-CHARACTER-LIFT-1	fires if the augmentation inequality, the exact lower bound by the squarefree count, or T(N)>N/4 fails; an estimate using another norm, growing modes, mode mixing or a different carrier is outside scope; an integrity mismatch without exact mathematical negation is STOP
TRIVIAL-RAPIDITY-EVALUATION-BRIDGE	O	the number-theoretic evaluation obligation, with action layer NOT_APPLICABLE, to derive controlled summatory cancellation at the distinguished augmentation X_p->1 directly from nontrivial information on the full integral rapidity shell; RH-strength closure requires for every epsilon>0 an estimate |sum_(n<=N) aug(bold_mu(n))| = O_epsilon(N^(1/2+epsilon)) without assuming an equivalent Mertens estimate, a zeta-zero statement or the target bound; at least a uniform growing-mode diagonal route h=h(N) with explicit approximation and transfer error and a non-diagonal mixing or kernel route with controlled operator norm and reconstruction error remain admissible, while bounds for each fixed nonzero integer mode do not alone close the row; a weaker explicitly stated cancellation rate is partial progress only; no Hecke, automorphic, Haar, probability, physical or L1-L6 lift is asserted	18. The frontier	inline	STOP until a non-circular transfer mechanism, its complete domain, approximation or kernel, uniform norm and reconstruction errors are frozen; closes positively at RH strength only by deriving the displayed all-epsilon estimate from the refined shell, and closes negatively only after a frozen complete admissible transfer class containing both route families is proved empty or incapable of any such transfer; failure of one candidate or every fixed-mode estimate is STOP, not negative closure
J-RESIDUE-PERIOD	T	at L1 for O_5 = Z[zeta_5] and every rational integer m >= 2, in R_m = O_5/(m) with J = 1 + zeta_5^2 and phi = -(zeta_5^2 + zeta_5^3): ord_m(zeta_5) = 5 and ord_m(J) = lcm(5, ord_m(phi)), where ord_m(phi) is the Pisano period of m; det M_J = 1 makes x -> Jx a permutation of the m^4 elements of R_m, so the period of that permutation factors into an invariant part 5 carried by the torsion and a part belonging to the modulus; the word rational is load-bearing and the statement is false at a single prime ideal above a split prime, which J-RESIDUE-COLLAPSE-FIVE owns; the inert case p = 2 with order 15 is already owned by J-BINARY-NORM-INDEX and is cited here, not restated; no archimedean statement, no unit-group structure beyond what J-HARMONIC-SEAM already owns, no automaton interpretation, no Hamiltonian spectrum, no energy quantum, no decoder, apparatus, event, measure or L2-L6 lift	1. The axiom and the two projections	probes/P-J-RESIDUE-PERIOD-1	fires if some rational integer m >= 2 has ord_m(zeta_5) different from 5, or ord_m(J) different from lcm(5, ord_m(phi)); a non-rational modulus, an ideal, or a physical reading is outside scope; a pinned-bundle, transcript or architecture mismatch without an exact mathematical negation is integrity STOP, not a scientific falsifier
J-RESIDUE-COLLAPSE-FIVE	T	at L1 in any quotient of Z[zeta_5] in which zeta_5 has order exactly 5, with L = lcm(5, ord(phi)) and k = ord(J), the quotient L/k divides 5, so k is L or L/5 and nothing else; the value 5 is attained, the smallest witness being the prime ideal above 11 carrying zeta_5 -> 3 in F_11, where ord(phi) = 10 and ord(J) = 2 against L = 10; consequently J-RESIDUE-PERIOD does not extend to one chosen prime above a split prime, and the cost of that choice is exactly the factor five and nothing else; the choice named here is the choice of one prime ideal above p and is not a claim about SPLIT-PRIME-RAPIDITY-INDEPENDENCE, REDUCED-SPLIT-GENERATOR-HEIGHT, any residual orientation bit, or any selector; no physical reading of the collapse factor, no decoder, measure or L2-L6 lift	1. The axiom and the two projections	probes/P-J-RESIDUE-PERIOD-1	fires if some quotient with zeta_5 of order exactly 5 has L/k neither 1 nor 5, if k does not divide L, or if the p = 11 witness is miscomputed; reading the factor as physics or as a selector is outside scope; a pinned-bundle, transcript or architecture mismatch without an exact mathematical negation is integrity STOP, not a scientific falsifier
J-SIGNED-TRACE-MAHLER-RIGIDITY	T	for every monic integer quartic f(X)=X^4-3X^3+bX^2+cX+1 with b,c even, no unit-circle root and exactly two roots outside and two inside counted with multiplicity, M(f)>=phi^2, with equality iff f=Phi_5(X-1)=X^4-3X^3+4X^2-2X+1; the universal statement is proved by the exact sign and exterior-resolvent argument and audited on the complete at-or-below-threshold coefficient surface; J-MAHLER-MEASURE retains ownership of the target polynomial, its exact two-outside/two-inside split and M(f_J)=phi^2, while this row owns only the global lower bound and unique equality case in the displayed signed-trace class; characteristic-polynomial classification only, with no integral conjugacy, ideal-class, marked-lift, basis, selector, decoder, generation, sampling, physical or L2-L6 claim	1. The axiom and the two projections	probes/P-J-SIGNED-TRACE-MAHLER-RIGIDITY-1	an admissible polynomial in the displayed signed-trace class with M(f)<phi^2, an admissible polynomial in that class distinct from f_J with M(f)=phi^2, or f_J itself not admissible or not of exact Mahler measure phi^2; a polynomial outside the displayed class or absence of a physical selector is outside scope; proof, evidence or integrity mismatch without one of those exact mathematical negations is STOP
QDD-RECORD-SATURATION-DESCENT	T	at L4 in the frozen supported projective branch class, passive re-reading or re-conditioning on one immutable event is idempotent set restriction and applies no new branch map, while a fresh pointer and record cell applies T again and append-only histories retain the free monoid words HIGH^n; the quotient saturating every positive repetition count to one HIGH symbol carries the projective branch action iff class(T)^2=class(T), equivalently class(T)=class(Q); the exact branch R-C has projective period two and R+(3/5)C+(4/5)J has infinite projective order while both fresh repetitions write only HIGH; no physical saturation law, L5 stream, L6 measure or exhaustive apparatus conclusion	2. Time, space, and the decoder	probes/P-QDD-RECORD-MONOID-DESCENT-2	fires if passive readback is not idempotent, fresh repetition does not form the stated free count action, saturation descent differs from projective idempotence or the Q sign class, or either period-two or infinite-order witness fails; adopting the quotient as physical law is outside scope; integrity mismatch without exact negation is STOP
QDD-COMMUTATOR-READOUT-EQUALITY-FORK	T	at L4 on W=QV with A=QD_JQ|W, T=OQ and Xi_T=OA-AO, det(A)=-1/4, tr(A)=-3/4 and the rational H-orthogonal centralizer of A is {+I_W,-I_W}; the complete LOW/HIGH event quotient is blind to every ordered within-branch commutator because both nonzero outputs remain HIGH, whereas the quadratic projective record q(v)=vv^T with exact matrix equality satisfies q(OAv)=q(AOv) for every v iff Xi_T=0 iff O=+/-I_W, with the OA=-AO case excluded by trace; decoder completeness relative only to event equality is insufficient, and the positive statement is conditional on retaining the full quadratic field and equality on the common source; no decoder completion, adopted bridge, event stream or measure	2. Time, space, and the decoder	probes/P-QDD-COMMUTATOR-READOUT-FORK-2	fires if any determinant, trace or centralizer statement fails, if event equality distinguishes one frozen within-branch commutator, if quadratic equality misses a nonzero commutator or rejects Xi_T=0, or if the negative-sign exclusion fails; a larger decoder or physical adoption is outside scope; integrity mismatch without exact negation is STOP
QDD-PURE-RECORD-COMMUTATOR-FAITHFULNESS	T	at exact L1 record algebra and L4 support scope, for nonzero v in Q^4 the global helper yields R_pure(v)=(m(v),rho(v)) with m=v^TGv and rho=vv^TG/m, where rho is the unique G-self-adjoint rank-one idempotent with image Qv, the fibres are exactly v~-v and vv^T=m rho G^-1; a nonzero within-branch commutator can be invisible to the scalar m channel, but equality of full pure records on OAv and AOv for every v is equivalent to Xi_T=0; the current balanced carrier has 313 pure-record fibres while rational projective support is infinite, so its finite D_QDD_direct domain cannot be the complete ordered-composition bridge; global formulas exist but decoder ownership, totality and the named layer gate remain absent	2. Time, space, and the decoder	probes/P-QDD-AFFINE-PURE-RECORD-BRIDGE-1	fires if the global record identity, uniqueness, sign fibres or reconstruction fails, if the scalar blindness witness is not orthogonal/commutator-nonzero/scalar-blind, if full-record equality misses a nonzero commutator, or if the finite/infinite domain boundary fails; adopting a decoder bridge or closing O2 is outside scope; integrity mismatch without exact negation is STOP
QDD-PURE-RECORD-TYPED-BRIDGE-BOUNDARY	T	at the frozen L1/L4/MULTI type boundary, b_alg:(Q^4-{0})/{+/-1}->MatterData_QDD given by total_weight and density is total, injective, has sign fibres and reads the rational HIGH-support commutator; the finite D_QDD_direct domain is too small; two explicit disjoint static encodings into the pointed-orbit set K decode the same records and are not identified by current equality, so the signature does not select one; no faithful injective bridge can intertwine the order-five projective motor with a nonnegative U-tail lag because tail shift is free and one five-cycle forces every lag to zero and then a forbidden fixed projective point; a direct read-only port with feeds_U=false remains mathematically possible but no source ownership, equality or L4-to-L1 gate is adopted	2. Time, space, and the decoder	probes/P-QDD-PURE-RECORD-TYPED-BRIDGE-1	fires if b_alg is not total/injective or fails the record formulas, if the finite/infinite boundary or either disjoint static encoding fails, if current equality identifies them, or if an injective nonnegative-lag U-congruent bridge exists in the frozen class; a changed architecture or adopted direct port is outside scope; integrity mismatch without exact negation is STOP
QDD-PURE-RECORD-PORT-UNIQUENESS	T	at the frozen direct L4-to-L1 read-only port class, the ordered-composition source generated by OAv and AOv is exactly (W-{0})/{+/-1}; requiring total weight v^TGv and rho to be G-self-adjoint, idempotent, rank one, trace one and have image Qv forces the singleton b_W([v])=(v^TGv,vv^TG/(v^TGv)), with sign fibres and no free parameter; it agrees with the existing finite QDD total_weight/density record on all 84 overlap vectors, exactly 42 sign classes, reads every nonzero within-branch commutator, and requires no source-to-K encoding or U feed; public physical ownership and the named gate remain absent	2. Time, space, and the decoder	probes/P-QDD-PURE-RECORD-PORT-CANONICAL-1	fires if the ordered source is smaller or larger than the full rational support sign quotient, if another port satisfies the frozen conditions, if sign fibres or reconstruction fail, if the 84-vector/42-class overlap or exact record agreement differs, or if a nonzero commutator is undetected; physical adoption or decoder completion is outside scope; integrity mismatch without exact negation is STOP
QDD-COMMUTATOR-SATURATION-SELECTION	T	at L4 for target-independent complementary G-orthogonal P,Q, the complete named rational pure repeatable branch class A_rep(Q)={T:T^sharpT=Q,QT=TQ=T} is exactly {OQ:O in O(W,G|W)(Q)}; with the canonical pure record, COMM-SAT(T), equality of the OAv and AOv records for every nonzero v, is equivalent to Xi_T=0, T=+Q or -Q, and class(T)^2=class(T), one registered sign class; only after the class is frozen does Q=E_high identify the Lueder HIGH class; functional terminality, read-only output and completion-contract conformance do not imply COMM-SAT, and no physical saturation dictionary or globally complete apparatus class is adopted	2. Time, space, and the decoder	probes/P-QDD-COMMUTATOR-SATURATION-CLOSURE-1	fires if the complete A_rep classification, pure-record equivalence, centralizer elimination, sign-class selection, projective-idempotence equivalence or final target comparison fails, or if the active architecture already derives COMM-SAT from its registered terminal/read-only/completion clauses; a later independent physical adoption is outside theorem scope; integrity mismatch without exact negation is STOP
QDD-MECHANICAL-EVENT-SAMPLER	T	at exact L1 arithmetic and the unadopted L1-to-L5 protocol boundary, the balanced carrier has one ZERO_SUPPORT and 624 supported pistons with exactly 22 reduced LOW probabilities and maximum denominator 256; for fixed p=a/b, L_p(r)=floor((r+1)a/b)-floor(ra/b) has count floor(Na/b), discrepancy below one and least period b for 0<a<b, while for those interior weights its b phases share frequency and remain unselected; any deterministic autonomous state cycle with exact reduced frequency a/b has b dividing its length, so 1/256 requires at least 256 states in that restricted class; local invocation rank is gap invariant but for every interior weight global-tick substitution admits all-LOW/all-HIGH subsequences; a single accumulator initialized by x_0=0 preserves floor(sum p_j) while realized words depend on preparation order; no physical context, counter origin, update law, sampler, randomness or L6 measure	2. Time, space, and the decoder	probes/P-QDD-DETERMINISTIC-EVENT-SAMPLER-1	fires if the exact support/probability/denominator census, lower-word identities, interior phase count, finite-cycle divisibility, 256 corollary, interior schedule breaker, floor-sum law at x_0=0 or changing-order witness fails; another explicitly frozen apparatus class or physical adoption is outside scope; integrity mismatch without exact negation is STOP
QDD-FINITE-MEMORY-O2B-BOUNDARY	T	at L4 for any finite nonempty phase set M with outcome permutations tau_L,tau_H and rational pure branch maps obeying exact effects and ordinary repeatability after phase update, every phase satisfies K_L,m=O_L,mP and K_H,m=O_H,mQ in the old A_rep pointwise fibres; conversely every finite phase-indexed family from those fibres with arbitrary phase permutations has a rational isometric ready-subspace coupling and rational orthogonal microscopic dilation; exact two-phase and 256-phase examples satisfy all premises while phase HIGH maps remain inequivalent under K~+/-K, so finite memory does not enlarge pointwise fibres but does enlarge the apparatus law and leaves genuine phase-indexed post-state ambiguity; unbounded, nonlinear, mixed, irrational and differently typed architectures remain outside scope	2. Time, space, and the decoder	probes/P-QDD-INSTRUMENT-CLASS-COMPLETENESS-1	fires if a frozen finite-memory branch lies outside A_rep, if an arbitrary frozen family lacks the stated rational realization, if either phase-dependent witness fails an operational premise or becomes sign-equivalent, or if pointwise completeness is false; a wider physical apparatus class or adopted phase gauge is outside scope; integrity mismatch without exact negation is STOP
QDD-EVENT-CONTEXT-BANK	T	at exact L1 arithmetic and the unadopted L1-to-L5 protocol boundary, for each of the 22 reduced Route A contexts p=a/b the Euclidean state c_p in Z/bZ updates uniquely by c_p+a=c'_p+be_p with e_p in {0,1}, zero phase giving the lower mechanical word; the product bank over all contexts updates only the invoked coordinate, distinct-context transitions commute and arbitrary interleaving preserves each context frequency and discrepancy; in the complete frozen probability-keyed rank-exact finite deterministic-machine class, all residue vectors are reachable and future-output distinguishable, the exact minimum is B=19702414515172535913561087541248=2^66*3^2*7^4*11*13^2*17^2*23 of bit length 104, and every reachable B-state realization is transducer-isomorphic to the bank; all B initial phases preserve the laws while remaining distinguishable; reduced p is not a derived physical key, and the active architecture supplies no ready phase, persistence law or registered gate; no O1 closure, randomness or L6 measure	2. Time, space, and the decoder	probes/P-QDD-EVENT-CARRY-BANK-1	fires if a Euclidean transition, cycle or lower-word identity fails, if distinct updates do not commute or an interleaving changes a context law, if B, its factorization or bit length differs, if a smaller frozen machine realizes every input word, a B-state realization is not isomorphic, or two phases are future-output equivalent; a different context alphabet, machine class or physical adoption is outside scope; integrity mismatch without exact negation is STOP
QDD-TERMINAL-EVENT-SEMANTICS	O	the independently justified target-independent physical meaning of a completed terminal QDD event on the exact ordered-composition source, with physical ownership and equality of the complete post-state record; the canonical direct pure-record map and theorem COMM-SAT(T) iff Xi_T=0 iff T=+/-Q iff class(T)^2=class(T) are fixed mathematical inputs, while functional terminality, read-only decoder output and completion-contract conformance provably do not imply saturation; no physical saturation law is adopted, and any positive principle must be stated without COMM-SAT, Xi_T=0, projective idempotence, +/-Q, Lueder or target effects as construction inputs and must have an independently testable consequence outside the selector target	2. Time, space, and the decoder	inline	STOP until an independent public law, dynamics or dictionary owns the complete record and equality and makes physical event completion imply the exact relevant saturation without target-derived construction; closes positively at most D when that law also passes an independent consequence, and closes negatively only with a fully typed independently admissible completed physical event whose canonical post-state record retains a nonzero residual commutator; a bare mathematical O!=+/-I witness is not a physical falsifier
QDD-INSTRUMENT-CLASS-COMPLETENESS	O	the complete target-independent physical preselection class and equality for QDD post-state apparatuses, including every admitted memory and ready/preparation state, outcome-dependent phase transition and phase-indexed branch family; the finite rational pure/repeatable theorem gives complete pointwise A_rep fibres and converse rational realizations but also exact inequivalent phase families, so it supplies neither global physical completeness nor phase independence; a complete contract must explicitly classify finite and unbounded memory, nonlinear, mixed, irrational and differently typed architectures and freeze equality on whole apparatus families, including phase relabeling, ready phases, transition permutations and future-output dependence	2. Time, space, and the decoder	inline	STOP until a complete physical apparatus contract and proof frozen before target comparison maps every admitted apparatus into exactly the declared whole-family class under one frozen equality and explicitly disposes of every listed outside architecture; closes positively only with complete compatible scope and closes negatively with one independently admissible apparatus outside the claimed class or violating a claimed family equality; pointwise membership T_m in A_rep does not by itself close this obligation
AFFINE-READING-DEGREE-CENSUS	T	at L1 for K=Q(zeta_5), V=K presented equivalently as the quotient Q^5/<1>, M_J multiplication by J=1+zeta_5^2, D_J=M_J-I, u(zeta_5)=zeta_5^2 and G=<D_J,u>~=AGL_1(F_5): (V*)^G=0 and (Lambda^2 V*)^G=0 while dim(Sym^2 V*)^G=1 and dim End_(Q[G])(V)=1; rational-rank invariance and Maschke give the same dimensions and irreducibility after every characteristic-zero field extension, so degree two is the first nonzero invariant scalar degree and no nonzero lossy G-equivariant linear reading exists; under the motor alone the symmetric and alternating dimensions are both two and over Q(phi) a rank-two equivariant idempotent E obeys uEu^-1=I-E; exact affine representation theory only, no Born, decoder, effect, apparatus, event, measure or L2-L6 lift	3. The kernel and the census	probes/P-AFFINE-QUADRATIC-READING-1	fires if an exact counterexample changes any full-group invariant or endomorphism dimension, the characteristic-zero extension argument, the motor-only controls, the Q(phi) idempotent or uEu^-1=I-E; using the augmentation submodule rather than the registered quotient mechanism or asserting a physical reading is outside scope; an integrity mismatch without mathematical negation is STOP
AFFINE-QUADRATIC-FORM-UNIQUENESS	T	at L1 in the AFFINE-READING-DEGREE-CENSUS carrier, the unique invariant symmetric line is Q q_+ with q_+(x)=Tr_(Q(phi)/Q)(x c(x)); its Gram has leading minors 2,15/4,25/4,125/16 and is positive definite; invariance fixes the line, while the additional premises q!=0 and q>=0 fix the positive ray Q_(>0) q_+; with P(e_x)=zeta_5^x on the quotient carrier, P^T Gram(q_+)P=(5I_5-J_5)/2 and 5I_4-J_4=2Gram(q_+), with sizes distinguished; no carrier-basis identification beyond P and no Born, effect, normalization, apparatus, event, measure or L2-L6 claim	3. The kernel and the census	probes/P-AFFINE-QUADRATIC-READING-1	fires if q_+ is not invariant, does not span the unique symmetric line, is not positive definite, any leading minor or displayed J_5/J_4 matrix identity fails, or line and positive ray are not distinguished by the stated extra premises; a physical or decoder interpretation is outside scope; an integrity mismatch without exact mathematical negation is STOP
CARRY-QUADRATIC-SYMMETRY	T	for every n>=2 at L1, the permutation-invariant pure quadratic Boolean subspace is exactly {0,e_2}, e_2(x)=sum_(i<j)x_ix_j=binom(popcount(x),2) mod 2; its weight law is zero exactly at residues 0,1 mod 4 and has least period four, n=4 is the unique first arity with a non-atomic singular vector, P_4={e_1,e_2,e_3,e_4,1_4} has cardinality five and XOR zero, and the frozen conjunction of non-atomicity with full symmetric action on P_n holds exactly at n=4, with the bounded S_5 clause imported from CARRY-PENTAD; five is an output cardinality, not a selected rational prime; no cycle, orientation, exponent, J, decoder, physical reading or L2-L6 lift	3. The kernel and the census	probes/P-CARRY-QUADRATIC-SYMMETRY-2	fires if the invariant pure quadratic subspace, Lucas carry-layer degree statement, residue law or least period differs, if a non-atomic singular vector appears before n=4, if P_4 or its cardinality/XOR differs, or if the frozen non-atomic full-action conjunction holds at another n; failure of the imported registered CARRY-PENTAD bounded clause is a dependency failure; any selector or physical conclusion is outside scope
J-BINARY-NORM-DESCENT	T	at L1 for O_5=Z[zeta_5], O_5/(2)~=F_16 and O_(Q(phi))/(2)~=F_4, the reduction q_2=q_+ mod 2 is Tr_(F_4/F_2) o N_(F_16/F_4), has nondegenerate polar form and nonzero singular locus exactly mu_5; P mod 2 is an F_2-linear isomorphism A4/2A4->O_5/2O_5 with q_2(Pbar x)=q_A(x), and tau_15 transports q_A to the fixed CARRY-PENTAD form q_4=e_2; these are explicit isometries rather than literal carrier equality; bar(D_J) acts as k->k+2 and differs from Frobenius k->2k on mu_5, the two generate AGL_1(F_5), and the Z[i], zeta_7 and zeta_3 controls show field integrity mod two is not a selector; no uniqueness of J, 2, 5, order five, Born, decoder, apparatus, event, measure or L2-L6 lift	3. The kernel and the census	probes/P-J-BINARY-NORM-DESCENT-1	fires if the residue-field identities, norm-trace formula, nondegeneracy or singular locus fails, if either displayed integral/binary isometry fails, if bar(D_J)=Frob_2, the exponent actions or generated affine group differ, or a stated control is false; selector or physical claims are outside scope; integrity mismatch without exact negation is STOP
TM-SHEET-SYNCHRONIZING-GRAPH	T	for the exact sheet pair T_0 = (0,4,0,4,4), T_1 = (2,1,1,3,1) derived from the declared generators and selector, words acting in temporal order, R(w) = T_w(F_5), and the Thue-Morse language with theta_n = s_2(n) mod 2: (i) for every finite binary word w, |R(w)| = 1 iff w contains 011 or 110; the minimal synchronizing words are exactly 011 and 110 and R(11) = {1,3}; (ii) the transformation automaton with identity start has exactly 9 states and 8 nonempty-word maps, and its support quotient has 7 states with exactly two 2-to-1 identifications, on support {0,4} the maps (0,4,0,4,4) and (0,4,4,4,4) and on support {1,2} the maps (2,1,2,1,1) and (2,1,1,1,1); (iii) the factors of length at most 16 are exactly the factors of mu^4(ab) for ab in {00,01,10,11}, with counts 2 4 6 10 12 16 20 22 24 28 32 36 40 42 44 46, and every factor of length 9 synchronizes; (iv) the unique nonsynchronizing factor of length 8 is the palindrome w* = 10100101, the unique 11-free factor of length 8, no 11-free factor of length 9 or more exists, for k >= 3 a factor fails to synchronize iff it contains no 11, and the unique two-sided neighborhood is 1 w* 1; (v) T_w*(0) = 2 and T_w*(z) = 1 for z != 0, so the preimage partition is {0} | F_5^x, the zero orientation of FIELD-ZERO-NONZERO-MULTIPLICATIVE-CUT as a partition coincidence only, and eps(T_w*(z)) = 1_(z=0) in the quadratic-class bit; (vi) R(01) = R(w*) = {1,2} while T_01 = (2,1,2,1,1) differs from T_w*, with pre-final maps (0,4,0,4,4) and (0,4,4,4,4) of equal support; (vii) over the two-sided Thue-Morse subshift the skew product (theta, z) -> (S theta, T_(theta_0) z) has the unique invariant graph z = 4 + 2 theta_(-1), uniqueness unconditional by nine-letter constancy, the canonical start 011 reaches the graph in exactly 3 letters, and 9 is sharp; (viii) on the graph z_(n+1) = 4 + 2 theta_n = -Theta_n^2 with the RAMIFIED-TM-LIFT phase, the quadratic-class bit is removed by a 2-to-1 merge at every synchronization edge and the clock bit survives only as the sign inside {1,4}; exact L1 arithmetic only; no D_clock completeness, uniqueness, or totality, no counter reconstruction, no census meaning for the value pair {1,4}, no physical-irreversibility, probability, or measure reading, no recovery of the four-phase lift value, and no L2-L6 conclusion	3. The kernel and the census	probes/P-TM-SHEET-SYNCHRONIZING-GRAPH-1	fires if an exact counterexample negates any of the eight clauses at the registered L1 scope: a binary word violating the reset equivalence, an automaton or quotient count or identification failure, a mu^4 language defect at any length at most 16, a failure of the w* facts, leaf transformation, preimage partitions, or quadratic-class identity, a ninth-letter nonconstancy or invariant-graph violation, or a sign-law mismatch; a pinned-bundle, transcript, or architecture mismatch without an exact mathematical negation is integrity STOP, not a scientific falsifier
QPAIR-HERM-INTEGER-NONDESCENT	T	for K=Q(zeta_5), O_K=Z[zeta_5], c(zeta_5)=zeta_5^-1, the independent carrier V_spin=O_K^2, H(v)=v c(v)^T, and Phi(z1,z2)=(z2,c(z1)): for v=(1,1) and v'=zeta_5 v one has H(v)=H(v') but H(Phi v)_12=1 and H(Phi v')_12=zeta_5^2, so no total set map D_H:im(H)->im(H) satisfies D_H(H(x))=H(Phi x) on O_K^2; for nonzero v in K^2 the field fiber is K^1 v with K^1={u in K^x:u c(u)=1}; on every fixed nonzero content layer of O_K^2 the fiber is exactly mu_10 v; the full lattice can have wider fibers, witnessed by a=2+zeta_5, (c(a),0), and (a,0); L1 exact algebra only on the independent carrier, not a diagonal two-place CM image and not rational V_eff; no bridge to DEF-QDD-QPAIR, MatterData, Born pairing, decoder write map, physical U(1), apparatus, L5 stream, L6 measure, uniqueness statement, or move of QUADRATIC-DECODER-DATA, COLOR-LADDER-DICTIONARY, or COLOR-MEASURE-SELECTION	12. The color door	probes/P-QPAIR-C4-2I-MINIMALITY-1	fires if the carrier is not independent O_K^2, the displayed integral witness fails, the nonzero field fiber is not K^1 v, a fixed-content fiber differs from the mu_10 orbit, or the explicit wider full-lattice witness fails; changing the carrier or content condition is outside scope; a pin, transcript, or architecture mismatch without an exact mathematical negation is integrity STOP
QPAIR-TRANSPOSE-FIBER-REDUNDANCY	T	for H(v)=v c(v)^T and S(v)=vv^T on K^2, S(v)=S(w) iff w=+-v; H is constant on every S-fiber, so there is a unique set map F:im(S)->im(H) with F(S(v))=H(v), and projection im(Q)->im(S), Q=(H,S), is bijective; this is set-theoretic redundancy only and supplies no polynomial, rational, linear, typed-natural, or admissible decoder factorization and no informational defense of two slots; L1 exact algebra only, with no bridge from the independent carrier to DEF-QDD-QPAIR or V_eff and no decoder, MatterData, Born, apparatus, L5, L6, physical, uniqueness, QDD-status, or color-selection move	12. The color door	probes/P-QPAIR-C4-2I-MINIMALITY-1	fires if S has a fiber other than +-v, H is not constant on those fibers, or im(Q)->im(S) is not bijective; failure to obtain a polynomial, rational, linear, typed-natural, or admissible factor map is not a falsifier because none is claimed; a pin, transcript, or architecture mismatch without an exact mathematical negation is integrity STOP
QPAIR-TYPED-MIXED-C4-CLOSURE	T	on the independent carrier with H=((h11,h12),(h21,h22)), S=((s11,s12),(s12,s22)), h21=c(h12), and Phi(z1,z2)=(z2,c(z1)), define T_Q(H,S)=(H',S') by H'=((h22,s12),(c(s12),h11)) and S'=((s22,h21),(h21,c(s11))); T_Q is rational-linear on the underlying typed rational target, preserves Hermitian and symmetric types, satisfies T_Q Q(v)=Q(Phi v) and T_Q^4=1, and gives the cycle h12->s12->c(h12)->c(s12)->h12; Phi alone does not force the full pair because H+span_R{Re(s12),Im(s12)} is a proper six-real-dimensional Phi-stable space; L1 exact algebra only, with no group-product, decoder, QDD, physical, L5, L6, uniqueness, or color-selection conclusion	12. The color door	probes/P-QPAIR-C4-2I-MINIMALITY-1	fires if either displayed typed formula fails, T_Q^4 differs from 1, T_Q Q differs from Q Phi, or Phi alone already forces the full ten-real-dimensional quadratic space; a pin, transcript, or architecture mismatch without an exact mathematical negation is integrity STOP
QPAIR-SYM2-2I-IRREDUCIBLE	T	for the marked public lift S0=((0,-1),(1,0)), T0=((zeta_5,1),(0,zeta_5^-1)), and G=<S0,T0>=2I, the marked spin representation is row 2a and Sym^2(2a)=3a is absolutely irreducible with character (3,3,-1,0,0,1-phi,phi,1-phi,phi) in the public class order; central -I acts as +I so the module factors through A5, Galois conjugation gives Sym^2(2b)=3b, and the marked orbit of xy spans K{x^2,xy,y^2}=Sym^2(V^*); this row requires COLOR-CORE-2I, COLOR-GOLDEN-TABLE, COLOR-INTEGRAL-LIFT, and DEF-ACTION-LAYERS; L1 representation theory only, with no decoder, QDD, physical, measure, uniqueness, or color-selection promotion	12. The color door	probes/P-QPAIR-C4-2I-MINIMALITY-1	fires if the marked group or class orientation is wrong, the symmetric-square character identity or norm-one irreducibility test fails, central -I does not factor, the Galois companion differs, or the orbit of xy has rank other than three; a pin, transcript, or architecture mismatch without an exact mathematical negation is integrity STOP
QPAIR-MINIMAL-2I-CLOSURE-OF-HERM-UNDER-MIXED-C4	T	in the frozen class A_rel of real linear subspaces of formal homogeneous real quadratic coordinate polynomials on (C^2)_R, restricted to O_K^2, which retain the fixed four-real-dimensional Hermitian space H as a linearly readable typed slot and are stable under pullback by the marked 2I and Phi, the least member is H direct-sum S, the full ten-real-dimensional quadratic space; dim_R H=4, dim_R S=6, H intersection S=0, the displayed coordinate-basis change has absolute determinant 64, Phi^*H12=z1 z2 seeds S, and the marked 2I orbit forces its entire six-real-dimensional realification; this is relative minimality in A_rel, not minimality of slot count, presentation, set information, arbitrary equivariant carriers, or decoder factors; there is no quotient by pointwise coincidence, nonlinear image action, normalization, or assumed semidirect relation, and no QDD, physical, L5, L6, uniqueness, or color-selection move	12. The color door	probes/P-QPAIR-C4-2I-MINIMALITY-1	fires if the coordinate ranks are not 4, 6, and 10, the absolute determinant is not 64, Phi^*H12 differs from z1 z2, the marked orbit fails to generate S, or a proper member of A_rel containing the fixed linearly readable H slot exists; changing A_rel is outside scope; a pin, transcript, or architecture mismatch without an exact mathematical negation is integrity STOP
QPAIR-2I-ONLY-PAIR-FORCING	F	the universal proposition that 2I-equivariance alone forces the Hermitian/symmetric pair is false: the single symmetric slot S(v)=vv^T is already equivariant by S(gv)=gS(v)g^T, and with epsilon=((0,1),(-1,0)) the isomorphism Theta(Y)=Y epsilon^-1 obeys Theta(gYg^T)=g Theta(Y) g^-1; no invariant standard trace-zero Hermitian slice, graph, or quotient is claimed in the marked nonunitary basis, and scalar mu_5 typing or bidegrees are additional structure outside 2I alone; L1 only, with no decoder, QDD, physical, L5, L6, uniqueness, or color-selection conclusion	12. The color door	probes/P-QPAIR-C4-2I-MINIMALITY-1	fired: S(gv)=gS(v)g^T supplies an exact one-slot 2I-equivariant carrier and Theta supplies the adjoint intertwiner, disproving the universal pair-forcing proposition; changing the admissible class or adding scalar typing is outside scope; a pin, transcript, or architecture mismatch without an exact mathematical negation is integrity STOP
QPAIR-MIXED-C4-NORMALIZES-2I	F	the universal proposition that Phi(z1,z2)=(z2,c(z1)) normalizes the marked 2I is false: Phi^-1(z1,z2)=(c(z2),z1) and Phi T0 Phi^-1(z1,z2)=(zeta_5^-1 z1,zeta_5^-1 z2+c(z1)), which is not complex-linear or K-linear and cannot belong to the marked matrix group; only simultaneous stability of a coordinate space under two pullback families is asserted, not an action of 2I semidirect-product C4, 2I times C4, or another common finite group; this is distinct from COLOR-CM-2I-SEMILINEAR-PAIR on K^2 direct-sum K^2 and creates no QDD, decoder, physical, L5, L6, uniqueness, or color-selection move	12. The color door	probes/P-QPAIR-C4-2I-MINIMALITY-1	fired: the displayed conjugate contains c(z1), hence is not K-linear and is not an element of the marked 2I, disproving normalization; a different mixed action is outside scope; a pin, transcript, or architecture mismatch without an exact mathematical negation is integrity STOP
FIELD-ZERO-NONZERO-MULTIPLICATIVE-CUT	T	for every field F, every nonempty proper subset A of F, d_A=1_A, and one total Boolean table B:{0,1}^2->{0,1}, the identity d_A(xy)=B(d_A(x),d_A(y)) for all x,y in F holds iff exactly one oriented case holds: A={0} with B=OR, or A=F^x with B=AND; B is unique once A is fixed; zero is in the total quantified carrier and multiplication by every nonzero field element is bijective; after deleting zero the changed-domain F_5^x control has the additional QR/XNOR and NQR/XOR orientations, which is boundary evidence only and carries no five-specific selection; L1 field and Boolean algebra only, with no field, cut, or physical selection; agreement in shape with the QDD ZERO_SUPPORT|SUPPORTED branch is a cross-reference only and supplies no QDD equation, composition law, dependency edge, coefficient carrier, quadratic pair, factor map, effect pair, Born pairing, density, normalized weight, write map, L5 stream, L6 measure, or QDD status move	3. The kernel and the census	probes/P-FIELD-ZERO-NONZERO-CUT-1	fires if a field F, nonempty proper A, and total Boolean B satisfy the identity outside the two displayed oriented cases, if either displayed case fails, or if either displayed subset admits a second total Boolean table; deleting zero, changing to a ring, or admitting a partial table is a scope change, not a falsifier; a pin, transcript, or architecture mismatch without an exact mathematical negation is integrity STOP
QPAIR-PRODUCT-COMPOSITION	T	for every field K of characteristic not two with involution c, H(V)=V tensor bar(V), S(V)=Sym^2(V), Q(V)=H(V) direct-sum S(V), H(v)=v tensor bar(v), and S(v)=v tensor v, the matched componentwise tensor law mu_{V,W}((A,B),(C,D))=(A boxtimes_H C,B boxtimes_S D) is natural, associative, symmetric and unital with unit Q(1)=(1,1), and Q(v tensor w)=mu_{V,W}(Q(v),Q(w)); the equality is exact for product vectors and extends bilinearly on the declared matched carrier sectors; no surjectivity onto symmetric squares of entangled vectors, full-pair informational minimality, decoder, observable, Born, instrument, L5, L6 or physical statement	11. The pentit ring and the magic boundary	probes/P-QPAIR-SYM2-TENSOR-DEFECT-1	fires if the matched products are ill-typed, fail naturality, associativity, symmetry or the tensor unit, or if the displayed equality fails for any product vectors; an entangled square outside the matched symmetric image is expected and is not a falsifier; a pin, transcript, or architecture mismatch without an exact mathematical negation is integrity STOP
QPAIR-CROSS-SECTOR-NONDESCENT	T	for the same involutive carrier, reciprocal refactorization (v,w)->(lambda v,lambda^-1 w) leaves v tensor w and the matched H tensor H and S tensor S assignments invariant, while H tensor S has weight c(lambda)/lambda and S tensor H has weight lambda/c(lambda); for K=Q(zeta_5), c(zeta_5)=zeta_5^-1 and lambda=zeta_5 these weights are zeta_5^3 and zeta_5^2, neither one, so for nonzero v and w neither cross-sector assignment descends to a function of the composite pure tensor; the zeta_5 instance is only an exact factor-gauge witness with no fifth-prime physical or selection content and no QDD dependency or status move	11. The pentit ring and the magic boundary	probes/P-QPAIR-SYM2-TENSOR-DEFECT-1	fires if reciprocal refactorization changes the composite tensor or either matched assignment, if either displayed cross weight is wrong, or if the zeta_5 witness has a cross weight equal to one; zero vectors, a changed factorization gauge, or an added physical interpretation are outside scope; a pin, transcript, or architecture mismatch without an exact mathematical negation is integrity STOP
QPAIR-SYM2-TENSOR-DEFECT	T	for every field K of characteristic not two and two-dimensional K-spaces V,W, under the canonical reorder R and commuting factor swaps alpha,beta, Sym^2(V tensor W)=(Sym^2(V) tensor Sym^2(W)) direct-sum (Lambda^2(V) tensor Lambda^2(W)) with dimensions 10=9+1; product squares span exactly the nine-dimensional first summand; for x=a e0f0+b e0f1+c e1f0+d e1f1, kappa=(e0 wedge e1) tensor (f0 wedge f1), wedge u v=u tensor v-v tensor u, and P_--=(1-alpha)(1-beta)/4 on the reordered space, P_-- R(x tensor x)=((ad-bc)/2)kappa; the missing line transforms by det(g)det(h), is fixed by SL(V) times SL(W), and vanishes exactly on the product cone; it is a determinant or concurrence direction in the quadratic symmetric target, not a Bell state, not the ordinary two-qubit singlet, and not a claim that a full Hermitian-plus-symmetric defect has dimension one; normalized Bell inputs maximize ordinary concurrence only after a complex norm is supplied	11. The pentit ring and the magic boundary	probes/P-QPAIR-SYM2-TENSOR-DEFECT-1	fires if the projector decomposition, ranks 10/9/1, product-square span, coefficient (ad-bc)/2, determinant character or rank-one vanishing criterion fails over a characteristic-not-two field; characteristic two, mixed states, full-pair defect dimension, or a Bell-state identification are outside scope; a pin, transcript, or architecture mismatch without an exact mathematical negation is integrity STOP
TT-VECTOR-MOMENT-UNDERDETERMINATION	T	at L1 on X=Z/5 with z=zeta_5 and squared readout w_x=v_x^2, the six translation-invariant unit-modulus laws A, given by v_x=z^{t_x} with iid uniform t_x, and B_m, given by v_x=z^{t_0+mx} epsilon_x for m in Z/5 with uniform t_0 and iid independent epsilon_x in {+1,-1}, agree on the mean, C=delta, P=0 and every polynomial functional of total degree at most three; S_w(k)=1 under A, S_w(k)=5 delta_{k,2m mod 5} under B_m, and the uniform mixture Bmix over nonzero m has S_w(k)=(5/4)(1-delta_{k,0}); for every distinct pair of the six laws the minimal separating degree is exactly four and the separator set is exactly the twenty monomials v_x^2 conjugate(v_y)^2 with x!=y, valued 0 under A and z^{2m(x-y)} under B_m; at degree five the separators from A are exactly the ten fifth powers v_x^5 and conjugate(v_x)^5, valued 1 under A and 0 under every B_m, and no two B laws separate at any odd degree; the site action rho_u sends m to u^-1 m, the coefficient action gamma_u sends m to u m, their commuting diagonal fixes every extremal law and Bmix, and B_{3k_0 mod 5} has its squared-readout peak exactly at k_0; any zero-mean state with P_xx=0 and deterministic pointwise modulus |v_x|^2=a^2 at a>0 has E[|v_x|^4]=a^4 against the Isserlis value 2a^4 and hence K_xx=-a^4, so no Gaussian or Wick closure exists at fixed modulus; exact arithmetic in Q(zeta_5), with no normalization, state selection, physical tensor identification, r_T(k), L2-L6 lift, or claim that the six laws exhaust their degree-three equivalence class	14. The gravitational wave program	probes/P-TT-VECTOR-MOMENT-UNDERDETERMINATION-1	fires if any monomial of total degree at most three has different expectations under any two of the six displayed laws, if any displayed moment, spectrum, separator set, separator value, action-table entry or cumulant differs from its stated exact value, if any of the six laws fails invariance under site translation, if the diagonal action fails to fix any extremal law or Bmix, if the degree-four separator set of any pair is not exactly the twenty displayed monomials, if the degree-five inventory is not exactly the ten displayed fifth powers with the displayed values, if two B laws separate at any odd degree, or if a zero-mean state with deterministic pointwise modulus and vanishing pseudo-covariance satisfies the Isserlis fourth moment at positive scale; a pinned-bundle, transcript or architecture mismatch without an exact mathematical negation is integrity STOP, not a scientific falsifier
QDD-U-INDUCED-CHANNEL	T	at L1 for the registered autonomous update U on Omega=N_0 x F_5^6, with x=(p1,p4,p1p,p4p,q,r), piston pi(x)=(p1,p4,p1p,p4p) and fiber f(x)=(q,r), the five generator fibers are exactly f(a(x))=(q,r), f(b(x))=(-q,-r), f(c(x))=(1-q,-r), f(d(x))=(1-q,1-r), and f(e(x))=(2-q,1-r); the selector is sigma=sum pi(x)+(q+r)+2 theta_n mod 5, so at delay one the next fiber is a function only of (f(x_k),theta_k,sum pi(x_k)) and every piston-to-fiber influence passes through the selector; fiber-to-piston influence is witnessed independently by theta=0, x=000000, y=000020, selectors 0 and 2 and output pistons 0000 and 2121, and by theta=0, x=000002, y=000011, common selector 2, output pistons 2324 and 2220 and difference 0104=(r-r')u_c; this is exact bidirectional algebraic channel structure only, with no claim for delays d>=2, no physical measurement, selector, instrument, sampling, effect realization, normalized measure, or decoder completion	2. Time, space, and the decoder	probes/P-QDD-INSTRUMENT-U-INDUCED-1	fires if any of the five displayed fiber formulas fails on any checkpoint, if the displayed selector formula fails or has piston dependence outside sum pi(x), if the delay-one factorization fails, or if either exact S3 witness fails any of its frozen equalities, inequalities, selector values, output pistons or direct-c difference; an assertion about d>=2 structure, a physical selector, instrument, sampling law, effect realization or decoder completion is outside scope rather than an earned consequence; a pinned-bundle, transcript or architecture mismatch without an exact mathematical negation is integrity STOP, not a scientific falsifier
QDD-U-INDUCED-FINITE-NONSELECTION	C	at multi-layer scope, with an L4 induced-apparatus conclusion over the registered L1 U-induced split and frozen finite L5 windows and the frozen class R consisting exactly of the 180 two-cell maps rho_(lambda,S), where lambda is one of the six nonzero projective F_5-linear functionals on the fiber and S is one of the 30 nonempty proper subsets of F_5, every pair in R x {1,2,3,4,5} is classified exactly on W=[512,2048) for all 15625 seeds, W2=[2048,16384) for the 625 ready-fiber seeds, and the summed W census; among the 900 record-delay pairs INFO is true for exactly 150 census tables, no pair realizes the frozen occurrence law on W, W2 or the census, FUNCTIONAL=0, ORIENT-POST-COHERENT=0, and the strict post-state partition is POST-PURE-STRICT=0, POST-MIXED=0, POST-UNDEFINED-OR-ZERO=900 with ZERO-INPUT-MULTIVALUED=900; the frozen-family eligible set is empty, so evaluated/member/outside=0/0/0 and no outside-family conclusion is made; seed-dependent triples number 271350, orientation-dependent triples number 22500, and the canonical table root is 0baacabc9d94a824c6a9480695c7a37f2762a3a2e773d1161c26816a2dbdee15; this is a complete finite classification of this U, split, R, delays, seeds and windows only, with no limit, physical selector, sampling impossibility, exclusion of another admissible apparatus class, decoder completion, or closure of QDD-INSTRUMENT-APPARATUS	2. Time, space, and the decoder	probes/P-QDD-INSTRUMENT-U-INDUCED-1	fires if R is not exactly the displayed 180-map class, the delay set or total of 900 pairs differs, INFO is not exactly 150, any pair realizes the frozen occurrence law on W, W2 or the census, FUNCTIONAL or ORIENT-POST-COHERENT is nonzero, the strict post-state partition differs from 0/0/900, ZERO-INPUT-MULTIVALUED differs from 900, the frozen-family evaluated/member/outside counts differ from 0/0/0, the seed- or orientation-dependence count differs from 271350 or 22500, or the canonical table root differs from 0baacabc9d94a824c6a9480695c7a37f2762a3a2e773d1161c26816a2dbdee15; an outside-family conclusion, a limit claim, a physical selection claim or a claim about another apparatus class is outside scope; a pinned-bundle, transcript or architecture mismatch without an exact mathematical or finite-count negation is integrity STOP, not a scientific falsifier
J-UNIT	T	Q(zeta_5)	1. The axiom and the two projections	reproduce/kernel	
J-PROJECTIONS	T	in the principal archimedean embedding, J = 1 + zeta_5^2 has modulus 1/phi and principal argument 2 pi/5	1. The axiom and the two projections	inline	
AXIOM-PROJECTION-DICTIONARY	D	the modulus projection read as gravity and scale, the argument projection as electromagnetism and phase, the CRT factors of T_pl as the prime 5 write and prime 2 read, and the unit and ramified chords as gravity and space channels; a dictionary resting on J-PROJECTIONS, PLENUM-POINT, J-MODULUS-CHORD, and J-RAMIFIED-CHORD, with no uniqueness claim	1. The axiom and the two projections	inline	
PI-FROM-J	T	the principal branch logarithm	1. The axiom and the two projections	inline	
J-GOLDEN-BRIDGE	T	Z[zeta_5]	1. The axiom and the two projections	reproduce/kernel	
J-HARMONIC-SEAM	T	for K = Q(zeta_5), O_K = Z[zeta_5], phi = (1+sqrt5)/2, psi = 1-phi = -phi^-1, F_0=0, F_1=1, F_(n+1)=F_n+F_(n-1), u_n=F_n phi-F_(n+1), A(x)=1-psi x, and H(x)=sum_(n>=1)u_n x^n/n=Log(A(x)) for x in mu_10 on the principal archimedean branch: u_n=-psi^n=-F_(n+1)-F_n zeta_5^2-F_n zeta_5^3 for every n>=1; H(x) is real iff x in {1,-1}; Re H(x)=0 iff x in {-zeta_5,-zeta_5^-1}; A(x) lands at phi, phi^-2, -zeta_5^2, and -zeta_5^3 on those four axis weights, with the two torsion landings of exact order 10; O_K^x=mu_10 x <phi>; H(1)=log phi, H(-zeta_5)=-i pi/5, and Log J=-H(1)-2H(-zeta_5)=-log phi+2 pi i/5; L1 exact arithmetic only, with no promotion of AXIOM-PROJECTION-DICTIONARY or TWO-PLACE-PHYSICS, no identification of the order-two sign in mu_10 with the separate zeta_8 read place, no strengthening of BOOST-COUNT-LADDER, and no decoder, measure, observer, force, spacetime, SI bridge, new constant, or lift to L2-L6	1. The axiom and the two projections	probes/P-J-HARMONIC-SEAM-1	fires if the universal integral numerator identity, either complete mu_10 axis classification, any displayed landing or exact torsion order, the unit-group product O_K^x=mu_10 x <phi>, or the principal-branch reconstruction of Log J is false, or if an exact result attributes any excluded dictionary promotion, place identification, decoder, physical, SI, constant, or L2-L6 conclusion to this row; a pinned-bundle, transcript, or architecture mismatch without an exact mathematical negation is integrity STOP, not a scientific falsifier
J-STEP	T	Z^4, the regular representation	1. The axiom and the two projections	reproduce/kernel	
J-MODULUS-CHORD	T	Q(sqrt5)	1. The axiom and the two projections	reproduce/kernel	
J-TENTH-ROOT	T	Z[zeta_5]	1. The axiom and the two projections	reproduce/kernel	
J-RAMIFIED-CHORD	T	Z[zeta_5]	1. The axiom and the two projections	reproduce/kernel	
PLENUM-POINT	T	in Z[i, zeta_5], T_pl = s_J + i phi = 2i(1 - J), with s_J^2 = 3 - phi, abs(T_pl) = 2, arg(T_pl) = 3 pi/10, zeta_5 T_pl^2 + 4 = 0, T_pl^10 = -2^10, and T_pl/2 = zeta_20^3 = zeta_4^-1 zeta_5^2	1. The axiom and the two projections	inline	
LOG-AXES-INDEPENDENCE	T	pi and ln phi are linearly independent over the algebraic numbers: i pi = Log(-1) and ln phi = Log(phi) are logarithms of algebraic numbers, Q-linearly independent, hence independent over the algebraic numbers by Baker; linear independence only, no algebraic independence	1. The axiom and the two projections	inline	
ALPHA-SEED	T	the trace direction of the Galois Gram, p in {3, 5, 7, 11, 13}	6. Alpha and the observable register	reproduce/alpha-exact-lemma	
BORN-FACE-WEIGHTS	T	the five abelian face weights, exact in Q(sqrt5)	8. The measure and Born	reproduce/born-faces	
BORN-HALF-ANGLE	T	every Born unit of A_8 = Z[zeta_8]/5; the normalized root on the 11 non antipodal units of the norm gated half (the squares of the cyclic unit group of order 24); at u = -1 the bisector vanishes and normalization is undefined	8. The measure and Born	reproduce/born-quartet	
BORN-RESIDUAL-SPLIT	T	the residual rings Z[i]/5 and Z[zeta_8]/5 and their conjugation swap	8. The measure and Born	reproduce/born-quartet	
SPIN-BISECTOR	T	the integer skeleton and the SL_2(F_25) shadow of order 8; no positivity claim	8. The measure and Born	reproduce/born-quartet	
BORN-ORDER-STAIRCASE	T	root orders 4, 8, 16 first realized at F_5, F_25, F_625, with minimality against every smaller degree (16 divides none of 4, 24, 124); the gate is the square condition on the bisector norm	8. The measure and Born	reproduce/born-quartet	
CENSUS-313	C	the full enumeration of Z_5^6 under the Thue-Morse driven kernel, warmup 400, window 300, closure and stability checked	3. The kernel and the census	probes/P-CENSUS-REPLAY-1	fires if the pinned verifier fails on re-run or the aarch64 and x86_64 transcripts differ; status remains C absent an independent implementation or protocol independence
CENSUS-Z5-SHEET	C	all recurrent states of the census	3. The kernel and the census	probes/P-CENSUS-REPLAY-1	fires if the pinned verifier fails on re-run or the aarch64 and x86_64 transcripts differ; status remains C absent an independent implementation or protocol independence
CENSUS-PAIRING	C	the piston pairing involution on the 313 attractors	3. The kernel and the census	probes/P-CENSUS-REPLAY-1	fires if the pinned verifier fails on re-run or the aarch64 and x86_64 transcripts differ; status remains C absent an independent implementation or protocol independence
CENSUS-HOSTING	C	the return group of order 10 and the two coset formula on all 313 attractors	3. The kernel and the census	probes/P-CENSUS-REPLAY-1	fires if the pinned verifier fails on re-run or the aarch64 and x86_64 transcripts differ; status remains C absent an independent implementation or protocol independence
DIRAC-LADDER	D	the five gate closure of the electron ladder (light cone, spinor floor, carrier root, step dictionary, place distinction) and the checkerboard read between the rungs; the dictionary layer of the electron ladder	9. The photon and the electron	reproduce/dirac-ladder	
LADDER-LIGHTCONE	T	u = 2 phi^n, v = 2 phi^-n in Q(sqrt5): u v = 4 exactly, one tick is u -> phi u and v -> v / phi, conjugation swaps the legs with sign (-1)^n; L^2 - 5 F^2 = 4 (-1)^n	9. The photon and the electron	reproduce/dirac-ladder	
SPINOR-FLOOR	T	N(phi) = -1 with the alternator as N(phi^n) = (-1)^n; even rungs halve inside Q(sqrt5), odd rungs do not: x^4 - x^2 - 1 irreducible over Q and phi^3 = 2 + sqrt5 not a square in Q(sqrt5)	9. The photon and the electron	reproduce/dirac-ladder	
FIB-ROOT-TIES	T	det Fm = -1 = N(phi); Fm^2 is the cat map, Z conjugate to the modulus carrier; mod 5 the J-carrier is one Jordan block J_4(2), the towers close at 20 = 4p and 10 = 2p with -I at half period, and Fm is conjugate to the 1-jet of the carrier	9. The photon and the electron	reproduce/dirac-ladder	
FIB-ROOT-CARRIER	D	the ladder root read as the carrier root at the norm and 1-jet levels; the generator pairing at the inverse fourth roots 3 = 2^-1 in F_5	9. The photon and the electron	reproduce/dirac-ladder	
DIRAC-STEP-THEOREMS	T	the step invariants: trace z + 1/z mass free, determinant 1 + m^2 momentum free (electron 5 = p, photon 1), disc = (z - 1/z)^2 - 4 m^2, the exact mass shell Ehat^2 - phat^2 = m^2 for every z with band values 4 = u v and 5 = det, and the unitarized rest coin of infinite order	9. The photon and the electron	reproduce/dirac-ladder	
DIRAC-STEP	D	D_J(m_D)(z) = S(z)(I + i m_D X) read from the axiom with zero fitted parameters: coefficient set {1, i m_D}, massless the one sided shift, the mass insertion purely off diagonal; streaming is the counter, the coin modulus is the rest rung, the phase i is the plenum ellipticity	9. The photon and the electron	reproduce/dirac-ladder	
LADDER-SPIN-PLACES	T	the ladder involution (chi5, conductor 5, the sqrt5 place) and the spin involution (chi8, conductor 8, the sqrt2 place) are distinct place attached Galois involutions, witnesses 7 and 23; charge conjugation is the swap of the Gaussian primes above 5, swapping the rest eigenvalues 1 +- 2i	9. The photon and the electron	reproduce/dirac-ladder	
CHECKERBOARD-GAUSS-TOWER	T	one binomial pair per case with the reversal parity law; diagonal totals in Z, cross totals in iZ; the transition census (1 + t)^n; totals (1 + 2i)^n with recursion x^2 - 2x + 5 and c^2 + d^2 = 5^n; zone edges -5 I for the electron and -I for the photon	9. The photon and the electron	reproduce/dirac-ladder	
FERMIONIZER	T	Phi_f(s) = 1 - 2^(1-s): the bit at s = 1, the duty cycle 1/2 at s = 2, the stalemate -1 at s = 0, the Mersenne form at even s; Phi_f(-5) = -63 = -(2^6 - 1) and eta(-5) = Phi_f(-5) zeta(-5) = 1/4	9. The photon and the electron	reproduce/dirac-ladder	
LADDER-ALTERNATOR-BASIS	T	one beat is one boost times one alternator tick: STEP = B_J A = A B_J with A^2 = I and STEP^2 = B_J^2, det STEP = -1 = N(phi); the invariant E^2 - P^2 = 4 a b (-1)^n with readings L_n and sqrt5 F_n at balance and the balanced shell m = 2a	9. The photon and the electron	reproduce/dirac-ladder	
TM-BREATH-TOWER	T	the alternator factorization (-1)^t(n) = (-1)^n (-1)^t(n div 2): breath at one scale, Thue-Morse at every scale; aligned dyadic blocks cancel, sliding cancellation forces the pure breath, and the product formula ties every scale	9. The photon and the electron	reproduce/dirac-ladder	
MOBIUS-TM-PRIME2-BRIDGE	T	for positive integers, with mu the Moebius function, (f*g)(n)=sum_(d|n)f(d)g(n/d), D_p f(n)=f(pn), tau_TM(n)=(-1)^s_2(n), and c_TM=mu*tau_TM: for every prime p and every complex-valued arithmetic function f, if g=mu*f then D_p f=f on all positive integers iff g(n)=0 whenever p divides n; c_TM(2n)=0 for every n>=1 and tau_TM(n)=sum_(d|n,d odd)c_TM(d), so c_TM is the unique odd-supported arithmetic function with divisor sum tau_TM; for odd squarefree n=product_(p in P)p, with I the identity operator, c_TM(n)=product_(p|n)(D_p-I)tau_TM(1)=sum_(S subseteq P)(-1)^(|P|-|S|)tau_TM(product_(p in S)p), with c_TM(3)=2, c_TM(5)=2, c_TM(15)=-2, and for every odd prime p and k>=1, c_TM(p)=tau_TM(p)+1 and c_TM(p^k)=tau_TM(p^k)-tau_TM(p^(k-1)); for every n>=1, sum_(d|2n+1)c_TM(d)=-sum_(d|n)c_TM(d); for |x|<1, product_(j>=0)(1-x^(2^j))-1=sum_(d>=1,d odd)c_TM(d)x^d/(1-x^d); for Re(s)>1, with T_TM(s)=sum_(n>=1)tau_TM(n)n^(-s), C_TM(s)=sum_(n>=1)c_TM(n)n^(-s), T_TM,odd(s)=sum_(n odd)tau_TM(n)n^(-s), and zeta_odd(s)=(1-2^(-s))zeta(s), T_TM(s)=zeta(s)C_TM(s), zeta_odd(s)C_TM(s)=T_TM,odd(s), and C_TM(s)=T_TM,odd(s)/zeta_odd(s), with zeta_odd nonzero there; exact L1 arithmetic only, with tau_TM distinct from the global field scalar tau=sqrt(J), mu(2x)=-mu(x) restricted to odd x and false unrestrictedly at x=2, no multiplicativity or Euler-product claim for tau_TM or c_TM, the odd-layer factor 1-2^(-s) not equal to FERMIONIZER's Phi_f(s)=1-2^(1-s) at the same argument although it equals Phi_f(s+1), with that unused shift creating no dependency or physical identification, and no RH, zeta-zero, Nyman-Beurling, Baez-Duarte, analytic-continuation, pointwise or averaged/Cesaro Moebius-Thue-Morse orthogonality, Sarnak-type correlation, asymptotic cancellation, J, p=5, decoder, measure, observer, force, spacetime, physical-vacuum, other physical, SI, or L2-L6 conclusion	9. The photon and the electron	probes/P-MOBIUS-TM-PRIME2-1	fires if an exact counterexample violates the prime-dilation equivalence, even-support annihilation, odd-supported uniqueness or reconstruction, odd-squarefree Boolean formula or stated witnesses and prime-power corollaries, odd divisor recursion, Lambert identity in |x|<1, or Dirichlet identities, absolute convergence, or odd-zeta nonvanishing in Re(s)>1; a pinned-bundle, transcript, or architecture mismatch without an exact mathematical negation is integrity STOP, not a scientific falsifier
TM-MULTIPLICATION-CARRY-DEFECT	T	for positive integers a,b, with s_2 the binary digit sum, tau_TM(n)=(-1)^s_2(n) for n>=0, c_TM=mu*tau_TM under Dirichlet convolution on positive integers, binary digits a_i,b_j, raw multiplication-column multiplicities r_k=sum_(i+j=k)a_i b_j, q_(-1)=0, u_k=r_k+q_(k-1), z_k=u_k mod 2, q_k=(u_k-z_k)/2, r_k=0 past the last raw column, and iteration continued until the carry vanishes, write kappa_(2,mul)(a,b)=sum_k q_k for the probe's kappa_2: kappa_(2,mul)(a,b)=s_2(a)s_2(b)-s_2(ab)>=0 is the normalization-order-independent count of unit moves 2*2^k -> 2^(k+1), not a grouped-event count; with P=s_2(a) mod 2, Q=s_2(b) mod 2, K=kappa_(2,mul)(a,b) mod 2, and R=s_2(ab) mod 2, R=(P AND Q) XOR K and tau_TM(ab)tau_TM(a)tau_TM(b)=(-1)^((P OR Q) XOR K), so tau_TM is multiplicative at (a,b) iff K=P OR Q; for distinct odd primes p,q, c_TM(pq)=tau_TM(pq)-tau_TM(p)-tau_TM(q)-1 takes the values -2,-4,0,-2,0,-2,0,2 in lexicographic (P,Q,K) order 000,001,010,011,100,101,110,111, hence c_TM(pq) is in {-4,-2,0,2} and vanishes iff K=0 and (P OR Q)=1, with kappa_(2,mul)(3,11)=4 and c_TM(33)=0, kappa_(2,mul)(7,17)=0 and c_TM(119)=0, and kappa_(2,mul)(3,113)=3 and c_TM(339)=-4; for every prime p, c_TM(p^2)=tau_TM(p^2)-tau_TM(p) and c_TM(p^2)=0 iff kappa_(2,mul)(p,p) is even; for every odd squarefree n=product_(i=1)^m p_i with m>=1 and every subset S, put P_i=s_2(p_i) mod 2, n_S=product_(i in S)p_i, A_S=product_(i in S)s_2(p_i), Delta_mul(S)=A_S-s_2(n_S)>=0, and K_S=Delta_mul(S) mod 2, with n_empty=A_empty=1, Delta_mul(empty)=0, and empty AND equal to 1; then c_TM(n)=sum_(S subseteq {1,...,m})(-1)^(m-|S|)(-1)^((AND_(i in S)P_i) XOR K_S), where Delta_mul(S) is the multiproduct unit-carry mass; exact L1 arithmetic only, with kappa_(2,mul) distinct from the decoder-seed and photon-worldline uses of kappa, from the finite-vector-space e_2 carry layer of CARRY-PENTAD, and from the chronological nu_2(n+1) carry cocycle of RAMIFIED-TM-LIFT, with the semiprime table not asserting realization of every Boolean state by odd-prime pairs, c_TM=0 not implying zero carries or trivial multiplication, no multiplicativity claim for c_TM, no dependence on MOBIUS-TM-PRIME2-BRIDGE as a theorem premise, and no RH, zeta-zero, Nyman-Beurling, Baez-Duarte, analytic-continuation, J, p=5, FERMIONIZER, decoder, measure, Born, observer, force, spacetime, physical-vacuum, matter, light, entanglement, curvature, physical-interaction, other physical, SI, or L2-L6 conclusion	9. The photon and the electron	probes/P-TM-MULTIPLICATION-CARRY-DEFECT-1	fires if an exact counterexample or proof defect violates the raw-column recurrence, final-carry convention, carry-mass identity, nonnegativity or unit-normalization-order independence, the AND/XOR parity law or Thue-Morse defect sign, any lexicographic semiprime table entry, its value set, zero criterion or named controls, the prime-square identity or even-carry criterion, or the complete odd-squarefree carry-parity-cube formula including its empty conventions; a grouped-event count, collision with another kappa or carry object, identification of c_TM=0 with zero carries, multiplicativity claim for c_TM, import of MOBIUS-TM-PRIME2-BRIDGE as a premise, or excluded RH, J, physical, or layer lift is outside this row and requires a separately named claim; a pinned-bundle, transcript, or architecture mismatch without an exact mathematical negation is integrity STOP, not a scientific falsifier
BOOST-READING-SPLIT	T	for every n >= 0 in Q(sqrt5), C_n = phi^n + phi^-n and S_n = phi^n - phi^-n read as (L_n, sqrt5 F_n) for even n and (sqrt5 F_n, L_n) for odd n; beta_n = S_n/C_n obeys the exact index-addition law and C_n^2 - S_n^2 = 4	10. Relativity as counting	reproduce/observer-boost	
BOOST-COUNT-LADDER	D	the integer exponent n read as the substrate rapidity count n ln phi and beta_n as the decoder velocity; Einstein composition read as index addition, resting on BOOST-READING-SPLIT	10. Relativity as counting	reproduce/observer-boost	
OBSERVER-ALTERNATOR	D	the observer partition of mu_4 read as 1 + 3 and the substrate partition as the two fixed-point-free orbits of multiplication by -1, 2 + 2; the alternator is the dictionary hinge	10. Relativity as counting	reproduce/observer-boost	
BOOST-AXIS	D	in the commuting diagonal model B_J = diag(phi, phi^-1) and A = diag(1, -1), the two exact A eigendirections read as the frozen boost axis; no claim that the reading is forced	10. Relativity as counting	reproduce/observer-boost	
COLOR-RETURN-D5	T	the recurrent return group H1 is D5 of order 10 with its exact Q(sqrt5) character table and Plancherel mass M(E) = 10 |E| for every ensemble	12. The color door	reproduce/color-ladder	
COLOR-TORSOR-HOLONOMY	T	the 312 size-20 attractor halves are free D5 torsors; the singlet half is the five reflection axes; the recurrent spatial image is a Klein four group, orientation is tick parity, and Phi lies in SL_3(F_5)	12. The color door	reproduce/color-ladder	
COLOR-SPLIT-12	D	the trace kernel read under Phi as the eigenspace split 3 = 1 + 2, one symmetric line plus the antisymmetric color plane	12. The color door	reproduce/color-ladder	
COLOR-LADDER-DICTIONARY	D	the exact D5 to 2I to affine E8 representation and invariant ladder read as the nonabelian color door, with color su(3) on the traceless endomorphisms of the three dimensional trace kernel; no unique color assignment, QCD running, confinement, or complete measure lift is claimed	12. The color door	inline	
COLOR-DYNAMICAL-COLOR	F	the registered attempt to obtain non abelian color from the named dynamical census symmetries and translation candidate families of rung 3A	12. The color door	reproduce/color-ladder	fired: the generated group has order 20 and its special-linear spatial image is exactly {I, Phi} = Z_2
COLOR-KIN-NORMALIZER	T	within the filtered product-affine family, the full 40 x 480 = 19200 element normalizer permutes all 313 attractor supports; two L_plus and three GL_2(F_5) generators suffice	12. The color door	reproduce/color-ladder	
COLOR-KINEMATICAL-GL2	D	the special-linear kinematical image read as GL_2(F_5) of order 480 on the antisymmetric plane, embedded by g -> (det g)^-1 direct-sum g along 3 = 1 + 2	12. The color door	reproduce/color-ladder	
COLOR-CORE-2I	T	the perfect special-linear core of order 120 with center {I, -I}, nine measured conjugacy classes, and the ramified trace table; identified as 2I = SL_2(F_5)	12. The color door	reproduce/color-ladder	
COLOR-GOLDEN-TABLE	T	the full 9 x 9 character table of 2I over Q(sqrt5), row and column orthogonality, Galois stability, the unique involution, the dicyclic D5 lift, and the 5-regular Brauer reduction	12. The color door	reproduce/color-ladder	
COLOR-MCKAY-E8	T	tensoring by the spin row gives affine E8 with dimension marks; the moments are Catalan through degree 10 and first differ at degree 12 by 133 = 132 + 1; the verb weights are {4 phi^-2, 4 phi^2}	12. The color door	reproduce/color-ladder	
COLOR-MOMENT-FINGERPRINT	T	the moment series is the matching-polynomial ratio of finite to affine E8; 120 m_n = 2^(n+1) + 40 + 24 L_n for even n; 1 - J is a primitive tenth root of unity	12. The color door	reproduce/color-ladder	
COLOR-SPECTRAL-INVARIANTS	T	the fingerprint residues are the class masses |C|/120; the Molien series has generator degrees (12, 20, 30), one relation at 60, and Platonic excess 1/30 = 1/h(E8)	12. The color door	reproduce/color-ladder	
COLOR-DICKSON-RAMIFICATION	T	the ramified invariant forms E_6 and D_20 are algebraically independent; the modular invariant ring is free on degrees (6, 20); (V, F, E) = (2(p+1), p(p-1), p(p+1)) obeys V - E + F = 2 identically	12. The color door	reproduce/color-ladder	
COLOR-KLEIN-REDUCTION	T	Klein's relation T^2 + H^3 = 1728 f^5 over Z; invariant ramified reduction forces beta = 0 and gamma^2 = 3 alpha with good alpha in {2, 3}; the modular tower is Artin-Schreier	12. The color door	reproduce/color-ladder	
COLOR-INTEGRAL-LIFT	T	the two-generator 120-element model over Z[zeta_5], reduction bijective onto SL_2(F_5), Hessian shadow equal to the Dickson form, and the explicit Klein-gauge orbit satisfying gamma^2 = 3 alpha	12. The color door	reproduce/color-ladder	
COLOR-CM-2I-SEMILINEAR-PAIR	T	relative to K = Q(zeta_5), tau(zeta_5) = zeta_5^2, sigma = tau^2, F = K^sigma = Q(sqrt(5)), G = <S,T>, and the displayed marked integral 2I representative rho(S), rho(T) of COLOR-INTEGRAL-LIFT, put V = K^2 direct-sum K^2, Pi = rho direct-sum rho^tau, q = zeta_5 - zeta_5^4, C0 = [[1,q],[-q,1]], dagger = transpose after sigma, and N_K/F(x) = x sigma(x): E1 the marked twist-isomorphism stabilizer is exactly {1,sigma}, while tau and tau^3 exchange the golden trace values phi^-1 and -phi; this equality by itself supplies no F-form or descent datum and identifies no outer automorphism or unmarked conjugacy classes; E2 Pi has Q-valued character and Galois-stable K-isomorphism class through explicit intertwiners, its branches are absolutely irreducible and inequivalent with scalar endomorphism algebras, and Hom_G(rho^tau,rho) = 0, Hom_G(rho^sigma,rho) = K C0, End_G(rho^tau) = K I2, and Hom_G(rho^sigma,rho^tau) = 0, with no Q-form or coherent C4 descent datum; E3 under pair-coordinate equivalence B' = A B tau(A)^-1 for A = diag(r I2,s I2) with r,s in K^x, every admitted invertible G-equivariant tau-semilinear structure has the exhaustive antidiagonal form B = [[0,a C0],[d I2,0]] for a,d in K^x and cocycle class [-1] in F^x/N_K/F(K^x), so order four is impossible, while B0 = [[0,C0],[phi I2,0]] gives nu^4 = -I4 and nu^8 = I4 and eight is the smallest attainable finite order, without asserting that every admitted nu has finite order; E4 for H0 = sum_(g in G) rho(g)^dagger rho(g), the invariant sigma-Hermitian forms on the single rho branch are exactly the F-line F H0, which contains the totally positive definite form H0, and for the chosen H_pair = diag(H0,tau(H0)) the explicit order-eight map satisfies B0^dagger H_pair B0 = phi^2 tau(H_pair), with phi^2 forced by determinants and positivity; no claim is made that the full space of invariant forms on the pair V is one dimensional; these are L4 statements relative to the displayed marking and assert no uniqueness or selection of a marked lift, decoder Q or QCarrier, decoder Gram, orbit-to-amplitude map, MatterData, physical U(1), or L5-L6 measure lift	12. The color door	probes/P-CM-2I-QCARRIER-1	fires if any frozen F-CM-1 through F-CM-5 exact witness occurs: the marked stabilizer differs, the pair character is not Q-valued, an explicit Galois pair intertwiner fails, a scalar endomorphism algebra or displayed Hom space differs, the antidiagonal classification is incomplete, the cocycle class differs from [-1], an admitted order-four structure exists, the explicit order-eight witness or minimality fails, the single-branch Gram space is not F H0, H0 is not totally positive definite, the balanced multiplier is not forced to phi^2, or the balanced identity fails; unmarked equivalence, changed representatives, decoder QCarrier, U(1), and L5-L6 are outside scope
COLOR-MEASURE-TRANSPORT	T	the golden dual measure transported from D5 onto the 2I core through the exact character, verb, and spectral class measures of rungs 5 to 8; no claim of the remaining lift to the full SL_3(F_5) carrier	12. The color door	reproduce/color-ladder	
KAHLER-CAPACITY	T	V_geo = (4 pi)^3 phi^2 = 64 pi^3 phi^2 from the declared Kahler metric h(z) = (J Jbar)^-1 (1 + |z|^2)^-1: the order 0 jet is h(0) = phi^2 with J Jbar = 2 - phi = phi^-2 exactly in Z[zeta_5], and the order 2 jet is the Fubini-Study factor (4 pi)^3	13. Gravity and cosmology	reproduce/gravity-chain	
FRW-CANONICAL-FORM	T	the rank 1 lapse action closes the displayed (00) constraint algebra: the lapse variation gives 3 H^2 = lambda rho, lambda = 216 pi gives H^2 = 72 pi rho, the coefficient 3 = C(3,2) counts the spatial 2-planes, continuity gives the second Friedmann equation, and the Hamiltonian constraint takes the canonical form; the fiber multiplier k_f = 1 is forced by the displayed master identity against G_nat = 27 = d^3 with V_cell = 864 pi carrying exactly one fiber 2 pi; no source-projector uniqueness, amplitude ansatz, or E_total claim is included	13. Gravity and cosmology	reproduce/gravity-chain	
DE-TRACE-DENSITY-UNDERDETERMINATION	T	at the homogeneous L5 rational-coefficient scope with chi = log a and d = 3, the exact constant-w coefficient pairs satisfying the registered FRW continuity identity q = 3(1 + w_q) are precisely (q, q/3 - 1) for q in Q; q = 0 with w_q = -1 and q = 1/5 with w_q = -14/15 are inequivalent exact witnesses, so FRW-CANONICAL-FORM alone does not select a unique density character; 1/5 is only a rational witness and is not identified with gamma_tr; no trace-Gram identification, dictionary authorization, physical trace-to-density transport, universal transport law, source-projector uniqueness, inhomogeneous result, SI statement, empirical fit, or claim about constraints outside this frozen relation is included	13. Gravity and cosmology	probes/P-DE-TRACE-DENSITY-1	fires if the exact solution set of q = 3(1 + w_q) over Q^2 differs from {(q, q/3 - 1): q in Q}, the two displayed q values are equal under rational equality, or the pinned evidence bundle or two-architecture transcript fails; any later selector using additional registered structure is outside this theorem scope
GRAVITY-BRIDGE-LAW	D	the equation layer of the SI bridge on the single anchor m_e: alpha B g = 1 identically with B = alpha^-1/g; g = 2^5 phi^2 sqrt(3 - phi) with g^2 = 1024 phi^4 (3 - phi) and 3 - phi = |1 - zeta_5|^2 exactly; G_T = (32/33)^2 alpha^20 / g with (32/33)^2 = (2^5/(2^5 + 1))^2 and alpha content exactly alpha^20; the wall spelling ell_P / lambda_e = (32/33) alpha^10 / sqrt(g) is equivalent under ell_P^2 = 27 ell_G^2; the SI value of G is not claimed and stays on the frontier	13. Gravity and cosmology	reproduce/gravity-chain	
MU-TAU-COEFFICIENT	T	C = 89/5 = 18 - 1/p exactly, with matter_spatial 18 = (1/2)(12)(3) and the trace term 1/p; the shared coefficient of the muon and tau ladder readings, with 240 C = 4272 an integer	7. The mass ladder and the parity law	reproduce/mass-ladder	
MU-EXCHANGE-IDENTITY	T	delta mu_tau + 240 delta mu_mu = 0 exactly in Q: under any shift of the shared coefficient the two ladder readings move in the ratio -240, so the exchange is exact at every alpha	7. The mass ladder and the parity law	reproduce/mass-ladder	
MASS-LADDER-FORMS	D	the committed ladder forms on the single SI anchor m_e: mu_mu = 2688/13 - C alpha^2 and mu_tau = 3477 + 240 C alpha^2 with the shared C = 89/5; mu_p = 6 pi^5 (1 + alpha^2/3), the single bare pi^5; mu_n = mu_p + deg_v/chi - Delta_EM with Delta_EM open (NEUTRON-DELTA-EM); the sigma comparisons are fenced measured witnesses and no value is claimed beyond the committed forms	7. The mass ladder and the parity law	reproduce/mass-ladder	
PARITY-LAW	T	in the formal observable register R = A[pi, pi^-1], the involutive algebra automorphism iota_pi fixes A and sends pi to -pi; it is not ordinary complex conjugation; thirteen named entries are even and delta free, the three odd delta carriers sit at pi degrees 1, 3, and 5, and the neutron is the unique mixed composite among the named forms; no larger census is claimed	7. The mass ladder and the parity law	reproduce/mass-ladder	
BRIDGE-DEFECT	T	delta = 6 phi^2 - 5 pi = (9 + 3 sqrt5) - 5 pi is nonzero: 9 + 3 sqrt5 is algebraic with minimal polynomial x^2 - 18x + 36 and pi is transcendental (Lindemann-Weierstrass); the exact bridges xi phi^2 = 5 = p, script-Q phi^2 = 2 pi, and script-Q/xi = 2 pi/5 = arg J hold in Q(sqrt5); the numerical gap stays a labeled witness	7. The mass ladder and the parity law	reproduce/mass-ladder	
WEINBERG-TREE	T	the tree value 3/13 = deg_f/(V + 1) exactly, with deg_f = Tr(J) = 3 computed on the power basis of Z[zeta_5] and V = 12 = d(d + 1) by two agreeing routes; gcd(3, 13) = 1	6. Alpha and the observable register	reproduce/weinberg	
HYPERCHARGE-LAW	T	Y_F = (B - L) + 2 T_3^R reproduces all seven standard model hypercharges exactly in Q (the quark doublet 1/3, u_R 4/3, d_R -2/3, the lepton doublet -1, the right handed neutrino 0, e_R -2, the Higgs 1); B_quark = 1/3 = 1/dim ker(Tr) with the trace kernel of dimension 3 over Q and of size 125 = 5^3 over F_5	6. Alpha and the observable register	reproduce/weinberg	
WEINBERG-FORM	D	the committed form sin^2 theta_W = 3/13 + 1/(32 pi^2 phi^4): the single correction term (1/32) pi^-2 phi^-4 with phi^-4 = 5 - 3 phi > 0 exactly in Q(sqrt5), pi even and delta free on the parity register; the measured comparison stays a fenced witness and no value is claimed beyond the committed form	6. Alpha and the observable register	reproduce/weinberg	
MAXWELL-BIANCHI	T	on the 3+1 tesseract the Bianchi identity dF = d(dA) = 0 holds identically in the 32 independent edge symbols on all 8 cubes, and gauge invariance F[A + d Lambda] = F[A] is an identity in 16 more vertex symbols on all 24 faces	5. The force is the curvature	reproduce/maxwell	
MAXWELL-GAUSS-CHAIN	T	Gauss as the boundary equation bd E = rho on the closed 2 x 2 x 2 spatial torus: the Smith form of the boundary has all seven elementary divisors equal to 1, a constructive two edge dipole solves the point pair exactly, and the integrated law holds on every one of the 256 vertex regions	5. The force is the curvature	reproduce/maxwell	
MAXWELL-AMPERE-CHAIN	T	the inhomogeneous pair as the face boundary equation on the 2^4 spacetime torus: conservation bd1 bd2 = 0 is an exact identity in the 96 face symbols, the Smith form of the face boundary has all 45 divisors equal to 1, and H_1 is free of rank 4 with the four winding certificates pairing to the identity on the elementary winding currents	5. The force is the curvature	reproduce/maxwell	
MAXWELL-OBSTRUCTION-P	T	the obstruction pair is counted in p = 5: over F_5 Gauss is solvable iff the total charge vanishes mod 5 (rank 7 with the augmentation annihilating the image, constructive solution and exhibited obstruction), and the current pair is solvable iff the current is conserved and all four winding numbers vanish mod 5 (the exact rank identity 45 = 64 - 19, the single winding obstructed, five parallel windings solved)	5. The force is the curvature	reproduce/maxwell	
MAXWELL-CLOSED	D	the dictionary reading: the classical Maxwell system of the decoder closes exactly on the chain complex, the electric and magnetic laws as boundary equations with their obstructions counted in p; no continuum limit is claimed	5. The force is the curvature	reproduce/maxwell	
ALPHA-PREFACTOR-UNIFICATION	T	with B_{2,chi5} = 4/5 exactly by the generalized Bernoulli definition, the Gauss sum tau = zeta - zeta^2 - zeta^3 + zeta^4 = 2 phi - 1 = sqrt5 exactly in Z[zeta_5] with tau^2 = 5, and L(2, chi5) = 4 pi^2/(25 sqrt5), the identity 80 sqrt5 L(2, chi5) = (8 pi)^2/5 holds exactly in Q: the witness formula and the Queen formula are one formula and no independent L value enters the alpha sector; the prefactor is (1 + J Jbar)^(1/4) with 1 + J Jbar = 3 - phi exactly	6. Alpha and the observable register	reproduce/alpha-value	
ALPHA-FORM	D	the committed Queen form alpha = 5 S/((8 pi)^2 sqrt(s)) with sqrt(s) = (3 - phi)^(1/4) = (1 + J Jbar)^(1/4), S = (1 + X/5)^-5, and X = 1/(32 pi^2 phi^4) the same slip as the Weinberg correction; every pi degree of the form is even, so alpha is pi even and delta free; the CODATA comparison stays a fenced measured witness and no value is claimed beyond the committed form	6. Alpha and the observable register	reproduce/alpha-value	
ALPHA-VALUE-DIGITS	C	the value of the committed form enclosed by exact integer interval arithmetic at scale 10^50 with outward rounding: enclosure width below 10^-20, unrounded value beginning 137.0359991899, and 137.035999190 rounded at the ninth decimal place; computed at finite precision; the sub ppb CODATA window is a fenced measured witness and moves no status	6. Alpha and the observable register	reproduce/alpha-value	
TT-LINEAR-ZERO	T	the phase deformation J -> J u freezes the modulus identically: (J u)(Jbar u^-1) = J Jbar in the Laurent phase monomial, so the coefficient of its linear variation is zero while the argument varies	13. Gravity and cosmology	reproduce/cosmology-register	
TT-QUADRATIC-INDUCED	D	the bilinear TT decoder permits induced tensor power at quadratic field order: for the traceless symmetric doublet det(I + H) - 1 = -|h|^2 exactly with no linear term; a numerical r_T(k) stays on the frontier (TT-VECTOR-STATE-NORMALIZATION)	13. Gravity and cosmology	reproduce/cosmology-register	
GYRON-DENSITY	T	for the named Thue-Morse sliding pair (0, 0), both prefix normalizations c_00(L)/L and c_00(L)/(L - 1) tend to 1/6 as L -> infinity (the second for L >= 2), and 1/6 is separately the 00 coordinate of the unique normalized stationary fixed point only under the frozen equal phase average; the fixed I(v_*) and B(v_*) phase readouts have 00 coordinates 0 and 1/3, and the finite-prefix equality d(4L) = d(L) holds iff L is even, with least positive counterexample L = 1; no six-line cardinal average, Born multiplier, mass density, cosmological parameter, selector weight, physical probability or measure, L5 stream, or L6 measure is claimed	3. The kernel and the census	probes/P-GYRON-DISCREPANCY-LOG-3	fires if the pinned evidence or two-architecture transcript differs, either prefix-density limit fails, the normalized stationary fixed point or any of the three phase coordinates differs, or the parity-qualified four-step law fails; another occurrence of the number 1/6 on another carrier is outside scope
GYRON-DISCREPANCY-LOG	T	for t_n = s_2(n) mod 2, c_ab(L) the sliding-pair census, S(L) = n_0(L) - n_1(L), and d(L) = 6 c_00(L) - L on integers L >= 1 with the empty census at L = 1: d(2L) = -d(L) + 3S(L) - 6 and d(4L) = d(L) - 3S(L), so d(4L) = d(L) iff L is even, with least positive counterexample L = 1; the reachable signed-affine carrier has exactly six states, its complete 96-path four-bit induction gives E_1 = 2, E_2 = 4, and E_k = 2(floor((k+1)/4)+2) for k >= 3, hence d(L) = O(log L), d(L)/L^epsilon -> 0 for every fixed real epsilon > 0, and both c_00(L)/L and c_00(L)/(L - 1) tend to 1/6; L1 exact sequence mathematics only, with the finite prefix census serving as audit rather than proof and no periodic-modulator, fractal-sector, decoder, physical-density, or L2-L6 claim	3. The kernel and the census	probes/P-GYRON-DISCREPANCY-LOG-3	fires if the pinned evidence or two-architecture transcript differs, or if an exact counterexample violates any registered seam, balance, discrepancy, parity, least-counterexample, six-state, four-bit-path, induction, endpoint, extremum, or asymptotic clause; a proof defect without an exact counterexample invalidates the certificate but is not a mathematical falsifier
TM-PAIR-SUBSTITUTION-FIXED-POINT	T	for v = (a,b,c,d) in pair order, I_L(v) = (0,a+b,c+d,0), I_R(v) = (0,a+c,b+d,0), B(v) = (c,d,a,b), R_L = (I_L+B)/2, and R_R = (I_R+B)/2: the full maps are unequal with characteristic polynomials x(x-1)(x-1/2)(x+1/2) and x(x-1)(x+1/2)^2, while on the stationary subspace b = c their restrictions agree as the forward phase-averaged operator R with spectrum {1,-1/2,0}; v_* = (1,2,2,1)/6 is the unique fixed point in the normalized stationary affine space and R^n v -> v_* componentwise for every input there; I(v_*) = (0,1/2,1/2,0), B(v_*) = (1/3,1/6,1/6,1/3), and 1/6 occurs only under their frozen equal average; R is not coarse-graining, desubstitution, inverse RG, a finite-prefix invariant, decoder factor, physical probability or measure, or an L1-to-L5/L6 bridge	3. The kernel and the census	probes/P-GYRON-DISCREPANCY-LOG-3	fires if the pinned evidence or two-architecture transcript differs, or if any frozen phase map, full-map inequality, characteristic polynomial, stationary restriction or spectrum, fixed-point uniqueness, all-input convergence, or fixed-phase law is false; a changed anchoring convention or nonstationary carrier is outside scope
COSMOLOGY-READING-DICTIONARY	D	the zero linear variation in TT-LINEAR-ZERO read as zero linear tensor response and r_T = 0 at the declared isotropic dictionary layer, GYRON-DENSITY read as the mass-ladder prefactor, and the committed COSMOLOGY-REGISTER forms read as cosmological observables; no unique decoder or full perturbation theorem is claimed	13. Gravity and cosmology	inline	
COSMOLOGY-REGISTER	D	the committed register forms on the observable list: w = -14/15, Omega_b = pi^2/200, Omega_DM/Omega_b = 18 p^3 ln^2(phi)/pi^4 with the 5 : 1 reading equal to (1 - f_00)/f_00 exactly, and the tilt form n_s - 1 = -5 alpha with NS-TILT live; every form pi even and delta free; N is the cosmic clock at its committed labels; the measured comparisons stay fenced and no value is claimed beyond the committed forms	13. Gravity and cosmology	reproduce/cosmology-register	
CONFORMAL-PREFACTOR	D	K_chi5 = k/(12 V_cell) = 1/(864 pi) at the homogeneous L5 scope, the same flux coefficient as the gravity chain master closure, with c_hom = 12 K_chi5 = 1/(72 pi) and 864 = 12 . 72; the inhomogeneous scalar action and the SI clause stay open (FRW-INHOM, METRO-EDGE-SCALE)	13. Gravity and cosmology	reproduce/cosmology-register	
TT-SQUARING-DECODER	D	the TT decoder is the complex squaring map h_+ + i h_x = (v1 + i v2)^2 with kernel exactly {+-1}, the spin double cover; volume neutrality det(I + H) = 1 - |h|^2 exactly; one propagation law c = 1 - s^2 on the integer triple +1, 0, -3	14. The gravitational wave program	reproduce/coupling-metrology	
SCHWARZSCHILD-TT-ENDPOINT	T	the displayed Regge-Wheeler coefficients (1, 0, -3) follow from the same 1 - s^2 family, V_2 = f (L/r^2 - 6M/r^3) with -6 = 2(1 - 4); no wider Lichnerowicz uniqueness theorem is claimed	14. The gravitational wave program	reproduce/coupling-metrology	
TT-QUADRATIC-GERM	D	Stage B bookkeeping takes mu = 1 and the pairing dictionary Z_L2 = 1/2 exactly as explicit inputs; it does not derive the action germ, a Gaussian-state boundary, or a Stage B pullback	14. The gravitational wave program	reproduce/coupling-metrology	-
COUPLINGS-DETERMINE	T	for rho_psi = psi psi^dagger G/(psi^dagger G psi), the cyclic trace identity gives tr(rho_psi) = 1 exactly against the Galois Gram and the Born value is the branch G norm; no instrument-uniqueness theorem or gyron-carrier no-go is included	15. Couplings, instruments, and metrology	reproduce/coupling-metrology	
DEWITT-TWELVES	T	the dressing coefficient is the DeWitt norm d(1 - lambda d) = 12 = d(d + 1) at the substrate lambda = -1, positive definite; the level 1 to level 2 normalization inheritance is closed and the chain of twelves is exact at scope, the same 12 as the counting k and the conformal multiplier	15. Couplings, instruments, and metrology	reproduce/coupling-metrology	
METRO-TICK	T	the tick clause alone is closed dimensionless: delta tau hat = 1/5 cycle = 2 pi/5 per tick, the step phase of the fiber circle, and five ticks close the cycle at 2 pi; METRO-ADMISSIBILITY and METRO-EDGE-SCALE stay live	15. Couplings, instruments, and metrology	reproduce/coupling-metrology	
MEASURE-SPATIAL-ONLY	T	in the declared trace/conformal/spatial decomposition, the trace and conformal directions have Gram weight 1/p, the spatial base ker(Tr) has weight 1, and d/(d + 1) = 3/4 exactly for d = 3	5. The force is the curvature	reproduce/coupling-metrology	
STRONG-SEED	D	the strong coupling root is 1 . 3/4 . 1 = 3/4 on the spatial base; the seed ratio EM to strong is (3/4)/(1/5) = 15 : 4 exactly; running and scheme stay live (ALPHA-S-RUNNING, SCHEME-DICTIONARY)	5. The force is the curvature	reproduce/coupling-metrology	
HYPERPLANE-BOUNDARY-CLASS	T	the boundary class of the kernel census: S_hyp = M cap ker Tr_4 with M the z_6 sheet {1, 4}; |M| = 6250, |S_hyp| = 1250, the charged complement 5000 in two sheets of 2500, the boundary fibers 625 + 625, by full enumeration of all 15625 states	3. The kernel and the census	reproduce/hyperplane-codec	
HYPERPLANE-BOUNDARY-REALIZATION	C	the census window at the registered constants (warmup 400, window 300, stable second window) realizes S as the union of the 63 = (p^3 + 1)/2 boundary attractors, 62 of size 20 and the singlet of size 10, the charged sector the remaining 250, no straddling attractor	3. The kernel and the census	reproduce/hyperplane-codec	
CODEC-TR4	T	the unique M_J readout: the step matrix is multiplication by J with characteristic polynomial Phi_5(x - 1), det(2I - M_J) = 5 = p, the piston sum doubles by the integer identity Tr_4(M_J x) = 2 Tr_4(x) - 5 x_c, and the scalar multiples of Tr_4 are the only covectors satisfying f(M_J x) = lambda f(x) for any multiplier	3. The kernel and the census	reproduce/hyperplane-codec	
PHIBIT-NOT-TAU	F	the physical reading of the phibit as the Fibonacci tau anyon	11. The pentit ring and the magic boundary	reproduce/hyperplane-codec	fired: the phibit fusion ring is the group ring of Z_5 with five invertible simples of dimension 1, while the Fibonacci ring has two simples with tau tau = 1 + tau and dimension phi; the dead branch is archived and only a named gate could reopen the physical reading
KERNEL-WEDGE-AFFINITY	T	every kernel generator is affine on all 15625 states, g(x) = M_g x + v_g with det M_g = 1 over F_5; a and b linear, c, d, e strictly affine: the translational sector is exactly {c, d, e}	3. The kernel and the census	reproduce/kernel-connectivity	
KERNEL-WEDGE-COUPLING	T	the two CSUM transvections preserve all 15 wedges w_ij = x0_i x1_j - x0_j x1_i as an exact polynomial identity and generate SL2(F_5), order 120, acting diagonally on the cell pair	3. The kernel and the census	reproduce/kernel-connectivity	
KERNEL-WEDGE-LINEAR-STRATA	T	the linear sector acts on the wedge by congruence W -> M_g W M_g^T (36 basis pairs, both sides bilinear) and preserves the wedge rank strata; the rank is 0 exactly on dependent pairs and 2 otherwise on the exhaustive slice	3. The kernel and the census	reproduce/kernel-connectivity	
KERNEL-WEDGE-AFFINE-MIX	T	only the affine translations cross the symplectic strata: over the full dependent stratum x1 = m x0, 78125 pairs per generator, a and b lift 0 pairs and c, d, e each lift exactly 62480 = 2^4 . 5 . 11 . 71 pairs to rank 2	3. The kernel and the census	reproduce/kernel-connectivity	
KERNEL-CELL-COMPONENTS	C	the single cell component census on all seventeen recorded generator subsets, from {ac} at 945 and {bde} = {cde} = 169 down to the full verb {abcde} at 1, with monotonicity on every comparable pair	3. The kernel and the census	reproduce/kernel-connectivity	
KERNEL-MACRO-READING	D	connected macro space is the affine translational sector breaking inter cell symplectic parallelism, organized by the SL2(F_5) coupling on the entanglement axis, with the wedge automorphism a completing transitivity; wedge rank 0 is parallel cells, rank 2 independent cells; refines the commutator reading of space	3. The kernel and the census	reproduce/kernel-connectivity	
ODOMETER-INTERNALIZED	D	the autonomous state is Omega = N_0 x F_5^6, where N_0 is the forward orbit of 0 under the 2-adic odometer; theta_n = s_2(n) mod 2 obeys theta_2n = theta_n, theta_(2n+1) = 1 - theta_n and the local carry law, and U(n, psi) = (n + 1, g_(z_6(psi) + 2 theta_n)(psi)) has no external step parameter; no parity function on all of Z_2 is asserted	2. Time, space, and the decoder	reproduce/foundations-places	
READING-SPLIT	D	the partial decoder interface reads the registered legs by linear projection, binary Thue-Morse cut, and quadratic registration; the linear leg is CODEC-TR4, the binary cut drives the census, and the quadratic leg is the Born square; no totality, uniqueness, or completeness of the decoder is claimed	2. Time, space, and the decoder	inline	
TIME-QUANTUM-TOWER	C	on the ring Z/5^k the step matrix satisfies M_J^(5^k) = i_5 I with i_5^4 = 1 and i_5 = 2 mod 5, and the period of M_J is exactly 4 x 5^k; computed exhaustively for k = 1 to 4; no all-k theorem is claimed	2. Time, space, and the decoder	reproduce/foundations-places	
DEGREES-BY-PRIME	T	the exact field facts sqrt5 = 2 phi - 1 in Q(zeta_5), sqrt2 = m_8 + m_8^-1 and i = m_8^2 in Q(zeta_8), with neither sqrt2 nor i in Q(sqrt5), the unique quadratic subfield of Q(zeta_5)	4. The two places	reproduce/foundations-places	
QUARTIC-CYCLOTOMIC-TOTAL-RAMIFICATION-CENSUS	T	among full cyclotomic fields K_n = Q(zeta_n) of degree four over Q, quotiented by equality of fields, phi(n)=4 exactly for n in {5,8,10,12}, Q(zeta_10)=Q(zeta_5), and the distinct class is {K_5,K_8,K_12} with discriminants 5^3, 2^8, and 2^4 3^2; the complete total-ramification locus is exactly {(K_5,5),(K_8,2)}, with 5 O_5 = p_(5,5)^4 and p_(5,5)=(1-zeta_5), 2 O_8 = p_(8,2)^4 and p_(8,2)=(1-zeta_8), both having (e,f,g)=(4,1,1), while 2 O_12=P_(12,2)^2 and 3 O_12=P_(12,3)^2 both have (e,f,g)=(2,2,1) and are ramified but not total; the residue-unit outputs are F_5^x=C_4 with J mod p_(5,5)=2 as a generator and F_2^x=C_1 at the total primes, with the non-total controls F_4^x=C_3 and F_9^x=C_8 retained; L1 exact arithmetic only, with no selection of degree four, completeness of a broader CM or admissible class, unique physical field or place, TWO-PLACE-PHYSICS promotion, decoder, Born measure, physical bit, clock, force, observable, or lift to L2-L6	4. The two places	probes/P-QUARTIC-CYCLOTOMIC-TOTAL-RAMIFICATION-CENSUS-1	fires if the complete solution set of phi(n)=4 differs from {5,8,10,12}, the quotient to exactly three distinct fields or a displayed discriminant is false, the total-ramification locus differs from {(K_5,5),(K_8,2)}, either principal total-prime identity or any displayed ramification profile, residue field, or residue-unit group is false, or an exact result attributes an excluded degree selection, broader-class completeness, physical uniqueness, TWO-PLACE-PHYSICS promotion, decoder, measure, or L2-L6 conclusion to this row; an inherited J-reduction mismatch requires correction of existing Public Canon and is repository STOP, while a pinned-bundle, breaker, or transcript mismatch without an exact negation is integrity STOP, not a scientific falsifier
ABELIAN-CM-UNIQUE-EVEN-BIT-DISCRIMINANT-MINIMUM	T	for the class A, up to Q-isomorphism, of finite Galois CM extensions K/Q with abelian G_K=Gal(K/Q), |Hom(G_K,C_2)|=2 including the trivial character, and chi(c_K)=+1 for every chi:G_K->C_2 at canonical CM conjugation c_K, Q(zeta_5) belongs to A, every K in A has absDisc(K)>=125, and equality holds if and only if K is Q-isomorphic to Q(zeta_5), so Q(zeta_5) is the unique absolute-discriminant minimizer in A; the proof forces an order-four root of c_K and degree divisible by four, uses the totally imaginary Minkowski bound to reduce every smaller or tied competitor to degree four, forces G_K=C_4, obtains an odd primitive quartic character psi with an even primitive character epsilon associated to the pointwise square psi^2, applies the field conductor-discriminant identity absDisc(K)=f(psi)^2 f(epsilon), proves f(psi)>=5 and f(epsilon)>=5 with the pure 2-primary control (16,8) giving floor 2048, and identifies equality with the faithful conductor-five character; L1 exact arithmetic only, with no total-ramification premise, no claim that A or discriminant minimization is selected by J, the decoder, or Nature, no unique physical field or place, TWO-PLACE-PHYSICS promotion, write/read assignment, decoder, Born measure, physical bit, clock, force, observable, or lift to L2-L6	4. The two places	probes/P-ABELIAN-CM-UNIQUE-EVEN-BIT-DISCRIMINANT-MINIMUM-1	fires if a field K in A has absDisc(K)<125, a field in A not Q-isomorphic to Q(zeta_5) has absDisc(K)=125, Q(zeta_5) fails an admissibility condition or has discriminant other than 125, or the order-four root, degree divisibility, Minkowski reduction, cyclic-quartic reduction, character correspondence, field conductor-discriminant identity, conductor bounds, pure 2-primary control, or equality-field identification is false; a pinned-bundle, transcript, architecture, or wrapper mismatch without an exact mathematical negation is integrity STOP, not a scientific falsifier
Z2-PLACES-SPLIT	T	the cyclotomic Galois involutions sit at exactly two places: one involution at zeta_5 (the single order 2 element of the cyclic Galois group) and a complete Klein four at zeta_8; 5 = (2 + i)(2 - i) in Z[i] with conjugation swapping the two Gaussian primes above 5	4. The two places	reproduce/foundations-places	
TWO-PLACE-PHYSICS	D	the v_5 place read as the write side for geometry, gravity, and the pentit substrate, the v_2 place as the read side for Clifford, Born, and the foreign qubit; CP read from zeta_5 and Gaussian conjugation, T from Thue-Morse reversal, and CPT as their composition; the Born square declared as the cross-place descent reading; no uniqueness or physical CPT-operator theorem is claimed	4. The two places	inline	
I-BILOCATED	D	i is bilocated: the order 4 element of F_5* at v_5 (2^2 = -1, exact order 4) and zeta_8^2 at v_2 (m^2 squares to -1), identified only over Q, never merged	4. The two places	reproduce/foundations-places	
SILVER-RING-FACTS	C	in F_25 = F_5(sqrt2): the step collapses to the doubling J = 2, tau = sqrt(J) has tau^4 = -1 and ord(tau) = 8, and F_25* is cyclic of order 24; norm, element orders, cyclicity, and census are finite computations	4. The two places	reproduce/foundations-places	
SILVER-SIBLING	D	m_8 = zeta_8 = sqrt(i) at prime 2 with the silver unit 1 + sqrt2 of norm -1 mirrors tau = sqrt(J) at prime 5; a dictionary mirror reading resting on SILVER-RING-FACTS [C]	4. The two places	reproduce/foundations-places	
CENTRAL-LIFT-PHASE	T	relative to K = Q(zeta_5), O_K = Z[zeta_5], the principal embedding, phi = -(zeta_5^2 + zeta_5^3), J = phi^-1 zeta_5, zeta_10 = -zeta_5^3, s = zeta_10/sqrt(phi), g_J = diag(s,s^-1), A_J = diag(J,1), H_A(X) = A X A^dagger/|det A| on Herm_2(C), and S_A(Y) = A Y A^T/|det A| on Sym_2(C): E1 s^2 = J, s^5 = -phi^(-5/2), g_J^5 is the central minus sign times diag(phi^(-5/2),phi^(5/2)), and g_J^10 = diag(phi^-5,phi^5), so the fifth projective Herm power is a pure boost while the spinor sign remains; E2 H_(cA) = H_A and S_(cA) = (c^2/|c|^2)S_A for every nonzero complex scalar c, H_(A_J) sends (u,v,w) to (phi^-1 u,phi v,zeta_5 w), its fifth power sends (u,v,w) to (phi^-5 u,phi^5 v,w), and A_J^2 = J diag(J,J^-1) gives equal Herm actions but central Sym factor zeta_5^2; E3 the image of O_K^x under c -> c/conjugate(c) is exactly mu_5, while 1-J = -zeta_5^2 lies in mu_10 \ mu_5 and is not a unit-scalar Sym phase; these are L4 quadratic-support statements only and define no Herm2 positive/Born/causal cone, boundary, split-unit projector, rigidity or common carrier, integral tick, physical time, bit, U(1), electromagnetism, decoder Q or QCarrier, MatterData, L5 stream, L6 measure, or cross-layer lift	4. The two places	probes/P-CENTRAL-LIFT-PHASE-1	fires if a frozen spinor power or J-action coefficient fails, either normalized scalar law or the zeta_5^2 central factor fails, the O_K unit-phase image differs from mu_5, 1-J lies in mu_5, or an exact result attributes an excluded physical, decoder, cone, carrier, or cross-layer conclusion to this row; a pinned-bundle or transcript mismatch without an exact negation is integrity STOP, not a scientific falsifier
FORCE-WEYL-HOLONOMY	T	the finite Weyl pair on five basis states satisfies Z X Z^-1 X^-1 = zeta_5 I exactly; the commutator phase is primitive of order 5 with principal argument 2 pi/5	5. The force is the curvature	reproduce/force-born-dictionary	
FORCE-AS-CURVATURE	D	the finite Weyl commutator read as a force curvature and, through AXIOM-PROJECTION-DICTIONARY, the two J projections read as the two abelian force channels; no uniqueness or completeness of the force dictionary is claimed	5. The force is the curvature	inline	
COULOMB-GREEN-COMPUTATION	C	on the finite decoder graph C4 the Moore-Penrose Green kernel is 16 G = circ(5, -1, -3, -1), with L G = G L = I - (1/4) 1 1^T and zero row sum; no continuum value is claimed on C4	5. The force is the curvature	reproduce/force-born-dictionary	
COULOMB-PROJECTION	D	the continuum 1/(4 pi r) Green law read on the same propagator, gravity on the modulus and Coulomb on the argument; a scaling dictionary explicitly distinct from the finite C4 Green computation	5. The force is the curvature	inline	
FORCE-POLAR-SIGN	D	the polar dictionary of the common propagator: mass is a modulus with one sign and universal attraction; charge is an argument with two signs	5. The force is the curvature	inline	
ABELIAN-FACE-DICTIONARY	D	the electric face reads P = J/2 on the 12 electric faces from the bare tick; given an explicitly supplied magnetic axiom pair, the dictionary reads mu(k) = |1 + zeta_5^k|^2/10; no uniqueness or selection theorem is claimed	5. The force is the curvature	reproduce/force-born-dictionary	
MEASURE-BORN-VERB	D	the measure read as the Born square of the verb, resting on the exact BORN-FACE-WEIGHTS theorem layer	8. The measure and Born	reproduce/force-born-dictionary	
KERNEL-CELL-DICTIONARY	D	time is the clock tick; space the three F_5 directions of ker Tr_4, isotropic under the Galois Gram; the Z_5 fiber carries F = dA, deposits in fifths, flux zeta_5, unimodular amplitudes, and the Born-square measure	8. The measure and Born	inline	
SUBSTRATE-KNIT	T	the conjugate matrices C_+ = I + S and C_- = C_+^T have Gram circ(2,1,0,0,1) with spectrum w; the position and Fourier bases have squared overlap 1/5 on all 25 pairs; Plancherel masses 2 and 10 have ratio p = 5	8. The measure and Born	reproduce/force-born-dictionary	
METRO-ADMISSIBILITY	O	the exhaustive residual cover R1 through R8 of the registered METRO universe: R1=U_RF minus the commuting higher-rank METRO-ADMISSIBILITY-DIM child, including rank-one, noncommuting, and otherwise out-of-child finite rational protocols; plus non-finite-state, unbounded-memory adaptive, non-reducible stochastic, irrational, out-of-child cross-layer, physical-unit, and mixed-class protocols	15. Couplings, instruments, and metrology	inline	STOP until R1 through R8 each has a typed child and decision condition; closes only when all eight children close; METRO-FINITE-STATE-RATIONALITY proves conditional rationality inside only part of R1 and does not close it
METRO-EDGE-SCALE	O	the canonical selector on the commutator phi ladder and the SI clause	18. The frontier	inline	closes by deriving the canonical selector on the commutator phi ladder (the kinetic coefficient and dressing insertion routes) and the SI clause over the single m_e bridge; closes negatively if two inequivalent selectors survive every named gate, so no canonical selector exists
QUANT-SUBSTRATE	O	the Larmor gate and the Schwinger physical-realization gate on the archimedean wall; QUANT-SCHWINGER-TARGET supplies the exact arithmetic scalar J Jbar / script-Q = 1/(2 pi), while deriving it as [alpha^1]((g_e(alpha)-2)/2) from a substrate coupling remains open	18. The frontier	inline	the two physical gates decide: exact gate values close the Larmor clause; the Schwinger branch has exact arithmetic target J Jbar / script-Q = 1/(2 pi), and a failed physical-realization gate fires it
COLOR-MEASURE-SELECTION	O	the canonical normalized L4-to-L6 measure lift from the registered 2I core to a public target carrier, with exact carrier equivalence, observable sigma-algebra, group action, total normalization, equality, and selection constraints	12. The color door	inline	closes positively by one canonical normalized lift compatible with the frozen action and observables; closes negatively by an exhaustive exact classification yielding no lift or more than one inequivalent lift under every registered constraint; STOP while the carrier, equivalence, observables, action, normalization, equality, or constraints are incomplete
TT-SOURCE	O	the emission map from an explicitly defined public source object	18. The frontier	inline	closes positively by deriving the typed emission map and its source dependency; closes negatively if no map satisfies the registered TT propagation and conservation constraints
QNM-LEAVER-MU	O	the quasinormal mu decision after a public inference rule maps an external shadow measurement to a preregistered mu interval	18. The frontier	inline	closes positively when the public continued fraction computation and the preregistered inference rule decide mu; closes negatively when the exact spectrum is incompatible with that public interval
POL-READ	D	the polarization readout of the registered TT square: h_+ = v1^2 - v2^2 and h_x = 2 v1 v2; for an exact input-doublet rotation v1' = a v1 - b v2, v2' = b v1 + a v2 with a^2 + b^2 = 1, the pair (h_+, h_x) transforms by ((a^2 - b^2, -2ab), (2ab, a^2 - b^2)), the doubled-angle spin-2 law, and conjugation fixes h_+ and negates h_x; a decoder dictionary derived from TT-SQUARING-DECODER, with no independent propagation law, source map, state normalization, helicity selection, detector response, or numerical observable claimed	14. The gravitational wave program	inline	-
TT-VECTOR-STATE-NORMALIZATION	O	the vector doublet state, its two point and pseudo covariance spectra, the action normalization, the scalar comparison; the only gate yielding a numerical r_T(k); TT-VECTOR-MOMENT-UNDERDETERMINATION proves that mean, covariance, pseudo-covariance and every polynomial functional through degree three leave the squared-readout spectrum free across a full Z/5 family fixed by the diagonal four-fold action, and that deterministic pointwise modulus forbids Gaussian or Wick closure; an admissible normalization must therefore freeze fourth-moment data, the complete state or an explicit non-Gaussian closure rule; the theorem supplies neither that choice nor a numerical r_T(k)	18. The frontier	inline	closes positively by a public vector-doublet normalization yielding a numerical r_T(k); closes negatively if every admissible normalization violates the registered TT identities or requires an extra free dimensionless input
FRW-INHOM	O	the inhomogeneous sector, the named classical horizon	18. The frontier	inline	closes positively by an inhomogeneous source construction that reproduces the public FRW-CANONICAL-FORM identities in the homogeneous limit; closes negatively if every inhomogeneous extension breaks the exact chain of twelves
DRESS-CROSSCOUNT	O	the integer crossing count per observable	18. The frontier	inline	closes positively when the integer crossing count per observable is derived; until then the form decision is armed: an exact witness departing from 72 alpha^4 (about 0.204 ppm, labeled) fires the exponential reading
NS-TILT	H	the scalar tilt read as n_s - 1 = -5 alpha	18. The frontier	inline	live: the tilt n_s - 1 = -5 alpha fails against CMB-S4
DE-CONFORMAL-WEIGHT	O	the typed homogeneous dictionary, if any, selecting the dark-energy density character Delta_DE defined by d rho_DE / d chi = -Delta_DE rho_DE for chi = log a; no dictionary source, physical trace-to-density transport, inhomogeneous extension, SI statement, or measured fit is included	18. The frontier	inline	DE-TRACE-DENSITY-UNDERDETERMINATION proves FRW continuity alone is nonunique; closes positively only when an explicit registered source and complete typed dictionary uniquely select Delta_DE; closes negatively only after a frozen complete admissible source class excludes every such dictionary; STOP while the carrier, source map, equality, admissible class, or dependencies are incomplete; reject as CIRCULAR any closure that assumes w = -14/15, Delta_DE = 1/p, rho_DE proportional to a^(-1/p), or Delta_DE := gamma_tr, or that uses COSMOLOGY-REGISTER or COSMOLOGY-READING-DICTIONARY to choose the source or dictionary
ALPHA-S-RUNNING	O	the strong coupling running above the 3/4 seed	18. The frontier	inline	closes positively by a running derived from the 3/4 seed matching the measured strong coupling at a named scale within its stated window; closes negatively if every derived scheme from the seed misses the measured value or breaks the seed ratio 15 : 4
SCHEME-DICTIONARY	O	the scheme dictionary between exact seeds and measured couplings	18. The frontier	inline	STOP until the exact source-seed domain and normalizations, every consumed seed dependency, a named measurement scheme, scale and threshold conventions, a total map with equality and window semantics, source manifests, and the complete acyclic dependency graph are public; failure of one candidate is STOP; closes positively only by an exact dictionary at that frozen scope requiring no new free dimensionless parameter; closes negatively only if every admissible dictionary requires a new free dimensionless parameter
GENERATIONS-L3	O	the generation structure at the standard model L3 frontier	18. The frontier	inline	closes positively by deriving the generation count at the L3 boundary layer; closes negatively if the derived count differs from three
SPIN-LIFT-FORCED	F	the uniqueness proposal for the marked D5 lift under the pinned A1 to A7 predicate and simultaneous SL_2(F_5) conjugacy is false: 240 admissible triples form four inequivalent classes, with central retwist pairing 1 with 2 and 3 with 4	12. The color door	probes/P-SPIN-LIFT-FORCED-1	fired: exact complete enumeration gives N = 4, so three inequivalent lifts survive beside the dicyclic witness
TM-SYM2-MEASURE	F	the frozen v16 S_TM compound route is falsified at its L1-to-L5 selector gate: the complete class has 48 exact selectors in four free projective-linear postcomposition-gauge G orbits of size 12, so the preregistered canonicality test is NONCANONICAL and N2 fires; no canonical selector stream or representative is emitted and the downstream Born branch is not reached; this scope does not falsify GOLDEN-SIX-LINE-SYM2-FRAME, the Thue-Morse stationary law, GYRON-DENSITY, the selector-independent mathematical pushforward, or every future TM-to-measure definition	13. Gravity and cosmology	probes/P-TM-SYM2-MEASURE-1	fired: the complete two-architecture classification gives 48 = 4 x 12 under the exact frozen projective-linear gauge, so the one-orbit canonicality condition is false; later semilinear and reversal comparison actions do not reopen, move, or repair this threshold
QUADRATIC-DECODER-DATA	O	the typed D_matter action of the registered quadratic/Born leg factors through Q(psi) = (psi psi^dagger, psi psi^T) on a published common total domain and writes a published MatterData schema; required data include the coefficient ring, effective carrier, orbit-to-amplitude bridge, Gram, dagger, transpose, QCarrier equality, effects, Born pairing, exact write map, and complete dependencies; the linear CODEC-TR4 and binary Thue-Morse/census legs, cross-leg or state reconstruction, and post-state instrument uniqueness are excluded	18. The frontier	inline	STOP until the coefficient ring, effective carrier, common total domain, orbit-to-amplitude bridge, Gram, dagger, transpose, QCarrier equality, Q, effects, Born pairing, MatterData schema, write map, and complete dependency graph are public; closes positively only when exact factor maps through Q produce every frozen D_matter field with exact normalization and an acyclic complete dependency graph; closes negatively if the action is ill typed, an included field is not constant on Q-fibers, two states distinguished by the typed D_matter action have equal Q, normalization fails, or an unregistered input is required
NEUTRON-DELTA-EM	O	the interior compression channel of the neutron electromagnetic delta	18. The frontier	inline	closes positively by deriving the interior compression channel value; closes negatively if the derived electromagnetic delta moves the neutron outside its measured tier window
PROTON-RESIDUAL-IS-QCD	O	the class Der_QCD of all total exact inference maps satisfying a future frozen QCD carrier and action, output carrier, residual codomain, normalization, equality, inference schema, and the registered formal proton residual equation; no empirical proton-moment comparison is included	7. The mass ladder and the parity law	inline	closes positively exactly when Der_QCD is proved nonempty by an exhibited derivation; closes negatively only by an exact theorem Der_QCD=empty, equivalently every admissible derivation violates a named frozen law; failure of one derivation is STOP, and the row is STOP while the schema is incomplete
SQRT-PHI-TIME-GRAVITY	O	the compound bridge from the two-branch L1 SQRT-PHI-DIGIT-LIFT sequence into the declared decoder clock and a registered gravity source/readout channel, including either a canonical sign-branch selector or a proof that the complete readout is sign invariant; no SI scale is included	18. The frontier	inline	STOP until the source domain, branch equivalence or selector, pre-update versus post-update convention, Y-to-D_clock map, gravity source/readout codomain, equality, and dependencies are frozen; closes positively only when an exact total bridge on the declared domain is compatible with SQRT-PHI-DIGIT-LIFT, METRO-TICK, and GRAVITY-BRIDGE-LAW; closes negatively if the frozen bridge class is empty or every admissible bridge violates a registered input; any SI claim remains bounded by METRO-EDGE-SCALE
KERNEL-CONNECT-ALL-K	T	for every k >= 2 the generator set {a, c, d, e} with the two way CSUM ring coupling connects (F_5^6)^k into one component	3. The kernel and the census	probes/P-KERNEL-CONNECT-ALL-K-1	fires if a pinned gate fails on re-run, an error is found in the closure, extraction, or all-k transport proof, or a public exact counterexample is exhibited for any k >= 2 in the declared carrier
CURVATURE-HISTORICAL-TRACE	T	for X = F_5^6, H = <b,d>, V = (Q^X)^H intersect 1_X^perp, and K_hist = (P_0 R_H (T_a T_c - T_c T_a) R_H P_0)|_V, dim V = 818 and Tr_V(K_hist^2) = -881/8 exactly; no spectrum, canonical selection, or continuum reading is asserted	2. Time, space, and the decoder	probes/P-CURVATURE-TRACE-VALUE-1	closed at the exact frozen historical-operator scope; any broader curvature statement requires a separate claim
CURVATURE-TRACE-VALUE	F	the registered proposal Tr_V(K_hist^2) = -21/8 for the frozen historical operator is false; the exact value is -881/8, while the separate ten-mode historical checksum is -22 and is not asserted as the spectrum of K_hist	2. Time, space, and the decoder	probes/P-CURVATURE-TRACE-VALUE-1	fired: two complete exact routes agree on -881/8, which differs from the preregistered proposal -21/8
CURVATURE-OPERATOR-CANONICAL	O	whether the public architecture determines exactly one equivalence class of spatial-curvature operator after its carrier, measure, projection group, and ambient versus intrinsic commutator choice are fixed publicly	2. Time, space, and the decoder	inline	closes UNIQUE if exactly one class survives, NONUNIQUE if at least two survive, EMPTY if none survives, and STOP if the classification is incomplete or inexact
PHOTON-WINDOW-COORDINATES	T	the Born verb point on the five center: w(0) = 4, 2 w(1) = 3 + sqrt5, 2 w(2) = 3 - sqrt5, w(1) w(2) = 1, tilt w(1) - w(2) = sqrt5; the dual pair w_hat = 5(2, 1, 0, 0, 1) with w_check = w exactly (Kramers-Wannier partners), w not self dual; both activities order one	9. The photon and the electron	reproduce/photon-electron	
PHOTON-UNIVERSAL-BIT	T	on every cyclic center p >= 3 the dual weights are w_hat = p(2, 1, 0, ..., 0, 1): w_hat(1)/w_hat(0) = 1/2 exactly and every class |k| >= 2 is exactly closed for p >= 5 (witnessed p = 3, 5, 7); the p = 2 center is frozen, w(1) = 0 exactly	9. The photon and the electron	reproduce/photon-electron	
MONOPOLE-FIFTHS	T	a 4D lattice edge meets exactly 6 faces; with face coefficients in {0, +1, -1} the mod 5 closed edge boundary takes exactly the values {0, +5, -5}: magnetic charge exists only in lumps of five	9. The photon and the electron	reproduce/photon-electron	
MONOPOLE-COST	C	the elementary charge 5 monopole worldline (the unit square loop) needs at least 17 and at most 21 occupied faces: the lower bound by the exhaustive incidence census (the flat square is the unique multi face and meets all four loop edges), the upper bound by an explicit 21 face configuration with dn = 5 dQ; the exact minimum inside [17, 21] is not claimed	9. The photon and the electron	reproduce/photon-electron	
KAPPA-BOUNDS	T	straight worldline segments share no face and cost 5 bits per segment; the 1 x K rectangle incidence bound is exactly 9K + 8 (the multiplicity multiset argument, verified K = 2..6); the greedy identity LB = 5L - sum over faces of (cnt - 1)+ with every cofacial pair sharing exactly one face (perpendicular at a vertex or parallel at unit offset)	9. The photon and the electron	reproduce/photon-electron	
KAPPA-SHAPES	C	a nine shape library of closed worldlines realizes the exact incidence bound table (square 17, ladders 9K + 8 for K = 2..6, square 2x2 36, skew hexagon 24, nonplanar staircase 31); library minimum 31/8 bits per segment; every shape wins the per loop energy entropy race 2^LB > 7^L, tightest margin 2^31 > 7^8; no statement about arbitrary shapes	9. The photon and the electron	reproduce/photon-electron	
CENTER-SPLIT-RECIPROCITY	T	charge conjugation k -> -k swaps the quadratic residue channels exactly when p = 3 mod 4 and preserves them exactly when p = 1 mod 4 (witnessed 3, 7, 11 against 5, 13, 17); the tilt invariant is the real Gauss sum, g^2 = -3, +5, -7 for p = 3, 5, 7; for p = 3 mod 4 the tilt channel does not exist	9. The photon and the electron	reproduce/photon-electron	
CENTER-SPLIT-CLOSURE	T	one two path Born weight on every cyclic center: p = 2 is frozen (the nontrivial class has weight exactly zero); p = 3 has full dual support and nothing to close; for p >= 5 every class |k| >= 2 is exactly closed	9. The photon and the electron	reproduce/photon-electron	
CENTER-SPLIT-SELECTION	D	the first prime passing both doors (the Coulomb window and the tilt channel) is p = 5: door 2 is the derived reciprocity; door 1 rests on the declared external import that 4D Z_N lattice gauge theory is self dual for N <= 4 and opens a Coulomb window only for N >= 5; a dictionary reading, never promoted past the import	9. The photon and the electron	reproduce/photon-electron	
ELECTRON-G-RATIO	T	the sixteen identity block: N(J) = 1, Tr(J) = 3, J Jbar = 2 - phi = phi^-2, the pivot 1 - J = zeta_10^9 of exact order 10, the polylog ladder Li_-1, Li_0, Li_1 at J with deviations halving 4 -> 2 -> 1 in pi/10 units, and the tree quotient (2 pi/5)/(pi/5) = 2	9. The photon and the electron	reproduce/photon-electron	
ELECTRON-G-DOUBLE-COVER	T	the fiber closes in five (X^5 = 1) and the spinor in ten (R^5 = -I, R^10 = I) with det R = 1, cos(pi/5) = phi/2, sin^2(pi/5) = (3 - phi)/4; the orbital to spinor ratio is 2 at every step	9. The photon and the electron	reproduce/photon-electron	
ELECTRON-G-TREE	D	g = 2 as the exact quotient of the vertex flux arg j = 2 pi/5 over the spinor half angle pi/5, the reading that binds ELECTRON-G-RATIO and ELECTRON-G-DOUBLE-COVER; the first order coefficient is not derived and stays on the frontier inside QUANT-SUBSTRATE	9. The photon and the electron	reproduce/photon-electron	
ELECTRON-SIGN-LAWS	T	seven exhaustive laws at the aligned kernel protocol: the 6000 tick gyron count is 999 + [z_6(B_0) = 4] for every recurrent seed, so the count parity is the initial datum; the only event is the tick 0 anchor with slot z_6(d) = 4 + delta forced and the phase locked forever after (merged traces plus bijectivity); the annihilation census {+1: 3125 mute, -1: 3125 par, +-2: 0} decided by tick 3; the eps ledger +6250, -6250, 9375 event free, sum zero; one Z_2 governs the five readouts; every survivor on a closed 20 state pair cycle and supp(+2) = supp(+3) on all 6250 backgrounds; no fiber shift or Galois scalar image of the 313 supports is a support (0 of 1252; 0 of 313 each)	9. The photon and the electron	reproduce/photon-electron	
ELECTRON-SIGN	D	the decoder level charge sign is the orientation, ghost {a, c} against live {b, d}, of the single gyron anchored engagement of a defect worldline; pair neutrality is realized through the annihilation sink; the sign Z_2 equals the initial datum [z_6(B_0) = 4]; the reading that binds ELECTRON-SIGN-LAWS; eps totality on event free survivors is not claimed publicly	9. The photon and the electron	reproduce/photon-electron	
PHOTON-WINDOW-PROOF	F	the frozen compound route to completion of the photon window is falsified at its necessary Kappa conjunct: the route requires both (i) every closed charge 5 worldline of length L to satisfy F_occ >= kappa L for an admissible kappa with 2^(4 kappa) > 2401 and (ii) an electric-face roughening certificate sufficient for the declared Froehlich-Spencer class import; the public two-architecture Kappa certificate supplies an admitted ParentWorldline current at which every admissible coefficient fails the universal occupancy bound; roughening was not reached and is neither proved nor falsified, and the exact electric-face facts already registered are not re-registered here	9. The photon and the electron	probes/P-PHOTON-KAPPA-LEMMA-1	fired: the public two-architecture Kappa certificate supplies an exact admitted counterexample to the universal occupancy bound and therefore falsifies this necessary conjunct of the frozen compound route; electric-face roughening was not reached and is neither proved nor falsified, and no Froehlich-Spencer, massless Coulomb, continuum, propagator, or physical-photon conclusion is promoted
PENTIT-ROOT-FACTS	T	in F_25 = F_5[tau]/(tau^2 - 2), the ramified images J = 2 and phi = 3 satisfy tau^2 = J, tau^4 = -1, tau^6 = phi, sqrt(phi) = tau^3, with tau of exact order 8	11. The pentit ring and the magic boundary	reproduce/pentit-p5-closure	
PENTIT-ROOT-READING	D	the gate-line dictionary names tau as the square root of the axiom J while explicitly keeping the argument distinct from the clock	11. The pentit ring and the magic boundary	reproduce/pentit-p5-closure	
MAGIC-PRIME-GATE	T	the complete norm ladder N(tau^k) = 3^k = 2^(-k) in F_5*, the order-four source i_5 = 2 reaching -1 after two steps, and sqrt(J) sqrt(phi) = tau^4 = -1 with the two norms multiplying to 1 and phi = J^-1	11. The pentit ring and the magic boundary	reproduce/pentit-p5-closure	
QUBIT-FROM-F5	T	for V_+ defined as the sign quotient F_5*/{+-1}, the classes are exactly {1, 4} and {2, 3}, and the quotient is cyclic of order 2	11. The pentit ring and the magic boundary	reproduce/pentit-p5-closure	
BELL-MAGIC-BOUNDARY	T	for E_n(a,b) = Re(zeta_n^(a-b)) and the absolute CHSH functional over every ordered tuple in (Z/nZ)^4, the exact maxima are M_5 = 1/2 + sqrt(5) and M_8 = 2 sqrt(2), with 2 < M_5 < M_8; no unrestricted Bell cap, theorem about local-variable models, continuous optimum, or Tsirelson claim is asserted	11. The pentit ring and the magic boundary	probes/P-BELL-MAGIC-BOUNDARY-1	closed at the declared finite-functional scope; any unrestricted or continuous statement requires a separate claim
P5-ROOT-SELECTION	T	for every positive prime p, (p - 2)/(p + 1) = 1/2 if and only if p = 5; after clearing the positive denominator the equation is p - 5 = 0	16. p = 5 and the wall	reproduce/pentit-p5-closure	
ENTROPY-LAYER-BRIDGE	O	the set A_A of mu-almost-everywhere classes of measurable total maps P_5: K_TM x O_(K,lambda) -> F_5^6, where mu is the product of the unique Thue-Morse substitution probability and normalized additive Haar probability, satisfying exact equivariance and the exact pushforward Law_W on W=[512,2048); equal cardinalities do not construct an element of A_A	3. The kernel and the census	probes/P-ENTROPY-BRIDGE-1	closes positively exactly when A_A is proved nonempty by one exhibited exact map; closes negatively only by a complete theorem A_A=empty; failure of one proposed map is STOP; an exact finite-cylindrical exhibition for any registered (L,c) with 4 <= L <= 32 at any finite lambda-depth would refute ENTROPY-CYLINDER-NOGO-CURSOR rather than close this row; inside the older ENTROPY-CYLINDER-CUT scope it would also require correction of that F row
ENTROPY-CYLINDER-CUT	F	the registered finite-cylinder bridge-cut no-go covers pure-word cursor c = 0 for L = 4..16 and the additional pairs (L,c) = (5,1), (6,1), (6,2); the J-invariant zero residue lifts exactly those cases to every lambda-depth, and no other cursor or window is included in this row	3. The kernel and the census	probes/P-ENTROPY-BRIDGE-2	fired at the registered scope: the exact pure-word systems have zero solutions at c = 0 for L = 4..16 and at (5,1), (6,1), (6,2), and the J-invariant zero residue transports those obstructions to every lambda-depth
ENTROPY-LIFT-DEFECT	F	the literal integer lift fails (bc)^5 = 1 by (bc)^5(x) = x + (10, 5 - 5r, 10, 5 + 5r, 5, 0); the relation is a property of the mod-5 shadow, not that lift	3. The kernel and the census	probes/P-ENTROPY-BRIDGE-1	fired: the exact nonzero affine defect of the fifth iterate over Z disproves the literal lifted relation while reducing to zero modulo 5
ENTROPY-JOINT-CESARO-LAW	C	on the frozen dyadic window, component masses equal basin sizes, the checkpoint marginal is exactly uniform 1/6250 on the recurrent core, letter ratios are exactly (2/3, 1/6, 1/6), and the pair-00 mass is exactly 1/6	3. The kernel and the census	probes/P-ENTROPY-BRIDGE-1	closed at the frozen finite-window scope; any limit law or larger-window assertion requires a separate public claim
ENTROPY-BLOCK-HALVING	C	the renormalized block maps are exactly two-to-one on the recurrent core at every tested dyadic scale k = 0..10 for both letters: exactly one unresolved bit per scale	3. The kernel and the census	probes/P-ENTROPY-BRIDGE-2	closed for k = 0..10 and both letters; an all-scale law requires a separate public proof
ENTROPY-RG-RETURN	C	for the renormalized block maps Phi^(0)_eps = F_eps and Phi^(k+1)_eps = Phi^(k)_(1-eps) o Phi^(k)_eps on the recurrent core, at every dyadic scale k = 0..14 and both letters: the fixed set is empty on the core and off it unless k = 0 or k = 1 mod 4; at k = 0 each letter has exactly one recurrent fixed state, the reflection centres 3 (C_D + V_E) and 3 C_D in the size-10 component, with 125 further fixed states off the core and multiplier exactly minus the identity; at k = 1, 5, 9 and 13 the fixed set is exactly the opposite living half H_(1-eps), 3125 states meeting all 313 components, with multiplier exactly the identity at every one of them and off-core count 3125 at k = 1 and 0 at k = 5, 9, 13; the image of every block map on the core has 3125 states; the scales carrying a full-half return are exactly those with 2^k = 2 mod 5, and no scale with 2^k = 1 mod 5 carries one; no continuum, scaling, exponent, monotone, measure or all-scale statement follows	3. The kernel and the census	probes/P-ENTROPY-RG-RETURN-1	fires if any gate of the pinned verifier fails on re-run, if a fixed state exists at any scale in range with k mod 4 in {0, 2, 3} and k > 0, if a return scale misses one state of its half or carries one non-identity multiplier, if an off-core count differs from the frozen value, or if the two architectures produce different bytes
ENTROPY-LIVING-SET	C	the branch images partition the recurrent core into halves 3125 + 3125; all four restrictions between halves are bijections; every size-20 attractor splits (10, 10), the singlet splits (5, 5), and the living count is 3125 = 5^5	3. The kernel and the census	probes/P-ENTROPY-BRIDGE-3	closed on the declared recurrent core and census protocol; no continuum or external-carrier statement follows
ENTROPY-UNIQUE-PAST	C	at the frozen anchors and tested depths d = 1..12, every word-prefix composition has image 3125 and every fiber exactly two; the backward tree is a width-two caterpillar with one death per level, so backward indeterminacy does not accumulate in the declared living construction	3. The kernel and the census	probes/P-ENTROPY-BRIDGE-3	closed at the frozen anchors through d = 12; an all-anchor or unbounded-depth statement requires a separate public claim
ENTROPY-COUNT-MATCH	C	3125 = 5^5 = |O/lambda^5|; ord(J mod lambda^i) for i = 1..8 is (4, 20, 20, 20, 20, 20, 100, 100) and the spectrum on O/lambda^5 is {1: 1, 4: 1, 20: 156}, so the depth-five lambda carrier has exactly the living-set cardinality	3. The kernel and the census	probes/P-ENTROPY-BRIDGE-3	closed as an exact cardinality match; regularity, canonicity, and measure transport do not follow from counting
ENTROPY-PENTAGON-QUOTIENT	C	on every recurrent component and living half, the level-k vertex groups for k = 1..10 are cyclic of order five with one constant five-cell orbit partition, giving 625 = 5^4 cells per full living half; both one-tick branches map cells to cells, and induced quotient holonomy is trivial for k = 1..8	3. The kernel and the census	probes/P-ENTROPY-BRIDGE-4	closed on the declared recurrent carrier and frozen k ranges; no all-scale, ergodic, or inverse-limit statement follows
ENTROPY-AFFINE-COCYCLE	C	in the preregistered coherent level-2 gauge, every level-k cell map for k = 0..10 is affine over F_5, all 313 components share the frozen (a,b) spectra, and the rows repeat with period four for k = 1..10; no gauge-independent identification with the lambda-digit action follows	3. The kernel and the census	probes/P-ENTROPY-BRIDGE-4	closed only in the named gauge and frozen k range; a gauge-independent or all-scale cocycle requires a separate claim
ENTROPY-COMPONENT-NOGO	C	the component-local cylinder system has zero solutions in exactly all 900 frozen cases: the singlet and canonical size-20 component for L = 4..16 at three cursors and eleven stated clocks, plus the singlet at clock 4 for L = 17..30 at the same cursors	3. The kernel and the census	probes/P-ENTROPY-BRIDGE-4	closed only for the 900 enumerated cases; no claim is made about every component, clock, window, or measurable selector
ENTROPY-MIRROR-LAW	C	each branch letter restricted to its own living half is an involution with cycle type {1:1, 2:1562} and unique fixed state in the singlet component; the cross restrictions are mutually inverse (F_1 o F_0 = id on H_1, F_0 o F_1 = id on H_0); on pentagon cells each letter fixes the singlet cell and swaps the two cells of every 20-component-half; in the frozen level-2 gauge every one-tick cell map is a reflection (multiplier -1), letter pair {(4,0),(4,2)} split 625 + 625	3. The kernel and the census	probes/P-ENTROPY-MIRROR-1	closed at the frozen finite scope; any all-scale, measurable, or gauge-independent mirror statement requires a separate public claim
CURVATURE-HISTORICAL-GAUSS-SPLIT	T	for the carrier, group, space V, counting inner product, and projector P of CURVATURE-HISTORICAL-TRACE, with Q = I - P, A = T_a, and C = T_c, the exact split K_amb = P[A,C]P, K_int = [PAP,PCP], K_ext = PAQCP - PCQAP satisfies K_amb = K_int and K_ext = 0 entrywise; ambient and intrinsic rank 292 and nullity 526, exterior rank 0 and nullity 818, Tr_V(K_int^2) = -881/8, Tr_V(K_ext^2) = 0, and 2 Tr_V(K_int K_ext) = 0; QAP|_V and QCP|_V are nonzero, so the exterior term vanishes by cancellation rather than invariance	2. Time, space, and the decoder	probes/P-CURVATURE-GAUSS-SPLIT-1	closed at the frozen historical full-carrier scope; no differential-geometric Gauss equation, embedding theorem, spectrum, reduced-operator displacement, canonical selection, continuum reading, or physical interpretation follows
WALL-LI2-RUNG	T	for the principal dilogarithm Li_2 and principal logarithms in the standard archimedean embedding, with sigma_a(zeta_5) = zeta_5^a for a in {1,2,3,4}, the declared classical Euler reflection identity and boundary evaluation Re Li_2(e^(i theta)) = pi^2/6 - pi theta/2 + theta^2/4 for 0 <= theta <= 2 pi imply Re Li_2(sigma_a(J)) = pi^2/100 = pi^2/(2p)^2 for a in {1,4} and 9 pi^2/100 for a in {2,3}; hence the Galois-orbit real-part sum is pi^2/5, the expanding-to-contracting ratio is 9, the sum divided by zeta(2) is 6/5, and the excess above zeta(2) is pi^2/30; real parts only, with no field-trace claim for the transcendental Li_2 values and no statement about imaginary parts, substrate coupling, the Schwinger coefficient, action, normalization, regularization, physical observables, or uniqueness	16. p = 5 and the wall	inline	fails if any displayed branch identity, principal-log value, imported classical identity, conjugation step, or exact rational reduction is false; physical interpretations remain outside scope
PENTAGON-NORMALIZATION	T	for j = zeta_5, c(n) = sum_(a=1)^4 j^(an) = 5[5 divides n] - 1, P_0(s) = sum_(n>=1) c(n)n^(-s), and f_5(s) = 5^(1-s) - 1, one has P_0(s) = f_5(s) zeta(s) on Re(s)>1; after the named classical meromorphic continuation and standard completion, Z_J(s) = zeta(s) and xi_J(s) = xi(s); the filter zeros are s_k = 1 - 2 pi i k/log 5 for k in Z, P_0(1) = -log 5, and coeff(-P_0'/P_0)(n) = Lambda(n) - (log 5)n[n = 5^m], so the artificial 5^m tower is subtracted; this is a normalization identity, not a Weil realization or RH result	16. p = 5 and the wall	probes/P-PENTAGON-WEIL-1	closed at the exact root-filter normalization scope; any Weil-equivalence, positivity, J-native carrier, or RH assertion requires a separate public claim
J-LI-TORAL-HAAR-NOGO	T	for every d >= 1 and A in GL_d(Z) with no root-of-unity eigenvalue, the Haar Koopman operator U_A f = f o T_A on L^2(T^d,Haar) admits no v with ||sum_(k=0)^(n-1) U_A^k v||^2 = lambda_n for every n >= 1, where lambda_n is the standard Li sequence; an assumed realization forces lambda_n >= 0, hence RH by Li's criterion, and then forces the symmetrized vector measure to equal the purely atomic sigma_xi, contradicting the absence of spectral atoms away from 1 for the declared toral carrier; A = M_J is in this class; RH is only a forced intermediate consequence, and non-Haar, non-Koopman, infinite-dimensional, boundary, scattering, and enlarged carriers remain open	16. p = 5 and the wall	probes/P-J-LI-TORAL-HAAR-1	fires if an exact all-n realization is exhibited in the declared class, a nonconstant Haar-Koopman eigenfunction exists for an A with no root-of-unity eigenvalue, or a gap is found in the forced-measure chain
J-LI-E8-SHELL-MULTIPLICITY-NOGO	T	for positive trace-class functional-calculus operators A = f(Delta_E8) on L^2(R^8/E8), the ordinary trace-class Fredholm identity det_1(I - t^2 A) = Xi(t)/Xi(0) is impossible: the identity would force nonzero spectrum gamma^-2 with zeta-zero multiplicities, while every nonzero E8 Laplace shell has multiplicity at least 240 and the one-dimensional zero shell supplies at most one small-multiplicity slot; non-shell-constant and non-functional-calculus operators are outside scope	16. p = 5 and the wall	probes/P-MCKAY-THETA-CARRIER-1	fires if a pinned gate fails on re-run, an error is found in the forced-spectrum, zero-counting, or E8 shell-multiplicity proof, or an explicit positive trace-class f(Delta_E8) satisfying the declared ordinary Fredholm identity is exhibited
MCKAY-THETA-FUNCTIONAL-CALCULUS-CARRIER	F	the proposed positive trace-class shell-constant carrier A = f(Delta_E8) on L^2(R^8/E8) with det_1(I - t^2 A) = Xi(t)/Xi(0) is falsified; Theta_E8 remains available as a classical theta identity and as a possible positivity source, and no non-functional-calculus carrier is excluded	16. p = 5 and the wall	probes/P-MCKAY-THETA-CARRIER-1	fired: the forced zeta-zero multiplicities require at least four distinct small-multiplicity eigenspaces below the frozen cutoff, while functional calculus supplies only the one-dimensional zero shell below the multiplicity-240 floor
J-LI-LAMBDA-HAAR-HS-NOGO	T	for U_u f(x) = f(u x) on L^2(O_lambda,Haar), every I - U_u^n is non-Hilbert-Schmidt whenever u^n != 1; for u = J this holds for every n >= 1 because a complex embedding has |J| = phi^-1 != 1, hence J is non-torsion; U_J has pure-point root-of-unity spectrum with the frozen order tower, but this theorem excludes only Hilbert-Schmidt-perturbation and S2 witness forms, not the all-vector cocycle form	16. p = 5 and the wall	probes/P-R2-LAMBDA-HAAR-1	fires if a pinned gate fails on re-run, the conductor-filtration Hilbert-Schmidt proof fails, J is shown torsion, or I - U_J^n is shown Hilbert-Schmidt for some n >= 1
LAMBDA-BOUNDARY-HS-KOOPMAN	F	the compact boundary multiplication-by-J Koopman carrier on L^2(O_lambda,Haar), restricted to Hilbert-Schmidt-perturbation and S2 Li-witness forms, is falsified; the unrestricted cocycle-vector route remains LAMBDA-COCYCLE-ANGLES [H]	16. p = 5 and the wall	probes/P-R2-LAMBDA-HAAR-1	fired: I - U_J^n has infinite Hilbert-Schmidt norm for every n >= 1; this firing does not decide the cocycle-vector hypothesis
J-LI-LAMBDA-SHIFT-NOGO	T	for U f(x) = 5^(-1/2) f(lambda x) on L^2(K_lambda,dx), U is a bilateral shift of homogeneous Lebesgue type and no vector realizes the all-n Li cocycle ladder; I - U^n is non-Hilbert-Schmidt for every n >= 1, every discrete-time tensor composite U tensor V remains absolutely continuous, and the normalized boundary vector misses the second Li rung by the frozen exact intervals; only this discrete-time single-unitary class and its declared tensor composites are covered	16. p = 5 and the wall	probes/P-R2-SCALING-SHIFT-1	fires if a pinned gate fails on re-run, an error is found in the shift, spectral-type, convolution, or exact rung-2 interval proof, or an all-n Li cocycle witness is exhibited for the declared carrier class
LAMBDA-DISCRETE-SCALING-SINGLE-UNITARY-CARRIER	F	the discrete-time lambda-scaling single-unitary carrier on L^2(K_lambda,dx), including its declared unitary archimedean tensor composites, is falsified as an all-n Li cocycle witness and as a Hilbert-Schmidt-perturbation witness; continuous distribution or trace formalisms, moment-functional constructions, and genuinely global adelic objects are outside scope	16. p = 5 and the wall	probes/P-R2-SCALING-SHIFT-1	fired: homogeneous Lebesgue spectral type is incompatible with the forced atomic Li measure, Hilbert-Schmidt defects diverge, and the once-rescaled boundary vector misses rung 2
LAMBDA-COCYCLE-ANGLES	H	the compact lambda-adic boundary route remains open only in the cocycle-vector form: there exists v in L^2(O_lambda,Haar) with ||sum_(k=0)^(n-1) U_J^k v||^2 = lambda_n for every n >= 1; by LAMBDA-COCYCLE-GRID-EQUIVALENCE such a v exists if and only if RH holds and every Cayley angle 2 arctan(1/(2 gamma)) lies in 2 pi (1/4) Z[1/5], equivalently every nontrivial zero is rho = 1/(1 - xi) with xi != 1 and xi^(4 . 5^a) = 1 for some integer a >= 0; with t_n = lambda_(n+1) + lambda_(n-1) - 2 lambda_n, M = 2 lambda_1, and n_A = 4 . 5^A, the pointwise inequalities 0 <= M - t_n <= 2 M supplied by LAMBDA-COCYCLE-BRANCH-COLLAPSE are necessary only, so satisfying any finite family of them neither constructs a cocycle vector nor proves realizability, and no general finite-profile nonfalsifiability or realization theorem is claimed	18. The frontier	probes/P-R2-LAMBDA-HAAR-1	fires if RH is disproved, or if one nontrivial zero is exactly proved not to be 1/(1 - xi) with xi != 1 and xi^(4 . 5^a) = 1 for any integer a >= 0; for a critical-line zero that is exactly the exclusion of its Cayley angle 2 arctan(1/(2 gamma)) from 2 pi (1/4) Z[1/5]; failure of the tail limit t_(n_A) -> M localizes to such an off-grid ordinate by LAMBDA-COCYCLE-BRANCH-COLLAPSE together with the all-real annihilation lemma in LAMBDA-COCYCLE-GRID-EQUIVALENCE; within the pointwise residual-bound test, an exact finite violation of 0 <= M - t_n <= 2 M contradicts membership, while finite satisfaction does not decide the row; no claim is made that these bounds classify every possible finite-profile obstruction
LAMBDA-COCYCLE-BRANCH-COLLAPSE	T	on the critical line the Cayley factor is exactly the unit 1 - 1/rho = e^(i alpha_gamma) with alpha_gamma = 2 arctan(1/(2 gamma)) and 1/rho^2 = -(1 - 1/rho)/(1/4 + gamma^2); with t_n = lambda_(n+1) + lambda_(n-1) - 2 lambda_n, M = 2 lambda_1, and n_A = 4 . 5^A, inside the declared cocycle-vector class M - t_n = sum_(gamma>0) 4 sin^2(n alpha_gamma / 2)/(1/4 + gamma^2) and M = sum_(gamma>0) 2/(1/4 + gamma^2), so 0 <= M - t_n <= 2 M is necessary at every n; through this pointwise residual-bound test, a finite family of exact Li values or rigorous interval enclosures contradicts membership only if it proves one displayed inequality false, while satisfaction of finitely many inequalities has no converse implication; no general finite-profile nonfalsifiability or realization theorem is claimed; if M - t_(n_A) fails to tend to zero, there are a finite ordinate window and one fixed ordinate in it for which dist(n_A alpha_gamma/(2 pi),Z) stays bounded away from zero for infinitely many A	16. p = 5 and the wall	probes/P-LAMBDA-COCYCLE-ANGLES-1	fires if the Cayley-unit identity, reciprocal-square collapse, residual identity, pointwise bound, or finite-window localization fails in the declared class; no finite-profile realization assertion is part of this row
LAMBDA-COCYCLE-GRID-EQUIVALENCE	T	multiplication by J = 1 + zeta_5^2 permutes the character basis of L^2(O_lambda,Haar) with every orbit finite; y = 0 is the unique orbit of length 1 because J - 1 = zeta_5^2 is a unit, while every nontrivial character of exact positive level k has orbit size ord_(lambda^k)(J); the residue of J modulo lambda has order 4 and |(O/lambda^k)^x| = 4 . 5^(k-1), so every nontrivial orbit has length 4 . 5^a; ord_(lambda^(4m))(J) = 4 . 5^m for every m >= 1, all these lengths occur, n_0 = 4 occurs at level 1, and n_A = 4 . 5^A occurs at level 4A for every A >= 1; hence the complete cycle-length set is {1} union {4 . 5^a : a >= 0}; the length-1 cycle contributes only eigenvalue 1, already angle 0 in the grid, so U_J has pure point spectrum with eigenvalue angle set exactly 2 pi (1/4) Z[1/5]; for every real x, dist(4 . 5^A x,Z) -> 0 if and only if x lies in (1/4) Z[1/5] modulo Z; and a cocycle vector exists if and only if RH holds and every Cayley angle 2 arctan(1/(2 gamma)) lies in that grid, equivalently every nontrivial zero is rho = 1/(1 - xi) with xi != 1 and xi^(4 . 5^a) = 1 for some integer a >= 0	16. p = 5 and the wall	probes/P-LAMBDA-COCYCLE-ANGLES-2	fires if y = 0 is not the unique length-1 orbit, if a nontrivial positive-level orbit outside {4 . 5^a : a >= 0} is exhibited, if any stated order or the all-real annihilation equivalence fails, if the point-spectrum angle set differs from 2 pi (1/4) Z[1/5], or if the converse construction or its two-initial-value induction fails
O-R2-K-JUNCTION-PIN	C	for K = Q(zeta_5), lambda_1^K = 1 + (3/2) log 5 - 2 log(2 pi) - gamma + sum_(chi != chi_0 mod 5) L'/L(1,chi) and lambda_1^Q = 1 + gamma/2 - (1/2) log(4 pi), at the exact finite-enclosure scope lambda_1^K lies in [0.304595618542798635262524662701, 0.304595618542798635262524662702], the complete nonprincipal logarithmic-derivative sum lies in [1.143408547611871901089216, 1.143408547611871901089217], the Q guard lies in [0.023095708966121033814310, 0.023095708966121033814311], (3/2) log 5 = 6 log s_J + 3 log phi is preserved, and the literal modulus-five principal-character convention gives the disjoint control [0.706955096651323728912714, 0.706955096651323728912715]; no R2 carrier, higher Li rung, or RH result is claimed	16. p = 5 and the wall	probes/P-R2-K-JUNCTION-PIN-1	fires if any K00-K11 gate, rigorous enclosure, Q guard, plenum identity, convention control, pinned hash, or two-architecture byte-identity check fails
RAMIFIED-TM-LIFT	T	for J_lambda = [J] mod (1 - zeta_5) = 2 in F_5^*, the L1 digit recursion Theta_0 = 1, Theta_(2n) = Theta_n, Theta_(2n+1) = J_lambda Theta_n has the unique solution Theta_n = J_lambda^s_2(n); q(Theta_n) = theta_n and Theta_n^2 = (-1)^theta_n in the sign quotient; chronological increment is Theta_(n+1) = Theta_n J_lambda^(1 - nu_2(n+1)); for every x_0 in Z^4 with Tr_4(x_0) = 1 mod 5, [Tr_4(M_J^k x_0)]_5 = J_lambda^k for all k >= 0, so the fixed M_J/Tr_4 channel realizes the lift at k = s_2(n) and selects multiplier 2 while the quotient alone is inversion-blind; independently x + y = (x XOR y) + 2(x AND y) for all x,y in N_0, with 2 the unique universal coefficient; no checkpoint factorization, full-state phase identification, physical carry/phase reading, parity on all Z_2, or lift to L2-L6 is claimed	3. The kernel and the census	probes/P-RAMIFIED-TM-LIFT-1	fires if a pinned gate fails on re-run, any frozen all-n induction or inherited CODEC-TR4 premise fails, the universal carry identity fails, or an exact counterexample is exhibited in the declared L1 scope
CARRY-J-CHECKPOINT	T	for the full forward carrier C = {U^n(0, psi_0) : n >= 0, psi_0 in F_5^6}, the frozen trace laws force z_6(psi_3) = 1 and selectors equal to 1 at steps 3, 4, and 5, so b^2 = id gives psi_4 = psi_6 for every seed, while the inherited RAMIFIED-TM-LIFT phase has Theta_4 = 2 and Theta_6 = 4; therefore no single-valued h : F_5^6 -> F_5^* factors that phase through the checkpoint on C; no restricted carrier, selector offset, physical reading, decoder completeness, parity on all Z_2, or lift to L2-L6 is claimed	3. The kernel and the census	probes/P-CARRY-J-CHECKPOINT-1	fires if the universal collision, phase separation, five trace laws, involution identity, symbolic proof, pinned gates, or byte identity fails in the declared full-carrier L1 scope
KERNEL-Z6-SYNCHRONIZATION	T	for the declared autonomous update U on X = F_5^6, with X_z = {psi in X : z_6(psi) = z}, X_14 = X_1 union X_4, E_n(psi_0) = pr_checkpoint(U^n(0,psi_0)), and sheet label q_n = 4 + 2 theta_(n-1) mod 5 for n >= 1: (i) for every n >= 3 and z in F_5, E_n|X_z is a bijection X_z -> X_(q_n), hence at each fixed known n E_n:X->X_(q_n) is exactly 5-to-1 with one preimage in every initial sheet; (ii) for every n >= 1, E_n|X_1 and E_n|X_4 are separate bijections onto X_(q_n), hence at each fixed known n E_n|X_14 is exactly 2-to-1; (iii) for every seed the checkpoint trace z_6(E_n(psi_0)) and checkpoint trajectory E_n(psi_0) are not eventually periodic; and (iv) for every seed no finite set Y, self-map H:Y->Y, map pi:Y->X, and y_0 in Y satisfy pi(H^n(y_0)) = E_n(psi_0) for all n >= 0; q_n is a sheet label and not the checkpoint coordinate q, every multiplicity is a fixed-time statement, and no unknown-time or unindexed checkpoint-fiber, census meaning for X_14, complete-autonomous-state identification, decoded-log, physical-irreversibility, unique infinite-realization, or decoder-completion claim is included; no L2-L6 claim is included	3. The kernel and the census	probes/P-KERNEL-Z6-SYNCHRONIZATION-1	fires if an error is found in any finite generator or sheet premise, base case, induction case, all-n proof step, aperiodicity argument, finite-realization obstruction, pinned hash, architecture transcript, or byte-identity check, or if an exact counterexample is exhibited to any of the four clauses at the registered L1 fixed-time scope; a finite-range audit alone does not carry the universal theorem, and no physical or L2-L6 consequence is included
CARRY-PENTAD	T	on V = F_2^4 in the fixed coordinate/popcount frame, q(x) = binom(popcount(x),2) mod 2 has nondegenerate polarization B(x,y) = t(x)t(y) + popcount(x AND y) mod 2, Arf invariant 1, and five nonzero singular vectors P = {1,2,4,8,15}; O(q) = O^-(4,2) ~= S_5 and Sp(4,2) ~= S_6, while the raw intersection form has stabilizer S_4 x C_2 and no order five; with order five fixed, four is the least binary linear width admitting it; on the integral augmentation root lattice A4 the five-cycle C identifies A4 with (zeta_5-1)Z[zeta_5], I+C^2 is integrally conjugate to M_J, every I+C^a has characteristic polynomial Phi_5(X-1), the quotient A4/(C-I)A4 has order five and reads every I+C^a as 2, and the explicit transvection tau_15 identifies the even-lattice mod-two refinement with q and the Weyl S_5 with O(q); the theorem is relative to the frozen frame and fixed order-five target and selects no prime, width, cycle, orientation, exponent, gauge, physical reading, or lift to L2-L6 unconditionally	3. The kernel and the census	probes/P-CARRY-PENTAD-1	fires if a pinned gate fails on re-run, any exact counterexample or proof gap occurs in C1-C7, an inherited J-UNIT, J-STEP, or CODEC-TR4 premise fails at its used scope, or the two-architecture transcript differs
METAL-TRACE-CASCADE	T	for the positive roots of x^2 = t x + 1 at t in {1,2}, gold phi and silver delta are units of norm -1; disc = t^2+4 gives the fundamental discriminants 5 and 8 with the ramified prime dividing its own discriminant; powers obey phi^n = F_n phi + F_(n-1) and delta^n = P_n delta + P_(n-1); the silver pure form 1+m_8^2 = 1+i = sqrt2 m_8 = sqrt(2i) satisfies (1+i)^2 = 2i and has norm 4 in Q(zeta_8), hence is not a unit, while N(J)=1; trace does not select a field for general t because t=4 also has squarefree discriminant kernel 5; no physical run/record or time-arrow reading is included	4. The two places	probes/P-METAL-TRACE-1	fires if a pinned gate fails on re-run, any frozen exact identity is false, or the aarch64 and x86_64 transcripts differ
SQRT-PHI-DIGIT-LIFT	T	in F_25 = F_5[tau]/(tau^2 - 2), eta = tau^3 and -eta are exactly the roots of r^2 = phi, eta has order eight and norm J_lambda = 2, and the restricted norm sequence C8 -> C4 is nonsplit with kernel {+-1}; for either root r_epsilon, the recursion Y_0^epsilon = 1, Y_(2n)^epsilon = Y_n^epsilon, Y_(2n+1)^epsilon = r_epsilon Y_n^epsilon has the unique solution Y_n^epsilon = r_epsilon^s_2(n), with N(Y_n^epsilon) = Theta_n, q(N(Y_n^epsilon)) = theta_n, (Y_n^epsilon)^2 = Theta_n^-1, (Y_n^epsilon)^4 = (-1)^theta_n, and Y_n^- = (-1)^theta_n Y_n^+ for every n >= 0, giving the exact C8 -> C4 -> C2 projection tower, and has successor multiplier r_epsilon^(1 - nu_2(n+1)), which is not constant; no sign-branch selection, checkpoint identification, physical tick, time arrow, gravity dynamics, coupling, SI scale, or lift to L2-L6 is claimed	3. The kernel and the census	probes/P-SQRT-PHI-DIGIT-1	fires if a frozen field, root, order, norm, nonsplitting, all-n digit-induction, projection, successor-law, pinned-hash, or two-architecture byte-identity gate fails
GOLDEN-SIX-LINE-SYM2-FRAME	T	for K = Q(phi) and the six projective-line representatives v1 = (0,1,phi), v2 = (0,1,-phi), v3 = (1,phi,0), v4 = (1,-phi,0), v5 = (phi,0,1), v6 = (phi,0,-1), with r = phi + 2, Pi = vi vi^T/r, equal cardinal weights, and M(A) = (1/6) sum_i Tr(Pi A)Pi on Sym2(K^3), the rank-one projectors sum to 2 I3 and their centered projectors form a rank-five regular simplex; M is Galois-stable and descends to a rational endomorphism of Sym2(Q^3), whose complete exact so(3) commutant is spanned by P1(A) = Tr(A)I3/3 and P5(A) = A - P1(A); M = (1/3)P1 + (2/15)P5 has coefficient ratio 5:2, total block trace-mass ratio 1:2, and is not (1/6)I6, while for c1 = (1,1,1), c2 = (1,1,-1), c3 = (1,-1,1), c4 = (-1,1,1), Qi = ci ci^T/3, and M_cube(A) = (1/4) sum_i Tr(Qi A)Qi, one has (1/4) sum_i Qi = I3/3 but M_cube is not in the rational so(3) commutant, proving second-order isotropy alone insufficient; the 1/6 in M is only the cardinal average over six lines, not GYRON-DENSITY, a clock density, or a Born multiplier, and no J, U, checkpoint, decoder, Thue-Morse, physical-probability, L5, or L6 selection is claimed	13. Gravity and cosmology	probes/P-TM-SYM2-FRAME-1	fires if a frozen projector, simplex, commutant, rationality, Galois-stability, operator, ratio, negative-control, pinned-hash, or two-architecture byte-identity gate fails
FIRED-COMMUTATOR-NOGO	T	on (Z/5Z)^6 with the five public census involutions, on the sheet z5 in {1,4} the selector i = (z5 + 2t) mod 5 takes only values {1,3,4}, so only b, d, e ever fire; the fired pair commutators are pure fiber translations [d,e] = T_(0,0,0,0,3,0), [b,d] = T_(0,0,0,0,3,3), [b,e] = T_(0,0,0,0,1,3) with zero piston component; the linear parts of b, d, e lie in the abelian Klein group {I, -I, B, -B} of exponent 2, so every group commutator in <b, d, e> is a pure translation, and the derived subgroup D(<b, d, e>) is exactly the 25 fiber translations: the fired dynamics is spatially abelian and piston-block noncommutativity cannot arise from the fired steps; the silent control [a, c] is not a translation; no curvature operator selection, value, or physical reading is claimed	2. Time, space, and the decoder	probes/P-FIRED-COMMUTATOR-NOGO-1	fires if any pinned gate fails on re-run, a commutator in <b, d, e> with nonzero piston component is exhibited, or the aarch64 and x86_64 transcripts differ
TIME-CUT-READING	D	the dictionary composition of registered public rows: the counter n is cut by theta_n = s_2(n) mod 2 into the selection law i = (z5 + 2 theta_n) mod 5, and the ramified lift realizes the cut as the sign quotient of the four-phase J-channel (RAMIFIED-TM-LIFT); the matter channel reads the named isolated pair (theta_(n-1), theta_n) = (0, 0), density 1/6 (GYRON-DENSITY), each knot bracketed 1 00 1 by cube-freeness of the drive; the spatial channel does not sit on the noncommutativity of the fired steps, which is exactly the fiber translation plane (FIRED-COMMUTATOR-NOGO), but on the silent pair a, c, never fired on the sheet, whose commutator reading is carried by CURVATURE-HISTORICAL-TRACE and KERNEL-MACRO-READING with the canonical operator open (CURVATURE-OPERATOR-CANONICAL); the dimensionless proper time is the terminal reading delta tau hat = 2 pi/5 per tick (METRO-TICK); no forcing, uniqueness, or completeness of this dictionary is claimed, and no component row is strengthened by the composition	2. Time, space, and the decoder	inline	fires if any cited component row falls or is re-scoped below the use made of it here, or if any clause misstates the scope of the row it names
QUANT-SCHWINGER-TARGET	T	the exact target-scalar identity J Jbar / script-Q = 1/(2 pi), derived from J Jbar = phi^-2 and script-Q phi^2 = 2 pi; arithmetic only, with no identification of this scalar with [alpha^1]((g_e(alpha)-2)/2), no substrate coupling, action, normalization, regularization, measured observable, or physical uniqueness claim	9. The photon and the electron	inline	
C20-TEICHMULLER-SPLIT	T	for O = Z[zeta_5], lambda = 1 - zeta_5, A_m = O/(lambda^m) for m >= 1, and R = A_4 = O/(5), where (5) = (lambda)^4 is an equality of ideals in O and not an element equality, A_m is a finite local ring with residue field F_5, the units are exactly the elements of nonzero residue, |A_m| = 5^m, and |A_m^*| = 4 x 5^(m-1); in R, lambda^4 = 0 != lambda^3, J = 1 + zeta_5^2 has exact order 20, and t = J^5 = 2 and u = J^16 = 3J give <J> = <t> x <u> isomorphic to C_4 x C_5 with (u - 1)^4 = 0 != (u - 1)^3; mu_8(R) = mu_4(R) = F_5^* embedded as the nonzero scalar constants, and for every m >= 1 the Sylow 2-subgroup of A_m^* is C_4, so no A_m contains an element of order 8; M_R = M_J mod 5, reconstructed from the public J-STEP columns, agrees with multiplication by J, has exact order 20, satisfies M_R^5 = 2I, M_R^10 = -I, M_R^16 = 3M_R, (M_R - 2I)^4 = 0 != (M_R - 2I)^3, and, for U = M_R^16, (U - I)^4 = 0 != (U - I)^3; L1 exact arithmetic only, with no all-k order claim for M_J modulo 5^k, time, tick, clock, decoder, physical carrier, metrology, uniqueness, or L2-L6 claim	1. The axiom and the two projections	probes/P-C20-TEICHMULLER-SPLIT-2	fires if the pinned evidence bundle or two-architecture transcript differs, if the ideal, locality, residue, cardinality, unit, order, split, nilpotency, root-census, all-m Sylow 2-subgroup, or reduced J-STEP statement in the frozen scope is false, if a nonconstant fourth or eighth root occurs in R, or if an element of order 8 occurs in any A_m; any all-k order modulo 5^k, time, clock, decoder, or physical interpretation is outside this theorem
TM-SYM2-PROJECTIVE-FOURFOLD	T	for the frozen length-three Thue-Morse window carrier W3, complement N, six GOLDEN-SIX-LINE-SYM2-FRAME lines with sigma_line, and the complete class Sel_class of N-equivariant surjections, every selector is a bijection, |Sel_class| = 48, the frozen projective-linear postcomposition gauge G has order 12 and acts freely, and Sel_class is exactly four G-orbits of size 12; hence the frozen N2 canonicality test is NONCANONICAL; the unique stationary window law is uniform and every selector has the same mathematical pushforward nu_s(v_i) = 1/6 and M_s = (1/3)P1 + (2/15)P5 with ratio 5:2; this is limited to the frozen carrier, pairing, and projective gauge and asserts no preferred selector, physical probability, Born halving, or L6 measure	13. Gravity and cosmology	probes/P-TM-SYM2-MEASURE-1	fires if the pinned bundle or two-architecture transcript differs, or if 48, 12, freeness, the four-by-twelve partition, uniform pushforward, or common operator fails at the frozen scope; changed carriers, pairings, gauges, and physical readings are outside scope
TM-SYM2-SEMILINEAR-TWOFOLD	T	for W = Cent(sigma_line) = C2 wr S3 of order 48, chi_Q = sgn(pair permutation), chi_F = (-1)^(flip parity), and G = ker(chi_Q) intersect ker(chi_F) of order 12, the exact Q(sqrt5) projective-semilinear realization image is Gamma_sl = ker(chi_Q chi_F) of order 24; its 12 exponent-one members all have additive character (1,1), and free postcomposition gives exactly two selector orbits of size 24 distinguished by chi_Q chi_F; this is a comparison action only: Gamma_sl is not adopted as gauge and N2, the selector question, and physical measure are unchanged	13. Gravity and cosmology	probes/P-TM-SYM2-SEMILINEAR-GAUGE-1	fires if the W, character, kernel, or image orders, either exponent image, the twelve-member exponent-one character census, Gamma_sl = ker(chi_Q chi_F), or the two-by-twenty-four partition differs, or if the pinned two-architecture evidence fails; larger fields and physical gauge adoption are outside scope
TM-SYM2-REVERSAL-CLOSURE	T	for the frozen drive-word reversal R(abc) = cba and complement N on W3, precomposition translates the additive character fibers by t_N = (0,1), t_R = (1,0), and t_NR = (1,1); the N and R transports are NONREALIZABLE over Q(sqrt5) at both frozen exponents, NR is REALIZABLE-E1, R toggles chi_Q chi_F, and the candidate action generated by Gamma_sl postcomposition and R precomposition has one orbit of size 48; this is dynamic precomposition closure only, not a postcomposition realization or gauge adoption, and it decides neither quotienting nor physical measure	13. Gravity and cosmology	probes/P-TM-SYM2-REVERSAL-CLOSURE-1	fires if any translation, realizability verdict, complete ninety-six-case dual-method agreement, residual toggle, or one-orbit classification differs, or if the pinned two-architecture evidence fails; Q(zeta_5), gauge adoption, and L6 are outside scope
TM-SYM2-PHYSICAL-MEASURE	D	the owner-approved typed L5-to-L6 physical dictionary bridge on the frozen length-three Thue-Morse window carrier W3: the complete selector-gauge record C_sel = Sel_class/G with four classes retains epsilon_read = chi_Q chi_F, the current W3 word, and omega(a,b,c) = c-a; the separately frozen monomial verb-lift class v_t = delta_t + delta_(t+1) for t in Z/5Z has F(v_t)_k = zeta_5^(t k)(1 + zeta_5^k), with 1 + zeta_5^k = sigma_(3k)(J) for k != 0 and k = 0 separately 2, and its coefficient-coordinate Born square gives the same normalized two-sheet law for every t; combining that derived conditional with only the public uniform stationary W3 law from TM-SYM2-PROJECTIVE-FOURFOLD yields a total normalized word measure whose pushforward is coherent on all 48 frozen selectors and has six equal line weights 1/6 only as an output; no selector representative is chosen, no postcomposition gauge is enlarged, orientation is retained at L5 and the scalar L6 measure is orientation-blind only as a proved output; a same-modulus nonmonomial lift has unequal coefficient Born weights, so the registered modulus data alone do not select the monomial lift; no uniqueness among all amplitude lifts, M_TM confirmation, GYRON identification, D_matter, decoder-completion, or SI claim is made	13. Gravity and cosmology	probes/P-TM-SYM2-BORN-HALVING-1	fails if the pinned P-TM-SYM2-BORN-HALVING-1 result or required two-architecture transcript differs, if the joint N/R anti-invariant source sector is not one-dimensional, any frozen monomial lift fails the exact Fourier or Galois identities or equal normalized two-sheet Born law, the same-modulus negative control fails to break modulus-only uniqueness, the total map is undefined or unnormalized on any frozen word or selector class, two frozen selector charts give different L6 measures, epsilon_read is quotiented, a selector representative or enlarged gauge is used, or 1/6, M_TM, or GYRON-DENSITY enters as a construction input; changed lift classes or claims of uniqueness among all amplitude lifts are outside scope
WALL-CIRCLE-LEMMA	T	for every integer N >= 3 and every a with 1 <= a <= N - 1, in the standard archimedean embedding with principal logarithm and principal dilogarithm, the point z = 1 + zeta_N^a satisfies |1 - z| = 1, Li_1(z) = -Log(1 - z) = i psi with psi = -Arg(-zeta_N^a) = pi (N - 2a)/N, and Re Li_2(z) = psi^2/4 = pi^2 (N - 2a)^2/(2N)^2 exactly; the identity has no excluded a, with the midpoint 2a = N proved directly from z = 0 and Li_1(0) = Li_2(0) = 0 before any use of Log(z) or Arg(z); the full nontrivial-root sum is sum_(a=1)^(N-1) Re Li_2(1 + zeta_N^a) = pi^2 (N - 1)(N - 2)/(12N); the N = 5 specialization reproduces WALL-LI2-RUNG with pi^2/100 and 9 pi^2/100 on the two conjugate channels, Galois-orbit real-part sum pi^2/5, and channel ratio 9; real parts only, with no imaginary-part claim, no field-trace claim for the transcendental values or the composite-N full sum, and no statement about substrate coupling, action, normalization, regularization, physical observables, or uniqueness	16. p = 5 and the wall	inline	fails if any displayed branch identity, principal-log value, imported classical identity, midpoint value, or exact rational reduction is false, if some pair (N,a) with N >= 3 and 1 <= a <= N - 1 violates Re Li_2(1 + zeta_N^a) = pi^2 (N - 2a)^2/(2N)^2, or if the exact rational sum over a differs from pi^2 (N - 1)(N - 2)/(12N)
METRO-FINITE-STATE-RATIONALITY	T	for every integer q >= 2 and every accessible q-DFAO with nonempty finite state set S, rational output vector w in Q^S, and integer transition-count matrix B[s,t] = #{d in {0,...,q-1}: delta(s,d) = t}, so every row sum of B is q: if the normalized uniform-word averages q^(-m) B^m w converge entrywise to L 1, then L is rational; writing chi_B(x) = (x - q)^r h(x) with h(q) != 0, boundedness of the row-stochastic powers (B/q)^m makes q semisimple, and a rational Bezout decomposition constructs the q-primary spectral projector E in Q[B] with E^2 = E, BE = qE, and E 1 = 1, whence Ew = L 1; conditional rationality of an existing common limit only, with no convergence existence criterion, discrepancy bound, selector theorem, Folner equivalence, L5-to-L6 lift, physical unit, or claim about higher-dimensional supports, non-finite-state streams, unbounded-memory adaptive protocols, stochastic protocols without an exact finite reduction, or irrational carriers	15. Couplings, instruments, and metrology	inline	fires if an accessible q-DFAO with q >= 2, rational output vector, and constant row sum q is exhibited whose normalized uniform-word averages converge entrywise to an irrational common limit, or if any stated row-stochastic boundedness, q-semisimplicity, rational Bezout-projector, or limit-projection step is false; a row-sum mismatch is outside the declared q-DFAO input schema and is not a counterexample
METRO-REDUCTION-CALCULUS	O	the remaining open L5 reduction-calculus obligations on U_RF tuples P=(q,a,r,S,A0,{delta_(i,u)},enc_q,w) after METRO-REDUCTION-ARROWS [C]: obligation B, the complete forbidden-transformation catalogue with exact witnesses, discharged for the five entries section 15 names by METRO-FORBIDDEN-WITNESSES, whose one frozen reading per entry is the ratified meaning of those five phrases, with any further entry still open; obligation D, common q^k blocking with exact transport of all length-k words, padding, every exponent-residue vector, the pointwise stream, the scientific decision, and the terminal value; and obligation E, completeness of the finite-zig-zag equivalence approx_red for the registered class; obligations A and C are separated into METRO-REDUCTION-ARROWS and do not close B, D, or E; no normalization or cross-layer gate is owned	15. Couplings, instruments, and metrology	inline	closes positively when every forbidden entry has an exact witness, common q^k blocking and decision and terminal-value transport are decided, and approx_red is complete for the registered class; closes negatively if one transformation is both allowed and forbidden or an admitted arrow changes a frozen decision or terminal value after exact transport; STOP while any forbidden-witness, blocking, decision, terminal-value, or completeness obligation remains; METRO-REDUCTION-ARROWS closes only obligations A and C and leaves this row O and STOP
METRO-ADMISSIBILITY-DIM	O	the exact admissibility decision for finite N^a-indexed commuting digit-word systems over Q with q >= 2, a >= 2, r >= 1, finite state carrier, nonempty allowed starts, fixed digit and padding convention, commuting coordinate digit actions, complete raw L5 stream in Q_(>=0)^r, total tagged L6 normalization Y_r, and uniform translated-box convergence with an effective modulus; an independently defined joint certificate must be sound, complete, and decision-coherent and must cover individual digit maps, the relevant invariant submodule, allowed-start observable quotient, primary, peripheral, Jordan, q-adic boundary and residue data, and the exact terminal value	15. Couplings, instruments, and metrology	inline	closes positively when the direct translated-box criterion decides the complete frozen child, the independent joint certificate is terminating, sound, complete, and coherent, and every allowed reduction preserves the decision and terminal value; closes negatively on an exact admitted counterexample to soundness, completeness, coherence, total normalization, or reduction invariance; STOP while any type, endpoint, certificate field, reduction, completeness proof, boundary theorem, or effective modulus is incomplete
ENTROPY-CYLINDER-NOGO-CURSOR	T	for the exact L5 finite-cylindrical constraint graph on F_5^6 driven by the two-sided Thue-Morse factor language, every pure-word system at every cursor c = 0..L-1 for every window L = 4..32 has global solution count zero; because the zero residue is fixed by multiplication by J and its labelled graph projects exactly to the pure-word graph, the same obstruction holds at every finite lambda-depth; the 27 direct checks at ell in {4,20,100} are audits, not the source of the all-depth quantifier; no non-cylindrical cut, P_5 construction, measurable selection, entropy, regularity, canonicity, image-law, measure lift, L6, or physical claim follows	3. The kernel and the census	probes/P-ENTROPY-CURSOR-CLOSURE-1	fires if any pinned source, factor-language, engine, reachability, control, independent-route, reversal, or zero-residue gate fails on re-run, if any of the 522 pure-word systems or 27 frozen direct-depth systems has positive global solution count, or if the aarch64 and x86_64 transcripts differ
C8-BILINEAR-SHADOW	T	in K = F_25 = F_5[tau]/(tau^2 - 2), <tau> = F_5^* union tau F_5^*, with even and odd powers on the two nonzero axes and exact order-eight elements {+-tau,+-eta}; Frobenius is conjugation a+b tau -> a-b tau, fixes F_5, negates tau F_5, preserves norm under sign, and swaps Y_n^+ with Y_n^- for every n; the record V^epsilon consisting of every Theta_n, each Y_n^epsilon on even digit-sum classes, and each same-branch product Y_n^epsilon Y_m^epsilon on odd pairs is F_5-valued and branch invariant, while mixed-parity products are off-axis and branch-dependent; the norm reads s_2 mod 4 while V reads the declared even and odd-pair classes mod 8, with witnesses 15/255 and (1,1)/(1,31), and (Y_n^epsilon)^2 = Theta_n^-1 on the carried even classes; no branch selection, broader physical or gauge equivalence, checkpoint identification, clock, gravity, SI, force, uniqueness, or lift to L2-L6 is claimed	3. The kernel and the census	probes/P-C8-BILINEAR-SHADOW-2	fires if the pinned evidence bundle or two-architecture transcript differs, if any frozen axis, root-census, Frobenius, branch-swap, invariant-record, parity-boundary, mod-8 refinement, witness, dependency, or all-n proof statement is false, or if an exact counterexample occurs in the declared L1 carrier; no broader physical or higher-layer consequence is included
METRO-REDUCTION-ARROWS	C	for the typed L5 U_RF tuple P=(q,a,r,S,A0,{delta_(i,u)},enc_q,w), the four admitted reductions have exact preconditions and transports: state relabeling by a bijection transporting A0, every digit map, and w' = w o phi^(-1); restriction to S_reach(P), the closure of A0 under every single-digit map; the multi-action Nerode quotient s ~_V t iff w(delta_v(s)) = w(delta_v(t)) for every tuple v of coordinate digit words, exactly when ~_V is a congruence for every coordinate i >= 2, with coordinate 1 automatic; and coordinate permutation transporting coordinate names, input indices, digit maps, boxes, and the ordered input basis; each arrow has tau_R = identity and exact pointwise transported L5-stream equality; frozen four-state witnesses distinguish one-shot V-image from Sigma* closure, exhibit the necessary coordinate-2 congruence proviso, and separate transported-basis permutation from the basis-fixed lookalike; exhaustive q=2, a=2, r=1, binary-output families find zero congruence counterexamples among exactly 1024 two-state and 4251528 three-state protocols, so the four-state witness is minimal in that family; computation-only L5 scope, with no forbidden-transformation catalogue, common q^k blocking, completeness of approx_red, normalization, scientific decision or terminal value, or L6, cross-layer, physical, or SI claim	15. Couplings, instruments, and metrology	probes/P-METRO-REDUCTION-ARROWS-4	fires if the pinned evidence bundle or exact stdout differs, any of the 17 frozen gates fails, an admitted arrow changes a transported pointwise L5 stream, either exhaustive family yields a congruence counterexample, a frozen four-state witness fails, or either exact family cardinality differs; obligation B, common q^k blocking, approx_red completeness, normalization, decision and terminal-value transport, and every L6, cross-layer, physical, or SI statement are outside scope
DRIFT-IS-THE-READ	T	for the fixed beta_1 walk A_1 = (1/sqrt5)[[1,2],[2,-1]] with W(z) = diag(z,z^-1)A_1: D = A_1 diag(-1,1) A_1 = (1/5)[[3,-4],[-4,-3]] is an involutive trace-zero reflection; the division-free spectral skeleton in Q(sqrt5)[z,z^-1,r]/(r^2-(18+z^2+z^-2)/20) has unit-circle squared step gap |1-rho|^2 = 4r^2 with minimum 16/5; the exact drift obeys V_inf(1) = -beta_1 A_1 and has coherent range [-beta_1,beta_1]; and for every N >= 1, ||V_bar_N-V_inf|| <= 1/(Nr) <= sqrt5/(2N); under the declared P1 translation-covariant fiberwise read and P2 long-window premise this large-N limit is the read, but P1 and P2 are premises rather than conclusions and no decoherence, environment, collapse, Born, measurement, L6, SI, coin adoption, or unique-physics claim is included	10. Relativity as counting	probes/P-BOOST-COHERENCE-1	fires if the pinned evidence or two-architecture transcript differs, or if an exact counterexample violates any frozen reflection, division-free spectral, gap, drift, zero-mode, coherent-range, conjugation-kernel, or all-N bound identity on the declared carrier; failure to derive or physically anchor P1 or P2 is outside this theorem and does not rewrite its exact implication
READ-REDUNDANCY-PRIME-SUPPORT	T	the exact read-redundancy classification for polynomial accumulators over the localization Z_S: absence of feedback alone bounds nothing, since a typed projection funnel carries multiplicity 6 over Z with zero arithmetic nodes, over Q every multiplicity carries, and dropping totality removes every bound as well; for anonymous total accumulators over Z_S multiplicity m carries if and only if every prime divisor of m lies in S, by the weight-1 stratum equation m c_(1) = 1 in Z_S with sufficiency (x_1 + .. + x_m)/m; at the registered places {2} and {2,5} the sixfold read therefore costs the prime 3 and the twofold read only the prime 2; the criterion is a prime-support selector and not a smaller-is-better principle, so it can be nonunique and can select the larger multiplicity; the row informs MINIMAL-READ-DERIVATION only, closes it in neither direction, and derives no physically canonical coin	10. Relativity as counting	probes/P-READ-REDUNDANCY-1	fires if a symmetric total polynomial accumulator over Z_S returns the common value identically at a multiplicity m with a prime factor outside S, if the typed projection or diagonal common-value witnesses fail on their stated domains, if a weight-1 partition other than (1) exists, if a monomial symmetric function has diagonal degree differing from its weight, or if the aarch64 and x86_64 transcripts differ
COIN-SELECTION-CONDITIONAL	T	the positive-orientation integer-admissible alternator coins are exactly {beta_1,beta_3} by the all-index Fibonacci/Lucas rigidity proof; the closed rapidity ranges give a complete composed velocity cover while open-band multiplicities remain endpoint-qualified; beta_1 has generic/rung multiplicities 2/1, uniform constant sqrt5/2, and minimum squared gap 16/5, while beta_3 has 6/5, sqrt5, and 4/5; the non-integral half-rung is only a generic single tiling with uncovered open seams; S1 minimum generic multiplicity and S2 minimum worst-case uniform constant uniquely select beta_1, whereas S3 maximum coherent half-width uniquely selects beta_3; S1 and S2 are distinct definitions agreeing only on the frozen complete pair, and this theorem adopts no selector	10. Relativity as counting	probes/P-BOOST-COHERENCE-1	fires if the pinned evidence or two-architecture transcript differs, a third admissible positive-orientation integer coin exists, any frozen closed-cover, open-band generic/rung/seam count, half-rung value, uniform constant, squared gap, or selector ranking is false, or the all-index completeness proof fails on its stated domain
COIN-MINIMAL-READ	D	among the publicly proved complete pair {beta_1,beta_3}, the Canon dictionary adopts beta_1 by MINIMAL-READ: beta_1 uniquely minimizes both generic covering multiplicity and the worst-case constant of the uniform ergodic read; MAXIMAL-REACH is the named unadopted counter-selector and chooses beta_3; the agreement of the two distinct minimum-cost criteria is evidence on this pair, not a general equivalence, and no claim that the decoder architecture forces MINIMAL-READ is included	10. Relativity as counting	probes/P-BOOST-COHERENCE-1	fires if an exact public derivation from the complete registered decoder architecture uniquely forces beta_3, or if an exact counterexample overturns the frozen admissible-pair or ranking theorem; merely naming another preference that chooses beta_3 does not fire the row
MINIMAL-READ-DERIVATION	O	decide whether the complete registered decoder architecture, without adopting MINIMAL-READ as a premise, uniquely forces w = 1, the beta_1 alternator coin, and its minimum-read property through a typed L5-read to L1-coin selection route	10. Relativity as counting	probes/P-BOOST-COHERENCE-1	closes positively only when a complete typed derivation from the registered carrier, maps, admissible protocol class, accumulator/equality rule, and dependency graph uniquely forces w = 1 and beta_1; closes negatively only when the complete admissible decoder class is proved nonempty and either contains fully compliant beta_1 and beta_3 realizations or uniquely forces beta_3; STOP while decoder completion, the complete class, cover-to-output map, redundancy rule, accumulator, graph, or layer typing is incomplete; failure of no-feedback or any one favored route is STOP unless it classifies the complete admissible class
PHOTON-KAPPA-LEMMA	F	the positive proposition that there exist coprime positive integers a,b with 2^(4a) > 2401^b and b F_occ(j) >= a L(j) for every j in ParentWorldline is false on the frozen L4 carrier: ParentWorldline is the set of nonzero finite-support closed ternary 1-chains j in C_1^c(Z^4; {0,+1,-1}), with no connectedness restriction, that admit a finite-support ternary 2-chain n in C_2^c(Z^4; {0,+1,-1}) satisfying partial n=5j; L(j)=|supp(j)| and F_occ(j)=min{|supp(n)|: n is such a ternary filling}; the admitted connected witness j_* has L=3240 and an exhibited filling n_* of support 7993 with 2^7993 <= 7^3240, so only F_occ(j_*)<=7993 is used and neither equality nor optimality is claimed; no roughening, Froehlich-Spencer, Coulomb, continuum, propagator, or physical-photon statement is included	9. The photon and the electron	probes/P-PHOTON-KAPPA-LEMMA-1	fired: the public two-architecture exact certificate verifies j_* != 0, partial j_*=0, connected support, L(j_*)=3240, partial n_*=5j_*, |supp(n_*)|=7993, and 2^7993<=7^3240; hence F_occ(j_*)<=7993, while every coprime positive a,b with 2^(4a)>2401^b has 2^a>7^b, so universal b F_occ>=a L would imply 2^(b*7993)>=2^(a*3240)>7^(b*3240), contradicting the certificate; no value of F_occ(j_*) is computed
TM-SYM2-SPECTRAL-COHERENCE	T	frozen v16 S_TM carrier, 48-selector class, L5	13. Gravity and cosmology	probes/P-TM-SYM2-SPECTRAL-COHERENCE-1	fires if any selector pair lacks an {id, N} signed-permutation similarity witness, or more than one characteristic polynomial occurs among the 48, or any frozen-battery functional separates the two epsilon classes, or the exponent-one count over all 720 permutations differs from 60, its intersection with the 48-element centralizer differs from 12, the linear count differs from 60, or the two-graph split differs from 10 and 10
CM-ALTERNATING-PENCIL	T	for K = Q(zeta_5), O_K = Z[zeta_5], phi = -zeta_5^2-zeta_5^3, lambda_1 = zeta_5-zeta_5^-1, lambda_2 = zeta_5^2-zeta_5^-2, and L = {lam in O_K : conjugate(lam) = -lam}, L = lambda_1 Z[phi] is free of rank one with Z-basis lambda_1,lambda_2 and lambda_2 = lambda_1 phi^-1; Omega_lam(x,y) = Tr(lam x conjugate(y))/5 is integral and alternating for every lam in L and is unimodular exactly when (lam) = (lambda_1), with det(Omega_1)=1; for Omega_(a,b)=a Omega_1+b Omega_2, Pf(Omega_(a,b)) = a^2-a b-b^2 = N_(K+/Q)((a-b)+b phi), so the unimodular members are exactly the Pell unit orbit and (a,b)=(F_(n+1),F_n) has Pf=(-1)^n for n>=1; pullback by u in O_K^x sends the parameter lam to lam u conjugate(u), its action kernel is exactly {+zeta_5^k,-zeta_5^k : 0<=k<5}; pullback by J acts on the parameter basis by A_J=[[1,-1],[-1,2]], with determinant one, trace three, characteristic polynomial t^2-3t+1 and eigenvalues phi^2,phi^-2, while parameter multiplication by phi is [[1,1],[1,0]] and A_J is the inverse of its square; every integral determinant-one scalar similitude of a fixed nonzero pencil member has multiplier +1 or -1, unit multiplication has a scalar multiplier only at +1 and exactly for the ten roots of unity, and conjugation acts with multiplier -1 but is not multiplication by a unit; L1 exact algebra only, with no state, stream, decoder, measure, interpretation, or lift to L2-L6	4. The two places	probes/P-CM-ALTERNATING-PENCIL-1	fires if L is not lambda_1 Z[phi] with the stated basis, an exact Omega_lam is not integral or alternating, the unimodular locus differs from the generator or Pell locus, the Pfaffian or Fibonacci formula fails, a unit pullback leaves the pencil or has a relative-norm kernel other than the ten roots of unity, either displayed action matrix, determinant, trace, characteristic polynomial, eigenvalue, or inverse relation fails, an integral determinant-one scalar similitude has multiplier outside {+1,-1}, a unit other than a root of unity fixes Omega_1, or conjugation does not act by -1; within the declared audits it also fires if verify.py finds an integrality, Pfaffian, Pell, pullback, fixed-unit, similitude, or conjugation counterexample; a changed evidence bundle or architecture transcript without an exact mathematical negation is integrity STOP
TM-HANKEL-DIVISOR-BRIDGE	T	for tau_TM(n)=(-1)^s_2(n), c_TM=mu*tau_TM, an odd squarefree positive integer with prime set P, k=|P|, subsets S,T of P, n_S=product_(p in S)p, K_P(S,T)=c_TM(n_S n_T), Kxor_P(S,T)=c_TM(n_(S XOR T)), R_P=K_P-Kxor_P, and the Hankel kernel H(m,n)=c_TM(mn)/(mn) on positive integers: with D_P=diag(n_S) positive, (D_P H_P D_P)(S,T)=K_P(S,T), so by Sylvester's law of inertia inertia(H_P)=inertia(K_P) at every finite divisor-cube compression; n_S n_T=n_(S XOR T) n_(S AND T)^2 exactly, so K_P splits as K_P=Kxor_P+R_P with Kxor_P an XOR circulant diagonalized by the 2^k Walsh characters and R_P supported exactly on the pairs with S AND T nonempty; exact L1 arithmetic only, with no statement about the operator H beyond the displayed finite compressions and no RH, zeta-zero, Weil-positivity, explicit-formula, Nyman-Beurling, Baez-Duarte, J, p=5, decoder, measure, Born, observer, force, spacetime, physical-vacuum, other physical, SI, or L2-L6 conclusion	9. The photon and the electron	probes/P-TM-HANKEL-K3-TRANSFER-1	fires if an exact counterexample violates the conjugation identity (D_P H_P D_P)(S,T)=K_P(S,T), the Sylvester inertia transfer at any finite compression, the squareful factorization n_S n_T=n_(S XOR T) n_(S AND T)^2, the Walsh diagonalization of Kxor_P, or the support characterization of R_P; a pinned-bundle, transcript, or architecture mismatch without an exact mathematical negation is integrity STOP, not a scientific falsifier
TM-HANKEL-SQUAREFUL-RANK-NOGO	T	for c_TM=mu*tau_TM on the divisor cube of an odd squarefree positive integer with prime set P, k=|P|: c_TM(1)=-1 is odd and c_TM(N) is even for every N>=2 because c_TM(N) is a sum of 2^omega(N) unit terms, a table-general parity using only that tau_TM takes values in {-1,+1}; hence the empty row and column of R_P vanish, the nonempty block of R_P is congruent to the identity modulo 2 with odd determinant, and rank R_P=2^k-1 exactly with kernel spanned by the empty coordinate; for every U subseteq P the layer transform d_U(z)=sum_(V subseteq U)(-1)^(|U|-|V|)c_TM(n_z n_V^2) on subsets z of P minus U has d_U(empty) odd and d_U(z) even for nonempty z, its XOR-structured layer matrix is congruent to the identity modulo 2 with odd determinant and full rank 2^(k-|U|), and the exact layer inversion K_P(S,T)=sum_(V subseteq S AND T)d_V(S XOR T) holds entrywise; consequently no low-rank compression of the squareful defect exists, globally or at any single intersection order: the defect is two-adically unimodular on its carrier; exact L1 arithmetic only, with no statement about the operator H beyond the displayed finite compressions and no RH, zeta-zero, Weil-positivity, explicit-formula, Nyman-Beurling, Baez-Duarte, J, p=5, decoder, measure, Born, observer, force, spacetime, physical-vacuum, other physical, SI, or L2-L6 conclusion	9. The photon and the electron	probes/P-TM-HANKEL-K3-TRANSFER-1	fires if an exact counterexample gives a nonzero empty row or column entry of R_P, an even determinant of the nonempty block, a rank below 2^k-1, a kernel vector outside the empty coordinate, a layer matrix singular modulo 2, a layer parity violation, or an entry where the layer inversion fails; a pinned-bundle, transcript, or architecture mismatch without an exact mathematical negation is integrity STOP, not a scientific falsifier
TM-HANKEL-EXTREMAL-WITT-SKELETON	T	for the extremal locus tau_TM(n_Z)=(-1)^(|Z|+1) for every Z subseteq P, the equality locus of the divisor-count bound |c_TM(n_P)|<=2^k, and W(S,T)=2^(|T|-|S|) for S subseteq T else 0, unimodular, upper triangular, and congruent to the identity modulo 2: on every extremal P the cube values c_TM(n_T)=-(-2)^(|T|) force the exact tensor decomposition Kxor_P=-(m tensor-power k) for m=[[1,-2],[-2,1]], and the local identity u^T m u=diag(1,-3) for u=[[1,2],[0,1]] tensorizes to the exact integral congruence W^T Kxor_P W=diag_(S subseteq P)((-1)^(|S|+1)3^(|S|)); the empty row and column of W^T R_P W vanish, so the empty direction splits off at the constant -1 for the entire pencil Kxor_P+sR_P; the skeleton balance is NEG=POS=2^(k-1); verified on 1109 extremal sets, the 1103 extremal pairs with p<q<=1000, four triples, and chains at k=4 and k=5; exact L1 arithmetic only, with no statement about the operator H beyond the displayed finite compressions and no RH, zeta-zero, Weil-positivity, explicit-formula, Nyman-Beurling, Baez-Duarte, J, p=5, decoder, measure, Born, observer, force, spacetime, physical-vacuum, other physical, SI, or L2-L6 conclusion	9. The photon and the electron	probes/P-TM-HANKEL-K3-TRANSFER-1	fires if any extremal set violates the diagonal congruence W^T Kxor_P W=diag((-1)^(|S|+1)3^(|S|)), the tensor decomposition, the extremal cube value c_TM(n_T)=-(-2)^(|T|), the vanishing of the empty row and column of W^T R_P W, or the parity form of W^T R_P W; a pinned-bundle, transcript, or architecture mismatch without an exact mathematical negation is integrity STOP, not a scientific falsifier
TM-HANKEL-K2-TRANSFER	T	for every extremal pair {p,q}, with unit letters A=tau_TM(p^2), B=tau_TM(q^2), D=tau_TM(p^2 q), E=tau_TM(p q^2), F=tau_TM(p^2 q^2): in the W basis the pencil Kxor_P+sR_P equals the exact 4 by 4 matrix with rows (-1,0,0,0), (0,3+sA,0,s(A+D)), (0,0,3+sB,s(B+E)), (0,s(A+D),s(B+E),-9+s(3D+3E+F)), with |3D+3E+F|<=7; for 0<=s<=1 the two middle pivots are at least 2 and Schur elimination leaves h(s)=-9+s(3D+3E+F)-s^2(A+D)^2/(3+sA)-s^2(B+E)^2/(3+sB)<=-9+7s<=-2<0, so the pencil determinant never vanishes on [0,1] and the inertia is constantly NEG 2 ZERO 0 POS 2, uniformly over all 32 squareful sign patterns: the balanced transfer is universal at k=2; exact L1 arithmetic only, with no statement about the operator H beyond the displayed finite compressions and no RH, zeta-zero, Weil-positivity, explicit-formula, Nyman-Beurling, Baez-Duarte, J, p=5, decoder, measure, Born, observer, force, spacetime, physical-vacuum, other physical, SI, or L2-L6 conclusion	9. The photon and the electron	probes/P-TM-HANKEL-K3-TRANSFER-1	fires if an extremal pair exhibits a pencil determinant root in [0,1], an inertia other than NEG 2 ZERO 0 POS 2 at any s in [0,1], a corner value with |3D+3E+F|>7, or a W-basis pencil differing from the displayed matrix; a pinned-bundle, transcript, or architecture mismatch without an exact mathematical negation is integrity STOP, not a scientific falsifier
TM-HANKEL-K3-UNIVERSAL-TRANSFER	F	the universal proposal that the balanced transfer persists at k=3, that is, that every extremal triple has K_P inertia NEG 4 ZERO 0 POS 4, is false: the extremal triple 147965=5.101.293 has K_P inertia NEG 5 ZERO 0 POS 3, determinant -3840, pencil constant term 3^12, and exactly one root of det(Kxor_P+sR_P) in the open interval (0,1), an interior crossing, not an endpoint degeneracy; among all 157 extremal triples with n<=200000 it is the unique nonbalanced case; the witnesses 1942781=83.89.263 and 11743733=149.269.293 behave identically, and among the 99 triples with p<q<r<=300 exactly three fail; every witness holds by two independent exact integer paths on two architectures; the firing does not reopen TM-HANKEL-K2-TRANSFER and does not weaken the finite k=3 classification rows; exact L1 arithmetic only, with no statement about the operator H beyond the displayed finite compressions and no RH, zeta-zero, Weil-positivity, explicit-formula, Nyman-Beurling, Baez-Duarte, J, p=5, decoder, measure, Born, observer, force, spacetime, physical-vacuum, other physical, SI, or L2-L6 conclusion	9. The photon and the electron	probes/P-TM-HANKEL-K3-TRANSFER-1	fired: the extremal triple 147965=5.101.293 has exact K_P inertia NEG 5 ZERO 0 POS 3 with determinant -3840 and one interior pencil root in (0,1), reproduced by two independent exact integer paths with byte-identical transcripts on two architectures, so the universal balanced transfer fails from k=3 on; the k=2 theorem and the finite k=3 classification are separate rows and are not reopened or repaired by this firing
TM-HANKEL-K3-TWO-SCALAR-CLASSIFICATION	C	for abstract ternary sign tables on {0,1,2}^3 with the extremal binary face fixed, 19 free squareful signs, and K linear in them, exhaustively over all 2^19 tables with byte-identical stdout on two architectures: writing G_6 for the weight-at-most-2 block in the W basis, det G_6<0 iff G_6 inertia NEG 3 ZERO 0 POS 3, det G_6=0 iff NEG 2 ZERO 1 POS 3, det G_6>0 iff NEG 2 ZERO 0 POS 4, with census 32398/110/260 on the 15-bit substrate, exact 16x lift 518368/1760/4160 to the 2^19 strata, and a unique all-minors-zero pair-Schur configuration of inertia NEG 2 ZERO 0 POS 1; the full-block classes refine by the sign of det K: det K>0 iff K inertia NEG 4 ZERO 0 POS 4 on 522462 tables, det K=0 iff NEG 4 ZERO 1 POS 3 on 51 tables, det K<0 iff NEG 5 ZERO 0 POS 3 on 1775 tables; the two-scalar law FAIL iff det G_6<0 and det K<=0 holds over the whole domain; the three real witnesses satisfy det G_6<0 and det K<0 through the abstract linear form with det K equal to the direct integer values -3840, -768, -9856; computation grade at this finite, fully enumerated scope; the finite local case lists behind the trichotomy are theorem-eligible but are not registered as a theorem here; exact L1 arithmetic only, with no statement about the operator H beyond the displayed finite compressions and no RH, zeta-zero, Weil-positivity, explicit-formula, Nyman-Beurling, Baez-Duarte, J, p=5, decoder, measure, Born, observer, force, spacetime, physical-vacuum, other physical, SI, or L2-L6 conclusion	9. The photon and the electron	probes/P-TM-HANKEL-K3-TRANSFER-1	fires if an independent exact rerun of the stated finite domains gives a census differing from 32398/110/260 or 518368/1760/4160, a class partition differing from 522462/51/1775, an inertia profile differing from the stated det K classes, a table violating FAIL iff det G_6<0 and det K<=0, or a witness determinant differing from -3840, -768, -9856; a pinned-bundle, transcript, or architecture mismatch without an exact mathematical negation is integrity STOP, not a scientific falsifier
TM-HANKEL-K3-QUADRATIC-INVARIANT-SUFFICIENCY	C	for the same 2^19 domain: the 19 free cells carry the S_3 representation 6 trivial + sign + 6 standard; the six linear orbit sums do not decide the transfer class, producing 3584 buckets of which exactly 58 are mixed; the canonical quadratic layer of 28 invariants, the six orbit sums, the 21 Gram pairings of the six standard-component vectors, and the squared circulation, is sufficient, producing 88352 buckets with zero mixed, so the transfer decision factors through the quadratic invariant map; Burnside's count gives exactly (2^19+3.2^12+2.2^7)/6=89472 orbits by the formula and by direct enumeration, so the decision factors through a proper quotient of the orbit space, merging 1120 orbit distinctions and no class pair; sufficiency means factoring through the invariant map, and no claim is made that the deciding function is itself a polynomial of degree two; computation grade at this finite, fully enumerated scope; exact L1 arithmetic only, with no statement about the operator H beyond the displayed finite compressions and no RH, zeta-zero, Weil-positivity, explicit-formula, Nyman-Beurling, Baez-Duarte, J, p=5, decoder, measure, Born, observer, force, spacetime, physical-vacuum, other physical, SI, or L2-L6 conclusion	9. The photon and the electron	probes/P-TM-HANKEL-K3-TRANSFER-1	fires if an independent exact rerun finds a mixed quadratic bucket, a quadratic bucket count differing from 88352, a linear layer differing from 3584 buckets with exactly 58 mixed, an orbit count differing from 89472 by either path, or a quotient gap differing from 1120; a pinned-bundle, transcript, or architecture mismatch without an exact mathematical negation is integrity STOP, not a scientific falsifier
ARITHMETIC-RAPIDITY-DECOMPOSITION	T	for F=Q(sqrt5) with real embeddings sigma+ and sigma-, conj the nontrivial automorphism, N(x)=x conj(x) the norm with sign, and the multiplicative avatar rho(x)=x/conj(x): rho and N are multiplicative and eta=(1/2)log|sigma+(rho)| is additive; in signed Galois coordinates t=a and s=b sqrt5 for x=a+b sqrt5 the exact interval identity t^2-s^2=N(x) holds with sign, N>0 timelike and N<0 spacelike; the F-rational null locus is empty, a^2=5b^2 forcing a=b=0, while the real completion keeps the full cone t=+-s, and neither statement may be quoted without the other; the rest locus eta=0 is exactly ab=0; the rational norm-one subgroup of SO+(1,1) is dense, not discrete, while the units alone supply the discrete rapidity lattice, O_F*/{+-1}=<phi> with eta(phi^n)=n log phi, phi^n=(L_n+F_n sqrt5)/2 and L_n^2-5F_n^2=4(-1)^n, Lucas always the time reading, sqrt5 Fibonacci always the space reading, the alternator N(phi)=-1 exchanging the timelike and spacelike unit sheets; the positive-inverse coordinates of BOOST-READING-SPLIT are bridged by sigma-(phi^n)=(-1)^n phi^-n with no conflict; written proof in probes/P-ARITH-RAPIDITY-1/PREREG.md, audited at finite scope by the pinned two-architecture verifier; exact L1 arithmetic only, with no RH, zeta-zero, Weil-positivity, explicit-formula, Hecke, decoder, measure, Born, observer, force, spacetime, physical-vacuum, other physical, SI, space-dimension, or L2-L6 conclusion	10. Relativity as counting	probes/P-ARITH-RAPIDITY-1	fires if a nonzero F-rational null vector exists, if the rest locus differs from ab=0, if some phi^n misses (L_n+F_n sqrt5)/2 or L_n^2-5F_n^2=4(-1)^n, if rho or N fails multiplicativity, or if the signed interval identity t^2-s^2=N(x) fails anywhere on F; a pinned-bundle, transcript, or architecture mismatch without an exact mathematical negation is integrity STOP, not a scientific falsifier
SPLIT-PRIME-RAPIDITY-CLASS	T	for a rational prime p split in F=Q(sqrt5) and a prime ideal above it, generated by class number one as (pi) with N(pi)=+-p: the class r=[eta(pi)] in R/(log phi)Z is well defined, any other generator being +-phi^n pi with eta shifted by n log phi, and conjugation negates it, so the rational prime carries canonically only the unordered pair R(p)={r,-r} in (R/(log phi)Z)/{+-1} and nothing finer without an extra choice; the class is decided exactly and without logarithms: [eta(x)]=[eta(y)] iff rho(x)/rho(y)=+-phi^(2n), and membership of a norm-one integral w in +-phi^(2Z) is decided by |Tr(w)|=L_(2m), strictly increasing in |m|, followed by exact comparison; anchors: every inert p has rho(p)=1 and class zero exactly, and the ramified generator sqrt5 has rho(sqrt5)=-1 with eta exactly 0, not merely 0 modulo the lattice; written proof in probes/P-ARITH-RAPIDITY-1/PREREG.md, audited at finite scope by the pinned two-architecture verifier; exact L1 arithmetic only, with no RH, zeta-zero, Weil-positivity, explicit-formula, Hecke, decoder, measure, Born, observer, force, spacetime, physical-vacuum, other physical, SI, space-dimension, or L2-L6 conclusion	10. Relativity as counting	probes/P-ARITH-RAPIDITY-1	fires if any generator variant changes the class, if conjugation fails to negate it, if a norm-one integral element with |Tr(w)|=L_(2m) is not +-phi^(2m), if an inert prime leaves class zero, or if rho(sqrt5) differs from -1; a pinned-bundle, transcript, or architecture mismatch without an exact mathematical negation is integrity STOP, not a scientific falsifier
SPLIT-PRIME-RAPIDITY-CONSTRUCTION-AGREEMENT	C	for every split p<2000, all 146 of them, two structurally independent generator constructions, a Diophantine Pell sweep on a^2-5b^2=+-4p normalized to norm +p and a Euclidean gcd of p and sqrt5-r in Z[phi] at the canonical root 0<r<p/2 with every division step asserted norm-decreasing, agree on the canonical unordered class: R1(p)=R2(p) in every case, decided by the exact logarithm-free membership test; the oriented split, 70 pairs agreeing oriented and 76 only after conjugation, is reported as data and gates nothing, the Pell construction fixing no orientation; byte-identical stdout on x86_64 and aarch64; finite range, computation grade, carrying no universal quantifier	10. Relativity as counting	probes/P-ARITH-RAPIDITY-1	fires if any split p<2000 yields R1(p)!=R2(p) under the pinned verifier, if either construction fails to return a generator of norm +p in Z[phi], or if a Euclidean division step fails to decrease the norm; a pinned-bundle, transcript, or architecture mismatch without an exact mathematical negation is integrity STOP, not a scientific falsifier
SPLIT-PRIME-RAPIDITY-INDEPENDENCE	T	for pairwise distinct rational primes p_1..p_k all split in F=Q(sqrt5), prime ideals P_i=(pi_i) above them with either orientation, and oriented classes r_i=[eta(pi_i)] in R/(log phi)Z: sum_i m_i r_i = 0 with integer m_i forces every m_i=0, equivalently any real lifts t_1..t_k together with log phi are linearly independent over Q; the proof consumes only the registered log-free equivalence of SPLIT-PRIME-RAPIDITY-CLASS applied to x=prod pi_i^(m_i), which turns the hypothesis into rho(x)=+-phi^(2n), and unique factorisation of fractional ideals, the 2k ideals P_i and conj(P_i) being pairwise distinct because each p_i splits and residue characteristics separate distinct indices; the statement is orientation-free, replacing P_i by conj(P_i) negating t_i and leaving linear independence unchanged; carried corollaries, none of them separate rows: k=1 gives that no split class is torsion so the split stream avoids the whole torsion subgroup and both fixed points of the involution, k=2 gives that p -> m R(p) is injective for every m>=1 and never the zero class, Weyl's criterion gives that the integer-multiple orbit m -> (m t_1/log phi, .., m t_k/log phi) mod 1 equidistributes in the k-torus which is a statement about multiples of a fixed finite set and NOT about the distribution of primes as p grows, and after one choice of orientation above each split prime the classes generate a free abelian subgroup of infinite rank whose identity does not depend on that choice while the unordered pair R(p) itself lives modulo sign and is not a group element; written proof in probes/P-SPLIT-PRIME-INDEPENDENCE-1/PREREG.md, audited at finite scope by the pinned two-architecture verifier over 368 families and 38352 coefficient vectors with zero relations found; exact L1 arithmetic only, with no RH, zeta-zero, Weil-positivity, explicit-formula, Hecke, transcendence, effective-bound, prime-ordering, decoder, measure, Born, observer, force, spacetime, physical-vacuum, other physical, SI, space-dimension, or L2-L6 conclusion	10. Relativity as counting	probes/P-SPLIT-PRIME-INDEPENDENCE-1	fires if any nonzero integer coefficient vector over pairwise distinct split primes satisfies sum_i m_i r_i = 0 under exact arithmetic, in particular if any split class is torsion or if m R(p) = m R(q) for distinct split p,q and some m>=1; a pinned-bundle, transcript, or architecture mismatch without an exact mathematical negation is integrity STOP, not a scientific falsifier
REDUCED-SPLIT-GENERATOR-HEIGHT	T	for a rational prime p split in F=Q(sqrt5) and a prime ideal above it, exactly one generator up to sign and conjugation has eta in the open fundamental half-period (-(log phi)/2, (log phi)/2), the endpoints being unattainable because eta=+-(log phi)/2 is the k=1, m=2 case of SPLIT-PRIME-RAPIDITY-INDEPENDENCE; for that reduced generator both real embeddings exceed one in absolute value, since |sigma+| |sigma-| = p and |eta| < (log phi)/2 give min|sigma| > sqrt(p) phi^(-1/2) while the smallest split rational prime is 11, and both comparisons are exact in Z[phi]; the generator is an algebraic integer of degree two with monic minimal polynomial, so the absolute logarithmic height is exactly h(pi) = (1/2) log p and hence h(pi/conj(pi)) <= log p; the whole arithmetic content is the pair of exact embedding comparisons, the height value following from the definition of the height and the norm identity, and without the reduction the height is unbounded at fixed class because pi -> phi^a pi multiplies the avatar by (-1)^a phi^(2a) while leaving the class unchanged; written proof in probes/P-SPLIT-PRIME-INDEPENDENCE-1/PREREG.md, audited at finite scope by the pinned two-architecture verifier including a non-vacuity clause showing that an unreduced generator fails the embedding test; exact L1 arithmetic only, with no RH, zeta-zero, Weil-positivity, explicit-formula, Hecke, transcendence, effective-bound, prime-ordering, decoder, measure, Born, observer, force, spacetime, physical-vacuum, other physical, SI, space-dimension, or L2-L6 conclusion	10. Relativity as counting	probes/P-SPLIT-PRIME-INDEPENDENCE-1	fires if some split prime admits no reduced generator or more than one in the frozen window, if any split prime attains the half-period endpoint, if a reduced generator has an embedding of absolute value at most one, or if the exact norm identity fails; a pinned-bundle, transcript, or architecture mismatch without an exact mathematical negation is integrity STOP, not a scientific falsifier
SPLIT-PRIME-RAPIDITY-QUANTITATIVE-SEPARATION	T	for F=Q(sqrt5), L=log phi, and one oriented prime ideal P_p above each split rational prime p, choose a generator pi_p of signed norm +p and merge repeated and conjugated inputs into a finite nonzero integer vector c=(c_p); with P(c)=product_p p^|c_p| and S=sum_p c_p eta_p, the unique nearest n in Z to S/L and delta=S-nL satisfy sinh^2(dist(S,L Z))=D_c^2/(4P(c)) for D_c=2sqrt(P(c))sinh(delta), dist(S,L Z)>=asinh(1/(2sqrt(P(c)))), and the parity refinements |delta|>=asinh(sqrt5/(2sqrt(P(c)))) for even n and |delta|>=asinh(1/(2sqrt(P(c)))) for odd n, improved to numerator 2 when n is odd and P(c)=-1 mod 5; the determinant lattice uses absolute value and is parity-sensitive, |D_c| in sqrt5 Z_{>0} for even n and |D_c| in Z_{>0} for odd n, so a valid determinant may be negative; permitted positive-norm even-unit gauge changes preserve the metric and parity branch, orientation reversal with coefficient reversal preserves the metric, and the unordered public class selects no global orientation or parity sheet; for two distinct public unordered split-prime classes the minimizing signed channel is unique up to simultaneous conjugation, because equality of the sum and difference gaps would make twice one class vanish; the universal numerator 1 is sharp at the norm -451 and -421*431 trace-one witnesses; in the uniform positive-norm 421/431 control d_L=0.0011737895036417... and d_2L=0.4800380355559618..., while the proof itself uses exact norm, trace, half-band, and fractional-ideal valuation identities; written proof in probes/P-SPLIT-RAPIDITY-QUANTITATIVE-SEPARATION-1/PREREG.md, audited at finite scope by the pinned two-architecture verifier; exact L1 arithmetic only, with no Pell parametrization, unrestricted least-gap or asymptotic least-gap law, prime distribution, Hecke, completed-zeta, Weil, RH, zero-simplicity, decoder, measure, observer, physical, SI, or L2-L6 conclusion	10. Relativity as counting	probes/P-SPLIT-RAPIDITY-QUANTITATIVE-SEPARATION-1	fires if a nonzero merged effective vector has D_c=0, violates the exact metric identity or stated lower bound, lacks a unique nearest channel, violates the parity-sensitive absolute lattice |D_c| in sqrt5 Z_{>0} for even n or |D_c| in Z_{>0} for odd n, violates the odd P(c)=-1 mod 5 refinement, or changes its exact metric or parity branch under a permitted positive-norm even-unit gauge change; a negative D_c, including the valid -182sqrt5 control, is not a failure; a pinned-bundle, transcript, or architecture mismatch without an exact mathematical negation is integrity STOP, not a scientific falsifier
SPLIT-RAPIDITY-FEJER-GRAM-BOUND	T	for a nonempty finite set A of distinct oriented split prime-power addresses a=(p,m,epsilon) with m>=1, epsilon in {+1,-1}, p^m<=X, beta_a=epsilon m eta_p in R/(L Z), and finite separation delta_A=min_{a!=b}dist(beta_a-beta_b,L Z) when |A|>=2, effective-vector merging and SPLIT-PRIME-RAPIDITY-QUANTITATIVE-SEPARATION give delta_A>=asinh(1/(2X)); for integer K>=0 the normalized Fejer kernel Phi_K and Gram matrix (A_K)_{ab}=Phi_K((beta_a-beta_b)/L) satisfy ||A_K-I||_{2->2}<=pi^2 L^2/(12(K+1)^2 delta_A^2)<=pi^2 L^2/(12(K+1)^2 asinh^2(1/(2X))), while a singleton has A_K=[1]; the shell count is at most two per half-open circular shell, Schur's test yields the bound, its uniform large-X form is [pi^2 L^2/3+O(X^-2)](X/(K+1))^2, and K(X)/X->infinity is sufficient uniformly over finite families; the character chi_h(a)=exp(2pi i h beta_a/L) is abstract and has no Hecke or external mode identification; integral phase scaling requires P(nu c)=P(c)^|nu|, so the budget is unchanged only for |nu|=1; the 491/1429 ordinary signed-channel rungs are |b|=22 and |b|=182, giving even-branch determinants +-22sqrt5 and +-182sqrt5, whereas the doubled-phase falsifier is the effective vector (2,2), translate phi^-3 x^2=-313768+627565phi, trace 29, and numerator 841, which forbids reuse of the undoubled X budget but does not falsify the quantitative theorem with its correct P(c)^2 budget; written proof in probes/P-SPLIT-RAPIDITY-QUANTITATIVE-SEPARATION-1/PREREG.md, audited at finite scope by the pinned two-architecture verifier; exact L1 finite-address analysis only, with no inert or ramified address extension, gamma, pole, completed-zeta, Hecke, Weil, RH, zero-simplicity, concrete operator-family identification, decoder, measure, observer, physical, SI, or L2-L6 conclusion	10. Relativity as counting	probes/P-SPLIT-RAPIDITY-QUANTITATIVE-SEPARATION-1	fires if two distinct declared finite addresses collide after effective merging, if their spacing is below asinh(1/(2X)), if a half-open circular shell contains more than two separated points, if a singleton Gram matrix differs from [1], or if some defined finite Gram matrix violates either displayed operator-norm bound; importing a doubled phase with the unchanged X budget or identifying the abstract character with a Hecke or external mode tower is a normalization STOP, not a repair or extension of this row; a pinned-bundle, transcript, or architecture mismatch without an exact mathematical negation is integrity STOP, not a scientific falsifier
SUZUKI-LOCAL-CAPACITY-NOGO	T	at L1 over the classical Riemann zeta function, with P(t) = sum_(p^k <= e^t) (log p) p^(-k/2) (t - k log p), S(z) = sum_(k >= 0) z^k/(4k+1)^2, A(t) = 8(cosh(t/2) - 1) - alpha t + C - 4 e^(-t/2) S(e^(-2t)), alpha = (log pi - psi(1/4))/2, C = psi'(1/4)/4, Psi = A - P and K_F(s,t) = F(s) + F(t) - F(|s-t|): every locally finite event family gives a direct-sum curve with norm-square F, inner product F(min) and orthogonal increments, specializing to P; the reproduced curvature A''(t) = e^(t/2) + e^(-t/2) - e^(-t/2)/(1 - e^(-2t)) changes sign once at log rho, rho^3 = rho + 1; a certified three-point convexity violation at (1/20, 1/4, 1/2) proves the nonnegative ramp class is empty; A(1/4) > A(1/2) kills every filtration model and the single exact prime ramp on [log 2, 4/5] kills increment domination and every nonnegative per-place budget at the first event q = 2; both screw kernels K_A and K_P are separately indefinite at the certified pair (3, 6); any contraction T with T Z_t = Y_t and ||T|| <= 1 - delta forces Psi >= delta(2 - delta) A against the prime number theorem bound, so the norm is exactly one; hence every Gram realization of the capacity dominating the prime curve is nonlocal in t; written proofs with twelve certified exact gates, prime-event counting as motivation only, no Riemann hypothesis or zero statement, no J-coupling, no L2--L6 lift	10. Relativity as counting	probes/P-SUZUKI-LOCAL-CAPACITY-NOGO-1	fires on any exact instance violating the orthogonal-increment identities, on a certified opposite sign in any pinned curvature, convexity, monotonicity, domination or kernel gate, or on a proof of a uniform strict contraction, which would refute the prime number theorem import; a non-separating enclosure at the frozen precision is UNDECIDED and fires nothing; the pinned verifier failing on re-run or the two architecture transcripts differing is an integrity stop
SUZUKI-PRIME-FREE-WINDOW	C	certified finite range: A(t) > 0 for every t in [1/128, 45/64], where Psi = A on (0, log 2), by a 100-leaf adaptive outward-interval cover at scale 2^-192 with zero undecided leaves; an independent code path reproducing one corner of the certified event-segment strip of the cited record; the interval (0, 1/128) carries no gate	10. Relativity as counting	probes/P-SUZUKI-LOCAL-CAPACITY-NOGO-1	fires on a certified negative leaf, which is first an integrity stop pending independent audit since it would contradict the cited strip record and, through the screw criterion, the Riemann hypothesis; fires if the pinned verifier fails on re-run or the aarch64 and x86_64 transcripts differ; status remains C absent protocol independence
SUZUKI-EVENT-COUNT	C	N(10^6) = 78734 prime-power events p^k <= 10^6 by direct enumeration and by sum_k pi(floor(10^(6/k))), exact integer equality of two independent counting paths	10. Relativity as counting	probes/P-SUZUKI-LOCAL-CAPACITY-NOGO-1	fires if the two exact counting paths disagree; fires if the pinned verifier fails on re-run or the aarch64 and x86_64 transcripts differ; status remains C absent an independent implementation
QDD-ALGEBRAIC-FACTORIZATION	T	the owner-adopted Route A dictionary on the finite balanced piston carrier: the direct cyclotomic write D_QDD_direct = R_cyc o iota_B0 o beta_QDD equals the factor route F_QDD o Q_QDD o beta_QDD field by field on all 15625 checkpoints; the tagged record is total with exactly 25 ZERO_SUPPORT heads and no division on the zero branch, exactly normalized on the 15600 supported heads (w_low + w_high = m and the normalized pair sums to 1, nonnegative weights, m > 0), independent of q and r and dependent on each piston coordinate, constant on each of the 313 Q_QDD-fibres (one of size 25 and 312 of size 50) and injective on QCarrier_QDD; the direct write and its definitional closure in the dependency ledger name neither Q_QDD, the Gram, the dagger or transpose slots, the effect pair, the Born pairing nor F_QDD, per the EFFECT_SHADOW_MINIMAL independence firewall and section 6 of the DICTIONARY-DIRECT amendment, with the transitive closure enforced by the status-separation witness; negative controls: the rational-line reading Q.1 in place of the LOW LINE mismatches on 480 of 625 pistons and omitting G on 540 of 625; an exact identity of the adopted definitions confirmed on the complete finite domain, not an independent readout, not a physical selection, not a decoder-completion, totality-of-D_matter or uniqueness claim, and no completion-contract field is filled by this row	2. Time, space, and the decoder	reproduce/qdd-route-a	fires if any field of D_QDD_direct and F_QDD o Q_QDD o beta_QDD differs on one checkpoint, if one supported head violates w_low + w_high = m or a normalized pair not summing to 1 or has a negative weight, if a Q_QDD-fibre carries two records, if two fibres carry one record, if the record depends on q or r, or if the direct write acquires a direct or transitive dependency on Q_QDD, the Gram, the projectors, the Born pairing or the factor map
QDD-PROJECTOR-PAIR-TR4	T	on Q^4 with G = I_4 - (1/5) 1 1^T: E_low = (1/4) 1 1^T is the unique G-self-adjoint idempotent with kernel ker Tr_4 = {v : sum v_i = 0}, because a G-self-adjoint idempotent has image (ker)^perp_G and G^-1 1 = 5 1 gives (ker Tr_4)^perp_G = span(1); hence {E_low, E_high = I_4 - E_low} is the G-orthogonal resolution of Q^4 along the piston character Tr_4, both are G-self-adjoint idempotents with E_low E_high = 0 and E_low + E_high = I_4, and im(E_high) = ker Tr_4; under iota_B0 the image line of E_low is the LOW LINE Q lambda_B with lambda_B = 1 + zeta + zeta^2 + zeta^3 = -zeta^4, not the rational line and not the trace kernel of K; closed forms m = |v|^2 - s^2/5, w_low = s^2/20, w_high = |v|^2 - s^2/4 with s = sum v_i, so w_low and w_high are the squared trace-pairing lengths of the projections onto span(1) and onto ker Tr_4; linear algebra only, no apparatus, no physical reading, and no uniqueness-from-J: the theorem identifies the pair inside the stated algebraic class and does not force the choice of that class	2. Time, space, and the decoder	reproduce/qdd-route-a	fires if a G-self-adjoint idempotent other than E_low has kernel ker Tr_4, if G^-1 1 differs from 5 1, if any displayed completeness identity or closed form fails on one piston, or if iota_B0(1,1,1,1) differs from -zeta^4
QDD-QCARRIER-DIAGONAL-BOUNDARY	T	on the frozen carrier V_eff = ell(F_5)^4 the two typed slots of Q_QDD(v) = (A_dagger, A_T) coincide, A_dagger = A_T = v v^T, because the dagger of DEF-QDD-DAGGER is the transpose over Q; both slots remain typed and declared, the frozen domain does not test their difference, and no physical central phase is derived from this equality; the cyclotomic pair (w sigma_4(w), w^2) with w = iota_B0(v) has 90 distinct Hermitian slots and 313 distinct pairs on the 625 pistons, and 80 Hermitian slots carry more than one record, so neither a Herm-only reading nor a use of both slots is asserted for the frozen record; diagnostic only, no new field, no L6 claim	2. Time, space, and the decoder	reproduce/qdd-route-a	fires if A_dagger differs from A_T on one piston of V_eff, or if the counts 90, 313 and 80 differ under the frozen definitions
QDD-INSTRUMENT-NONSELECTION	T	at L4 apparatus/support scope over V=Q^4 with G=I_4-(1/5)11^T, A^sharp=G^-1 A^T G, E_low=(1/4)11^T and E_high=I_4-E_low: for every nonzero G-self-adjoint idempotent E, {K:K^sharp K=E}={W E:W in O(G,Q)}; for the frozen ordered pair the raw fibre is one branchwise O(G,Q) x O(G,Q) orbit, while Gamma_ab=K_a^sharp K_b completely classifies diagonal O(G,Q) orbits and C=K_low^sharp K_high ranges over {E_low O E_high:O in O(G,Q)}; under the frozen pure density-operator post-state definition, equality inside one nonzero effect fibre is exactly K~+/-K; the rational family K_low(t)=E_low, K_high(t)=R_t E_high injects Q into physically distinct post-state instrument classes at fixed effects, fixed branch weights and C=0; every rational subspace isometry of a positive-definite rational bilinear space extends by rational reflections, hence every complete rational two-branch family has a rational orthogonal dilation on the frozen system/pointer type and unrestricted dilation existence is not an instrument-selection principle; a coupling already controlled by the target projectors is circular as independent selection evidence, and G-self-adjointness plus G-positivity uniquely gives K=E only as a mathematical positive-square-root section; K^T G K=G E reproduces the frozen occurrence weights globally; theorem-grade written proof with an exact two-architecture audit; no physical selector, no adoption of positivity or minimal disturbance as a law, no L5 realized-event stream, no L6 measure, no decoder completion, no SI statement, and SAMPLING NOT PROVIDED rather than SAMPLING IMPOSSIBLE	2. Time, space, and the decoder	probes/P-QDD-INSTRUMENT-NONSELECTION-1	fires if an exact rational counterexample violates the single-branch fibre classification, branchwise raw-orbit statement, Gamma completeness, post-state equivalence K~+/-K, pairwise injectivity of the R_t family, rational reflection extension, rational orthogonal-dilation surjectivity, target-control circularity, the positive-square-root section, or K^T G K=G E; a restricted coupling class not covered by the theorem, or absence of a sampling construction, is not a falsifier
QDD-INSTRUMENT-APPARATUS	O	the physical realization of the frozen ordered effect pair (E_low,E_high) after QDD-INSTRUMENT-NONSELECTION, with exact target-independent rational J-simplex classes containing members realizing the pair after target comparison; O2 is the compatible conjunction of QDD-TERMINAL-EVENT-SEMANTICS, the independent physical meaning of completed events, and QDD-INSTRUMENT-CLASS-COMPLETENESS, the complete physical apparatus-family class and equality including phase; the post-v59 pure-record, COMM-SAT and finite-memory theorems remove mathematical ambiguities but adopt no terminal semantics, global class, phase gauge or equality; O1 remains a separate typed realized-event/sampling obligation: the 22-context Euclidean carry bank is exact, arbitrary-interleaving invariant and state-minimal with B=19702414515172535913561087541248 in its frozen probability-keyed rank-exact finite deterministic-machine class, while all B initial phase vectors preserve the frequencies and remain future-output distinguishable within that frozen transducer class, and the active architecture supplies no physical reduced-p context key, selected ready phase, persistent update/reset law or registered L1-to-L5 gate; QDD-U-INDUCED-CHANNEL remains only the exact algebraic channel of U, while QDD-U-INDUCED-FINITE-NONSELECTION classifies the frozen 900 record-delay pairs and does not exclude another admissible apparatus class; all results remain separate from QUADRATIC-DECODER-DATA, filling no field of the decoder completion contract, supply no L6 measure, randomness or independence law, and establish SAMPLING NOT PROVIDED rather than impossible	2. Time, space, and the decoder	inline	STOP until O1 supplies a total typed realized-event transducer on supported preparations with physical context key, selected ready phase, persistence/reset semantics, ZERO_SUPPORT handling, exact ordered occurrence law and a passed L1-to-L5 gate, while both O2 children close at compatible scope and equality under one target-independent complete apparatus contract; conditional selectors, mathematical carry-bank existence and pointwise finite-memory completeness do not discharge these obligations; closes positively only when the same selected family realizes the ordered effects and occurrence law exactly; closes negatively only for a frozen complete admissible physical class proved empty or unable to realize the pair or event law; failure to provide sampling remains STOP, not a sampling-impossibility theorem, and an L6 probability claim requires a separate gate
QPAIR-DET-AREA-SLOT-COMPARISON	T	for every field K of characteristic not two with involution c, coordinate c-Hermitian two-dimensional factors V,W, and state x with coefficient matrix X: the typed partial traces rho_V=X c(X)^T and rho_W=X^T c(X) both have trace n and determinant N(D)=D c(D), while the unhalved symmetric determinant line has coefficient D/2 and 4N(D/2)=det rho_V; with rho_V=((p,z),(c(z),q)), disc=(p-q)^2+4z c(z), and on n!=0 beta_B+4A=1 for A=N(D)/n^2; H(ux)=H(x) but D(ux)=u^2D(x) for u c(u)=1, with the exact zeta_5 witness, and D transforms by det(g)det(h), while A is invariant under coordinate-unitary local maps and nonzero overall rescaling; L1 carrier algebra only, with no necessity, minimality, informational-independence, physical-qubit, QDD, decoder, apparatus, event, measure, or L2-L6 claim	11. The pentit ring and the magic boundary	probes/P-QPAIR-RELATIONAL-AREA-1	fires if an exact counterexample at the registered characteristic-not-two typed scope violates either partial-trace formula, either trace or determinant identity, the D/2 kappa coefficient, 4N(D/2)=det rho_V, the discriminant or beta_B+4A identity on n!=0, the phase witness or character, or either stated invariance; a pin, transcript, architecture, or bundle mismatch without an exact mathematical negation is integrity STOP
QPAIR-DET-AREA-PLACE-PAIR	T	for K=Q(zeta_5), K+=Q(phi)=Fix(c), and every nonzero x in O_K^4: n(x)!=0, A=N(det X)/n^2 lies in K+, its two real embeddings are indexed by Gal(K+/Q)=F_5^x/{+-1}, agree exactly when A is rational, and each lies in [0,1/4], with equality at 1/4 exactly when the embedded X X* is scalar; the five displayed integral witnesses have areas 1/4, 1/5, 1/9, (10+3phi)/121, and (26-9phi)/361, the last two split under embeddings, and disc=6+3phi has rational norm 45 and is not a square in K+; the field-wide Target R2 and proof conflict with the integral preregistration frame and recorded decision, so this row adopts their conservative common scope O_K^4 and requires a fresh lock for any field-wide promotion; L1 carrier algebra only, with the quotient used only as an embedding index and no qubit, QDD, apparatus, measure, or physical bridge	11. The pentit ring and the magic boundary	probes/P-QPAIR-RELATIONAL-AREA-1	fires if one nonzero x in O_K^4 has n=0 or A outside K+, if the embedding index or rational-agreement equivalence fails, if an embedded area is outside [0,1/4] or its equality condition fails, or if an exact displayed witness or discriminant statement is false; widening this conservatively registered integral scope to all K^4 requires a fresh public lock; transcript or architecture mismatch without an exact negation is integrity STOP
PISTON-2X2-RESHAPE-WEDGE	T	on the frozen balanced piston V_eff with X_p=((ell(p1),ell(p4)),(ell(p1p),ell(p4p))) and D_Z=det X_p: exactly 8 of 24 labelings make a and b factor-local, they form one class under bit relabeling and factor exchange and give the same |D_Z|; a=1 tensor sigma and b=-(sigma tensor 1) make D_Z odd, so |D_Z|, c_Z=2|D_Z|/|v|^2 and A_Z=D_Z^2/|v|^4 are <a,b>-invariant off ZERO; d changes |D_Z| on an exact witness; D_Z=(A_T)_(1,4)-(A_T)_(2,3), det(X_p X_p^T)=D_Z^2, D_Z/2 is the K=Q kappa coefficient, D_Z=D_5 mod 5, and D_5 vanishes on exactly 145 pistons; L1 rational-piston algebra only, no carrier bridge or physical factorization	2. Time, space, and the decoder	probes/P-PISTON-RELATIONAL-WEDGE-1	fires if the admissible-labeling count or orbit differs, an admissible labeling gives another |D_Z|, either factor-local action or sign character fails, a stated invariant fails, d preserves |D_Z| universally, the transpose-slot, Gram-determinant, K=Q kappa, lift congruence, or 145-count statement fails; any wider physical or carrier-bridge reading is outside scope; integrity mismatch without an exact negation is STOP
QDD-TR4-OCCURRENCE-WEIGHT-WEDGE-BLIND	T	for the frozen QDD Route A occurrence-weight map on all balanced pistons, m=|v|^2-s^2/5, w_low=s^2/20, and w_high=|v|^2-s^2/4 depend only on (s,|v|^2), and v=(1,0,0,1) and v'=(1,1,0,0) have the same (m,w_low,w_high)=(6/5,1/5,1) and normalized pair (1/6,5/6) but D_Z values 1 and 0; the full registered quadratic record is not wedge-blind because total weight and density recover v v^T=m rho G^-1 on SUPPORTED and D_Z=0 on ZERO_SUPPORT, while density alone is scale-blind as shown by determinants 1 and 4; L1 boundary theorem about the occurrence weights only, with no claim about what a decoder should read	2. Time, space, and the decoder	probes/P-PISTON-RELATIONAL-WEDGE-1	fires if any frozen occurrence-weight formula or its dependence on (s,|v|^2) fails, the exact nonseparating pair differs, total weight and density fail to recover D_Z on a registered record, ZERO_SUPPORT admits nonzero D_Z, or the density-only scale witness fails; claiming blindness of the full record or a decoder conclusion is outside scope; integrity mismatch without an exact negation is STOP
PISTON-WEDGE-LIFT-CENSUS	T	on all 625 balanced pistons, |D_Z|<=8 with exactly 8 maximizers, exactly 16 have |D_Z|=5 and all have |v|^2=10 and c_Z=1, these are exactly the matrices rank one modulo 5 with nonzero balanced integer wedge, exactly 129 have D_Z=0 and the 145 modularly singular matrices split as 129+16 because ell is not a ring homomorphism; on all 624 nonzero pistons 0<=c_Z<=1, equality occurs exactly 48 times and exactly when X_p X_p^T=lambda I with lambda>0; L1 finite exact census only, no concurrence, entanglement, apparatus, event, measure, or physical claim	2. Time, space, and the decoder	probes/P-PISTON-RELATIONAL-WEDGE-1	fires if any bound, count, equivalence, lift-disagreement classification, 145=129+16 split, or c_Z equality criterion fails on one of the 625 exact pistons; report-only class and multiplicity lines are not fields of this row; integrity mismatch without an exact finite negation is STOP
PURE-QUBIT-RELATIONAL-AREA	T	after externally supplying orthonormal complex H_A=H_B=C^2, a normalized pure vector with coefficient matrix A, the complex Hilbert norm, and the public unhalved kappa with ||kappa||^2=4, r=P_--R(psi tensor psi)=(det A/2)kappa satisfies ||r||^2=|det A|^2=det rho_A, standard pure concurrence C=2||r||, and 0<=||r||<=1/2; r=0 exactly for product vectors, ||r||=1/2 exactly for maximally entangled pure two-qubit vectors, and equal norm exactly for local-unitary equivalence, while determinant phase and oriented r are not local-unitary invariants; for a two-row C^n matrix det(A A^dagger)=sum minors squared=(1/2)||u wedge v||_tensor^2 and fixes the two Schmidt eigenvalues including a possible zero, without extending concurrence or CHSH beyond two qubits; external standard-QM pure-state comparison only	11. The pentit ring and the magic boundary	probes/P-PURE-QUBIT-RELATIONAL-GEOMETRY-2	fires if an exact normalized pure-state counterexample violates the determinant-line, concurrence, endpoint, product, maximally-entangled, or local-unitary-orbit statement, if determinant phase is invariant under all local U(2), or if the exact unhalved 2 x n identity and factor one half fails; mixed states, n!=2 concurrence or CHSH, and any TWIST-J-to-qubit bridge are outside scope; integrity mismatch is STOP
PURE-QUBIT-LOCAL-RELATION-PYTHAGORAS	T	on the same externally supplied normalized pure two-qubit scope with rho_A=(I+b_vec dot sigma)/2 and standard pure concurrence C: |b_vec|^2+C^2=1, Tr(rho_A^2)=1-C^2/2, and 1-|b_vec|^2=4||r||^2; in Schmidt gauge psi_theta=cos(theta)|00>+sin(theta)|11> for 0<=theta<=pi/4, ||r||=(1/2)sin(2theta), C=sin(2theta), and |b_vec|=cos(2theta); pure-state identity only, not a mixed-state conservation law or autonomous dynamics, with the Werner p=1/2 state as an exact mixed-scope breaker	11. The pentit ring and the magic boundary	probes/P-PURE-QUBIT-RELATIONAL-GEOMETRY-2	fires if one normalized pure two-qubit state violates a displayed Pythagoras, purity, or Schmidt-angle identity; a mixed-state failure does not falsify the row and instead enforces its scope; integrity mismatch without an exact pure-state negation is STOP
PURE-QUBIT-RELATIONAL-CHSH	T	on the same externally supplied normalized pure two-qubit scope in standard quantum mechanics, let B_max be the maximum absolute expectation of A_0 tensor (B_0+B_1)+A_1 tensor (B_0-B_1) over Hermitian local observables with spectrum {+1,-1}; then the directly proved two-setting optimization gives B_max=2sqrt(1+C^2)=2sqrt(1+4||r||^2) and B_max^2-4=4C^2=16||r||^2, with endpoint squares 4 and 8; this is an optimized model value, not a fixed-apparatus event statistic, and supplies no laboratory settings, apparatus, outcomes, locality premise, no-signalling test, event stream, measure, causal account, or strengthening of BELL-MAGIC-BOUNDARY; the Werner p=1/2 state is an exact mixed-scope breaker	11. The pentit ring and the magic boundary	probes/P-PURE-QUBIT-RELATIONAL-GEOMETRY-2	fires if the exact maximum over the frozen standard-QM pure-state observable class differs from either displayed formula or an endpoint fails; a mixed-state failure, missing TWIST-J apparatus, or failure to derive a causal account is outside this theorem and leaves BELL-CAUSAL-ACCOUNTING open; integrity mismatch without an exact pure-state negation is STOP
PURE-QUBIT-RELATIONAL-READING	D	only after externally supplying an orthonormal C^2 tensor C^2 factorization, a normalized pure vector, the complex Hilbert norm, and standard reduced-state, pure-concurrence, and CHSH definitions, read ||r|| as pure-two-qubit relational area and as C/2; it is a derived invariant of one joint state, not a third particle, force, signal, mechanism, or transported substance, and a Schmidt rectangle is a local-unitary gauge rather than additional spatial geometry; no map from the integral QPAIR carrier, rational piston carrier, QDD, or autonomous TWIST-J state to physical qubits, no mixed-state convex-roof extension, and no L2 manifold, L3 boundary, L4 apparatus, L5 event, L6 measure, or causal claim	11. The pentit ring and the magic boundary	probes/P-PURE-QUBIT-RELATIONAL-GEOMETRY-2	fires if the supplied standard pure-two-qubit definitions do not give ||r||=C/2 or if the dictionary is used without every frozen external structure; any claimed carrier bridge, mixed-state extension, independent third degree of freedom, apparatus, event, measure, or causal mechanism lies outside and contradicts the registered reading
BELL-CAUSAL-ACCOUNTING	O	before any TWIST-J physical Bell, locality, nonlocality, no-signalling, communication, or causal claim, one named preregistered typed attack must supply: a source state or variable lambda and normalized distribution; setting spaces X,Y, a setting-selection mechanism and realized x,y; outcome spaces A,B, an apparatus or instrument map and realized a,b; a normalized kernel P(a,b|x,y,lambda) and induced P(a,b|x,y); exact correlation and CHSH conventions; the Bell-local factorization test P(a,b|x,y,lambda)=P(a|x,lambda)P(b|y,lambda); measurement independence P(lambda|x,y)=P(lambda) or one frozen replacement with operational consequences; both no-signalling marginal equalities and a separate controllable-superluminal-signalling test; separately gated L1-to-L4, L4-to-L5, and L5-to-L6 bridges; and a complete dimensional audit with no unnamed dimensionless selector or probability input; any CHSH excess must identify exactly which Bell premise fails, and failure of factorization alone implies neither signalling nor a mechanism; BELL-MAGIC-BOUNDARY and PURE-QUBIT-RELATIONAL-CHSH do not supply this contract, existing QDD obligations remain separate, and no latent-variable, nonlocal-influence, superdeterminist, or retrocausal conclusion is selected in advance	18. The frontier	inline	STOP until every typed field, normalization, premise test, dimensional audit, and named L1-to-L4-to-L5-to-L6 bridge is present in one preregistered attack; closes positively only with the complete contract and exact premise decision, while a complete internally inconsistent contract or exact impossibility result for a frozen full admissible class may close negatively; partial accounts and failed individual candidates remain STOP and do not promote, close, or falsify the obligation; no controllable superluminal signalling may be inferred without its separate test
DQRC-INTEGER-CENSUS-ARITHMETIC	T	for the exact integral L1 carrier of DEF-DQRC-INTEGER-CENSUS, every nonzero X=((a,b),(c,d)) in Z^(2x2), Q=a^2+b^2+c^2+d^2, Delta=(ad-bc)^2, H=Q^2+4Delta, every K>=1, every fixed origin j>=0, and every k>=0: 4Delta<=Q^2; both integer comparator maxima exist and every shifted increment u_x^[j](k) is in {0,1}; N_xy^(epsilon,eta)(K;j)=K+M_x^[j](K) when epsilon eta=sigma_xy and K-M_x^[j](K) otherwise; each A and B sign has margin exactly 2K in every formal context; E_xy^[j](K)=sigma_xy M_x^[j](K)/K and S_K^[j]=2(M_0^[j](K)+M_1^[j](K))/K; for fixed j, S_K^[j] tends to S_inf=2sqrt(H)/Q, while at j=0 exactly 0<=S_inf-S_K<4/K; X->qX for nonzero integer q leaves every comparator and census unchanged; and for fixed (k,r,t,j), product_(x,y) A_xy B_xy=-1 whereas every locally factorized deterministic table has product +1; the 2K margins arise solely from the inserted t involution and the -1 parity solely from sigma_xy=(-1)^(xy); formal signed-count identities only, with no realized setting, outcome, trial, no-signalling, probability, locality, or causal claim	11. The pentit ring and the magic boundary	probes/P-DQRC-ARITHMETIC-RECONSTRUCTION-1	fires if an exact counterexample on the declared integral carrier violates the determinant bound, comparator existence or binary increment, four-cell count, 2K margins, signed correlator or CHSH census, fixed-origin limit, origin-zero one-sided bound, integer rescaling, or parity statement; interpreting the inserted balance as operational no-signalling or the formal labels as realized Bell objects is outside scope and STOP; a pin, bundle, transcript, or architecture mismatch without an exact mathematical negation is integrity STOP
DQRC-HORODECKI-REENCODING	T	after externally supplying the normalized real pure two-qubit state with coefficient matrix X/sqrt(Q), the standard pure concurrence is C=2|det X|/Q with C^2=4Delta/Q^2, H=Q^2(1+C^2), and the DQRC limit exactly reencodes the registered standard-QM optimum S_inf=2sqrt(H)/Q=2sqrt(1+C^2)=B_max; in Schmidt gauge the correlation matrix is T=diag(C,-C,1), spec(T^T T)={1,C^2,C^2}, and A_0=z, A_1=x, B_0=(z+Cx)/sqrt(1+C^2), B_1=(z-Cx)/sqrt(1+C^2) give (E_00,E_01,E_10,E_11)=(r_0,r_0,r_1,-r_1) with r_0=Q/sqrt(H) and r_1=4Delta/(Q sqrt(H)); a general real X requires the corresponding local singular-value rotations; external pure-state comparison and exact reencoding only, not an intrinsic derivation from J, Omega, U, QDD, a TWIST-J apparatus, realized events, a Born law, or a Bell causal model	11. The pentit ring and the magic boundary	probes/P-DQRC-ARITHMETIC-RECONSTRUCTION-1	fires if one exact normalized real pure-two-qubit counterexample violates the concurrence normalization, H identity, maximum equality, Schmidt-gauge spectrum, stated optimal directions, any of the four correlators, or the existence of the corresponding local singular-value rotations; failure to derive the external Hilbert structure, apparatus, event law, measure, or causal account from TWIST-J is outside this theorem and leaves the registered obligations open; integrity mismatch without an exact mathematical negation is STOP
DQRC-H-COEFFICIENT-NONSELECTION	T	for unnormalized real 2x2 matrices under the full action X->UXV^T with U,V in O(2), the invariant polynomial ring is generated by Q=tr(XX^T) and Delta=det(X)^2, so every homogeneous degree-four invariant is A Q^2+beta Delta; rank-one normalization H(Q,0)=Q^2 fixes A=1 but not beta; on the integral carrier, every integer beta>=0 in H_beta=Q^2+beta Delta preserves comparator totality, binary increments, the closed census, exact margins, integer rescaling, and inserted parity, with actual limit L_beta=2(Q^2+4Delta)/(Q sqrt(H_beta)); for Delta>0, L_beta equals the registered pure-state B_max, equivalently L_beta=2sqrt(H_beta)/Q, if and only if beta=4; the frozen orbit data, homogeneity, normalization, integrality, and census identities therefore do not select 4 within this explicitly frozen ansatz; no claim excludes a richer preregistered construction from J, Omega, or U	11. The pentit ring and the magic boundary	probes/P-DQRC-ARITHMETIC-RECONSTRUCTION-1	fires if the full O(2)xO(2) invariant classification or degree-four span is false, an integer beta>=0 violates a stated beta-independent census property, or for Delta>0 target matching is not equivalent to beta=4; a derivation or exclusion in a different invariant class is outside scope, and failure to produce an intrinsic richer construction remains STOP rather than a falsifier; integrity mismatch without an exact mathematical negation is STOP
DQRC-ORIGIN-NONSELECTION	T	for every fixed integer origin j>=0, M_x^[j](K)=M_x(K+j)-M_x(j) preserves the determinant bound, binary increments, exact four-cell census, 2K margins, integer rescaling, inserted parity, and the asymptotic limit S_K^[j]->S_inf; the finite sign is not origin invariant, since at (Q,Delta,H)=(2,1,8) and K=1 one has S_1^[0]=0, S_1^[1]=4, and S_inf^2=8; the origin-zero one-sided O(1/K) deficit is therefore a theorem of the chosen lower-floor origin, not an intrinsic physical prediction until a separate carrier, time-address, and apparatus law selects the origin or intercept	11. The pentit ring and the magic boundary	probes/P-DQRC-ARITHMETIC-RECONSTRUCTION-1	fires if one fixed-origin shift violates any stated origin-invariant census identity or limit, or if the exact witness (Q,Delta,H,K)=(2,1,8,1) does not give S_1^[0]=0 and S_1^[1]=4; a published dataset agreeing with or differing from the origin-zero deficit does not decide this L1 theorem before the missing trial, origin, apparatus, and sampling bridges are supplied; integrity mismatch without an exact mathematical negation is STOP
DQRC-MAXIMAL-SECTOR-FIELD-BOUNDARY	T	on the DQRC maximal locus 4Delta=Q^2, H=2Q^2, S_inf=2sqrt(2), and alpha_0=alpha_1=1/sqrt(2); Q(zeta_5) has unique quadratic subfield Q(sqrt(5)), so sqrt(2) is not in Q(zeta_5), Q(zeta_5) intersection Q(zeta_8)=Q, Q(zeta_5,sqrt(2)) has degree 8 over Q and is a proper subfield of Q(zeta_40), while Q(zeta_5,zeta_8)=Q(zeta_40) has degree 16; nevertheless the integer substitution A->AAB, B->A has incidence matrix [[2,1],[1,0]] and limiting A frequency 1/sqrt(2), so the field mismatch blocks only a claim that the slope is a Q(zeta_5) scalar or follows by a Q(zeta_5)-linear derivation, not an integer limiting frequency; throughout the DQRC family S_inf^2=4+16Delta/Q^2 is rational, hence S_inf cannot equal a+b sqrt(5) with nonzero rational a,b; X=((-3,-1),(-1,0)) gives (Q,Delta,H)=(11,1,125) and S_inf=10sqrt(5)/11, while no nonzero integral X has S_inf=sqrt(5); exact L1 arithmetic and field boundary only, with no physical place, silver-apparatus, Born, or Bell conclusion	11. The pentit ring and the magic boundary	probes/P-DQRC-ARITHMETIC-RECONSTRUCTION-1	fires if an exact counterexample changes the maximal-locus formulas, quadratic-subfield or intersection statement, either compositum degree, the silver-substitution frequency, the rational-square exclusion, the displayed sqrt(5)-sector witness, or the infinite-descent exclusion of S_inf=sqrt(5); producing 1/sqrt(2) as an integer substitution frequency is explicitly compatible and is not a falsifier, while any physical place or apparatus inference is outside scope; integrity mismatch without an exact mathematical negation is STOP
DE-W-CONSTANT	F	the previously registered empirical reading that w_DE(a) = -14/15 exactly and constantly in a, equivalently rho_DE is proportional to a^(-1/5), in the standard flat FRW constant-w convention is falsified at its immutable R1 bar by the frozen DESI DR2 Results II table-5 flat-wCDM HEADLINE fit DESI+CMB, quoted as w = -211/200 +- 9/250: the exact Gaussian witness |z| = 365/108 exceeds the inherited two-sided 99 percent witness bar 322/125 because 45625>34776, with margin 10849/13500; the fired object is only the committed register reading, not COSMOLOGY-REGISTER [D], DE-CONFORMAL-WEIGHT [O], a derivation from J, or the separate w0waCDM evolution preferences	13. Gravity and cosmology	probes/P-DE-W-ARMING-2	fired: on the frozen DESI DR2 HEADLINE flat-wCDM DESI+CMB record, 365/108 >= 322/125, so R1 fires exactly; a demonstrated misquote is an integrity defect requiring a fresh probe, while changing the threshold, fit, carrier or interpretation is forbidden and does not revive this row
J-LI-PENTAGON-DILATION-DEFICIENCY	T	in L^2(0,1) the clock functions g_n = frac(nx) - 1/2 have exact Gram gcd(m,n)^2/(12mn); the pentagon tower {g_(5^m)} has KMS Gram 5^(-|a-b|)/12, and for every q coprime to 5 the squared distance of g_q to the span of any number of tower rungs is exactly (1/12)(1 - 1/q^2), constant in the tower height, with best approximant (1/q) g_1; witnesses 1/16 at q = 2 and 2/27 at q = 3	16. p = 5 and the wall	probes/P-PENTAGON-ONLY-DILATIONS-1	an exact 5-power combination reaching a smaller squared distance for some q coprime to 5, or an exact Gram value off the closed form
PENTAGON-ONLY-DILATIONS	F	the Nyman-Beurling / Baez-Duarte closure route restricted to pentagon-tower dilations 5^m is falsified: the entire non-5 spectrum is unreachable, deficiency bounded below by the exact positive rational (1/12)(1 - 1/q^2) per direction q coprime to 5	16. p = 5 and the wall	probes/P-PENTAGON-ONLY-DILATIONS-1	fired: the exact deficiency theorem above; the route returns only if the deficiency computation is exactly refuted
J-LI-CYCLIC-CARRIER-DIMENSION	T	every unitary (U,v) with finite-dimensional cyclic subspace has ||sum_(k<n) U^k v||^2 = a* n^2 + R_n with a* = ||P_(z=1) v||^2 and 0 <= R_n <= C; since the Li ladder is nonnegative-forcing (Li, Bombieri-Lagarias) and under RH unbounded and o(n^2) (Lagarias), no finite-dimensional cyclic carrier realizes it: every exact realization has infinite spectral support, 1 in the support, and no atom at 1; imports labeled	16. p = 5 and the wall	probes/P-J-LI-CARRIER-NOGO-1	a finite-dimensional cyclic (U,v) with q_n = lambda_n for all n, or an exact refutation of the dichotomy q_n = a* n^2 + O(1)
KERNEL-SUBSET-LANDSCAPE	T	for every subset S of the five kernel letters, with the two-way CSUM ring transvections present, the coupled power (F_5^6)^k is a single component for every k >= 2 iff dim U_S = 6, and dim U_S < 6 gives at least two components; the exact 32-entry table of dim U_S is decided, monotone under inclusion, and the connected subsets are exactly acde and abcde; the letter a is necessary (dim U_cde = 4, dim U_bcde = 5) and b is never needed	3. The kernel and the census	probes/P-KERNEL-SUBSET-LANDSCAPE-1	an exhaustive exact component count at any k >= 2 contradicting the dichotomy, or a table entry recomputing differently
J-TORAL-ENTROPY	T	the step matrix of J = 1 + zeta_5^2 induces a hyperbolic toral automorphism of R^4/Z^4 with eigenvalue moduli exactly phi, phi, 1/phi, 1/phi (characteristic polynomial x^4-3x^3+4x^2-2x+1 factoring over Z[phi] with complex pairs of squared moduli phi^2 and 2-phi); h_top = h_Haar = 2 log phi by the entropy formula for toral automorphisms (import labeled); #Fix(T^n) = |det(M^n - I)| = |N(J^n - 1)| with witness #Fix(T^15) = 1860496 by two exact paths	2. Time, space, and the decoder	probes/P-ENTROPY-RESIDUE-MATH-1	an exact eigenvalue-modulus off {phi, 1/phi} or a fixed-point count differing from |N(J^n - 1)|
TM-ENTROPY-ZERO	T	the Thue-Morse driver theta_n = s_2(n) mod 2 has linear factor complexity (exact counts p(1..4) = 2, 4, 6, 10 and p(20) = 60, stabilized; the universal linear formula is the labeled import), hence the driver subshift has entropy rate 0	3. The kernel and the census	probes/P-ENTROPY-RESIDUE-MATH-1	a factor count off the pinned table, or superlinear complexity exhibited at any window length
BINARY-READ-RELATIVE-ENTROPY	T	for any binary factor q of a system at entropy rate 2 log phi, the residue R(q) = 2 log phi - h(q) lies in [log(phi^2/2), 2 log phi] with strictly positive floor (phi^2 - 2 = 1/phi > 0 exactly) and exact split identity 2 log phi = log 2 + log(phi^2/2); deterministic schedules attain the ceiling; floor attainability is not claimed; 2 log phi is the log of no rational and is Q-linearly independent of log 2 and log 5 by the norm gates on {phi^2, 2, 5}	2. Time, space, and the decoder	probes/P-ENTROPY-RESIDUE-MATH-1	an exact refutation of the bracket algebra, the split identity, or the norm gates
J-MAHLER-MEASURE	T	the Mahler measure of J = 1 + zeta_5^2 is exactly phi^2, so log M(J) = 2 log phi: the characteristic polynomial x^4 - 3x^3 + 4x^2 - 2x + 1 = Phi_5(x - 1) of M_J is irreducible over Q by exhaustive integer factorization over a Gauss-lemma derived range, hence is the minimal polynomial of J; J . Jbar = 2 + zeta_5^2 + zeta_5^3 = 2 - phi = phi^-2 is totally real with characteristic polynomial (x^2 - 3x + 1)^2, so the four archimedean squared moduli are exactly phi^2, phi^2, phi^-2, phi^-2 and exactly two conjugates lie outside the unit circle, both of modulus phi; phi^2 has minimal polynomial x^2 - 3x + 1 whose trace 3 is Tr(J) and whose norm 1 is N(J); phi < 2 < phi^2 exactly, so 1 < log_phi 2 < 2; no dynamical, entropic or physical reading is created	1. The axiom and the two projections	probes/P-TWOLOGPHI-INVARIANTS-1	an exact conjugate modulus of J off {phi, phi^-1}, a factorization of x^4 - 3x^3 + 4x^2 - 2x + 1 into integer polynomials of lower degree, a Mahler measure differing from phi^2, or an exact refutation of trace 3 and norm 1 for the minimal polynomial of phi^2
REGULATOR-TWO-LOG-PHI	T	Reg(Q(zeta_5)) = 2 log phi exactly: Phi_5 has no real root since (x - 1) Phi_5(x) = x^5 - 1 and Phi_5(1) = 5, so r_1 = 0, r_2 = 2 and the unit rank is 1; phi = -zeta_5^2 - zeta_5^3 lies in Z[zeta_5], is fixed by zeta_5 -> zeta_5^4 hence totally real, and satisfies phi^2 = phi + 1 and phi (phi - 1) = 1, so it is a unit of norm 1; phi is the fundamental unit of Z[phi], by exhaustive enumeration over the bounds |2a + b| <= 2 and |b| <= 1 derived from 1 < u < phi; with both infinite places complex of local degree 2 the rank-one regulator is |2 log |sigma(phi)|| = 2 log phi; the prime-cyclotomic unit index Q = 1 and h^+ = 1 are labeled imports and the analytic class number formula is not used	4. The two places	probes/P-TWOLOGPHI-INVARIANTS-1	a unit of Z[phi] strictly between 1 and phi, a real embedding of Q(zeta_5), an exact refutation of phi^2 = phi + 1 or phi (phi - 1) = 1 in Z[zeta_5], or a rank or local-degree computation giving a regulator entry other than 2 log phi
CYCLOTOMIC-CLASS-NUMBER-ONE	T	h(Q(zeta_5)) = 1 and h(Q(sqrt5)) = 1 by the Minkowski bound, proved not imported: the trace form on 1, zeta_5, zeta_5^2, zeta_5^3 has determinant 125, matching the registered disc(K_5) = 5^3; for n = 4, r_2 = 2 and |d_K| = 125 the bound is M_K = (4/pi)^2 (4!/4^4) sqrt125 = (15 sqrt5)/(2 pi^2), and M_K < 2 is equivalent to 1125 < 16 pi^4, established by an exact rational Machin enclosure of pi with a checked alternating-series tail bound, so every ideal class contains an ideal of norm 1; for Q(sqrt5) the bound is sqrt5/2 < 2, equivalent to 5 < 16, with no transcendental input; the maximality of Z[zeta_5] and the Minkowski bound itself are labeled imports	4. The two places	probes/P-TWOLOGPHI-INVARIANTS-1	a trace-form determinant differing from 125, an exact rational enclosure of pi violating 1125 < 16 pi^4, an exact refutation of 5 < 16 for the real quadratic bound, or a nontrivial ideal class of Q(zeta_5) exhibited
J-TORAL-PERIODIC-POINTS	C	the exact structure of the registered fixed-point count of T_J at finite range: for every n divisible by 5, |N(J^n - 1)| = L_n^2 when n = 5 mod 10 and (L_n - 2)^2 when n = 0 mod 10, since J^n = phi^-n is then totally real and the inner quadratic norm is L_n for odd n and 2 - L_n for even n; among the 32 values with 5 not dividing n and 1 <= n <= 40 exactly one is a perfect square, namely n = 1 with value 1; and for every n >= 1 the two-sided bracket (phi^n - 1)^2 (1 - phi^-n)^2 <= |N(J^n - 1)| <= (phi^n + 1)^2 (1 + phi^-n)^2 holds by the triangle inequality on the two conjugate pairs; verified by three independent exact routes on 1 <= n <= 40; the closed-form and bracket clauses carry written all-n proofs and a later fold may lift them under their own gate, and the census clause is finite-range only; no entropy, rate or measure statement is created and ENTROPY-LAYER-BRIDGE remains open at its exact scope	2. Time, space, and the decoder	probes/P-TWOLOGPHI-INVARIANTS-1	a value of |N(J^n - 1)| on 1 <= n <= 40 differing between the ring-norm, matrix-power and Lucas routes, a Lucas closed form failing at any n divisible by 5 in that range, a second perfect square among the 32 off-residue values, or a bracket violation at any n in that range
METRO-FORBIDDEN-WITNESSES	C	for the typed L5 U_RF tuple P=(q,a,r,S,A0,{delta_(i,u)},enc_q,w) at q=2, a=2, r=1 with A0=S, single-digit inputs, and coordinate 1 acting first, each of the five forbidden entries named in section 15, flattening the N^a geometry, erasing named coordinate digit-word actions, arbitrary factor weights, output-dependent regrouping, and replacing boxes by an unrelated ordering, admits an exact functional obstruction, a pair of positions with equal pointwise L5 stream whose transported values differ, which excludes at once every output transport tau that preserves the distinctions of the stream, the class a reduction arrow types and in which every registered admitted arrow carries tau_R = identity, rather than one family of them, and for the box-reordering entry excludes every tau outright, so none of the five is an admissible arrow; each entry is given exactly one reading, ratified as the meaning of that phrase and frozen before execution, and the five readings exhaust the forbidden list section 15 states, each read minimally and typewise so that no admitted arrow is also forbidden; the five witnesses have at most four states and are checkable by hand; over the two frozen boxes of 2304 and 19683 tuples the obstructing counts are 16140, 18666, 12702, 9072 and 13116 of 21987, the four admitted arrows of METRO-REDUCTION-ARROWS exhibit zero obstructions across both boxes under their own exact preconditions, and every obstruction survives reading the composition in the opposite order; computation-only L5 scope at a declared finite range, with no completeness claim beyond the five entries section 15 names, no statement at |S| > 4, q > 2, a > 2, r > 1 or for multi-digit words, and no blocking, normalization, decision, terminal-value, L6, cross-layer, physical or SI claim	15. Couplings, instruments, and metrology	probes/P-METRO-FORBIDDEN-WITNESSES-1	fires if the pinned evidence bundle or exact stdout differs, any of the twelve frozen gates fails, any named witness fails to reproduce its stated pair of positions, any exhibited obstruction is shown to be an admitted arrow under its own exact precondition, any admitted arrow is shown to produce a functional obstruction on either frozen box, any census count is shown to be over a domain other than the declared 21987 tuples, or an output transport tau is exhibited that intertwines any one of the five transformations on its own witness; a different reading of a forbidden entry is outside this scope and is not a counterexample
TRACEKERNEL-RESIDUAL-FORM	T	for every prime p, with n=p-1 and J_n=11^T, the complete nontrivial-root trace Gram is G_p=pI_n-J_n, G_p/p has normalized spectrum 1/p once and 1 with multiplicity p-2, W_p=rad(G_p mod p)=ker(sum:F_p^(p-1)->F_p) has dimension p-2, and g_p(xbar,ybar)=(x^T G_p y)/p mod p is lift-independent, equals the dot product restricted to W_p, and is nondegenerate; the p<=23 sweep is an audit of the written all-prime proof; L1 exact algebra only, with no extension of ALPHA-SEED, decoder, measure, physical reading, or higher-layer lift	3. The kernel and the census	probes/P-TRACEKERNEL-EXTERIOR-CLOSURE-1	an exact prime, vector or lift contradicting the Gram identity, spectrum, radical, dimension, divided-form identity, lift independence or nondegeneracy; a pin, transcript or architecture mismatch without an exact mathematical negation is integrity STOP
TRACEKERNEL-HOME-DIMENSION	T	for W_p of TRACEKERNEL-RESIDUAL-FORM, the stage-1 implication in DEF-EXACT-HODGE-HOME-CLOSURE, Lambda^2 W_p isomorphic to W_p => dim W_p in {0,3} => p in {2,5}; W_2=0 is the empty case and p=5 is the unique nonzero branch; this does not establish that the predicate is forced by the public architecture; the public two-dimensional minus plane cannot close home because dim Lambda^2 W_-=1; an explicit invertible alternating product with determinant one and Jacobi sum -u3 proves that an unnamed bijection is weaker than the metric-volume premise; L1 only, with no p=5 root selection or higher-layer consequence	3. The kernel and the census	probes/P-TRACEKERNEL-EXTERIOR-CLOSURE-1	an exact refutation of the dimension equation or its p=2 and p=5 classification, a nonzero W_p outside p=5 satisfying the defined stage-1 home-bijection predicate, or failure of either displayed negative control; failure to force the predicate from the architecture is tracked by TRACEKERNEL-CURVATURE-FORCING and is not a falsifier of this implication
TRACEKERNEL-F5-HODGE-BRACKET	T	conditional on DEF-EXACT-HODGE-HOME-CLOSURE in the unique nonzero branch p=5, the residual Gram B=[[2,4,0],[4,2,4],[0,4,2]] and beta(x,y)=B^-1(x cross y) give a Lie bracket isomorphic to sl_2(F_5) via h=(1,0,1), e=(1,4,3), f=(3,4,1), with [h,e]=2e, [h,f]=-2f, [e,f]=h; every nonzero volume scaling is isomorphic by the frozen map x->c^-1 x; Phi grades W_5 as W_+ direct-sum W_- of dimensions 1+2 with [W_+,W_+]=0, [W_+,W_-]=W_- and [W_-,W_-]=W_+ onto; L1 only; the row neither proves that the predicate is forced nor promotes COLOR-SPLIT-12 or identifies any QPAIR, 2I, spinor, decoder, physical or higher-layer carrier	12. The color door	probes/P-TRACEKERNEL-EXTERIOR-CLOSURE-1	an exact failure of B or B^-1, the wedge determinant, the displayed sl_2 relations, Jacobi identity, directed volume-rescaling isomorphism, Phi eigenspaces or any of the three grading relations under the stated predicate; failure to force the predicate from the architecture is outside the falsifier of this conditional theorem
TRACEKERNEL-F5-AUTOMORPHISM-BOUNDARY	T	for the explicit h,e,f bracket of TRACEKERNEL-F5-HODGE-BRACKET, Aut(sl_2(F_5))=SO_3(F_5)=PGL_2(F_5) has order 120, and relative to the faithful public block action rho_A=(det A)^-1 direct-sum A exactly 8 of 480 maps preserve the bracket, four diagonal determinant-one and four antidiagonal determinant-minus-one matrices forming a dihedral subgroup of order eight; A=2I_2 is an exact mismatch; the probe's full-equivariance F2 is armed but does not fire at v58 because no public dependency requires full faithful GL_2 equivariance of the same bracket; any future proved complete nonempty class with such a requirement routes TRACEKERNEL-CURVATURE-FORCING negatively, while an empty complete class routes EMPTY, without falsifying this finite theorem; no substitution of the symmetric-square action, no identification of the Lie algebra with the group SL_2(F_5)=2I, and no carrier, spinor, integral, decoder, physical or higher-layer bridge is made	12. The color door	probes/P-TRACEKERNEL-EXTERIOR-CLOSURE-1	an exact automorphism set or order differing from the displayed 120-element group, a faithful public block map contradicting the exact 8-of-480 classification, or failure of the scalar mismatch; an order coincidence, a different action, or a future architectural equivariance requirement is outside scope
TRACEKERNEL-CURVATURE-FORCING	O	whether the complete public L2 admissible spatial-commutator/operator class forces DEF-EXACT-HODGE-HOME-CLOSURE on the registered L1 trace-kernel carrier; positive forcing requires a public complete nonempty class in which every fully admissible realization returns all alternating data bijectively to exactly W_p with no projection, quotient, proper subspace, auxiliary carrier, remainder or unnamed degree change and, whenever dim W_p=3, admits a nonzero omega in Lambda^3 W_p^* with g_p(beta(x wedge y),z)=omega(x,y,z) for all x,y,z; distinct from uniqueness of the spatial-curvature operator class	2. Time, space, and the decoder	probes/P-TRACEKERNEL-EXTERIOR-CLOSURE-1	closes positively only if the complete public class is nonempty and every fully admissible realization satisfies every clause of DEF-EXACT-HODGE-HOME-CLOSURE; closes negatively if a complete nonempty class contains even one fully admissible realization violating any clause, so a mixed Hodge/non-Hodge class is negative; within such a proved nonempty class, required full faithful GL_2(F_5) equivariance of the same bracket under the frozen block action supplies an exact negative route; closes EMPTY if the complete class is empty; STOP while the carrier, measure, projection group, commutator choice, admissible class, equivalence, completeness or layer bridge is unfixed or inexact
QDD-J-AFFINE-APPARATUS-NONSELECTION	T	at L4 apparatus/support scope on the rational J-simplex with the faithful G-orthogonal AGL_1(F_5) action of order 20, stabilizer-average complementary projectors P_k,Q_k of ranks one and three, a binary pointer and five-token memory: with h_(a,k):x->k+a(x-k), the complete frozen target-independent affine family has exactly the four rational reversible covariant couplings whose moving branches are rho(h_(a,k))Q_k for a in F_5^x; after the class is frozen, k=2 gives P_2=E_low and Q_2=E_high, all four members realize the same ordered effects and occurrence weights, and they are four registered sign classes; a=1 is the Lueder member, self-adjoint involutivity leaves a in {1,4}, two classes, and zero displacement on im(Q_k) uniquely leaves a=1 only as an added identity/minimal-disturbance rule; restricted frozen class only, with no exhaustion of every J-native apparatus, no derivation of the extra rule, no L5 event stream, L6 measure, decoder completion, SI or Bell claim; O1 is untouched and SAMPLING NOT PROVIDED	2. Time, space, and the decoder	probes/P-QDD-J-AFFINE-APPARATUS-1	fires if an exact counterexample changes target-independence, the AGL_1(F_5) order or action, stabilizer averages or ranks, four-member completeness, reversibility or covariance, target comparison, effect or occurrence identities, four sign classes, two self-adjoint involutive classes or unique zero-displacement member; an apparatus outside the frozen class or failure to derive the added rule is outside scope, and a pin, transcript or architecture mismatch without an exact mathematical negation is integrity STOP
QDD-J-CENTRALIZER-NONSELECTION	T	at L4 apparatus/support scope, let H_k={h_(a,k):a in F_5^x}~=C_4 be the frozen affine token stabilizer, let g_k=rho(h_(2,k)), and let Z_k=End_(H_k)(Q_k V) be its complete rational moving-support centralizer; with R_k=(I-g_k+g_k^2-g_k^3)/4, C_k=Q_k-R_k and J_k=g_k C_k, one has Z_k=Q R_k direct-sum Q C_k direct-sum Q J_k and J_k^2=-C_k, and every reversible effect-preserving moving branch is exactly T_k(e,r,s)=eR_k+rC_k+sJ_k for e in {+1,-1}, r,s in Q and r^2+s^2=1; the rational circle injects infinitely many registered sign classes at the same ordered effects and weights, ordinary same-outcome repeatability holds throughout and selects nothing, and the self-adjoint involutive subclass has four algebraic members and two sign classes; only after the class is frozen, k=2 gives P_2=E_low and Q_2=E_high; restricted frozen class only, with no exhaustion of every J-native apparatus, no L5 event stream, L6 measure, decoder completion, SI or Bell claim; O1 is untouched and SAMPLING NOT PROVIDED	2. Time, space, and the decoder	probes/P-QDD-J-CENTRALIZER-TERMINALITY-1	fires if an exact counterexample changes the complete moving-support centralizer or basis, J_k^2 identity, reversible-class equation, rational-circle injection or infinitude, ordinary-repeatability nonselection, four-member/two-class self-adjoint involutive boundary or final target comparison inside the frozen class; another apparatus class or absence of a physical selector is outside scope, and a pin, transcript or architecture mismatch without an exact mathematical negation is integrity STOP
QDD-J-TERMINALITY-SELECTION	T	inside the complete invertible moving-branch class of QDD-J-CENTRALIZER-NONSELECTION, fresh-pointer ray terminality forces T_k=+Q_k or T_k=-Q_k and hence one registered post-state sign class, while strict representative idempotence T_k^2=T_k fixes T_k=Q_k; only after the class is frozen, k=2 identifies the Lueder physical class and its positive representative; this is a restricted L4 conditional selection theorem only, and neither terminality nor strict idempotence is derived or adopted from J, Omega, U, the decoder, the record protocol or Nature; there is no exhaustion of every J-native apparatus, L5 event stream, L6 measure, decoder completion, SI or Bell claim; O1 is untouched and SAMPLING NOT PROVIDED	2. Time, space, and the decoder	probes/P-QDD-J-CENTRALIZER-TERMINALITY-1	fires if a member of the frozen complete invertible class is ray-terminal without being +/-Q_k, if +/-Q_k is not ray-terminal, if strict idempotence leaves a representative other than +Q_k, or if the final k=2 target comparison fails; failure to derive terminality or strict idempotence is outside scope, and a pin, transcript or architecture mismatch without an exact mathematical negation is integrity STOP
QDD-FRESH-RECORD-EXTENSION	T	at L4 apparatus/support scope for complementary G-orthogonal projectors P,Q and a rational moving branch T satisfying P^2=P=P^sharp, Q^2=Q=Q^sharp, P+Q=I, PQ=QP=0, TP=PT=0, QT=TQ=T and T^sharp T=Q: every such T admits an explicit reversible fresh-pointer extension from a fresh blank cell in a three-symbol record alphabet; at every finite repetition count old cells remain fixed and prefix-preserved, no old record controls a later system map, LOW and HIGH repeat exactly, and N HIGH outcomes leave conditioned state T^N v with record word HIGH^N; restricted frozen class only, with no exhaustion of every J-native apparatus; these protocol records are not D_clock and supply no L5 realized event stream, L6 measure, decoder completion, SI or Bell claim; O1 is untouched and SAMPLING NOT PROVIDED	2. Time, space, and the decoder	probes/P-QDD-FRESH-RECORD-NOFEEDBACK-2	fires if an exact rational T satisfying every displayed equation lacks the explicit construction, or if the construction fails reversibility, fresh/append-only/prefix-preserving record writing, old-cell persistence, no-feedback, exact repeated outcomes or the T^N/HIGH^N identity at a finite N; a different record protocol, L5 realization or absence of sampling is outside scope, and a pin, transcript or architecture mismatch without an exact mathematical negation is integrity STOP
QDD-PROJECTIVE-IDEMPOTENCE-NONIMPLICATION	T	inside exactly the frozen full-equation L4 class of QDD-FRESH-RECORD-EXTENSION, a fresh pointer, fresh blank cell, append-only record persistence, no old-record feedback, rational microscopic reversibility and ordinary exact outcome repeatability do not imply projective class idempotence [T]^2=[T]: the target-independent witness T_*=R_k-C_k is self-adjoint and involutive on Q_k V, satisfies T_*^sharp T_*=Q_k and T_*^2=Q_k while T_* is neither +Q_k nor -Q_k, writes HIGH on repeated fresh trials, and gives distinct first and second conditioned rays for a state with nonzero R_k and C_k parts; only after construction k=2 gives Q_2=E_high; restricted frozen class only, with no global no-go or exhaustion of every J-native apparatus, no L5 event stream, L6 measure, decoder completion, SI or Bell claim; O1 is untouched and SAMPLING NOT PROVIDED	2. Time, space, and the decoder	probes/P-QDD-FRESH-RECORD-NOFEEDBACK-2	fires if the exact T_*=R_k-C_k witness fails any frozen premise, support, effect, self-adjointness, involutivity, non-+/-Q_k, repeated-record, first/second-ray-split or final target property; a selector in another apparatus class or failure to produce sampling is outside scope, and a pin, transcript or architecture mismatch without an exact mathematical negation is integrity STOP
QDD-RECORD-SUFFICIENCY-TERMINALITY	T	inside the frozen rational invertible L4 branch class, let complementary G-orthogonal projectors P,Q with dim(QV)>=2 satisfy P^2=P=P^sharp, Q^2=Q=Q^sharp, P+Q=I, PQ=QP=0 and the full two-sided equations TP=PT=0, QT=TQ=T and T^sharp T=Q; record sufficiency, meaning that the conditioned ray depends only on the terminal outcome symbol and not the number of identical fresh repetitions, is equivalent to fresh-pointer ray terminality, projective class idempotence [T]^2=[T] with T^2=+T or T^2=-T, and T in {+Q,-Q}, one registered sign class; the proof uses no symmetry-group premise within those full equations, but record sufficiency is an added physical premise and no conclusion is made from the weaker one-sided hypotheses T^sharp T=Q and QT=T alone; restricted frozen class only, with no exhaustion of every J-native apparatus, L5 event stream, L6 measure, decoder completion, SI or Bell claim; O1 is untouched and SAMPLING NOT PROVIDED	2. Time, space, and the decoder	probes/P-QDD-FRESH-RECORD-NOFEEDBACK-2	fires if any implication in the four-way equivalence fails for a branch satisfying all frozen complementary-projector and two-sided support/effect equations with dim(QV)>=2, or if +/-Q are not one registered sign class; a weaker-assumption strengthening, failure to derive record sufficiency, or another apparatus class is outside scope, and a pin, transcript or architecture mismatch without an exact mathematical negation is integrity STOP
QDD-RECORD-COMPLETE-LUEDER-SELECTION	T	at L4 apparatus/support scope on the frozen rational J simplex: its complete marked vertex-set symmetry is S_5; the complete stabilizer Gamma_k~=S_4 of the binary record partition {k}|other averages to P_k,Q_k of ranks one and three; strict microscopic law naturality means T rho(g)=rho(g) T for every g in Gamma_k, and End_(Gamma_k)(Q_k V)=Q Q_k, so this condition plus the effect equation leaves T=+Q_k or T=-Q_k, one sign class, while representative idempotence leaves +Q_k; the affine stabilizer H_k~=C_4 instead has the three-dimensional centralizer Q R_k direct-sum Q C_k direct-sum Q J_k, and R_k-C_k commutes with H_k but fails 16 of 24 Gamma_k tests at every token; AGL_1(F_5) has order 20, AGL_1(F_5) intersection Gamma_k=H_k with [Gamma_k:H_k]=6, and the affine group contains no transposition; only after the class is frozen, k=2 gives the Lueder class; strict law naturality is conditional and not derived; restricted frozen class only, with no exhaustion of every J-native apparatus, L5 event stream, L6 measure, decoder completion, SI or Bell claim; O1 is untouched and SAMPLING NOT PROVIDED	2. Time, space, and the decoder	probes/P-QDD-RECORD-COMPLETE-STABILIZER-1	fires if an exact counterexample changes the S_5 or S_4 groups, projector ranks, strict-naturality definition, one-dimensional complete-stabilizer centralizer, +/-Q_k selection, three-dimensional affine centralizer, 16-of-24 failure count, AGL_1(F_5) order or intersection, the index [Gamma_k:H_k]=6, the no-transposition boundary or final k=2 target comparison; mere observation of a quotient, failure to derive strict law naturality or an apparatus outside the frozen class is outside scope, and a pin, transcript or architecture mismatch without an exact mathematical negation is integrity STOP
QDD-LAW-NATURALITY-VS-GAUGE-BOUNDARY	T	at L4 apparatus/support scope on the frozen J-simplex binary-record class, strict law naturality is the Gamma_k~=S_4 centralizer condition and leaves T=+Q_k or T=-Q_k, one registered sign class; weak uniform quotient covariance is the normalizer condition, and because Aut(S_4)=Inn(S_4) its complete rational G-orthogonal solution set is {+rho(h)Q_k,-rho(h)Q_k:h in Gamma_k}, with 48 algebraic members and 24 registered sign classes; for a HIGH-label transposition tau, rho(tau)Q_k preserves the effect, support, pointer result and terminal HIGH symbol, normalizes Gamma_k, is involutive and ordinarily repeatable, but is not +/-Q_k or projectively idempotent and commutes with four of 24 Gamma_k elements while failing twenty strict naturality squares; all 48 members collapse to one class only after adopting the new +/-S_4 orbit equality, so complete quotient observation does not choose between strict microscopic naturality and enlarged gauge equality; neither is derived or adopted; only after the class is frozen, k=2 gives P_2=E_low and Q_2=E_high; restricted frozen class only, with no exhaustion of every J-native apparatus, L5 event stream, L6 measure, decoder completion, SI or Bell claim; O1 is untouched and SAMPLING NOT PROVIDED	2. Time, space, and the decoder	probes/P-QDD-RECORD-NATURALITY-FORK-1	fires if an exact counterexample changes Aut(S_4)=Inn(S_4), the strict-centralizer class, complete normalizer formula or 48/24 counts, the transposition properties or its 4/20 commutation census, the collapse under the explicitly enlarged +/-S_4 equality, or the final target comparison; failure to derive strict naturality or to adopt the enlarged gauge, or an apparatus outside the frozen class, is outside scope, and a pin, transcript or architecture mismatch without an exact mathematical negation is integrity STOP
J-BINARY-NORM-INDEX	T	at L1, for every rational prime p inert in K=Q(zeta_5), reduction commutes with the absolute norm and the norm-one reduction lies in ker N_(F_(p^4)/F_p), a cyclic subgroup of order (p+1)(p^2+1) and index exactly p-1 in F_(p^4)^x; hence a norm-one algebraic unit can generate the whole inert residue multiplicative group only at p=2, and ord(Jbar)=15=|F_16^x| so J attains that sole possible whole-group case; the index p-1 is generic in field degree and selects neither J, degree four nor the prime five, while the four 1+zeta_5^a form one Frobenius orbit of order fifteen at p=2, so no axiom exponent or physical characteristic-two selection is claimed	3. The kernel and the census	probes/P-J-BINARY-NORM-INDEX-1	fires if at an inert prime the residue norm kernel has index other than p-1, norm descent fails, an inert p>2 admits a norm-one unit generating F_(p^4)^x, ord(Jbar) at p=2 is below 15, one Galois conjugate 1+zeta_5^a has different order at p=2, or the stated no-selection controls fail; a different field degree or physical dictionary is outside scope; integrity mismatch without exact negation is STOP
J-BINARY-NORM-ORDER-CENSUS	C	at L1 for the finite census of the 156 rational primes p<2000 inert in Q(zeta_5), Jbar generates the complete norm-one subgroup exactly at p=2 and p=3 and has proper order in that subgroup at every other prime in the frozen range; finite range only, no all-prime theorem	3. The kernel and the census	probes/P-J-BINARY-NORM-INDEX-1	fires if the exact census below 2000 contains a third inert prime with full norm-one order or fails at p=2 or p=3; any prime at or above 2000 is outside scope; integrity mismatch without exact finite-range negation is STOP
RECORD-QUOTIENT-CALCULUS	T	at L1 for R=Z[zeta_5] and every nonzero proper ideal I=product_P P^(e_P): CRT gives the canonical prime-labelled Boolean algebra Idem(R/I)~=P(Supp(I)); R/I->R/rad(I) is bijective on idempotents; with n_I=rad(I)/I and n_I^0=R/I, |n_I^k/n_I^(k+1)|=product{N(P):e_P>k} and L(R/I)=max_P e_P; a unital R-algebra map R/I->R/J exists uniquely exactly when I is contained in J and a strict quotient has no unital R-algebra section; for I_L=(1-zeta_5)^L(2), support, radical, reduced ring F_5 x F_16 and the four-element Boolean algebra are fixed while Loewy length L is unbounded; no ideal, atom, event semantics, decoder, measure, coarse-graining, RG or continuum reading	3. The kernel and the census	probes/P-RECORD-QUOTIENT-CALCULUS-1	fires if any CRT or local-idempotent classification, radical-map bijection, layer-order or Loewy-length formula, thin unital-map criterion, no-section theorem, or fixed-support unbounded-depth family fails in the stated universal proof scope; module decompositions and physical readings are outside scope; integrity mismatch without exact negation is STOP
J-ODD-MOTOR-MEDIATED-BRIDGE	T	at L1 on the public M_J with D=M_J-I, the frozen AGL_1(F_5) affine simplex and multiplier-stabilizer sectors P,R,C: over Q(sqrt5) the native algebra has exactly two primitive nonzero rank-two invariant sectors, forbidding a third native mediator; for A=D-D^-1 the exact block graph is P<->C<->R with zero diagonal and direct P-R blocks and rank-one P/R-C blocks; B=P A C A R has rank one with B^sharp B=(5/4)R and B B^sharp=(5/4)P and active C-line squared overlap 1/5; D,D^2,D^3,D^4,D+D^-1 fail the same mediated-zero pattern; H=g+g^-1 has sector eigenvalues +2,-2,0 and exact C elimination gives magnitude sqrt5 t^2/(2z), t a formal insertion counter, with token-2 determinant z^4+(5t^2-4)z^2+5t^4; Sym^2(V)=1+epsilon+2V, dim End_G(Sym^2 V)=6, q_+ invariant and q_- epsilon-covariant, with pairwise Hom vanishing and the frozen trilinear census; repeated 2V remains a nonselection boundary; no physical resonance or L2-L6 reading	3. The kernel and the census	probes/P-J-ODD-MOTOR-MEDIATED-BRIDGE-COVERAGE-2	fires if any frozen G1-G8 identity, rank, block zero or nonzero pattern, 5/4 norm, 1/5 overlap, control-family exclusion, Schur or determinant identity, character decomposition, covariance, Hom or trilinear count fails; the native two-sector negative and repeated-2V nonselection are part of the theorem scope and may not be removed; physical resonance, material, Born, decoder and SI readings are outside scope; integrity mismatch without exact negation is STOP
CM-ALTERNATING-PRIMARY-LATTICE-SEAM	T	at L1 for E_Z=Alt^2(Z^4) in the fixed upper-triangular basis and P(W)=M_J^T W M_J, chi_P=(x^2-3x+1)Phi_10(x) gives the unique rational primary split E_Q=H_Q direct-sum C_Q with H_Q the public CM pencil and P restricted to C_Q of order ten; the displayed bases are the full integral intersections H_Z and C_Z, whose canonical sum has index five and quotient Q=Z/5; q(P) and Phi_10(P) annihilate Q, the Bezout identity forces 5Q=0, and after the index calculation the unique common mod-five root forces P=-1 on Q, while -P is unipotent on E_Z/5E_Z and the reductions of H_Z and C_Z meet in exactly F_5(Omega_1+2 Omega_2) rather than becoming equal; the unique rational P-equivariant projector E_H=((8-3P)Phi_10(P))/5 has exact denominator five, equivalently no Z[P]-linear retraction E_Z->H_Z exists; every nonzero phi^(+/-2) eigenform is Pfaffian-null of rank two; saturation of the two full intersections is automatic, Omega_1 is a displayed basis form rather than a canonical action unit, and no action, h, hbar, phase, 2 pi, entropy-area carrier, decoder, physical place, time orientation, Hurwitz branch or L2-L6 lift is selected	4. The two places	probes/P-CM-ALTERNATING-PRIMARY-LATTICE-SEAM-1	fires if the characteristic polynomial, irreducibility, rational primary split or order-ten circular restriction fails, if either displayed basis is not the full integral intersection, if the six-column index is not five or Q is not Z/5, if q(P) and Phi_10(P) do not annihilate Q, the Bezout forcing 5Q=0 or the mod-five common-root argument fails, P does not act as -1 on Q, -P is not unipotent on E_Z/5E_Z, or the reduced primary lattices do not meet in exactly F_5(Omega_1+2 Omega_2), if the projector identity or exact denominator five fails or a Z[P]-linear retraction E_Z->H_Z exists, or if a nonzero phi^(+/-2) eigenform is not Pfaffian-null of rank two; saturation itself is an automatic intersection lemma rather than an independent discovery; any canonical Omega_1 action-unit selection or physical, entropy-area, Hurwitz or L2-L6 reading is outside scope; an evidence-bundle or architecture mismatch without exact mathematical negation is integrity STOP
CM-REAL-DIFFERENT-PRIMARY-SEAM	T	at L1 for F=Q(sqrt(5)), beta=phi^-1, u=phi^-2=beta^2=1-beta, O=Z[beta]=Z[u], delta=sqrt(5), and q(x)=x^2-3x+1, the real different and codifferent are d_F=(q'(u))=(delta)=(s_J^2) and d_F^-1=delta^-1 O, with s_J^4=5u; for the public primary lattices H_Z,C_Z inside E_Z=Alt^2(Z^4) and the unique rational primary projector e_H, the full integral image is e_H(E_Z)=d_F^-1 H_Z and projection gives the exact Z[x]-module sequence 0 -> H_Z direct-sum C_Z -> E_Z -> d_F^-1 H_Z/H_Z -> 0, where x acts as P on the source and as u on the target, the source action does not factor through O but the target action does, and Q_seam~=d_F^-1 H_Z/H_Z has Ann_O(Q_seam)=d_F and P=-1; under the declared noncanonical trivialization iota(a Omega_1+b Omega_2)=a+b beta, multiplication by delta gives the seam functional ell=2A+B mod 5 while multiplication by s_J^2 gives 2ell, so the abstract quotient and its annihilator are intrinsic but its scalar residue coordinate is not; Z[x]/(q,Phi_10)~=O/(5)~=F_5[epsilon]/(epsilon^2) is a nonreduced order-25 resultant layer, whereas the integral seam is only its reduced order-five residue line O/d_F; the theorem asserts no discriminant-form isometry and constructs no integral retraction, canonical generator, action unit, period, cycle, current, polarization, physical area, time direction, chirality, h, hbar, phase law, decoder, SI normalization or L2-L6 lift	4. The two places	probes/P-CM-REAL-DIFFERENT-PRIMARY-SEAM-1	fires if O is not Z[u], d_F differs from (q'(u))=(sqrt(5)), (s_J^2) differs from d_F or s_J^4!=5u, if e_H(E_Z) is not exactly d_F^-1 H_Z, if the displayed Z[x]-module sequence is not exact or its target action does not factor through O while q(P) remains nonzero on the circular source sector, if Ann_O(Q_seam)!=d_F or P does not act as -1, if delta does not yield ell or s_J^2 does not yield 2ell under the declared trivialization, or if Z[x]/(q,Phi_10) is not the nonreduced order-25 ring O/(5) with reduced seam O/d_F of order five; a canonical scalar residue coordinate, discriminant-form isometry, physical interpretation or L2-L6 lift is outside scope; an evidence-bundle or architecture mismatch without exact mathematical negation is integrity STOP
RAMIFIED-TM-SYMPLECTIC-ORIENTATION	T	at L1 for Omega_k=F_(k+1)Omega_1+F_k Omega_2 in the public CM pencil, epsilon(Omega_k)=Pf(Omega_k) relative to the fixed orientation of Z^4, chi_5 the quadratic character on F_5^*, theta_n=s_2(n) mod 2 and Theta_n=2^s_2(n) mod 5, one has epsilon(Omega_k)=chi_5(2^k)=(-1)^k for every k>=0 and epsilon(Omega_(s_2(n)))=chi_5(Theta_n)=(-1)^theta_n for every n>=0; this is equality of one binary count character on two different carriers, not an identification of those carriers; the character factors through the complete autonomous state (n,psi) but not through the checkpoint psi alone on the full forward carrier because the public collision psi_4=psi_6 carries opposite values; direct Pfaffian reduction is not the QR/NQR bridge because Pf(Omega_k) mod 5 is always 1 or 4 and both are quadratic residues, and Pf(-w)=Pf(w) for every alternating four-dimensional form, so w and -w have the same symplectic orientation; no action, h, hbar, 2 pi, phase law, SI normalization, real-place selection, checkpoint coordinate, attractor map, decoder, torus, continuum, physical discreteness, apparatus, event, measure or L2-L6 lift is selected	3. The kernel and the census	probes/P-RAMIFIED-TM-SYMPLECTIC-ORIENTATION-2	fires if an inherited CM-pencil, ramified-lift or checkpoint premise is false at the used scope, if Pf(Omega_k)!=(-1)^k or chi_5(2^k)!=(-1)^k for some k>=0, if the composed identity fails for some n>=0, if a checkpoint-only factor exists despite psi_4=psi_6 carrying opposite characters, if direct Pfaffian reduction produces a nonresidue, or if Pf(-w)!=Pf(w) for an alternating four-dimensional form; identifying the two carriers, the pair w,-w with opposite orientations, or any action, physical or L2-L6 reading is outside scope; an evidence-bundle or architecture mismatch without exact mathematical negation is integrity STOP
CM-RAMIFIED-PFAFFIAN-ROOT	T	at L1 for the public marked CM pencil Omega_(a,b)=a Omega_1+b Omega_2 with q(a,b)=Pf(Omega_(a,b))=a^2-ab-b^2, rho(Omega_(a,b))=a+2b mod 5 and R(Omega)=rho(Omega)^-1 on the unimodular locus q=+/-1, one has q=rho^2 mod 5 and five is the unique rational prime at which q becomes the square of a nonzero linear form; on the unimodular locus Pf(Omega) mod 5=R(Omega)^2=chi_5(R(Omega)), with -1 represented by 4 in F_5, so the registered binary symplectic-orientation character is the C2 quotient of this marked C4 phase; residue inversion extends to a surjection R:Z[phi]^*->F_5^* with R(phi)=2 and kernel <-phi^2>; for the Pell orbit R(Omega_k)=2^k, hence R(Omega_(s_2(n)))=Theta_n and its square is (-1)^theta_n, while the Pell shift S gives R(S Omega)=2R(Omega) and flips Pfaffian, the chronological shift uses exponent 1-nu_2(n+1), and J-pullback gives R(P_J Omega)=-R(Omega) while preserving Pfaffian; direct Pfaffian reduction is QR-only and negation gives R(-Omega)=-R(Omega) but Pf(-Omega)=Pf(Omega); marked is load-bearing, the additive index-five primary-lattice seam is a different object, and no unmarked or Galois-invariant selector, action, h, hbar, 2 pi, SI normalization, physical U(1), electromagnetic phase, checkpoint coordinate, attractor map, decoder, torus, continuum geometry, apparatus, event, measure or L2-L6 lift is selected	4. The two places	probes/P-CM-RAMIFIED-PFAFFIAN-ROOT-1	fires if q(a,b)!=(a+2b)^2 mod 5 for some integers a,b, if a rational prime other than five makes q a nonzero linear square or five fails to do so, if R is ill-defined on a unimodular form or Pf mod 5 differs from R^2 or chi_5(R), if R(phi)!=2, im R!=F_5^* or ker R!=<-phi^2>, if a Pell rung has R(Omega_k)!=2^k, if R(Omega_(s_2(n)))!=Theta_n or the chronological law fails for some n>=0, if the Pell shift or J-pullback intertwining law fails, if direct Pfaffian reduction gives NQR, or if negation changes Pfaffian or fails to negate R; an unmarked or Galois-invariant phase selector, identification with the additive primary seam, or any physical or L2-L6 reading is outside scope; an evidence-bundle or architecture mismatch without exact mathematical negation is integrity STOP
CM-PERIOD-LATTICE-NONSELECTION	T	at L1 for L=Z^4 and an integral alternating form Omega with upper coefficients (w01,w02,w03,w12,w13,w23), the algebraic period subgroup Per_Z(Omega)={Omega(C):C in Lambda^2 L} is gcd(w01,w02,w03,w12,w13,w23)Z; for the public CM pencil Per_Z(Omega_(a,b))=gcd(a,b)Z and every unimodular/Pell member has primitive subgroup Z; every GL_4(Z) pullback preserves Per_Z, so the Pell shift and J-pullback preserve this subgroup and one J-pullback does not scale it by phi^-2; for Omega_1 the four displayed integral symplectic transvections have common fixed bivector lattice Z(1,0,1,0,0,1), whose Omega_1-value is two, so no selector depending only on the unmarked form and natural under all integral symplectic automorphisms can return a unit-period bivector; the zeta_5 root-of-unity kernel fixes the full CM pencil but has no nonzero decomposable rational fixed bivector, so it likewise cannot supply a natural fixed nonzero rank-two cell from that pencil alone; invariant nondecomposable classes, cell orbits and selectors using additional typed data remain outside the no-go; Per_Z is an integer image subgroup rather than a geometric period integral, and no torus, manifold, homology, cohomology, action, h, hbar, 2 pi, prequantization, physical U(1), decoder, apparatus, event, measure or L2-L6 lift is selected	4. The two places	probes/P-CM-PERIOD-LATTICE-NONSELECTION-1	fires if an integral alternating form has Per_Z different from its coefficient-gcd subgroup, if a CM member has Per_Z different from gcd(a,b)Z or a unimodular member is not primitive, if some GL_4(Z) pullback changes Per_Z, if one displayed transvection fails to preserve Omega_1, their common fixed lattice differs from Z(1,0,1,0,0,1), or its Omega_1-value is not two, or if the zeta_5 action fails to fix the CM pencil, its rational fixed bivector space differs from the displayed rank-two space, or that space contains a nonzero decomposable rational bivector; invariant nondecomposable classes, cell orbits, selectors with additional typed data, geometric periods, action or L2-L6 readings are outside scope; an evidence-bundle or architecture mismatch without exact mathematical negation is integrity STOP
