# format	twist_snake_blocks_v1
# status	NON-CANONICAL floating-point engineering diagnostic
# L	10
# k	1
# chain	2
# base	0
# seed	202609290102
# seam_size	100
# start_twist	100
# chain_initial	coldT
# warmup_sweeps	512
# dwell_sweeps	16384
# visit_sweeps	2048
# equilibration_sweeps	32
# block_length	512
# segments	200
# seam_order	x2_fastest_then_x3
# action_density	minus_sum_logW_divided_by_6L4
# sampling	every_production_sweep_after_full_heatbath_sweep
L	k	chain	segment	n	phase	block	count	sumFn	sumFn2	sumFi	sumFi2	sumBn	sumBn2	sumBi	sumBi2	sumY	sumY2	sumS	sumS2	hF0	hF1	hF2	hF3	hF4	hB0	hB1	hB2	hB3	hB4	sec0	secMinus	secPlus	secOther	secUntwisted	pure0	pureMinus	purePlus	flips
10	1	2	0	100	dwell	0	512	0	0	0	0	382.015528100076	545.988986411722	396.655079506028	414.034012838405	399.155061564106	363.629497152516	-593.837877304592	688.758877652699	0	0	0	0	0	268	100	4	7	133	41441	4911	4416	432	0	0	0	0	0
10	1	2	0	100	dwell	1	512	0	0	0	0	418.099600079758	560.452402759006	421.933937503731	437.019959591117	389.606949283378	349.052402796536	-593.727066479775	688.501829879135	0	0	0	0	0	293	123	3	5	88	41638	4779	4327	456	0	0	0	0	0
10	1	2	0	100	dwell	2	512	0	0	0	0	408.685224869449	659.872356952818	402.901369634723	408.574135610987	393.680592134506	353.240777925133	-593.741008377007	688.534087121481	0	0	0	0	0	274	108	6	6	118	41681	4738	4326	455	0	0	0	0	0
10	1	2	0	100	dwell	3	512	0	0	0	0	397.187737368819	562.075457614811	400.436368311627	401.651284636621	379.496930125696	324.395416019398	-593.823776281982	688.726163186636	0	0	0	0	0	292	104	4	4	108	41584	4989	4196	431	0	0	0	0	0
10	1	2	0	100	dwell	4	512	0	0	0	0	407.226244531945	616.821357301236	407.096831150488	422.300621689411	382.428776797635	334.884603322953	-593.836105600151	688.754981067349	0	0	0	0	0	286	108	5	5	108	41538	4919	4261	482	0	0	0	0	0
10	1	2	0	100	dwell	5	512	0	0	0	0	394.011462790698	561.651957092185	398.892585892807	388.84527543091	385.283279156148	339.255328566939	-593.787591221752	688.642289296308	0	0	0	0	0	282	106	4	3	117	41350	4931	4477	442	0	0	0	0	0
10	1	2	0	100	dwell	6	512	0	0	0	0	388.378240529763	592.374795312108	394.236596403678	409.73019212408	401.458105796728	363.870365860769	-593.854143655267	688.796962340917	0	0	0	0	0	269	100	5	6	132	41766	4692	4310	432	0	0	0	0	0
10	1	2	0	100	dwell	7	512	0	0	0	0	400.15329551507	568.365037743264	402.011827379311	396.826769253678	394.011371428885	350.448954467119	-593.72406740562	688.494893382727	0	0	0	0	0	288	107	4	5	108	41623	4747	4362	468	0	0	0	0	0
10	1	2	0	100	dwell	8	512	0	0	0	0	428.877760685081	663.734894361516	423.317266254512	447.854358879271	386.475095645545	345.497374677708	-593.887639730259	688.874449127432	0	0	0	0	0	264	133	5	3	107	41736	4765	4237	462	0	0	0	0	0
10	1	2	0	100	dwell	9	512	0	0	0	0	398.368077256318	562.698516602302	389.392156027349	366.301189761888	379.927209770315	334.430939102444	-593.896956821439	688.896089581899	0	0	0	0	0	292	103	4	7	106	41695	4859	4186	460	0	0	0	0	0
10	1	2	0	100	dwell	10	512	0	0	0	0	419.923325501637	642.057725970743	419.556093445	439.523244309571	378.280568070588	332.72748248749	-593.742080796383	688.536877238727	0	0	0	0	0	275	120	5	7	105	41267	4955	4487	491	0	0	0	0	0
10	1	2	0	100	dwell	11	512	0	0	0	0	414.606177888507	701.076788004577	405.829180253905	416.653479375368	403.85314333814	368.425490018324	-593.723646092011	688.494113857048	0	0	0	0	0	285	104	7	5	111	41354	4845	4556	445	0	0	0	0	0
10	1	2	0	100	dwell	12	512	0	0	0	0	409.299193548821	694.415147713879	403.863863946967	424.17639447715	384.455953922131	341.721244222377	-593.605409862615	688.219555893611	0	0	0	0	0	280	102	7	5	118	41617	4934	4250	399	0	0	0	0	0
10	1	2	0	100	dwell	13	512	0	0	0	0	408.762239195702	626.526019036606	405.434146031385	404.347178316578	405.639987941459	367.892141756207	-593.874587533815	688.84402313533	0	0	0	0	0	274	116	5	1	116	41810	4679	4315	396	0	0	0	0	0
10	1	2	0	100	dwell	14	512	0	0	0	0	390.79668104945	485.236438908154	396.446896218751	384.857888417442	374.077699426563	318.594534972924	-593.81336461041	688.701999700086	0	0	0	0	0	278	113	2	6	113	41671	4887	4201	441	0	0	0	0	0
10	1	2	0	100	dwell	15	512	0	0	0	0	401.603185544455	618.94553252162	398.2110579746	405.457819387015	382.116796289072	335.06603270372	-593.655548506527	688.336392552678	0	0	0	0	0	258	113	5	7	129	41554	4920	4234	492	0	0	0	0	0
10	1	2	0	100	dwell	16	512	0	0	0	0	418.781492777265	643.289213789986	422.786857370439	467.762277839454	402.070712705089	362.14500475314	-593.811865644532	688.69862736827	0	0	0	0	0	273	123	5	2	109	41616	4784	4343	457	0	0	0	0	0
10	1	2	0	100	dwell	17	512	0	0	0	0	416.219186878516	566.188993848755	423.040218694216	439.041167541619	390.242718493968	343.642767932736	-593.848765263695	688.784386227607	0	0	0	0	0	273	129	3	5	102	41743	4825	4152	480	0	0	0	0	0
10	1	2	0	100	dwell	18	512	0	0	0	0	402.034781681639	615.643534044792	402.231342457832	418.93018800742	376.716578101718	324.128440924505	-593.660766904385	688.348044235766	0	0	0	0	0	263	109	5	11	124	41397	4978	4353	472	0	0	0	0	0
10	1	2	0	100	dwell	19	512	0	0	0	0	391.900006610696	482.230227668123	404.535493715488	390.277004207643	382.261626888894	340.361990095214	-593.610777366928	688.232386500837	0	0	0	0	0	294	111	2	1	104	41310	5057	4381	452	0	0	0	0	0
10	1	2	0	100	dwell	20	512	0	0	0	0	392.97498828226	485.77302256087	403.942403433792	398.715087861079	382.952848555914	340.482521168158	-593.615418047003	688.24306743518	0	0	0	0	0	285	112	2	6	107	41231	5138	4374	457	0	0	0	0	0
10	1	2	0	100	dwell	21	512	0	0	0	0	436.324545094451	706.134003027875	425.928746609763	463.955877489363	380.12732955446	334.322088864486	-593.915363278582	688.938980173043	0	0	0	0	0	274	128	6	6	98	41532	4944	4285	439	0	0	0	0	0
10	1	2	0	100	dwell	22	512	0	0	0	0	393.416747692889	490.954400409497	397.313885435489	378.506796604923	378.498254738632	323.607465887211	-593.835472558587	688.753490880318	0	0	0	0	0	275	116	2	6	113	41605	4924	4187	484	0	0	0	0	0
10	1	2	0	100	dwell	23	512	0	0	0	0	396.996274518512	568.868810624005	396.92470605689	390.689338923946	393.968493072597	352.494204214747	-593.700313659409	688.439891149509	0	0	0	0	0	277	110	4	3	118	41467	4865	4413	455	0	0	0	0	0
10	1	2	0	100	dwell	24	512	0	0	0	0	393.253628732264	491.145531695283	398.957153322902	386.143871892905	394.843852718767	359.283609296154	-593.766751006741	688.593880767631	0	0	0	0	0	277	117	2	3	113	41543	4910	4280	467	0	0	0	0	0
10	1	2	0	100	dwell	25	512	0	0	0	0	403.598047269751	602.786318195157	406.176679986157	402.340702553256	383.430696617446	340.16485960385	-593.804926034966	688.682357153731	0	0	0	0	0	309	100	5	0	98	41549	4943	4259	449	0	0	0	0	0
10	1	2	0	100	dwell	26	512	0	0	0	0	436.583931962892	747.661278083916	420.295452310602	442.809889822867	382.116419291004	333.847369165848	-593.695381025489	688.428525952188	0	0	0	0	0	267	129	7	1	108	41581	4990	4184	445	0	0	0	0	0
10	1	2	0	100	dwell	27	512	0	0	0	0	409.923325501637	626.248412416046	412.832345854367	431.221747453863	386.906432009434	343.713732951243	-593.805977385761	688.684826566665	0	0	0	0	0	279	115	5	1	112	41578	4937	4257	428	0	0	0	0	0
10	1	2	0	100	dwell	28	512	0	0	0	0	433.588956961632	806.098519081313	415.018766524569	440.009364566267	390.052771370527	345.819183516106	-593.778872380962	688.622110573507	0	0	0	0	0	283	110	9	3	107	41653	4881	4195	471	0	0	0	0	0
10	1	2	0	100	dwell	29	512	0	0	0	0	399.597087580388	573.659498721981	402.083381263765	406.758006678026	391.040695283397	350.565691176876	-593.730097187845	688.50897080769	0	0	0	0	0	275	112	4	4	117	41552	4828	4360	460	0	0	0	0	0
10	1	2	0	100	dwell	30	512	0	0	0	0	424.260686385694	790.478561582152	411.82585891996	451.973164786595	391.606852858511	351.511260137474	-593.783534358252	688.633002200459	0	0	0	0	0	282	103	9	4	114	41510	4915	4340	435	0	0	0	0	0
10	1	2	0	100	dwell	31	512	0	0	0	0	400.815934631013	539.108280781842	403.761905413271	394.226332342968	388.226996385947	343.041923497454	-593.783118571541	688.631910231408	0	0	0	0	0	281	118	3	0	110	41625	4811	4302	462	0	0	0	0	0
10	1	2	1	99	down	0	512	620.587037582907	1464.62760242108	625.304013815463	973.835919329673	410.412682383511	514.535331764967	424.155046512988	427.868388984737	391.271878646381	347.86093956735	-593.75208673891	688.559857423962	227	41	5	18	221	289	125	2	3	93	40952	4920	4369	447	89	0	0	0	0
10	1	2	1	99	down	1	512	643.514088566032	1537.84312556314	641.5247267107	1012.18633553637	442.985151555705	684.682123611369	443.429139237338	491.893248098331	375.517046171467	330.575503533022	-593.793979391244	688.657205548076	229	27	5	19	232	270	141	5	3	93	40907	4971	4332	478	99	0	0	0	0
10	1	2	1	99	down	2	512	611.297274170095	1413.78015240366	630.660179718856	993.329851904002	432.120886316011	622.30207284716	429.933962386526	447.198545410477	378.379747203169	331.30097388295	-593.819010513894	688.715347972561	224	45	7	17	219	285	130	4	7	86	41089	4997	4184	418	116	0	0	0	0
10	1	2	1	99	down	3	512	692.247644044161	1805.60366366867	682.34526315234	1140.07653361115	403.82909024851	539.696304794939	417.96993975779	430.954377450902	389.311383358288	345.632966678968	-593.821371825416	688.720946706208	211	22	6	24	249	289	116	3	2	102	41350	4759	4161	418	129	0	0	0	0
10	1	2	2	98	down	0	512	594.482639056335	1375.00231509949	597.552526556114	892.738153245263	447.859466792881	826.881224840695	439.81912975226	493.061522201214	377.664941108552	325.570897214135	-593.858889905692	688.80763193129	252	41	3	17	199	291	118	9	2	92	41072	4532	4122	450	159	0	0	0	0
10	1	2	2	98	down	1	512	593.907177540089	1379.36950267484	591.878872858043	875.310767779394	451.094575081018	734.879906845984	450.656040354109	500.998708090888	376.533468951632	322.830024174303	-593.916121172497	688.940435224722	240	49	3	17	203	269	143	6	2	92	40791	4767	4192	426	203	0	0	0	0
10	1	2	2	98	down	2	512	635.404665040719	1598.83824471287	621.626717879276	975.636203012523	446.747050923516	800.388107473136	442.654548203421	494.785955536868	390.449889977431	347.217390449927	-593.779494584853	688.623642623434	222	45	5	21	219	265	131	8	3	105	40805	4725	4220	426	178	0	0	0	0
10	1	2	2	98	down	3	512	581.058213848544	1082.2440218548	605.087371765912	878.849603854282	455.892948957267	778.189883529722	449.877319396298	517.670783308687	378.407993801186	332.352523323419	-593.689283913244	688.414302340977	217	42	3	9	241	269	141	7	3	92	40534	4834	4363	445	189	0	0	0	0
10	1	2	3	97	down	0	512	585.932529085719	1298.55398614348	585.042259495371	853.927039771938	429.56767072538	648.891867958821	441.306723887658	486.96700320931	378.034768928998	335.467777364047	-593.881253329491	688.859475913239	230	53	4	15	210	299	120	5	4	84	40296	4715	4190	463	327	0	0	0	0
10	1	2	3	97	down	1	512	584.569816656032	1260.11274571342	589.931940860885	860.178301762653	415.518040599446	593.644419594074	422.767926141224	430.945673679841	385.225616422593	338.177682164282	-593.815930423389	688.708092696296	233	49	2	14	214	290	118	4	4	96	40222	4701	4289	452	326	0	0	0	0
10	1	2	3	97	down	2	512	614.185817990093	1527.58014909831	609.670757062162	948.1177510084	460.518040599446	850.289654498784	446.346673415505	492.70886098841	365.708317155121	315.558903264227	-593.828093139333	688.736327937533	220	57	7	20	208	286	129	9	2	86	40420	4778	4043	423	297	0	0	0	0
10	1	2	3	97	down	3	512	571.076394464781	1162.48879704496	593.936297825974	869.274439937783	479.453222201327	960.959726100245	449.069679023807	506.800256070509	370.211334293164	319.265254708854	-593.826454965129	688.732622454009	237	47	6	12	210	264	138	11	7	92	40304	4797	4095	468	317	0	0	0	0
10	1	2	4	96	down	0	512	584.060133227269	1317.83024997922	580.603376258694	837.491413937114	432.274914968517	703.83112313345	430.29743818179	453.075664707297	378.628897011772	324.797276233759	-593.775120500886	688.613695365751	261	39	3	16	193	269	130	6	1	106	39901	4667	4168	416	414	0	0	0	0
10	1	2	4	96	down	1	512	566.278020588532	1119.20542815654	574.085825721094	793.525546267933	410.230309841323	476.717150322393	434.595661231723	453.924992105162	366.690915156035	307.959433928098	-593.896020446484	688.894216027149	241	46	1	11	213	292	128	1	4	87	39994	4667	4049	442	363	0	0	0	0
10	1	2	4	96	down	2	512	660.029756682898	1850.91140788662	619.475123027055	996.369713706973	452.87979333977	740.519820191631	446.713849342653	497.1859009889	375.575557224886	326.413369875891	-593.832353528072	688.746339511395	235	44	0	27	206	261	146	6	4	95	40120	4569	4053	410	386	0	0	0	0
10	1	2	4	96	down	3	512	601.210096570397	1422.88701603035	593.160673161049	870.681236431573	434.703518761649	642.204966789314	441.993225472874	478.082176992115	374.500606154207	323.82960525641	-593.783704893553	688.633526728004	251	41	2	18	200	255	146	4	2	105	39842	4736	4136	438	399	0	0	0	0
10	1	2	5	95	down	0	512	550.404665040719	1056.4369118441	571.64285733393	797.613106144086	434.079386808832	673.31627055747	437.51106686885	479.484479027669	376.025231705907	322.185082528131	-593.868487503805	688.830090225911	238	54	5	10	205	260	137	5	5	105	39714	4511	3966	449	500	0	0	0	0
10	1	2	5	95	down	1	512	598.254701697591	1425.02759663672	599.856043140085	914.147875772732	450.307324167576	840.293204959283	434.443330872174	476.863637463802	354.070556810909	288.503775300144	-593.823537878956	688.726057232298	232	54	5	18	203	268	127	9	4	104	39413	4791	3987	449	446	0	0	0	0
10	1	2	5	95	down	2	512	628.072329155403	1694.2116311332	601.968841289978	949.082798611827	440.576874309462	763.19520922047	446.579156303386	529.538352813531	362.708528854656	309.380873778599	-593.757406106854	688.5720712784	223	62	3	24	200	242	138	7	6	119	39309	4687	4164	480	488	0	0	0	0
10	1	2	5	95	down	3	512	559.464458440098	1112.22316806398	581.598831730483	837.04833481885	432.23640780539	627.86571326736	434.91917177085	465.462713884317	366.095527281139	309.180599760545	-593.644085170979	688.309832460553	228	58	4	11	211	279	136	4	1	92	39251	4711	4229	449	523	0	0	0	0
10	1	2	6	94	down	0	512	588.63870036353	1226.31407527685	591.968332516574	848.573918404865	450.585964617581	734.472811709346	443.030870969375	481.870934231354	364.711002467889	307.223727623116	-593.709250385614	688.460656108199	245	35	1	13	218	268	143	6	2	93	39154	4520	3997	457	612	0	0	0	0
10	1	2	6	94	down	1	512	578.331716023844	1211.70786651583	589.93880162776	864.117511146795	477.313422131643	851.111394665227	463.22454401732	533.092643625567	372.728106565691	318.291638593735	-593.802764099854	688.677650523664	236	47	4	13	212	267	153	8	2	82	39072	4539	4107	410	581	0	0	0	0
10	1	2	6	94	down	2	512	622.891029578541	1442.07594790383	627.904296449473	984.121428122409	452.859466792881	760.635106865714	443.540936200257	485.788852695028	356.75526087852	300.416642951703	-593.832437006201	688.746315253483	205	49	6	17	235	291	127	7	9	78	39126	4609	3976	417	608	0	0	0	0
10	1	2	6	94	down	3	512	601.085484772899	1387.82404700256	600.944388812941	889.053950941314	429.53023652758	588.93932954496	439.03354274739	465.457286555887	365.779239036575	310.789867402406	-593.70552652618	688.451867462763	247	39	4	17	205	276	140	3	1	92	38950	4717	3986	475	612	0	0	0	0
10	1	2	7	93	down	0	512	653.878833650407	1629.28880200298	637.660507005723	1016.68026805799	440.94963673663	741.178342467259	433.267684330631	468.256593140362	366.487843009167	308.25513296946	-593.824146053343	688.727412335673	219	32	9	21	231	295	120	7	4	86	38734	4496	3949	437	673	0	0	0	0
10	1	2	7	93	down	1	512	597.381346149778	1423.12160946961	591.44795994052	895.579023162769	473.541359490387	875.170368392034	460.359063326477	545.157685663903	362.40812683393	301.815237089444	-593.917058087592	688.94280694685	233	54	5	18	202	275	140	9	6	82	38778	4525	3917	396	673	0	0	0	0
10	1	2	7	93	down	2	512	604.838293832592	1399.86662360675	607.000934894338	926.481149957552	462.197900642264	784.73844069033	455.225557753735	523.599954097572	376.803728730889	329.066731784411	-593.693838385238	688.424839048065	232	45	6	17	212	277	142	7	4	82	38658	4469	4064	425	757	0	0	0	0
10	1	2	7	93	down	3	512	557.305404788851	964.338916105283	592.943734202275	841.213719847568	416.343798676014	564.196531346866	428.656929209314	448.629345670129	355.549492352054	295.105103497282	-593.713539870332	688.470754171749	228	43	7	7	227	281	128	3	2	98	38629	4633	3931	423	632	0	0	0	0
10	1	2	8	92	down	0	512	585.961945940727	1270.88259654731	583.848263834167	837.906896117361	429.002372482579	587.604961004955	438.913744517367	472.119934861327	360.374403806101	299.823852985305	-593.796173804448	688.662578422511	214	60	2	14	222	276	139	3	2	92	38307	4432	3940	425	855	0	0	0	0
10	1	2	8	92	down	1	512	575.212129225086	1309.21960934011	577.620420568322	855.448205008923	464.194908298212	689.332243498029	463.830806491805	518.222747212416	364.643802924961	303.925857398596	-593.874016122538	688.84288620132	244	55	6	16	191	258	165	4	4	81	38305	4428	3988	383	745	0	0	0	0
10	1	2	8	92	down	2	512	601.181752680715	1429.46262995844	602.870985400332	925.588929634437	407.274914968517	441.802299399087	428.351874499508	430.029541393903	365.216562183819	311.681953444423	-593.731996843945	688.513491869695	230	52	8	18	204	277	135	0	6	94	38236	4429	3991	448	783	0	0	0	0
10	1	2	8	92	down	3	512	592.02569137352	1406.17526163735	580.507667967971	845.590941187913	450.374175220385	798.463490717616	450.241502659818	520.573367646962	368.141908079726	312.389321501251	-593.724426395523	688.49611157328	253	46	3	18	192	283	127	8	3	91	38015	4508	4144	437	753	0	0	0	0
10	1	2	9	91	down	0	512	634.885891303837	1627.05642037109	610.502069163815	946.266547761065	440.998307173201	714.407618479139	450.042277493765	514.505291202352	360.40131759449	298.956345112644	-593.702604325804	688.445288245716	240	39	2	22	209	274	132	6	5	95	37963	4292	3930	407	904	0	0	0	0
10	1	2	9	91	down	1	512	553.139180208211	1088.76107384309	566.570747600772	783.236901840081	502.390436457896	931.492330978719	491.743795957725	599.831846045439	357.366827047277	296.863654443864	-593.821052114522	688.72015061227	258	44	3	11	196	263	169	9	0	71	38141	4270	3820	361	841	0	0	0	0
10	1	2	9	91	down	2	512	583.686297834775	1286.80542154584	583.18498990429	848.405998082179	497.255661386953	954.16549580514	489.697170037827	605.050839577996	339.474390440787	274.42868652884	-593.794976308247	688.659366380361	249	43	3	15	202	270	156	10	3	73	37658	4658	3838	438	949	0	0	0	0
10	1	2	9	91	down	3	512	578.42798393166	1216.31762573735	581.960353093765	831.412310132171	457.860539758207	784.592546788265	457.993607683746	524.308585518212	349.751660414921	282.006269988761	-593.832931081406	688.747407045459	227	53	3	13	216	262	145	7	3	95	37765	4549	3879	399	921	0	0	0	0
10	1	2	10	90	down	0	512	575.203038916968	1242.63824140752	566.647862377411	790.867733367667	458.426910966334	750.699422810009	462.052242655884	533.594757463411	358.735707252855	303.153439395538	-593.901363206485	688.906259648197	234	54	5	14	205	260	151	6	3	92	37461	4333	3870	416	1005	0	0	0	0
10	1	2	10	90	down	1	512	528.744058579465	980.024046176226	540.597245303305	717.57492247576	468.916267848208	766.015165893294	474.095306750269	555.615347239107	354.627170992666	300.072192616493	-593.748184491316	688.550801455846	250	59	3	9	191	262	156	6	6	82	37354	4471	3852	403	971	0	0	0	0
10	1	2	10	90	down	2	512	570.278980277895	1296.52736595311	562.556066698989	808.020375541308	471.583931962892	877.251081458947	465.090899796669	551.768363738634	348.518894429449	291.394007719178	-593.705051378936	688.451099402296	255	52	5	16	184	267	144	9	2	90	37436	4384	3837	423	978	0	0	0	0
10	1	2	10	90	down	3	512	538.004405137268	1021.48745426014	542.870335154777	713.389132134332	463.455254856016	826.152632616281	459.802282855148	524.127359691914	345.922089660591	284.090884864472	-593.832183856543	688.745809781963	273	42	2	10	185	273	142	8	0	89	37537	4379	3760	404	976	0	0	0	0
10	1	2	11	89	down	0	512	545.462425785409	977.163300524517	559.931293553892	756.504351533021	525.85444179414	1072.62359059336	512.52998591698	655.176960156454	343.696772066019	276.051442213636	-593.65093262871	688.325528038346	239	50	3	8	212	275	167	12	0	58	36803	4453	3883	429	1013	0	0	0	0
10	1	2	11	89	down	1	512	578.130089900093	1247.07327472924	584.239513809544	864.315212034136	478.667044253211	822.971267162709	483.701935131898	580.008877038756	346.053671765624	280.342077154326	-593.676183703684	688.384057786379	232	52	8	14	206	254	163	7	3	85	36997	4291	3876	404	1094	0	0	0	0
10	1	2	11	89	down	2	512	547.064198536647	1077.27371048002	554.019480172164	751.227926269037	521.996274518512	1137.61161295378	494.729332562086	614.786606552726	338.075284323121	270.743553847709	-593.705660760645	688.452207427922	263	46	1	11	191	273	154	14	2	69	36889	4454	3807	418	1090	0	0	0	0
10	1	2	11	89	down	3	512	557.323585405088	1171.66573062044	561.158902964973	792.555682630227	450.528203872891	620.498089114896	469.584397760798	531.267552568766	349.134976733614	284.541836646667	-593.707358919295	688.456526115288	248	55	3	13	193	279	151	3	6	73	36627	4503	4007	431	1143	0	0	0	0
10	1	2	12	88	down	0	512	508.695388142893	900.958848814333	520.717679103591	673.598465906132	501.881825994459	819.865725662415	511.491317167776	637.196278941738	343.928973604958	281.948159708549	-593.667722068527	688.364605519483	271	56	4	8	173	266	179	6	5	56	36582	4223	3855	396	1223	0	0	0	0
10	1	2	12	88	down	1	512	498.379313495089	745.633801266059	528.982165851904	680.409943780222	468.349896640081	688.741995282514	487.71366469348	580.996739067657	333.844895187011	268.73045839367	-593.779840002956	688.624485425462	256	56	8	4	188	276	162	4	3	67	36714	4217	3712	413	1198	0	0	0	0
10	1	2	12	88	down	2	512	548.542432455713	1121.22537573965	553.668417713519	780.456857836247	483.637627398204	821.531793699523	484.65739508199	569.703216394255	337.549508083702	266.524275580297	-593.838511298628	688.760503656253	246	58	5	12	191	278	159	7	1	67	36429	4515	3737	375	1160	0	0	0	0
10	1	2	12	88	down	3	512	501.34487164134	789.03202851482	521.109097104668	650.64703631848	481.996274518512	888.910946519396	480.094759772764	566.269375567306	342.771661616014	283.908097521535	-593.705578815586	688.452113704464	256	60	2	5	189	281	147	9	1	74	36569	4336	3702	449	1168	0	0	0	0
10	1	2	13	87	down	0	512	523.868670376963	933.031583674337	538.9125589751	715.977653225022	472.793688705399	776.091887790909	486.182769333402	588.078956055573	322.425884814099	253.903323070805	-593.759765716311	688.577604399008	258	54	2	8	190	259	163	6	1	83	36110	4396	3635	403	1240	0	0	0	0
10	1	2	13	87	down	1	512	526.920333157586	1009.58501755352	528.277455913015	693.197856596003	495.029756682898	848.137565883429	497.839075556341	617.189584515389	355.772943037089	292.717122020354	-593.970405674094	689.066569089246	256	60	4	10	182	259	173	7	3	70	36147	4251	3770	376	1274	0	0	0	0
10	1	2	13	87	down	2	512	548.916267848208	1226.38767502771	534.714036409772	735.732081035052	506.103665389136	999.804960178618	502.381497417507	643.076489800826	342.235398082218	277.229364345251	-593.552182791774	688.096261195794	254	65	3	15	175	279	153	11	5	64	35813	4373	3934	424	1267	0	0	0	0
10	1	2	13	87	down	3	512	521.353961949459	887.311846942744	530.194165583727	676.131946765437	493.109763353203	873.088778039209	493.773029108507	610.105863794424	337.774039309087	271.7743222656	-593.792460488722	688.653682394756	270	44	3	7	188	274	160	8	5	65	36242	4203	3720	379	1216	0	0	0	0
10	1	2	14	86	down	0	512	522.323585405088	1005.02049571573	518.812888225528	668.614095749281	500.029756682898	930.192997413107	505.004949551262	630.481334812261	329.748578592545	259.910350730059	-593.768662467986	688.598613154128	252	67	1	10	182	255	169	9	2	77	35910	4139	3626	357	1337	0	0	0	0
10	1	2	14	86	down	1	512	523.647790671648	1078.68922866405	527.117200374181	718.439665041803	507.832195868525	944.538453911722	513.671152204309	670.626278921594	324.562111008746	253.877354955814	-593.725673481556	688.498918355748	251	74	2	12	173	245	174	9	9	75	35727	4246	3672	387	1355	0	0	0	0
10	1	2	14	86	down	2	512	555.164531753841	1172.05642037109	549.666397421048	752.724013385734	492.23640780539	982.375693256445	483.046410351524	596.565038028211	330.274686702732	259.695420575298	-593.830851681084	688.742908556115	240	62	2	13	195	267	148	11	4	82	35891	4131	3634	376	1410	0	0	0	0
10	1	2	14	86	down	3	512	574.665011598523	1381.12204604672	543.505314093204	758.738744381006	513.484671711024	988.880359949838	512.790980347248	668.652531571854	331.943321167167	271.873443992294	-593.731153938109	688.511404355207	245	64	2	18	183	253	174	10	3	72	35630	4332	3623	447	1322	0	0	0	0
10	1	2	15	85	down	0	512	544.271922624465	1079.24976759592	540.990460825339	720.984070921235	473.916267848208	848.070597422972	476.564438139957	571.686164348611	326.593556068499	260.997293525031	-593.620030626815	688.254089916507	246	58	3	11	194	258	152	8	5	89	35358	4207	3594	361	1440	0	0	0	0
10	1	2	15	85	down	1	512	514.933488775082	986.419159541602	509.425300354189	649.253416176735	508.858507103518	937.849756853541	502.243263518358	617.619473307326	337.681691565876	268.756769259428	-593.893657426628	688.888347445939	264	64	3	10	171	269	169	9	4	61	35720	3935	3507	358	1465	0	0	0	0
10	1	2	15	85	down	2	512	526.804811668206	1041.13002425363	526.831341674363	695.885588395812	513.177687371338	1027.19211186383	504.687930996905	650.390122838155	348.266038261986	284.289605618276	-593.628380132677	688.273376621672	266	58	3	11	174	244	171	11	5	81	35378	4015	3704	423	1575	0	0	0	0
10	1	2	15	85	down	3	512	535.096607735707	1092.06394960583	530.495292982397	706.69527010318	523.292135895391	1106.71627303648	506.993697018862	661.058437626895	322.047132214532	246.951519557479	-593.731302942959	688.511992315823	262	58	4	12	176	267	162	13	2	68	35290	4193	3651	386	1419	0	0	0	0
10	1	2	16	84	down	0	512	536.162499099152	1029.05198436131	535.683741456217	707.281817585131	490.345831330703	868.462613431704	487.845083999726	581.570354920833	334.213468541891	270.29897082274	-593.676729273652	688.385288235232	247	59	4	10	192	274	158	8	5	67	35000	4048	3565	395	1591	0	0	0	0
10	1	2	16	84	down	1	512	532.102705699774	944.128257286754	536.738952097099	695.261872556786	493.46541812946	882.117165196459	492.65240722303	616.9002120565	332.602889788746	268.697326409132	-593.865526890267	688.823361722279	261	45	5	8	193	254	167	8	6	77	34875	4031	3714	388	1540	0	0	0	0
10	1	2	16	84	down	2	512	552.525211528839	1128.3557539367	542.484112059531	714.827360122517	479.9051448854	789.320714830621	484.225312959331	568.19955928573	319.42562393441	250.063178567608	-593.683888645625	688.401944836682	248	55	2	12	195	255	169	6	2	80	34857	4056	3666	429	1630	0	0	0	0
10	1	2	16	84	down	3	512	569.107730698514	1362.48567489821	539.58926138169	741.910409334705	478.983118901016	777.103412326633	490.82307238262	594.840368310652	312.421731400788	244.955359412239	-593.845894527697	688.777696786895	265	55	3	18	171	277	159	6	4	66	34940	4198	3472	398	1458	0	0	0	0
10	1	2	17	83	down	0	512	522.448197202586	928.863954563851	525.17458534662	667.285522142808	473.830163213836	814.888782997231	482.169631449257	579.932575150438	307.410516817765	229.479214645632	-593.729848119974	688.508573404925	260	53	4	8	187	256	160	7	1	88	34483	4209	3401	403	1636	0	0	0	0
10	1	2	17	83	down	1	512	504.021626064143	892.711841158385	513.055680901271	644.260780338042	482.285078241961	791.520714004284	495.001285404263	593.889056054181	329.813640875852	268.202891161229	-593.665630297078	688.359572396172	275	58	1	8	170	258	169	6	3	76	34289	4184	3665	358	1783	0	0	0	0
10	1	2	17	83	down	2	512	598.484671711024	1568.36373214361	553.796067846159	783.224067915959	512.649823326337	988.802311794142	499.075198153029	615.393036484121	335.076597869228	263.458013100082	-593.796206487855	688.662186993819	237	68	0	22	185	248	174	10	5	75	34391	4098	3612	395	1653	0	0	0	0
10	1	2	17	83	down	3	512	532.208063915708	1052.40142376585	526.587034082672	683.538387973143	481.574841654773	789.450203346698	490.607258114877	593.363067396587	319.642472935701	247.423698857926	-593.79821515894	688.667012043363	262	57	2	11	180	261	168	6	2	75	34389	4115	3602	390	1657	0	0	0	0
10	1	2	18	82	down	0	512	516.622439126018	1024.53135299072	515.15800556291	667.624339170536	530.038846991017	1118.4196002504	526.584517151544	721.135004034744	315.582804685292	246.511847264341	-593.69384432239	688.4250004027	265	66	3	11	167	261	166	13	7	65	34033	3967	3586	398	1744	0	0	0	0
10	1	2	18	82	down	1	512	510.00033982789	1010.78234768429	506.033867660618	640.937069928473	512.40969003946	948.255525732098	512.223726145507	640.190738609933	311.618244121076	239.067618381056	-593.807360948119	688.688126925083	271	67	3	11	160	262	176	9	1	64	34059	4037	3510	378	1760	0	0	0	0
10	1	2	18	82	down	2	512	484.971995938209	718.326921938966	497.393164618599	582.360128907211	524.894981611955	1074.53800493955	520.43675460805	697.399150728222	323.94484725652	253.629808323798	-593.814546100974	688.705113487659	270	58	5	4	175	262	168	12	5	65	34264	3957	3389	374	1696	0	0	0	0
10	1	2	18	82	down	3	512	516.364125222903	924.906086327557	520.013954680204	672.165749503866	490.85444179414	905.951747893336	493.420117009191	597.831124635218	316.172501560703	245.776968232017	-593.744603610924	688.542657686884	247	66	3	8	188	275	155	9	2	71	33999	4048	3569	368	1718	0	0	0	0
10	1	2	19	81	down	0	512	527.121959281337	1085.38590392914	514.288213044675	663.50077372898	559.214161879775	1285.57881044518	539.496122994291	742.272333344489	310.713478992477	235.43040632339	-593.895467464249	688.892763899182	248	73	3	12	176	241	183	16	2	70	33837	3930	3337	368	1810	0	0	0	0
10	1	2	19	81	down	1	512	548.839253521955	1148.56771835488	546.911173885869	760.287298343521	512.505957947276	915.783245628623	518.611926756834	647.864733244438	325.271125196168	256.469999657961	-593.766036663928	688.592261498894	266	49	5	13	179	253	183	8	3	65	33866	3775	3447	384	1885	0	0	0	0
10	1	2	19	81	down	2	512	526.958840320712	937.3287013009	528.02001746926	672.615183399551	533.782565742591	1026.85198518764	539.663357573867	719.388390782195	315.939479592106	246.373680990592	-593.841211950755	688.766870430773	262	50	0	8	192	244	192	10	3	63	33654	3962	3502	354	1800	0	0	0	0
10	1	2	19	81	down	3	512	527.093615391655	1054.93269412287	522.646933363969	686.622690485196	532.592062581647	1054.82758919969	535.592147768926	708.079809898711	316.411669870915	251.961679714131	-593.811954820283	688.698847097075	235	77	4	11	185	259	182	11	1	59	33541	3967	3556	408	1764	0	0	0	0
10	1	2	20	80	down	0	512	505.499859983209	936.663506418019	504.299423730534	630.343462690744	491.612275852573	1013.51360481992	472.854876721657	574.120994039474	310.439653562817	234.254640520333	-593.853464222328	688.795200580647	258	70	5	9	170	276	140	12	3	81	33309	3878	3418	355	1851	0	0	0	0
10	1	2	20	80	down	1	512	494.049969953824	1018.49542420368	478.435656788256	592.64842881729	466.59302227101	824.694978536858	467.515506140575	548.045261517647	315.532857392591	244.021786972473	-593.771152011881	688.60435759075	276	80	1	12	143	281	137	8	7	79	33181	3920	3520	339	1862	0	0	0	0
10	1	2	20	80	down	2	512	493.79165605071	807.67725515616	504.50889936794	634.754322458285	502.515048255394	1040.63955527055	481.82808552696	590.002825616422	312.322225723994	241.208218699334	-593.830758833749	688.742675052387	266	63	2	6	175	255	155	12	4	86	33497	3765	3378	320	2077	0	0	0	0
10	1	2	20	80	down	3	512	511.834228523214	915.540673982455	514.124814322744	650.467742576832	465.624471780707	797.136672070777	464.276623485861	548.188074135839	319.953047617131	255.579601632837	-593.802439514617	688.676938400321	250	67	4	8	183	262	150	7	4	89	33411	3740	3476	333	1985	0	0	0	0
10	1	2	21	79	down	0	512	546.076394464781	1048.76152281526	538.587101952911	699.630776491818	529.838293832592	1021.57615379733	519.496901697973	662.08942245564	308.592256227614	236.255213488954	-593.805608288245	688.684246351214	241	56	3	10	202	240	190	10	4	68	32899	3776	3386	387	1992	0	0	0	0
10	1	2	21	79	down	1	512	499.117893971959	778.210737320546	526.932341089122	657.281310128411	498.897014266644	886.786342985268	495.197540114848	599.341090103744	308.408168702319	235.07652369517	-593.657700208667	688.341205140716	274	51	0	5	182	267	168	8	3	66	32758	3845	3478	367	1952	0	0	0	0
10	1	2	21	79	down	2	512	604.808876977584	1501.6754840576	585.737435502337	890.783236249875	463.907177540089	617.404974226347	478.741522950778	537.357226633323	309.406894543239	235.856995352771	-593.806524988096	688.686244687471	244	49	6	20	193	260	175	2	2	73	32734	3960	3388	366	2036	0	0	0	0
10	1	2	21	79	down	3	512	584.415788003526	1252.74777407712	577.191242124884	812.337411783954	486.536334491647	832.595656539965	487.766469654094	581.96029586894	314.23739608906	238.491602169811	-593.748957788625	688.552854362749	249	39	2	14	208	263	166	7	2	74	32931	3744	3414	359	2103	0	0	0	0
10	1	2	22	78	down	0	512	520.203038916968	970.183692948117	529.687350350085	703.934245121825	512.851449450088	916.381472051047	512.623461654928	647.161922219105	311.360793474144	237.799432625489	-593.824389255296	688.727796194605	242	71	1	9	189	256	184	8	0	64	32464	3765	3372	335	2107	0	0	0	0
10	1	2	22	78	down	1	512	537.342838986651	1066.75708267379	538.709107819276	737.540020238513	491.949750012594	741.104314402655	500.493151254954	600.583636038365	305.893994358097	223.603516236914	-593.742147679167	688.536772764393	247	62	4	11	188	244	189	4	6	69	32312	3867	3424	333	2152	0	0	0	0
10	1	2	22	78	down	2	512	560.203038916968	1292.99522244186	542.682283787237	755.084071376412	506.420813002267	969.949976794771	498.597677092558	616.074190446073	308.974545329951	234.676318873716	-593.763613782522	688.58669035923	226	78	4	16	188	269	163	10	3	67	32273	3903	3400	360	2049	0	0	0	0
10	1	2	22	78	down	3	512	520.384338493829	991.989002938462	522.653863019215	683.240038736315	492.639660052892	911.618269034298	497.756092331136	617.538942289365	309.700986950245	238.267860340522	-593.799341967086	688.669830557009	272	55	3	10	172	271	159	9	0	73	32369	3798	3427	342	1988	0	0	0	0
10	1	2	23	77	down	0	512	542.946644392578	1174.89853643439	526.38183528938	685.622414533288	495.489696709764	949.426248067544	493.669816535107	615.356096541847	291.994566729263	218.272634659038	-593.826989395065	688.733739607652	268	57	2	14	171	273	153	10	4	72	32083	3817	3147	377	2265	0	0	0	0
10	1	2	23	77	down	1	512	526.507990601965	1050.84311316808	526.903209638622	692.760422203403	490.73892030476	900.414715268451	489.127338096078	594.690338345069	290.165850035071	209.263333062933	-593.778430307789	688.621000511825	242	73	4	11	182	285	150	9	4	64	32010	3854	3244	316	2331	0	0	0	0
10	1	2	23	77	down	2	512	547.899046921333	1114.38058237008	537.217905256048	722.563326439532	469.770369814457	729.965055922678	490.240638808909	590.36176351084	303.887117427707	227.885680010279	-593.729592868818	688.507798398624	260	50	4	12	186	270	161	5	2	74	31994	3717	3390	323	2243	0	0	0	0
10	1	2	23	77	down	3	512	569.070296500714	1376.6439995437	539.993869845941	765.004576239587	540.068263846025	1143.66617132924	524.729271424596	707.899002215978	304.291079334522	231.748558617026	-593.77038715052	688.602340472967	234	75	2	18	183	245	181	13	4	69	31847	3829	3380	368	2190	0	0	0	0
10	1	2	24	76	down	0	512	517.304331823525	1033.23069316703	509.510937297301	645.230660459475	556.353961949459	1202.20541576148	532.104873622524	714.45684855734	298.283011990382	221.620424639904	-593.74095383704	688.533731904774	249	76	2	11	174	254	184	14	5	55	31598	3567	3384	363	2321	0	0	0	0
10	1	2	24	76	down	1	512	545.892948957267	1254.37170621883	530.309254368917	735.916090121607	500.049010264462	819.927368432124	509.080491737851	629.677649669518	297.051499213048	216.034428007406	-593.887631337616	688.874457328359	257	68	6	16	165	262	181	6	2	61	31679	3640	3224	369	2244	0	0	0	0
10	1	2	24	76	down	2	512	520.538367146336	1073.46483763412	512.752663301508	663.253418808226	490.49076967509	809.272824930738	504.187220607735	614.118132958963	284.075320864955	206.287770327534	-593.795038402926	688.659894986641	248	77	5	12	170	252	179	6	0	75	31587	3734	3235	356	2484	0	0	0	0
10	1	2	24	76	down	3	512	515.154368480396	951.954416936237	515.530643967077	654.490999178263	531.631529434137	1151.92203447801	523.153251185169	696.758276614997	299.031434464843	217.609026058008	-593.637863417945	688.29497424435	263	61	2	9	177	271	158	14	8	61	31723	3625	3241	323	2461	0	0	0	0
10	1	2	25	75	down	0	512	521.066231191336	1037.74377464445	516.349985602655	668.95056222697	512.888883647889	1013.4160497899	502.574424011688	624.12696743425	296.191535974396	218.3182861599	-593.808449254419	688.690908328565	252	71	3	11	175	279	161	11	0	61	31233	3601	3249	317	2539	0	0	0	0
10	1	2	25	75	down	1	512	523.993282174461	1042.20541576148	525.433795553944	691.60203831803	523.925358156326	1068.04886634624	508.722628213124	642.136274488632	287.894791976088	217.510377444017	-593.642398871223	688.305643205247	254	68	2	11	177	276	164	12	2	58	31249	3646	3178	327	2569	0	0	0	0
10	1	2	25	75	down	2	512	562.899046921333	1286.40940610444	551.731234407534	791.451808241994	495.787590741332	881.588559750653	495.67291319618	599.422443278788	299.592705490465	223.032936664724	-593.805870057498	688.684658182882	252	60	3	16	181	268	166	8	2	68	31390	3517	3138	355	2400	0	0	0	0
10	1	2	25	75	down	3	512	530.135114898833	1011.86306488288	525.859893956925	673.987294670522	489.501892637898	801.829805138739	497.568597912479	598.73327178795	295.469469781054	218.64213484987	-593.725974594778	688.499477908668	264	53	3	10	182	263	173	6	2	68	31291	3573	3185	351	2573	0	0	0	0
10	1	2	26	74	down	0	512	521.364125222903	1006.96151785723	524.24048282374	687.184564036094	498.704478451012	951.704295396904	498.275311455381	610.100047576335	289.946644721642	209.580026755112	-593.776673952628	688.616876850795	243	73	2	10	184	281	153	10	3	65	30831	3564	3148	345	2520	0	0	0	0
10	1	2	26	74	down	1	512	490.154368480396	801.118495586225	501.740929440434	616.117955155178	522.783525431954	1069.25374637016	506.964334641757	631.111964183351	290.935726261494	216.476592732658	-593.724799410752	688.496756569093	263	66	6	6	171	270	166	12	1	63	30704	3645	3223	316	2553	0	0	0	0
10	1	2	26	74	down	2	512	510.451189546638	971.378798876461	512.297965152634	646.283125747651	518.945684703216	965.85154034716	515.374956638935	646.523182315562	286.889193687622	209.597580478426	-593.841629629466	688.767278319646	283	56	1	10	162	246	186	9	2	69	30752	3582	3190	364	2462	0	0	0	0
10	1	2	26	74	down	3	512	509.693355488204	1012.03866806859	512.000989166178	677.443560977758	556.248603733524	1279.26262252141	543.434143030289	783.905510073863	277.503490801154	196.641061818317	-593.804849394392	688.682341202775	266	70	4	11	161	241	179	16	5	71	30726	3645	3156	361	2405	0	0	0	0
10	1	2	27	73	down	0	512	506.113828662581	897.095434119723	517.87740503084	657.890280481406	507.466377818823	1001.21737687432	504.270050758805	642.913865887269	283.278918501321	201.803817611723	-593.632920521032	688.283481736447	272	58	2	8	172	284	154	11	2	61	30101	3644	3305	326	2693	0	0	0	0
10	1	2	27	73	down	1	512	506.429903310385	962.420481667998	511.370748096399	664.497285909228	513.561686037277	918.425374913317	523.398565737093	685.722814577678	277.277385149974	196.834439519365	-593.770237772091	688.602396965385	287	56	2	10	157	249	184	8	5	66	30281	3544	3212	339	2597	0	0	0	0
10	1	2	27	73	down	2	512	480.729829996642	817.97081819054	498.255324253095	618.136771377606	496.104738354462	888.762400101169	505.060770454886	643.498698857012	286.506763876829	209.637125123428	-593.704846948708	688.450093491603	271	72	5	7	157	250	171	8	5	78	30213	3584	3248	331	2628	0	0	0	0
10	1	2	27	73	down	3	512	519.742025924776	964.075041696123	520.147933427925	666.302973620608	502.812942286962	898.664396098986	516.733819771112	662.799795957603	269.754425552372	186.289528024713	-593.831822519023	688.744877643205	253	64	2	9	184	254	175	8	4	71	30255	3646	3129	346	2551	0	0	0	0
10	1	2	28	72	down	0	512	550.221219533205	1262.1003108383	529.562776107841	722.721089950799	525.442099238519	1076.79964688293	514.711845170788	668.308662776195	282.774128761194	201.961029430842	-593.794808537443	688.658909266071	262	64	0	16	170	261	170	12	3	66	29895	3574	3052	343	2706	0	0	0	0
10	1	2	28	72	down	1	512	477.899046921333	744.008073235666	494.179339185629	595.24738425526	538.321552750399	1139.85419699501	524.709665377739	688.089766479982	290.426904875723	215.154870294339	-593.722463633989	688.491049586929	268	69	3	5	167	247	179	13	4	69	29963	3415	3168	318	2744	0	0	0	0
10	1	2	28	72	down	2	512	543.695388142893	1141.74155457372	538.493211277204	741.480876997339	527.034781681639	1110.30208111053	518.116716095686	683.576658368621	274.176167639057	193.575707239644	-593.730120614474	688.509135889945	263	55	4	13	177	271	162	13	4	62	29934	3560	3020	350	2682	0	0	0	0
10	1	2	28	72	down	3	512	531.786631051969	952.940680593151	533.222241501199	691.913617500779	478.772402469146	708.858628873102	496.900529948824	587.798870470277	277.289323398784	200.417570628397	-593.757548978	688.572656019138	242	58	3	8	201	271	172	4	2	63	29884	3515	3133	332	2669	0	0	0	0
10	1	2	29	71	down	0	512	477.592062581647	819.401864474647	491.963400195785	611.665282030286	596.325618059777	1383.42404865524	579.884084575618	839.581693565813	275.0798243371	199.533781387018	-593.723773000438	688.494302696135	259	83	2	7	161	241	205	17	2	47	29463	3492	3063	334	2692	0	0	0	0
10	1	2	29	71	down	1	512	497.735927960709	887.063949605828	509.752789326487	654.845286262654	560.269889969776	1251.1655082002	551.383092933914	769.344192033607	269.178634329301	190.47395057834	-593.76848210159	688.597986113599	262	70	3	8	169	241	188	15	3	65	29368	3617	3008	359	2763	0	0	0	0
10	1	2	29	71	down	2	512	461.430976275712	721.788118215517	478.547581463601	559.212047677767	592.774435123835	1410.10031910167	577.620147960344	842.573147479558	266.503428527746	191.472829040951	-593.771599955153	688.605435324918	258	88	1	5	160	248	195	18	2	49	29577	3523	2936	316	2879	0	0	0	0
10	1	2	29	71	down	3	512	504.002372482579	928.839999284697	509.2957475089	650.733902572716	568.993282174461	1261.74200354588	550.931857634195	773.170949350616	268.586485560596	190.338597763618	-593.749589178051	688.554364466505	272	63	3	9	165	246	190	15	7	54	29635	3531	2871	315	2859	0	0	0	0
10	1	2	30	70	down	0	512	485.96996328352	792.377917458864	492.007760123789	599.903565945348	462.418780347578	750.273698084965	468.421421898664	550.60530068576	274.986993361555	199.079895707484	-593.700608496471	688.440758122597	273	65	0	6	168	276	148	6	3	79	29043	3435	3015	347	2985	0	0	0	0
10	1	2	30	70	down	1	512	450.038846991017	732.211169765974	465.378500679712	550.008921644533	459.31952009571	716.477251850812	463.721160829552	523.810055121759	274.171550595938	198.606532304264	-593.720064257069	688.485689697744	269	92	4	6	141	262	157	5	1	87	29122	3339	3025	354	2880	0	0	0	0
10	1	2	30	70	down	2	512	478.072329155403	715.244886745657	485.634619894322	569.684857995167	475.201965951642	808.745096770844	476.334736798095	561.985248048106	271.198208831194	190.521060245199	-593.678167378044	688.388686714337	255	74	1	4	178	275	154	7	1	75	29011	3514	2988	327	2952	0	0	0	0
10	1	2	30	70	down	3	512	477.35192929477	778.828470617288	479.768784540437	575.783975637548	503.858507103518	929.931796178534	497.938533656999	624.718620967192	272.131585645338	191.18943979191	-593.789986695973	688.647635530388	269	73	2	6	162	269	166	9	3	65	29225	3377	2938	300	2922	0	0	0	0
10	1	2	31	69	down	0	512	510.059173537906	807.164626782598	535.828777280459	681.682678853353	509.281012932584	942.103861298801	512.232767225613	652.287116104657	262.022753262273	182.59344174948	-593.736395725952	688.52346159664	247	59	3	5	198	260	172	9	5	66	28597	3463	2972	296	2890	0	0	0	0
10	1	2	31	69	down	1	512	525.788663706658	908.053763723241	545.760680199149	716.286308273812	495.077354154143	842.436009768073	503.017984962445	620.133389256348	262.306706225336	183.028093823858	-593.747759761011	688.549793244508	239	60	4	7	202	271	168	7	4	62	28681	3442	2883	322	3033	0	0	0	0
10	1	2	31	69	down	2	512	540.001412793217	1074.32959098187	545.559977178676	738.555332045821	487.946644392578	902.417380179668	487.295299554267	595.853733623732	254.62719683162	181.046426120377	-593.668190311173	688.365494352313	242	64	2	11	193	272	154	9	2	75	28440	3537	2974	377	2942	0	0	0	0
10	1	2	31	69	down	3	512	565.154368480396	1253.57304404563	560.338153669909	799.030236748615	533.963865319453	1159.85019756234	514.219179783406	678.084201602401	269.594563632561	186.981199917405	-593.776071758677	688.615915943853	255	53	2	15	187	266	164	14	4	64	28792	3239	2982	315	3016	0	0	0	0
10	1	2	32	68	down	0	512	537.793688705398	990.298102336288	537.264871831696	688.79643001264	493.062165881958	878.81694194988	492.586537303493	594.015132843285	277.482070265953	205.729561114354	-593.749201558626	688.553109337169	263	45	1	9	194	266	166	8	0	72	28270	3324	2914	308	3172	0	0	0	0
10	1	2	32	68	down	1	512	486.248603733524	723.58634794329	505.646364690808	611.699043929104	489.396534421963	767.694109514317	496.846170846427	586.810326394025	257.99423226132	180.162061943672	-593.80911824701	688.692224196273	265	61	3	4	179	258	179	5	3	67	28455	3249	2817	295	3001	0	0	0	0
10	1	2	32	68	down	2	512	549.473548748216	1162.96861464655	536.01217945966	733.12335233975	487.581899308203	900.891880353876	499.258221333685	644.165700106052	263.751007210683	182.502093764221	-593.908300535472	688.922255649541	238	67	3	13	191	270	152	9	6	75	28192	3368	2923	333	2995	0	0	0	0
10	1	2	32	68	down	3	512	507.755181542272	903.827144359208	520.357461194338	672.216024720368	524.894981611955	1074.56461273487	514.136392727785	660.694926747677	267.516038714785	185.406658227537	-593.668218383478	688.365736969063	261	63	4	8	176	266	169	12	1	64	28286	3212	3008	310	3143	0	0	0	0
10	1	2	33	67	down	0	512	505.64372536227	1009.70918037885	498.679705032217	632.17910843291	525.298233859458	1077.89144377676	515.756770133833	664.441785119318	261.07858517319	185.021606629022	-593.725157074613	688.497548808041	257	79	3	11	162	258	171	12	3	68	27797	3274	2951	282	3284	0	0	0	0
10	1	2	33	67	down	1	512	485.038846991017	861.827580936321	494.967559682453	609.776448034153	527.611316163211	973.69943107338	530.05202722358	694.729326298885	254.277955948748	177.455518419313	-593.732762009757	688.515532195678	273	73	1	8	157	262	187	9	1	53	27868	3307	2786	343	3199	0	0	0	0
10	1	2	33	67	down	2	512	504.281012932584	897.130469094117	506.383716436397	619.585181332084	533.926431121652	1099.89765914848	519.836774212625	671.875136632546	246.203751951215	167.679073500801	-593.815600898864	688.70765911989	264	64	3	8	173	243	184	12	1	72	27874	3286	2849	295	3078	0	0	0	0
10	1	2	33	67	down	3	512	544.328610403829	1140.12957941315	533.595407538446	722.865673239953	490.557620727899	804.471934423434	501.351833678003	622.431163699327	262.024423269224	184.142988452036	-593.819488635132	688.716436779035	268	51	5	13	175	259	174	6	4	69	27989	3208	2816	291	3089	0	0	0	0
10	1	2	34	66	down	0	512	492.581899308203	834.725585764841	501.571891626644	612.544450314764	521.871662721014	1065.49321239632	511.216400591308	654.966761112423	246.032457578579	168.06795407578	-593.777278872308	688.618664025487	282	58	1	7	164	273	163	12	3	61	27309	3341	2845	297	3426	0	0	0	0
10	1	2	34	66	down	1	512	493.033821992276	811.281692818615	505.584459964953	626.453849233703	496.210096570397	959.980135050585	492.055168963606	609.825617628141	251.913616898645	170.735010623542	-593.650011207788	688.323424646307	253	71	4	6	178	255	162	10	1	84	27437	3288	2772	295	3333	0	0	0	0
10	1	2	34	66	down	2	512	513.446164547897	949.970381613427	514.811805704522	668.97517438859	546.114901627907	1087.67150115167	541.45655128727	720.808621166183	261.458861744696	182.100295357486	-593.785118409376	688.63669328963	259	64	4	9	176	235	200	11	2	64	27424	3190	2871	307	3217	0	0	0	0
10	1	2	34	66	down	3	512	493.551522763832	841.214724358158	499.295703642305	612.21038707387	516.046977609773	991.816501241082	517.693169681717	682.048452328962	274.071819282641	190.106300087984	-593.845738784436	688.777093240517	268	65	4	7	168	253	174	10	6	69	27505	3144	2837	306	3209	0	0	0	0
10	1	2	35	65	down	0	512	493.053075573839	812.208966221982	511.283703596523	650.605382220866	487.285078241961	799.465282474605	496.960174675812	590.61240501215	239.049028511169	160.352387645249	-593.708120586374	688.458004985527	252	72	3	6	179	262	173	6	0	71	26983	3307	2677	313	3380	0	0	0	0
10	1	2	35	65	down	1	512	492.745018268827	871.589886008733	499.659738326989	617.256381528566	502.380273184451	960.064386182942	505.309478547887	631.930515055549	235.95073547277	158.155500322566	-593.812119396813	688.6993404891	276	64	5	8	159	274	157	10	5	66	26902	3317	2750	311	3389	0	0	0	0
10	1	2	35	65	down	2	512	509.751116232894	977.7384489537	511.951207178785	648.396745195808	486.286037931324	894.758396536816	492.807319935768	604.926326602331	247.179438961268	167.164950214437	-593.636695788631	688.2923965643	263	68	4	10	167	284	149	9	1	69	26828	3284	2863	305	3440	0	0	0	0
10	1	2	35	65	down	3	512	512.295241515406	810.483030645414	519.117255248328	635.442783497902	495.70148610696	848.380137529596	496.8335015183	596.111775117684	269.39836267581	186.430480446142	-593.732786492553	688.515201608915	251	56	0	5	200	262	173	7	2	68	27149	3117	2700	314	3465	0	0	0	0
10	1	2	36	64	down	0	512	521.017560754765	1027.43245930757	504.611269945146	629.575978351627	516.881825994459	954.8391178671	527.537356975765	696.286346342465	234.46506286598	158.378073586827	-593.5940330333	688.193709010508	273	57	5	11	166	262	178	9	3	60	26564	3219	2665	320	3586	0	0	0	0
10	1	2	36	64	down	1	512	514.722772343212	992.285239147429	511.268511818086	649.548570877145	512.812942286962	877.44488591932	514.621979710203	632.39174151261	248.648775328646	166.872359130798	-593.763136380516	688.585646771097	250	73	3	10	176	258	185	7	5	57	26568	3116	2776	308	3518	0	0	0	0
10	1	2	36	64	down	2	512	479.337700711947	881.338438211319	488.805658686039	608.328695769597	542.611316163211	1108.61960768743	535.628097646385	708.086403363693	251.482392095578	168.791434562241	-593.711171278551	688.46531932597	286	72	3	9	142	250	184	12	7	59	26495	3173	2788	312	3568	0	0	0	0
10	1	2	36	64	down	3	512	543.685224869449	1281.5331199576	518.479317225244	695.087310740461	543.456327821342	1080.12560063891	537.392122937576	716.180473289467	263.464962115299	179.607692465738	-593.732109089853	688.513843470508	270	66	4	17	155	244	196	11	0	61	26681	3061	2756	270	3471	0	0	0	0
10	1	2	37	63	down	0	512	488.56061307195	899.90473941105	492.161386757795	605.665696387324	519.146237861641	1099.77702612522	516.821968626098	682.193399874689	243.695088097277	163.432335610763	-593.698865099652	688.436548387524	282	69	0	9	152	267	159	13	2	71	26064	3192	2707	293	3644	0	0	0	0
10	1	2	37	63	down	1	512	509.616341161951	934.21871139577	525.539665980093	707.294335235423	490.605218199144	835.852417633072	500.490488283186	612.535147063041	244.276800025461	166.184533245487	-593.61591975478	688.244457659474	278	54	6	9	165	271	166	7	2	66	26025	3202	2710	319	3549	0	0	0	0
10	1	2	37	63	down	2	512	489.184745024767	794.629356992908	499.811115176514	601.284957621862	546.727797341953	1143.25685199018	537.66987706588	737.476270402723	243.039175380702	163.804362436386	-593.748304903284	688.551283830973	277	59	3	6	167	270	176	13	5	48	25919	3159	2863	315	3445	0	0	0	0
10	1	2	37	63	down	3	512	471.478573746957	768.977914979852	491.907029320631	605.95525014591	544.933488775082	1145.14643377131	532.156630270504	701.789852649643	244.041157564909	166.844369390408	-593.739544789897	688.530931266049	266	78	5	6	157	260	179	13	4	56	26277	3012	2664	303	3742	0	0	0	0
10	1	2	38	62	down	0	512	521.689290178826	1064.75707027874	511.748180635737	661.959286573754	503.877760685081	967.914501111579	510.238369460459	649.613739213109	234.444941923647	152.523998768738	-593.790599809633	688.649113760098	276	60	1	12	163	264	163	10	3	72	25781	3164	2539	260	3737	0	0	0	0
10	1	2	38	62	down	1	512	515.05810057258	947.344657714719	520.46654231482	667.410882970247	499.866637722274	856.220050048906	504.905486592928	620.494142386611	236.569330777195	160.276511227252	-593.797577527912	688.66550304347	272	55	3	9	173	257	176	7	5	67	25712	3145	2570	317	3540	0	0	0	0
10	1	2	38	62	down	2	512	525.480606401646	1041.57215436466	519.666973787336	681.579203974459	519.20399860633	1065.47680701033	507.754210124372	656.609000909638	242.150504875349	171.530124906956	-593.667820688889	688.364541038896	259	63	4	11	175	264	165	12	2	69	25738	2992	2709	305	3722	0	0	0	0
10	1	2	38	62	down	3	512	514.079386808832	948.385014248176	507.559193870086	625.902885263063	555.355994604148	1165.26306736189	542.610950398493	740.687902103463	239.122464650312	157.68674817987	-593.726981716457	688.501812596943	268	59	1	9	175	255	189	13	3	52	25817	3026	2620	281	3688	0	0	0	0
10	1	2	39	61	down	0	512	468.695388142893	763.451084764295	482.344608302364	570.666965382873	529.464458440098	879.358422979601	553.873161193096	738.965315223698	242.668734272576	165.715650958077	-593.755332198483	688.567295836235	271	78	2	6	155	236	210	6	5	55	25392	2894	2643	303	3813	0	0	0	0
10	1	2	39	61	down	1	512	466.6507830157	790.394759421965	484.474661884881	587.946676956469	540.779573398539	939.363748670349	561.049348069748	755.590705361925	231.703059612244	157.193607739002	-593.802191991011	688.676029564486	278	77	7	7	143	225	218	7	4	58	25380	3009	2565	278	3691	0	0	0	0
10	1	2	39	61	down	2	512	509.252669042902	985.788122347202	514.561418622875	679.710998434993	540.922365812275	1033.47859050395	551.400999279823	748.414878972754	256.518259736009	178.331826649179	-593.697494491483	688.433314342509	243	81	4	10	174	257	193	10	2	50	25433	2828	2695	276	3737	0	0	0	0
10	1	2	39	61	down	3	512	484.165491443204	859.894985973891	493.435631369005	619.670221349201	546.441139549156	1087.31584637541	553.822441068389	758.033092463898	228.313294658795	149.158546797237	-593.749922706895	688.555025590963	270	74	5	8	155	235	199	11	4	63	25419	3011	2510	292	3836	0	0	0	0
10	1	2	40	60	down	0	512	511.574841654773	985.23290910608	496.542320273288	619.695368273581	489.971995938209	837.437784998323	484.29526772751	576.598153306818	227.497806765877	153.256177547188	-593.91453722089	688.936850409898	253	73	4	10	172	262	167	7	5	71	24907	2941	2598	274	3775	0	0	0	0
10	1	2	40	60	down	1	512	450.652815670389	692.643097467679	455.439348058614	501.869167315719	490.806844322895	948.70873553837	476.673532540959	578.841867097713	243.905672612148	165.490293652154	-593.557247724862	688.10824605066	283	80	1	5	143	259	156	10	2	85	24869	2924	2623	304	3934	0	0	0	0
10	1	2	40	60	down	2	512	486.084411807573	930.150412545548	483.160259770211	590.91723909473	481.929423465704	930.714052965748	470.024509691461	559.063710046629	235.255565830722	156.184208872639	-593.669813066973	688.369279751901	284	73	1	10	144	262	146	10	6	88	24825	2955	2653	287	3840	0	0	0	0
10	1	2	40	60	down	3	512	445.940546428512	682.514935209682	450.564364632082	489.968441976174	439.337700711947	595.582340247252	458.039900538746	502.921411814403	228.446360935023	151.952996087167	-593.759707535167	688.577476031807	285	81	4	5	137	298	139	3	1	71	25147	2911	2433	229	3812	0	0	0	0
10	1	2	41	59	down	0	512	572.390436457896	1264.78280078814	563.534797460538	790.971293273666	519.405624730082	1030.0847910016	511.709521818942	650.464761769905	240.076743035704	165.64663137247	-593.714190500904	688.472150560862	255	47	4	15	191	264	170	11	2	65	24457	2896	2575	280	4059	0	0	0	0
10	1	2	41	59	down	1	512	554.491729364453	1229.93844812736	551.707387978084	772.660597943027	516.978093902275	996.504308618296	511.824157707253	658.906067807065	230.70391697251	153.578640934468	-593.634243424739	688.286951555113	266	53	4	15	174	249	178	10	3	72	24386	3008	2513	301	4008	0	0	0	0
10	1	2	41	59	down	2	512	574.367117566955	1263.65596891991	568.898667869924	815.964365059818	500.691322833515	884.923368999456	499.714992045768	611.194697747776	226.90385260832	151.377454356952	-593.727806082925	688.503821437027	266	39	3	15	189	281	166	8	0	57	24545	2880	2520	263	3928	0	0	0	0
10	1	2	41	59	down	3	512	576.133082244144	1342.53268751218	553.709938503168	770.151645553514	521.862572412896	1073.02270752309	517.336977635177	683.178189589562	234.941943205414	154.293402376261	-593.785196401799	688.636886301728	259	51	0	17	185	255	169	12	4	72	24406	2899	2613	290	3847	0	0	0	0
10	1	2	42	58	down	0	512	498.73389530602	812.813395621067	521.812976872584	671.062459734952	488.292135895391	828.851527952105	503.784382561312	633.716201289245	216.350293400692	139.021892466086	-593.87456821063	688.844233995948	269	56	6	6	175	275	161	7	5	64	24071	2954	2408	263	4038	0	0	0	0
10	1	2	42	58	down	1	512	507.457287510705	934.636008941736	503.223935046022	620.364701444791	516.987184210394	988.974813491522	517.693095117219	665.627964573751	207.848110290268	134.031423632934	-593.860046407883	688.810215086944	274	60	1	9	168	267	172	10	2	61	24119	2894	2426	257	4000	0	0	0	0
10	1	2	42	58	down	2	512	511.488737020402	989.079918414703	508.255420583599	646.529439845287	507.899046921333	939.817386790364	511.839773483658	652.341165881165	231.150347020785	156.222616772653	-593.738191120639	688.527678833591	243	79	5	10	175	264	172	9	1	66	23916	2935	2557	288	3991	0	0	0	0
10	1	2	42	58	down	3	512	530.64372536227	1012.27016001952	530.823411933469	685.514435744983	508.273955279154	912.691008025986	513.888204155194	654.77449286588	222.853816748439	150.546834221378	-593.823983930243	688.726624989343	265	52	3	10	182	243	183	8	4	74	24150	2771	2502	273	4196	0	0	0	0
10	1	2	43	57	down	0	512	506.257694041642	1007.16993181492	516.16601043357	698.631246452375	507.87979333977	975.945544916676	509.166472507775	651.7854316994	224.949554115696	146.925473308387	-593.784109987476	688.634255033879	263	74	5	11	159	261	167	10	3	71	23772	2720	2431	261	4112	0	0	0	0
10	1	2	43	57	down	1	512	483.292135895391	820.933567277099	498.935949650352	627.789664796548	520.826097904458	997.17038078709	520.828258155069	663.718117546316	233.382452134857	154.665915039566	-593.846887079741	688.780087791768	275	68	4	7	158	262	176	10	3	61	23646	2751	2534	253	3989	0	0	0	0
10	1	2	43	57	down	2	512	534.837220867266	1161.75618472945	518.751995527478	687.612475027901	476.804811668206	739.511397144238	491.603773803605	586.810417041006	227.15283381826	150.273903141119	-593.758588320823	688.575268745208	265	64	4	14	165	274	164	5	3	66	23622	2823	2486	253	4043	0	0	0	0
10	1	2	43	57	down	3	512	534.568743690706	1201.94909124549	518.987839198649	702.129372292012	495.873695375703	914.796981971709	500.589168969281	628.725236246144	226.932154986748	141.809720943138	-593.799745229423	688.67073339364	258	74	0	15	165	274	159	9	2	68	23738	2728	2489	229	3967	0	0	0	0
10	1	2	44	56	down	0	512	512.688330489464	916.492779950888	515.287696986551	662.365567062464	477.064198536647	780.985456609649	503.008253323048	634.834814603149	213.568844856698	137.461321743065	-593.805904762426	688.684734597167	246	67	9	8	182	259	163	6	6	78	23215	2766	2408	283	4212	0	0	0	0
10	1	2	44	56	down	1	512	502.006437791957	929.066165544876	502.75304121551	621.247193107824	509.107730698514	933.811616259132	520.636835310672	670.903262541019	212.301821313496	138.464904876135	-593.894343150711	688.890126066876	266	69	1	9	167	277	165	9	6	55	23198	2769	2488	217	4194	0	0	0	0
10	1	2	44	56	down	2	512	518.062165881958	1029.59964770926	509.335107103882	646.930996378254	517.57388196541	897.884363514191	520.74554701278	647.621103463642	216.412696648728	134.080539747035	-593.819653835914	688.716825627988	258	69	4	11	170	235	200	7	0	70	23397	2640	2382	253	4227	0	0	0	0
10	1	2	44	56	down	3	512	499.156401135085	928.287010245993	495.124901348167	603.633540281661	547.99531482915	1193.12781244627	531.659270212467	710.70848474326	226.973756313819	152.714472529061	-593.750341178141	688.556003460473	256	77	2	9	168	247	183	14	1	67	23119	2830	2440	283	4227	0	0	0	0
10	1	2	45	55	down	0	512	499.300266514147	927.195213352155	493.74250759658	605.01597077589	541.190842988834	1178.58944943162	529.123196417726	733.631247161932	213.677617836492	141.322633133366	-593.79899346466	688.668850682803	259	75	2	9	167	248	174	14	7	69	22672	2822	2385	281	4252	0	0	0	0
10	1	2	45	55	down	1	512	527.304331823525	1012.01118298737	518.163035002834	666.231597804747	525.010503101335	1005.96417450508	519.543579775219	659.167196265148	225.297985222021	146.628982825724	-593.732785689174	688.51547623739	253	62	3	10	184	260	181	10	1	60	22803	2685	2395	277	4304	0	0	0	0
10	1	2	45	55	down	2	512	530.749083578205	1120.54332649862	517.334803837523	678.668963149134	522.064198536647	963.519828455002	516.946137746228	642.576782898036	222.838869099065	141.317223415095	-593.705317042131	688.451728278686	266	64	0	13	169	263	182	9	2	56	22844	2686	2390	240	4388	0	0	0	0
10	1	2	45	55	down	3	512	480.05810057258	743.643991280331	491.017013432676	569.253146679032	536.545424799765	1126.68478852259	519.176565856396	668.989468481868	211.264220871726	134.234912781026	-593.798987873185	688.668884447423	280	61	0	5	166	273	170	13	1	55	22959	2624	2331	246	4330	0	0	0	0
10	1	2	46	54	down	0	512	515.652815670389	1129.20850898644	499.947159430028	650.957710678632	516.748123888842	890.276820231721	531.676560932952	687.372925268812	200.05800529081	129.55892798557	-593.780802087592	688.626643943361	267	77	3	14	151	248	194	7	1	62	22326	2704	2342	276	4485	0	0	0	0
10	1	2	46	54	down	1	512	524.568743690706	1000.75618886114	518.489098368757	659.162519075096	472.888883647889	764.688775560198	483.621663948784	564.078990214385	209.277312264674	133.171324757328	-593.862157975613	688.815208368714	266	55	5	10	176	283	153	6	3	67	22571	2581	2242	254	4608	0	0	0	0
10	1	2	46	54	down	2	512	493.590029926958	843.069271164892	499.460360415502	600.097645731288	507.457287510705	971.691440471415	507.979327422675	640.726897553153	208.866045131833	137.204559746027	-593.794696358194	688.658703287376	266	67	2	7	170	270	164	10	2	66	22544	2584	2295	225	4344	0	0	0	0
10	1	2	46	54	down	3	512	479.424878311645	856.395653234617	493.746020279998	627.652814809724	501.594095236336	859.131358775084	514.584474156683	646.121129436992	207.471078151508	127.067702955511	-593.867444664323	688.827355851085	259	84	6	8	155	260	178	7	2	65	22443	2658	2319	228	4179	0	0	0	0
10	1	2	47	53	down	0	512	474.501892637898	740.967275993411	495.745189849456	609.611980542499	481.248603733524	752.723818797962	503.761304652704	606.619016453667	198.182479502397	127.896965361621	-593.879478141322	688.855308245017	259	76	6	5	166	261	172	5	3	71	22088	2568	2237	243	4436	0	0	0	0
10	1	2	47	53	down	1	512	499.242505769457	850.302530082699	513.16041302829	661.930222991967	510.787590741332	979.479912630344	516.26248591692	674.492766474308	199.317032819956	122.170957979746	-593.747373711668	688.548784653865	270	60	3	7	172	264	168	10	3	67	22116	2631	2145	244	4479	0	0	0	0
10	1	2	47	53	down	2	512	517.264751695072	1089.50074576274	506.857440466661	654.757329138656	579.742025924776	1355.6670610102	548.501992799375	755.901695131639	207.761750943121	130.640210736814	-593.715093559833	688.474551498567	280	63	5	13	151	241	193	17	2	59	22039	2590	2295	212	4386	0	0	0	0
10	1	2	47	53	down	3	512	565.269889969776	1333.22093972987	543.940390744943	770.900234371424	501.631529434137	1030.2767995733	491.624900209371	609.38711588094	192.410678559599	119.434704626577	-593.792836832315	688.654419275964	237	72	2	17	184	275	147	12	4	74	21971	2706	2201	258	4428	0	0	0	0
10	1	2	48	52	down	0	512	566.334708367895	1291.2515345628	539.405523207838	739.839807425185	523.302299168836	1041.06217850726	516.342570086861	664.200956322778	195.327718290621	124.84594896817	-593.741042176955	688.534111327183	251	57	6	16	182	256	177	11	0	68	21451	2683	2239	251	4640	0	0	0	0
10	1	2	48	52	down	1	512	500.307324167576	956.60806662497	499.391561832892	626.070926585841	542.505957947276	1037.42848053333	551.414173744913	768.758880384314	191.453717317857	120.850712477162	-593.98237423572	689.093989716892	276	67	3	10	156	249	194	10	7	52	21721	2460	2191	252	4635	0	0	0	0
10	1	2	48	52	down	2	512	522.735927960709	1074.9286946902	514.224280347144	669.246969943003	551.450229857275	1161.84178277832	534.096679482123	707.940295756284	196.307909525542	125.465207936478	-593.725152251933	688.497406464474	254	72	4	12	170	249	189	13	2	59	21544	2645	2177	258	4640	0	0	0	0
10	1	2	48	52	down	3	512	503.004405137268	966.008513944465	505.052617871518	637.929500465876	507.160466444463	907.293666326507	514.774531824943	640.558294404861	199.457241050103	130.487224120826	-593.733971889982	688.51824290662	265	72	3	10	162	254	180	8	1	69	21523	2595	2265	241	4628	0	0	0	0
10	1	2	49	51	down	0	512	571.939586739149	1304.18634959596	539.416707954997	729.565550995331	556.967930628831	1236.77481431786	546.8148331648	760.726673253598	180.382587127984	111.389106890395	-593.630489631383	688.278244871615	243	58	6	16	189	264	179	15	0	54	21056	2613	2199	244	4934	0	0	0	0
10	1	2	49	51	down	1	512	485.17362206196	794.127808314585	501.820785924801	630.205144157199	553.619446781966	1095.77039070313	558.981519111042	767.557422101362	194.82356972838	128.254476062535	-593.810057511804	688.694656715929	262	71	4	6	169	242	201	11	5	53	21077	2583	2204	248	4792	0	0	0	0
10	1	2	49	51	down	2	512	482.927390811015	856.516714571616	487.82883431549	586.970199557181	568.73389530602	1220.26794408047	561.150925972846	772.564355149471	186.631544500572	114.682598352351	-593.829119670444	688.738614982628	277	72	1	8	154	261	191	14	4	42	21061	2501	2281	269	4597	0	0	0	0
10	1	2	49	51	down	3	512	519.703518761649	1036.35796574406	513.616301735715	649.539386224381	536.076394464781	995.843562140251	551.547490595635	753.011900255648	185.118907651537	111.337849989285	-593.877163324869	688.849978055497	251	73	2	11	175	241	199	9	4	59	21184	2518	2161	249	4599	0	0	0	0
10	1	2	50	50	down	0	512	463.8868509932	785.795202609774	464.000455363954	543.94311871641	466.353961949459	726.023593072372	471.311915602613	536.607540421886	204.703119718469	129.857924023226	-593.759055626034	688.57602036374	282	78	3	7	142	266	160	5	2	79	20803	2363	2196	238	4857	0	0	0	0
10	1	2	50	50	down	1	512	485.124951625388	895.009395362062	477.98819302449	576.293047599821	447.649823326337	552.236900275378	474.468759947717	539.848771348286	194.211508416748	123.042245409218	-593.743943125492	688.541233021192	275	74	5	9	149	264	166	1	3	78	20877	2316	2198	209	4850	0	0	0	0
10	1	2	50	50	down	2	512	476.305291512887	805.685669940183	472.212915406692	549.973993289194	468.503925292587	770.244437773489	470.611460357803	546.647496310307	192.867933099574	124.909240995927	-593.730027754234	688.50907282376	283	68	4	7	150	256	161	6	1	88	20908	2470	2007	215	4702	0	0	0	0
10	1	2	50	50	down	3	512	472.745018268827	765.753964658721	470.791546806583	537.248553526166	495.777427467887	1021.38012513454	482.659814482597	599.541854718725	197.06115744253	129.470512910748	-593.637284058859	688.293706583818	276	70	7	6	153	275	144	12	2	79	20650	2563	2133	254	4777	0	0	0	0
10	1	2	51	49	down	0	512	584.387444113845	1259.37660359584	569.861407277744	791.5576687856	511.49782732852	981.550423287929	503.44404444056	629.508151613035	183.638093704034	115.951414168883	-593.850369572991	688.787881305265	236	48	0	14	214	261	169	10	4	68	20562	2300	1997	229	5040	0	0	0	0
10	1	2	51	49	down	1	512	544.424878311645	1181.82137795966	535.572806255061	719.73072504726	515.806844322895	988.325146708717	512.596112582875	662.553963380805	197.243439578973	125.360354928887	-593.69642597063	688.430900299623	259	62	1	14	176	263	172	10	3	64	20299	2412	2146	231	4992	0	0	0	0
10	1	2	51	49	down	2	512	538.668117218538	971.134921630638	548.910496057013	724.580170886194	504.971995938209	972.411177203008	501.707990757571	630.952919561204	190.288347364181	125.309953457843	-593.699989832139	688.439305137921	229	62	1	8	212	258	166	10	3	75	20224	2515	2143	206	4830	0	0	0	0
10	1	2	51	49	down	3	512	561.056067917891	1315.04310407837	550.723175318683	780.6740908054	500.480606401646	927.844880134961	498.511467274698	610.713078205363	177.643375762392	108.827381045485	-593.730116027101	688.5090658361	259	60	5	17	171	263	167	9	1	72	20452	2417	2013	206	4962	0	0	0	0
10	1	2	52	48	down	0	512	499.473548748216	824.267948212159	522.501988718638	677.139691763837	517.342838986651	998.003200648772	518.211253250913	665.65406349361	209.28513926635	133.416075113488	-593.803514877592	688.679388070966	246	70	6	6	184	247	179	10	3	73	19991	2228	2168	189	5010	0	0	0	0
10	1	2	52	48	down	1	512	474.645758016959	739.875479099574	500.17325434165	632.00766961418	533.868670376963	1060.0604074087	532.093883310698	715.810701485882	188.598292364546	116.410126106257	-593.837928371653	688.759291216128	262	74	6	5	165	250	185	11	3	63	19992	2300	2060	224	5022	0	0	0	0
10	1	2	52	48	down	2	512	534.338773677273	1169.80585812296	524.893370576108	723.111139789551	498.954775011334	852.459516075059	518.235557446359	666.616286722144	187.873032192312	117.936076466839	-593.793153748327	688.655084633398	245	77	4	14	172	260	173	7	7	65	19992	2256	2117	211	4951	0	0	0	0
10	1	2	52	48	down	3	512	493.916267848208	953.906518772985	492.803511196026	612.641348018736	497.841286176644	884.144213700573	507.288120609252	633.766022324458	180.011195534853	114.320681238246	-593.874748842736	688.844342719483	258	83	3	10	158	271	167	8	1	65	19965	2404	1997	210	4864	0	0	0	0
10	1	2	53	47	down	0	512	505.038846991017	930.58146296134	505.725061657447	640.093238139037	495.17362206196	847.045768989591	506.039090848368	625.259378761954	184.123358552413	112.989377921084	-593.895830927004	688.893307091085	273	62	2	9	166	262	172	7	3	68	19471	2350	2036	207	4971	0	0	0	0
10	1	2	53	47	down	1	512	532.764271850391	1121.2444336418	520.822868052657	685.169694878133	470.787590741332	693.697206870962	489.118550533711	576.144862428596	171.177434006612	110.585334697187	-593.774376517787	688.611681422025	271	59	1	13	168	272	164	4	5	67	19435	2353	2047	229	4998	0	0	0	0
10	1	2	53	47	down	2	512	524.674101906641	1071.97392381056	508.969294240589	642.889606706681	525.615381472589	936.843558008566	530.912018770071	689.565069298027	195.189388466832	128.529709967643	-593.755795294465	688.568468763391	271	61	1	12	167	256	192	8	2	54	19554	2201	2113	196	5067	0	0	0	0
10	1	2	53	47	down	3	512	524.84738414071	1080.26616885022	519.58517006776	686.753763354149	518.311389476954	1062.64354643985	505.537673384349	642.161603520136	190.894526514016	118.833467892707	-593.778244062555	688.62060656614	254	72	0	12	174	266	163	12	3	68	19495	2232	2101	236	4940	0	0	0	0
10	1	2	54	46	down	0	512	494.291176206028	852.669276949251	497.411654224631	606.77068554314	517.99531482915	997.318498891573	526.339938858069	712.313773644367	184.736134059436	114.44553333379	-593.817476890562	688.711560379143	245	79	4	7	177	251	178	10	3	70	19208	2168	1955	221	5125	0	0	0	0
10	1	2	54	46	down	1	512	551.152335825707	1229.67947109521	530.826993801544	718.567012022542	499.674101906641	995.275473315215	501.95581152978	647.354412437587	183.895869637749	119.177320557962	-593.753483572781	688.56319820431	254	63	4	15	176	267	154	11	3	77	19125	2252	1947	228	5223	0	0	0	0
10	1	2	54	46	down	2	512	479.674101906641	741.217825846488	495.15164365063	584.389344421342	513.647790671648	951.633797134374	513.552931547952	649.133649846977	170.514924932849	107.461094107307	-593.763247903013	688.586014061113	283	59	1	5	164	255	177	9	5	66	19220	2132	1985	215	5099	0	0	0	0
10	1	2	54	46	down	3	512	490.154368480396	838.200534911218	502.813709912892	635.613005305573	508.503925292587	907.752201823527	528.75021805916	716.163024191636	175.210869447263	105.338369687815	-593.919369277862	688.948127500678	263	71	3	7	168	256	179	8	3	66	19244	2211	1905	192	4969	0	0	0	0
10	1	2	55	45	down	0	512	516.056067917891	1021.3690454393	507.675077482388	650.502285681189	489.117893971959	799.403639704897	497.990287321258	601.414049381416	183.618259505168	110.814155067343	-593.805869569386	688.684982539455	271	63	2	11	165	266	171	6	3	66	18785	2158	1909	188	5363	0	0	0	0
10	1	2	55	45	down	1	512	529.933488775082	1121.39255174629	509.162643752502	643.778070359505	536.171589407271	1169.77082314856	519.285377141887	685.848006629873	184.140419640328	113.497950182957	-593.748386688441	688.551458734818	260	68	1	13	170	253	171	14	3	71	18611	2161	2076	192	5205	0	0	0	0
10	1	2	55	45	down	2	512	485.836261177903	727.789012028169	508.110300048334	623.595473695998	522.505957947276	968.701206303629	523.949226100795	680.538943324818	163.071817322377	100.580629758496	-593.708097973923	688.458056112195	255	68	2	4	183	253	186	9	2	62	18620	2246	1940	234	5202	0	0	0	0
10	1	2	55	45	down	3	512	516.210096570397	954.596546220932	520.411888214799	679.232454510839	473.014568410713	630.434242801194	498.839872603745	580.311321685681	175.194842514969	105.738217485027	-593.763363747187	688.586029524485	259	62	4	9	178	266	180	2	1	63	18653	2183	1994	210	5333	0	0	0	0
10	1	2	56	44	down	0	512	508.935521429771	941.532242671692	510.75516048001	650.443532787252	529.9051448854	979.746439555665	528.35792965232	688.301971576359	165.186139749489	102.104753849555	-593.64486949588	688.311500017603	261	66	4	9	172	255	190	9	3	55	18188	2238	1911	191	5566	0	0	0	0
10	1	2	56	44	down	1	512	485.979053591638	970.125579980482	498.165099604237	649.225086476564	490.259726696331	835.254191210647	506.823441756223	633.224403304361	171.190828536412	106.611582499677	-593.734132885723	688.518123321902	271	84	4	11	142	268	165	7	5	67	18219	2180	1916	213	5392	0	0	0	0
10	1	2	56	44	down	2	512	504.223252187894	931.43068820901	505.43698266334	637.259978130723	505.471516093527	795.044002022712	523.075829863962	655.51298990257	160.668271800657	99.8031027679195	-593.872812596329	688.839782790018	267	66	3	9	167	257	191	5	3	56	18141	2272	1906	209	5131	0	0	0	0
10	1	2	56	44	down	3	512	469.770369814457	767.020487452357	484.551606618706	580.611160894741	546.785558086643	1146.03867220028	535.978558628038	704.981594591815	166.343238012471	104.397918507562	-593.798967193578	688.668771225783	266	80	3	6	157	267	179	13	2	51	18241	2168	1925	194	5262	0	0	0	0
10	1	2	57	43	down	0	512	494.454295166653	778.393890399423	504.155030823639	609.291946476496	515.576874309462	882.071050526826	535.174079261826	701.974110032852	175.179687723617	110.592332976129	-593.742488147146	688.537655164877	255	66	1	5	185	258	187	7	5	55	17830	2097	1900	189	5502	0	0	0	0
10	1	2	57	43	down	1	512	481.49782732852	822.823149058225	500.981110113882	630.213403707643	511.306364478214	877.150873912772	519.610757730508	651.243648607197	173.967891000343	110.127322870808	-593.694171544667	688.425873122309	265	76	3	7	161	254	186	7	4	61	17876	2065	1892	183	5506	0	0	0	0
10	1	2	57	43	down	2	512	492.23640780539	908.264830197088	493.043355098109	611.159709170298	516.804811668206	988.238671373942	512.78550743154	641.664379569951	175.039484820026	107.859659006085	-593.845295033309	688.776030277341	275	70	2	9	156	270	172	10	0	60	17882	2097	1837	200	5418	0	0	0	0
10	1	2	57	43	down	3	512	503.129016934766	1001.04487517694	504.18250718315	649.533091398666	498.013495445387	876.423587288013	499.849989138404	608.113084927344	174.05364771292	107.39263131511	-593.775799192971	688.615101264587	265	75	5	11	156	287	160	8	3	54	17891	2067	1847	211	5484	0	0	0	0
10	1	2	58	42	down	0	512	530.529276838217	985.690567317188	522.455438397591	670.129911989334	561.411722694148	1249.96062817627	542.165268050077	759.227400982709	153.726141337186	88.0918328439151	-593.836991745993	688.757087269159	246	61	1	9	195	247	186	15	4	60	17368	2105	1839	192	5580	0	0	0	0
10	1	2	58	42	down	1	512	520.662978943834	960.279472747882	512.104748883934	644.912794591139	552.265824660398	1123.93712600097	542.759980634409	715.529977604603	159.685010058207	98.4375062249578	-593.703780300283	688.448069084549	264	56	3	9	180	259	192	12	0	49	17432	2072	1807	193	5585	0	0	0	0
10	1	2	58	42	down	2	512	489.194908298212	803.086125523048	501.088955957579	612.324598840776	510.855514759466	879.498991190918	521.522967928144	655.92533862962	164.494676466302	101.408162722273	-593.882550448084	688.86275045378	258	71	3	6	174	246	188	7	5	66	17456	2017	1817	214	5498	0	0	0	0
10	1	2	58	42	down	3	512	521.747050923516	1067.51228269352	510.978327949523	659.898796520316	528.897014266644	1045.51361721497	530.310586628192	707.953700431568	160.456505837726	98.4448170057084	-593.808493952458	688.69077522669	269	64	2	12	165	263	176	11	4	58	17387	2152	1779	186	5665	0	0	0	0
10	1	2	59	41	down	0	512	505.864605067585	938.18900624381	503.41892892802	617.262593094166	545.615381472589	1153.84577394761	546.765185846936	753.066460827714	160.826283204316	102.743959777185	-593.708717374569	688.459577086111	260	70	1	9	172	244	186	13	3	66	16949	2044	1819	180	5775	0	0	0	0
10	1	2	59	41	down	1	512	483.742985614138	892.696313058309	497.413918714735	637.832342585921	594.512055911343	1421.44178856268	575.724275993831	832.046604504923	156.749660100259	96.882632785698	-593.751559086146	688.558841357599	275	75	5	9	148	228	203	18	3	60	16805	2048	1925	214	5634	0	0	0	0
10	1	2	59	41	down	2	512	505.941619393838	904.789452736968	508.282307852068	630.32810718358	570.038846991017	1330.09144295043	549.824743406613	756.854714421598	160.947624957696	98.3195226684014	-593.797715215721	688.666014067661	252	70	4	8	178	261	178	17	3	53	17015	2042	1772	163	5776	0	0	0	0
10	1	2	59	41	down	3	512	467.23640780539	831.592987497063	470.772640320236	551.646822147191	556.190842988834	1128.2590761926	561.564760106937	774.744893613748	165.71978279133	102.771743499096	-593.824633018654	688.728379084972	275	85	0	8	144	260	192	12	4	44	17136	2043	1657	156	5646	0	0	0	0
10	1	2	60	40	down	0	512	488.129016934766	829.042659237891	479.83716151854	557.452599691134	485.998307173201	896.915382529176	487.502044393407	600.6391765977	146.217627662099	89.877047435453	-593.743787423452	688.540605660513	277	64	2	7	162	274	150	9	5	74	16528	2093	1688	171	5816	0	0	0	0
10	1	2	60	40	down	1	512	456.939586739149	640.139781822477	471.005215387722	527.596684404207	455.873695375703	777.262610126356	453.380567212735	511.813976891265	163.220156534763	96.498399586829	-593.892852074365	688.886517095647	263	80	2	3	164	270	140	7	4	91	16572	1948	1771	189	5709	0	0	0	0
10	1	2	60	40	down	2	512	476.794648394761	879.302962528127	472.714146169739	558.606166458056	448.8868509932	687.903849730083	455.656627742981	506.980132716672	155.883837263461	98.5182548702142	-593.73173141395	688.512946515141	281	77	3	9	142	286	140	5	2	79	16571	2011	1718	180	5822	0	0	0	0
10	1	2	60	40	down	3	512	459.616341161951	780.87502599572	463.08251748175	532.153782906823	514.942579083201	1127.13799832886	493.85197975574	632.697962816074	147.986792563267	93.2123524424617	-593.655732926806	688.336532836586	278	84	2	7	141	270	150	14	2	76	16546	2003	1719	212	5881	0	0	0	0
10	1	2	61	39	down	0	512	550.846424451348	1098.6737212224	553.495571139547	767.631068826842	511.929423465704	1052.41250346109	505.875364315562	642.615448261304	139.31990485341	90.5809494219031	-593.841776414126	688.767966532677	224	66	6	11	205	266	159	12	2	73	16148	1962	1674	184	5882	0	0	0	0
10	1	2	61	39	down	1	512	552.390436457896	1121.89144790845	548.928195447299	742.857395731567	511.55558807321	910.141557052726	527.353685068634	700.541781874828	139.54026905125	95.6862687815539	-593.68850215625	688.412530665442	259	47	5	12	189	254	177	8	11	62	16102	1984	1702	180	5954	0	0	0	0
10	1	2	61	39	down	2	512	536.095648046344	1033.8262670733	544.316597112254	729.096275881453	491.843318831333	839.257296830663	498.865762299879	604.366147916621	139.992013100941	85.1900027318318	-593.680372410714	688.393691740588	236	66	4	10	196	268	168	7	2	67	16123	2002	1648	195	5919	0	0	0	0
10	1	2	61	39	down	3	512	550.126024590715	1125.22848135967	548.97426827082	741.631777104379	527.610243197884	1068.85285421019	516.578080127923	672.35695694613	147.11382777255	95.3257771873838	-593.732954457839	688.515648086669	246	58	2	12	194	283	161	12	7	49	16087	2022	1646	213	6072	0	0	0	0
10	1	2	62	38	down	0	512	526.478573746957	1078.54111055957	521.687905148042	705.324676980592	490.729829996642	796.751308010874	500.216795114096	604.827424764427	154.145112000341	97.09601071514	-593.714010588034	688.471841719669	262	65	2	12	171	275	167	6	6	58	15761	1865	1626	204	6040	0	0	0	0
10	1	2	62	38	down	1	512	503.447237513223	838.954429331293	514.530036734564	636.260053051959	532.755181542272	1091.7184972389	514.509388348877	657.001132081366	147.998798503028	90.5137275845078	-593.893280091814	688.88775894302	234	77	0	6	195	257	178	12	1	64	15803	1777	1667	209	5951	0	0	0	0
10	1	2	62	38	down	2	512	524.20399860633	999.257296830663	531.335647500425	716.768167256768	532.832195868525	1058.31894373206	533.092397321709	716.462098542845	146.476466899069	90.0472446605955	-593.747556829657	688.549362771316	268	54	5	10	175	249	184	11	4	64	15798	1867	1616	175	5892	0	0	0	0
10	1	2	62	38	down	3	512	545.240473114768	1218.00097644635	532.849376363768	729.466427986862	505.566711036017	1006.0266945607	495.665608731411	617.240387971125	136.94746803783	93.520136910959	-593.820454147279	688.718510641815	257	65	5	15	170	265	159	11	3	74	15825	1826	1661	144	5948	0	0	0	0
10	1	2	63	37	down	0	512	523.619446781966	1048.23601885778	518.002330754562	679.54471522813	538.503925292587	1103.56151537822	524.092698251678	682.221971459181	153.460547797475	91.7673549461399	-593.84572314573	688.777039757028	238	78	3	11	182	252	184	12	1	63	15343	1788	1649	164	5991	0	0	0	0
10	1	2	63	37	down	1	512	494.952742356645	844.455080065278	506.403045444659	633.930317849303	506.478573746957	935.649757679878	510.218302970076	638.468158363628	140.711272966571	93.6457851970811	-593.759272952109	688.576868359093	267	65	3	7	170	266	169	9	3	65	15366	1819	1575	184	5975	0	0	0	0
10	1	2	63	37	down	2	512	531.978093902275	1057.34022996831	522.123162914281	689.293440525437	529.175654716649	1013.80408702439	525.236592686207	679.514490980535	151.059914837734	90.6364338341661	-593.762409303847	688.583826786414	249	65	3	11	184	255	184	10	4	59	15539	1792	1460	153	6109	0	0	0	0
10	1	2	63	37	down	3	512	565.903112230711	1405.71982762866	536.085028298403	775.287473522438	566.487664055075	1393.82314492654	534.216686354219	752.153899359599	141.895846594338	93.8843655970609	-593.801334792067	688.674268914043	234	80	5	19	174	264	164	19	4	61	15374	1851	1558	161	6130	0	0	0	0
10	1	2	64	36	down	0	512	477.562645726639	735.880351686468	501.838465372041	610.609957073495	518.464345164134	1091.07768594891	509.372018349388	671.109860562848	137.579009113909	88.6201552533531	-593.711670733654	688.466281065052	283	59	5	5	160	283	152	13	3	61	14994	1747	1531	160	6248	0	0	0	0
10	1	2	64	36	down	1	512	515.64372536227	1025.57170952418	512.514508254275	677.391240323564	522.322512439762	1063.14509511817	515.848885082864	674.275730702903	143.988980706735	87.7551935904264	-593.763348631138	688.586267028031	261	70	1	11	169	281	161	12	2	56	15013	1761	1519	139	6160	0	0	0	0
10	1	2	64	36	down	2	512	504.731862651331	1005.97525420032	498.181038065984	622.294023679777	510.461352820082	979.835567406601	510.519614756034	641.569623753844	154.438568556015	94.9907387589529	-593.774064633939	688.610943932788	264	76	1	11	160	264	169	10	1	68	14905	1746	1619	162	6224	0	0	0	0
10	1	2	64	36	down	3	512	478.301226203509	842.541543004997	479.209341144854	561.479712100439	543.273955279154	1042.28081140102	546.418519682715	741.259579922023	137.833022908354	87.7577763989227	-593.78045896962	688.62584248722	289	67	3	8	145	243	198	10	5	56	14892	1797	1570	173	5996	0	0	0	0
10	1	2	65	35	down	0	512	525.470443128201	1070.1708173642	514.630911794825	665.88668134824	492.630569744774	845.010293306399	498.818801483262	610.365567637438	141.541224019099	89.4804572859374	-593.789001571187	688.645680318415	274	57	5	12	164	257	172	7	3	73	14489	1754	1503	174	6102	0	0	0	0
10	1	2	65	35	down	1	512	548.042912300395	1224.48168786059	533.756537917018	763.684613208535	525.499859983209	1079.55485929771	529.08085572574	718.402234466708	142.96592835262	86.4524218405575	-593.795653367366	688.661495504426	255	65	3	15	174	254	172	12	4	70	14553	1652	1562	153	6161	0	0	0	0
10	1	2	65	35	down	2	512	559.243578734783	1183.74334219902	542.032260191536	740.202868489998	517.400599731341	963.702981533878	520.551224314271	679.219606864231	133.660425303716	82.9128681243423	-593.693015228214	688.423042159896	225	67	6	13	201	244	185	9	3	71	14460	1767	1538	155	6182	0	0	0	0
10	1	2	65	35	down	3	512	506.459320165393	971.777915806189	504.182865350462	640.175015558662	524.819040251029	1012.73091971896	531.629300084418	710.034744533669	146.981239402101	90.365332287143	-593.715861770855	688.476153728434	263	70	5	10	164	241	186	10	4	71	14481	1678	1576	185	6269	0	0	0	0
10	1	2	66	34	down	0	512	506.334708367895	973.796986103394	506.488943710315	656.567592064627	543.840326487281	1082.52515827743	540.023525441065	722.509530040512	150.936475625478	90.8195692790906	-593.818117610082	688.713350368236	259	73	4	10	166	237	197	11	3	64	14046	1651	1534	177	6319	0	0	0	0
10	1	2	66	34	down	1	512	500.49076967509	825.108746280751	511.726568726588	639.238642649537	535.508950291328	1161.99875637562	523.468235141548	704.966555249445	143.689911495637	85.5683778916404	-593.646859215252	688.316179989079	252	67	2	6	185	268	165	14	3	62	14115	1729	1431	133	6395	0	0	0	0
10	1	2	66	34	down	2	512	517.418780347578	1059.81028586937	499.70474829527	614.193434006756	491.373215531022	729.511846116407	508.908773039591	612.58894149053	114.609159320328	74.1984084334522	-593.864526364558	688.820742089527	268	67	4	12	161	273	181	4	1	53	14212	1704	1356	136	6331	0	0	0	0
10	1	2	66	34	down	3	512	544.194908298212	1186.76018416212	520.109826605203	684.290666361888	543.858507103518	1215.71450193792	528.511026251825	730.950066224113	135.771515208622	87.3821428308731	-593.699444411267	688.437937753597	246	70	2	14	180	261	170	15	1	65	14155	1650	1462	141	6313	0	0	0	0
10	1	2	67	33	down	0	512	516.28711089665	958.279032039084	517.611196148058	671.847062396739	509.107730698514	970.893655584126	509.970859952666	646.154713890947	123.092459974319	80.7571354038278	-593.768657982248	688.598493174799	251	67	4	9	181	277	162	10	3	60	13663	1605	1519	109	6484	0	0	0	0
10	1	2	67	33	down	1	512	523.206031261019	925.259516901396	529.508333992059	680.19044851389	499.060133227269	997.788114083832	499.482247040396	653.740823043618	128.148897315229	86.080249823769	-593.659289004598	688.3449258297	273	45	2	8	184	257	156	11	5	83	13589	1652	1494	161	6260	0	0	0	0
10	1	2	67	33	down	2	512	528.225284842583	1045.29765336412	523.141869273812	684.276211695199	518.321552750399	996.989451910631	518.044376905885	673.059226419671	118.088684741793	74.7311353076477	-593.763777473623	688.587197323825	264	59	1	11	177	255	178	10	1	68	13777	1556	1391	172	6516	0	0	0	0
10	1	2	67	33	down	3	512	518.724804997901	963.260851422846	516.280080562361	653.203537949552	499.060133227269	849.539780169803	511.117020775442	645.575963528305	114.376766619077	74.4410931630285	-593.721062376855	688.487974058541	251	66	2	9	184	269	171	7	5	60	13659	1690	1397	150	6356	0	0	0	0
10	1	2	68	32	down	0	512	499.742025924776	821.183688816432	508.046596970332	623.372753178989	504.568743690706	894.946875306441	508.596159703743	632.335404372508	114.443038240651	72.5518804689138	-593.773360322987	688.609377942475	257	64	3	6	182	270	171	8	3	60	13296	1691	1265	132	6775	0	0	0	0
10	1	2	68	32	down	1	512	513.474508437579	980.396983624383	512.451832614332	665.346851242075	553.542432455713	1166.22537573965	541.550242816343	732.313462301785	139.701620468811	91.3887717361794	-593.693708120521	688.424675313368	268	61	7	10	166	246	191	13	3	59	13275	1575	1413	121	6472	0	0	0	0
10	1	2	68	32	down	2	512	477.792615740072	879.189879398037	476.127508855125	561.892406137541	551.181752680715	1090.81517911469	546.176067834694	735.443425322698	109.488012873099	74.5030033644759	-593.650132533473	688.323673275321	284	74	4	9	141	246	199	11	3	53	13227	1631	1379	147	6624	0	0	0	0
10	1	2	68	32	down	3	512	494.079386808832	842.549092898163	502.942305567927	620.861694759213	492.755181542272	805.935791479517	507.169761049625	625.733831524649	130.642270995915	80.6440032779408	-593.856072875892	688.801477435085	268	65	3	7	169	265	174	6	3	64	13308	1523	1397	156	6540	0	0	0	0
10	1	2	69	31	down	0	512	517.888883647889	1132.50030505394	500.41141049383	646.082898758785	564.866637722274	1181.61916697864	559.30463334609	757.512562860506	118.510939638439	79.1142612121408	-593.796539545686	688.662935534216	267	75	4	14	152	253	196	13	4	46	12924	1542	1276	130	6663	0	0	0	0
10	1	2	69	31	down	1	512	483.455254856016	783.713612256949	503.503075364667	624.493620696757	573.311389476954	1372.18013422425	554.514061123376	782.025277805117	128.997382973755	80.1577531933077	-593.785990331214	688.638658576554	281	61	2	6	162	258	176	18	4	56	12761	1544	1418	149	6750	0	0	0	0
10	1	2	69	31	down	2	512	462.620406471329	826.074584460584	465.225368373581	539.385319726866	643.628537090085	1786.78191523886	612.936511425786	1000.72853629053	139.147614868469	83.7221065417084	-593.754378860882	688.565451837518	268	92	2	8	142	228	196	26	9	53	12787	1551	1402	132	6480	0	0	0	0
10	1	2	69	31	down	3	512	502.034781681639	959.492767555833	502.47997748546	631.980736901967	520.557620727899	889.061737798466	544.07842754142	723.366929885865	122.275908778146	75.2556122745939	-593.675599010071	688.382701876077	275	66	4	10	157	259	189	7	7	50	12974	1508	1248	142	6573	0	0	0	0
10	1	2	70	30	down	0	512	449.47247578289	729.048862214551	459.097705606265	527.568996480219	528.809836666947	1255.76016763538	500.265707517227	664.185877135158	112.830131065574	74.4527479979045	-593.846625446672	688.779437786647	275	89	3	6	139	274	144	17	2	75	12559	1466	1199	136	6607	0	0	0	0
10	1	2	70	30	down	1	512	469.951669391319	862.963268297374	462.176742608411	532.828692719478	472.093615391655	708.340674808792	477.882750871693	545.761019622376	120.694193979826	78.9692075238419	-593.872896698713	688.839889503311	292	75	3	9	133	247	176	4	2	83	12506	1469	1260	125	6757	0	0	0	0
10	1	2	70	30	down	2	512	451.824065249769	700.822259377258	458.364921874406	508.807491415165	476.420813002267	774.167271035389	475.661215606534	546.414192864816	109.833626998602	72.8585683911545	-593.899941103559	688.903148523771	269	88	1	5	149	277	159	6	1	69	12606	1379	1241	134	6668	0	0	0	0
10	1	2	70	30	down	3	512	443.446164547897	653.70873553837	449.667690308299	494.334853446317	480.163458788515	851.863942168795	483.517722674875	589.158133826379	119.539986972601	69.8004553725196	-593.80056360707	688.67254066713	259	95	5	4	149	273	151	8	5	75	12449	1492	1305	114	6653	0	0	0	0
10	1	2	71	29	down	0	512	557.928463776341	1139.62715344891	552.771852631604	735.812984933216	516.229350151961	955.523819624299	519.602053514267	678.592375369424	113.355867504249	71.225698366603	-593.871608979347	688.837025105265	244	54	1	12	201	258	179	9	3	63	11979	1454	1263	152	6851	0	0	0	0
10	1	2	71	29	down	1	512	510.508950291327	974.134011291245	516.633421397322	656.633154047358	513.360059913525	842.651096333014	524.871313598763	662.748752501772	102.000075482475	70.3085354585886	-593.755981852876	688.569162370807	276	60	2	10	164	261	191	6	2	52	12088	1428	1209	123	7004	0	0	0	0
10	1	2	71	29	down	2	512	510.010503101335	870.990782300397	529.33951323181	687.023845249798	532.439106894467	989.311410365631	527.611033734443	670.97999211909	118.291880360022	72.4486810765888	-593.719720642272	688.484904808503	264	56	3	7	182	242	196	9	4	61	12154	1304	1267	123	6872	0	0	0	0
10	1	2	71	29	down	3	512	537.553555418521	1097.94643459764	534.523150995412	706.715006927375	526.660946289145	1079.30386047246	512.437729225874	656.188078644548	94.886509937911	66.1384531956921	-593.830689080696	688.742450854372	257	59	5	12	179	263	172	12	0	65	12138	1478	1114	118	7012	0	0	0	0
10	1	2	72	28	down	0	512	540.864605067585	1104.83424114852	530.69754408659	693.672702858729	528.657953945093	983.871055484848	531.112002754499	713.855732852574	103.769785980374	66.8960579267528	-593.705759713383	688.452321387937	256	58	3	12	183	240	194	9	4	65	11456	1499	1240	141	6972	0	0	0	0
10	1	2	72	28	down	1	512	510.950709701956	942.259957610194	515.299447439363	663.782627553491	530.922365812275	1091.72692441798	526.650870563955	705.813186929183	126.198574687839	78.1334614698172	-593.737056699471	688.525040897636	270	60	1	9	172	245	178	12	6	71	11693	1301	1218	124	6919	0	0	0	0
10	1	2	72	28	down	2	512	529.156401135085	975.847989886661	524.058681551486	668.325230166761	507.764271850391	933.353080762113	511.188160771851	658.744819610934	114.227622956699	79.3807793271592	-593.799633709003	688.670373617848	264	51	0	9	188	275	166	9	4	58	11661	1398	1165	112	7104	0	0	0	0
10	1	2	72	28	down	3	512	486.094575081018	827.414278691338	486.34912320221	570.626138823996	541.315454786332	1176.57037913442	530.53009607883	738.101257291071	105.057368570944	74.6756370647395	-593.712494411261	688.4685577094	273	68	2	7	162	252	172	14	8	66	11713	1374	1140	109	6983	0	0	0	0
10	1	2	73	27	down	0	512	512.725764687264	1050.63600481005	502.739724471328	633.025952987387	532.515048255394	1088.20053491122	523.481584970748	677.265378633505	97.4571323508669	67.9861198107592	-593.691758418944	688.420399603011	273	68	2	12	157	263	175	12	2	60	11280	1249	1164	131	6921	0	0	0	0
10	1	2	73	27	down	1	512	549.568743690706	1299.81383632987	521.165800766635	716.965832449604	513.225284842583	1021.51716354378	519.329055585381	702.348702811403	102.65446422711	68.4092034894293	-593.730627110366	688.510054960549	250	74	5	17	166	260	167	11	2	72	11171	1294	1217	142	7113	0	0	0	0
10	1	2	73	27	down	2	512	483.513015600705	786.468824671734	490.194502180372	584.25807715106	559.040879645706	1203.17570234615	541.362839622421	736.099079927857	96.6354025351788	64.1014581454481	-593.726093494979	688.499823142857	274	65	3	6	164	266	184	14	1	47	11187	1342	1176	119	7086	0	0	0	0
10	1	2	73	27	down	3	512	500.480606401646	853.707409280289	516.610867942125	667.115529572644	507.93755408446	941.645325801782	512.152750704067	652.130026242593	111.089751775169	74.4672485209196	-593.746041283419	688.546349895855	267	61	3	7	174	258	173	9	3	69	11213	1358	1143	110	7098	0	0	0	0
10	1	2	74	26	down	0	512	516.804811668206	951.156632048948	508.794434752808	635.560412838615	533.570776345395	1164.95352725527	523.726977508964	707.726485952	105.38369409431	68.5328840572016	-593.731909041695	688.513261574587	270	55	3	9	175	251	168	14	6	73	10773	1306	1112	121	7182	0	0	0	0
10	1	2	74	26	down	1	512	503.139180208211	898.335349118044	505.245242984771	626.479573340487	539.223252187894	1135.15796243871	525.713346123247	692.055375288583	97.7653839369194	67.9217277738132	-593.771589754664	688.605299144389	258	69	2	8	175	263	175	13	2	59	10786	1243	1151	132	7130	0	0	0	0
10	1	2	74	26	down	2	512	511.190842988834	908.669272817566	515.949371990307	663.215082329016	524.933488775082	1039.33712021661	524.291151642354	693.238889840521	89.2895066537592	65.9944761008453	-593.789365565338	688.646581899455	260	60	7	8	177	264	174	11	2	61	10799	1315	1082	116	7081	0	0	0	0
10	1	2	74	26	down	3	512	532.534301836958	1089.12780831459	524.215565480285	691.521790287379	533.139180208211	1094.11805487743	513.861943255426	652.305279895265	98.0426847623831	68.0987867854159	-593.77408982514	688.61093962762	262	61	1	12	176	250	179	12	4	67	10847	1299	1064	102	7212	0	0	0	0
10	1	2	75	25	down	0	512	497.438033929141	917.846206393042	495.263197043916	617.602341210922	546.056067917891	1217.15175119868	526.361268809696	704.294989859026	88.0011249397517	60.1377894357754	-593.808920000057	688.691796841445	271	68	4	9	160	263	169	15	4	61	10467	1193	1026	114	7220	0	0	0	0
10	1	2	75	25	down	1	512	473.744058579465	744.598321451182	488.450084361281	591.310103197378	513.800746358828	1091.28744682311	503.827641027863	637.905024116007	93.1644183107817	63.6477763210143	-593.804226827387	688.680893146097	250	83	4	5	170	268	156	13	0	75	10515	1162	1016	107	7230	0	0	0	0
10	1	2	75	25	down	2	512	521.209023605071	1131.83200868273	508.264956668112	672.522965455563	507.073288844766	895.1278041829	518.131021663849	656.589755050455	97.0701187137156	69.7725810587726	-593.689253921	688.414152834562	280	64	5	14	149	277	169	8	5	53	10393	1226	1064	117	7465	0	0	0	0
10	1	2	75	25	down	3	512	500.538367146335	930.600092549746	502.360162974576	631.514260692828	529.732935616657	987.467065968225	530.734416679384	686.199276624889	94.0486297185672	68.1511886305164	-593.852643540349	688.793312632763	256	76	2	9	169	239	197	9	1	66	10436	1216	1042	106	7010	0	0	0	0
10	1	2	76	24	down	0	512	512.073288844766	1014.26527503757	506.394140450999	647.706532055248	515.557620727899	992.363287303125	511.944803980294	655.209822175989	86.5176905002933	65.9455650845478	-593.784802208039	688.636315342837	273	65	1	11	162	255	176	10	1	70	9933	1193	1061	101	7239	0	0	0	0
10	1	2	76	24	down	1	512	501.392469112585	968.660845638487	494.463554696731	611.337616271507	534.684265180086	1096.26661369071	535.799325193663	720.12336031215	106.083401177988	70.6771794227763	-593.73588105982	688.522445453113	256	80	0	10	166	252	180	12	3	65	9857	1254	1059	118	7376	0	0	0	0
10	1	2	76	24	down	2	512	525.605218199144	1113.69055492213	519.089691219992	707.249361185894	518.686297834775	998.488343941107	513.742469414589	660.468357502351	91.9902483067751	64.1399569479145	-593.766908460445	688.594290765918	259	71	3	13	166	253	179	10	1	69	10088	1031	1052	117	7410	0	0	0	0
10	1	2	76	24	down	3	512	537.255661386953	1091.69986765049	526.288640361175	679.224146676813	482.332675713206	785.819157888928	496.393633230662	602.513672744299	78.1313427220918	67.4308907780076	-593.758862327107	688.575861549699	274	50	1	12	175	270	164	6	4	68	9971	1170	1024	123	7428	0	0	0	0
10	1	2	77	23	down	0	512	514.789623396021	1135.75929034947	493.638062297352	630.351555367535	520.845351486022	1035.12647792482	524.105885587249	705.216957669885	102.937758775192	68.3142141307055	-593.867925256432	688.828725089629	249	89	3	14	157	253	172	11	7	69	9612	1061	995	108	7193	0	0	0	0
10	1	2	77	23	down	1	512	466.890916302578	719.801858690288	482.870489242022	581.584638371186	540.662978943834	1103.17082562757	533.205516803102	707.830174166826	96.9077823369605	68.7225509222293	-593.900114740296	688.903312818764	280	69	4	5	154	260	182	12	2	56	9670	1056	953	97	7241	0	0	0	0
10	1	2	77	23	down	2	512	522.197900642264	1065.16416541537	515.438648083886	672.372147955596	530.317487441021	1049.68124632546	530.339481493387	715.601834138298	75.9919451122035	63.5511234259451	-593.706424021548	688.454246130675	277	59	1	12	163	261	179	11	2	59	9522	1141	996	117	7432	0	0	0	0
10	1	2	77	23	down	3	512	486.862572412896	906.350864823065	499.339032970449	646.597403421256	560.019593409454	1350.35707193141	540.024262744181	763.591412697098	70.3692878317843	58.6295965594654	-593.741540653792	688.535766670522	255	85	6	9	157	254	166	18	7	67	9498	1236	927	115	7600	0	0	0	0
10	1	2	78	22	down	0	512	514.665011598523	1026.58545826232	508.046362626827	654.268507609988	553.004405137268	1304.68257258354	529.248270583003	731.335106667679	89.4616944735598	66.2167813438563	-593.740543639733	688.533558178862	253	75	3	11	170	253	168	17	4	70	9104	1099	948	113	7465	0	0	0	0
10	1	2	78	22	down	1	512	515.480606401646	1062.79166454433	506.228952376936	642.941344636854	521.517080910083	961.284794306945	522.066205458707	661.58999759774	88.4079436281344	69.8371270099197	-593.902632147001	688.908917670743	255	77	3	12	165	268	181	9	0	54	9188	1045	931	100	7413	0	0	0	0
10	1	2	78	22	down	2	512	520.566711036017	1140.97347897007	493.843171280931	630.334716895782	544.012535756024	1111.88657118987	544.981646549138	747.907325688804	86.5648421183934	61.7245744691623	-593.864375256123	688.820472858122	257	79	5	14	157	253	187	12	2	58	9132	1095	927	110	7397	0	0	0	0
10	1	2	78	22	down	3	512	483.474508437579	821.696317189994	484.384703421641	581.470505547184	523.426910966334	964.905637355388	530.575808711607	678.937085717503	84.2567427376184	61.3046902784882	-593.737044209662	688.525158810716	276	68	2	7	159	264	182	9	3	54	9168	1111	888	97	7483	0	0	0	0
10	1	2	79	21	down	0	512	539.693355488204	1133.71051076862	520.08435780016	676.317345849027	542.084525083536	1012.13181601062	549.484554937238	738.546139910463	99.0198838338358	66.4131209712407	-593.755576434951	688.56834550038	266	56	4	13	173	229	209	9	2	63	8840	969	862	81	7624	0	0	0	0
10	1	2	79	21	down	1	512	512.121959281337	913.383687990095	514.535725977228	646.454013837007	571.190842988834	1300.28789992696	557.112676088882	783.038091739626	75.3975688292777	58.5051972368238	-593.746265328359	688.546453152176	260	62	0	8	182	252	187	16	3	54	8736	1081	850	85	7464	0	0	0	0
10	1	2	79	21	down	2	512	523.426910966334	1113.15397126942	512.901839606949	678.217071666532	544.041952611032	1084.18857379838	548.339222846364	757.113115011233	78.3061908345928	59.9637726779119	-593.735179770324	688.520826017958	252	77	3	13	167	233	198	11	4	66	8748	1014	903	87	7853	0	0	0	0
10	1	2	79	21	down	3	512	504.856474448829	1041.01161543279	489.293287095932	609.926944514989	558.388403803207	1240.88922783771	562.482564542463	822.685406197384	68.264198233482	61.8023039432162	-593.820128311418	688.717911814574	264	79	3	12	154	254	180	15	6	57	8625	1062	971	94	7635	0	0	0	0
10	1	2	80	20	down	0	512	465.835188212577	754.215160935272	470.128846539706	542.549257195987	482.476541092268	784.753968790406	490.97670679006	582.895767346301	71.3504627684702	56.6347381882227	-593.704405648899	688.449231220873	280	74	3	6	149	277	164	6	0	65	8274	991	885	90	7705	0	0	0	0
10	1	2	80	20	down	1	512	434.549490109143	634.839995153012	453.62034005538	510.667319633114	543.215121569138	1320.00939536206	515.407944969691	718.588906173584	71.6837444099988	60.6212310250962	-593.884318781233	688.866505248277	271	95	2	4	140	259	152	18	7	76	8361	983	818	78	7578	0	0	0	0
10	1	2	80	20	down	2	512	459.712609069768	711.347314362566	468.356531949043	546.35978428271	505.662978943834	936.498982927548	503.446941953087	652.670416987028	82.7956329336354	64.3757334432575	-593.635346207819	688.289475562639	273	79	3	5	152	260	170	9	4	69	8215	1017	890	118	7835	0	0	0	0
10	1	2	80	20	down	3	512	461.286037931324	743.922475186804	463.783876192883	528.322231088832	506.957767355386	963.754850208003	497.934925047685	611.374699761785	104.43514525172	71.177413187044	-593.775760745235	688.614729592759	284	74	5	6	143	287	158	10	1	56	8380	889	882	89	7909	0	0	0	0
10	1	2	81	19	down	0	512	534.731862651331	1127.64709690035	529.237483449528	703.868149692919	543.830163213836	1074.06838974729	539.75247225353	710.108470987499	75.0442286098107	65.2580133586406	-593.777534276716	688.619126585867	264	62	1	13	172	256	190	11	3	52	7920	923	808	77	7782	0	0	0	0
10	1	2	81	19	down	1	512	541.44006658383	1174.60452442784	532.097362705453	738.288030482104	495.059173537906	894.577039346614	499.554560264557	613.82497406407	55.5018939603072	47.3752542989748	-593.832506858782	688.746690364321	264	61	1	14	172	235	177	8	3	89	7852	975	809	92	7636	0	0	0	0
10	1	2	81	19	down	2	512	517.832195868525	923.345551527372	538.491505811568	715.980102101955	542.29416855008	1138.52780666191	522.960256491265	670.109758859659	63.6223335651251	60.7640130125001	-593.786109834036	688.638949965382	253	60	6	8	185	268	176	13	1	54	7822	1035	772	99	7778	0	0	0	0
10	1	2	81	19	down	3	512	500.308397132903	824.372604163171	519.748713126252	653.115343295835	499.808876977584	853.464837634122	508.059106693239	625.444219170821	67.7893529885287	57.4209778170807	-593.794693416684	688.658767833745	255	66	0	6	185	264	174	7	4	63	7958	853	826	91	7828	0	0	0	0
10	1	2	82	18	down	0	512	477.265824660398	745.620048396232	486.851269702908	572.112530388812	524.117893971959	928.993443079928	536.675526407041	696.311379556435	74.3361251066482	59.7441961940889	-593.744475808344	688.542353699484	263	73	2	5	169	266	186	8	4	48	7377	861	881	97	7858	0	0	0	0
10	1	2	82	18	down	1	512	481.104738354462	827.953086546472	488.712205487241	598.140391184359	514.721699377886	1013.35440702019	515.278749896727	671.342640831771	76.7521491473535	60.4229866921294	-593.833350764544	688.748675419533	254	84	1	7	166	283	159	11	3	56	7453	868	800	95	7889	0	0	0	0
10	1	2	82	18	down	2	512	488.935521429771	835.722929116995	491.106322670855	576.781080980047	521.420813002267	993.730466615106	531.951642511657	704.456450565983	79.8602378483873	64.2890918913905	-593.7229035753	688.492119721868	265	71	2	7	167	273	173	10	2	54	7508	837	775	96	7815	0	0	0	0
10	1	2	82	18	down	3	512	523.263792005709	1076.26306323021	517.675425081936	686.144607156966	525.931456120393	1002.16860555684	526.045394458143	685.337008143609	73.9566078578339	56.4733940018834	-593.830103076051	688.741186096017	254	72	3	12	171	271	177	10	2	52	7496	862	778	80	8034	0	0	0	0
10	1	2	83	17	down	0	512	485.979053591638	970.125579980482	475.010970868909	569.523199620861	559.914235193519	1279.16594477731	550.207973103163	777.790212400846	58.6748378026709	56.9326085853037	-593.888546778094	688.876702536554	271	84	4	11	142	253	176	16	7	60	7126	767	754	57	8062	0	0	0	0
10	1	2	83	17	down	1	512	511.38230583914	1087.23290084271	491.714807516949	609.536762347015	544.367117566955	1141.98412621988	533.967959913859	704.45035672423	68.8847223981205	63.748412412032	-593.836276588991	688.755209720866	267	77	1	13	154	266	177	13	3	53	7014	809	801	80	7882	0	0	0	0
10	1	2	83	17	down	2	512	479.837220867266	889.301636270046	483.67845940707	591.350178282776	503.369150221644	893.396542915584	521.488822716103	676.729301360012	69.946998460948	57.1926600011042	-593.732876437117	688.515490623032	273	81	0	9	149	271	171	8	1	61	7076	847	707	74	8160	0	0	0	0
10	1	2	83	17	down	3	512	490.931456120393	983.745096770844	484.589025425225	607.96948818081	576.786631051969	1246.61473923222	570.57108159214	812.001317193367	57.3602458425555	55.1239508044289	-593.733996847946	688.518214222654	259	88	4	11	150	230	207	14	6	55	6971	902	764	67	7960	0	0	0	0
10	1	2	84	16	down	0	512	485.980126556964	800.808078193689	491.919191593992	593.086598747068	510.682232525397	871.233353946564	523.579708891975	658.12389414209	72.2552159865291	57.298984929706	-593.752044852865	688.559971022864	250	78	4	6	174	267	182	7	2	54	6628	784	706	74	8211	0	0	0	0
10	1	2	84	16	down	1	512	505.79668104945	1001.06128056293	497.952153476094	632.524137366263	552.467450784149	1051.43646287193	553.728581761556	755.233027722445	58.6650979204471	54.2575953066081	-593.703792841754	688.44806964818	274	67	6	11	154	255	199	10	7	41	6630	821	677	64	8006	0	0	0	0
10	1	2	84	16	down	2	512	484.521146219461	794.8391178671	493.301745143392	583.323407526388	507.390436457896	902.301644533416	525.432918689942	698.561871985804	73.0947383226187	60.4260829249844	-593.781781802076	688.628956964672	262	73	0	6	171	259	174	8	8	63	6504	850	759	79	8156	0	0	0	0
10	1	2	84	16	down	3	512	491.219186878516	944.50607145349	482.080283486539	572.001462231897	513.954775011334	987.459516075059	507.636649103213	634.290231015657	64.8922138898944	60.5172537845864	-593.694951103119	688.427603731418	269	78	3	10	152	260	173	10	1	68	6640	798	696	58	8293	0	0	0	0
10	1	2	85	15	down	0	512	449.328610403829	656.003188253717	465.760801470113	529.831742949218	539.75218919822	1004.20365292629	552.095892101769	755.738030451807	65.818831074744	64.1255364046344	-593.819415119726	688.716036309169	276	80	5	4	147	234	203	9	6	60	6226	725	658	71	8387	0	0	0	0
10	1	2	85	15	down	1	512	493.215121569138	981.361944518304	488.916566344461	612.518590477496	521.104738354462	965.460850596509	532.296190850441	697.023736547021	69.8857594238777	55.9080420509849	-593.73742500863	688.526046881966	275	77	2	11	147	254	184	9	3	62	6196	753	651	80	8138	0	0	0	0
10	1	2	85	15	down	2	512	498.532269182269	885.287450954792	502.54936511083	640.88536101337	530.384338493829	1044.90696361347	527.846678688511	682.933448189247	56.0297955488074	59.0638289746957	-593.718206860601	688.481218687947	269	65	3	8	167	272	175	11	2	52	6204	740	668	68	8239	0	0	0	0
10	1	2	85	15	down	3	512	536.44006658383	1166.65995595752	508.543744419323	659.433750489046	548.014568410713	1119.91761499496	546.408925020077	764.308225836385	60.4123762911746	55.9779154585241	-593.779399817613	688.623298255286	260	66	4	14	168	250	191	12	2	57	6309	698	610	63	8272	0	0	0	0
10	1	2	86	14	down	0	512	490.317487441021	800.980579891069	495.06738311948	584.057508034732	523.840326487281	976.689236927422	532.096863027219	696.727213147043	65.6639964128812	60.346035903186	-593.774843315329	688.612760746235	269	64	1	6	172	237	191	9	5	70	5812	657	644	55	8305	0	0	0	0
10	1	2	86	14	down	1	512	479.663938633196	918.064822760055	473.912132366558	582.791435249171	561.699453452271	1210.72160285891	552.859513665176	766.516528501551	44.7186474714297	50.7172463161757	-593.823647004281	688.72598488759	286	76	2	10	138	257	188	14	3	50	5811	707	578	72	8290	0	0	0	0
10	1	2	86	14	down	2	512	485.442099238519	865.154411978215	487.179836368947	585.275772321923	501.335781333222	685.395229052559	528.515969613858	648.366214432942	46.4312408325026	53.3146218317697	-593.740438030639	688.533082425479	265	77	3	8	159	250	207	2	0	53	5790	713	598	67	8300	0	0	0	0
10	1	2	86	14	down	3	512	467.476541092268	723.891439645078	480.133266445536	567.179035480292	517.860539758207	1027.93623218832	527.769748932071	710.08970220058	50.7620529136505	51.3966022197741	-593.738178460096	688.527868499391	273	73	4	5	157	262	169	11	3	67	5803	760	548	57	8213	0	0	0	0
10	1	2	87	13	down	0	512	493.388403803207	841.405855643945	498.286453627178	612.059549474521	555.70148610696	1239.97215684368	536.846891743672	723.579363917785	42.3302288508554	56.1035932663078	-593.80866139927	688.691312456963	270	65	1	7	169	250	182	15	2	63	5420	653	517	66	8326	0	0	0	0
10	1	2	87	13	down	1	512	455.826097904458	634.715832327682	469.081330759593	521.42183648359	532.362092568214	911.518061488122	546.706564808204	705.67719659024	41.3406574946841	53.5168706135533	-593.812825429036	688.701061587652	270	76	3	3	160	258	201	7	2	44	5384	675	541	56	8458	0	0	0	0
10	1	2	87	13	down	2	512	511.6507830157	1047.06660212199	501.571439970315	646.480110099118	493.600193200403	777.38856884036	523.608987819807	675.27882869065	58.4404485502563	63.3269718058091	-593.762072103464	688.58307516166	278	66	1	12	155	251	184	5	4	68	5505	591	506	54	8278	0	0	0	0
10	1	2	87	13	down	3	512	489.961832664764	977.229350382211	485.660501646075	613.04989621542	526.574841654773	1120.17969351545	525.884755929485	714.960004202776	52.9772204111692	62.0765601934105	-593.667548511746	688.364233462224	269	82	5	11	145	245	170	13	6	78	5442	598	557	59	8476	0	0	0	0
10	1	2	88	12	down	0	512	497.581899308203	1027.94731188355	476.476802672666	572.416940154303	573.781492777265	1370.73268255415	561.101611335316	837.260470142431	47.3218627617201	52.4634594698642	-593.766278334547	688.592845565996	266	83	3	12	148	261	174	18	6	53	4985	590	506	63	8448	0	0	0	0
10	1	2	88	12	down	1	512	470.797754014776	702.180583196417	490.533299387711	585.778013804411	545.769410125095	1087.09988252456	544.47620803214	726.080253564209	49.3747164461339	50.1149816010237	-593.803554921214	688.679729151299	257	78	1	4	172	236	200	11	1	64	4912	618	565	49	8521	0	0	0	0
10	1	2	88	12	down	2	512	473.407657384771	699.415168372305	489.921232903707	597.143319232467	521.517080910083	961.25818651163	524.185811752242	672.513339806421	36.7675561419398	50.0021712938051	-593.822382270923	688.723030514044	269	67	5	4	167	264	180	9	4	55	4981	598	512	53	8213	0	0	0	0
10	1	2	88	12	down	3	512	514.808876977584	988.438229838806	505.423398638522	636.433793294067	510.845351486022	908.124261985771	517.6845634344	650.85888915301	51.3896964685575	51.8703656955178	-593.723899265411	688.494813778457	260	67	2	10	173	265	178	8	2	59	4969	603	522	50	8366	0	0	0	0
10	1	2	89	11	down	0	512	479.607250853833	745.992108558477	488.702799715624	575.140653175109	610.336741022584	1548.0098525976	585.552396517911	885.756392374424	47.3341780085988	54.9783052772772	-593.73423163771	688.518477080306	272	66	1	5	168	244	194	21	3	50	4531	547	497	57	8775	0	0	0	0
10	1	2	89	11	down	1	512	484.193835332886	964.485666634835	469.055588347013	555.307011402094	607.467450784149	1509.24799236567	595.876783861434	906.367652595818	47.7742028619966	53.1019789275702	-593.765510000272	688.591060881147	279	81	2	11	139	239	198	20	4	51	4534	524	512	62	8461	0	0	0	0
10	1	2	89	11	down	2	512	460.959800010075	744.251522167746	474.551887900827	563.522011831274	566.546497765091	1153.14999249517	575.388861771826	810.863274661583	43.5678760592639	49.926594140795	-593.777392785725	688.618754398841	280	76	7	6	143	244	206	12	3	47	4571	520	490	51	8541	0	0	0	0
10	1	2	89	11	down	3	512	503.013495445387	995.53445034737	487.774374511772	587.656090197781	573.130089900093	1239.18192184955	580.967778501177	856.416777352057	51.5702807078436	52.1388834826672	-593.729411748634	688.50749874555	279	67	3	11	152	236	204	14	3	55	4495	593	493	51	8686	0	0	0	0
10	1	2	90	10	down	0	512	465.605218199144	796.20939866741	470.524192205154	568.059936301551	570.557620727899	1264.81783576253	554.070126958221	760.5404300267	51.617691179206	57.5216745542239	-593.795667740441	688.660880017879	263	88	5	7	149	247	192	15	5	53	4208	486	378	48	8632	0	0	0	0
10	1	2	90	10	down	1	512	464.626504435396	908.442657585217	452.620344665176	535.290730748238	570.500932948535	1203.91141614999	576.011942859172	852.456099231036	32.1395983833518	45.339979373695	-593.808718077363	688.691424682899	251	109	2	10	140	221	210	13	7	61	4171	500	402	47	8591	0	0	0	0
10	1	2	90	10	down	2	512	450.393428801948	799.390764120982	444.214669875198	498.715496351388	567.611316163211	1259.45552903745	558.764233815932	796.104394627026	45.7066550549163	58.9987549542037	-593.806620915184	688.686599653833	282	92	2	8	128	250	190	15	3	54	4112	527	430	51	8593	0	0	0	0
10	1	2	90	10	down	3	512	425.077354154143	583.25640301801	434.452808437285	457.18472596688	551.804811668206	1191.93933780833	552.168861685947	771.601468862978	20.9502646385783	47.9385956661977	-593.927897307706	688.968084895525	271	98	2	3	138	262	179	14	3	54	4133	491	437	59	8407	0	0	0	0
10	1	2	91	9	down	0	512	487.648750361011	933.199636966881	476.523123086199	569.894154109033	569.424878311645	1258.49322065969	567.08103967232	794.469777330607	32.8365336135067	52.1573899895465	-593.851242281126	688.790095765573	281	73	3	10	145	259	188	15	3	47	3709	472	396	31	8620	0	0	0	0
10	1	2	91	9	down	1	512	505.451189546638	1037.57170126081	488.145727133724	610.158078306103	586.834228523214	1219.72028073252	593.389872936974	850.739211347002	23.2749418749331	48.4853597073402	-593.802480227911	688.676838231745	275	72	2	12	151	250	213	13	4	32	3689	486	408	25	8617	0	0	0	0
10	1	2	91	9	down	2	512	458.819999940391	745.596093117078	466.746387940055	547.555616858592	545.510023256654	1082.6280389982	574.263996294195	828.551088080009	42.7637476016654	56.4983850258323	-593.947578128557	689.013564867741	275	83	1	6	147	239	195	11	7	60	3774	434	364	36	8612	0	0	0	0
10	1	2	91	9	down	3	512	453.551522763832	629.569489453448	471.551462714537	537.95121052266	626.162499099152	1579.37127790509	604.988984593188	926.605867205324	43.515690599231	55.3224925567197	-593.767304803169	688.595185432782	272	76	4	3	157	231	209	21	5	46	3659	475	434	40	8707	0	0	0	0
10	1	2	92	8	down	0	512	453.311389476954	811.381900364791	440.153192526596	484.19037998521	615.778500433213	1486.99832806188	604.965281695686	928.151950497747	30.8278964215645	46.7949243513351	-593.864038427229	688.819890675444	266	100	2	8	136	242	209	19	2	40	3309	403	349	35	8645	0	0	0	0
10	1	2	92	8	down	1	512	446.757214196961	734.734012943919	447.446190082358	501.562002137251	579.214161879775	1317.27726094052	578.058541082778	833.803225545838	23.7137520635092	47.8752530326683	-593.971647468915	689.069189353107	254	105	1	6	146	245	196	16	2	53	3360	362	349	25	8773	0	0	0	0
10	1	2	92	8	down	2	512	423.369150221644	544.216936165521	440.502731412578	471.515070401233	615.999380138528	1526.64444851587	602.364545375473	929.361018289671	32.204014162218	46.8887481146329	-593.843050874895	688.771137793154	271	95	3	2	141	233	207	20	3	49	3308	391	355	42	8786	0	0	0	0
10	1	2	92	8	down	3	512	429.318447130384	689.985440082908	429.611418814936	450.943108583939	620.145278172278	1459.44622457246	616.617150722431	937.596997836553	35.8374184339865	51.5011479151199	-593.867570354969	688.828023990624	287	96	3	6	120	237	217	18	5	35	3317	411	334	34	8713	0	0	0	0
10	1	2	93	7	down	0	512	459.558580417262	889.286108169971	439.005121028314	490.779468980576	590.529276838217	1340.14733171564	595.012632103942	887.436530911737	32.3912505391034	55.6146872954372	-593.691173431705	688.418883861268	273	98	4	10	127	226	205	16	12	53	2857	374	313	40	9062	0	0	0	0
10	1	2	93	7	down	1	512	438.052002608513	783.182782608725	435.556139525044	490.827797138025	566.680199870708	1217.71229013055	581.388011371161	850.420150971473	25.4025472710227	50.7842810697836	-593.820968884624	688.720066890797	273	107	1	8	123	258	190	14	5	45	2883	342	327	32	8798	0	0	0	0
10	1	2	93	7	down	2	512	442.399526766015	680.59254265658	449.291391086326	507.05637976498	624.137147553522	1607.26883376144	612.675810404334	971.569341617159	35.0699264099063	49.9983386968242	-593.811822570694	688.698503152478	277	89	3	5	138	241	199	22	5	45	2873	355	320	36	8967	0	0	0	0
10	1	2	93	7	down	3	512	458.695388142893	747.588555618967	456.555380593187	515.124864122179	608.130089900093	1405.80054895895	605.804952090215	922.122843586172	28.0238471517377	51.6342944850065	-593.712920493433	688.469202244485	267	87	4	6	148	228	214	17	9	44	2898	349	296	41	9092	0	0	0	0
10	1	2	94	6	down	0	512	402.082379152884	572.939761990389	413.784648689075	428.828076993709	603.273955279154	1396.7907913901	615.695094921915	955.308331139254	24.671910732978	49.0395306438325	-593.871871679402	688.83775945953	287	108	3	4	110	231	210	17	8	46	2454	314	278	26	9229	0	0	0	0
10	1	2	94	6	down	1	512	443.292135895391	720.454626961424	438.880239449435	482.301360721489	562.630569744774	1141.24533158614	584.385754884713	840.462433273826	10.8878471145712	51.9007460926042	-593.888637405237	688.876772044533	267	97	7	6	135	253	198	12	6	43	2474	315	264	19	8875	0	0	0	0
10	1	2	94	6	down	2	512	436.381232873814	804.095854170096	430.801932087024	473.177378958576	619.3772808404	1565.78679608912	604.867908548283	941.915189871173	4.57604306235717	48.5495691636209	-593.898566972906	688.899595086651	296	96	5	9	106	235	202	21	6	48	2445	312	278	37	8840	0	0	0	0
10	1	2	94	6	down	3	512	437.476541092268	713.412499329403	437.049635467467	476.132581434632	570.107843974478	1060.81962751952	586.544452811959	821.180832989712	27.2130997733005	54.3371888117042	-593.681996933169	688.397572601167	265	104	3	6	134	226	231	9	1	45	2445	307	286	34	9219	0	0	0	0
10	1	2	95	5	down	0	512	435.873695375703	634.371257246665	446.496839563201	493.666224610824	578.254701697591	1208.02538069768	586.58954136428	854.651466977832	34.6823844131197	48.2134840778038	-593.699911284582	688.439121134103	274	91	5	4	138	244	209	13	4	42	2058	243	241	18	9203	0	0	0	0
10	1	2	95	5	down	1	512	438.61837381664	675.152187775797	441.696651352772	482.775777519715	613.79165605071	1516.72382292965	595.672686832504	901.417384770047	39.5012053059634	53.9952527547914	-593.765480705647	688.590924435732	275	93	3	5	136	246	200	20	4	42	1990	271	269	30	9328	0	0	0	0
10	1	2	95	5	down	2	512	464.558580417262	897.230676640292	454.15980247542	522.765987774072	559.924398466963	1102.34555565906	567.006006025505	778.466518826803	11.2494258079725	51.9297110019915	-593.853496385152	688.795062364255	277	93	1	10	131	254	203	11	2	42	2058	261	221	20	9119	0	0	0	0
10	1	2	95	5	down	3	512	422.399526766015	574.756621306567	435.711490051894	478.74798360827	623.69646110822	1469.8253856557	617.733183873145	940.872979796025	2.92774733534432	49.2935061176056	-593.726412080571	688.500547376295	277	95	5	3	132	226	223	18	6	39	2092	273	177	18	9188	0	0	0	0
10	1	2	96	4	down	0	512	431.59302227101	695.131782957142	427.049697676731	451.379827806083	596.844391796659	1281.06840214235	615.716211735231	940.66332572358	15.270186240771	53.379057082459	-593.800196021313	688.671485860118	285	96	2	6	123	227	222	14	7	42	1602	227	200	19	9315	0	0	0	0
10	1	2	96	4	down	1	512	483.138107242885	961.79032175951	455.877673387405	532.721970503271	580.001412793217	1248.89278656158	595.227209169699	894.622425048966	22.190396957041	55.4336995539828	-593.793142068537	688.655227477722	275	82	8	11	136	238	207	14	5	48	1648	209	172	19	9386	0	0	0	0
10	1	2	96	4	down	2	512	408.013495445387	548.490098512931	416.737661361366	420.736574317688	610.001412793217	1481.75753164596	608.606530501378	944.499244299065	16.5471182648584	47.7224081905909	-593.870644894835	688.835021003539	287	101	0	3	121	230	208	19	4	51	1644	207	180	17	9082	0	0	0	0
10	1	2	96	4	down	3	512	437.840213211317	773.035990762322	438.628524891949	505.65718361287	567.966970939468	1194.37305313534	574.64677622915	821.420006172122	20.9893131646451	46.1765065776886	-593.799117906771	688.668955064869	292	94	4	8	114	238	205	13	2	54	1690	190	152	16	9161	0	0	0	0
10	1	2	97	3	down	0	512	410.240473114768	559.311389707205	421.473558107233	438.181342450265	608.474508437579	1538.66084563849	609.341468465949	965.569491576431	12.0126831135571	45.5117489294831	-593.909333312716	688.925222865231	269	110	2	3	128	256	187	21	5	43	1268	132	118	18	9301	0	0	0	0
10	1	2	97	3	down	1	512	421.689290178826	609.768149973975	439.528934813061	489.622928448144	554.943652048527	1058.27282906242	573.781173737943	789.987037571861	12.7877498700354	55.0229548066118	-593.778801692534	688.62216364549	280	99	1	4	128	253	204	10	3	42	1200	173	151	12	9553	0	0	0	0
10	1	2	97	3	down	2	512	446.977020936949	721.311830416004	450.062448538212	511.446526699328	603.196940952901	1467.27238422194	587.255947762145	869.659832960168	7.89046558010027	51.772333004795	-593.879156331416	688.854837980429	282	86	4	6	134	239	201	19	2	51	1241	143	143	9	9278	0	0	0	0
10	1	2	97	3	down	3	512	434.520073254135	699.593424074177	438.429361695389	477.976963440802	575.855514759466	1204.92471591596	584.797249945712	849.203560724932	19.9619862912897	48.9451669358368	-593.789473846063	688.646576478762	287	93	1	6	125	246	209	13	0	44	1215	168	134	19	9187	0	0	0	0
10	1	2	98	2	down	0	512	420.892948957267	574.462609300018	436.585815414852	475.407774906468	588.754221852909	1305.93536316577	601.832153684964	907.872553943922	13.4095285002406	51.2307434513804	-593.7928966031	688.654477838624	273	99	4	3	133	223	214	15	5	55	820	120	72	12	9417	0	0	0	0
10	1	2	98	2	down	1	512	457.457287510705	744.183676421377	449.622286148751	499.344233064729	642.381346149778	1716.822275904	618.960544988922	989.828264637624	-0.877406651190202	41.4880184309657	-593.843102207639	688.771162300716	270	86	4	6	146	225	209	24	4	50	807	119	89	9	9217	0	0	0	0
10	1	2	98	2	down	2	512	433.522105908824	699.679899408951	425.999896882733	452.194527178526	620.088590392914	1398.56641275523	618.108640206761	927.135669568092	12.4853180813844	48.9886690030352	-593.729078554638	688.506668161348	280	97	4	6	125	215	236	16	3	42	844	90	80	10	9383	0	0	0	0
10	1	2	98	2	down	3	512	409.453222201327	516.50296170179	420.373065287915	423.743419929418	617.707584071027	1417.40897365901	613.707300945641	918.254239001633	-5.211626437191	51.7974981987568	-593.878794412916	688.853992300099	284	98	0	2	128	241	218	17	6	30	790	123	99	12	9129	0	0	0	0
10	1	2	99	1	down	0	512	412.581899308203	522.601410544456	424.344701441202	437.576859434608	631.24967669885	1525.31762986903	625.893994096004	945.068930294653	-6.71583364997974	52.8046519409058	-593.74215284957	688.537012359365	278	98	4	2	130	212	230	19	4	47	416	52	42	2	9723	0	0	0	0
10	1	2	99	1	down	1	512	441.977020936949	713.393869740997	441.070951047767	484.588685155668	647.976061247586	1721.30032240702	630.963605018363	1006.0317185999	15.7054480160379	50.0373666060389	-593.732450696056	688.51444940282	282	90	3	6	131	236	209	24	4	39	418	52	39	3	9545	0	0	0	0
10	1	2	99	1	down	2	512	407.341766021325	585.302958396442	412.073474981314	420.396198630605	657.679240181345	1672.73846961213	660.028954177853	1093.2751935855	15.0288634338445	53.8027056330089	-593.781695120937	688.628621646877	280	109	2	4	117	220	231	22	5	34	394	61	49	8	9425	0	0	0	0
10	1	2	99	1	down	3	512	442.361019602888	715.82003517484	438.256929077971	477.697968510814	604.004518413232	1230.49768145958	625.927076515551	947.224014968481	-1.46502330482097	50.8965503568305	-593.678351984068	688.389118073791	279	92	2	6	133	210	245	12	4	41	391	60	51	10	9633	0	0	0	0
10	1	2	100	0	dwell	0	512	416.152335825707	608.045315885738	415.427723459028	430.481187002703	0	0	0	0	-14.6845714648596	42.9373152590111	-593.840346665713	688.764608611972	262	114	2	4	130	0	0	0	0	0	0	0	0	0	9729	0	0	0	0
10	1	2	100	0	dwell	1	512	388.502852327261	479.189430425868	396.996369612002	376.444620459492	0	0	0	0	5.07269523626116	48.0013754219596	-593.84453553684	688.774323558023	285	111	4	2	110	0	0	0	0	0	0	0	0	0	9398	0	0	0	0
10	1	2	100	0	dwell	2	512	398.138107242885	567.663930600077	398.392389065103	391.962690188005	0	0	0	0	0.357788663924678	46.9790589588247	-593.79784699221	688.666060443034	283	113	4	4	108	0	0	0	0	0	0	0	0	0	9649	0	0	0	0
10	1	2	100	0	dwell	3	512	400.249563422887	572.974796964782	396.089052400424	387.28443591509	0	0	0	0	-8.12134496252163	55.295150137117	-593.780601434717	688.625953691176	279	114	4	4	111	0	0	0	0	0	0	0	0	0	9506	0	0	0	0
10	1	2	100	0	dwell	4	512	383.838180556628	537.497182907188	384.760050325084	362.563490903518	0	0	0	0	-0.595719745664051	52.1546967262396	-593.790416689555	688.64905216458	295	115	6	4	92	0	0	0	0	0	0	0	0	0	9680	0	0	0	0
10	1	2	100	0	dwell	5	512	429.549490109143	663.924250417053	422.397273245707	457.721201633612	0	0	0	0	8.37958282235132	54.10010407685	-593.846655162356	688.779012962769	259	107	10	5	131	0	0	0	0	0	0	0	0	0	9484	0	0	0	0
10	1	2	100	0	dwell	6	512	417.197900642264	676.368147494964	410.289526133771	419.951021275302	0	0	0	0	-10.1170482933492	47.9585948008463	-593.804248228321	688.681150707206	273	114	2	6	117	0	0	0	0	0	0	0	0	0	9402	0	0	0	0
10	1	2	100	0	dwell	7	512	407.831122903199	621.838211659392	398.884437646029	397.126445848077	0	0	0	0	7.73522602996352	42.1257438706071	-593.871038751664	688.835711833308	278	113	4	5	112	0	0	0	0	0	0	0	0	0	9431	0	0	0	0
10	1	2	100	0	dwell	8	512	402.764271850391	544.557062841703	407.431840360467	407.633478556846	0	0	0	0	5.81451602697918	44.8191835249434	-593.807314669167	688.688104742762	271	113	5	3	120	0	0	0	0	0	0	0	0	0	9721	0	0	0	0
10	1	2	100	0	dwell	9	512	373.848343830073	493.062598557637	380.701793997761	356.408183525287	0	0	0	0	15.9353490232498	47.7983945748905	-593.834276440078	688.750657619655	280	129	3	3	97	0	0	0	0	0	0	0	0	0	9389	0	0	0	0
10	1	2	100	0	dwell	10	512	402.110723042566	640.448403326338	396.747355209797	402.864631228497	0	0	0	0	-4.33384278793231	50.7695352748552	-593.688580956603	688.412850595765	296	110	3	6	97	0	0	0	0	0	0	0	0	0	9553	0	0	0	0
10	1	2	100	0	dwell	11	512	409.875728030392	594.841321411092	411.867927800539	426.132053808482	0	0	0	0	2.8912569368376	55.5146333614911	-593.817218952772	688.71094688047	263	116	7	4	122	0	0	0	0	0	0	0	0	0	9636	0	0	0	0
10	1	2	100	0	dwell	12	512	402.985151555705	547.174359561332	411.484776590862	419.345607598412	0	0	0	0	-6.16484810331194	50.7798960868441	-593.797998470041	688.666516000579	270	115	1	3	123	0	0	0	0	0	0	0	0	0	9672	0	0	0	0
10	1	2	100	0	dwell	13	512	402.831122903199	539.782780129714	404.684456363572	398.470359666982	0	0	0	0	0.111483726349969	56.3423875031215	-593.828543909589	688.737352853026	282	106	5	3	116	0	0	0	0	0	0	0	0	0	9688	0	0	0	0
10	1	2	100	0	dwell	14	512	438.511942635379	847.362817672531	416.671507944474	453.707666300232	0	0	0	0	1.43466326826277	47.0518387145866	-593.730778698144	688.510612675068	283	105	9	10	105	0	0	0	0	0	0	0	0	0	9517	0	0	0	0
10	1	2	100	0	dwell	15	512	419.951669391319	709.592975102008	411.746652434695	435.172433354365	0	0	0	0	-8.41611176417399	48.4054149801696	-593.854356337779	688.797194823534	288	106	3	7	108	0	0	0	0	0	0	0	0	0	9424	0	0	0	0
10	1	2	100	0	dwell	16	512	401.966857663504	678.595631749855	392.367342383489	395.331601524637	0	0	0	0	-12.3730020148364	46.6839579804954	-593.724803166465	688.496710497226	289	118	4	7	94	0	0	0	0	0	0	0	0	0	9704	0	0	0	0
10	1	2	100	0	dwell	17	512	388.550449798506	547.59873736987	395.676672334224	389.901019096395	0	0	0	0	1.50587189318467	51.9910387674721	-593.772152544252	688.60670502288	289	115	7	4	97	0	0	0	0	0	0	0	0	0	9862	0	0	0	0
10	1	2	100	0	dwell	18	512	432.217154223827	738.131342248344	423.023060340005	450.978428547147	0	0	0	0	-5.79156745071256	48.2344098890639	-593.960336893918	689.042882869648	272	108	1	7	124	0	0	0	0	0	0	0	0	0	9411	0	0	0	0
10	1	2	100	0	dwell	19	512	390.259726696331	417.347310230881	406.186776291388	389.142672118428	0	0	0	0	13.8455270345496	45.7281187347763	-593.914063123143	688.935849051638	272	111	2	0	127	0	0	0	0	0	0	0	0	0	9476	0	0	0	0
10	1	2	100	0	dwell	20	512	390.249563422887	557.138875614769	392.474787614199	379.995376006732	0	0	0	0	7.15356455563516	50.4530186217984	-593.866863916699	688.826342878391	279	122	2	4	105	0	0	0	0	0	0	0	0	0	9509	0	0	0	0
10	1	2	100	0	dwell	21	512	393.099600079758	520.835991588659	400.439685593482	399.527868944716	0	0	0	0	-3.76182561467184	52.6562275636908	-593.747335259757	688.548963859809	289	109	4	3	107	0	0	0	0	0	0	0	0	0	9731	0	0	0	0
10	1	2	100	0	dwell	22	512	420.692395798842	699.978359820336	411.360131872358	432.221698771007	0	0	0	0	10.5917528298463	43.4472726817161	-593.848261858394	688.782844497657	232	137	3	6	134	0	0	0	0	0	0	0	0	0	9472	0	0	0	0
10	1	2	100	0	dwell	23	512	394.644685051633	597.095413461298	396.929976446668	386.806591859911	0	0	0	0	14.5971049445864	56.4501557834674	-593.721847779567	688.489902100764	283	119	5	5	100	0	0	0	0	0	0	0	0	0	9727	0	0	0	0
10	1	2	100	0	dwell	24	512	404.568743690706	662.317151975067	395.957506922595	404.400503199769	0	0	0	0	-4.74639227654486	44.894631722146	-593.816884156234	688.710152124476	254	134	5	6	113	0	0	0	0	0	0	0	0	0	9454	0	0	0	0
10	1	2	100	0	dwell	25	512	386.516007944757	508.914925293638	392.031508538716	375.05469278613	0	0	0	0	-15.8701009041856	49.513374128755	-593.720923272229	688.48756699803	289	113	6	3	101	0	0	0	0	0	0	0	0	0	9606	0	0	0	0
10	1	2	100	0	dwell	26	512	414.020553098816	734.069246374781	405.290874486069	428.358749236393	0	0	0	0	6.68919595194767	51.2730444643238	-593.779465082813	688.623250319332	292	112	2	8	98	0	0	0	0	0	0	0	0	0	9598	0	0	0	0
10	1	2	100	0	dwell	27	512	403.18570471413	606.962374484721	401.281551950077	396.543400929883	0	0	0	0	2.90036096773055	48.7159930485233	-593.912992429592	688.933005723638	295	106	3	5	103	0	0	0	0	0	0	0	0	0	9476	0	0	0	0
10	1	2	100	0	dwell	28	512	420.240473114768	686.313605646253	419.126221333448	464.131269040248	0	0	0	0	0.346384101304938	52.6168089564135	-593.833814337786	688.749718325136	257	120	7	6	122	0	0	0	0	0	0	0	0	0	9700	0	0	0	0
10	1	2	100	0	dwell	29	512	394.981086246327	494.00362483083	400.454859452406	394.831080957178	0	0	0	0	15.4710932378132	52.4233043436622	-593.695565225467	688.429031933793	272	113	8	2	117	0	0	0	0	0	0	0	0	0	9761	0	0	0	0
10	1	2	100	0	dwell	30	512	383.877760685081	481.200522516163	390.271786813491	370.320800591779	0	0	0	0	8.8584371492986	49.8006020456856	-593.890158052773	688.880145621979	260	129	7	2	114	0	0	0	0	0	0	0	0	0	9763	0	0	0	0
10	1	2	100	0	dwell	31	512	410.00033982789	555.76681958421	416.147940245575	444.388549784913	0	0	0	0	-2.25685907919089	49.8262574589002	-593.75374093624	688.563873786251	271	107	7	3	124	0	0	0	0	0	0	0	0	0	9749	0	0	0	0
10	1	2	101	1	up	0	512	445.47953343632	750.54375481236	441.483853149437	489.689254849373	616.46039313072	1421.56019738351	626.869339100577	970.209804335257	5.65545855716038	53.1943967560313	-593.829059027137	688.738226788982	292	85	3	7	125	230	223	17	3	39	411	56	41	4	9665	0	0	0	0
10	1	2	101	1	up	1	512	440.374175220385	819.683000897281	423.875529355655	456.084068834439	701.527244183528	1996.21607127466	675.515908622007	1159.65869253167	2.54928147924525	53.371015329659	-593.787945328571	688.643060474722	279	105	2	9	117	217	228	29	8	30	393	60	55	4	9537	0	0	0	0
10	1	2	101	1	up	2	512	437.197900642264	782.177461049662	427.955929617765	474.379811114156	678.42798393166	1819.55487995614	666.162287803355	1113.08445972701	2.40738067849708	50.8310901650012	-593.752066279628	688.559743273204	269	109	4	8	122	211	236	25	3	37	417	45	46	4	9675	0	0	0	0
10	1	2	101	1	up	3	512	452.620406471329	773.156623785578	441.117924081948	491.3274900497	613.54350542104	1314.38903020758	629.430330043368	953.585494482091	12.8092368387576	48.6694590463243	-593.69126938672	688.419158333867	268	95	3	7	139	221	240	14	1	36	424	47	40	1	9670	0	0	0	0
10	1	2	102	2	up	0	512	425.192875643523	588.76682784758	430.812434503342	447.863991031522	625.960872975401	1540.62582305915	620.858634698047	981.734831799002	10.3121912734009	50.9069313053575	-593.678865103846	688.390400009524	257	106	4	3	142	235	211	20	7	39	827	90	88	19	9580	0	0	0	0
10	1	2	102	2	up	1	512	418.742985614138	567.323803923896	425.669886830318	439.279543657921	602.477614057594	1398.56729004114	608.679262352443	919.490825424904	5.69061081948403	51.6793587559628	-593.753047490877	688.562084586767	283	95	2	3	129	224	212	17	8	51	812	107	95	10	9661	0	0	0	0
10	1	2	102	2	up	2	512	435.73892030476	702.071029868401	436.869137750699	471.608657367359	606.690363144153	1511.95176442008	592.167139890902	908.069786506337	27.3096649979114	48.5122959561038	-593.801217399472	688.674325655287	285	93	2	6	126	231	201	20	3	57	831	86	101	6	9432	0	0	0	0
10	1	2	102	2	up	3	512	438.877760685081	679.570815711529	431.299033442825	453.316522920892	590.136187864159	1271.21962173516	593.361548607431	859.32076664951	1.89367806978888	51.304494573926	-593.748693170732	688.552252489327	264	99	5	5	139	231	220	14	0	47	851	83	83	7	9367	0	0	0	0
10	1	2	103	3	up	0	512	440.79668104945	786.881673812864	435.37479316761	493.540909748024	617.372255841659	1462.37616288704	608.659748079245	935.642844503763	9.34881951022696	45.0699240508734	-593.781446320854	688.628074231278	274	104	2	8	124	223	222	18	2	47	1188	178	150	20	9137	0	0	0	0
10	1	2	103	3	up	1	512	452.553555418521	703.793435642895	457.561583189725	525.208021450408	562.314495096969	1150.05775489254	570.85307794855	809.95681992959	11.7964806167074	50.9911155608927	-593.821861300338	688.721892490148	261	91	5	5	150	234	206	12	4	56	1247	135	139	15	9378	0	0	0	0
10	1	2	103	3	up	2	512	443.406584419444	672.949964399716	440.722161178614	469.638595029753	589.396534421963	1296.82050067375	591.655791593289	867.390358143182	11.9101520565333	49.7942833965874	-593.861401074996	688.81344773563	298	75	3	5	131	250	207	15	1	39	1256	140	120	20	9307	0	0	0	0
10	1	2	103	3	up	3	512	433.857434138192	728.876788830914	429.301932497489	458.274061869639	603.975101558224	1258.16907105575	619.53188038306	933.559578175008	14.6774016207354	41.946775846464	-593.798001875887	688.666754331636	298	90	2	7	115	226	233	13	6	34	1232	164	126	14	9369	0	0	0	0
10	1	2	104	4	up	0	512	451.219186878516	769.916268078459	448.422920952804	515.015187896053	558.801819324154	1141.50653282071	579.290062659982	833.04219157683	2.97010265855276	47.472560188079	-593.786903026771	688.640737399132	269	95	4	7	137	239	201	12	5	55	1606	234	182	26	9341	0	0	0	0
10	1	2	104	4	up	1	512	434.107730698514	666.714048834063	435.147831555252	466.481123116547	611.411722694148	1477.44178443099	605.512784566184	920.661980384725	8.99688511789351	50.2762610606371	-593.739533937191	688.530811210951	277	95	3	5	132	243	203	19	6	41	1659	220	157	12	9655	0	0	0	0
10	1	2	104	4	up	2	512	448.665971287885	759.424023865126	438.599215737535	471.028861762738	604.320593061036	1332.90476833285	600.501674543542	883.575198720371	19.5707445196271	45.1998439244571	-593.791278702455	688.651019093191	283	88	4	7	130	225	227	15	1	44	1685	185	162	16	9348	0	0	0	0
10	1	2	104	4	up	3	512	406.948677047267	479.239993500338	427.266750764782	433.93412477839	580.346904296029	1249.46440518869	587.431323671596	862.906689437339	17.1978125611723	46.412322658649	-593.808330101438	688.690610938303	277	100	1	1	133	237	207	14	6	48	1638	198	194	18	9149	0	0	0	0
10	1	2	105	5	up	0	512	438.8868509932	783.234222969106	427.342610195819	461.115033829763	606.220259843842	1365.12427438083	607.120641501331	912.117584974915	24.9881087229417	53.6835833711091	-593.655373867769	688.335707785179	274	105	3	8	122	236	217	16	5	38	2058	248	231	23	9300	0	0	0	0
10	1	2	105	5	up	1	512	449.146237861641	766.459948520487	445.362905156225	499.741835068144	603.100673045085	1425.60719347074	593.811351766629	877.777935463631	23.4560823640599	47.5311658839661	-593.739127124106	688.530148099523	271	96	2	7	136	252	201	18	2	39	2061	241	231	27	8943	0	0	0	0
10	1	2	105	5	up	2	512	430.835188212577	698.736220619597	428.731537790373	466.226644810095	572.938627049786	1134.7823724744	589.222474602877	830.895502647321	16.4649272026856	46.2404067834439	-593.770608044469	688.602744103758	272	104	4	6	126	229	221	11	3	48	2033	267	226	34	9056	0	0	0	0
10	1	2	105	5	up	3	512	443.972955627571	787.30517433549	435.555393705096	480.774592813161	581.412795659475	1223.53447926917	589.864417710616	863.256728335231	18.0626795864113	46.4391700688641	-593.774007675142	688.610982891534	284	95	3	8	122	222	220	13	3	54	2082	241	222	15	9290	0	0	0	0
10	1	2	106	6	up	0	512	424.060133227269	619.471036479097	422.873980875412	437.226758228671	619.194908298212	1527.99522244186	607.319242800916	925.730401435602	19.3627300428561	47.3159023254915	-593.815291457595	688.70646965402	261	107	7	4	133	242	206	20	3	41	2480	285	287	20	9045	0	0	0	0
10	1	2	106	6	up	1	512	423.03274902695	573.171253941316	432.920238453623	460.649171487633	644.492802329779	1647.99567141403	627.924314110281	993.512600002685	18.4519367174494	48.3538864512508	-593.885793395943	688.869971907894	286	90	2	3	131	225	219	22	6	40	2488	315	244	25	8983	0	0	0	0
10	1	2	106	6	up	2	512	433.09050977164	628.844427031107	439.225171728601	462.907011659419	601.585004928218	1432.84267659097	605.478571329901	948.570222563967	29.4896749065512	51.830964392213	-593.82359996281	688.726135119478	279	91	2	4	136	230	208	18	2	54	2488	278	276	30	8968	0	0	0	0
10	1	2	106	6	up	3	512	430.595054925699	658.162826762238	434.902214216543	481.508771016933	623.754221852909	1435.55177433612	619.633482070437	944.971502083965	22.6675308231815	51.5598480636763	-593.814133154162	688.703856374328	282	94	4	5	127	227	230	17	2	36	2453	299	282	38	8903	0	0	0	0
10	1	2	107	7	up	0	512	417.38936349257	632.519362956093	424.217331350667	444.294233550494	655.461352820082	1802.60940940979	624.220862411437	1006.58398961495	22.6657028706791	55.2069106813292	-593.73021292831	688.509243348782	292	98	2	5	115	240	202	26	6	38	2897	369	291	27	8850	0	0	0	0
10	1	2	107	7	up	1	512	447.850376484762	797.328680642475	443.567585630381	514.943078336099	578.321552750399	1351.49943189972	573.44782442959	834.45414763262	21.1631377746362	45.1769268608541	-593.816239054636	688.708719621782	273	98	6	8	127	243	190	17	4	58	2910	372	267	35	8757	0	0	0	0
10	1	2	107	7	up	2	512	418.157360824448	563.234222969106	431.437706350199	451.595971412061	612.764271850391	1581.56372718559	597.424014163052	912.456730830529	16.2663818443363	45.6865058762717	-593.707307597362	688.456011614818	290	91	2	3	126	255	185	22	6	44	2864	377	306	37	9070	0	0	0	0
10	1	2	107	7	up	3	512	400.221219533205	468.384116303838	431.162507899742	477.206110117974	585.942692359164	1232.87328381895	600.05564830403	887.399590458317	29.0593275709819	50.2723460233761	-593.782613647836	688.630900489919	270	107	7	1	127	215	224	13	6	54	2908	354	287	35	8886	0	0	0	0
10	1	2	108	8	up	0	512	460.768337159768	751.044875176939	455.894491869303	507.27121677946	609.981086246327	1613.09232849971	584.083282494307	891.19862865411	20.1859719199442	48.1691784521092	-593.75654895539	688.570160383345	265	86	6	6	149	256	179	23	4	50	3356	390	319	31	8918	0	0	0	0
10	1	2	108	8	up	1	512	464.951669391319	780.907836767695	463.95006394701	541.654923393064	565.029756682898	1181.42803569285	575.244034207793	822.572194714286	31.2266518186589	50.3920278848621	-593.806643819154	688.686507335848	296	68	4	7	137	251	195	13	7	46	3279	403	377	37	8914	0	0	0	0
10	1	2	108	8	up	2	512	456.641692707581	819.170372523719	443.296066068603	492.138258822565	624.973068903535	1400.97394860067	622.615465539247	934.084273642045	50.2142719989841	61.8601872906148	-593.806820954619	688.686849580945	260	101	3	8	140	229	235	16	2	30	3331	392	338	35	8789	0	0	0	0
10	1	2	108	8	up	3	512	467.515048255394	911.049751895519	446.802229405525	522.290369264268	600.922365812275	1425.07060981803	590.946771760431	881.101687719671	44.1968072964984	46.6871557657051	-593.820680632717	688.718761101086	255	104	3	10	140	245	202	18	2	45	3350	344	363	39	8735	0	0	0	0
10	1	2	109	9	up	0	512	452.687257524138	731.326909543911	456.335040052562	507.73568805436	567.814015252288	1054.74601124192	588.162927462189	833.002635814875	47.6143688323907	51.3891716034026	-593.691355288234	688.419088256112	283	82	2	6	139	229	227	9	3	44	3725	471	363	49	8970	0	0	0	0
10	1	2	109	9	up	1	512	503.858507103518	1041.12469856288	488.327291100158	620.650446650185	607.227317497272	1579.86750089266	585.382070754505	889.832204947957	26.510923559235	48.8676487799621	-593.905380278753	688.91544368345	261	82	2	12	155	241	188	22	3	58	3770	441	359	38	8678	0	0	0	0
10	1	2	109	9	up	2	512	470.585964617581	766.171262204687	478.166848782171	567.049129676389	562.323585405088	1253.72116215012	559.753219436593	786.360328459362	31.2765420735203	51.7280989722952	-593.776333123962	688.616444687998	272	76	2	6	156	244	189	15	2	62	3697	441	420	50	8996	0	0	0	0
10	1	2	109	9	up	3	512	451.794648394761	765.549080503108	456.042861158777	514.437832463995	635.903112230711	1590.78857131937	620.29102599843	968.006847754896	26.4040794396545	47.9476513303374	-593.668142673733	688.365041524959	281	87	4	7	133	242	212	21	5	32	3696	480	376	56	9005	0	0	0	0
10	1	2	110	10	up	0	512	457.35192929477	710.047980796954	462.157777796066	533.078261590586	550.922365812275	1123.42537491332	566.900192230296	809.854985461157	37.8930784461122	52.1036295684124	-593.873258820441	688.841027694178	265	85	5	5	152	249	191	12	6	54	4124	490	465	41	8550	0	0	0	0
10	1	2	110	10	up	1	512	447.092542426329	689.79343151121	449.81828370819	494.1776127783	585.412682383511	1421.95219273382	567.497806051393	838.518669196492	30.0543536370259	51.643599673203	-593.668738902613	688.366887599541	276	87	1	5	143	273	175	19	3	42	4124	535	414	47	8813	0	0	0	0
10	1	2	110	10	up	2	512	437.131049589455	712.840880702294	439.748730838451	485.085660274447	558.67613456133	1238.73224184536	553.037296224884	785.354853521649	36.0876992367944	49.0386900871464	-593.766537803661	688.593488052783	266	104	2	6	134	264	179	15	2	52	4195	486	394	45	8571	0	0	0	0
10	1	2	110	10	up	3	512	487.668003942574	971.182341899926	467.782622622365	550.458769652603	564.780533087902	1185.49278408257	560.099473108271	767.313880473311	44.9606725632084	50.4723556272488	-593.833743182919	688.748990574618	276	80	3	11	142	247	200	13	1	51	4165	494	406	55	8601	0	0	0	0
10	1	2	111	11	up	0	512	475.547457454454	846.345539132317	477.064654046852	574.03447066966	596.306364478214	1419.55220678155	585.345362404184	883.857884259641	48.1833831890722	51.2455211130458	-593.662179726797	688.351424447376	266	82	7	8	149	238	200	18	4	52	4469	585	523	55	8801	0	0	0	0
10	1	2	111	11	up	1	512	547.150303171019	1295.78589814478	513.721912255632	696.647881548962	598.293208860717	1389.80010411846	589.60469055477	879.908324058867	43.7481788816374	57.0677690025799	-593.637679302118	688.294933399342	253	75	2	17	165	230	208	17	6	51	4613	502	470	47	8839	0	0	0	0
10	1	2	111	11	up	2	512	499.156401135085	854.149539391321	501.655034213829	616.001102265122	549.635594743515	1183.87325902884	546.776575287197	746.344142374639	45.7444105721003	58.038492256258	-593.899308850356	688.90132277599	260	66	4	7	175	273	174	14	2	49	4589	535	463	45	8466	0	0	0	0
10	1	2	111	11	up	3	512	479.098640390396	745.585013421839	492.140564614117	595.187935811579	546.978093902275	1081.09411199333	563.470506694522	798.456100015744	43.3837380801134	59.9820042917411	-593.778963295076	688.622348039632	271	67	1	5	168	249	193	11	6	53	4586	529	453	64	8575	0	0	0	0
10	1	2	112	12	up	0	512	514.481566091008	1083.94730775187	499.108607419178	633.644007087219	568.983118901016	1327.42270587042	552.32299088658	770.562670959648	39.463169629296	52.4528955859048	-593.734062637918	688.518282835174	281	64	6	13	148	261	176	17	5	53	4955	633	491	65	8457	0	0	0	0
10	1	2	112	12	up	1	512	545.787590741332	1183.18057906473	524.944531832194	694.68495308222	509.233415461338	947.805417414157	513.427713896766	656.662982813224	41.7906585199179	52.4901917039067	-593.746080951375	688.546024217357	256	61	6	14	175	248	177	9	4	74	4992	574	522	56	8536	0	0	0	0
10	1	2	112	12	up	2	512	492.946644392578	873.279909324996	498.580513457219	620.292008093832	513.484671711024	951.82492842016	519.951442154963	672.92961610026	56.2413358752374	56.0205308125894	-593.648195617422	688.319311371748	276	65	2	8	161	257	178	9	2	66	4951	602	533	58	8524	0	0	0	0
10	1	2	112	12	up	3	512	474.568743690706	810.330464136095	474.540513945637	553.371895030265	559.415788003526	1138.9938920521	559.82655529419	768.984902831658	45.9033445705577	56.1212906871054	-593.80083329169	688.673543675829	266	80	4	7	155	249	199	12	3	49	4965	627	499	53	8496	0	0	0	0
10	1	2	113	13	up	0	512	474.43504158509	708.686127175722	487.805140274201	576.654872359511	557.976061247586	1208.03646039292	549.825585455295	763.273441450787	50.4252560755735	52.6647768800632	-593.84694958047	688.779835829478	252	77	5	4	174	248	188	14	4	58	5386	642	560	68	8339	0	0	0	0
10	1	2	113	13	up	1	512	511.420813002267	1126.11627138381	493.785581415373	653.617762018096	537.832195868525	1066.23690440706	547.086050219396	752.002274213674	60.0293610829067	53.6485033860425	-593.750596453003	688.556679577661	257	86	4	14	151	249	187	11	5	60	5441	636	525	54	8516	0	0	0	0
10	1	2	113	13	up	2	512	514.223252187894	984.348648884017	508.61204347019	641.922473737005	475.431935965074	729.668819713712	499.065484484049	600.509351401594	51.9542517276709	51.8447972036296	-593.765431022925	688.590902498261	267	63	2	10	170	292	157	5	2	56	5385	657	550	64	8469	0	0	0	0
10	1	2	113	13	up	3	512	508.455254856016	971.578357341325	502.508393674513	631.118607558812	535.145278172278	1102.3752649427	527.26414183433	696.004602539338	44.272504166623	53.7046723730831	-593.768330971517	688.597570837189	273	63	3	10	163	241	185	12	2	72	5412	625	561	58	8462	0	0	0	0
10	1	2	114	14	up	0	512	521.843318831333	1035.04000259004	509.133732123384	652.041892587988	535.64372536227	1131.38102307888	530.828416187277	716.502227366525	54.897435271279	55.1970784853034	-593.723281689736	688.493230113071	260	65	4	11	172	257	174	13	3	65	5780	685	626	77	8281	0	0	0	0
10	1	2	114	14	up	1	512	495.826097904458	883.443106557386	495.209428325295	596.283520833366	483.849416795399	757.514506895939	503.05745590842	609.485381082896	39.7005497877499	48.3568198126344	-593.83283378954	688.747149139907	266	70	0	8	168	259	174	5	4	70	5727	738	640	63	8011	0	0	0	0
10	1	2	114	14	up	2	512	514.4147150382	1014.58411960919	503.08022057051	631.36659623861	508.944611737889	896.920708219925	518.988508881315	664.28817640137	43.2889503541493	51.9025114500452	-593.696570327713	688.431568036419	274	60	8	11	159	279	169	8	6	50	5736	760	600	72	8436	0	0	0	0
10	1	2	114	14	up	3	512	467.073288844766	757.620040132862	481.743847312281	581.136366482819	509.31952009571	869.847545046178	522.774927929554	663.464163727278	57.8614473686284	55.7763769709654	-593.768526892491	688.598118313601	277	75	3	6	151	266	182	7	1	56	5772	659	652	85	8491	0	0	0	0
10	1	2	115	15	up	0	512	498.906104574763	953.367710917851	494.093919931766	595.752061659563	511.574841654773	874.04000672173	526.808168037407	678.971029648954	53.1412042312254	51.9814124442617	-593.852946201985	688.793992681072	277	67	4	10	154	261	183	7	5	56	6245	743	626	66	8012	0	0	0	0
10	1	2	115	15	up	1	512	539.300266514147	1175.89587978654	520.625871441546	704.034127053951	544.396534421963	1151.34156035807	539.148386990821	736.983227722103	71.5127593444803	56.5382860609051	-593.766870405873	688.594281710868	251	70	3	14	174	242	184	13	6	67	6279	717	604	80	8179	0	0	0	0
10	1	2	115	15	up	2	512	492.380273184451	833.008954653263	498.720407339179	618.835417194225	537.909210194778	1107.00142955021	538.508189500375	737.122505707153	52.9032612389463	56.1047756190883	-593.812426669553	688.699740132354	278	58	8	7	161	241	187	12	2	70	6239	772	593	76	8081	0	0	0	0
10	1	2	115	15	up	3	512	508.656880979767	973.268380657587	505.115722045273	632.120177865646	501.238440460079	887.131795352197	513.220235176128	640.511111244761	48.0343072176446	54.6201788713358	-593.759372958919	688.576727840017	273	64	0	10	165	272	166	8	6	60	6119	796	685	80	8207	0	0	0	0
10	1	2	116	16	up	0	512	486.008470446646	868.316719529638	487.545735487861	600.021538312986	490.298233859458	837.108738017381	507.559248688543	627.372661841384	74.4393703590639	57.6026525418293	-593.793758590159	688.656848939781	259	80	4	8	161	266	167	7	3	69	6663	749	701	79	8296	0	0	0	0
10	1	2	116	16	up	1	512	493.819999940391	912.241328021788	490.079804286063	600.779458929662	542.505957947276	1111.565951388	546.311172963457	746.415253880827	65.2578242289399	58.8665705890394	-593.711264188371	688.465137880294	271	71	3	9	158	245	187	12	5	63	6634	792	700	66	8006	0	0	0	0
10	1	2	116	16	up	2	512	512.005364826631	1151.27502021136	489.24930194646	640.522394050544	572.112868973218	1201.3123000466	566.904379823609	799.597603630791	66.7081427579838	58.5421702284853	-593.733119103473	688.515850630779	283	73	4	15	137	238	208	13	2	51	6632	788	704	68	8112	0	0	0	0
10	1	2	116	16	up	3	512	527.620406471329	1114.39166206532	512.274002284718	670.548153569684	533.974028592898	1057.11406370813	538.318207219598	734.163060672675	71.3179031078965	61.5322795309318	-593.722410432987	688.491098482613	264	66	4	13	165	255	182	11	5	59	6655	778	674	85	8079	0	0	0	0
10	1	2	117	17	up	0	512	525.510023256654	1050.95619629817	516.189785162499	674.444099530859	500.02066637478	826.529590155531	514.643896542123	644.174086926705	61.7625811822985	51.0852799953281	-593.761329539258	688.581337499274	239	76	3	11	183	245	186	6	4	71	7089	851	673	91	7937	0	0	0	0
10	1	2	117	17	up	1	512	498.753148887583	961.989002938462	489.991096529313	602.837335902985	511.113828662581	1016.20629717908	516.294014586382	674.707918583513	67.5254918201647	59.4804421750275	-593.773788096395	688.610195687321	256	80	5	10	161	264	164	11	2	71	6960	859	792	93	7814	0	0	0	0
10	1	2	117	17	up	2	512	514.453222201327	1053.4940979456	504.608763700821	648.007221109587	570.010503101335	1336.72027246915	543.909174444348	746.460274231791	49.9772130581878	57.6850462998331	-593.809249356292	688.692928071399	268	68	7	12	157	248	184	17	1	62	6951	867	786	100	7843	0	0	0	0
10	1	2	117	17	up	3	512	465.777427467887	788.515380050165	472.249976615798	546.826088211433	522.265824660398	965.183243975949	524.781087871858	671.754524759897	67.3839175636295	53.7462678372759	-593.759029588166	688.576350869172	283	76	3	7	143	259	183	9	3	58	6990	873	756	85	7940	0	0	0	0
10	1	2	118	18	up	0	512	462.217154223827	637.417380179668	487.589101555765	564.089321766367	528.551522763832	1119.07946944253	516.363474165701	668.362831821617	63.6678324133688	56.7574077127456	-593.818048660383	688.712941960628	288	60	3	3	158	260	169	13	1	69	7536	887	722	71	7968	0	0	0	0
10	1	2	118	18	up	1	512	490.231382806649	841.88302072937	491.302354065126	590.678338115667	533.73389530602	1090.67814070544	532.425785470699	716.915273869443	62.4509300880853	57.443363464894	-593.829308945875	688.739077876117	255	76	3	7	171	261	176	12	3	60	7473	899	748	96	7725	0	0	0	0
10	1	2	118	18	up	2	512	479.079386808832	855.824034607508	492.533561073646	626.345867737341	551.113828662581	1227.85153208379	530.833291477682	706.56623474463	80.0291984725363	66.5515075204393	-593.732503225305	688.514378043065	260	84	5	8	155	260	175	15	2	60	7496	840	809	71	8033	0	0	0	0
10	1	2	118	18	up	3	512	482.418780347578	781.972148580306	486.428375172575	575.2066050475	585.653888635715	1367.31894786374	567.024377337419	816.435348580967	82.6235008942457	59.9698989150964	-593.804475061508	688.681364432349	280	62	3	6	161	234	198	17	5	58	7438	941	752	85	7721	0	0	0	0
10	1	2	119	19	up	0	512	542.08345211821	1070.25641541307	545.95546805981	736.629529730105	528.73389530602	1082.76018003044	517.138858773421	661.644495710348	93.069135441943	65.6426850282704	-593.870692335733	688.835094823922	258	52	3	11	188	261	173	12	2	64	7917	842	880	89	7751	0	0	0	0
10	1	2	119	19	up	1	512	493.830163213836	809.505194167578	510.952306506106	638.459821077802	561.247530768198	1345.33179039418	537.929760268386	754.984111270509	77.6477359701242	64.4701150604625	-593.776490726745	688.616713062667	260	66	4	6	176	274	162	18	3	55	7938	936	751	103	7821	0	0	0	0
10	1	2	119	19	up	2	512	487.131049589455	792.073703042987	504.383604524409	616.947676266853	534.578906964151	1062.13091806629	536.373452701882	720.72324230888	77.4310051136392	59.2919827759725	-593.75458081396	688.565699081243	274	62	4	6	166	247	186	11	4	64	7879	960	805	84	7790	0	0	0	0
10	1	2	119	19	up	3	512	492.25673435228	702.792562488668	512.586698978569	615.321268757049	524.875728030392	1110.69277086118	520.441560806608	709.339110067647	71.214275530857	56.7174205361807	-593.812775364	688.70097664836	253	60	4	3	192	263	164	13	3	69	7937	905	806	80	7846	0	0	0	0
10	1	2	120	20	up	0	512	469.549490109143	727.374366998365	479.351075903966	553.416446704491	476.603185544455	737.847981623291	481.526290909756	552.358604048474	73.8473397351653	63.6110316644917	-593.777297986007	688.618522835186	275	71	2	5	159	278	163	5	2	64	8316	987	840	97	7777	0	0	0	0
10	1	2	120	20	up	1	512	467.850376484762	791.971699608137	466.947138335816	535.532227861273	469.875728030392	689.963280692429	487.715077593187	576.457588950338	88.4440172278276	62.5675955388062	-593.879152880159	688.854811536691	281	75	5	7	144	279	162	4	3	64	8340	982	819	99	7588	0	0	0	0
10	1	2	120	20	up	2	512	453.215121569138	732.661278083916	461.390441617984	524.397427596621	496.296201204769	881.995654887291	503.114807289561	644.336754330685	76.0480042723293	61.6726142999178	-593.896256100001	688.894605998859	283	82	1	6	140	269	166	8	2	67	8378	930	838	94	7552	0	0	0	0
10	1	2	120	20	up	3	512	488.67613456133	905.41516424062	482.441164988579	591.506008294983	524.828130559147	1153.44975850621	505.691695458261	656.407678062929	82.8756933201722	61.549791238546	-593.853350948168	688.794778624085	268	77	2	9	156	247	165	14	3	83	8239	1029	875	97	7506	0	0	0	0
10	1	2	121	21	up	0	512	505.433008930401	978.519828455002	496.673732113881	614.702256967141	568.207104226346	1086.69811307867	578.479427085864	805.840140985195	88.1920106376576	59.5485275478573	-593.857654672268	688.804848170592	247	82	2	10	171	240	219	10	2	41	8679	1053	925	95	7577	0	0	0	0
10	1	2	121	21	up	1	512	512.23640780539	1014.07414375179	500.199542982733	625.721528023183	568.216194534464	1264.44577560029	576.52207929892	860.209961887514	89.6626240342521	65.6740180170707	-593.768224539484	688.597360540515	271	65	4	11	161	238	193	15	6	60	8666	975	1015	96	7538	0	0	0	0
10	1	2	121	21	up	2	512	548.329570093191	1354.56016433003	513.020661012901	697.388779919115	578.042912300395	1346.15353056062	560.952090005576	788.66108388715	93.5645397342646	65.0265929389479	-593.845142205711	688.77601518516	286	61	2	19	144	255	186	17	3	51	8728	1057	873	94	7564	0	0	0	0
10	1	2	121	21	up	3	512	496.017560754765	987.842655932543	486.193902969087	600.720092786996	560.846424451348	1077.48081883805	571.31782772034	794.07339611988	84.5935502288059	64.9361613539458	-593.808771446643	688.691287402788	273	77	0	11	151	232	216	10	3	51	8759	1014	899	80	7746	0	0	0	0
10	1	2	122	22	up	0	512	505.431935965074	962.533564798088	503.102097965071	630.274788912086	522.793688705398	966.491004720638	531.885992712093	703.551114871895	78.6639118075669	60.7830009727036	-593.679813586316	688.392325593317	284	59	1	10	158	255	183	9	6	59	9110	1104	927	123	7536	0	0	0	0
10	1	2	122	22	up	1	512	500.54853041978	827.863958695536	512.293781924755	638.141327560117	504.654848325078	965.210729057176	509.007627422961	652.836665657885	82.9164742175854	62.9596269642408	-593.754384841327	688.565447108045	245	71	3	6	187	272	160	10	4	66	9137	1116	915	96	7414	0	0	0	0
10	1	2	122	22	up	2	512	527.524138563513	1220.97480522815	513.228756143145	704.193313378279	494.740952959449	834.33489601419	504.984443094865	614.875424121369	84.4803009143488	64.0298722673657	-593.856966267812	688.803281263128	265	77	4	16	150	290	162	7	2	51	9165	1052	948	99	7460	0	0	0	0
10	1	2	122	22	up	3	512	462.073288844766	675.564608603184	490.710517846979	593.79962631667	496.44006658383	843.82181866846	519.090743794966	669.716731653154	91.8296721915719	63.2586314952794	-593.865762608737	688.823708519949	281	68	4	4	155	272	168	7	5	60	9162	1038	962	102	7401	0	0	0	0
10	1	2	123	23	up	0	512	457.044944955084	674.248869651584	470.829643029241	543.128720062006	561.199933296953	1276.89587565486	554.036965830925	796.347639130414	81.9667451843628	61.2336705342786	-593.883630083158	688.865197070543	264	82	5	4	157	266	174	16	4	52	9615	1108	938	115	7356	0	0	0	0
10	1	2	123	23	up	1	512	503.129016934766	963.989443647261	498.884990724777	626.60973064576	507.841286176644	1011.17303743494	505.063871635713	644.377947087037	74.4122494286969	60.0155605443735	-593.765553151979	688.591215501737	269	69	4	10	160	263	162	11	2	74	9539	1163	968	106	7282	0	0	0	0
10	1	2	123	23	up	2	512	514.501892637898	952.639118693437	509.993275760838	633.455556290678	511.737960615398	985.068385615609	508.529576715928	648.498196626992	93.0662228799647	66.4687439081683	-593.830717468271	688.742475280643	259	64	2	9	178	255	172	10	3	72	9540	1144	961	131	7400	0	0	0	0
10	1	2	123	23	up	3	512	532.755181542272	943.443555529555	531.145524131639	680.696163241607	507.582972273529	911.547770771768	514.063709214251	653.48026371022	91.5629037877848	65.2213095900758	-593.69594013479	688.4297502263	265	42	5	8	192	245	183	8	2	74	9597	1060	1019	100	7413	0	0	0	0
10	1	2	124	24	up	0	512	525.892948957267	1037.36949027979	518.081687804838	661.356960796882	554.587997272269	1271.60363887856	537.228288536191	753.737034286047	108.408450085856	72.3027629788774	-593.696284740782	688.430668011226	269	56	5	11	171	253	174	16	4	65	9959	1135	1074	120	7341	0	0	0	0
10	1	2	124	24	up	1	512	499.463385474771	927.004082066369	497.98186304528	614.709426922702	513.388403803207	984.27060072832	512.585329796305	657.512084643552	92.0449467670677	65.1532631879816	-593.669662936843	688.368878609036	257	75	5	9	166	262	170	10	4	66	9941	1197	1042	108	7328	0	0	0	0
10	1	2	124	24	up	2	512	497.188810334145	810.6914446031	503.43441625559	603.405463248049	460.931456120393	639.714057097433	489.384812758849	574.264113767955	82.3678224194051	63.4700121062924	-593.707960588487	688.457747651956	271	57	3	6	175	279	161	3	2	67	10002	1146	1047	93	7374	0	0	0	0
10	1	2	124	24	up	3	512	504.214161879775	864.849320276427	515.529556491432	658.872645754447	536.785558086643	1278.42447696898	517.88346158713	703.355292491662	86.5177409541489	67.0156361628452	-593.792211764427	688.653059303093	257	65	2	7	181	251	157	17	4	83	9857	1231	1068	132	7402	0	0	0	0
10	1	2	125	25	up	0	512	504.952742356645	1008.56594312463	497.956799988999	631.638785083291	514.242505769457	1022.30474602175	516.94182202378	691.797606192517	92.8359900019847	64.0558017717203	-593.599352033924	688.205819953771	259	79	1	11	162	258	166	11	6	71	10360	1234	1065	141	7232	0	0	0	0
10	1	2	125	25	up	1	512	542.909210194778	1189.05686107989	521.916385721165	694.538971331944	495.576874309462	813.317168501807	509.575668185671	648.968360427705	85.4177996287381	60.316227929121	-593.651750282944	688.3271864137	237	77	1	14	183	258	178	6	4	66	10307	1320	1047	126	7221	0	0	0	0
10	1	2	125	25	up	2	512	512.725764687264	976.498533955379	510.420087841232	655.985496760185	540.941619393838	1071.46129543699	546.131638256791	741.538299278399	92.5607136178905	67.539263215898	-593.639999747071	688.300256864472	277	57	4	10	164	252	190	11	2	57	10409	1172	1102	117	7177	0	0	0	0
10	1	2	125	25	up	3	512	507.064198536647	939.739338634667	507.498173606122	638.142474285796	500.452262511964	860.336238799011	512.569253662266	637.822983341635	102.39257704626	69.0089109876317	-593.799724664331	688.670671979977	259	69	3	9	172	254	180	7	1	70	10356	1201	1119	124	7125	0	0	0	0
10	1	2	126	26	up	0	512	468.772402469146	655.940668198096	491.205237242013	574.0084841986	517.697420797582	991.045324149108	513.264802783108	644.808714049991	103.808839832996	71.5133996213356	-593.896284902357	688.89444825257	271	66	3	3	169	264	173	10	3	62	10839	1269	1084	120	6939	0	0	0	0
10	1	2	126	26	up	1	512	512.285078241961	950.247988233987	504.468336609587	622.643028377134	524.761279506339	1009.97570730417	530.728260867794	706.056127156892	104.277948951164	70.3183515299042	-593.835667086489	688.753926954894	254	68	4	9	177	248	184	10	3	67	10812	1305	1073	122	7369	0	0	0	0
10	1	2	126	26	up	2	512	518.436001274452	1171.81737852699	499.084713324749	652.622855891276	499.684265180086	966.650202520361	508.975577240983	663.337959126031	107.350313160368	71.4954515154906	-593.78563517907	688.637739775074	262	82	3	15	150	248	164	10	6	84	10752	1322	1131	107	7144	0	0	0	0
10	1	2	126	26	up	3	512	545.768337159768	1219.30873719104	527.74409883729	716.208706561603	515.461352820082	1024.80895961129	511.249274869869	655.807746327891	108.412690130906	76.5009585415808	-593.793646071906	688.656625148342	253	66	8	15	170	260	168	11	3	70	10803	1307	1072	130	7231	0	0	0	0
10	1	2	127	27	up	0	512	492.323585405088	809.184574365714	511.378610245349	647.029599548084	496.651855981026	853.968610514862	505.858201247352	621.69798425722	100.366068989855	65.7969545302622	-593.843374771281	688.771807464877	252	71	7	6	176	253	177	7	2	73	11131	1376	1190	127	7011	0	0	0	0
10	1	2	127	27	up	1	512	526.142172552263	1070.41338901037	508.924988309731	643.28348208119	485.922365812275	723.915394924232	506.194954183482	615.883081748814	98.8599329168529	68.9763699862407	-593.739771119971	688.531253576009	277	55	4	12	164	261	179	4	5	63	11253	1293	1143	135	7059	0	0	0	0
10	1	2	127	27	up	2	512	502.35192929477	929.637784171986	507.197786706725	636.303701339592	497.140139897574	948.655070975571	510.412692831653	658.337792862276	116.792582260376	74.6777549052299	-593.740059276919	688.531940661173	265	69	2	9	167	284	152	10	1	65	11180	1303	1217	124	7111	0	0	0	0
10	1	2	127	27	up	3	512	532.581899308203	1194.59254678826	524.720680117437	731.555034030839	510.931456120393	978.388115736506	507.559630958728	644.695838334366	103.71753282939	71.4715843965908	-593.75405626261	688.564828250479	262	71	5	15	159	267	167	10	3	65	11268	1287	1140	129	7258	0	0	0	0
10	1	2	128	28	up	0	512	536.901079576022	1061.57570482516	522.514010548232	667.943430554938	492.457287510705	799.662616737052	501.476902490046	608.939060863589	107.657153592731	71.1324326635306	-593.725996133975	688.499721901593	257	56	4	11	184	278	169	6	3	56	11591	1380	1225	140	7062	0	0	0	0
10	1	2	128	28	up	1	512	554.751116232894	1197.32825232873	537.243226976834	721.25651427398	503.858507103518	855.820933119177	508.377466545989	617.019198688732	104.758063070233	76.2887376055707	-593.751702514515	688.559259347981	263	52	1	14	182	277	174	7	1	53	11529	1429	1239	139	6662	0	0	0	0
10	1	2	128	28	up	2	512	505.154368480396	899.036456261231	502.76518221522	617.76311673618	541.871662721014	1245.43999680569	522.948601174084	713.152416868444	106.458094241705	74.5209657869291	-593.846931490427	688.779963873999	263	64	3	8	174	265	161	16	3	67	11686	1317	1219	114	7139	0	0	0	0
10	1	2	128	28	up	3	512	486.247530768198	929.959281259762	487.705561413613	601.233376154728	512.476541092268	1017.59210607947	517.266391294074	673.17912833536	118.622237529033	76.8746795915332	-593.741202464299	688.534590489153	282	73	4	10	143	265	164	11	3	69	11550	1327	1303	156	6802	0	0	0	0
10	1	2	129	29	up	0	512	531.536334491647	1089.21428364936	524.534987588753	688.152689274297	539.126984280077	1093.4661638922	532.272018970899	707.978387378976	97.3162152518835	69.2743976358499	-593.681207374973	688.395551512377	255	65	4	12	176	272	174	12	6	48	12061	1517	1143	127	6895	0	0	0	0
10	1	2	129	29	up	1	512	556.911242849467	1175.84178691	550.540586350188	759.110672415912	477.044944955084	780.084791001597	496.377459073821	609.223603326158	108.89743853019	69.4782754566811	-593.76355207016	688.586447366545	234	63	6	13	196	264	163	6	3	76	12124	1399	1184	141	6638	0	0	0	0
10	1	2	129	29	up	2	512	532.160466444463	1021.04754835153	544.002653780379	736.488128099578	579.789623396021	1349.93889709953	551.908981617812	791.719095650427	99.9573944587647	69.6609415520282	-593.784953837028	688.636313000821	254	59	0	10	189	249	187	17	7	52	12036	1506	1195	111	6724	0	0	0	0
10	1	2	129	29	up	3	512	559.156401135085	1134.57526411637	554.849320972305	747.60143909534	520.519113564772	998.426701171398	524.328085789469	683.890837251211	105.520072494236	67.9210572748189	-593.764265890307	688.588319770997	260	43	1	12	196	257	177	10	4	64	12016	1468	1228	136	6702	0	0	0	0
10	1	2	130	30	up	0	512	477.476541092268	850.920263379441	479.771725090792	587.560819702409	495.087517427588	850.892778298214	485.713037442427	574.053625566425	118.130848902689	75.9008227418891	-593.765612492953	688.59123658769	265	82	5	8	152	252	175	7	4	74	12395	1485	1342	138	6679	0	0	0	0
10	1	2	130	30	up	1	512	448.378240529763	687.496754593445	452.561267723715	493.916873060795	491.38230583914	981.396979492698	481.328557346171	597.318861599207	127.630071867416	82.1820934043624	-593.760061970173	688.578820940934	285	80	2	5	140	267	148	11	3	83	12480	1427	1328	125	6765	0	0	0	0
10	1	2	130	30	up	2	512	460.375248185711	793.256851990179	462.237331141129	534.965473573153	491.55558807321	841.440890618338	497.644423436847	620.148872240438	132.398029456744	84.2365840514684	-593.799756395272	688.670613986336	254	99	1	7	151	262	170	7	2	71	12481	1424	1328	127	6720	0	0	0	0
10	1	2	130	30	up	3	512	478.235448116027	752.109186989549	479.791567117922	554.981935970591	466.727797341953	794.103853035431	474.312550280802	571.628718254485	115.177110373754	76.9176408035128	-593.882262543923	688.861832090255	249	80	5	5	173	274	147	7	3	81	12524	1475	1232	129	6639	0	0	0	0
10	1	2	131	31	up	0	512	484.703518761649	721.437789130008	494.590421156937	579.523007136714	521.488737020401	967.887016030352	534.60455058524	697.515084596983	121.944173672208	73.8473408429493	-593.779717897628	688.623908109144	263	63	4	4	178	251	186	9	2	64	12868	1521	1348	135	6594	0	0	0	0
10	1	2	131	31	up	1	512	521.910169884141	1067.34775920305	511.199707063429	663.182389080672	574.982159211653	1277.1295918082	564.512598743226	794.601493253694	103.765596389179	73.6026876748257	-593.783526993475	688.632812788113	271	63	1	12	165	239	200	15	2	56	12879	1570	1286	137	6537	0	0	0	0
10	1	2	131	31	up	2	512	479.433968619763	923.003628962515	478.990164372289	596.803239670078	580.70148610696	1316.6439995437	575.00173146863	841.443523037488	118.599952694302	78.3097384897027	-593.853282218798	688.794846687043	273	84	3	10	142	250	194	16	4	48	12874	1512	1358	128	6597	0	0	0	0
10	1	2	131	31	up	3	512	497.734854995383	1056.38145139262	486.882396010325	620.725371346486	595.068263846025	1342.0364645246	582.529863135748	845.52218913656	120.396969958324	76.8115790189815	-593.677202144514	688.386316643662	283	76	3	13	137	249	206	16	2	39	12893	1535	1282	162	6713	0	0	0	0
10	1	2	132	32	up	0	512	465.634635054152	805.620048396232	470.787936121441	546.259512713576	523.849416795399	969.159741800648	531.813474966703	703.549994483156	120.574601834887	76.2040336418598	-593.993313551321	689.119589494382	247	100	0	7	158	255	185	9	4	59	13384	1552	1314	134	6377	0	0	0	0
10	1	2	132	32	up	1	512	516.997347483839	923.294111166991	512.281931775764	633.901321527234	557.899046921333	1241.43601389976	540.10981254551	757.080904107715	112.654068288252	73.1859441389466	-593.856737264026	688.802601543462	252	62	4	8	186	256	182	15	1	58	13448	1496	1318	122	6451	0	0	0	0
10	1	2	132	32	up	2	512	472.006437791957	733.256851990179	491.524260118879	593.078904154293	561.622439126018	1244.09454857044	544.303595536738	741.086762845142	126.553174699428	80.3732402881599	-593.69374125746	688.424749368476	270	72	3	5	162	261	181	15	4	51	13197	1619	1413	155	6654	0	0	0	0
10	1	2	132	32	up	3	512	497.82203259508	920.272371826885	502.620001349254	644.324648029462	538.935521429771	1174.39698775607	538.179309114302	751.390229547065	138.385796606779	88.8484343389096	-593.878305341579	688.85272259346	268	70	3	9	162	253	173	14	3	69	13377	1472	1392	143	6589	0	0	0	0
10	1	2	133	33	up	0	512	499.645758016959	927.766831979265	499.425171554888	617.934098788736	506.882898959785	806.741126259972	523.405140530675	657.370886510366	126.479131856589	74.5756498478275	-593.68861332684	688.412824031536	258	75	3	9	167	237	200	5	2	68	13593	1645	1500	158	6473	0	0	0	0
10	1	2	133	33	up	1	512	516.660946289145	989.303860472464	514.605703173532	654.532505457299	500.883858649148	1005.28257423621	497.952516992377	636.327239462306	143.395954470532	91.6674227505694	-593.708417004329	688.458777965357	263	63	4	10	172	247	161	11	5	88	13547	1666	1548	135	6423	0	0	0	0
10	1	2	133	33	up	2	512	495.797754014776	815.907857426121	503.347981616216	612.080870917753	542.208063915708	1142.37481597053	528.208750466441	705.666156256924	113.757822206789	73.4009025135382	-593.921459652052	688.952721301998	253	69	4	6	180	258	179	13	2	60	13733	1671	1332	160	6368	0	0	0	0
10	1	2	133	33	up	3	512	498.426910966334	925.289226185041	501.227335126811	632.783646339156	515.049010264462	880.763289782136	523.487864185144	661.297826770663	129.666488404707	85.4035137149351	-593.777405344674	688.618814100137	260	75	2	9	166	262	187	7	2	54	13651	1621	1476	148	6205	0	0	0	0
10	1	2	134	34	up	0	512	534.184745024767	1199.49631801633	510.65403283539	668.802963752634	530.019593409454	1080.43689531736	527.898849915088	705.253067148924	138.671876176352	92.1774139211996	-593.750066392224	688.555266520962	257	73	5	15	162	266	169	12	7	58	14049	1687	1507	165	6357	0	0	0	0
10	1	2	134	34	up	1	512	505.585964617581	1006.92736016875	501.615522014799	641.883469716744	547.639660052892	1184.07281749371	535.21365127186	736.95162726614	119.607389588381	72.8337106761589	-593.76718342791	688.59505489711	260	76	6	11	159	263	175	14	4	56	14097	1697	1481	133	6173	0	0	0	0
10	1	2	134	34	up	2	512	520.461352820082	995.671488756613	518.523873447897	675.681501542722	534.981086246327	1160.66438783562	517.692552486421	670.365127226227	131.155518262494	79.7791683993257	-593.762417983827	688.584115059187	264	60	3	10	175	268	164	14	4	62	14090	1655	1513	150	6257	0	0	0	0
10	1	2	134	34	up	3	512	506.813901976325	927.764607776847	505.981636650135	634.673858817139	537.29416855008	1167.66527751658	521.039016366505	680.300563139092	114.031068822959	77.7551769013357	-593.846171099823	688.778177285307	284	53	4	9	162	264	169	14	1	64	14086	1699	1459	164	6314	0	0	0	0
10	1	2	135	35	up	0	512	496.057140883217	820.353093157168	510.787990409577	632.751396520288	562.783525431954	1317.92780500924	536.886373467364	743.047428295874	139.186675305076	87.0702259581026	-593.822715117172	688.723971133201	246	74	2	6	184	258	172	17	6	59	14598	1661	1486	175	6256	0	0	0	0
10	1	2	135	35	up	1	512	501.872735686341	864.477260114182	511.893824683427	646.759119550256	492.658913634456	838.408071582992	497.775781302909	591.910247214153	130.588387638726	84.8469852773739	-593.691407772105	688.419318160597	248	72	3	7	182	274	167	7	1	63	14492	1764	1494	170	6303	0	0	0	0
10	1	2	135	35	up	2	512	504.665011598523	936.612066057638	497.754949169832	604.023001979149	497.793688705399	852.763730490935	502.227258179102	612.351943532581	138.651299891889	85.2426604299757	-593.818796721114	688.714871565452	257	72	3	9	171	259	175	7	3	68	14524	1689	1539	168	6181	0	0	0	0
10	1	2	135	35	up	3	512	507.476541092268	972.618713874782	504.060970498152	631.643491317369	502.563718691966	828.565065838723	517.408817255338	652.940152600934	136.384582785668	82.4419639202083	-593.743975819723	688.541368107789	269	67	1	10	165	250	186	6	4	66	14444	1812	1484	180	6363	0	0	0	0
10	1	2	136	36	up	0	512	478.416747692889	848.078575629882	480.439164914999	570.774144723207	551.565751346655	1093.24134454853	546.683340548544	745.687313721222	140.492736721234	92.0329504506799	-593.772780534093	688.607780882854	279	74	1	8	150	243	201	11	2	55	14972	1689	1609	162	6105	0	0	0	0
10	1	2	136	36	up	1	512	560.710576415079	1314.47148545127	537.452094128675	752.218562171912	498.013495445387	950.53445034737	502.80761821931	631.170575421149	136.601634859811	88.235536761438	-593.745851703541	688.545550874451	260	60	4	17	171	279	152	10	5	66	14875	1799	1574	184	6150	0	0	0	0
10	1	2	136	36	up	2	512	516.967930628831	950.992108558477	522.172991448623	670.48591601326	495.182712370078	913.627136922175	490.069380503141	591.830139704857	135.547507016317	88.7090398213793	-593.701619594165	688.443177526722	272	54	2	9	175	272	158	9	4	69	14966	1763	1530	173	6258	0	0	0	0
10	1	2	136	36	up	3	512	527.006437791957	1079.87547909957	512.941804085969	665.740124189232	498.763312161028	896.334908409246	510.498836762609	656.7932329876	141.283093650965	88.7827611857517	-593.75871540208	688.57522218181	262	65	1	12	172	245	176	8	3	80	14931	1795	1538	168	6096	0	0	0	0
10	1	2	137	37	up	0	512	497.362092568214	781.928258113091	514.756313258698	635.635750436298	478.503925292587	711.942888268829	497.963685194124	596.05183326633	145.538895167174	88.3555335241132	-593.704908926753	688.450293453085	258	62	1	5	186	260	174	4	5	69	15229	1834	1706	175	6005	0	0	0	0
10	1	2	137	37	up	1	512	503.215121569138	960.142434338638	500.78429955065	624.493661499351	487.016601065402	728.438678810975	508.905447920867	616.301422713376	146.948775322684	90.0515608184462	-593.764141284107	688.587974547416	279	63	3	10	157	259	183	4	1	65	15214	1866	1692	172	5995	0	0	0	0
10	1	2	137	37	up	2	512	504.779460122576	926.136227230293	508.412921349242	657.372521926494	548.063238847284	1056.09145947717	546.67802851951	738.142445310006	146.069895153409	85.788497845517	-593.897266403053	688.896726804515	280	57	4	9	162	233	207	10	2	60	15354	1763	1667	160	6031	0	0	0	0
10	1	2	137	37	up	3	512	524.540399801024	933.274155320504	524.618540983301	661.117579168864	531.420813002267	1194.87015340883	517.302678908342	713.926352138141	143.04723662074	94.0086196112999	-593.823092354538	688.724547205016	261	52	1	8	190	257	160	15	5	75	15375	1818	1581	170	5973	0	0	0	0
10	1	2	138	38	up	0	512	501.469483438838	861.123821276973	512.975640456132	655.433608576012	510.595054925699	1007.31582571699	507.325405386185	650.17866091739	155.740676670591	95.567339249792	-593.692781762396	688.422321148861	252	69	5	7	179	278	156	11	6	61	15885	1769	1624	178	5954	0	0	0	0
10	1	2	138	38	up	1	512	468.763312161028	626.414731795191	494.313650633415	576.556634262657	498.619446781966	823.315842243726	509.896701641176	628.820279126838	152.518426713412	95.0793207843198	-593.725612306888	688.498847220108	257	71	3	2	179	250	185	6	1	70	15793	1874	1603	186	5975	0	0	0	0
10	1	2	138	38	up	2	512	512.044944955084	983.812065231301	517.002123862355	675.999202392528	545.23138280665	1262.58590310281	534.101348747685	740.440726036536	145.242941590906	86.2227260677317	-593.854008468365	688.796423683958	260	69	2	10	171	235	172	16	7	82	15762	1920	1633	141	5851	0	0	0	0
10	1	2	138	38	up	3	512	566.267857315087	1296.05242507011	546.374127177175	762.560261364756	487.246571078835	871.721598727229	499.451535682603	628.497322502852	158.409067062439	95.4242654480491	-593.724538684735	688.496413735289	244	63	2	16	187	256	163	8	4	81	15810	1846	1643	157	5964	0	0	0	0
10	1	2	139	39	up	0	512	605.797754014776	1472.06307231992	580.956916919441	867.191560167611	527.380273184452	1147.95573906263	513.583982619669	678.405386511554	156.362219011184	93.8909792257551	-593.764905808545	688.589856925238	237	50	3	19	203	270	159	14	2	67	16289	1807	1699	173	5855	0	0	0	0
10	1	2	139	39	up	1	512	561.6133488179	1214.56861216754	562.432893668324	802.038489939005	546.161426133826	1288.34287835278	517.555178139969	691.062646045417	157.504718732654	96.3716216564225	-593.871729693664	688.837614443977	247	56	4	14	191	264	159	17	4	68	16117	1913	1761	177	5678	0	0	0	0
10	1	2	139	39	up	2	512	550.001412793217	1053.1100808022	552.855652611543	744.323572402711	525.931456120393	1076.30607641151	513.626474032442	657.486851499759	167.148659478952	100.745336025916	-593.696304271365	688.430832681484	246	50	3	10	203	267	170	12	0	63	16263	1820	1746	139	5868	0	0	0	0
10	1	2	139	39	up	3	512	590.864605067585	1480.56373131727	573.277350127276	847.529314888959	512.227317497272	947.492775819203	514.476796653874	654.118788813581	165.138796969078	100.816547258579	-593.92486086572	688.960678132457	240	62	5	20	185	261	175	9	3	64	16235	1877	1683	173	5698	0	0	0	0
10	1	2	140	40	up	0	512	485.758173886324	893.397420201496	480.979014218694	578.08495783111	482.72683765259	796.702091852911	482.812179719243	569.560280125432	161.418927115896	98.7029446952096	-593.77658144678	688.616912351931	280	70	6	9	147	248	173	6	3	82	16713	1819	1784	164	5875	0	0	0	0
10	1	2	140	40	up	1	512	478.522105908824	882.161055663674	483.814347528105	603.788815132989	457.197900642264	739.765048485645	468.7969924184	549.984013034921	162.717436363306	102.987027991705	-593.804988062583	688.682848071796	276	77	8	9	142	281	143	6	2	80	16661	1907	1716	196	5805	0	0	0	0
10	1	2	140	40	up	2	512	465.067190880699	823.473693126943	467.95436672393	569.221743567118	508.916267848208	977.687008593319	492.871451149664	607.141280609118	157.013599612684	99.5059927097507	-593.779450882576	688.623324645215	278	82	7	8	137	262	168	10	2	70	16534	1908	1838	200	5720	0	0	0	0
10	1	2	140	40	up	3	512	471.795721360087	739.09632380069	480.791962214139	583.925330615408	463.61837381664	751.850638271138	469.196552248148	532.492015639546	154.860868579962	90.4845572715239	-593.802027394933	688.675844504995	252	82	7	5	166	279	149	6	1	77	16680	1915	1724	161	5791	0	0	0	0
10	1	2	141	41	up	0	512	494.338773677273	772.830249979223	504.047084554829	611.250094775664	518.628537090085	884.513621346656	544.832302915844	717.678765584322	170.414934766291	104.244398657527	-593.76500067949	688.589957471577	261	60	7	5	179	264	187	7	5	49	17027	1983	1780	202	5575	0	0	0	0
10	1	2	141	41	up	1	512	526.411722694148	972.122490887207	520.998964871084	665.996193809849	569.358027258837	1300.32293490135	555.866114022181	774.575002192865	153.629311932757	93.114199515672	-593.761041533484	688.580514175777	259	55	3	9	186	244	188	16	4	60	17008	2083	1701	200	5668	0	0	0	0
10	1	2	141	41	up	2	512	531.429903310385	1113.22979522269	516.690634994818	667.623380110432	514.703518761649	917.247102684705	529.77920218374	678.89819410137	152.572304744046	92.5690436697816	-593.83451057765	688.751060701605	283	52	2	13	162	259	183	8	2	60	17041	2028	1727	196	5570	0	0	0	0
10	1	2	141	41	up	3	512	524.473548748216	938.048438032493	521.44865776612	661.830429028719	537.72683765259	1069.18324810763	541.280140736843	724.621326961508	165.919914486014	101.027142886197	-593.84522748961	688.775978257051	250	59	1	8	194	244	190	11	3	64	17051	1959	1798	184	5652	0	0	0	0
10	1	2	142	42	up	0	512	527.015528100076	1146.45684703216	511.207156977721	665.930486121087	531.546497765091	1023.56018912014	530.261581243357	696.010982901052	166.35241506087	98.5033446510044	-593.853838375751	688.796025157745	272	66	2	14	158	244	191	10	2	65	17630	1957	1742	175	5686	0	0	0	0
10	1	2	142	42	up	1	512	513.254701697591	919.708303092941	517.045622072569	658.745049140672	484.894981611955	788.781906975487	497.969904402167	599.011213183399	180.307564652506	108.224908397927	-593.743479692601	688.540119642965	248	68	2	8	186	274	165	6	3	64	17524	1955	1863	162	5641	0	0	0	0
10	1	2	142	42	up	2	512	506.977020936949	1112.90384973008	500.954608731292	673.128543548988	547.658913634456	1222.08213022207	534.074516564509	722.002471637741	162.322820103551	101.676919955056	-593.788074269345	688.643529578915	270	81	4	14	143	262	173	15	0	62	17329	2197	1784	194	5682	0	0	0	0
10	1	2	142	42	up	3	512	546.075321499455	1255.13445613173	522.366120851981	705.928038969579	503.753148887583	858.740669024433	521.249408933154	676.059511548558	161.141125821002	101.220746436977	-593.722572625225	688.49133425271	258	68	4	16	166	268	176	7	3	58	17491	2037	1807	169	5594	0	0	0	0
10	1	2	143	43	up	0	512	478.225284842583	817.789889314081	495.05853607259	617.501392732703	500.883858649148	857.060848117498	515.496010355672	661.37801442709	157.984709380362	98.6758354206795	-593.77720864407	688.61806541663	264	79	3	7	159	263	177	7	1	64	17903	2096	1820	197	5389	0	0	0	0
10	1	2	143	43	up	1	512	483.446164547897	828.325146708717	489.112758372671	595.967774060978	534.396534421963	950.201873564354	537.679978594702	690.331970667075	171.007337061703	108.887389982956	-593.914520653471	688.936935764459	263	77	0	7	165	258	197	8	3	46	17867	2135	1839	175	5322	0	0	0	0
10	1	2	143	43	up	2	512	509.405624730082	1014.22226185627	502.438467093717	635.709720931312	506.680199870708	1011.4506440555	512.105537903697	680.980058853084	150.515014525714	95.4222188782162	-593.733677547648	688.517290366164	260	74	4	11	163	258	163	11	2	78	17892	2149	1786	189	5577	0	0	0	0
10	1	2	143	43	up	3	512	512.965897974142	980.016496283059	506.314082223165	634.215955691587	512.428943621023	1023.29366219482	507.83191362234	637.029384343983	157.872257931913	99.0365898122704	-593.805550199976	688.683925531633	271	61	3	10	167	253	169	11	2	77	17903	2164	1767	182	5423	0	0	0	0
10	1	2	144	44	up	0	512	513.407657384771	1059.30873719104	501.122346472682	642.819561994317	518.426910966334	994.04310821006	521.240512137197	665.250144998217	175.30282295531	105.519070295946	-593.794486837499	688.65831659631	253	79	5	12	163	260	175	10	3	64	18236	2115	1976	201	5354	0	0	0	0
10	1	2	144	44	up	1	512	492.265824660398	880.593440600917	496.173650310917	613.6940845938	536.143245517589	1102.26218181261	523.987868851699	684.402085124824	166.163840547801	102.658859587317	-593.774380305964	688.611490667291	259	77	0	8	168	244	184	12	3	69	18336	2109	1877	206	5391	0	0	0	0
10	1	2	144	44	up	2	512	533.023658718831	1125.66306157754	519.422391720315	691.065789252456	529.415788003526	1091.43291241143	533.538750208961	727.516253200145	160.617245225035	107.335433307347	-593.762770617631	688.584829816359	260	65	3	13	171	241	179	12	5	75	18173	2219	1917	219	5215	0	0	0	0
10	1	2	144	44	up	3	512	569.463385474771	1408.56949358513	544.60402709238	793.39698220729	521.55558807321	1000.16816484804	517.833075217469	663.260973326423	167.841490045957	104.247364423639	-593.623606185618	688.262046710648	241	73	5	19	174	258	178	10	3	63	18084	2293	1945	206	5539	0	0	0	0
10	1	2	145	45	up	0	512	518.254701697591	890.570832238269	521.451718079025	650.197911176393	510.307324167576	1046.58145882966	507.795018935234	659.450493697241	189.604514593802	117.35756664853	-593.650250444558	688.323861274628	252	58	2	7	193	272	155	12	3	70	18634	2179	2024	203	5467	0	0	0	0
10	1	2	145	45	up	1	512	513.004405137268	944.789003764799	515.850731299622	662.051527837836	495.019593409454	839.680797353289	501.514750140656	608.248278039235	174.578563721936	105.842725162542	-593.694205448329	688.425792282043	269	58	4	9	172	278	166	7	3	58	18647	2227	1953	213	5170	0	0	0	0
10	1	2	145	45	up	2	512	497.831122903199	949.798308229789	494.889195915985	613.537364395633	518.253628732264	1022.83290249538	515.0635403827	663.48369727041	179.082913669608	111.415646060589	-593.88871229415	688.87696263454	282	65	3	10	152	277	165	11	1	58	18693	2211	1929	207	5345	0	0	0	0
10	1	2	145	45	up	3	512	476.008470446646	778.343327324954	482.515370797022	559.544126466631	544.137147553522	1109.86750089266	535.930397726224	706.504953790679	174.29524002622	105.826912441985	-593.837001627037	688.756914120042	263	77	4	6	162	257	185	12	3	55	18633	2308	1907	192	5164	0	0	0	0
10	1	2	146	46	up	0	512	493.954775011334	807.486123870374	503.718262374812	620.395602619094	529.712609069768	1081.71982349698	522.604862688297	685.909099185762	179.91591799257	115.442303431373	-593.6376039855	688.29459287429	264	63	5	6	174	265	171	12	4	60	19081	2191	2057	223	5309	0	0	0	0
10	1	2	146	46	up	1	512	511.189770023508	1040.95795087	497.652938598927	613.970702799208	481.296201204769	784.1043020076	497.503317766682	606.980889932945	172.704297725645	106.624844537571	-593.768136627265	688.597490278166	289	59	2	12	150	273	164	6	1	68	19161	2258	1915	218	5260	0	0	0	0
10	1	2	146	46	up	2	512	515.096607735707	986.254636051131	513.041389250973	663.942707359765	539.26175935102	1174.06794077513	523.755362564947	702.245605422582	202.438623542485	131.790125947145	-593.75867970386	688.575382572881	266	63	2	10	171	257	173	14	1	67	19147	2150	2065	190	5296	0	0	0	0
10	1	2	146	46	up	3	512	505.815934631014	1001.98855396629	504.208211526037	633.91990041163	520.864605067585	1036.05375132819	515.935673643647	669.33403375585	164.323494911916	99.3819257163671	-593.7480774804	688.550877688189	273	68	5	11	155	252	173	11	6	70	19151	2277	1902	222	5215	0	0	0	0
10	1	2	147	47	up	0	512	523.225284842583	1074.43512421879	522.837403425222	700.838085613183	472.678167216019	733.499423636346	488.218262263747	575.154084319046	188.977449852386	118.04720823694	-593.816119467691	688.708257985128	260	69	1	12	170	273	162	5	2	70	19551	2279	1987	247	5061	0	0	0	0
10	1	2	147	47	up	1	512	488.244538424146	871.635123392454	494.854924988006	607.153455384556	498.810909632273	964.770823148562	500.044419645661	625.12362357374	157.419839487576	100.067898179682	-593.730114362062	688.509057115303	263	77	1	8	163	253	164	10	2	83	19479	2444	1922	219	5207	0	0	0	0
10	1	2	147	47	up	2	512	487.197900642264	898.492322715349	494.027981218551	613.2436070803	511.890916302578	1050.55795665435	513.243745740481	683.729043404494	187.77529743018	123.907325512541	-593.817901035711	688.713054240309	277	72	3	9	151	268	157	12	4	71	19545	2250	2041	228	5060	0	0	0	0
10	1	2	147	47	up	3	512	545.960872975401	1117.36196104504	534.945321668548	712.533164175465	538.781492777265	1241.14287917912	509.637175617148	665.005501453332	182.133514819732	116.696118464776	-593.70041911524	688.440217342535	247	60	3	12	190	261	159	16	5	71	19563	2332	1984	185	5241	0	0	0	0
10	1	2	148	48	up	0	512	498.360059913526	855.926038042358	518.266430111092	687.53855907929	558.541359490387	1306.40540667178	532.241734919094	725.200543137433	196.123653401585	122.006654020804	-593.815716745117	688.707437773077	253	71	4	7	177	271	166	17	3	55	20147	2196	2048	185	4963	0	0	0	0
10	1	2	148	48	up	1	512	510.556547762573	1079.62535756024	503.878092494001	661.269923634745	532.534301836958	1089.10120051927	525.763677420927	693.794468833465	178.512038143663	110.923382757407	-593.89207874249	688.884579080881	280	69	2	13	148	258	175	12	5	62	20064	2304	2004	204	4956	0	0	0	0
10	1	2	148	48	up	2	512	478.004405137268	815.199200389768	485.492197083383	574.864827584522	504.780533087902	830.956196298172	515.448972193536	632.982643335357	186.141049321392	115.19952690431	-593.725723781906	688.498704328352	269	76	3	7	157	255	187	6	2	62	19914	2315	2125	222	5060	0	0	0	0
10	1	2	148	48	up	3	512	509.971995938209	943.273706348335	515.659394784663	660.592936890146	485.259726696331	790.280799005963	500.275961973183	606.888692136721	186.508155742172	118.316642978063	-593.813598167004	688.70265081815	262	65	3	9	173	272	166	6	3	65	19923	2340	2113	200	5021	0	0	0	0
10	1	2	149	49	up	0	512	511.881825994459	909.865725662415	534.099493223251	698.583133842523	484.693355488204	861.229354513897	495.00097457111	610.122066747749	178.830024285384	119.421022132446	-593.780013870806	688.624652587293	266	58	1	8	179	270	156	8	4	74	20218	2464	2171	235	4924	0	0	0	0
10	1	2	149	49	up	1	512	544.310429787591	1118.15974593233	542.984958188969	721.71880928449	469.952742356645	693.64576651058	482.125912520894	552.277745493291	186.430429104123	114.263082764105	-593.79219628561	688.653286538071	240	66	2	12	192	271	165	4	3	69	20401	2382	2083	222	4831	0	0	0	0
10	1	2	149	49	up	2	512	564.550563074469	1153.37615875535	564.409694456782	790.129799971822	495.883858649148	997.364613561206	494.421886816142	638.64995779333	180.819226840179	118.831589030668	-593.850610751337	688.788371004789	238	53	1	12	208	247	158	11	4	92	20231	2506	2123	228	4799	0	0	0	0
10	1	2	149	49	up	3	512	510.510023256654	841.87194103413	529.973987773373	671.934820309719	490.346904296029	699.14511164491	516.953954222559	640.908164886882	200.343127791395	129.609387944183	-593.728228675066	688.504661345346	251	60	3	6	192	253	190	3	5	61	20269	2447	2146	226	4884	0	0	0	0
10	1	2	150	50	up	0	512	487.50488498195	1008.40229692008	477.572974314328	599.103319124566	469.223252187894	764.7854533043	472.302665330829	538.059876867542	185.571360570064	119.274062446888	-593.632257381101	688.282039449344	270	87	5	12	138	271	156	6	1	78	20683	2505	2171	241	4940	0	0	0	0
10	1	2	150	50	up	1	512	472.29416855008	768.128689732182	471.93894269922	539.328401630397	494.942579083201	984.246645449166	484.597469124558	602.715045079347	207.978684872457	134.06059651735	-593.765640539434	688.59143003484	272	74	4	6	156	274	148	11	3	76	20818	2376	2191	215	4829	0	0	0	0
10	1	2	150	50	up	2	512	500.086444462262	1065.18367228969	477.083105917341	582.916306183256	485.79668104945	895.251967008229	491.18434348796	628.513028146833	193.559531764662	124.828506007227	-593.705552343735	688.452049521058	269	82	6	13	142	278	149	9	4	72	20728	2486	2142	244	4811	0	0	0	0
10	1	2	150	50	up	3	512	462.02569137352	718.321596248218	467.996920174438	537.342563358754	502.965897974142	964.180574933047	487.295055723377	588.960117444764	187.51235353006	123.352837844681	-593.707547857804	688.456903756785	265	82	4	5	156	271	161	10	1	69	20751	2431	2172	246	4833	0	0	0	0
10	1	2	151	51	up	0	512	510.087517427588	1022.92160203258	504.708623994094	649.51433150373	569.463385474771	1260.3211596711	565.104048478377	803.110844481571	199.073579337394	123.543287876884	-593.826394114455	688.732432867928	244	84	3	11	170	253	189	15	5	50	21212	2410	2258	232	4610	0	0	0	0
10	1	2	151	51	up	1	512	523.455254856016	1032.38767089602	529.180675364349	720.519654191251	530.163458788515	1079.37170621883	534.437820543551	708.778063649145	204.097637526931	130.905541972836	-593.784509681939	688.635341848433	269	57	7	11	168	273	169	12	3	55	21347	2419	2118	228	4717	0	0	0	0
10	1	2	151	51	up	2	512	491.478573746957	837.758404800187	499.679354679001	608.863045410218	582.928463776341	1290.43646700361	574.47904512027	820.178766193261	201.873534597181	126.318815868321	-593.822389501607	688.722905912307	270	66	2	7	167	240	206	15	1	50	21460	2382	2064	206	4821	0	0	0	0
10	1	2	151	51	up	3	512	480.624471780707	783.861730361432	496.917569818973	604.432688578866	544.117893971959	1108.9402274893	537.711721911829	710.791794381379	193.646238962243	118.837264620768	-593.783199399686	688.632312029945	270	70	2	6	164	258	184	12	4	54	21081	2611	2199	221	4585	0	0	0	0
10	1	2	152	52	up	0	512	519.598160545714	1039.30430944463	511.768891474547	664.302321651591	525.941619393838	973.569942557302	528.710851769162	681.889791115354	207.464009215095	135.878374387611	-593.784229896354	688.63491025284	246	77	0	11	178	256	188	9	1	58	21724	2424	2246	230	4650	0	0	0	0
10	1	2	152	52	up	1	512	539.358027258837	1141.59566067165	521.049995889459	692.586942398808	522.735927960709	1037.87326316053	515.370673686691	657.893277543537	205.984241333752	135.195468039388	-593.712847535255	688.469135949464	248	68	3	13	180	258	174	11	3	66	21648	2543	2201	232	4761	0	0	0	0
10	1	2	152	52	up	2	512	532.054035263202	1193.28478604357	513.949094325384	679.855509689741	517.87979333977	1028.86350559168	515.396580320388	660.636030749361	189.013889797037	118.237093165574	-593.739022517036	688.530152190532	266	70	2	15	159	261	170	11	2	68	21356	2677	2345	246	4680	0	0	0	0
10	1	2	152	52	up	3	512	506.334708367895	899.686123044037	506.796733465604	621.331002645707	482.006437791957	786.174812665185	496.580029171236	607.074913622388	206.677600260392	130.491872543984	-593.742406219548	688.537819015287	267	61	2	8	174	270	165	6	2	69	21445	2616	2348	215	4584	0	0	0	0
10	1	2	153	53	up	0	512	482.304331823525	792.44798740765	496.245958144071	593.217452446782	482.218227189153	759.212957391279	512.818385038481	653.179806113104	194.429443284944	124.751159294625	-593.915931787093	688.940089947547	257	77	2	6	170	247	176	5	6	78	22060	2569	2252	255	4573	0	0	0	0
10	1	2	153	53	up	1	512	505.913275504156	874.362850726012	511.880062271524	633.070096408825	486.583931962892	901.031571279281	492.2258492264	605.668984288684	198.182265776435	123.723920075348	-593.879998366818	688.856767034819	243	73	1	7	188	271	154	9	1	77	22105	2591	2215	225	4507	0	0	0	0
10	1	2	153	53	up	2	512	504.002372482579	854.702528430025	512.337868907428	638.096012676455	518.474508437579	1062.47902294938	515.058105997835	672.54765857432	206.716474861242	127.42989225216	-593.732979918897	688.515832344998	276	52	5	7	172	268	163	12	2	67	22022	2572	2326	216	4481	0	0	0	0
10	1	2	153	53	up	3	512	486.075321499454	863.542436817649	493.468744534314	601.974322911044	523.724804997901	1045.31628295252	516.712257175425	654.170854651559	200.21610694907	129.403408172079	-593.81051989937	688.69559964138	270	73	4	8	157	247	180	11	1	73	22042	2595	2281	218	4541	0	0	0	0
10	1	2	154	54	up	0	512	509.789623396021	905.455524905761	510.477743526048	631.389939346517	528.493762019142	1153.35308076211	518.987484378168	707.948340247389	216.869518410223	143.858303888161	-593.778800493941	688.622204437396	265	59	4	8	176	259	162	14	5	72	22433	2590	2356	269	4318	0	0	0	0
10	1	2	154	54	up	1	512	499.751116232894	961.902527603688	496.094234426767	625.286848576184	502.87979333977	893.916721182312	508.162647011272	626.117946433408	224.430402123671	144.230304489085	-593.775518601525	688.614430401462	263	76	2	10	161	269	172	8	0	63	22602	2495	2319	232	4417	0	0	0	0
10	1	2	154	54	up	2	512	496.546497765091	856.888346420118	505.497592258698	636.253030648601	515.624471780707	1024.64443612081	514.08333817736	659.479710576365	201.217807716363	132.004445107337	-593.683637273425	688.401341155161	244	78	4	7	179	262	168	11	2	69	22220	2752	2435	241	4585	0	0	0	0
10	1	2	154	54	up	3	512	463.100673045085	684.835567406601	484.582389631424	574.3565971628	533.360059913525	1096.70874380174	537.695725402777	756.076051075955	213.669801487926	135.341390489736	-593.833638854452	688.749115744353	264	78	4	4	162	245	181	12	4	70	22468	2594	2327	259	4468	0	0	0	0
10	1	2	155	55	up	0	512	539.051042919151	1068.7411179966	536.704871649535	717.47406529703	509.107730698514	1007.9490871138	504.283924896338	643.184831785121	208.235539468804	133.873852180579	-593.885248277435	688.868635455581	251	59	2	11	189	273	158	11	4	66	22892	2666	2363	239	4298	0	0	0	0
10	1	2	155	55	up	1	512	501.651855981026	824.83113966019	517.511809744507	657.134958463711	485.980126556964	874.945549048361	496.005820709232	623.782676246052	218.874157173282	143.252449392219	-593.691202646395	688.418813527905	257	63	2	6	184	246	167	8	2	89	22749	2710	2420	281	4408	0	0	0	0
10	1	2	155	55	up	2	512	470.029756682898	697.328252328732	490.836314679485	584.36785051281	541.383378804467	1076.64267328562	534.653799182965	715.948934743218	215.055872836766	144.709318273542	-593.770360382596	688.602496131985	263	74	3	4	168	242	194	11	2	63	22868	2678	2352	262	4273	0	0	0	0
10	1	2	155	55	up	3	512	501.1229189707	992.814272906979	500.077643697951	634.497426883021	480.778500433213	680.033799613385	497.432436622623	582.776735288427	212.530125331262	138.428680938803	-593.762177835829	688.583365985814	278	69	3	11	151	262	181	3	3	63	22880	2723	2304	253	4285	0	0	0	0
10	1	2	156	56	up	0	512	519.089550082277	1001.815174983	514.87807182824	663.156001246935	515.652815670389	1092.15307745676	512.777296361033	678.027955911584	218.592425140456	142.661951491647	-593.599649469298	688.206670202211	245	73	3	10	181	271	155	13	2	71	23129	2789	2457	297	4321	0	0	0	0
10	1	2	156	56	up	1	512	518.292135895391	1024.6608415068	514.866435994482	662.924768208413	505.959800010075	1037.97879639745	503.17013789897	652.980202245972	205.961989715782	126.846725295774	-593.707166678613	688.45632856204	271	61	3	11	166	276	151	12	2	71	23292	2775	2332	273	4314	0	0	0	0
10	1	2	156	56	up	2	512	501.008470446646	929.179248674966	496.04496902527	609.848984390089	542.208063915708	1142.34820817522	535.694171652406	723.173908984825	210.590498397656	131.536689749392	-593.707308597299	688.456238013185	263	72	0	9	168	254	178	13	6	61	23123	2859	2419	271	4115	0	0	0	0
10	1	2	156	56	up	3	512	503.330643058518	928.597427638529	502.355487259775	630.642511280601	565.471516093527	1186.63602133679	551.558903723146	763.159348746724	216.450834490536	144.878112164215	-593.856698030034	688.802787684675	269	65	4	9	165	245	200	13	3	51	23371	2668	2393	240	4248	0	0	0	0
10	1	2	157	57	up	0	512	514.626504435396	1024.73091145559	517.786643715987	666.245832276548	529.223252187894	1008.12913870435	527.472869512039	678.587608777926	227.257980040684	147.257296639009	-593.869930707382	688.833407683104	255	73	5	11	168	271	180	10	1	50	23765	2779	2384	256	4071	0	0	0	0
10	1	2	157	57	up	1	512	482.812942286962	755.79965101461	496.317840276296	594.279201908833	524.291176206028	974.367727444591	521.041918119593	668.330309022408	228.470141851487	149.94859369443	-593.734122346216	688.518331829934	262	70	1	5	174	249	190	9	0	64	23793	2707	2437	247	4130	0	0	0	0
10	1	2	157	57	up	2	512	525.384338493829	1111.09986599782	513.182991642603	673.153124280261	509.367117566955	1012.39432284485	508.531744791461	658.041012432406	234.716006152895	155.472063671829	-593.738188604365	688.527976105883	264	68	3	13	164	266	162	11	2	71	23728	2741	2438	277	4119	0	0	0	0
10	1	2	157	57	up	3	512	516.036814336328	1057.49720356561	509.809403900543	654.575886000311	530.547457454454	1118.85330318235	522.539316214996	692.259909196679	217.049365890467	139.708895194354	-593.730602780849	688.510142871978	268	68	4	12	160	266	167	13	3	63	23564	2882	2460	278	4183	0	0	0	0
10	1	2	158	58	up	0	512	508.667044253211	981.698541392412	506.087714676633	635.829376241805	521.564678381328	1140.8870036353	508.651597173738	677.247422321327	234.072335665694	157.003915945774	-593.826684238818	688.733113449372	250	77	4	10	171	264	157	14	2	75	24088	2847	2497	264	3941	0	0	0	0
10	1	2	158	58	up	1	512	521.623512091344	937.26928273361	531.842263000439	706.618020068315	503.542432455713	827.551317100581	507.506725530658	614.378961999134	233.727447646123	155.902079091827	-593.72757995813	688.503204025938	240	67	2	8	195	258	185	6	2	61	24106	2826	2507	257	4012	0	0	0	0
10	1	2	158	58	up	2	512	497.016601065402	892.522934075017	501.414551304823	632.313837515531	533.503925292587	1021.50608384855	534.689907603583	701.543191368376	220.759945877	143.335909958105	-593.797981576505	688.666502181043	247	80	3	8	174	256	188	10	2	56	24163	2819	2458	256	4176	0	0	0	0
10	1	2	158	58	up	3	512	516.133082244144	950.914060402781	525.744785253486	680.786478904474	479.644685051633	843.026686297332	486.462077328223	578.94004657356	226.254232268371	149.17904664142	-593.825413842741	688.729908707565	267	57	4	9	175	295	145	8	1	63	24234	2791	2412	259	3961	0	0	0	0
10	1	2	159	59	up	0	512	578.311389476954	1380.12470269457	558.876467675321	799.382185587368	534.320593061036	999.561082932795	536.64579749509	713.573449413806	245.395894571106	165.24076089748	-593.816368699655	688.709115396525	262	51	1	18	180	225	203	9	5	70	24612	2786	2547	263	3975	0	0	0	0
10	1	2	159	59	up	1	512	524.808876977584	1004.30075898413	526.141327790522	677.991379595503	529.568743690706	1045.72958106582	530.237512561482	710.9065653865	215.550562933696	144.477964738622	-593.70836178636	688.458648103876	264	58	0	10	180	262	175	11	7	57	24513	2935	2471	289	3987	0	0	0	0
10	1	2	159	59	up	2	512	548.053075573839	1047.63469094703	555.048544385945	748.861075558117	517.630569744774	1069.93046992045	511.565082969789	673.739752896381	227.518270232089	149.567424716525	-593.717249654852	688.479309521036	252	48	2	10	200	245	169	12	5	81	24477	2861	2604	266	3976	0	0	0	0
10	1	2	159	59	up	3	512	583.034894957602	1266.42095543028	578.10569955388	829.917493582536	493.081419463521	879.717607557932	500.208445650086	623.959240320616	234.429314553071	157.607030394141	-593.722292007956	688.490911028606	212	63	3	14	220	261	166	8	3	74	24515	2813	2590	290	4005	0	0	0	0
10	1	2	160	60	up	0	512	493.004405137268	1024.28345565381	475.883485868617	583.612898259788	460.749083578205	750.144209568888	471.27350204079	544.129113581923	224.060209215696	150.928311862843	-593.692467159453	688.421652918669	257	92	3	12	148	270	149	6	3	84	24941	2918	2603	258	4006	0	0	0	0
10	1	2	160	60	up	1	512	480.615381472589	828.446657017885	497.516873712472	630.738783031085	463.963865319453	826.533119957604	469.46676476686	568.376192615708	234.5277914008	157.586570006656	-593.817422149846	688.711560288311	248	87	4	7	166	270	141	8	4	89	25075	2889	2477	279	3995	0	0	0	0
10	1	2	160	60	up	2	512	472.380273184451	912.530014337589	470.390110897447	581.646929812014	454.837220867266	775.547754245027	457.042277316808	520.218488101839	215.599346015431	143.43598663327	-593.728301225108	688.504623458376	270	91	3	10	138	273	140	7	1	91	24909	2954	2604	253	3787	0	0	0	0
10	1	2	160	60	up	3	512	438.763312161028	541.82492842016	457.842638741705	495.887055352041	470.029756682898	771.465723183404	473.289812095369	551.493337945049	243.009213648434	161.232128152908	-593.758091504851	688.574119591326	257	90	0	1	164	259	161	6	1	85	24895	2939	2611	275	3824	0	0	0	0
10	1	2	161	61	up	0	512	496.718707033834	923.30519086223	500.903366092414	639.324336467958	550.769410125095	1095.01784319957	554.402346115496	749.340612228058	228.257049662912	149.375169993261	-593.832546455517	688.74654498145	256	78	4	9	165	236	203	11	2	60	25458	2896	2599	279	3652	0	0	0	0
10	1	2	161	61	up	1	512	508.993282174461	944.287455086477	514.915041223077	665.667101256825	564.415788003526	1221.04932358178	556.47489548655	783.499212399728	227.632183288082	147.105032466162	-593.787051871713	688.641181358044	254	70	5	9	174	245	195	14	2	56	25308	3042	2566	316	3809	0	0	0	0
10	1	2	161	61	up	2	512	521.430976275712	1150.43556905927	499.214168330504	652.391253263727	536.28711089665	952.922051004746	559.425470285851	760.981864685703	234.060751851302	155.386098722603	-593.664792034833	688.357554707511	242	89	2	14	165	259	198	8	3	44	25292	3036	2633	271	3879	0	0	0	0
10	1	2	161	61	up	3	512	510.029756682898	1020.16638961779	507.677169574065	652.308002266726	530.087517427588	980.482581673245	539.391574069767	716.741995322732	232.83101124606	154.00321078453	-593.768353519375	688.597511654298	251	80	2	11	168	252	190	9	5	56	25234	3083	2631	284	3832	0	0	0	0
10	1	2	162	62	up	0	512	508.100673045085	1052.67370469566	499.712987159764	633.370193191848	526.843318831333	1042.98457106037	521.21087292566	682.269102137634	240.609047941361	159.690523878126	-593.762222535947	688.58363207066	252	85	1	12	162	264	176	11	1	60	25709	3078	2685	272	3605	0	0	0	0
10	1	2	162	62	up	1	512	506.045904644446	1071.16061082319	488.61602049809	613.431936186737	508.456327821342	876.371718613888	527.943228618563	683.41338372753	250.854945029538	168.19812822168	-593.806203912412	688.685484687115	278	72	6	13	143	244	187	7	5	69	25805	3000	2683	256	3487	0	0	0	0
10	1	2	162	62	up	2	512	531.420813002267	1194.89676120414	511.407902731827	674.020682222987	520.385411459156	933.864403536019	524.793414046154	673.252450114322	223.663467606861	147.604761162417	-593.744212514391	688.542083943231	261	74	1	15	161	243	193	8	2	66	25695	3155	2590	304	3590	0	0	0	0
10	1	2	162	62	up	3	512	538.474508437579	1205.37037582907	518.922950031104	681.467122460292	516.948677047267	987.093658889474	524.94454628489	689.545733085112	241.586686375278	162.450538932694	-593.650189271961	688.323769035102	264	67	1	15	165	265	169	10	8	60	25851	3009	2604	280	3800	0	0	0	0
10	1	2	163	63	up	0	512	565.538367146336	1255.99920947947	544.755936129094	756.980192302152	509.53023652758	975.147760029387	508.542668993779	642.70613338201	249.401590467154	169.340180339407	-593.746109604671	688.545969812434	252	55	1	15	189	268	165	10	4	65	26066	3107	2800	283	3446	0	0	0	0
10	1	2	163	63	up	1	512	500.91220253883	924.569489453448	499.0621406089	613.735162564791	518.503925292587	923.614730968854	520.14236895991	645.551194817126	246.894428021505	165.930461164802	-593.795917624589	688.661901035996	272	66	1	9	164	260	186	8	1	57	26075	3157	2736	288	3484	0	0	0	0
10	1	2	163	63	up	2	512	523.542432455713	970.389454389642	519.175061982333	678.451045529082	543.67613456133	1140.84088896566	523.593486148896	681.684201353312	261.423304594099	182.332811203301	-593.667906629152	688.365063120134	246	63	9	9	185	268	177	13	1	53	26202	2992	2778	284	3583	0	0	0	0
10	1	2	163	63	up	3	512	511.957767355386	1008.72824241269	513.657397031516	670.726696739483	555.652815670389	1303.79831236147	532.201838273395	741.701035490337	234.759155272986	156.718229942792	-593.917085373633	688.942821429587	283	58	3	11	157	267	166	17	2	60	26327	3043	2598	288	3556	0	0	0	0
10	1	2	164	64	up	0	512	529.300266514147	1048.86705605218	518.977671276467	669.008249739048	559.107730698514	1346.64975354819	526.571115913189	713.983627532589	228.780452353099	150.467007585167	-593.943944621853	689.005150175997	259	61	2	11	179	265	165	18	1	63	26621	3220	2651	276	3521	0	0	0	0
10	1	2	164	64	up	1	512	522.02569137352	1035.80275250294	513.256386139055	652.799708289402	545.317487441021	1147.57259920515	526.865536791812	694.666954415352	250.004811927711	172.999452950823	-593.752593617117	688.561180843479	261	65	2	11	173	257	181	13	3	58	26551	3081	2825	311	3492	0	0	0	0
10	1	2	164	64	up	2	512	495.787590741332	844.533128220974	501.986966359765	602.467828473893	521.718707033834	1037.05907288725	521.046261659425	695.68691816593	233.466865384696	157.825630562442	-593.795529365871	688.660966869752	272	62	1	7	170	256	174	11	3	68	26539	3238	2703	288	3408	0	0	0	0
10	1	2	164	64	up	3	512	501.843318831333	929.230689035347	505.844774213226	646.465602578102	521.680199870708	1035.23113387583	513.884334270993	661.851894689213	240.361399541048	166.971370856174	-593.748167666933	688.550808538159	264	70	2	9	167	262	173	11	1	65	26624	3175	2673	296	3385	0	0	0	0
10	1	2	165	65	up	0	512	505.836261177903	796.542894053188	517.760199721396	636.546196244262	529.270849659139	1187.7313480327	504.632692368847	656.191874965643	254.013038061113	174.565511685058	-593.630959065987	688.279181402782	255	57	3	5	192	267	156	15	3	71	27064	3136	2805	275	3538	0	0	0	0
10	1	2	165	65	up	1	512	489.051042919151	804.177922416886	499.835319493906	619.188780246019	535.547457454454	1163.82669538704	528.144098413194	725.328705252059	249.372483638734	172.465807127523	-593.773507969335	688.609765145641	255	73	3	6	175	262	166	14	5	65	27052	3234	2704	290	3451	0	0	0	0
10	1	2	165	65	up	2	512	500.806844322895	890.433793829025	505.145176599711	616.301533656538	506.901079576022	976.985901450132	507.665979817112	655.809912018719	252.577255709184	175.101137428911	-593.859376974697	688.808581896237	267	65	2	8	170	257	169	10	1	75	26992	3227	2746	315	3250	0	0	0	0
10	1	2	165	65	up	3	512	550.73892030476	1292.00673458253	532.502229509061	747.690739250544	455.538367146335	599.843994585679	479.444808284667	539.624475140344	243.381336674052	165.708327278019	-593.845617221353	688.776839709878	273	59	4	17	159	268	166	2	2	74	26972	3192	2806	310	3328	0	0	0	0
10	1	2	166	66	up	0	512	514.703518761649	917.247102684705	519.558632051267	657.872834810793	494.68319221476	942.745978188441	492.059285757572	601.95793560411	238.330679329798	163.389584232925	-593.744894050908	688.543290716948	259	60	2	8	183	285	148	10	4	65	27321	3410	2729	332	3376	0	0	0	0
10	1	2	166	66	up	1	512	496.229350151961	812.632466744608	511.956776577158	640.754026607355	499.654848325078	920.237336852491	503.300330968267	626.643904542223	263.370129262035	181.339219031756	-593.806072023483	688.684997567231	262	63	4	6	177	276	161	9	2	64	27741	3092	2667	292	3292	0	0	0	0
10	1	2	166	66	up	2	512	516.468410473512	1091.30385220909	505.284795312824	642.665248623339	475.855514759466	749.935795611202	492.215352464055	597.719442800237	243.634175604419	162.331324663693	-593.859995898071	688.810559879715	277	67	1	13	154	250	174	5	0	83	27506	3234	2742	310	3237	0	0	0	0
10	1	2	166	66	up	3	512	558.340806331962	1320.72825480774	539.606152430994	785.612862146512	494.540399801024	774.520273295485	513.631597167515	638.298762210308	248.721733562009	167.619212488843	-593.752040846466	688.559770474342	238	76	3	17	178	261	181	5	4	61	27525	3107	2844	316	3236	0	0	0	0
10	1	2	167	67	up	0	512	539.310429787591	1036.10431440266	533.841830514458	691.577455854193	484.309356822265	895.885228405048	482.429573935776	577.452990021395	263.906128616013	189.91379360318	-593.80831795729	688.690510000833	244	59	3	10	196	273	151	9	2	77	27947	3298	2775	284	3215	0	0	0	0
10	1	2	167	67	up	1	512	491.392469112585	841.605414108809	505.34738716072	620.708156829466	516.094575081018	1023.22359224603	510.317248706046	650.616964078216	260.048058994388	181.001818940962	-593.823431358252	688.725686026157	260	72	3	7	170	269	167	11	0	65	27786	3251	2943	324	3209	0	0	0	0
10	1	2	167	67	up	2	512	536.162499099152	1029.05198436131	535.176579178237	718.286219665472	518.474508437579	1099.50784668374	510.968697774391	685.018214926839	253.073464451499	175.890334591631	-593.684014329618	688.402263571571	247	59	4	10	192	260	158	13	7	74	27695	3348	2919	342	3232	0	0	0	0
10	1	2	167	67	up	3	512	492.927390811015	798.241772862272	504.149730823676	614.201490838423	548.186777679456	1260.44532249643	526.288682425025	717.773048495828	269.874540730391	192.828950237531	-593.801568266601	688.674789594399	285	52	1	6	168	254	169	16	4	69	27854	3209	2954	287	3364	0	0	0	0
10	1	2	168	68	up	0	512	482.899046921333	789.008073235666	497.4598532559	601.211264010189	502.918300502897	932.800091723409	505.498991514629	634.34112147066	269.010883043418	184.549036151648	-593.787706942662	688.642681111356	268	70	1	6	167	259	169	9	3	72	28302	3239	2966	309	3032	0	0	0	0
10	1	2	168	68	up	1	512	500.384338493829	886.179689383765	506.125280104524	620.026150263178	494.549490109143	878.183680553062	503.818010296041	622.736747243724	268.183670627652	194.013715895434	-593.698129505003	688.434922728668	276	60	1	8	167	271	164	8	2	67	28309	3294	2898	315	3080	0	0	0	0
10	1	2	168	68	up	2	512	525.49076967509	1012.97349136513	524.685471444981	684.944319405283	519.463385474771	1069.86882715074	517.853854906114	697.742591163986	262.602823073711	189.327415119002	-593.723007903767	688.492337096901	244	69	3	10	186	249	167	12	8	76	28276	3328	2892	320	3115	0	0	0	0
10	1	2	168	68	up	3	512	512.400599731341	955.785020858872	510.225862264766	642.949415616398	545.375248185711	1187.40985094493	530.68664951159	720.168748522174	267.690909390936	184.752765020465	-593.794383401099	688.657910796282	244	75	2	9	182	250	180	14	1	67	28413	3246	2846	311	3111	0	0	0	0
10	1	2	169	69	up	0	512	552.630569744774	1125.40941023613	556.585647581506	781.015389742634	477.371182876333	742.673704695661	495.582129514943	599.96171026038	265.938198873986	185.015470091879	-593.807282914472	688.688047761245	253	51	4	12	192	268	166	5	4	69	28796	3312	2908	312	2856	0	0	0	0
10	1	2	169	69	up	1	512	521.949750012594	899.858196427674	535.927434733115	692.013760847975	486.872735686341	766.585907234491	495.954081389724	596.533289572197	255.382081538798	177.911393311908	-593.829795561344	688.740187127211	244	60	3	7	198	252	180	5	2	73	28738	3394	2868	328	2858	0	0	0	0
10	1	2	169	69	up	2	512	533.878833650407	957.350881349805	549.07522309581	727.442567079642	477.572809000084	781.419159541602	491.184497191885	593.592291871459	263.54332460468	182.81690672713	-593.874169643538	688.843088232595	243	57	0	8	204	264	164	6	2	76	28570	3457	3009	292	2983	0	0	0	0
10	1	2	169	69	up	3	512	543.407657384771	1143.92514836139	546.081427883092	755.605596595351	534.328610403829	1198.40452112249	513.072138429958	676.333810390397	261.994310175389	183.958155695942	-593.664955043344	688.357890422578	257	59	4	13	179	260	161	15	5	71	28457	3508	3036	327	2982	0	0	0	0
10	1	2	170	70	up	0	512	514.491729364453	1055.34864475233	493.530264817643	613.37432455365	488.579866653514	1049.05373893313	475.706115496161	601.306203147431	281.129044250167	202.945046890122	-593.828462737869	688.737073828886	266	70	5	12	159	265	137	13	3	94	28996	3455	3060	329	2751	0	0	0	0
10	1	2	170	70	up	1	512	467.601152889766	721.872369347874	478.235628633899	568.255014574293	475.278980277895	812.40097479368	479.903257026444	582.33295951907	268.091717119605	188.663044654676	-593.762901823984	688.585028181892	277	70	5	5	155	263	156	7	5	81	29093	3358	3095	294	2868	0	0	0	0
10	1	2	170	70	up	2	512	478.753148887583	856.179689383765	475.320835438889	561.469637473958	495.278980277895	844.09942528902	495.071171485916	596.702230678304	264.541932300793	185.400463711373	-593.689738780661	688.415621999708	260	85	3	8	156	267	169	7	5	64	29092	3527	2910	311	2995	0	0	0	0
10	1	2	170	70	up	3	512	456.880753029133	695.509168810135	465.184804706723	524.601474949489	458.685224869449	776.213826413821	463.849124269494	530.616162771954	266.414005257054	187.328889613991	-593.753683934132	688.56365366741	299	65	2	5	141	286	138	7	1	80	29100	3501	2930	309	2852	0	0	0	0
10	1	2	171	71	up	0	512	518.311389476954	1025.58811491017	505.116307941115	624.528069022496	548.840326487281	1053.38768742276	544.00570971993	710.677416044024	277.24682736712	201.966604198429	-593.728282286311	688.504668508137	270	62	2	11	167	241	204	10	3	54	29523	3486	3020	323	2865	0	0	0	0
10	1	2	171	71	up	1	512	526.469483438838	1049.01517415666	522.607769347011	682.202148383817	537.534301836958	1097.04576898959	532.705268048358	713.317521517715	279.354706056039	197.079475274342	-593.943663382412	689.00424588483	248	70	2	11	181	262	179	12	2	57	29571	3410	3034	337	2683	0	0	0	0
10	1	2	171	71	up	2	512	497.390436457896	997.658625567754	493.884623328199	626.096936472717	558.437074239779	1177.08968011523	555.426084421061	761.988800943147	276.737555965774	198.171622312939	-593.68836817667	688.412178293729	251	88	5	11	157	241	197	13	2	59	29433	3502	3063	354	2960	0	0	0	0
10	1	2	171	71	up	3	512	513.474508437579	1054.53445447905	518.692197157058	703.243968595029	507.746091234153	911.383247281297	518.785733878402	654.207731017574	278.736818363022	197.197915942988	-593.735225805218	688.520850521213	264	72	5	12	159	247	183	8	1	73	29608	3440	2990	314	2711	0	0	0	0
10	1	2	172	72	up	0	512	512.82203259508	1018.16372470658	513.59009109953	675.610777815526	538.09050977164	1165.86217107023	521.277628243864	687.799816656724	281.988147258416	202.828498261717	-593.793223382687	688.655460079744	264	69	4	11	164	267	166	14	5	60	29869	3577	3074	344	2634	0	0	0	0
10	1	2	172	72	up	1	512	525.278980277895	1039.90873884372	511.812736632669	655.975942247858	499.43504158509	785.384577671063	508.819826430206	615.431920530976	264.527272652317	184.947171311087	-593.75903031613	688.576070921213	263	61	3	11	174	256	187	5	3	61	30084	3477	2998	305	2807	0	0	0	0
10	1	2	172	72	up	2	512	499.559653382588	820.447546698852	510.043764757596	629.826547239841	503.772402469146	859.641334632485	517.00414657777	663.444883312366	272.638646769558	197.532202898419	-593.743042442476	688.539147307219	260	63	1	6	182	263	176	7	6	60	29739	3700	3091	334	2736	0	0	0	0
10	1	2	172	72	up	3	512	534.510982946016	1125.05640797603	522.223573461541	674.563760478881	523.369150221644	1073.34332732495	517.736978078743	677.896451690497	275.983307109927	195.15487968809	-593.667063023651	688.362866956405	269	59	1	13	170	263	169	12	1	67	29849	3613	3069	333	2769	0	0	0	0
10	1	2	173	73	up	0	512	504.194908298212	900.977478402739	503.978099814101	616.078114755856	540.298233859458	1175.80940445177	524.250090950273	685.410513968078	276.720759057677	195.085035834442	-593.807207796518	688.688049668569	254	70	4	8	176	258	174	14	0	66	30440	3591	3006	339	2586	0	0	0	0
10	1	2	173	73	up	1	512	480.499859983209	711.743329803965	498.587835739511	594.606793483847	474.789623396021	701.754858471373	494.516599768263	588.053441981149	299.819958115516	229.938819402572	-593.765083548723	688.590345741369	270	62	3	4	173	273	169	4	1	65	30315	3433	3307	321	2550	0	0	0	0
10	1	2	173	73	up	2	512	546.076394464781	1122.89899366993	529.369394051161	688.685874530065	497.217154223827	952.310948998407	509.838137338202	663.650805318515	269.993161084104	193.164311669734	-593.863274133924	688.817694726984	237	67	1	12	195	272	154	10	5	71	30414	3591	3044	327	2678	0	0	0	0
10	1	2	173	73	up	3	512	494.491729364453	912.457291872641	501.055755402893	638.303909802394	532.064198536647	1127.60408371904	517.988145684121	677.214684468167	268.808964454406	187.541944920577	-593.870178567918	688.833981385559	270	70	6	9	157	251	173	13	4	71	30577	3521	2974	304	2625	0	0	0	0
10	1	2	174	74	up	0	512	463.762239195702	787.814272906979	475.1821460975	547.555542340186	523.714641724457	1073.91494595206	517.313288659505	668.272931081702	290.737102559084	214.217460662095	-593.912618241598	688.932299264926	278	81	2	7	144	262	169	12	2	67	30935	3498	3124	331	2443	0	0	0	0
10	1	2	174	74	up	1	512	527.323585405088	1012.91184859542	531.764715924079	720.60641667933	503.042912300395	967.836452955883	506.76579921082	663.682488444888	274.147111264492	193.775005155085	-593.741663087302	688.535867373518	248	64	6	10	184	259	163	10	5	75	30859	3680	3006	343	2580	0	0	0	0
10	1	2	174	74	up	2	512	544.473548748216	1117.99522244186	528.763866749241	681.584365509661	501.804811668206	927.376142228614	502.434603035511	634.678381405392	278.667870469081	201.485641511548	-593.794693278426	688.659444643906	242	65	1	12	192	266	165	9	4	68	30995	3553	3026	314	2502	0	0	0	0
10	1	2	174	74	up	3	512	474.098640390396	737.640444951517	490.25084801009	579.040567525184	536.623512091344	1109.29810646797	529.326169737772	710.059881842439	288.625816165312	215.809838773743	-593.784484140905	688.635251896255	267	72	4	5	164	232	190	12	1	77	30694	3600	3263	331	2443	0	0	0	0
10	1	2	175	75	up	0	512	502.50488498195	958.071923681053	503.592316154045	638.272714698989	487.610243197884	931.371697955463	496.150923265202	626.249424577868	292.276416906896	210.421322494743	-594.016426275638	689.173087863394	282	62	2	10	156	287	144	10	1	70	31447	3516	3141	296	2288	0	0	0	0
10	1	2	175	75	up	1	512	553.407657384771	1308.03601142075	532.90774469208	754.44420959245	458.052002608513	703.688330719715	476.274501650529	547.335907582024	278.858076445785	204.248211980805	-593.793501434107	688.656108765555	249	73	2	17	171	285	147	5	2	73	31069	3815	3201	315	2282	0	0	0	0
10	1	2	175	75	up	2	512	536.700526417597	964.732258372095	537.113338919958	693.856877334074	549.126984280077	1220.52159542188	522.908914375401	697.872069121417	296.282523017773	221.350650575153	-593.833693871685	688.749356133047	236	59	1	8	208	268	170	15	3	56	31300	3545	3192	363	2456	0	0	0	0
10	1	2	175	75	up	3	512	521.008470446646	1034.98856222966	514.969981094668	656.027985138209	523.898087231971	979.471057137522	523.34710202532	682.09613431052	286.738397255388	205.969425448913	-593.859957657735	688.810205704902	259	67	2	11	173	234	194	9	2	73	31200	3667	3218	315	2429	0	0	0	0
10	1	2	176	76	up	0	512	507.006437791957	899.928694690204	510.186586319585	629.961037278495	515.605218199144	1060.77259424713	507.194546715591	647.788547289171	289.349519148844	213.835207792102	-593.749903038044	688.554863078186	270	59	1	8	174	259	163	12	4	74	31409	3778	3351	374	2367	0	0	0	0
10	1	2	176	76	up	1	512	494.626504435396	807.755303311857	504.038534758838	609.587889137394	491.257694041642	872.196539610236	507.878008089889	657.056051819109	293.492245275814	213.992297412762	-593.791803672771	688.652257092732	271	60	0	6	175	267	160	8	7	70	31419	3778	3389	326	2313	0	0	0	0
10	1	2	176	76	up	2	512	520.11586131727	958.01783080451	530.207889779466	699.302115894448	475.989216865083	703.30519086223	485.071769553224	556.526778800489	298.147977053195	223.439977502689	-593.750579641539	688.556748111849	265	55	5	9	178	272	169	4	3	64	31438	3689	3438	347	2348	0	0	0	0
10	1	2	176	76	up	3	512	550.461352820082	1228.48301825036	545.742078852636	783.774374346274	526.210096570397	1044.56993842562	523.11083784535	687.371135648443	280.815096338075	202.060638384362	-593.712246308769	688.467454978043	248	65	10	15	174	255	177	11	4	65	31664	3680	3201	367	2409	0	0	0	0
10	1	2	177	77	up	0	512	480.278980277895	746.208072409329	498.249282645508	605.694874545035	536.392469112585	1098.25064901352	526.182384767429	687.016433137348	306.068819906948	231.509839293463	-593.848368979289	688.783397811213	271	65	4	5	167	256	181	12	1	62	32193	3616	3226	389	2255	0	0	0	0
10	1	2	177	77	up	1	512	473.656880979767	695.377027777896	500.325560985073	604.805498484839	526.219186878516	1111.17791415352	509.639852702882	649.679705885203	293.250034348279	220.044848773748	-593.826434469179	688.733007235362	277	61	7	4	163	269	164	13	1	65	32092	3688	3270	374	2210	0	0	0	0
10	1	2	177	77	up	2	512	514.703518761649	991.357965744062	516.885818459152	677.872988359084	511.364125222903	991.098988711907	519.550652650752	692.001926868514	292.775920535812	213.781312203412	-593.720043659502	688.485913249926	251	72	4	10	175	239	177	10	4	82	31946	3827	3299	352	2214	0	0	0	0
10	1	2	177	77	up	3	512	492.1412128629	734.337569188777	513.612823797002	634.54080989707	515.384338493829	984.044434468141	519.924442325315	686.623850515651	316.762890067856	248.203266097466	-593.786692309583	688.640388631755	263	58	3	4	184	268	168	10	6	60	32091	3629	3379	325	2287	0	0	0	0
10	1	2	178	78	up	0	512	527.101632734447	1105.52779839854	513.696741598697	654.65064510805	496.536334491647	885.513617214971	499.987183155573	622.161040227655	315.222710163085	241.553515412419	-593.89238177353	688.885429981648	282	55	4	13	158	263	169	8	1	71	32648	3614	3336	338	2122	0	0	0	0
10	1	2	178	78	up	1	512	520.787590741332	1069.45330483503	520.206660012305	705.225716099924	544.358027258837	1186.59566067165	525.060866760056	709.354334450286	310.06873454891	244.709841024166	-593.657849852778	688.341388062296	260	70	3	12	167	248	180	14	1	69	32132	3926	3494	384	2195	0	0	0	0
10	1	2	178	78	up	2	512	539.233415461338	1032.4218285845	546.285362970784	741.51844308224	459.060133227269	674.949976794771	484.952722704976	582.978386278674	308.299041288107	237.959698384394	-593.646123586036	688.314695332613	252	54	3	10	193	269	156	4	6	77	32349	3828	3387	372	2259	0	0	0	0
10	1	2	178	78	up	3	512	492.044944955084	766.783241496938	519.74452194936	659.187215651673	516.411722694148	993.315393271558	504.143198229686	630.240787899709	302.439082193295	229.117091367895	-593.802346850953	688.676656891774	268	58	5	5	176	251	175	10	6	70	32328	3850	3388	370	2119	0	0	0	0
10	1	2	179	79	up	0	512	613.235448116027	1484.96285237869	587.153365337405	863.107084789785	494.300266514147	919.277252677149	488.177325397261	594.910894010918	313.707239096133	242.243801821232	-593.873179348339	688.840977037664	237	45	2	19	209	259	164	9	1	79	32849	3808	3401	390	1893	0	0	0	0
10	1	2	179	79	up	1	512	550.270962935102	991.874614208717	567.147148796297	769.607754316692	442.688330489464	583.202310141468	464.9017159463	521.323099586721	299.571195958093	221.957862498569	-593.800901010292	688.673151781118	224	56	3	8	221	254	160	2	5	91	32954	3885	3264	345	2086	0	0	0	0
10	1	2	179	79	up	2	512	548.945684703216	1013.38591219251	561.874335188835	757.61498598655	518.379313495089	1073.88213518009	510.119116283315	667.272542380545	308.029984263133	235.645686011906	-593.803249134427	688.678830541191	250	44	4	9	205	244	173	12	0	83	32945	3802	3376	325	2034	0	0	0	0
10	1	2	179	79	up	3	512	569.415788003526	1303.07814731614	568.785907486437	825.658514466121	519.47247578289	1099.42137134896	503.606805503435	653.012403911611	294.494451839092	217.133726014714	-593.773104138927	688.608820760145	237	64	5	16	190	267	158	13	4	70	32832	4018	3245	353	2003	0	0	0	0
10	1	2	180	80	up	0	512	466.478573746957	798.14199362984	468.694479284249	541.958501472048	445.749083578205	652.252856689197	459.231309321047	522.445040521198	301.548359356366	226.53823491007	-593.777143750348	688.61808751383	266	87	1	7	151	274	147	4	2	85	33300	3896	3383	381	1987	0	0	0	0
10	1	2	180	80	up	1	512	485.259726696331	901.473701390313	474.185566379165	555.638469831361	455.038846991017	703.100306706618	462.463081044209	521.76017912518	308.675442902091	243.225433044716	-593.605728845536	688.220868846511	264	82	2	9	155	277	149	5	0	81	33168	3980	3438	374	2011	0	0	0	0
10	1	2	180	80	up	2	512	474.386371148518	735.483458959157	480.596599824768	548.417023778626	458.206031261019	748.108733885696	462.860093165413	536.180755172407	283.969927699809	204.29656427404	-593.696980903153	688.432573109868	277	67	0	5	163	265	149	6	3	89	33149	4048	3404	359	1868	0	0	0	0
10	1	2	180	80	up	3	512	476.276947623206	812.28789166359	492.341487465745	611.490662526655	451.689290178826	694.357953349007	466.834109430324	541.763113223313	297.524033273164	219.78539258512	-593.746278591536	688.546602460062	266	78	6	7	155	280	143	5	4	80	33038	4157	3395	370	2012	0	0	0	0
10	1	2	181	81	up	0	512	529.175654716649	1013.80408702439	533.680045734833	705.859297845589	549.291176206028	1162.20586473365	538.927416458594	727.769193946561	298.139778380006	215.355990759309	-593.686840505844	688.408702357332	255	59	4	10	184	237	190	13	5	67	33784	3955	3340	393	1862	0	0	0	0
10	1	2	181	81	up	1	512	503.810909632273	861.495881439218	514.621006485918	648.641052718412	518.667044253212	997.534462742425	522.829489869367	693.799117168039	328.535021607719	264.20853539898	-593.838901075758	688.761531906748	261	62	4	7	178	250	177	10	6	69	33564	3953	3594	361	1893	0	0	0	0
10	1	2	181	81	up	2	512	531.660946289145	1087.22182114747	518.266855325102	672.739121215409	523.667044253212	968.423599683068	535.690242529021	713.278008868336	327.803046933491	263.148751977531	-593.823559115798	688.725925715766	263	61	1	12	175	258	185	9	2	58	33534	3965	3590	383	1822	0	0	0	0
10	1	2	181	81	up	3	512	544.578906964151	1152.10431027097	537.098220876625	740.492806796346	545.585964617581	1144.48833980942	534.555269440781	709.785314895899	328.147457047282	261.812394903297	-593.694497218544	688.426591093608	243	67	4	13	185	268	179	13	0	52	33714	3934	3483	341	1899	0	0	0	0
10	1	2	182	82	up	0	512	512.495794673831	907.326477098482	517.271564485474	650.341397261753	480.566711036017	818.161949476326	487.5712760532	584.167514323533	317.189762007622	243.447821952948	-593.785716350783	688.638121196362	272	53	3	8	176	273	158	7	2	72	34004	4071	3552	357	1777	0	0	0	0
10	1	2	182	82	up	1	512	509.578906964151	874.26617298191	519.280399480727	652.648437774248	502.899046921333	857.761955260685	504.981510958513	617.657357721062	317.906458419137	245.19320823011	-593.711040609866	688.464845288746	255	62	3	7	185	268	176	7	2	59	34160	3941	3519	364	1776	0	0	0	0
10	1	2	182	82	up	2	512	503.091582736966	866.981473703721	515.873807276473	653.451373876466	493.993282174461	809.340670677107	510.214583799241	640.596719494037	300.328290942397	230.759556237444	-593.774378923712	688.611721256814	250	71	0	7	184	262	176	6	3	65	34166	4046	3379	393	1687	0	0	0	0
10	1	2	182	82	up	3	512	495.32657774914	801.342437643986	514.533405459757	643.616074041839	504.838293832592	907.822271772313	505.969365442763	637.610316352614	298.508363645424	221.54708827192	-593.768634035029	688.598490347918	283	50	5	6	168	240	181	8	5	78	34186	4054	3377	367	1696	0	0	0	0
10	1	2	183	83	up	0	512	529.358027258837	940.45597387793	535.639615121989	701.601289245804	481.795721360087	866.178363125684	481.124246782059	573.375850771356	323.070375730958	257.18254430524	-593.852856870876	688.793668429137	264	47	0	8	193	252	163	8	0	89	34489	4135	3494	378	1626	0	0	0	0
10	1	2	183	83	up	1	512	483.763312161028	724.306084674882	497.404673770549	593.177234679141	548.58093961884	1234.27282493074	530.19504449845	737.66406886006	321.635032741493	253.481139901647	-593.687341552699	688.410271435001	253	70	4	4	181	236	182	15	2	77	34414	4089	3614	379	1741	0	0	0	0
10	1	2	183	83	up	2	512	548.062165881958	1188.35352973428	536.97530197739	722.290150335748	458.724804997901	682.861734493118	474.041542217128	542.632752030382	330.851196190322	266.092187769507	-593.771950066406	688.606135278563	258	60	1	14	179	255	164	4	1	88	34260	4219	3628	389	1645	0	0	0	0
10	1	2	183	83	up	3	512	533.206031261019	1163.48124302011	515.568015135244	676.129077373547	485.70148610696	795.435569059275	497.179158543519	610.381356217072	311.321975911134	236.449562631399	-593.684403065604	688.402818119198	257	71	2	14	168	258	169	6	7	72	34432	4097	3580	387	1656	0	0	0	0
10	1	2	184	84	up	0	512	564.587997272269	1250.38412869889	546.410015498178	765.723276401039	442.592062581647	578.619158715265	465.677666949098	522.507422895212	324.737318882221	250.935602571275	-593.714217631585	688.472107129034	257	51	5	15	184	267	157	2	2	84	34715	4225	3651	417	1561	0	0	0	0
10	1	2	184	84	up	1	512	515.538367146336	954.353974574765	527.253177978064	688.793071894937	490.259726696331	872.309622740326	487.151523285933	589.321883947689	326.634741854186	258.363793302478	-593.763374412039	688.586153074519	256	64	5	9	178	264	161	8	6	73	34947	4118	3522	421	1546	0	0	0	0
10	1	2	184	84	up	2	512	491.046977609773	841.0337954817	508.609305041621	638.659609709838	498.513015600705	884.33356975611	499.939289766054	615.680627538926	324.839585759427	251.807004953349	-593.741846276504	688.536332734668	261	72	2	7	170	266	165	8	8	65	34922	4132	3540	414	1543	0	0	0	0
10	1	2	184	84	up	3	512	512.448197202586	875.97260168416	519.600728581545	651.623295286584	493.215121569138	944.27990519331	492.949564126218	626.79435192832	324.868242572273	251.875694223099	-593.777917200916	688.619728543393	264	55	1	7	185	275	150	10	5	72	34917	4094	3587	410	1567	0	0	0	0
10	1	2	185	85	up	0	512	508.437074239779	875.471053005837	523.415063358203	673.729638601692	517.111796007892	1061.09321404899	507.286122715442	645.674543168404	346.117356112004	282.755259550749	-593.750985698738	688.557319906843	249	67	2	7	187	267	163	12	1	69	35267	4087	3780	386	1513	0	0	0	0
10	1	2	185	85	up	1	512	522.035854646965	933.06661864873	528.772154539784	683.417213209027	501.660946289145	928.494546917767	495.256790676821	600.965138184424	334.750221892006	263.865464262064	-593.849718452236	688.786608122258	250	60	3	8	191	267	167	9	0	69	35670	3980	3547	323	1323	0	0	0	0
10	1	2	185	85	up	2	512	510.81700759634	914.726483709179	524.578616007348	689.669738784574	498.647790671648	890.824483579676	500.837823445011	630.88095774727	321.974163328058	246.857201291573	-593.87391978522	688.842769619768	248	69	4	8	183	259	172	8	1	72	35542	4064	3532	382	1520	0	0	0	0
10	1	2	185	85	up	3	512	522.342838986651	1042.97659285346	519.621022188989	671.931507839146	473.484671711024	740.153085720135	483.773740530222	574.071455392012	333.880709933442	266.749607233509	-593.776588096494	688.616894073528	243	75	5	11	178	257	166	5	6	78	35287	4192	3668	373	1540	0	0	0	0
10	1	2	186	86	up	0	512	489.242505769457	834.440000937371	508.514508884919	641.246259832806	476.920333157586	745.048429769123	490.980615537865	585.673135887864	323.775375509831	252.990829235857	-593.797922293829	688.666173050884	266	69	5	7	165	264	169	5	1	73	35655	4305	3642	430	1321	0	0	0	0
10	1	2	186	86	up	1	512	501.44006658383	925.877250198138	512.741732799576	659.069023372031	497.850376484762	913.643542308162	501.529451207431	630.899127807343	335.505252634196	270.066677808081	-593.866110743868	688.824423911216	268	67	4	9	164	281	156	9	5	61	35822	4160	3661	389	1357	0	0	0	0
10	1	2	186	86	up	2	512	516.334708367895	878.466612864371	530.993721926776	687.852152058405	489.030716372261	935.486111475319	487.864197655747	592.527699500683	327.461994070697	264.424357797006	-593.739349018006	688.53052273984	271	47	3	7	184	277	145	10	7	73	35835	4190	3614	393	1390	0	0	0	0
10	1	2	186	86	up	3	512	562.121959281337	1252.05774662917	538.587461636081	714.801502609381	470.903112230711	736.289671025525	482.825160680267	566.933439993122	320.169885965311	254.89116124156	-593.785892278902	688.638302378033	248	60	1	15	188	258	165	5	4	80	35682	4307	3658	385	1399	0	0	0	0
10	1	2	187	87	up	0	512	526.392469112585	1008.27725680883	535.136322754501	703.207206177038	504.904071920074	1109.44753017211	492.777524783451	636.819568181858	324.867523050326	255.175091697292	-593.788851773783	688.645259051117	260	59	1	10	182	272	142	14	2	82	36230	4286	3659	369	1227	0	0	0	0
10	1	2	187	87	up	1	512	499.233415461338	820.776593679794	516.695732420379	650.663320184436	538.004405137268	1317.9841220882	513.051733191123	717.693248095749	336.98671308614	269.042663116907	-593.875085138156	688.844981244727	256	65	3	6	182	249	155	18	2	88	36190	4259	3719	376	1246	0	0	0	0
10	1	2	187	87	up	2	512	519.9051448854	926.855086675974	523.541171769338	666.541386603783	508.983118901016	1009.94154961569	502.464073133714	637.09328466146	331.566036759129	260.894481529494	-593.674960180445	688.381118328553	259	57	0	8	188	265	159	11	7	70	35983	4425	3749	387	1269	0	0	0	0
10	1	2	187	87	up	3	512	529.684265180086	1051.29322148602	533.136842415483	700.826227957345	493.753148887583	879.933571408784	490.071939038902	589.91632203227	339.6697020195	275.535331654528	-594.013815591825	689.1672182943	256	63	1	11	181	260	165	8	6	73	36357	4133	3647	407	1216	0	0	0	0
10	1	2	188	88	up	0	512	510.902039265385	1043.11493686236	520.17430193919	694.750434350804	467.783525431954	722.635119260769	482.940077590456	564.400976020476	341.895019614072	273.858725025026	-593.720728927994	688.487237979737	279	64	6	12	151	278	156	5	3	70	36376	4381	3859	440	1169	0	0	0	0
10	1	2	188	88	up	1	512	542.746091234153	1078.02848218601	539.50011746109	726.359906137506	496.38230583914	952.259508638026	489.275515399557	604.853525366977	339.827730660254	272.991045764416	-593.796494737685	688.663048871436	243	61	3	11	194	271	155	10	3	73	36806	4238	3651	361	1195	0	0	0	0
10	1	2	188	88	up	2	512	555.64372536227	1125.99743424923	554.793869008422	763.592213696143	501.833155557888	920.773920505207	490.493575040362	581.013845120957	349.32114448069	285.020323457802	-593.821165120878	688.720448970348	261	43	6	12	190	283	160	9	2	58	36562	4301	3834	359	1142	0	0	0	0
10	1	2	188	88	up	3	512	554.780533087902	1132.57482340757	545.912007989583	725.372335373545	475.461352820082	776.108293176897	482.38520966443	570.962978781741	333.117497755158	262.804405333702	-593.768669344666	688.598239452483	247	54	2	12	197	268	161	6	2	75	36512	4373	3747	424	1120	0	0	0	0
10	1	2	189	89	up	0	512	577.314495096969	1285.00453930191	587.926644318845	895.779224295361	482.87979333977	825.136231361978	484.300725430184	583.523780743945	334.476446916201	269.679007982078	-593.726690384772	688.501247370766	226	61	6	15	204	265	162	7	3	75	36887	4512	3760	409	1140	0	0	0	0
10	1	2	189	89	up	1	512	561.28711089665	1214.92426694379	565.125484013631	803.982989864915	489.549490109143	833.183680553062	487.365059905386	574.286753031038	341.283099010896	275.807353499184	-593.763482669027	688.586344454633	247	57	2	14	192	271	164	7	4	66	37040	4317	3816	395	1094	0	0	0	0
10	1	2	189	89	up	2	512	577.572809000084	1273.46351137604	576.114455298118	818.761644947543	485.959800010075	932.142875047437	480.741087029181	581.912528663594	358.2576122486	296.041556936584	-593.693563703034	688.424302306908	256	43	3	15	195	276	145	10	4	77	36857	4255	4064	392	1078	0	0	0	0
10	1	2	189	89	up	3	512	581.353961949459	1390.09676864117	568.580714332451	830.588634292403	513.244538424146	911.251534562801	509.711289502206	630.165795091439	356.153141264534	295.912585569801	-593.810568433057	688.695650412464	250	56	2	18	186	267	179	8	2	56	36900	4270	4004	394	1085	0	0	0	0
10	1	2	190	90	up	0	512	569.549490109143	1330.61162121715	547.581634395162	756.839030786804	459.933488775082	750.966827021243	462.041837571604	536.660659824292	357.71983006942	299.216221451714	-593.734252006222	688.51833857334	259	55	2	17	179	260	149	6	8	89	37331	4337	3963	449	1003	0	0	0	0
10	1	2	190	90	up	1	512	579.607250853833	1349.20275498195	567.933691866425	818.075847417528	458.61837381664	818.043540655488	451.047873197057	496.302548303828	350.717270345426	288.142521781003	-593.941276877603	688.998877491481	252	51	5	17	187	271	138	8	2	93	37600	4294	3799	387	942	0	0	0	0
10	1	2	190	90	up	2	512	559.444131893208	1317.6954357724	541.773734039039	757.390904501243	468.541359490387	830.196976187349	458.513635141579	512.563862086236	341.498491731198	276.05195500535	-593.800028449169	688.671305652071	250	68	2	17	175	279	141	8	4	80	37316	4506	3807	451	962	0	0	0	0
10	1	2	190	90	up	3	512	563.926431121652	1221.5695018485	558.572841614593	774.850372633661	415.844278520695	556.259941083454	428.706305724186	441.877899081741	348.370656124775	285.038778076367	-593.756411811901	688.570190310552	243	58	1	14	196	298	122	3	1	88	37393	4417	3878	392	1011	0	0	0	0
10	1	2	191	91	up	0	512	534.300266514147	1056.78501672719	554.361715560004	768.912577813215	494.521146219461	810.648431421797	498.735780873263	604.78709843655	346.979242884314	283.9206883004	-593.761811586929	688.582408039378	259	57	3	11	182	258	176	6	6	66	37753	4539	3878	422	886	0	0	0	0
10	1	2	191	91	up	1	512	612.6690769079	1518.85597635694	594.541518554296	897.897727628267	466.162499099152	769.872377611244	477.545389281423	576.293332870614	351.088847774314	297.427978786518	-593.795272838279	688.660439315067	239	48	2	20	203	247	162	6	2	95	37946	4337	3910	399	894	0	0	0	0
10	1	2	191	91	up	2	512	550.106771009151	1161.35663948598	560.465627978814	807.026295320648	477.687257524138	770.943320714258	481.350879419026	556.571367907484	348.47382303313	284.847620368578	-593.873456144957	688.841472405831	243	63	4	13	189	287	155	6	3	61	38015	4370	3820	387	888	0	0	0	0
10	1	2	191	91	up	3	512	601.057140883217	1394.45287652129	590.999613682298	870.942818641506	480.412682383511	921.989880224374	472.190554528063	566.625899617816	355.767314401999	295.675721474299	-593.782571772595	688.630826662799	234	48	2	17	211	281	141	10	1	79	38014	4391	3779	408	959	0	0	0	0
10	1	2	192	92	up	0	512	639.896054577282	1680.48658110591	614.498228639989	961.485382521618	436.852409139451	633.357508508523	437.827645200279	464.091067979042	345.52481969212	280.114105100593	-593.726232461331	688.500388387254	217	53	4	23	215	282	137	4	3	86	38299	4536	3865	404	771	0	0	0	0
10	1	2	192	92	up	1	512	639.770369814457	1740.63025080556	609.00114518907	952.782443029683	472.956807666023	812.982795830117	463.687238727305	530.635739483397	354.870158479988	296.089581003238	-593.741999801682	688.536917474767	242	45	4	25	196	257	159	7	1	88	38054	4506	4118	426	812	0	0	0	0
10	1	2	192	92	up	2	512	567.034781681639	1321.92070821992	567.655760887525	822.336301608456	484.116821006633	997.832004551047	458.734369805147	538.839027352298	366.300088925757	313.77125502606	-593.802510578706	688.676880119133	263	52	8	17	172	279	131	12	7	83	38255	4469	3949	431	789	0	0	0	0
10	1	2	192	92	up	3	512	649.501892637898	1796.65907867161	618.954872877258	988.927470447305	451.496754363194	833.413376615315	441.749634578191	498.327701216062	361.721701461802	306.096423243929	-593.751642732918	688.559010772825	235	47	2	26	202	290	121	9	2	90	38343	4479	3852	430	841	0	0	0	0
10	1	2	193	93	up	0	512	611.162499099152	1444.39788570041	604.101547045257	921.441456279545	416.689290178826	527.712718444297	432.96100972441	452.162017309643	350.726886756289	292.765922484403	-593.824272218819	688.727391689754	235	42	7	18	210	284	132	2	2	92	38663	4611	3939	403	682	0	0	0	0
10	1	2	193	93	up	1	512	636.046977609773	1737.97171613488	597.921729219483	916.799127861863	421.689290178826	535.630679119303	431.716122389977	438.629337524536	353.073123978871	290.963157463458	-593.891446061578	688.883388379909	237	52	1	25	197	284	135	2	3	88	38652	4594	3942	428	757	0	0	0	0
10	1	2	193	93	up	2	512	599.685338145412	1326.459091893	605.032816630131	919.819638388931	455.32657774914	775.027575978299	446.252661842594	496.266880520112	368.521520909696	311.679425106846	-593.736318411543	688.523505019762	219	50	4	15	224	275	139	7	2	89	38522	4564	4100	430	706	0	0	0	0
10	1	2	193	93	up	3	512	565.346904296029	1114.49101298401	583.13464784378	829.604773034771	456.324545094451	811.969924377888	449.769747030414	520.351270046519	366.568921571658	311.708738930794	-593.710734114651	688.464134802736	241	44	8	11	208	274	134	8	4	92	38503	4559	4162	392	706	0	0	0	0
10	1	2	194	94	up	0	512	601.393542077911	1365.47195095017	613.307183170564	963.011656801115	431.056067917891	627.216046484554	433.128886636465	455.901777722226	363.12635254394	304.846315140544	-593.891188367857	688.882602749525	215	54	7	16	220	275	136	4	2	95	39258	4452	3974	444	638	0	0	0	0
10	1	2	194	94	up	1	512	673.46541812946	1871.58945769499	638.159862525091	1067.79837302	415.412682383511	633.619587029008	420.494969393233	443.883852188453	371.133070255077	314.161953422347	-593.856897750002	688.803099142021	234	33	5	27	213	277	116	5	7	107	39173	4510	4055	390	583	0	0	0	0
10	1	2	194	94	up	2	512	578.369150221644	1308.74244425468	579.44029066835	851.912941005868	448.522105908824	686.404957699607	454.429618350161	506.090746714044	372.893282486919	320.985205491957	-593.771167661415	688.604298217594	259	44	4	16	189	288	139	5	2	78	38960	4585	4141	442	587	0	0	0	0
10	1	2	194	94	up	3	512	581.201006262279	1250.46972674776	590.869290413916	860.323215930376	435.556547762573	701.33488775082	438.401357503317	478.775452944934	366.645016746073	318.155747357681	-593.835389307054	688.753052716709	241	46	3	14	208	288	126	6	0	92	39306	4534	3880	408	585	0	0	0	0
10	1	2	195	95	up	0	512	591.239513425405	1231.07815557951	593.00342977638	844.15172539454	443.541359490387	753.525133487324	444.948111613168	508.289342285558	357.505916193758	301.098277057235	-593.668583636604	688.36601423364	239	35	6	13	219	279	129	7	2	95	39323	4830	4047	440	533	0	0	0	0
10	1	2	195	95	up	1	512	619.338773677273	1489.79477842772	623.815276394425	995.816488542861	423.906104574763	649.188104167788	427.453201214756	448.222276901853	370.702408285834	322.997536559222	-593.73162341601	688.512479443972	241	35	10	19	207	277	124	5	4	102	39489	4613	4139	399	538	0	0	0	0
10	1	2	195	95	up	2	512	594.598160545714	1417.59477925405	582.917095359711	852.763090528279	439.932415809756	703.308720664303	436.863711061944	464.261737556221	355.945182568174	295.944008425927	-593.692099487469	688.420595488911	238	54	2	18	200	297	124	6	3	82	39401	4729	4023	487	512	0	0	0	0
10	1	2	195	95	up	3	512	630.846424451348	1484.90875950214	621.173781012793	956.968508595442	412.955734700697	553.626238977837	422.44707977135	437.324998551001	361.902567118	306.492577884169	-593.711639965989	688.466352593762	220	38	5	18	231	290	121	3	4	94	39348	4730	4082	480	525	0	0	0	0
10	1	2	196	96	up	0	512	636.355034914785	1567.34467837314	627.381608778438	997.171075208507	432.197900642264	626.011166460626	436.637571784603	463.833438347795	369.463872956817	314.303963323387	-593.755001954735	688.567078385311	213	45	8	20	226	281	134	4	3	90	39890	4606	4217	439	401	0	0	0	0
10	1	2	196	96	up	1	512	547.25673435228	1049.41118959806	571.182907278531	809.964997970485	437.485631400386	668.800964877636	439.948774039205	475.710790394973	382.558614620783	330.087402821397	-593.699661074338	688.438640433347	245	53	2	10	202	283	131	5	5	88	39945	4707	4092	408	399	0	0	0	0
10	1	2	196	96	up	2	512	573.552595729158	1169.29855544014	593.936984336049	878.072519700846	427.811869321636	615.580565017003	429.413200686615	443.025712467201	364.812667967955	305.02486462136	-593.776385337962	688.616296200973	231	49	6	12	214	291	129	4	0	88	39861	4732	4098	461	363	0	0	0	0
10	1	2	196	96	up	3	512	562.227317497272	1286.16683445828	564.481476486777	813.222796099269	433.627464124759	696.760163503696	436.060193956753	468.860962508636	374.292124424766	323.150836752493	-593.850361787163	688.787945072396	249	62	4	16	181	289	123	6	2	92	39943	4701	4083	425	355	0	0	0	0
10	1	2	197	97	up	0	512	624.291176206028	1577.57837386807	604.448620869187	921.178426186899	444.893908646629	746.427566062255	435.868554863165	468.169586692766	363.888502676399	304.861900596105	-593.69188431452	688.420495229688	229	49	4	21	209	295	121	7	7	82	40316	4813	4095	440	312	0	0	0	0
10	1	2	197	97	up	1	512	624.320593061036	1438.71408188754	619.157049377006	934.004360417777	467.648750361011	975.612049530897	437.366688535267	503.000258100826	370.696638942288	322.107987849105	-593.806242388067	688.68561578275	221	39	3	17	232	269	124	12	5	102	40511	4655	4081	417	290	0	0	0	0
10	1	2	197	97	up	2	512	583.591102892285	1224.07106292188	582.676339901164	827.473018184379	446.113828662581	653.751748719673	448.559965254526	487.619805186316	358.134117255934	303.031905732889	-593.735647609019	688.521876552013	229	48	3	13	219	272	148	4	2	86	40290	4858	4089	427	277	0	0	0	0
10	1	2	197	97	up	3	512	562.25673435228	1147.30254247775	577.670381031084	833.91634195441	441.890916302578	680.185447519941	445.525814054828	487.588859536084	382.717711891346	335.984082260408	-593.908165204032	688.921921336931	241	52	3	12	204	276	138	5	3	90	40400	4631	4135	498	291	0	0	0	0
10	1	2	198	98	up	0	512	584.041952611032	1221.72294564373	590.300133177157	845.131918470291	427.495794673831	587.310948998407	432.934800747154	455.916712229642	375.510613086385	321.734442618155	-593.627678981442	688.271670080409	237	43	2	13	217	272	140	3	1	96	40754	4757	4233	432	190	0	0	0	0
10	1	2	198	98	up	1	512	640.960872975401	1638.54378373416	618.163112221987	947.378010684493	408.406584419444	506.278121699691	423.352120508792	433.95882318893	379.892074745086	336.848323561351	-593.751229634938	688.558111618746	235	37	4	22	214	298	119	2	5	88	40835	4719	4168	454	193	0	0	0	0
10	1	2	198	98	up	2	512	636.441139549156	1563.52427685984	613.567994704002	932.041672173126	453.339733366636	804.753070846068	440.585777111942	482.776643861638	393.924770465571	347.231450776301	-593.859662332595	688.809670608031	227	38	3	20	224	279	130	8	4	91	40863	4726	4144	443	187	0	0	0	0
10	1	2	198	98	up	3	512	596.825138215096	1317.22316806398	596.120747553196	880.425510834855	411.727797341953	521.622696780709	430.248871392415	455.399208883597	380.75279730643	330.970888142413	-593.774538502643	688.612101343978	228	46	5	15	218	278	130	2	3	99	40788	4650	4277	461	214	0	0	0	0
10	1	2	199	99	up	0	512	656.019706685417	1606.95488656683	654.755202363145	1055.90965492442	457.380273184451	814.638661457898	445.990003558307	511.810296619657	389.710340570805	345.546468700487	-593.824015442959	688.726889617153	203	39	3	20	247	274	136	8	2	92	41208	4745	4252	483	117	0	0	0	0
10	1	2	199	99	up	1	512	663.620519747293	1693.77439839917	663.062897662588	1104.13316376877	407.111796007892	516.130901539545	416.198803692452	417.093917018313	386.098035616579	336.516051191777	-593.954318314225	689.02933749627	193	46	7	22	244	275	129	2	1	105	41322	4783	4178	405	103	0	0	0	0
10	1	2	199	99	up	2	512	643.514088566032	1611.95398862249	648.718345192096	1062.41162477019	449.136074588196	758.003179990347	440.014098069829	478.848200131597	401.30796119549	364.764891247524	-593.713286651534	688.470042513605	221	39	7	21	224	290	129	7	2	84	41108	4743	4378	459	119	0	0	0	0
10	1	2	199	99	up	3	512	587.382419115104	1200.88614700781	619.076952314343	930.478254347147	451.871662721014	769.204958525944	451.005967515266	517.500284326297	389.032485543379	348.933134250234	-593.837077762032	688.757073521765	212	51	6	12	231	269	135	7	8	93	41071	4855	4317	445	118	0	0	0	0
# final_twist	99
# completion	PASS
