# format	twist_snake_blocks_v1
# status	NON-CANONICAL floating-point engineering diagnostic
# L	10
# k	2
# chain	0
# base	0
# seed	202609290200
# seam_size	100
# start_twist	0
# chain_initial	cold0
# warmup_sweeps	512
# dwell_sweeps	16384
# visit_sweeps	2048
# equilibration_sweeps	32
# block_length	512
# segments	200
# seam_order	x2_fastest_then_x3
# action_density	minus_sum_logW_divided_by_6L4
# sampling	every_production_sweep_after_full_heatbath_sweep
L	k	chain	segment	n	phase	block	count	sumFn	sumFn2	sumFi	sumFi2	sumBn	sumBn2	sumBi	sumBi2	sumY	sumY2	sumS	sumS2	hF0	hF1	hF2	hF3	hF4	hB0	hB1	hB2	hB3	hB4	sec0	secMinus	secPlus	secOther	secUntwisted	pure0	pureMinus	purePlus	flips
10	2	0	0	0	dwell	0	512	217.802369177231	677.022390676896	222.258419866857	201.954411136375	0	0	0	0	-8.54150240029286	47.4511010169088	-593.823191009482	688.724913198897	271	125	5	3	108	0	0	0	0	0	0	0	0	0	9459	0	0	0	0
10	2	0	0	0	dwell	1	512	263.202812365041	1159.60889019898	240.884928770114	296.660324395176	0	0	0	0	-2.92960850460738	53.2812145402872	-593.662918628164	688.353084336685	272	122	6	7	105	0	0	0	0	0	0	0	0	0	9670	0	0	0	0
10	2	0	0	0	dwell	2	512	198.831489471917	420.526907511964	214.160273113591	173.156054259102	0	0	0	0	1.63998956212804	51.1072477502208	-593.664659368363	688.357460028492	274	115	4	1	118	0	0	0	0	0	0	0	0	0	9770	0	0	0	0
10	2	0	0	0	dwell	3	512	246.720033291915	945.189433351944	232.470273663773	257.517941098023	0	0	0	0	-11.8714513809005	47.5717256238839	-593.964817191683	689.05342050218	274	117	6	5	110	0	0	0	0	0	0	0	0	0	9521	0	0	0	0
10	2	0	0	0	dwell	4	512	233.704068614726	813.785136458106	233.122444632553	289.258053289493	0	0	0	0	0.446688901536854	50.4452050095005	-593.685273836335	688.40529822342	287	110	8	3	104	0	0	0	0	0	0	0	0	0	9745	0	0	0	0
10	2	0	0	0	dwell	5	512	232.926980974729	890.341457668752	219.851241944183	265.477532526394	0	0	0	0	5.42600756552274	48.7049635499556	-593.560428197845	688.115492914296	279	121	5	5	102	0	0	0	0	0	0	0	0	0	9812	0	0	0	0
10	2	0	0	0	dwell	6	512	232.197490805978	908.958418692176	228.686633150739	253.722497036794	0	0	0	0	-8.77470487809119	44.2335253570717	-593.72711847555	688.50198097377	283	115	3	6	105	0	0	0	0	0	0	0	0	0	9807	0	0	0	0
10	2	0	0	0	dwell	7	512	270.314268545042	1206.66365859961	249.402559141891	345.201652001252	0	0	0	0	1.38773602923531	48.5447396448527	-593.806198195591	688.685396380228	264	129	7	7	105	0	0	0	0	0	0	0	0	0	9720	0	0	0	0
10	2	0	0	0	dwell	8	512	292.144275215347	1368.25913515385	262.037447501454	344.794748907351	0	0	0	0	-7.37467083907204	49.8957348542088	-593.886632072987	688.872043690573	269	104	3	10	126	0	0	0	0	0	0	0	0	0	9423	0	0	0	0
10	2	0	0	0	dwell	9	512	219.9852215641	699.432530663883	222.158852137276	231.632071772801	0	0	0	0	1.11261100670787	44.2813836643641	-593.685603030583	688.405807661271	285	105	3	4	115	0	0	0	0	0	0	0	0	0	9637	0	0	0	0
10	2	0	0	0	dwell	10	512	244.810203235665	864.095198098817	253.287672894645	338.181949914873	0	0	0	0	4.6843885902271	51.4196562666443	-593.764108155901	688.588104688607	266	114	4	5	123	0	0	0	0	0	0	0	0	0	9944	0	0	0	0
10	2	0	0	0	dwell	11	512	249.308946985979	1046.01318709281	230.405651326774	272.712337050013	0	0	0	0	-11.5127573592721	48.5022461565545	-593.808681687828	688.69123648244	275	124	6	6	101	0	0	0	0	0	0	0	0	0	9367	0	0	0	0
10	2	0	0	0	dwell	12	512	247.698747055663	1004.12246902317	232.629141574374	246.812600819709	0	0	0	0	-7.16576165770779	47.7314972791001	-593.868283896502	688.829488897554	274	108	0	8	122	0	0	0	0	0	0	0	0	0	9712	0	0	0	0
10	2	0	0	0	dwell	13	512	287.823358853161	1462.8062810994	254.278144118515	476.512876316761	0	0	0	0	4.47574358868049	50.1073352267921	-593.636948595093	688.293259328952	290	110	8	9	95	0	0	0	0	0	0	0	0	0	9740	0	0	0	0
10	2	0	0	0	dwell	14	512	210.465488137856	589.982867186425	217.813793741604	173.657148359091	0	0	0	0	14.9845566867723	54.1490413587038	-593.694159063596	688.42560567013	269	122	3	3	115	0	0	0	0	0	0	0	0	0	9628	0	0	0	0
10	2	0	0	0	dwell	15	512	204.608577111913	486.052625626312	217.406649337667	181.330793191963	0	0	0	0	-0.798932600988265	44.1200206986416	-593.766390088186	688.593089086377	282	104	3	2	121	0	0	0	0	0	0	0	0	0	9580	0	0	0	0
10	2	0	0	0	dwell	16	512	233.754475145664	931.244088476619	226.971711210129	244.420777969644	0	0	0	0	0.709969998980831	46.0673433321602	-593.800041183029	688.671230202484	294	111	6	5	96	0	0	0	0	0	0	0	0	0	9424	0	0	0	0
10	2	0	0	0	dwell	17	512	205.590099935354	447.131757564227	233.859018859669	260.046254231203	0	0	0	0	7.74065817618593	51.9580379983008	-593.822253081534	688.722751533156	265	114	2	2	129	0	0	0	0	0	0	0	0	0	9712	0	0	0	0
10	2	0	0	0	dwell	18	512	185.189656747544	365.715434656201	213.8154002664	180.957202255023	0	0	0	0	-13.5106988574312	49.6008185280565	-593.95997127139	689.042406535214	276	122	3	1	110	0	0	0	0	0	0	0	0	0	9213	0	0	0	0
10	2	0	0	0	dwell	19	512	207.399116929729	704.371834213123	222.341051323454	252.471059315932	0	0	0	0	7.20480485721926	44.3539862363597	-593.735215300281	688.520988489688	287	115	1	5	104	0	0	0	0	0	0	0	0	0	9712	0	0	0	0
10	2	0	0	0	dwell	20	512	206.266374513475	625.80941503841	215.423925753608	190.81568160529	0	0	0	0	11.6031032247629	51.7048302630779	-593.81319575971	688.701875892961	299	102	4	3	104	0	0	0	0	0	0	0	0	0	9525	0	0	0	0
10	2	0	0	0	dwell	21	512	231.494608432541	770.204678262111	239.792052243195	279.709179504422	0	0	0	0	-2.89711653498409	43.7881959882798	-593.664593278124	688.357300007762	264	118	2	5	123	0	0	0	0	0	0	0	0	0	9788	0	0	0	0
10	2	0	0	0	dwell	22	512	219.685591438166	502.052738902276	240.098550806442	218.243058595926	0	0	0	0	-4.40970293016338	44.5447326547965	-593.8155472747	688.707009796571	254	116	3	2	137	0	0	0	0	0	0	0	0	0	9466	0	0	0	0
10	2	0	0	0	dwell	23	512	223.804881676602	899.979648290446	222.760392751006	247.890648169478	0	0	0	0	19.0026461737599	50.7594895102276	-593.709491669719	688.461294785015	297	110	3	6	96	0	0	0	0	0	0	0	0	0	9832	0	0	0	0
10	2	0	0	0	dwell	24	512	280.210646423474	1335.76983490996	236.127318989778	304.086651242796	0	0	0	0	-17.9306249021533	50.0891635571623	-593.764663649825	688.589150994742	279	110	5	9	109	0	0	0	0	0	0	0	0	0	9629	0	0	0	0
10	2	0	0	0	dwell	25	512	195.563492140039	593.590596306776	224.871120531562	252.433497042746	0	0	0	0	2.88496988676704	50.8364330946789	-593.781089933449	688.627208477201	300	104	1	4	103	0	0	0	0	0	0	0	0	0	9492	0	0	0	0
10	2	0	0	0	dwell	26	512	228.404438488792	944.110443008984	236.887500103648	388.849831370339	0	0	0	0	-0.167841540483278	52.9048899621393	-593.866295051709	688.824930012733	288	121	4	6	93	0	0	0	0	0	0	0	0	0	9569	0	0	0	0
10	2	0	0	0	dwell	27	512	262.520919667534	923.751569336748	252.748399960131	373.514453016644	0	0	0	0	0.32332270678747	55.1939666555756	-593.890090569456	688.880092252131	268	98	5	5	136	0	0	0	0	0	0	0	0	0	9637	0	0	0	0
10	2	0	0	0	dwell	28	512	225.688103937537	707.016094479893	222.2762673772	231.319540797071	0	0	0	0	0.15164600952722	46.6376758882848	-593.782248375129	688.629715028649	292	103	8	2	107	0	0	0	0	0	0	0	0	0	9549	0	0	0	0
10	2	0	0	0	dwell	29	512	240.36467507598	957.040571293133	238.53070415365	305.171635234581	0	0	0	0	5.12015083492389	51.0674369791152	-593.805086138638	688.6828088482	271	125	4	6	106	0	0	0	0	0	0	0	0	0	9568	0	0	0	0
10	2	0	0	0	dwell	30	512	282.2212895416	1279.07687588763	249.635491993021	292.196161590092	0	0	0	0	10.2109532252598	50.1733950075662	-593.88866861771	688.876971844486	269	114	6	8	115	0	0	0	0	0	0	0	0	0	9676	0	0	0	0
10	2	0	0	0	dwell	31	512	205.186847687852	526.122553980145	217.660577794885	189.020814800895	0	0	0	0	6.35106097768755	45.6095900102024	-593.768265820824	688.597623380244	285	107	4	2	114	0	0	0	0	0	0	0	0	0	9451	0	0	0	0
10	2	0	1	1	up	0	512	335.181229568466	1534.74832212178	301.601250109167	429.756701592481	1109.02601467467	8110.55205451201	1078.94460710441	4066.85416880088	-0.107294135154691	48.9095530206391	-593.771513509312	688.605093709446	255	89	6	10	152	103	276	59	29	45	370	94	36	12	9665	0	0	0	0
10	2	0	1	1	up	1	512	293.47583469566	1409.28344205314	270.431748665512	475.927559473916	1247.82187605155	9486.16308748531	1230.86271679166	5314.27211493433	5.61927746577164	44.9583160512764	-593.813608453738	688.702863765621	274	104	4	10	120	101	210	61	55	85	308	159	27	18	9492	0	0	0	0
10	2	0	1	1	up	2	512	255.661496142222	994.204423391193	256.59509315421	321.688173733682	1133.29933356561	8647.01411215053	1130.640894785	4598.33595023063	15.262689852434	53.6264561046388	-593.718953422449	688.483140188252	279	96	2	7	128	110	248	65	27	62	338	122	38	14	9631	0	0	0	0
10	2	0	1	1	up	3	512	250.863122265973	1028.34123111683	254.226151474865	333.349691445048	1136.3152982428	8261.73160462409	1147.72467825449	4627.57599167174	0.944432268901198	48.08218207694	-593.755162509855	688.567524106732	287	100	3	7	115	101	239	53	47	72	332	129	36	15	9356	0	0	0	0
10	2	0	2	2	up	0	512	255.937327532533	720.21963998237	273.51846337599	323.873175197093	941.943975349677	6472.46724939489	960.901693781889	3533.01669891839	8.88113878284248	44.8794812135176	-593.824948738168	688.729155163527	260	92	5	3	152	131	267	45	27	42	741	188	68	27	9285	0	0	0	0
10	2	0	2	2	up	1	512	238.048783712535	817.897467370498	257.462744351762	326.215802505705	972.373835392494	6919.54034000672	974.14669518081	3662.94330225056	4.07797315077993	49.6154398573595	-593.845729882047	688.777187976657	284	96	3	5	124	136	228	46	35	67	689	250	63	22	9238	0	0	0	0
10	2	0	2	2	up	2	512	268.751666085971	1185.92171763181	261.569568133452	343.251682749877	986.469326895307	6954.09657626039	1021.51551735408	3861.80533888049	3.27424958145535	52.4072316437821	-593.7108173833	688.463998377202	287	97	4	8	116	117	247	47	33	68	666	274	65	19	9478	0	0	0	0
10	2	0	2	2	up	3	512	295.207837363781	1254.64203253547	281.779976309945	395.052045886299	994.458683777181	7450.75904546239	961.025122064022	3521.15938391181	13.1376491678888	46.8261144138602	-593.747151571633	688.548565831842	268	93	5	8	138	131	242	58	18	63	716	227	60	21	9490	0	0	0	0
10	2	0	3	3	up	0	512	282.62173272941	1180.49319879565	274.64856473383	340.477843844484	970.938653790614	6955.98085653807	975.260651916019	3631.14805144182	13.4645707418411	49.1654688415388	-593.73017638759	688.50905327389	258	102	1	9	142	142	249	50	26	45	1123	288	100	25	9372	0	0	0	0
10	2	0	3	3	up	1	512	256.815228234405	799.493085519688	280.545734275665	372.434473925301	877.575461516245	6064.58901044329	917.946594763461	3166.7096844311	17.4283773099205	48.6415222331801	-593.829187002568	688.73879516699	270	82	2	5	153	132	266	46	16	52	1144	281	88	23	9163	0	0	0	0
10	2	0	3	3	up	2	512	291.488990313156	1289.01281894593	287.364506596259	415.662546577503	1036.76614796155	7638.23603650218	999.108924644968	3838.06939103457	20.8864329997582	47.1351494722432	-593.858459890446	688.806761972481	270	90	1	10	141	141	242	55	29	45	1060	340	108	28	9246	0	0	0	0
10	2	0	3	3	up	3	512	226.539396844094	550.59039807384	255.102449418246	275.400489656481	986.71574143061	6914.97165295399	978.297415027653	3548.84695332614	-6.85809953825671	47.3819889823901	-593.786872513966	688.640566408464	285	82	4	2	139	130	271	49	27	35	1089	309	105	33	9377	0	0	0	0
10	2	0	4	4	up	0	512	293.348413838469	1056.11318048212	282.103622443449	358.718339129134	868.729193608429	5664.80173121085	889.658082842894	2984.02018919629	15.8957495738976	48.2046718995511	-593.626509166493	688.268804787377	251	91	5	6	159	135	274	38	26	39	1499	360	148	41	9372	0	0	0	0
10	2	0	4	4	up	1	512	259.380343192847	901.110244776048	266.935822593456	366.267146534892	852.175018328436	5567.83843227122	893.502689206097	3074.15554286746	13.2250201070061	46.8670732480256	-593.628001659666	688.272181533975	273	99	7	4	129	131	255	36	29	61	1448	415	153	32	9390	0	0	0	0
10	2	0	4	4	up	2	512	284.051296211905	1183.95505820124	279.993947690838	421.579406686567	901.516924366552	6171.88670624192	918.077402604489	3203.1948566916	11.3270064110104	46.7595236494629	-593.684777132809	688.403845496338	282	87	6	7	130	145	264	44	23	36	1443	431	127	47	9432	0	0	0	0
10	2	0	4	4	up	3	512	271.138953656284	952.350349743935	274.238865373521	328.935663963525	908.681596137184	6276.90517004806	904.197993557716	3102.82198550893	32.6005699352968	51.467820450101	-593.774800284801	688.613051608752	256	98	3	6	149	123	259	45	23	62	1462	398	146	42	9120	0	0	0	0
10	2	0	5	5	up	0	512	272.698747055663	994.228900204433	276.61146279808	497.047820155305	904.212269241877	6373.01479180631	919.600154763853	3421.75202802957	6.27191785939407	56.4273413971758	-593.715944473886	688.476135051962	258	113	9	4	128	150	198	40	38	86	1700	640	150	70	9265	0	0	0	0
10	2	0	5	5	up	1	512	292.016854358156	1132.53565799219	288.645110763193	419.17648132998	806.368513833431	5004.46747594681	886.162929789875	2850.61404961474	40.7384144093372	56.0604685545261	-593.769945071079	688.601300715548	254	91	2	8	157	123	303	36	16	34	1911	391	222	36	9047	0	0	0	0
10	2	0	5	5	up	2	512	271.687807377214	974.392667345521	270.302241150919	340.212389744611	824.936141291243	5574.8473243464	834.864384909539	2739.00909795977	32.8888253078061	47.0507478776123	-593.778664501575	688.621530981639	287	74	6	5	140	156	262	42	15	37	1888	428	202	42	8942	0	0	0	0
10	2	0	5	5	up	3	512	248.223802040971	751.335133152758	278.97617234626	416.558849378345	962.975904704055	7042.61619641067	923.726767379515	3194.44267372769	13.5411782962247	54.1489731672774	-593.713061397169	688.46943785914	275	92	6	3	136	129	257	55	16	55	1786	560	161	53	9198	0	0	0	0
10	2	0	6	6	up	0	512	307.393498810343	1425.00370031882	288.856108971896	470.23250976735	887.925498173117	6214.16944032029	896.799191394421	3083.32313484588	36.6516465347823	52.0375787309506	-593.853185686998	688.794420670926	269	93	4	10	136	146	259	47	17	43	2317	510	194	51	8923	0	0	0	0
10	2	0	6	6	up	1	512	309.075094947528	1053.4504564092	321.931491104531	491.444761801696	835.763635462178	5764.47334735895	835.286186553967	2862.01291138867	22.5342508209914	49.3823882136742	-593.715165621755	688.474432833964	236	79	2	7	188	175	248	43	17	29	2322	466	227	57	9058	0	0	0	0
10	2	0	6	6	up	2	512	290.284851690034	1248.81842038956	294.462233470384	447.553058596415	929.861936024683	6459.53432699962	926.24613410508	3355.03451231759	20.0486655986652	51.7305458166562	-593.703861903885	688.448440825622	264	103	5	8	132	135	238	43	32	64	2205	613	195	59	9084	0	0	0	0
10	2	0	6	6	up	3	512	248.274208571908	810.070692966586	248.618377329748	265.393715913266	989.02601467467	6800.40017179015	979.006962150669	3504.43653277489	37.1609179361278	51.8753072079483	-593.786394613044	688.639453902603	278	93	5	4	132	127	282	47	29	27	2237	562	221	52	8994	0	0	0	0
10	2	0	7	7	up	0	512	280.634888346906	1042.22867365251	265.501743629166	308.671098529701	1017.36821727311	7321.34238272647	965.195062741255	3567.87183401607	36.6614819981621	54.6539637912894	-593.748049323965	688.550738502272	266	90	5	6	145	130	270	54	24	34	2551	707	260	66	9062	0	0	0	0
10	2	0	7	7	up	1	512	319.807394175972	1458.40808216963	302.553485834453	464.349496912777	973.628380546554	7171.90488685816	956.799742238857	3402.41383979905	51.2538968821233	55.3278309827663	-593.716622561235	688.47781710442	251	107	7	9	138	129	261	57	14	51	2710	579	248	47	9066	0	0	0	0
10	2	0	7	7	up	2	512	261.916041296281	1020.68759735203	268.419249591813	313.447196686429	972.344418537486	6820.05374891697	957.77553839463	3530.59037615887	58.8539870671889	59.2663603130861	-593.746171744711	688.546392750991	280	85	0	8	139	132	270	49	25	36	2650	579	286	69	8956	0	0	0	0
10	2	0	7	7	up	3	512	210.284851690034	610.277400727059	234.138632214038	246.880897495896	1029.55668777936	7628.74371559525	1010.02643711123	3915.6544113418	32.5295697097818	51.0308988280521	-593.721062467645	688.488086767898	296	91	1	4	120	130	248	57	24	53	2646	602	274	62	8977	0	0	0	0
10	2	0	8	8	up	0	512	280.080416506591	1297.35314385505	263.171479704585	358.735850827251	924.811529493745	6394.1574143061	932.985920772568	3366.72398628282	54.2795250146114	55.5134618514826	-593.742495375751	688.537903690448	301	80	4	9	118	128	251	44	28	61	3116	596	322	62	8860	0	0	0	0
10	2	0	8	8	up	1	512	240.93451847284	644.714896595374	272.743686238532	317.441061879981	934.307464184367	6678.19981686466	922.625304133115	3255.7110293491	40.4513006841439	56.9834071978481	-593.724525369907	688.496103980642	281	71	1	4	155	138	253	50	20	51	2920	811	267	98	8950	0	0	0	0
10	2	0	8	8	up	2	512	289.656174583158	1032.56614781253	299.884245922029	472.619456988302	915.464005336244	6422.53424204265	909.803191690734	3183.80492528006	51.2728987407912	56.5496328288312	-593.678332444761	688.389052708931	250	99	7	5	151	140	248	46	24	54	2984	703	337	72	9109	0	0	0	0
10	2	0	8	8	up	3	512	300.403845368147	1222.14629449962	296.791455296579	426.622677411661	815.31278574343	5152.16348395118	878.26214544885	2877.3213154025	46.4973717456204	52.819087797341	-593.778282337441	688.620778359827	286	61	4	8	153	131	294	37	17	33	3099	612	319	66	8833	0	0	0	0
10	2	0	9	9	up	0	512	342.037844034086	1385.97919518659	353.461164830492	638.758250032711	921.822172611871	6430.27598477752	937.053895062676	3370.34104124114	68.7832308232723	62.1553183324013	-593.546611127126	688.08357509997	249	72	7	8	176	134	240	44	29	65	3352	832	337	87	8688	0	0	0	0
10	2	0	9	9	up	1	512	382.639913345647	1941.06114955461	377.735111037334	786.106499529129	836.623355547813	5763.90833230606	863.199524166473	2879.56217807469	45.5350009213062	60.5350089867142	-593.627854270298	688.271938361616	254	72	5	14	167	141	247	43	17	64	3331	843	349	85	9018	0	0	0	0
10	2	0	9	9	up	2	512	406.910423176895	2046.86658108429	392.418748694372	808.943994586779	866.848780407187	5818.63477349278	903.951716750367	3102.19278023936	38.2623832334783	56.7541736206089	-593.777835400753	688.619653093735	242	70	7	14	179	127	255	40	25	65	3380	782	350	96	8739	0	0	0	0
10	2	0	9	9	up	3	512	301.640209905969	927.256086171816	340.372699092338	521.626651359107	945.564818398119	6789.64061658593	920.205879749712	3364.3840131101	53.743598678139	58.3438237336137	-593.742683443856	688.538241274333	223	93	4	5	187	138	239	49	25	61	3301	891	351	65	8630	0	0	0	0
10	2	0	10	10	up	0	512	308.146787714718	1425.95807886429	301.179904840587	472.312483779113	783.654988341869	5020.40059657501	782.857434921685	2561.3457909524	63.9578865907459	55.3429289602821	-593.714907174238	688.473870385144	271	90	4	10	137	166	256	34	22	34	3800	822	408	90	8560	0	0	0	0
10	2	0	10	10	up	1	512	262.669330200655	786.748407078751	292.968596389156	365.494257040554	825.564818398119	5635.29416539375	805.700747878472	2825.120331791	52.2467697088811	52.382579669388	-593.610880999897	688.232982288388	266	82	4	4	156	166	244	41	19	42	3802	820	411	87	8737	0	0	0	0
10	2	0	10	10	up	2	512	248.998080621275	576.097793976996	286.737230600618	294.351210550889	585.469623455629	3266.30980676979	611.59374947845	1522.66413231725	58.7122442119919	60.9176388900949	-593.713756624191	688.47101836816	280	61	4	2	165	186	256	24	8	38	3933	747	372	68	8764	0	0	0	0
10	2	0	10	10	up	3	512	291.361569455965	1014.93069466397	308.359123468487	415.267617886569	762.047597471245	4955.91428867517	738.927782418291	2359.43434719703	71.6670709732631	64.617997630063	-593.769658086886	688.600627805407	259	78	4	6	165	172	254	36	16	34	3900	737	409	74	8524	0	0	0	0
10	2	0	11	11	up	0	512	366.536587784401	1510.63277231341	382.350905597558	688.514513963869	827.249223594996	5520.59821402737	823.144529730352	2838.5692141556	72.4136216253513	62.1827137028522	-593.648937795135	688.320820956283	222	83	7	9	191	160	239	37	26	50	4241	857	446	88	8579	0	0	0	0
10	2	0	11	11	up	1	512	396.584185255646	1858.13409857149	404.137198342482	786.04522445559	874.458683777181	6120.24241765616	842.358572357434	2791.64167311731	62.2985977733716	58.6905111500926	-593.765467479516	688.591140274385	230	70	5	13	194	147	259	47	15	44	4252	840	444	96	8605	0	0	0	0
10	2	0	11	11	up	2	512	370.629270227521	1790.30732416758	362.074401449567	706.431446891313	894.535698103434	6124.88998177588	893.773034454138	3140.00452260729	73.4737099747029	57.8230852474748	-593.668570179342	688.366286171693	256	66	4	13	173	135	248	42	27	60	4265	883	408	76	8249	0	0	0	0
10	2	0	11	11	up	3	512	338.393202250021	1322.48670436571	375.459141416675	614.554339492182	766.949593469062	5117.56487345794	787.479973085346	2576.44228019753	79.5497706586534	67.8516014318221	-593.636515361836	688.291929901617	248	61	3	9	191	165	243	38	15	51	4266	858	412	96	8785	0	0	0	0
10	2	0	12	12	up	0	512	469.170289890018	2646.08226587692	424.614147126837	901.913286444595	641.347524157501	3976.02393875241	644.559699848721	1781.29967619787	68.180803159598	61.5533103828502	-593.66953283621	688.36856753221	232	70	8	19	183	192	245	31	7	37	4616	949	487	92	8520	0	0	0	0
10	2	0	12	12	up	1	512	440.098597122828	2279.19770240933	429.248272241485	823.812052792804	642.177827388129	3860.34927362228	651.885250543687	2027.49428565577	82.539763296483	61.0506907708008	-593.705630740126	688.452366653794	229	55	2	18	208	186	239	27	14	46	4700	880	477	87	8282	0	0	0	0
10	2	0	12	12	up	2	512	389.698153935018	1713.25255576694	433.016315842776	883.420684723514	571.90480505751	3426.84489838217	588.392445066856	1536.3046055634	94.567865381209	71.0656396097833	-593.693930744477	688.425208506809	232	58	4	12	206	196	228	27	5	56	4591	1019	460	74	8459	0	0	0	0
10	2	0	12	12	up	3	512	390.851886027202	2029.05784570166	384.116401500032	728.703573388488	711.922985673747	4468.32471185207	693.122494983681	2075.82477559387	70.4708458401539	59.7277900544613	-593.779996672845	688.624841573865	271	46	2	16	177	180	252	32	15	33	4663	962	421	98	8370	0	0	0	0
10	2	0	13	13	up	0	512	421.682189257829	2122.2889453184	434.841975423377	943.955163051254	603.358167275628	3602.43131294728	624.604634279355	1890.24333607805	86.959340233342	63.5462552051825	-593.716659607152	688.477991439514	241	58	6	15	192	218	216	24	16	38	5162	914	477	103	8327	0	0	0	0
10	2	0	13	13	up	1	512	394.042869032827	1934.26455346214	409.943087888227	849.287093406858	617.077014326253	3653.31884043993	611.957036824808	1516.32617162257	84.6168253492854	69.0527304467575	-593.561574761067	688.118261162599	257	46	2	15	192	176	267	30	2	37	5139	947	493	77	8576	0	0	0	0
10	2	0	13	13	up	2	512	366.708797053144	1393.2009496243	397.940093063299	718.54589950331	692.702882373436	4407.53144793153	680.709998044649	2059.74808085147	77.1326447713773	65.3145108539441	-593.689045503959	688.413708938483	226	58	4	9	215	191	238	32	14	37	5094	934	532	96	8545	0	0	0	0
10	2	0	13	13	up	3	512	417.032225914701	2057.78123790635	411.060057783322	757.97906020866	696.899186938124	4372.47676448787	687.851137089286	2021.31425450107	84.9565068591354	61.0539350355041	-593.719468252678	688.484277671091	243	45	2	16	206	178	250	32	13	39	5095	958	516	87	8466	0	0	0	0
10	2	0	14	14	up	0	512	436.756394524389	2218.14906029175	439.777466655001	991.987329435302	597.756097964067	3574.50733926517	579.073372425765	1531.0466538831	116.65402147353	74.7247428649242	-593.772681341474	688.607839536618	242	53	8	15	194	201	235	27	8	41	5643	921	529	75	8339	0	0	0	0
10	2	0	14	14	up	1	512	444.318700423138	2245.72045649862	441.110593178542	902.922579608467	653.156541151876	4047.64095641382	625.113883783824	1640.65871538021	99.8862920681093	70.2815926341728	-593.863306599112	688.817863445112	234	50	6	16	206	182	254	32	6	38	5607	902	568	91	8190	0	0	0	0
10	2	0	14	14	up	2	512	480.549446841575	2854.6078990343	437.247444475076	988.418899695294	715.039763412812	4550.48283413294	703.579150466875	2204.39614072339	102.296984870303	75.3171626428371	-593.613853567655	688.239729661026	245	53	3	23	188	181	240	32	17	42	5469	983	613	103	8411	0	0	0	0
10	2	0	14	14	up	3	512	423.087954004702	2221.25540651604	418.261839393156	877.730984308249	633.055728090001	3711.81118966586	632.038037014168	1669.31326639512	100.211425490304	70.1394521529572	-593.795831200416	688.661589593514	247	49	1	18	197	180	263	28	8	33	5659	913	526	70	8140	0	0	0	0
10	2	0	15	15	up	0	512	399.271102951893	1821.94252244522	422.71087503453	833.232702196312	626.273318890941	3803.44652953845	644.843761379558	1954.76953858364	106.080629324465	73.9546369599329	-593.704614111349	688.449772148719	230	60	4	13	205	199	229	27	13	44	6174	922	503	81	8249	0	0	0	0
10	2	0	15	15	up	1	512	519.870363203761	2957.61396867937	465.571387635768	1074.1859394764	551.578567136261	3012.67172942406	590.810568172485	1545.61135284383	90.3585025451366	68.2445037644128	-593.751242880641	688.557849076438	216	54	7	22	213	188	237	21	10	56	5791	1204	579	106	8184	0	0	0	0
10	2	0	15	15	up	2	512	462.506874369071	2383.7810679924	446.824125546663	944.412756945618	555.119586798757	2977.45886706154	578.424223949382	1422.5831650621	107.641250131798	70.2748198814072	-593.66454015289	688.356927988679	237	34	4	18	219	188	249	21	9	45	6009	973	611	87	8360	0	0	0	0
10	2	0	15	15	up	3	512	389.671546139703	1694.45308060637	419.508394179462	800.216037663835	563.132742416254	3084.99977344807	587.807708600015	1460.69482434002	110.202054318469	74.6107696002082	-593.710672754242	688.463889824478	243	49	6	11	203	200	247	22	9	34	6091	883	627	79	8292	0	0	0	0
10	2	0	16	16	up	0	512	356.255138274704	1361.8148333467	398.823420759082	633.422221355828	518.008130618756	2680.76884374528	551.498955915572	1286.22018367926	121.707608616857	72.280699008892	-593.612032947211	688.235185263839	239	47	1	10	215	204	250	20	5	33	6477	984	640	91	8015	0	0	0	0
10	2	0	16	16	up	1	512	387.438287221896	1769.11281233524	409.176579946591	759.416361924215	643.788027318445	3999.32203101692	643.221958513253	1941.05732498223	115.229711375172	81.9308688156051	-593.683901740129	688.401738566365	230	67	3	13	199	187	221	28	15	61	6356	1130	615	91	8160	0	0	0	0
10	2	0	16	16	up	2	512	512.43266910251	2949.63824725968	461.205147031615	1058.13488892408	569.037250913441	3307.16083143502	565.046558626143	1495.46722393801	105.7476516635	71.3512276108969	-593.705765674257	688.452769905275	228	50	7	22	205	211	234	25	7	35	6473	950	652	117	8206	0	0	0	0
10	2	0	16	16	up	3	512	396.507170929393	1798.59296563303	420.732643481646	838.817447288626	491.427347543447	2298.83589303102	549.835221644953	1323.13538146064	100.661263243432	64.0828413025231	-593.746499694976	688.546714015985	226	58	1	14	213	199	244	14	11	44	6465	981	643	103	8157	0	0	0	0
10	2	0	17	17	up	0	512	412.032225914701	2091.86937519541	413.84985118326	917.773522136111	542.079823385946	3041.01205433318	549.963072063733	1299.350617993	137.378258804989	85.2683273820475	-593.765884637628	688.591943126274	255	45	3	16	193	203	234	23	6	46	6913	939	739	113	8051	0	0	0	0
10	2	0	17	17	up	1	512	467.684701757199	2585.42857547414	469.005740334395	1042.52655032454	644.212269241877	3999.39783078289	620.924941292998	1801.54434932054	131.37343056704	84.0575721756065	-593.67442382603	688.380064809407	239	48	4	20	201	194	237	30	10	41	6938	998	677	91	8162	0	0	0	0
10	2	0	17	17	up	2	512	449.342499158761	2192.84501165813	460.325233235545	1004.91783395918	505.220399860633	2647.30082973764	548.57958573706	1347.5016643818	133.124740583411	85.69923986462	-593.767789943524	688.596259823932	232	42	7	15	216	214	232	19	7	40	6881	1021	711	91	7811	0	0	0	0
10	2	0	17	17	up	3	512	412.889136940643	2033.35283234615	401.492210907846	754.69935224197	674.286474508438	4306.97523999685	641.211840124362	1846.40208448663	130.050037299165	84.8883503689135	-593.641726198334	688.303864538359	234	62	4	15	197	187	247	34	7	37	6926	981	708	89	8238	0	0	0	0
10	2	0	18	18	up	0	512	401.732595788767	1766.13093631349	435.680412656218	921.500992198714	641.347524157501	4113.83546824616	609.386358347036	1717.03069081698	124.274705180154	80.8140425808588	-593.766756594049	688.593856617049	228	55	5	12	212	208	226	32	8	38	7283	1149	693	91	8000	0	0	0	0
10	2	0	18	18	up	1	512	455.475241575015	2237.31929354378	471.825719680482	1022.56813514578	579.063858708757	3298.51352218621	584.881786559536	1504.17637458647	132.862820185801	88.5767994459347	-593.790766673373	688.649866771689	208	55	3	17	229	192	241	24	9	46	7320	1035	755	106	7912	0	0	0	0
10	2	0	18	18	up	2	512	489.894161939384	2610.10326892326	480.623662849255	1085.24351903743	566.801182935942	3088.97546654878	573.847223435762	1376.12797029706	145.057807999451	91.4217513953597	-593.910856586476	688.928400988554	222	40	4	20	226	195	251	22	9	35	7263	1085	775	93	7751	0	0	0	0
10	2	0	18	18	up	3	512	518.310569804383	2956.46490838762	488.182934253907	1206.3411119479	611.14589803375	3570.53458187054	609.371401673859	1688.76636647225	146.462846732768	94.3242122746477	-593.624344592245	688.263714155022	230	41	7	22	212	200	247	26	10	29	7228	1151	745	92	7790	0	0	0	0
10	2	0	19	19	up	0	512	662.175018328436	4000.39164786185	642.678337382111	1812.22872430238	511.575758076568	2732.53173112144	501.333959228467	1079.14453911501	160.260631425187	98.5321363100355	-593.786088947041	688.638811932893	187	30	12	29	254	217	239	21	4	31	7795	1060	783	90	7637	0	0	0	0
10	2	0	19	19	up	1	512	485.247007655948	2447.74165777789	523.983271990061	1210.25457646029	575.395418189069	3411.98461349488	559.269187501528	1368.45188713018	153.64408972604	99.7825628087543	-593.5580544248	688.109928191721	207	46	5	18	236	205	229	26	7	45	7688	1138	809	93	7983	0	0	0	0
10	2	0	19	19	up	2	512	664.387287570313	4178.64092809483	640.935710203595	1875.78029556317	535.67124957938	3053.62288907355	539.505694116858	1303.27312684398	151.421105879956	94.6859633015223	-593.70438104076	688.449423081464	189	38	9	32	244	218	231	24	4	35	7787	1053	788	100	7818	0	0	0	0
10	2	0	19	19	up	3	512	493.68721425657	2477.86920528146	522.656435248414	1213.38105150445	677.652475842499	4331.24267252708	640.434401673894	1871.68364477411	150.537321924094	95.9811188829848	-593.613882361292	688.239742825142	217	35	8	17	235	196	240	33	10	33	7715	1085	794	134	8064	0	0	0	0
10	2	0	20	20	up	0	512	321.533778724708	1323.30430350453	329.757386625749	467.397843534086	516.901995997817	2955.35235092331	505.801545697594	1387.55157526559	140.169959611177	87.8402804434892	-593.681370811207	688.395750046658	267	58	1	10	176	241	211	22	7	31	8128	1228	766	118	7739	0	0	0	0
10	2	0	20	20	up	1	512	371.910423176895	1948.7662478671	360.631453350373	658.667801533525	481.453955338763	2738.15199599782	453.319912123983	1050.06274784904	160.665161492383	101.071453406324	-593.664838860188	688.357783895691	270	65	3	15	159	236	197	21	5	53	8214	1154	771	101	7891	0	0	0	0
10	2	0	20	20	up	2	512	399.49933687096	2078.05507990954	391.138994815554	927.618951706462	436.705987993451	2256.49553980291	432.170321616403	886.967114910261	157.887890629044	95.8077071969911	-593.693527278935	688.424392610072	251	76	8	14	163	239	201	17	4	51	8353	1057	735	95	7826	0	0	0	0
10	2	0	20	20	up	3	512	345.151812713458	1507.2678289961	350.446359298293	550.572116738684	416.382559131895	1976.99119288179	440.709179373943	863.633312366821	158.970146925749	101.307935246136	-593.647214842593	688.316807881618	263	62	5	10	172	210	219	16	0	67	8127	1155	850	108	7820	0	0	0	0
10	2	0	21	21	up	0	512	424.719143610948	2086.95440686445	424.560349856006	849.122362223603	677.602069311561	4193.41897542419	708.460742347809	1987.65919334195	151.300422541557	99.1646339063415	-593.717860420883	688.480464334565	251	37	5	15	204	181	259	32	9	31	8467	1328	840	117	7616	0	0	0	0
10	2	0	21	21	up	1	512	390.475241575015	1774.50776405004	406.041831866443	798.405916145529	696.042275912182	4254.82313072307	714.588705653416	2147.57602545835	152.788766094158	98.7474540760198	-593.700300448264	688.439947296701	256	48	8	11	189	187	258	30	15	22	8526	1267	845	114	7681	0	0	0	0
10	2	0	21	21	up	2	512	560.321212922509	3553.38891038872	528.820211716587	1560.91971181849	639.212269241877	3640.41612467509	689.570598126482	1973.44317289832	153.935943965714	95.4957091598919	-593.619004389335	688.251454990123	240	53	11	26	182	166	270	26	11	39	8542	1255	826	129	7841	0	0	0	0
10	2	0	21	21	up	3	512	397.058833710016	1878.58681103098	395.51353640116	702.197390318879	810.386991009991	5558.17548164638	768.865151320608	2443.94421280196	165.346597719886	105.645893425072	-593.684384671131	688.402885464919	244	52	3	14	199	172	261	44	10	25	8561	1229	855	107	7522	0	0	0	0
10	2	0	22	22	up	0	512	446.302735745949	2267.31006164071	451.536076435504	1056.0973383122	597.254841714382	3632.33719097011	582.561628565251	1633.24169894891	175.564619881559	109.101183641431	-593.659598784871	688.345491833068	235	44	4	17	212	198	230	28	7	49	9013	1279	851	121	7698	0	0	0	0
10	2	0	22	22	up	1	512	491.101109622198	2886.7902149385	467.30175879079	1097.22097016036	518.636807725632	2976.10925361137	539.28292732847	1332.30981853447	162.549561606062	101.730480670463	-593.581405929913	688.164185816981	247	48	6	22	189	230	216	23	5	38	9020	1307	834	103	7650	0	0	0	0
10	2	0	22	22	up	2	512	588.435181601881	3642.04838724666	525.286940238645	1349.29487193535	529.766741082193	2752.37369379754	535.798478338414	1180.81934808032	140.760478173675	87.8800890930911	-593.639033163767	688.297989903597	210	44	5	29	224	195	259	21	4	33	9020	1260	863	121	7709	0	0	0	0
10	2	0	22	22	up	3	512	451.101109622198	2370.98478340882	446.538060069164	953.513594652951	642.753288904374	3645.93275248132	639.923983822851	1834.95230833962	159.260730720191	101.651798381124	-593.629706971535	688.275963047499	243	41	4	18	206	182	260	24	16	30	9068	1197	880	119	7528	0	0	0	0
10	2	0	23	23	up	0	512	504.21507830157	2881.1791819652	475.286032066099	1065.49526909487	563.862232585005	3183.82959683402	553.761617631163	1422.6546322465	173.34998732766	108.330936595682	-593.725853709699	688.499238378514	233	38	3	23	215	204	236	23	9	40	9401	1294	972	109	7425	0	0	0	0
10	2	0	23	23	up	1	512	521.074501826883	2900.72632791075	501.264986280455	1198.75885913476	514.315891363446	2774.66859548506	531.552130987975	1250.98072876602	173.744833293043	109.130099921905	-593.734843369138	688.519997827749	222	42	8	21	219	211	234	21	5	41	9095	1579	966	136	7395	0	0	0	0
10	2	0	23	23	up	2	512	428.767037642515	1933.64457177567	472.218449475016	1070.21511719635	592.705691433129	3726.03009335446	548.350477227865	1434.03606956572	186.234172366961	125.485819606076	-593.716527539126	688.477352261953	216	54	6	13	223	222	214	29	7	40	9407	1261	985	123	7550	0	0	0	0
10	2	0	23	23	up	3	512	457.660903021577	2496.22198098963	451.318240754061	1044.28878015692	530.99748750063	2892.82654785199	558.923088545734	1445.04611820374	163.182868270248	104.183586088474	-593.704699535589	688.450087899084	241	56	7	18	190	222	227	20	10	33	9360	1352	934	130	7393	0	0	0	0
10	2	0	24	24	up	0	512	397.005618119385	1603.72344884267	449.540062427752	848.258197711947	471.326534481572	2471.15191104084	488.837531344514	1079.88158083355	182.023459484165	116.841734716423	-593.595454265812	688.196814311718	230	31	1	12	238	225	228	20	1	38	9796	1326	1038	128	7503	0	0	0	0
10	2	0	24	24	up	1	512	414.069476828142	1877.80571471959	452.450561242179	981.335508540515	634.28928356813	4086.38574813072	608.642740703605	1709.88554310544	169.907941333022	105.412583752534	-593.729381142966	688.507496468324	222	58	5	13	214	206	214	31	10	51	9701	1525	919	143	7289	0	0	0	0
10	2	0	24	24	up	2	512	494.994975001259	2655.12760414155	495.722700343686	1150.30105184197	541.249520155319	3000.88128793363	530.899926016874	1279.7517669836	175.841825125867	110.466778012388	-593.498251504942	687.971578963378	220	43	5	20	224	205	241	23	5	38	9812	1365	1000	111	7642	0	0	0	0
10	2	0	24	24	up	3	512	451.026904355638	2331.03653114642	447.521913567077	941.840663921279	634.111456180002	3871.0148484443	618.1833639348	1833.40738586773	185.311221740226	122.53507822393	-593.844783122945	688.775119035398	230	48	3	18	213	200	234	28	12	38	9892	1286	974	136	7140	0	0	0	0
10	2	0	25	25	up	0	512	510.674058639073	2830.22186771367	489.794843897994	1164.63734458491	518.788027318445	2976.1457564388	516.252534144964	1266.90930931428	191.983733602328	122.004231138289	-593.788936107324	688.645763198366	221	51	9	20	211	227	216	23	5	41	10225	1406	1037	132	7424	0	0	0	0
10	2	0	25	25	up	1	512	464.217887361263	2326.24323890689	479.583892203522	1041.360055464	629.965558146251	4023.52848390647	581.903213542452	1699.81905325263	202.132469415308	127.178518917706	-593.750281264903	688.556063931991	216	50	5	17	224	220	214	30	11	37	10282	1378	1014	126	7208	0	0	0	0
10	2	0	25	25	up	2	512	454.342499158761	2334.92705098312	461.914208102186	994.694075233519	564.013452177819	3222.22474678176	548.914029176015	1433.63318141692	187.078176364269	115.206875785113	-593.718295098897	688.481618561115	232	42	3	18	217	197	243	25	5	42	10202	1403	1046	149	7167	0	0	0	0
10	2	0	25	25	up	3	512	482.88632788095	2641.38910862165	454.729707386811	951.479895742643	598.610199930317	3537.12740590861	588.901436265429	1700.526965308	198.577201996418	122.202466718267	-593.765710966339	688.591584889921	223	54	5	20	210	205	229	25	12	41	10194	1454	1037	115	7297	0	0	0	0
10	2	0	26	26	up	0	512	433.891649440013	1939.51685435816	452.814022983906	887.33804868301	599.111456180002	3497.29145623961	576.269489703525	1488.23770468209	202.370277025686	125.562814133305	-593.670766255502	688.371674749675	216	48	6	13	229	196	252	27	6	31	10761	1432	980	139	7344	0	0	0	0
10	2	0	26	26	up	1	512	507.708500492822	2669.01211097116	490.946666701872	1048.90695321586	460.724465170011	2086.61707429939	510.41193850941	1074.07879537552	198.694208123591	127.042371241134	-593.728989595001	688.506956433101	205	44	5	20	238	200	251	15	4	42	10703	1362	1111	136	7141	0	0	0	0
10	2	0	26	26	up	2	512	434.093275563765	2057.0123092041	474.760524737451	1002.20057999199	618.535994663756	3891.70797738057	592.009808407419	1692.10150793669	196.071738705354	133.021298619672	-593.623834446442	688.262561720372	220	52	4	15	221	200	223	30	8	51	10744	1386	1043	139	7191	0	0	0	0
10	2	0	26	26	up	3	512	467.43266910251	2506.27960013937	459.272742914677	1015.22238187929	530.395418189069	2909.90257416989	545.417270353964	1233.7394038015	205.265582845262	134.080927625472	-593.776640826501	688.617137786221	232	42	2	20	216	205	244	23	3	37	10724	1420	1044	124	7006	0	0	0	0
10	2	0	27	27	up	0	512	481.353142276887	2482.86934687642	484.072735705379	1051.60151294397	626.52535154563	3862.23075978885	610.035881018878	1763.93139690021	206.122121141966	133.704188879218	-593.632164367601	688.281531504556	214	50	6	18	224	198	225	28	12	49	10938	1646	1088	152	7132	0	0	0	0
10	2	0	27	27	up	1	512	472.910126616573	2708.77197768428	446.772325627246	946.475083092294	565.042572472504	3321.89944023088	545.865581857839	1398.95926156188	192.886698668629	118.248815654394	-593.641986291729	688.304340918751	245	44	2	22	199	212	233	26	5	36	10992	1546	1133	153	7026	0	0	0	0
10	2	0	27	27	up	2	512	495.973688765007	2851.87216930652	472.79097863532	1010.62876734615	553.233555478129	3171.19428528041	535.01095881656	1258.63965041391	192.483906299336	120.647845636139	-593.786092733119	688.638768160068	236	35	0	24	217	210	239	25	4	34	11051	1531	1085	157	6890	0	0	0	0
10	2	0	27	27	up	3	512	522.684701757199	3019.33434022101	490.412854566906	1163.42315186948	414.920769734699	1741.74476339791	470.152921909496	919.102077999812	204.544135266156	131.726538011509	-593.739947782335	688.531684482505	215	56	6	23	212	223	235	12	4	38	11137	1481	1082	124	7050	0	0	0	0
10	2	0	28	28	up	0	512	638.633998665939	4110.86282412749	571.768587156592	1569.35299065937	511.175314888758	2555.49234922593	544.171869627076	1257.94799426261	205.685493340311	133.332311443107	-593.865432330423	688.823169428402	211	38	8	32	223	196	250	18	7	41	11615	1472	1126	123	6935	0	0	0	0
10	2	0	28	28	up	1	512	492.75890702376	2789.28259248342	494.654685226041	1048.39694338109	494.416704425321	2576.69902866741	524.073338042011	1313.38663818972	222.167773700934	140.774663630517	-593.669994793987	688.36967824067	228	43	1	23	217	221	224	18	8	41	11583	1492	1124	137	7161	0	0	0	0
10	2	0	28	28	up	2	512	465.146194594073	2191.00002831899	501.765070829847	1157.50816241712	489.366297894383	2511.32211597389	537.656220496857	1269.63665618478	212.884702779201	135.160165219361	-593.614901370168	688.242113981529	217	42	9	14	230	214	237	19	4	38	11440	1549	1189	158	7151	0	0	0	0
10	2	0	28	28	up	3	512	630.947080969692	3867.16083143502	585.863648999722	1634.07552717428	532.859720085635	2952.77200600327	529.019258143693	1322.42095649272	204.956071467088	134.943684367469	-593.668817715867	688.366996902999	195	47	12	28	230	206	224	21	9	52	11691	1498	1034	113	7110	0	0	0	0
10	2	0	29	29	up	0	512	568.209756742507	3207.53480842247	588.119601491967	1493.99434495911	563.135551475947	3339.48622294287	537.125071156967	1369.70255940866	242.540441727589	162.175217491377	-593.807257706174	688.687920514912	192	45	7	24	244	207	219	25	8	53	11914	1614	1185	135	6703	0	0	0	0
10	2	0	29	29	up	1	512	650.843458848124	3948.45547825162	656.656783449073	1921.64787164015	463.939246911259	2287.01818061624	477.545438053274	966.024743229383	221.69491968059	141.265574351684	-593.701238471182	688.442142290396	194	29	11	29	249	224	232	17	4	35	11940	1573	1191	144	6681	0	0	0	0
10	2	0	29	29	up	2	512	605.520029986567	3719.57419031798	616.343043721037	1675.23724142573	501.97901032407	2583.9056797899	525.226429181333	1234.57616129684	205.655694880149	130.333239745106	-593.62428834185	688.263508526141	197	42	4	30	239	205	247	20	3	37	11992	1561	1148	147	6873	0	0	0	0
10	2	0	29	29	up	3	512	754.915151615314	5085.05123799576	700.18805101487	2133.37612986674	525.496231250945	3061.4618310866	510.053143174015	1156.51679440729	231.757521782924	148.379451960866	-593.682637842629	688.398915669554	177	55	17	37	226	223	223	25	2	39	11959	1538	1206	145	7041	0	0	0	0
10	2	0	30	30	up	0	512	325.125204918143	1191.02156942616	342.458897350327	529.197107520821	382.334665100327	1803.94847881433	379.246040620114	718.2635316928	229.968315540912	151.385125006431	-593.737835620733	688.527031974216	266	49	5	7	185	261	187	13	4	47	12290	1701	1223	146	6776	0	0	0	0
10	2	0	30	30	up	1	512	397.939543471581	1918.72974503967	368.758740715463	592.726266185823	404.220696420955	1925.65374704076	410.444649453051	780.596344600163	236.879523134001	152.475777186634	-593.696836373237	688.431886625914	241	61	4	14	192	235	199	14	4	60	12410	1597	1192	161	6785	0	0	0	0
10	2	0	30	30	up	2	512	294.072285887835	880.863673697213	318.465309359631	431.881937173269	397.687510816892	1898.30416190958	415.917376560579	811.682364299572	237.763784995642	158.785627210666	-593.856875325403	688.803099831533	257	59	3	5	188	238	203	15	1	55	12377	1589	1248	146	6535	0	0	0	0
10	2	0	30	30	up	3	512	435.549446841575	2334.53195767337	404.531084660316	842.808590424056	456.302735745949	2513.11549317039	435.784851566637	853.08023557036	214.708206379689	144.386813788182	-593.602590979947	688.213074332137	257	47	6	17	185	239	207	21	0	45	12273	1797	1123	167	6830	0	0	0	0
10	2	0	31	31	up	0	512	487.708500492822	2509.37685605554	495.929665752143	1140.08816305943	721.270509831248	4575.38857056083	698.884304794105	1993.32089455245	249.67027049406	172.598615890558	-593.652020768835	688.328014060058	213	41	4	19	235	164	265	35	10	38	12736	1709	1273	154	6638	0	0	0	0
10	2	0	31	31	up	1	512	494.268293892201	2810.7842302504	502.348631532188	1258.84716713052	713.660606461254	4763.9328091193	696.811780466302	2215.77326245145	241.811841541453	165.194088887042	-593.696869395663	688.431921499025	223	56	4	22	207	184	218	35	15	60	12839	1649	1227	157	6657	0	0	0	0
10	2	0	31	31	up	2	512	402.989950002519	1825.93038315507	425.288562657164	814.973001712459	686.397930688439	4046.68965516938	738.202387726793	2131.43488674468	237.59032547318	159.325391752238	-593.610564064334	688.232009181076	224	62	4	13	209	155	269	28	15	45	12637	1825	1252	158	6524	0	0	0	0
10	2	0	31	31	up	3	512	577.103622121568	3395.94813898644	562.072038214707	1633.91739140398	726.418920364369	4720.64982017001	715.605162391832	2327.363743779	255.707439340066	174.847745374712	-593.613950427658	688.239911880323	217	45	14	23	213	198	238	34	16	26	12739	1678	1299	156	6713	0	0	0	0
10	2	0	32	32	up	0	512	550.647450843758	3324.85698103434	500.047867890815	1098.47305820713	594.2360679775	3374.80509170179	588.400027608012	1571.29380812751	246.89490060073	167.516054046899	-593.649507603833	688.322105872271	216	46	3	27	220	200	255	25	8	24	13081	1813	1314	176	6718	0	0	0	0
10	2	0	32	32	up	1	512	493.841242909076	2732.39215760369	488.417997908556	1118.02016279471	569.363488834691	3229.72313733377	581.296726726365	1542.05397518471	252.480539123007	175.053303438741	-593.661383143212	688.349564928475	221	57	7	20	207	211	235	23	10	33	13214	1726	1291	153	6765	0	0	0	0
10	2	0	32	32	up	2	512	490.926091293762	2650.28270575938	491.147781295735	1141.48484954341	625.042572472504	3900.25808735119	616.890426236418	1866.25920034133	243.008640161498	164.550004520404	-593.729305768023	688.50700143548	216	52	5	20	219	208	216	28	13	47	13078	1811	1329	166	6466	0	0	0	0
10	2	0	32	32	up	3	512	521.047894031567	2861.56210766581	497.000076214935	1201.23037076692	714.636511165309	4726.55566987386	643.2244920105	1988.11446980838	245.909591853259	164.257909808638	-593.762851838914	688.585135602763	225	32	7	21	227	201	228	35	14	34	13293	1680	1217	194	6585	0	0	0	0
10	2	0	33	33	up	0	512	526.501552810008	2827.58347885904	512.912471945342	1239.14349069423	501.578567136261	2641.75986671312	506.455999202744	1122.81679407814	246.777647530834	171.572636360296	-593.649594911337	688.321908779026	204	41	6	21	240	200	242	21	2	47	13607	1804	1311	174	6403	0	0	0	0
10	2	0	33	33	up	1	512	396.931412852825	1387.60501996621	455.428278157264	806.389635170661	550.546637781882	3148.662469202	551.938218221089	1362.081709086	243.118139247224	164.245865861248	-593.556668512763	688.106903457206	205	38	3	9	257	206	232	24	6	44	13560	1809	1368	159	6694	0	0	0	0
10	2	0	33	33	up	2	512	566.726977669381	3342.6441753098	526.408607208978	1266.26232746282	533.310569804383	2953.65337889388	551.891140192459	1495.78371782952	257.94082680991	179.879563678688	-593.741872208588	688.536471749609	202	42	3	27	238	214	225	21	9	43	13555	1829	1352	160	6592	0	0	0	0
10	2	0	33	33	up	3	512	469.769550141886	2313.4255548111	484.60516062731	1079.61469835764	487.708500492822	2588.4649933446	503.020414488872	1171.3454086923	249.974535561769	171.723079670675	-593.580031159995	688.160804760421	218	44	7	16	227	225	220	19	6	42	13512	1806	1395	183	6443	0	0	0	0
10	2	0	34	34	up	0	512	473.713822051885	2375.39207264671	462.883547461507	875.269793612637	531.803991995634	2852.29173942952	540.001316405422	1271.89170196995	243.975268267958	165.317270962454	-593.804067978518	688.680540354939	210	40	1	19	242	190	249	22	4	47	14015	1940	1294	159	6310	0	0	0	0
10	2	0	34	34	up	1	512	414.395714749391	1800.36802061834	454.182450946726	1004.60710475033	555.59704431282	3155.31598969083	578.004941579853	1568.94397792614	256.615612173517	177.530548314522	-593.733708749314	688.517514247227	222	56	8	11	215	209	223	22	11	47	14067	1798	1365	178	6295	0	0	0	0
10	2	0	34	34	up	2	512	595.443015660314	3748.57407704202	540.613967867673	1376.10662693232	507.708500492822	2748.10024826022	511.284123901079	1190.49517669456	255.504862336072	171.666047485205	-593.79392410622	688.65705355941	225	31	5	30	221	217	223	20	7	45	13977	1844	1413	174	6303	0	0	0	0
10	2	0	34	34	up	3	512	399.621139608765	1764.07616791285	445.063687920795	913.982041792854	574.28928356813	3117.32810066199	574.796090888697	1478.01991049154	254.429169179795	177.870463688788	-593.794168854512	688.657660029812	236	49	5	12	210	190	248	21	12	41	14057	1847	1349	155	6469	0	0	0	0
10	2	0	35	35	up	0	512	514.644938344388	2854.63531155361	501.744293804433	1253.41240769935	622.756097964067	4034.40090808391	566.459268920219	1575.97752462196	279.332077440001	206.545445132976	-593.730920787584	688.511111425939	218	59	12	19	204	217	209	31	9	46	14442	1890	1403	185	6213	0	0	0	0
10	2	0	35	35	up	1	512	523.888840380321	2903.72330724771	510.86241723621	1223.17327468787	512.053215590631	2655.13053984762	522.177368868796	1257.41814621842	277.822533662146	201.934442729282	-593.771273946461	688.604606284491	217	44	8	21	222	214	240	19	7	32	14466	1867	1412	175	6293	0	0	0	0
10	2	0	35	35	up	2	512	483.764228582823	2368.32220093086	489.282649321598	1099.38316590983	536.323725421879	2957.47089307573	552.40567173088	1487.09761529796	264.947503107594	190.127976280534	-593.784272520836	688.634466715825	209	44	8	16	235	222	229	21	9	31	14528	1816	1404	172	6315	0	0	0	0
10	2	0	35	35	up	3	512	408.639616785325	1734.82076139682	450.978541628812	900.728395226804	638.106134620939	3874.27014168437	605.785937217034	1651.16721700488	280.67761483415	200.612942582601	-593.68460328868	688.403214637184	229	39	4	12	228	187	253	30	7	35	14411	1875	1467	167	6247	0	0	0	0
10	2	0	36	36	up	0	512	530.822469172194	2852.8539603713	532.766187202892	1318.65347370958	490.546637781882	2669.75670445513	496.488858747801	1115.10321816491	266.747163427221	190.950376700216	-593.910199448611	688.926835369816	211	38	9	20	234	230	223	21	3	35	14881	2009	1373	169	5885	0	0	0	0
10	2	0	36	36	up	1	512	474.994975001259	2574.58048651499	486.716278339805	1180.39681206299	518.260163273445	2759.91781908005	517.822336658383	1254.88851061122	280.241993297909	204.840841372583	-593.52444316203	688.032366475863	240	41	6	19	206	211	235	20	7	39	14821	1921	1522	168	6286	0	0	0	0
10	2	0	36	36	up	2	512	446.753585464697	2130.37990503757	461.075313315187	917.881823675122	549.843755408446	3323.89043487973	521.64794620364	1274.33808586393	269.520800949205	187.030174906983	-593.635574330375	688.289738040765	227	34	3	16	232	215	219	27	3	48	14740	2057	1438	197	6136	0	0	0	0
10	2	0	36	36	up	3	512	536.578567136261	2956.75986671312	519.097959265079	1374.96719530384	540.947080969692	3021.17302736315	558.26065670794	1496.03538263708	287.33030973448	209.607866400258	-593.747355435895	688.549072885579	200	54	9	21	228	219	230	22	8	33	14895	1923	1427	187	6056	0	0	0	0
10	2	0	37	37	up	0	512	581.97901032407	3536.4284055602	535.197316610221	1347.15541373497	490.849076967509	2572.74767078499	514.592941187644	1241.52549552621	286.60688816786	206.703835307515	-593.582165942761	688.166081190618	201	50	5	28	228	224	220	18	8	42	15205	2101	1444	194	6027	0	0	0	0
10	2	0	37	37	up	1	512	427.634295226261	2031.25232921501	463.624386394199	1086.47938911472	540.772062641256	3039.92383208715	561.490578578751	1457.08197515625	281.89784119367	209.922813786924	-593.704158345587	688.448928945512	240	41	6	14	211	212	233	23	6	38	15283	2019	1475	167	6225	0	0	0	0
10	2	0	37	37	up	2	512	518.209756742507	3053.52261249433	484.206005946725	1128.15884533148	523.384775070943	2883.23688607191	512.162515316342	1149.68054683021	296.826051976849	227.658145328739	-593.668857491716	688.366975985413	232	38	2	25	215	219	233	22	5	33	15261	1931	1524	228	6233	0	0	0	0
10	2	0	37	37	up	3	512	505.196601125011	2783.53492169843	492.333565490381	1112.10554041035	595.54382872219	3592.79298073063	574.109778689301	1568.47662804679	279.046482360192	203.132393968155	-593.744472415395	688.54249982494	212	48	3	22	227	219	222	26	11	34	15389	1955	1420	180	5890	0	0	0	0
10	2	0	38	38	up	0	512	506.101109622198	2863.61394036038	499.725331590548	1147.81130816877	488.236364537822	2549.43461680023	503.742623281868	1181.75484742172	294.648740904225	218.068729853471	-593.782084515753	688.629408430059	223	49	5	22	213	217	228	19	5	43	15575	2069	1586	226	5932	0	0	0	0
10	2	0	38	38	up	1	512	489.541316222819	2727.46488006863	486.098911825119	1093.43944089615	478.565411518764	2557.39523490471	505.82026645388	1182.96176359067	287.572734387978	211.064912178844	-593.656887787684	688.339413969859	237	33	2	22	218	212	220	20	3	57	15497	2215	1556	188	6048	0	0	0	0
10	2	0	38	38	up	2	512	542.658093961884	3218.89351218076	530.591774095047	1380.01257612376	505.496231250945	2901.82657617098	485.184160454912	1060.72000990225	297.813778143423	224.653415060892	-593.593950349798	688.193221732128	222	50	8	24	208	231	220	24	1	36	15684	2085	1515	172	6125	0	0	0	0
10	2	0	38	38	up	3	512	554.541316222819	3113.55911532176	533.750888171869	1258.42619201704	507.533482164386	2708.12766077953	525.0406017821	1243.1313874211	277.480935202622	202.440587992515	-593.678706013022	688.390025785862	197	42	5	24	244	206	230	20	6	50	15623	2093	1564	176	6056	0	0	0	0
10	2	0	39	39	up	0	512	709.061049649064	4484.90844558202	709.867163977818	2331.66848824578	540.573245577198	3235.63821894068	521.681165460081	1380.29190494803	299.928084590869	228.253013107181	-593.760220430461	688.579037871767	177	49	18	31	237	219	209	25	6	53	16065	2157	1545	201	5984	0	0	0	0
10	2	0	39	39	up	1	512	693.809016994375	4505.65303906599	659.966244322329	1934.55215695451	472.509683428763	2217.75088968097	525.46586591783	1272.44506039077	303.670847239907	227.633698848281	-593.590747827891	688.185843958283	186	40	9	35	242	196	241	15	7	53	16125	2019	1662	162	5856	0	0	0	0
10	2	0	39	39	up	2	512	695.867257583746	4449.74411206112	655.829901662614	1898.91798261808	473.108943680631	2219.44062980732	494.402683898161	1058.55546421525	302.390445146571	226.457334793636	-593.716032489808	688.476219598935	192	27	10	34	249	218	243	15	7	29	16168	2050	1555	195	5814	0	0	0	0
10	2	0	39	39	up	3	512	642.729490168752	3879.24888376711	644.827738125509	1692.9919719696	470.724465170011	2549.32217261187	471.447761469305	1075.13333289595	297.86851640446	221.783694817163	-593.635516503246	688.289503635696	180	37	7	30	258	232	212	20	3	45	16169	2131	1482	186	6004	0	0	0	0
10	2	0	40	40	up	0	512	453.037547473764	2353.43170941315	420.723646369191	856.221042389844	389.849373527831	1968.54737249748	378.440910656715	777.777980304395	300.782773628849	224.560504925941	-593.695177327405	688.428194570175	232	53	6	17	204	253	179	15	3	62	16485	2198	1607	190	5805	0	0	0	0
10	2	0	40	40	up	1	512	423.114561800017	2222.06097964067	401.411313092078	871.327296708532	360.377237572832	1503.71156442343	369.550269245188	577.068727859931	321.544777130603	246.001160884756	-593.655609713671	688.336122581682	248	60	6	16	182	241	200	11	2	58	16421	2207	1650	202	5900	0	0	0	0
10	2	0	40	40	up	2	512	467.560089959701	2547.83899865104	439.912478035876	1051.1507891667	376.231339539082	1639.69027818718	390.345105005727	741.308958674991	305.821744993571	234.181438409894	-593.70676430379	688.454744563362	247	57	13	16	179	241	195	11	5	60	16501	2196	1582	201	6001	0	0	0	0
10	2	0	40	40	up	3	512	400.199410184703	1959.95152779636	393.712641374682	716.183414091394	443.767037642515	2244.81474838972	417.900349623244	788.918674058738	305.644900329906	228.401930412627	-593.61758689962	688.248101760774	243	51	0	16	202	228	205	16	6	57	16370	2277	1632	201	5854	0	0	0	0
10	2	0	41	41	up	0	512	472.056024650323	2590.34647951117	446.055452571989	957.649077089374	795.137767414995	5345.62548495173	759.28767028141	2459.32137609233	318.516349254388	247.996548172932	-593.748709021016	688.552163900305	237	45	4	20	206	168	252	40	15	37	16881	2285	1631	195	5510	0	0	0	0
10	2	0	41	41	up	1	512	482.133038976576	2602.07608295588	458.81240121742	1009.68774032183	868.379156951557	6154.09657626039	801.018401199193	2792.8620310291	317.897128751742	245.281472488983	-593.729649419488	688.508015416362	225	58	9	18	202	165	230	45	21	51	16920	2249	1602	221	5730	0	0	0	0
10	2	0	41	41	up	2	512	595.493422191252	3710.22759753085	551.744869466367	1532.20054684883	669.888543819998	4283.25786079926	642.343031820321	1851.86619836976	302.795065468367	229.834927289245	-593.637663495132	688.29453753175	228	33	9	28	214	200	239	33	9	31	16862	2339	1596	195	5627	0	0	0	0
10	2	0	41	41	up	3	512	522.732299228444	2843.94819562442	501.428803112331	1257.55464206983	680.039763412812	4273.84148125325	655.025138629171	1769.50203743035	309.433234844693	228.287238370457	-593.646018024415	688.313797034672	219	39	9	20	225	177	261	34	6	34	16906	2218	1663	205	5800	0	0	0	0
10	2	0	42	42	up	0	512	541.551959340945	3021.31903867287	534.224617288647	1335.14153839728	507.130229916884	2590.58353549702	543.236134686633	1317.43074663133	323.156768294866	251.315246372037	-593.705821330775	688.452613089352	207	45	8	22	230	206	238	18	8	42	17502	2116	1692	194	5529	0	0	0	0
10	2	0	42	42	up	1	512	479.944568470322	2619.56831890584	467.42726603412	1045.29229560222	669.737324227185	4341.94475017652	628.931880062324	1862.18414777862	323.337121571095	249.094945631639	-593.683542717765	688.401173793435	241	41	7	19	204	207	235	34	8	28	17261	2340	1669	234	5476	0	0	0	0
10	2	0	42	42	up	2	512	499.416704425321	2739.14581307678	510.415034490973	1242.20293142585	542.631486166569	3159.36454685144	533.075920753897	1352.33371147409	315.520992161286	243.856009143069	-593.664656115769	688.357174899678	229	42	7	20	214	217	227	25	4	39	17261	2384	1648	211	5742	0	0	0	0
10	2	0	42	42	up	3	512	451.326534481572	2135.34647951117	476.864468410486	1040.05221516301	639.464301896566	4189.35223764734	584.163840296587	1615.17566136145	315.489833001291	252.718936160999	-593.660013744459	688.346405787213	221	35	3	16	237	205	223	34	5	45	17341	2269	1690	204	5702	0	0	0	0
10	2	0	43	43	up	0	512	473.663415520947	2337.02125791726	501.16835911712	1138.17472621963	534.541316222819	3033.0119976952	539.057030634041	1364.13588132272	339.471825729242	276.981214445663	-593.770270699547	688.602102852242	215	40	5	17	235	217	226	23	6	40	17714	2312	1785	205	5483	0	0	0	0
10	2	0	43	43	up	1	512	459.920769734699	2164.73866543384	499.296378201869	1064.76246689384	499.894161939384	2758.82666112795	499.718700967862	1171.4390722244	325.74742672211	255.351437076851	-593.705372674924	688.451430470893	211	45	6	15	235	226	218	21	5	42	17660	2363	1757	236	5370	0	0	0	0
10	2	0	43	43	up	2	512	507.483075633448	2825.56227757976	502.610783651909	1192.63792841767	550.721656110318	3168.27031159831	536.371630895973	1304.61451926045	335.689705247019	275.054738954127	-593.650961789624	688.325732699675	215	49	4	22	222	209	236	25	4	38	17725	2288	1798	205	5563	0	0	0	0
10	2	0	43	43	up	3	512	534.315891363446	3013.39198768974	516.394704918057	1238.99391965797	508.334368540005	2847.6776008362	508.874273464772	1346.54541261513	344.691111826876	279.093047932108	-593.781401156374	688.628137603538	215	45	8	22	222	240	213	21	7	31	17762	2233	1846	175	5567	0	0	0	0
10	2	0	44	44	up	0	512	567.305248245319	3441.43749586832	530.659777069414	1247.9571887827	554.013452177819	3270.0362762755	537.064631767022	1335.80135772232	328.510453478356	265.370665941355	-593.615157001521	688.242536841048	209	45	3	28	227	213	228	26	4	41	18116	2469	1770	173	5522	0	0	0	0
10	2	0	44	44	up	1	512	487.056024650323	2429.3586754393	491.79957210154	1050.99988927265	533.989653442196	3090.82968179099	517.773939687232	1308.88768484385	334.003306152389	269.13464127911	-593.699635639094	688.43858657978	197	45	2	19	249	215	221	24	5	47	18249	2334	1738	207	5520	0	0	0	0
10	2	0	44	44	up	2	512	585.469623455629	3462.84472846822	570.797992018694	1519.39169384526	548.260163273445	3165.35850552535	529.406184233648	1293.72024021031	336.293135106983	267.800530928597	-593.744923172735	688.543381564033	206	39	8	26	233	207	233	25	4	43	18206	2364	1740	218	5528	0	0	0	0
10	2	0	44	44	up	3	512	470.12239585845	2489.68090468915	453.650843148165	932.256370626351	556.45114627907	3215.01809565926	557.99724095247	1372.36554176451	332.160531186861	264.293610523372	-593.546205679186	688.082535157428	223	51	4	19	215	213	220	23	10	46	18045	2443	1810	230	5489	0	0	0	0
10	2	0	45	45	up	0	512	446.252329215011	2129.48636453782	481.436837501335	1042.05652306228	551.273318890941	3365.71094140563	524.439089918282	1281.08214144038	344.755471825332	282.754730254186	-593.69605170058	688.430528028603	220	42	3	16	231	235	214	27	4	32	18558	2433	1816	233	5381	0	0	0	0
10	2	0	45	45	up	1	512	485.196601125011	2350.64745084376	508.453484699379	1157.86609162347	493.411382866258	2634.40720428092	504.393366938775	1223.16631962523	354.078390396569	301.262528203893	-593.628194667064	688.27277308135	208	46	10	15	233	228	219	19	7	39	18508	2371	1947	214	5291	0	0	0	0
10	2	0	45	45	up	2	512	410.350629777517	2049.98803062379	418.146938426452	774.933868106145	623.862232585005	3583.64722429183	585.899850412192	1457.99282965176	358.609737803246	299.825416245246	-593.607247994204	688.224243403359	240	56	2	16	198	168	260	26	10	48	18557	2415	1830	238	5323	0	0	0	0
10	2	0	45	45	up	3	512	545.042572472504	3006.45875378558	553.557108048047	1463.77827994802	574.114265239694	3488.4192586141	537.089320620932	1334.61249513901	336.990042446932	275.387263449652	-593.686864094484	688.408817665441	216	34	10	21	231	207	227	28	4	46	18664	2416	1757	203	5538	0	0	0	0
10	2	0	46	46	up	0	512	543.586401194694	3042.9208114241	535.779405791894	1311.00226320522	460.347820717824	2243.13073808056	471.000531866751	1015.18896250995	331.616811065473	270.088940197448	-593.66814994772	688.365295799059	207	40	6	23	236	213	235	17	3	44	19052	2470	1815	215	5225	0	0	0	0
10	2	0	46	46	up	1	512	515.748263905634	2815.71723760264	509.162059346773	1191.14717595587	482.331856040635	2620.89051983671	477.983660298236	1000.99489255291	351.861080312874	289.579529022547	-593.698511835318	688.43552386021	214	43	6	21	228	226	221	21	2	42	18875	2490	1955	232	5278	0	0	0	0
10	2	0	46	46	up	2	512	523.888840380321	2745.54703266959	514.446016677732	1182.78849124466	574.941759410629	3274.06357551885	558.623272932022	1415.9622851396	354.963523141724	293.591555864915	-593.593572852999	688.192375006906	193	42	4	21	252	198	248	25	6	35	19065	2430	1819	238	5296	0	0	0	0
10	2	0	46	46	up	3	512	595.520029986567	3455.77485675237	588.189461963052	1666.03630949728	525.092979003442	3081.72923529783	504.287422722007	1240.89397850299	348.405903968254	284.583142937745	-593.674361964594	688.379782271833	205	43	15	23	226	239	212	24	5	32	19099	2437	1794	222	5132	0	0	0	0
10	2	0	47	47	up	0	512	534.013452177819	3248.21255085362	502.477970709192	1237.79406512052	505.042572472504	2608.10010666527	509.963443072858	1173.97479272552	368.239474243196	315.432784089166	-593.798021732574	688.666665855327	237	39	4	26	206	220	240	19	6	27	19507	2370	1961	226	4971	0	0	0	0
10	2	0	47	47	up	1	512	429.268293892201	1993.2615044801	461.053371739559	1035.07945419503	574.087657444379	3469.61978345353	548.815657060525	1401.43563414863	360.173682644815	308.567779339378	-593.709350321187	688.460966437975	227	46	5	14	220	218	224	27	6	37	19524	2466	1863	211	5223	0	0	0	0
10	2	0	47	47	up	2	512	455.04819059189	2335.09739751112	484.417262614422	1117.13763838828	564.21507830157	3339.7202016277	558.315057435439	1455.87104899315	370.640950196246	326.827284257414	-593.705140580529	688.450960657617	218	56	3	18	217	201	235	27	3	46	19273	2523	1998	270	5231	0	0	0	0
10	2	0	47	47	up	3	512	451.427347543447	2234.82369710289	475.289526965653	1085.02738526465	498.135551475947	2619.04553649757	511.958832680807	1165.84002228025	360.035139095064	304.963270878225	-593.847142017702	688.780309029631	239	39	8	15	211	211	235	20	4	42	19476	2469	1895	224	5097	0	0	0	0
10	2	0	48	48	up	0	512	520.647450843758	2978.13968679372	519.993639524737	1296.33307927468	588.458980337503	3740.70786410461	542.047733299738	1331.18672628218	374.427473995626	325.385018094768	-593.650201543566	688.323826297565	224	42	5	23	218	228	213	30	5	36	19893	2519	1956	208	4953	0	0	0	0
10	2	0	48	48	up	1	512	515.294605127193	2736.51959183129	532.467523719004	1209.7650232689	539.238877037193	3195.38577644971	495.56524613781	1086.88349852916	380.116976384555	329.113827731272	-593.738873032816	688.529324891925	211	33	4	21	243	231	216	25	5	35	20040	2480	1849	207	5105	0	0	0	0
10	2	0	48	48	up	2	512	464.040059973134	2228.31912362984	477.510762166954	968.568496501906	567.127420857191	3481.32491008501	550.637193548831	1447.00916734942	362.921897133589	308.833310390756	-593.660483650067	688.347468807917	218	37	5	16	236	227	220	28	4	33	19713	2681	1928	254	5037	0	0	0	0
10	2	0	48	48	up	3	512	532.355654776257	2735.75066312904	548.2627353206	1243.14447040086	507.355654776257	2727.65032991185	505.878251685162	1172.81176650363	356.853405855481	300.581546977945	-593.694359265034	688.426318897744	188	40	6	20	258	216	234	21	4	37	19740	2724	1865	247	5040	0	0	0	0
10	2	0	49	49	up	0	512	722.628677106876	4538.13031329569	711.843481397943	2116.54140399523	498.562602459071	2659.07896202397	498.415731806728	1159.64808747207	389.558121074342	346.26972918608	-593.699288249039	688.437413660844	158	48	14	33	259	217	228	20	5	42	20349	2576	1931	232	4944	0	0	0	0
10	2	0	49	49	up	1	512	696.297117626564	4292.47075148077	702.988973255693	2068.28085752059	487.106431181261	2607.91186271094	493.388787164707	1233.34451875714	390.471945106533	345.856339476447	-593.663402282572	688.354231290263	161	44	11	32	264	228	208	18	9	49	20137	2634	2100	217	5100	0	0	0	0
10	2	0	49	49	up	2	512	689.787730758123	4442.8687804966	676.43383802874	1960.26534974513	477.231042978759	2420.06075308874	503.082478684448	1216.38477540428	387.489235131078	346.603628472179	-593.663369605804	688.354461412533	194	32	10	34	242	224	224	17	7	40	20315	2599	1941	233	5102	0	0	0	0
10	2	0	49	49	up	3	512	693.405764746873	4270.66212937411	700.086289482921	2036.44960240465	484.114265239694	2486.62602301255	479.847656840809	1015.28599366891	379.191686682778	329.817978628424	-593.751900402907	688.55956491383	178	32	13	31	258	227	228	18	6	33	20224	2629	1969	266	4872	0	0	0	0
10	2	0	50	50	up	0	512	376.759203584082	1797.19482334124	363.216860653988	666.875639106601	405.777680760641	1965.93331886114	402.410472747174	690.472460167115	380.152842842271	329.006920081727	-593.59383156831	688.193012279763	253	62	4	13	180	234	208	16	0	54	20555	2706	2077	262	4923	0	0	0	0
10	2	0	50	50	up	1	512	396.607983991269	1839.34679102007	398.144381898936	797.364974770405	400.478050634707	2019.5413311714	381.743800203681	652.291624421739	372.206745553969	322.583017317479	-593.800979208033	688.673314550035	240	62	7	12	191	243	183	15	4	67	20818	2601	1956	225	4723	0	0	0	0
10	2	0	50	50	up	2	512	356.255138274704	1696.16128453887	358.710578355578	612.67795351678	451.554768400638	2136.20072307237	434.292206790384	895.923363548946	395.6655320806	359.551046342515	-593.855644219164	688.800219124893	275	49	2	13	173	218	222	14	8	50	20587	2651	2114	248	4622	0	0	0	0
10	2	0	50	50	up	3	512	417.385071631265	2195.67794066409	393.720991605641	779.688433868381	353.013748738141	1515.31935018176	357.687951207813	512.438744857503	388.951036566803	349.292871302837	-593.809924374697	688.694144072621	252	53	3	17	187	258	196	12	0	46	20711	2659	1994	236	4902	0	0	0	0
10	2	0	51	51	up	0	512	517.029416855008	2935.81751418185	512.570494651017	1375.09281771135	678.832815729997	4331.50098643019	653.976699912611	1813.0718318978	399.020657151695	359.365973556609	-593.572319998109	688.14338091928	232	43	9	21	207	188	256	35	5	28	21086	2705	2047	274	4834	0	0	0	0
10	2	0	51	51	up	1	512	541.90480505751	3100.49234922593	526.160181777174	1372.41682196674	738.052919030308	4772.6589954351	701.860551775068	2156.47198050728	392.185938968184	348.844115677169	-593.585512130451	688.173828430082	212	53	10	22	215	185	243	34	17	33	20945	2744	2144	279	4693	0	0	0	0
10	2	0	51	51	up	2	512	416.783002319705	1998.22514324763	431.719927780714	894.544863785904	737.954915028125	4692.77465851944	734.239703687392	2222.4374028997	397.886154287991	362.438394795974	-593.760657609351	688.579819383287	227	58	3	15	209	158	257	34	15	48	21118	2694	2053	247	4715	0	0	0	0
10	2	0	51	51	up	3	512	447.183445507514	2345.81164276971	446.762102073065	951.245791989564	779.38447851062	5268.39449861095	750.916799740932	2395.30185140014	402.038097264105	369.569680335122	-593.675025676784	688.381050345944	228	52	1	19	212	170	253	41	11	37	20918	2768	2154	272	4674	0	0	0	0
10	2	0	52	52	up	0	512	481.326534481572	2384.98173442679	490.850528302361	1061.35909170629	448.034738414071	1974.85712262929	505.307251427611	1041.64470230797	404.165719897289	374.611093838863	-593.60641439474	688.221858868384	213	40	6	17	236	213	249	14	4	32	21665	2744	2005	210	4882	0	0	0	0
10	2	0	52	52	up	1	512	446.403548807825	2070.79947516057	463.096203539072	892.260686404212	519.994975001259	3015.56829058685	517.616571982826	1202.73280606729	408.692012155812	381.485784091712	-593.720756568406	688.487497739641	213	45	4	15	235	216	224	25	1	46	21419	2809	2157	239	4816	0	0	0	0
10	2	0	52	52	up	2	512	492.456467838133	2633.40415529888	482.627444627341	1089.09005939984	648.031929354378	3926.69273247041	636.725455304532	1962.91812079474	400.2599690405	356.687638045859	-593.725867279428	688.498942909627	230	38	7	19	218	194	227	26	18	47	21612	2720	2063	229	4674	0	0	0	0
10	2	0	52	52	up	3	512	478.414191925951	2498.6353398726	498.425434691618	1151.0114959108	597.504065309378	3691.89328562883	559.327415120469	1462.91920402413	404.813799028203	368.799344432553	-593.651133627235	688.326099942993	211	54	4	19	224	214	227	29	6	36	21628	2728	2032	236	4662	0	0	0	0
10	2	0	53	53	up	0	512	448.81463511376	2211.51064311813	467.308576129104	1013.08586251525	601.626164607506	3813.42527162119	553.446302746523	1364.66757029563	412.501169897785	385.859466371406	-593.649482937381	688.321855062236	232	40	5	16	219	208	223	31	4	46	21845	2870	2172	249	4577	0	0	0	0
10	2	0	53	53	up	1	512	479.117074299387	2499.57755080892	476.335135298023	1043.63468034469	495.926091293762	2695.28270575938	493.502593855536	1161.25561227662	411.989660329108	388.479969604418	-593.698894655801	688.436520269058	214	50	4	19	225	216	217	20	6	53	21985	2740	2140	271	4547	0	0	0	0
10	2	0	53	53	up	2	512	589.514708427504	3545.2003266065	552.652772751346	1385.7123038924	487.079823385946	2410.57136788788	506.919366007138	1083.31929936216	402.105814513557	365.395094490288	-593.653716659819	688.332115581378	204	38	5	28	237	207	246	18	4	37	21835	2952	2113	236	4724	0	0	0	0
10	2	0	53	53	up	3	512	493.034738414071	2594.38594636366	507.29373444085	1242.24606461209	555.092979003442	3234.28245088846	530.981353635943	1401.50600956896	395.602680074419	357.333160460736	-593.731313074322	688.511751233341	221	40	6	19	226	231	208	22	13	38	21979	2813	2103	241	4571	0	0	0	0
10	2	0	54	54	up	0	512	450.623652108135	2233.85715094828	461.663124087007	991.548048315173	521.501552810008	2782.58347885904	525.103736964217	1257.91096941481	418.093399450696	393.245457547877	-593.67804007858	688.388121967914	238	41	8	15	210	204	242	21	5	40	22364	2850	2167	267	4555	0	0	0	0
10	2	0	54	54	up	1	512	540.647450843758	3099.41629458904	514.897515075793	1337.71508219382	563.159350211569	3417.78095471644	535.156569166651	1350.10358818173	413.389835076584	383.416942137524	-593.7317098402	688.512661740811	220	46	10	22	214	217	219	27	5	44	22290	2903	2202	253	4539	0	0	0	0
10	2	0	54	54	up	2	512	367.989950002519	1472.57173603476	416.287238159084	736.039980709069	575.99748750063	3354.17909700823	554.709047512223	1474.10664057592	415.292752559167	386.077422443816	-593.632563757609	688.282975809709	228	56	1	11	216	206	234	25	8	39	22376	2865	2153	254	4392	0	0	0	0
10	2	0	54	54	up	3	512	502.735108288137	2624.81768409579	517.148195596976	1246.75806029406	460.90229255814	2342.71746415456	495.202881853541	1151.41908127428	418.944314438865	396.784036813255	-593.693565992358	688.424652650272	206	54	9	18	225	222	209	16	8	57	22234	2933	2204	277	4520	0	0	0	0
10	2	0	55	55	up	0	512	563.183148947192	3319.90550987595	515.985393400373	1223.00356572449	611.095491502812	3687.96919867077	572.896257211188	1535.97435826613	427.950011517629	408.803583230326	-593.670409010608	688.370488619893	215	35	5	26	231	209	239	28	8	28	22734	2934	2209	283	4492	0	0	0	0
10	2	0	55	55	up	1	512	475.021582796575	2593.37996167555	471.498033667794	1051.69642382993	506.225721419696	2627.95130124444	513.979960578251	1158.07837735991	421.340775044507	391.107625658663	-593.75228869617	688.560509466661	229	50	4	20	209	203	244	20	4	41	22864	2864	2171	261	4502	0	0	0	0
10	2	0	55	55	up	2	512	493.185958006884	2476.97566478171	502.484476370495	1078.94876195538	581.350333217194	3457.98766247691	547.702474912201	1449.12555057301	429.594426960564	412.430616659009	-593.640455953458	688.301153346683	210	43	8	17	234	203	228	26	8	47	22847	2943	2091	279	4432	0	0	0	0
10	2	0	55	55	up	3	512	449.66873708001	2074.67782738813	475.310395814877	965.615984772213	477.355654776257	2419.29168279154	486.488208187981	1022.86509364255	423.72748918394	406.494356423885	-593.6736202579	688.378013862976	216	38	4	15	239	220	239	19	2	32	22852	2913	2124	271	4379	0	0	0	0
10	2	0	56	56	up	0	512	451.803991995634	2078.31003332172	470.842729577433	990.641647094902	608.233555478129	3684.18818731635	576.027976912895	1530.19060686087	443.686236369039	433.046423624096	-593.768529125599	688.598243750237	226	37	9	13	227	198	235	28	8	43	23189	2901	2311	271	4350	0	0	0	0
10	2	0	56	56	up	1	512	541.801182935942	3080.87513333158	524.005127433554	1291.80156674552	511.528160605323	2810.83583639304	509.638827522947	1199.32454223509	424.634638514882	406.257550735768	-593.682836903752	688.39923003368	223	32	7	23	227	213	223	21	6	49	23059	3111	2222	280	4376	0	0	0	0
10	2	0	56	56	up	2	512	535.169993329695	3014.37070145349	531.70940713629	1352.61095033091	494.591722753757	2537.58347885904	491.750763143062	1014.08817359119	427.93145434798	408.356816857558	-593.657252146678	688.340226175889	215	44	8	22	223	220	232	18	7	35	23188	3020	2205	259	4301	0	0	0	0
10	2	0	56	56	up	3	512	528.008130618756	2849.85698103434	525.42347510186	1329.55964901288	480.273615451264	2480.26452514314	502.885525928999	1057.55348899161	440.391332159059	428.546793046197	-593.572985733903	688.144733883577	216	36	9	20	231	200	237	20	1	54	23240	2948	2212	272	4399	0	0	0	0
10	2	0	57	57	up	0	512	567.581079635631	3363.98763415792	537.724827979759	1361.49321408846	493.185958006884	2556.06380207077	521.099168596842	1342.29951211206	430.429490199086	411.428065741871	-593.65070423835	688.324658475747	210	42	6	26	228	222	219	17	10	44	23502	3073	2334	275	4260	0	0	0	0
10	2	0	57	57	up	1	512	600.167184270003	3480.324938404	594.432406953771	1680.41864074794	598.310569804383	3595.00592805012	544.681328607718	1486.27245809791	425.796555636405	406.135469325792	-593.7141065347	688.472023370651	204	36	13	24	235	198	224	26	11	53	23549	3163	2213	259	4228	0	0	0	0
10	2	0	57	57	up	2	512	526.878197262195	3064.13965847473	521.974114447367	1370.52765270752	496.400739748132	2577.92388872513	508.995660616625	1078.53731218291	445.299470088329	435.567392622711	-593.556669966227	688.10699849683	231	41	7	23	210	214	241	20	3	34	23408	3097	2399	280	4134	0	0	0	0
10	2	0	57	57	up	3	512	490.371619453446	2394.8905481557	511.108529959168	1096.0794176832	512.809313554697	3028.01815229725	504.440917233468	1175.57663384498	435.512936909541	420.890221650184	-593.66549781426	688.358977862427	203	40	6	17	246	231	205	24	4	48	23575	3066	2280	263	4327	0	0	0	0
10	2	0	58	58	up	0	512	469.695344875325	2508.37087136743	477.974746779891	1061.66023676768	586.474945014692	3581.30672946877	557.053122387716	1443.79078601933	441.965612933438	428.435585267332	-593.661425577768	688.349994836902	221	51	2	20	218	211	226	28	6	41	23960	3181	2284	271	4017	0	0	0	0
10	2	0	58	58	up	1	512	541.302735745949	3061.21582638758	557.880677081697	1525.03841613239	510.849076967509	2770.74157282092	523.237814801766	1203.08297273701	453.967622916862	454.853773854446	-593.581871045307	688.165395445068	211	60	14	20	207	212	230	21	5	44	23912	3135	2351	298	4193	0	0	0	0
10	2	0	58	58	up	2	512	549.618330549072	3324.63516995865	524.345526143244	1360.41589225781	577.278640450004	3433.54988341869	545.034937930373	1376.7862011232	443.530344987905	430.389134192903	-593.691786549561	688.420039934532	221	54	8	25	204	208	235	27	5	37	23810	3200	2406	280	4097	0	0	0	0
10	2	0	58	58	up	3	512	517.154028652506	2621.06673777685	515.932430501271	1152.78698036872	576.474945014692	3608.75351387814	536.595216972412	1282.0213538939	449.504554336034	443.479519229639	-593.708766325151	688.459553541439	200	34	6	19	253	219	222	30	2	39	24211	3042	2184	259	3973	0	0	0	0
10	2	0	59	59	up	0	512	688.029120294686	4126.91747925216	695.614814397782	1971.16346390617	490.422025984384	2885.05459848669	456.862834389422	1030.8331332282	451.579603858007	450.464488529733	-593.502094206252	687.980690484514	167	32	12	30	271	242	203	24	1	42	24318	3201	2397	292	4137	0	0	0	0
10	2	0	59	59	up	1	512	678.657797401562	4194.44635962451	672.376753286396	1915.29692809463	539.766741082193	3176.72014498972	519.440098268631	1328.27840792228	469.039786832364	479.154769119635	-593.744601088381	688.542865565301	177	34	9	32	260	231	213	24	7	37	24378	3110	2463	257	3922	0	0	0	0
10	2	0	59	59	up	2	512	796.896377878432	5347.59508008836	769.781449775266	2548.802061909	497.536291224079	2834.25546315402	479.44305599853	1131.05750377713	469.547939150044	482.46946153104	-593.58550808323	688.173748202456	167	36	15	40	254	217	199	21	7	68	24510	3088	2297	313	4141	0	0	0	0
10	2	0	59	59	up	3	512	669.061049649064	4242.35522999139	656.473250115024	1870.12309645702	447.960533147511	2172.17328223407	488.541981246074	1183.330287608	465.78542190363	475.05502144885	-593.708198656673	688.458457938968	185	41	8	33	245	236	211	14	9	42	24506	3023	2421	258	4161	0	0	0	0
10	2	0	60	60	up	0	512	440.851886027202	2262.15817891886	437.724194411131	968.328950478387	366.934221912518	1550.6324891235	368.617713308173	572.4605711765	465.852093086923	469.694707654856	-593.692046834945	688.421034464972	243	54	9	15	191	244	200	11	3	54	24687	3210	2527	296	3964	0	0	0	0
10	2	0	60	60	up	1	512	432.987140942826	2272.87242417744	397.022502137044	784.917664200729	397.159646771892	1819.88775404458	378.374606886194	608.473746548553	462.974680695459	468.247533196812	-593.664219928075	688.356220478233	253	50	7	16	186	238	203	13	4	54	24734	3264	2414	308	4059	0	0	0	0
10	2	0	60	60	up	2	512	392.28425856939	2011.38309561456	385.862483423112	753.361664712672	363.817444173453	1409.75097463794	393.835611590401	723.030030210444	463.955789198624	477.293579045698	-593.801113211348	688.674044002388	270	48	4	15	175	239	216	10	2	45	24891	3129	2432	268	3884	0	0	0	0
10	2	0	60	60	up	3	512	351.984628443456	1494.7327940217	369.842163873151	618.435907504111	375.478050634707	1893.99421354483	360.747372488506	652.990953512942	468.436537481602	477.704550256155	-593.722624435257	688.491532395694	255	53	2	11	191	263	167	14	4	64	24958	3067	2420	275	3910	0	0	0	0
10	2	0	61	61	up	0	512	459.191279565947	2242.07901866195	463.237172929736	909.501485237452	619.413895365628	3539.55293240072	634.597572213754	1673.4776782991	467.847082222359	480.535294080065	-593.639875466974	688.299771773717	219	39	3	17	234	174	263	26	9	40	25112	3312	2506	302	3856	0	0	0	0
10	2	0	61	61	up	1	512	571.299926686256	3309.25210266308	532.620763087112	1391.927309329	735.591426193435	4787.74109139808	711.257421865864	2140.249521178	461.756221181475	468.454114824278	-593.645074995175	688.312274277202	200	44	7	25	236	171	258	37	10	36	25222	3255	2433	322	3821	0	0	0	0
10	2	0	61	61	up	2	512	439.644938344388	2161.64140951767	466.369447844913	958.158284087863	676.647154283435	4095.33388711716	675.72691702122	1953.13427680581	469.56574890754	483.394960745125	-593.54299475588	688.07527627878	230	46	4	16	216	183	255	29	14	31	25073	3267	2597	295	3869	0	0	0	0
10	2	0	61	61	up	3	512	554.114265239694	3211.3372192891	521.463595941166	1206.51777187895	662.050406530938	4156.96614968873	653.31775801525	1929.0629874611	467.587624371152	478.782074268503	-593.657859066265	688.341486368972	207	43	5	25	232	195	238	31	11	37	25155	3272	2493	312	3810	0	0	0	0
10	2	0	62	62	up	0	512	516.753585464696	2778.3738070735	507.859394950359	1271.29244663357	509.339690099068	2573.06975843989	530.11631886907	1188.75862689592	485.064194038777	507.57708399114	-593.718435117236	688.481735849356	215	46	10	19	222	205	252	19	5	31	25643	3225	2564	312	3721	0	0	0	0
10	2	0	62	62	up	1	512	500.623652108135	2740.20970010453	481.294235092046	1105.3585550645	503.435181601881	2547.44362215137	546.629013689086	1383.19866720063	483.914614727783	507.919855809782	-593.713227077319	688.46974844102	222	48	7	20	215	214	242	18	7	31	25652	3232	2567	293	3693	0	0	0	0
10	2	0	62	62	up	2	512	492.032225914701	2554.24021824385	508.859243595435	1247.70329795086	549.063858708757	3127.96640455965	549.011645784648	1482.59601705634	466.288350474494	474.932061081165	-593.716428532267	688.477409560785	211	57	10	17	217	212	227	23	8	42	25637	3349	2475	283	3711	0	0	0	0
10	2	0	62	62	up	3	512	443.337177599698	2106.1003048982	468.888781207573	942.103066069188	607.931116292503	3684.11518166149	564.788443514465	1470.15972256723	488.595809339119	511.697238120796	-593.803324021244	688.678493577	219	37	0	17	239	204	235	28	8	37	25807	3206	2455	276	3844	0	0	0	0
10	2	0	63	63	up	0	512	558.838433849383	3216.34029659013	533.172742457522	1292.84554770414	475.650259903451	2495.65052814478	476.011078036117	991.092092317342	481.627856280719	499.140569133755	-593.589572132016	688.182786013011	198	47	5	25	237	215	221	19	4	53	26135	3366	2463	292	3781	0	0	0	0
10	2	0	63	63	up	1	512	558.888840380321	3315.80534657271	523.982931761163	1374.6550003648	522.130229916884	2684.85404532827	527.541476387307	1226.24287241442	484.201914288733	508.796434854134	-593.79608096586	688.662135907489	217	50	10	24	211	190	254	20	5	43	26058	3362	2562	274	3752	0	0	0	0
10	2	0	63	63	up	2	512	474.692535815633	2298.88442187264	500.100037227943	1071.69972065578	468.313378864075	2311.52896532932	494.754652690969	1080.21607785624	483.826232196696	502.291448956816	-593.64836786981	688.319545132105	214	33	4	17	244	213	225	16	7	51	26017	3414	2529	296	3612	0	0	0	0
10	2	0	63	63	up	3	512	520.321212922509	2841.04855716061	523.519426642585	1298.34796271395	545.092979003442	3103.55296071971	532.552776654103	1257.6660616789	496.841729834657	533.557368886233	-593.667610753412	688.363898311125	216	45	9	20	222	215	234	24	5	34	26074	3234	2652	296	3651	0	0	0	0
10	2	0	64	64	up	0	512	567.506874369071	3285.68073477521	559.829647885432	1453.23028391251	504.315891363446	2763.75673277412	493.724474431729	1124.69411296898	506.296606251567	548.308627703546	-593.644024389432	688.309548174334	201	50	9	24	228	223	223	21	5	40	26378	3408	2669	313	3558	0	0	0	0
10	2	0	64	64	up	1	512	488.663415520947	2433.66261079695	522.049924354004	1312.46598148839	481.178123948451	2521.98489668479	519.279285504974	1343.85855814425	490.875747049923	524.049844959911	-593.64756957788	688.317725685925	219	44	12	15	222	215	216	18	7	56	26442	3469	2569	288	3569	0	0	0	0
10	2	0	64	64	up	2	512	457.207244243137	2220.48941351986	493.518076099655	1142.86007648254	487.960533147511	2432.72039986063	520.906575330083	1249.81676194453	489.602964816285	519.389671992254	-593.690283143312	688.416873432757	218	45	5	16	228	216	221	15	12	48	26439	3487	2540	302	3567	0	0	0	0
10	2	0	64	64	up	3	512	544.440503160944	3240.43444688628	509.209640205054	1308.429209937	484.793348877508	2565.07893370498	478.480475142686	1023.85450636431	511.257918669189	565.351507577109	-593.716561537743	688.477599812766	227	40	6	25	214	224	228	20	3	37	26537	3300	2597	334	3613	0	0	0	0
10	2	0	65	65	up	0	512	482.809313554697	2308.59575974414	528.174447067186	1285.24745473484	393.467407516581	1559.07630950781	442.425929575888	761.979679128145	513.641051178552	564.691539175104	-593.69781982842	688.434089625845	207	43	9	15	238	201	240	12	0	59	26988	3475	2483	334	3563	0	0	0	0
10	2	0	65	65	up	1	512	453.965854706574	2373.99393035492	457.761002990999	1023.39347846343	572.679083637814	3292.33704937516	539.374783198508	1297.94578336709	517.337741492411	570.182635432581	-593.779516836616	688.623594662807	237	44	4	18	209	217	235	24	9	27	27000	3344	2644	292	3356	0	0	0	0
10	2	0	65	65	up	2	512	535.973688765007	3053.6958947284	524.516876892687	1252.34381292256	495.169993329695	2674.73544653786	500.479309279292	1151.88165498295	484.325072084076	507.889417221784	-593.685941092663	688.406629200841	212	41	4	24	231	223	228	21	3	37	26937	3559	2503	281	3323	0	0	0	0
10	2	0	65	65	up	3	512	443.639616785325	2009.09127122807	500.093870196417	1103.11277239599	494.164671770632	2556.27344553732	496.098109093031	1059.65333608864	510.452789272731	559.556956020468	-593.725938736636	688.499470803978	213	44	5	14	236	218	235	19	5	35	27024	3433	2527	296	3446	0	0	0	0
10	2	0	66	66	up	0	512	567.278640450004	3129.02105968433	558.143337775233	1377.79662043373	518.912639115943	3054.46482343065	490.949214626903	1109.91035903852	510.863769662103	557.134183801889	-593.70810531497	688.457879210422	200	36	10	22	244	235	216	25	2	34	27381	3497	2626	288	3393	0	0	0	0
10	2	0	66	66	up	1	512	502.681892697506	2526.12449852153	508.368761685043	1065.28311010885	453.135551475947	2254.77502666632	471.716751047842	999.590221487897	510.335322476873	555.545691214977	-593.627954765193	688.271875024348	204	33	4	19	252	227	231	18	1	35	27394	3502	2588	308	3311	0	0	0	0
10	2	0	66	66	up	2	512	509.66873708001	2750.11851383343	509.221745117927	1184.3130283318	447.735108288137	2111.82378205986	487.271852274703	1034.81627615506	507.473740528837	555.441389739164	-593.674033290922	688.378961272339	212	48	7	20	225	218	229	15	5	45	27335	3556	2591	310	3401	0	0	0	0
10	2	0	66	66	up	3	512	620.970879705314	3993.26709270233	554.776968880822	1525.39946996027	523.586401194694	2942.00894871316	508.539687461193	1236.65451252875	507.958718633748	552.031847743503	-593.741378951753	688.535096432983	221	37	8	31	215	219	229	23	4	37	27374	3483	2580	355	3272	0	0	0	0
10	2	0	67	67	up	0	512	575.371619453446	3433.14276409474	556.547200392434	1545.78696794611	486.403548807825	2624.96355381055	485.488765646928	1017.25005349947	505.615023559059	549.68827473708	-593.648495730693	688.319904625381	215	56	15	23	203	213	225	21	2	51	27616	3672	2669	347	3174	0	0	0	0
10	2	0	67	67	up	1	512	496.578567136261	2617.1246117975	534.179828900318	1302.54335330665	501.602365871883	2643.33730424608	515.667917026282	1266.36797528431	513.323240219478	562.987717665284	-593.695661668575	688.428941066795	208	47	4	20	233	218	228	19	7	40	27579	3689	2745	291	3290	0	0	0	0
10	2	0	67	67	up	2	512	501.199113624381	2760.6867477823	506.440374731829	1203.09630074053	494.591722753757	2537.58347885904	512.223766982212	1234.21269338815	522.665423571771	582.487547978595	-593.664731512352	688.357570060507	234	32	5	21	220	220	232	18	7	35	27823	3559	2659	263	3229	0	0	0	0
10	2	0	67	67	up	3	512	561.074501826883	3416.53175944043	519.922841418894	1363.11228895029	524.241686096885	2824.72034322265	522.118553207512	1194.65419458149	521.585681532755	582.390086645064	-593.598095756059	688.20272802924	226	49	10	25	202	198	237	21	6	50	27776	3529	2645	354	3265	0	0	0	0
10	2	0	68	68	up	0	512	575.67124957938	3255.44661449542	566.466278741264	1451.41251035709	467.130229916884	2271.31302566577	503.09588302293	1137.63533195079	512.083141117775	563.138159031033	-593.620576788599	688.255225665743	194	41	8	24	245	222	232	16	6	36	27915	3723	2823	355	3285	0	0	0	0
10	2	0	68	68	up	1	512	535.244198596256	2896.14267913777	537.296182736062	1338.58105364377	453.437990661573	2157.76599299618	471.815803597392	992.986491149853	520.929004166933	573.139395918684	-593.632341652129	688.282205644421	204	35	5	22	246	221	228	15	6	42	28065	3687	2754	310	3197	0	0	0	0
10	2	0	68	68	up	2	512	508.939246911259	2692.01818061624	529.61786611398	1393.4936262993	566.225721419696	3420.83877209911	547.611791018373	1417.46471177021	531.442456871794	599.139238330169	-593.637248038712	688.293710280499	224	44	13	17	214	207	222	27	5	51	28181	3455	2836	344	3242	0	0	0	0
10	2	0	68	68	up	3	512	571.928603793132	3270.246061337	580.463365562965	1511.13705275517	497.883518821258	2600.99079641592	519.776346942463	1397.89183971087	527.953556655634	595.08865138473	-593.564650529917	688.125226338585	190	47	6	25	244	228	217	17	11	39	28070	3625	2762	359	3141	0	0	0	0
10	2	0	69	69	up	0	512	638.485588132818	3581.54392704958	710.847947386119	2007.49241157524	555.220399860633	3311.829653472	535.619167975746	1510.25590109326	533.338322655059	610.228511603673	-593.527722080455	688.0397433527	161	53	17	23	258	222	207	24	10	49	28376	3664	2959	329	3133	0	0	0	0
10	2	0	69	69	up	1	512	611.474945014692	3591.77790573441	644.623453100302	1862.37306496123	544.493718751574	3201.3161029668	525.886581080006	1422.0426922451	546.437653471939	637.996774278525	-593.483526053706	687.937506385957	203	47	18	23	221	213	206	23	10	60	28513	3692	2781	342	3250	0	0	0	0
10	2	0	69	69	up	2	512	680.039763412812	4138.40079480795	672.340103947211	2035.24777838413	594.68972675594	3591.81426696688	553.122448278567	1499.56202863028	532.667648124868	610.702333720257	-593.607192119483	688.223972951227	181	36	15	29	251	219	221	26	11	35	28427	3739	2790	372	3080	0	0	0	0
10	2	0	69	69	up	3	512	716.294308566871	4452.87787080472	704.416640691754	2134.78902545596	480.973688765007	2443.61995336748	491.448915822187	1095.59772393287	531.083588924949	597.265566879798	-593.791496235936	688.651491069048	170	29	12	33	268	224	232	18	5	33	28767	3580	2667	314	3068	0	0	0	0
10	2	0	70	70	up	0	512	356.456764398455	1499.67503327701	370.152136194159	626.58822787158	359.849373527831	1484.01854876312	380.570692364916	668.306621402548	537.20793754776	610.369956977446	-593.666528166025	688.361525061005	251	52	2	11	196	245	196	10	4	57	29080	3614	2826	320	2988	0	0	0	0
10	2	0	70	70	up	1	512	408.515004987826	1794.31322389871	439.747898684478	1038.45140383904	388.417000985644	1947.86347546428	374.237490005384	686.167474385897	551.874238586439	657.776892252247	-593.715166135708	688.474612323734	237	47	8	11	209	258	174	14	5	61	29114	3573	2832	321	2966	0	0	0	0
10	2	0	70	70	up	2	512	372.788323878768	1851.86951679036	378.236901339385	743.248529601425	516.101109622198	3091.42546985413	454.23452396024	1141.58882247262	564.429140413094	675.078315849628	-593.620530902782	688.255047940323	268	55	3	14	172	239	190	23	8	52	28784	3698	3052	306	2974	0	0	0	0
10	2	0	70	70	up	3	512	413.544421842834	2074.24050143376	391.588674747704	811.245508560595	394.671546139703	1739.45308060637	407.692189478086	842.909142569432	544.975542729096	630.399155845229	-593.575637342603	688.150922286752	237	77	10	13	175	243	201	11	7	50	28962	3756	2794	328	3020	0	0	0	0
10	2	0	71	71	up	0	512	481.578567136261	2619.93614129124	486.629167904544	1120.08419622536	547.880709761565	3067.38571981173	565.539380986889	1389.197232788	554.475811759983	650.561197349595	-593.653547396799	688.331381494926	224	45	2	21	220	213	245	24	4	26	29353	3756	2883	360	2858	0	0	0	0
10	2	0	71	71	up	1	512	504.567924018135	2725.45892369952	505.236190719558	1279.81375548498	632.981522823441	3771.31581977689	658.879658394927	1869.91276223243	546.208140115906	635.405922855463	-593.577052815001	688.154566955734	222	46	9	19	216	187	244	27	12	42	29086	3965	2940	361	2826	0	0	0	0
10	2	0	71	71	up	2	512	494.917960675006	2498.5044318781	527.016304452386	1291.6707290032	645.16437521031	4118.61952858261	631.601465216954	1845.59819629462	549.596898803941	644.571515401574	-593.625612228374	688.267100478257	216	32	6	18	240	217	231	32	8	24	29377	3790	2879	306	2935	0	0	0	0
10	2	0	71	71	up	3	512	513.586401194694	2734.56216430379	515.866388680774	1226.24266290571	631.021286236252	3572.76263250525	644.446969415175	1703.71445878333	544.253252156681	628.122269317356	-593.539978546249	688.068349460769	211	35	4	21	241	172	265	25	12	38	29245	3843	2903	361	2815	0	0	0	0
10	2	0	72	72	up	0	512	411.803991995634	1759.03952349047	478.313563721271	1073.98904890866	500.448633779699	2779.3252499129	500.287692889365	1234.30410771255	542.237130486942	621.014745998308	-593.575038522063	688.149540859631	242	31	7	11	221	223	207	20	8	54	29806	3903	2818	337	2851	0	0	0	0
10	2	0	72	72	up	1	512	441.127717417513	2006.16729754597	485.448805695802	1046.01446613519	512.228233919066	2812.54991173768	505.15736930823	1132.25711616207	542.384778067586	623.310471564323	-593.629803261374	688.276285023356	212	48	5	14	233	233	225	21	6	27	29681	3929	2861	393	2868	0	0	0	0
10	2	0	72	72	up	2	512	475.422025984384	2183.18542152422	506.034298160708	1098.17454881824	551.901995997817	3347.06964516392	539.829166316549	1462.94339991731	561.685711566102	666.226021682096	-593.737609670869	688.526506041047	210	40	11	13	238	233	211	26	6	36	29891	3738	2893	342	2681	0	0	0	0
10	2	0	72	72	up	3	512	562.856911025942	3358.9845568569	541.579615684921	1372.39679678947	566.976201264377	3481.28840725758	557.877749079394	1524.47485131616	545.219098376799	628.321721727882	-593.710477736145	688.463612077757	219	38	6	26	223	230	220	28	4	30	29900	3755	2899	310	2785	0	0	0	0
10	2	0	73	73	up	0	512	546.474945014692	3282.4009647219	534.754107147783	1477.55075204872	508.233555478129	2906.3766578226	494.199806601553	1215.67745055257	558.624364268339	656.383931215375	-593.738667650124	688.529238794768	235	36	7	25	209	246	209	22	6	29	30198	3895	2960	323	2585	0	0	0	0
10	2	0	73	73	up	1	512	445.297414186886	2128.48331555579	478.770770557195	950.033705844406	516.676571138443	2856.64420362879	528.198767609704	1335.65300864403	568.89300811736	679.70254312352	-593.61588131369	688.244193526356	222	41	3	16	230	227	222	21	7	35	30070	3890	3054	362	2644	0	0	0	0
10	2	0	73	73	up	2	512	530.169993329695	3007.7293485738	523.725205414439	1244.42210539974	450.825278231887	2330.98786070985	465.521361586653	1050.72653847691	565.377852527791	668.44391897561	-593.546784344883	688.084339643241	211	42	3	24	232	234	213	18	3	44	30273	3836	2892	375	2794	0	0	0	0
10	2	0	73	73	up	3	512	586.374131952817	3484.20035492549	564.653175410401	1495.28970749358	500.045381532197	2700.13977175069	498.205208116253	1195.56613422478	546.472141992726	634.770750969121	-593.658805453883	688.343768133916	213	40	11	25	223	219	222	20	6	45	30157	4020	2843	356	2680	0	0	0	0
10	2	0	74	74	up	0	512	654.262675772815	4051.05135127172	622.975232084339	1896.83159330435	463.390393190328	2305.7053531834	477.370160622607	1006.20209747595	573.496672579514	686.942711623071	-593.543287433169	688.075941874579	197	45	16	28	226	209	219	16	7	61	30545	3973	3022	348	2636	0	0	0	0
10	2	0	74	74	up	1	512	598.209756742507	3574.61684774746	557.832267496072	1422.94687890295	494.066667768449	2614.2006381154	509.250933669272	1178.84747631175	572.903719360816	693.019469812563	-593.525246181684	688.033833531671	192	50	8	27	235	207	230	20	4	51	30629	3934	2997	328	2715	0	0	0	0
10	2	0	74	74	up	2	512	437.658093961884	1923.92400200109	471.894784635537	919.717932143938	621.148707093443	3797.57424695597	595.187489602675	1714.37171523117	567.448476168957	678.44422973758	-593.726043775618	688.499558058343	218	32	3	14	245	199	223	27	13	50	30846	3795	2878	369	2590	0	0	0	0
10	2	0	74	74	up	3	512	452.761716083452	2195.9880023048	501.952993662466	1235.0882943763	519.493718751574	2937.95745584649	517.054272549053	1346.46681344549	573.923758245242	690.204222680278	-593.712903595715	688.469281994484	215	56	7	15	219	217	209	21	9	56	30558	3939	3037	354	2540	0	0	0	0
10	2	0	75	75	up	0	512	473.085144945009	2434.76285905717	479.487827367489	1100.40408614142	534.467110956259	3151.24002001091	539.315581418296	1470.2782364564	580.45537557201	711.213965256154	-593.867451085364	688.827628212562	228	38	5	18	223	228	203	23	9	49	31119	3932	3000	349	2530	0	0	0	0
10	2	0	75	75	up	1	512	534.416704425321	2719.7993618846	550.723001250881	1394.8490738274	490.14338553438	2669.65936358198	495.090027433731	1137.84389965344	572.621554549511	693.161639889545	-593.659179836341	688.344324081296	193	47	13	17	242	238	223	21	3	27	31027	3995	3014	364	2523	0	0	0	0
10	2	0	75	75	up	2	512	601.074501826883	3597.99073977794	573.761996705479	1587.56902674927	534.467110956259	3286.68070645622	495.79682877061	1105.9006301507	571.130382105548	690.401579142416	-593.723999399654	688.494794171012	194	54	11	26	227	224	213	28	0	47	30983	4113	2945	359	2675	0	0	0	0
10	2	0	75	75	up	3	512	551.299926686256	3287.42837724121	533.758181563301	1320.64346763706	475.724465170011	2535.59878040719	483.705310051868	1106.09311283373	561.850089621321	661.910694680215	-593.590331000041	688.185103469296	224	42	7	25	214	228	214	19	5	46	30983	4102	2929	386	2460	0	0	0	0
10	2	0	76	76	up	0	512	573.384775070943	3016.88433691567	566.867801021358	1335.33678570132	516.148707093443	2757.86305067941	501.931937068279	1175.05116435064	583.278696206877	714.503421764533	-593.692118581612	688.420801042398	171	39	7	22	273	219	233	20	7	33	31294	4066	3166	386	2294	0	0	0	0
10	2	0	76	76	up	1	512	568.862232585005	3502.08181277307	533.76532922262	1267.53527408406	457.43266910251	2240.10942352531	499.839983957852	1113.82465519001	579.537907545354	705.278685936872	-593.775306802357	688.613907070802	216	40	2	29	225	220	232	17	3	40	31428	4057	3028	399	2383	0	0	0	0
10	2	0	76	76	up	2	512	506.52535154563	2845.69583809042	507.87850932204	1263.13065425634	671.798373876249	4129.45852723365	644.203712098166	1996.1974839607	571.024848231945	681.43250664505	-593.673965734314	688.378698029245	242	31	7	21	211	192	242	29	15	34	31411	4057	3049	395	2366	0	0	0	0
10	2	0	76	76	up	3	512	501.225721419696	2682.40418361787	503.155451934606	1243.75181355663	453.891649440013	2078.7873641894	487.720488445482	1032.39942480361	595.704749238705	743.22785355864	-593.721689896065	688.489692741552	223	42	8	19	220	200	243	15	4	50	31536	3950	3068	358	2369	0	0	0	0
10	2	0	77	77	up	0	512	513.414191925951	2734.54720258354	548.076987649365	1434.12510596538	528.562602459072	2967.43760914428	527.338339021554	1343.24879015837	602.442773399689	757.610982566476	-593.697702323399	688.433982969127	199	60	9	19	225	213	223	22	7	47	31855	4103	3100	366	2357	0	0	0	0
10	2	0	77	77	up	1	512	593.535994663756	3745.79611466963	541.820399738401	1362.3442373973	478.538803723449	2676.40728923789	482.589630075154	1129.74216261766	613.771983503841	788.216079660369	-593.72757297567	688.503046653453	212	47	5	30	218	239	198	20	6	49	31993	3957	3134	340	2319	0	0	0	0
10	2	0	77	77	up	2	512	502.130229916884	2918.2886338095	490.837835983253	1175.94912368908	510.973688765007	2731.61385540341	502.632504939337	1118.18253168519	622.96082294945	804.175135898025	-593.692827090974	688.422576335293	238	42	4	23	205	212	238	21	4	37	31940	3989	3137	358	2397	0	0	0	0
10	2	0	77	77	up	3	512	587.103622121568	3366.13051152863	577.270153911269	1533.79250414265	415.674058639073	1683.97574973869	463.630568607136	937.421803355745	593.619808472942	742.728710545829	-593.548004157805	688.086645642545	189	44	8	25	246	221	240	11	5	35	31885	4123	3018	398	2265	0	0	0	0
10	2	0	78	78	up	0	512	522.254841714382	2842.26124960918	542.146017836321	1278.33170667077	458.613008990009	2084.56230589875	476.974060846884	910.783838578652	612.394786480266	783.763547726896	-593.672666039041	688.376101767625	210	37	4	22	239	208	249	15	4	36	32296	4124	3154	362	2388	0	0	0	0
10	2	0	78	78	up	1	512	547.631486166569	2969.4709780327	561.870988126517	1403.35848063418	508.464598456889	2983.1763312161	478.087499563432	1122.35292994013	607.436768949246	777.018213447168	-593.677171037812	688.386145550647	201	40	9	21	241	218	207	24	3	60	32378	4102	3096	360	2277	0	0	0	0
10	2	0	78	78	up	2	512	600.620843048443	3518.79309400659	583.037459358258	1501.93151679194	560.52283904626	3453.98469845185	522.558433183125	1334.18758616782	593.820609235718	741.812565331839	-593.728632164353	688.505734386871	191	44	9	26	242	216	208	27	6	55	32315	4113	3124	384	2250	0	0	0	0
10	2	0	78	78	up	3	512	564.440503160944	3438.42834892221	534.995754446157	1273.27211204366	540.697857374696	3040.70506999349	543.236361942687	1485.99403621407	587.603075202943	726.452758019593	-593.60936806908	688.22881264455	215	42	3	28	224	215	218	21	11	47	32200	4252	3104	380	2251	0	0	0	0
10	2	0	79	79	up	0	512	687.578270575938	4360.9296751803	669.909495677734	1831.24159305799	422.835921350013	1965.93625456721	449.134797421516	940.119898355609	614.866442229174	791.823974670721	-593.644909768556	688.311568340876	175	41	8	34	254	228	224	15	2	43	32633	4244	3180	391	2233	0	0	0	0
10	2	0	79	79	up	1	512	672.602069311561	3875.16675948514	692.406801188728	1940.9911785488	449.191279565947	2271.89664611976	466.474081990991	1145.88518016813	603.851979160551	759.11846303188	-593.586174343778	688.175279402249	169	31	16	26	270	247	201	15	9	40	32465	4412	3154	417	2150	0	0	0	0
10	2	0	79	79	up	2	512	807.901699437495	5476.96894379985	776.551174210325	2487.11590354469	361.934221912518	1643.44401861724	393.903088191656	731.585418157093	613.551158637316	784.751027088909	-593.758907478672	688.575700270294	160	39	13	42	258	260	183	12	3	54	32846	4123	3113	366	2121	0	0	0	0
10	2	0	79	79	up	3	512	737.047597471245	4554.74411206112	735.101121604558	2214.67873403397	491.803991995634	2553.38597468265	509.778602299468	1172.0982537162	617.370725329605	796.357606883143	-593.854103365141	688.796490356193	160	29	14	33	276	214	232	19	5	42	32840	4183	3093	332	2175	0	0	0	0
10	2	0	80	80	up	0	512	454.796157937201	2393.75995167009	447.371461981272	930.832454928856	369.271102951893	1847.93032651709	345.141860055008	555.488128832284	603.187732388887	757.089642209249	-593.640678069749	688.301525298215	227	51	2	19	213	270	168	14	3	57	33257	4310	2992	401	1978	0	0	0	0
10	2	0	80	80	up	1	512	499.066667768449	2776.64742252477	484.398518301619	1091.60023540792	354.451739399715	1692.63579297645	350.044604036786	631.099859231624	611.134432311759	778.649855393909	-593.656007710609	688.337154919082	215	52	3	22	220	243	169	13	2	85	33378	4097	3108	377	2123	0	0	0	0
10	2	0	80	80	up	2	512	517.987140942826	3073.86022824931	499.500187113859	1269.33556603499	366.432965662833	1687.5504781175	358.717797695906	617.253718587181	632.01591639763	836.839158588502	-593.718710695683	688.482797727866	229	63	10	22	188	253	180	12	4	63	33046	4309	3185	420	2111	0	0	0	0
10	2	0	80	80	up	3	512	477.859720085635	2518.8662412564	455.312697544057	1062.47954651478	348.443608780959	1333.41073468579	353.828714952816	531.95201144346	612.894104273426	779.250969998842	-593.768487412372	688.598217682532	230	44	7	18	213	235	202	9	3	63	33216	4250	3108	386	2005	0	0	0	0
10	2	0	81	81	up	0	512	479.490909691881	2461.28253584544	499.098702618858	1126.59519038545	689.962749086559	4442.11187780854	630.381894117751	1710.5034965718	641.958020997322	854.212284449353	-593.626507795076	688.268568570992	226	30	3	19	234	189	257	36	5	25	33653	4138	3332	349	2040	0	0	0	0
10	2	0	81	81	up	1	512	609.413895365628	3725.17599138821	568.827874435093	1507.59589058123	697.275831390312	4471.22141460981	671.367873564406	1994.10781140034	637.177703033815	847.736386023783	-593.649469620473	688.321837690875	206	40	9	28	229	189	239	33	13	38	33375	4329	3391	377	2011	0	0	0	0
10	2	0	81	81	up	2	512	529.992165941567	2871.44658617643	539.755814511938	1326.63583028683	590.695048315003	3468.741346269	579.248536001653	1544.00514522931	630.507305867683	823.957265608805	-593.664688077854	688.357321932508	217	30	7	21	237	204	239	26	8	35	33495	4242	3329	406	1864	0	0	0	0
10	2	0	81	81	up	3	512	667.077014326253	4376.57105637898	607.046404230035	1690.21964875528	624.241686096885	3799.06679441483	622.232869806092	1584.51520160545	616.72724067816	793.889400917203	-593.712600717972	688.468735071367	188	46	4	36	238	170	240	29	8	65	33552	4345	3161	414	1909	0	0	0	0
10	2	0	82	82	up	0	512	592.077014326253	3527.77172281337	575.168189389214	1394.78595377889	441.103918681891	2241.8542718802	457.179884950557	1045.67223287523	630.361069440729	828.475668478369	-593.662446711862	688.352010439227	196	34	2	29	251	230	202	16	6	58	33848	4484	3233	419	1775	0	0	0	0
10	2	0	82	82	up	1	512	555.318403862816	3134.08483343611	571.385250604658	1410.25271439264	421.833408850642	2160.68409526614	415.039809305644	815.109138293601	636.617432947053	845.322959692803	-593.600484545993	688.208697734343	205	30	3	25	249	234	199	17	2	60	34032	4298	3262	392	1907	0	0	0	0
10	2	0	82	82	up	2	512	602.45365877844	3501.98754920095	584.009250309583	1591.06664391889	477.960533147511	2636.33736088406	461.744093961438	1078.12207085834	640.306930853137	852.008733153335	-593.621011730211	688.256100145293	199	36	11	25	241	236	205	20	5	46	33860	4326	3408	390	1793	0	0	0	0
10	2	0	82	82	up	3	512	537.90731755688	2822.38586140668	577.678371096131	1535.81796309191	452.43266910251	2215.47416860969	459.672566618649	967.133488721762	627.318543492432	815.963517004914	-593.625768228621	688.267192048004	210	36	13	18	235	228	223	16	5	40	34075	4354	3150	405	1808	0	0	0	0
10	2	0	83	83	up	0	512	640.116777739065	4014.11210436046	606.817158824255	1613.62131498144	358.366594454706	1384.23434683171	402.152782487208	743.633254031323	646.58440965667	864.925915872805	-593.581683454463	688.164990042353	197	40	8	31	236	239	206	9	4	54	34470	4386	3269	371	1876	0	0	0	0
10	2	0	83	83	up	1	512	590.443015660314	3409.9571160186	598.44852242957	1609.71523535939	411.83059979095	1895.28578306041	419.123016744458	766.929016027326	646.392764636072	869.324412928333	-593.641370063717	688.303310973313	205	30	9	25	243	239	216	14	3	40	34053	4535	3486	422	1806	0	0	0	0
10	2	0	83	83	up	2	512	611.549150281253	3374.09700104525	623.62751537148	1725.72178922838	404.671546139703	1926.53511993137	431.65574195825	853.152608984372	623.888756964262	807.954886465595	-593.767883745388	688.596712740792	172	36	10	24	270	243	200	14	4	51	34535	4406	3154	401	1754	0	0	0	0
10	2	0	83	83	up	3	512	606.222912360003	3643.79910701368	603.444755672379	1712.0263631897	459.042869032827	2399.44692600432	469.597307847981	1175.51474852303	646.542285296519	871.519070860712	-593.732382361898	688.514631200796	208	40	12	26	226	229	203	17	7	56	34363	4367	3388	378	1770	0	0	0	0
10	2	0	84	84	up	0	512	579.339690099068	3259.42230759613	589.311236674954	1522.24128733862	452.910126616573	2217.16111462493	469.130170038566	1069.75748096606	664.852140704018	913.659508066184	-593.814169744459	688.70414720336	189	42	8	24	249	237	209	14	10	42	34849	4344	3453	362	1660	0	0	0	0
10	2	0	84	84	up	1	512	659.814338553438	4194.03909870561	644.99411831501	1918.63012889099	408.414191925951	1891.37092800542	414.837007169804	817.046634248692	651.762341369956	873.508812830332	-593.725898047085	688.499475029229	203	38	12	31	228	239	212	14	3	44	34982	4326	3331	369	1687	0	0	0	0
10	2	0	84	84	up	2	512	665.54382872219	4434.95096141655	616.217963595901	1769.15032188575	439.318700423138	2141.99706429393	449.670511966249	969.215976378995	652.586787258755	878.807213892812	-593.623741724473	688.262488548296	207	44	8	35	218	230	212	15	6	49	34796	4465	3337	410	1736	0	0	0	0
10	2	0	84	84	up	3	512	691.445528159684	4444.81404041495	665.002167942424	2034.08696169783	487.483075633448	2686.29176774851	450.156922843173	949.629951434903	658.479288777046	897.71222199818	-593.54287748199	688.075195909166	195	29	10	34	244	231	208	20	6	47	34694	4485	3436	393	1834	0	0	0	0
10	2	0	85	85	up	0	512	573.986844382504	3410.87205603056	567.140225095078	1486.5983137738	453.515004987826	2255.66577305495	473.151549979414	1088.33202538206	655.574001459078	891.381038515111	-593.766939165628	688.594481814529	216	35	7	26	228	221	216	16	6	53	35260	4523	3345	392	1587	0	0	0	0
10	2	0	85	85	up	1	512	629.814338553438	3768.23366717593	627.532098692961	1847.41492865526	509.870363203761	3005.42549817312	462.987607426095	1076.1113511611	674.785242180529	939.116121804508	-593.620513428289	688.254718055365	199	33	12	27	241	232	198	23	6	53	35244	4414	3419	443	1692	0	0	0	0
10	2	0	85	85	up	2	512	611.928603793132	3609.88131625262	636.045042820883	1866.551489865	344.196897685333	1289.36511323126	395.894349628782	637.95870794322	660.764316110193	904.200231058998	-593.72136573398	688.488755026425	182	54	11	26	239	237	205	9	2	59	35199	4490	3387	444	1720	0	0	0	0
10	2	0	85	85	up	3	512	705.793052317186	4813.77756590651	601.907956487756	1676.68942167402	482.933925352195	2642.17314063911	472.636051620018	1095.59140998079	649.61806253713	873.278157576738	-593.706354214367	688.453840382758	207	37	9	38	221	239	211	20	5	37	35194	4522	3389	415	1552	0	0	0	0
10	2	0	86	86	up	0	512	575.095788063135	3352.41635122702	613.531416805179	1704.43490835809	406.934221912518	1869.90299895475	410.343642242229	728.740841567371	705.258347428192	1028.66157348875	-593.624895041116	688.265273027641	190	57	8	25	232	228	206	13	5	60	35684	4494	3458	396	1961	0	0	0	0
10	2	0	86	86	up	1	512	549.514708427504	3225.92981677525	538.686329528281	1289.17667509069	440.599853372513	2359.17938019814	431.631340560271	917.58832550855	661.06886792137	898.774204210791	-593.68500790534	688.404267487878	220	32	3	26	231	248	194	18	4	48	35792	4413	3420	407	1561	0	0	0	0
10	2	0	86	86	up	2	512	600.116777739065	3498.30667283079	604.258845353029	1572.89658940702	430.57605463689	2053.07311893082	435.872207547413	928.343408879513	671.559787591348	932.524719621144	-593.754207438065	688.564884193521	193	33	6	27	253	222	217	15	4	54	35861	4362	3403	406	1574	0	0	0	0
10	2	0	86	86	up	3	512	622	3817.31872716397	603.082116061376	1586.9273312527	404.822765732516	1750.40144614474	434.095608019163	810.865250642682	666.706275104866	921.42864442747	-593.754725600827	688.566319545351	204	29	6	30	243	228	212	11	7	54	35779	4483	3369	401	1591	0	0	0	0
10	2	0	87	87	up	0	512	714.286474508438	4664.60439694841	670.484057550476	1897.44776472255	475.9764978247	2594.38301065759	450.74990001664	951.598101405572	680.05545927263	947.417889987415	-593.699324197956	688.437679205581	167	42	5	38	260	227	210	20	4	51	36148	4489	3516	391	1376	0	0	0	0
10	2	0	87	87	up	1	512	533.76141952313	2855.08186941105	549.34127950879	1267.79202873474	453.33998665939	2294.78132286332	452.620913102734	955.122774943327	668.215808229611	921.495587172719	-593.704005986539	688.448530465717	202	32	4	22	252	222	208	16	7	59	36291	4470	3372	411	1510	0	0	0	0
10	2	0	87	87	up	2	512	692.803695435312	4328.46764586076	684.075361473458	2158.24031011444	475.098597122828	2515.10956512027	442.16865045207	923.84429729334	689.798208737425	981.10040232336	-593.630756948835	688.278605698992	177	38	12	32	253	217	209	18	7	61	35937	4645	3552	410	1513	0	0	0	0
10	2	0	87	87	up	3	512	556.928603793132	3096.88741421669	564.623974598405	1424.4908999938	499.164671770632	2522.18530824826	503.296401247032	1106.15859423995	686.91712446129	977.101663380433	-593.755488187897	688.56782385468	194	45	7	23	243	206	248	19	4	35	36059	4536	3498	451	1370	0	0	0	0
10	2	0	88	88	up	0	512	653.90983005625	3854.43125630929	647.099358158386	1861.60385408421	467.634295226261	2447.60487837125	456.512891158366	1012.09306405054	664.296341625364	911.703695785161	-593.673199723925	688.377051318503	184	37	16	26	249	224	220	19	3	46	36434	4796	3412	414	1346	0	0	0	0
10	2	0	88	88	up	1	512	557.655284902191	2979.58943522815	569.775766123403	1365.53729040927	447.684701757199	2308.34653614915	449.350164934267	968.043879063751	691.891792865396	986.418538211114	-593.570995018786	688.140148263563	187	31	4	23	267	239	206	17	5	45	36471	4617	3586	382	1336	0	0	0	0
10	2	0	88	88	up	2	512	674.084848384686	4191.85062819935	652.049787085663	2019.78246460865	427.435478162203	2030.43179437012	439.638962651637	923.865905605008	668.296261593882	922.328096039891	-593.633066018422	688.284322239313	203	36	19	28	226	227	210	14	6	55	36500	4753	3402	401	1387	0	0	0	0
10	2	0	88	88	up	3	512	828.806207934682	5775.40660958211	746.930004314947	2437.90573533477	408.615818049702	1873.42569640605	430.93774116398	984.231299670792	693.866610604643	987.907842364693	-593.683353589323	688.400652503546	167	43	15	44	243	247	194	11	10	50	36598	4597	3421	440	1437	0	0	0	0
10	2	0	89	89	up	0	512	802.877900701872	5450.75625135127	788.994945955487	2497.38952574966	378.090763064394	1759.13099295147	390.536820460817	732.981858760241	686.192208070365	969.446901066967	-593.709572945128	688.461506576343	150	46	10	43	263	246	189	13	3	61	36842	4724	3595	407	1414	0	0	0	0
10	2	0	89	89	up	1	512	849.482482512803	5817.73171790005	842.905971359745	2787.99693638311	341.836217910335	1306.84238746096	366.031016279794	614.643163419953	719.722071462877	1068.18218671422	-593.62503857109	688.265388183937	153	31	13	45	270	241	191	8	5	67	37006	4547	3608	407	1402	0	0	0	0
10	2	0	89	89	up	2	512	861.341906038116	5792.2788638456	825.44439493354	2690.68383287662	365.02720091596	1588.58401691986	391.790625694036	805.800694662482	694.254428691786	996.139919008406	-593.756049396585	688.569072130618	142	34	17	43	276	247	175	9	9	72	36963	4632	3556	417	1344	0	0	0	0
10	2	0	89	89	up	3	512	705.69223925531	4420.68338729137	734.419186943477	2227.35909955231	373.316187923768	1657.03370871631	390.851763712619	788.81378506281	711.008037461476	1044.2708423581	-593.69541649921	688.428690013854	169	33	9	34	267	256	181	10	8	57	36884	4541	3712	431	1333	0	0	0	0
10	2	0	90	90	up	0	512	762.779896699689	5209.77767918248	731.989011575076	2206.22372966583	321.234148598774	1401.54757073042	322.190669470752	516.096022095384	708.000596084553	1027.67267088667	-593.659560473333	688.345509402598	163	57	10	41	241	268	160	10	3	71	37252	4646	3762	420	1185	0	0	0	0
10	2	0	90	90	up	1	512	728.933628791873	4819.88396876879	713.969118554569	2207.09028852064	347.663712081269	1471.83315555789	336.067592180872	622.170033690888	701.614905877622	1022.42103285483	-593.672307109541	688.374801547225	182	39	11	37	243	268	168	8	9	59	37217	4743	3655	465	1268	0	0	0	0
10	2	0	90	90	up	2	512	843.177530827806	5849.95976853476	782.181288895497	2555.52084108704	315.056617770968	1079.89433343149	342.50003875352	573.872089189698	714.948068439646	1052.17565182255	-593.7630425982	688.585437213332	157	41	14	45	255	227	183	6	5	91	37385	4664	3617	414	1212	0	0	0	0
10	2	0	90	90	up	3	512	713.657797401562	4450.72296741982	716.069754718757	2284.01579073035	280.33244916128	904.344138503904	299.621963582999	366.750652389077	710.331605498279	1030.62175850993	-593.774863481008	688.612916544013	173	41	17	31	250	256	164	5	4	83	37429	4531	3710	410	1216	0	0	0	0
10	2	0	91	91	up	0	512	881.543532161867	6051.41567157124	873.766028923288	2977.69323879037	391.48337219377	1950.92129284695	378.858888242632	771.091584730322	716.842714231534	1050.93178705331	-593.767862400678	688.59638760712	150	43	23	43	253	248	177	14	5	68	38068	4571	3570	383	1096	0	0	0	0
10	2	0	91	91	up	1	512	956.617737428428	6861.07512011019	928.441801769399	3286.70880138055	338.218183921585	1361.60225417408	344.269321742875	494.990697255676	721.31281194803	1069.1047781138	-593.7682291635	688.597451198558	143	47	24	50	248	249	183	9	4	67	37723	4701	3728	440	1190	0	0	0	0
10	2	0	91	91	up	2	512	852.673465518428	5725.30926870897	844.199887156241	2847.31872495438	362.814931674083	1507.41677601188	400.162656351254	789.545894487637	706.022184804697	1026.99163945693	-593.768694702054	688.598763050899	159	34	23	40	256	245	188	9	7	63	37885	4718	3547	442	1202	0	0	0	0
10	2	0	91	91	up	3	512	962.996894379985	6868.79532173789	914.322413640173	3339.84580609939	367.740726407523	1629.91530815884	379.046225016567	710.833370462318	719.592120821479	1063.58205243714	-593.628374521633	688.273518672431	152	30	24	50	256	240	185	11	5	71	37913	4558	3683	438	1074	0	0	0	0
10	2	0	92	92	up	0	512	802.249223594996	5196.14533165393	834.592340872991	2785.91303102887	355.783298880027	1733.66009987575	325.213138533779	600.779948790667	713.799574995557	1043.86412778636	-593.741773644413	688.536141462515	140	43	16	38	275	248	163	13	3	85	38183	4944	3582	395	1066	0	0	0	0
10	2	0	92	92	up	1	512	849.912342555621	5721.55259257283	870.660230713666	3033.98632998819	318.900076619092	1379.100927916	299.777912078939	385.645968302262	722.934621338578	1069.9488134554	-593.726940178145	688.501597705863	146	51	23	40	252	257	153	9	5	88	38326	4709	3661	408	1030	0	0	0	0
10	2	0	92	92	up	2	512	880.262379212493	5775.50996346235	920.866033820949	3338.86347655943	258.900076619092	900.19516316913	273.600843188525	333.672057076741	723.208829092862	1067.87111230394	-593.775060159966	688.61302288821	128	44	26	39	275	281	144	6	2	79	38240	4821	3631	412	1048	0	0	0	0
10	2	0	92	92	up	3	512	942.267404211233	6607.95940038788	916.028852048038	3137.8606525309	374.650556463773	1873.45632782134	338.5791487476	676.163875306101	711.601249533436	1044.64941261876	-593.790344394409	688.648814320953	136	18	13	52	293	256	162	13	6	75	38065	4929	3671	439	947	0	0	0	0
10	2	0	93	93	up	0	512	828.681596137184	5344.74718936214	862.713141937942	2953.56501739136	306.236957658467	1423.95198090022	280.313537662163	374.128303163496	723.327758753693	1074.16283441364	-593.782723006364	688.631013360668	135	50	24	36	267	275	135	10	4	88	38677	4789	3736	414	859	0	0	0	0
10	2	0	93	93	up	1	512	835.437397540929	5507.56459026803	842.646982821838	2667.70000111472	376.358760396272	1992.86053975821	329.197928296463	585.77156548531	719.224755547437	1066.23516590469	-593.670166016031	688.369967392371	139	29	13	42	289	264	156	15	4	73	38394	5007	3753	462	886	0	0	0	0
10	2	0	93	93	up	2	512	981.318107302493	7241.03568157669	947.16582774167	3502.61536583361	292.194681746285	1309.54791055831	284.007749570671	448.027521243821	723.866001601558	1076.63120485005	-593.715437025556	688.475167920872	136	63	23	54	236	264	130	9	4	105	38457	4950	3726	483	984	0	0	0	0
10	2	0	93	93	up	3	512	842.954915028125	5459.23363885694	885.148433214313	2953.92517114565	307.820549793468	1033.60863532806	295.119835128146	407.444282235658	722.611011888322	1069.55175048729	-593.766939098581	688.594357323347	126	66	29	35	256	239	168	4	9	92	38729	4909	3543	435	973	0	0	0	0
10	2	0	94	94	up	0	512	795.994678440937	5345.83233430715	811.627607553677	2580.54019480126	248.825871352531	731.888263786416	274.314636167506	319.162609939129	721.253254828451	1069.15646569143	-593.56003132827	688.11468969927	151	54	15	40	252	272	148	4	3	85	38779	5077	3827	445	764	0	0	0	0
10	2	0	94	94	up	1	512	921.190686445303	6526.40643966816	883.537586455879	2977.92160664459	264.47834719503	906.176954233902	289.703104112595	433.00619629358	736.516231424352	1109.04479155314	-593.622014417806	688.258487108684	145	41	19	49	258	272	150	6	2	82	38858	4975	3856	439	788	0	0	0	0
10	2	0	94	94	up	2	512	948.124315237176	6576.44895550269	934.626695362197	3214.82562450984	306.664008641592	1463.98540642662	288.109457016269	454.596599039489	732.813102698856	1100.29309007001	-593.7387914788	688.529276904219	127	38	22	48	277	281	128	10	5	88	38925	5033	3772	398	767	0	0	0	0
10	2	0	94	94	up	3	512	968.0235021753	6950.58869893439	923.121733784561	3183.23052977639	255.009020299723	1013.63912514839	260.115512870093	370.179742366632	733.078633874172	1104.29069955517	-593.801488189806	688.674642349857	129	38	16	54	275	283	116	6	5	102	39002	4907	3788	431	700	0	0	0	0
10	2	0	95	95	up	0	512	761.673762078751	4838.40387210897	805.123100932555	2567.93605051228	331.536587784401	1491.62057638527	300.801941528915	433.691711417251	746.614571186486	1145.08285402007	-593.848584676984	688.783925726796	156	55	23	32	246	262	156	10	5	79	39508	4819	3851	462	628	0	0	0	0
10	2	0	95	95	up	1	512	948.174721768113	6870.07808413525	918.301250208043	3320.7269269104	274.327127602216	1016.50519649085	304.216437934631	573.628660109408	724.62803358921	1078.0940774803	-593.572410501993	688.143404274097	146	39	17	53	257	283	135	5	7	82	39339	5104	3761	436	616	0	0	0	0
10	2	0	95	95	up	2	512	769.986547822181	4788.61337398056	822.113533014562	2680.67738730295	276.643018965662	1056.19541804005	284.786368653599	367.610523806015	747.245121976816	1138.37555415212	-593.659236240007	688.344506756314	155	30	19	33	275	250	143	7	3	109	39394	4907	3899	440	628	0	0	0	0
10	2	0	95	95	up	3	512	846.572949016875	5659.73208604693	882.921777361771	3039.18382466031	256.764821703467	819.845662994921	265.072122788122	309.126161958151	734.98621885373	1108.16864110238	-593.685184364862	688.405069288007	142	67	29	37	237	279	142	4	5	82	39430	4999	3740	471	773	0	0	0	0
10	2	0	96	96	up	0	512	885.888247259676	6114.25139468831	852.995285739619	2865.51463053758	279.09889368315	922.8394234359	293.691996752196	394.348531860903	746.667436367721	1138.58455978071	-593.784531720054	688.635202479622	151	29	17	46	269	270	167	6	2	67	39705	5134	3861	452	467	0	0	0	0
10	2	0	96	96	up	1	512	882.373835392494	5915.37626135673	894.865397504585	3229.02977698113	240.886921001595	643.930864577912	265.358073944938	278.039710835498	753.403559558696	1159.4375034253	-593.810609310438	688.69554410519	136	51	27	40	258	265	154	4	1	88	39805	5030	3865	452	571	0	0	0	0
10	2	0	96	96	up	2	512	908.87760414155	6434.30300083095	885.80169531676	3124.07066809348	292.040653093779	1113.74835044077	292.782045222991	470.476636671343	759.115758254613	1181.71005889379	-593.748770184876	688.552226460529	157	29	17	49	260	264	154	7	4	83	39675	5000	4018	459	508	0	0	0	0
10	2	0	96	96	up	3	512	916.644345223743	6678.05086984888	873.468975310232	3147.48734839816	334.303328866594	1631.64505319851	321.973022387729	600.823910225917	769.243884566369	1206.66522569588	-593.594782988089	688.195158045277	156	50	18	51	237	257	139	11	6	99	39620	5022	4066	444	606	0	0	0	0
10	2	0	97	97	up	0	512	1015.36038321468	7124.37600648581	988.787801280307	3679.65717637192	356.486181253463	1931.13723251049	308.975494048214	530.3174810295	771.555481906598	1212.78531998893	-593.676010643733	688.383907238927	119	50	34	48	261	271	141	15	3	82	40286	4970	3972	436	427	0	0	0	0
10	2	0	97	97	up	1	512	890.235771417177	5964.15727271115	936.177663204594	3426.64049759933	275.560683080346	1036.36855867916	289.742193409734	422.520912858539	767.537291511899	1202.76669842033	-593.741957205126	688.536586493087	147	37	28	40	260	265	139	6	5	97	40256	4994	3957	457	427	0	0	0	0
10	2	0	97	97	up	2	512	882.676274578121	6012.53130633658	907.835637597476	3137.12963400723	273.600446493158	1093.07368531064	278.947562332814	407.533570717242	755.200189171539	1163.98466283309	-593.814162915273	688.704008157093	130	56	22	43	261	274	133	7	4	94	40403	5000	3801	460	442	0	0	0	0
10	2	0	97	97	up	3	512	1072.56703433717	7814.79207452292	1040.80977812489	3973.91784868576	265.783298880027	790.590256478885	273.645634548585	307.5763186864	763.383537820378	1195.80220572049	-593.800129490468	688.671523603699	123	28	25	58	278	272	160	4	4	72	40364	4953	3901	446	409	0	0	0	0
10	2	0	98	98	up	0	512	999.734515167492	7282.86849730669	986.403111897883	3708.32308913435	292.995568121904	1114.7513994228	293.419462446226	380.721214534634	772.151882630893	1214.38262283993	-593.69246139304	688.421641551637	136	63	31	51	231	262	155	7	4	84	40530	5051	4100	495	306	0	0	0	0
10	2	0	98	98	up	1	512	1048.19852050374	7552.38501183696	1016.94258830318	3872.46946884966	286.764821703467	1207.29244740429	276.056779335442	373.458253106837	757.700187099619	1171.70841827275	-593.747212249474	688.548747143716	116	47	29	54	266	287	122	6	9	88	40745	5112	3872	447	309	0	0	0	0
10	2	0	98	98	up	2	512	929.153435531861	6261.23008013307	913.038594089815	2952.19725990923	262.743535467215	826.696659341156	280.821059440563	371.734139700645	777.35426965529	1228.32562279653	-593.793947761901	688.657027756613	126	28	22	45	291	279	149	4	5	75	40951	4869	3897	459	258	0	0	0	0
10	2	0	98	98	up	3	512	963.681596137184	7103.8807781918	937.648051893044	3448.84406009545	285.231636099404	1145.85472498405	291.530861675494	503.962056161464	781.733128059131	1240.42037092892	-593.866846893642	688.82595126709	139	72	25	52	224	278	139	7	5	83	40755	4996	3999	426	307	0	0	0	0
10	2	0	99	99	up	0	512	1217.56703433717	9331.95005520884	1142.42147998443	4582.98119932417	352.215671422215	1729.70874199333	300.123017081671	421.14200969029	766.47796248524	1196.19829563503	-593.78885597012	688.645228391523	111	53	37	67	244	251	159	13	3	86	41199	5082	3964	443	173	0	0	0	0
10	2	0	99	99	up	1	512	1017.27021327093	7203.0993986905	1063.65423689689	3988.42066058316	261.512789048778	844.420079864831	274.48715557707	320.39308801813	770.406296830767	1212.416522427	-593.735855114839	688.522302022461	107	50	26	52	277	276	151	5	3	77	41095	5107	4018	468	154	0	0	0	0
10	2	0	99	99	up	2	512	1078.1481139728	7722.91996185438	1119.9201805792	4427.37341279284	307.820549793468	1465.03712584523	284.60699125557	400.242256317423	757.792157844761	1169.90040892037	-593.807561099983	688.68858103799	97	50	30	55	280	275	129	10	5	93	41105	5277	3869	437	150	0	0	0	0
10	2	0	99	99	up	3	512	1069.71071643187	7832.20292248468	1119.82228490639	4443.06814656656	291.162752391907	1348.45661101125	268.219262708337	413.871121931773	776.361279941155	1228.8622475436	-593.781091853372	688.627548992869	106	83	38	53	232	282	122	9	5	94	41237	5047	3983	421	191	0	0	0	0
10	2	0	100	100	dwell	0	512	0	0	0	0	231.995864682227	850.18635605092	230.131613015399	266.294315285316	779.126432046482	1239.16622694215	-593.812189869099	688.699527287425	0	0	0	0	0	283	109	5	4	111	41742	5089	3934	435	0	0	0	0	0
10	2	0	100	100	dwell	1	512	0	0	0	0	297.897564119721	1414.21351369931	259.611518558526	341.13639621257	782.189252862329	1243.84564204234	-593.811523807209	688.69800085629	0	0	0	0	0	271	125	10	4	102	41921	4954	3894	431	0	0	0	0	0
10	2	0	100	100	dwell	2	512	0	0	0	0	200.741319528167	481.256397680716	219.730145134367	190.144100143331	780.812078402405	1240.30978533609	-593.88531155568	688.869069311719	0	0	0	0	0	274	116	2	3	117	41773	4995	3982	450	0	0	0	0	0
10	2	0	100	100	dwell	3	512	0	0	0	0	258.377830693477	937.68181089686	249.922288428484	311.019062264831	769.764847273802	1202.36366881264	-593.793517096549	688.656101787554	0	0	0	0	0	255	134	6	3	114	41407	5340	4007	446	0	0	0	0	0
10	2	0	100	100	dwell	4	512	0	0	0	0	257.54752746285	997.00392687075	245.496052242686	339.964576462152	774.402471897109	1218.30120884211	-593.766634637827	688.593837392443	0	0	0	0	0	277	115	5	7	108	41518	5156	4043	483	0	0	0	0	0
10	2	0	100	100	dwell	5	512	0	0	0	0	250.889730061288	1008.78205915708	244.989684866024	320.096522101695	785.66163100332	1264.16564896261	-593.707153944753	688.455625619124	0	0	0	0	0	280	111	6	5	110	41448	5227	4073	452	0	0	0	0	0
10	2	0	100	100	dwell	6	512	0	0	0	0	276.117963980354	1211.90071458547	257.952586636551	402.219144508224	759.952699899493	1176.06909187662	-593.827537891536	688.734934758592	0	0	0	0	0	249	126	9	2	126	41404	5271	4010	515	0	0	0	0	0
10	2	0	100	100	dwell	7	512	0	0	0	0	251.895051620351	1068.52066795294	243.115403314003	270.744559143734	772.164411603734	1208.5936681998	-593.680008345348	688.392519536774	0	0	0	0	0	281	108	7	4	112	41344	5263	4139	454	0	0	0	0	0
10	2	0	100	100	dwell	8	512	0	0	0	0	235.83932353035	873.769891547939	236.763980767529	247.550733961675	781.66091849535	1248.23020498179	-593.735389904475	688.521277335464	0	0	0	0	0	281	117	6	2	106	41435	5124	4136	505	0	0	0	0	0
10	2	0	100	100	dwell	9	512	0	0	0	0	180.916337856603	282.505592956721	205.82903665128	141.618145606944	788.606265501362	1267.07180585429	-593.855811733006	688.800623280409	0	0	0	0	0	281	121	1	1	108	41837	4889	3978	496	0	0	0	0	0
10	2	0	100	100	dwell	10	512	0	0	0	0	280.436071282848	1296.66645271073	253.593768646272	395.758182686087	769.676852393894	1208.91068748722	-593.822259331845	688.72279065428	0	0	0	0	0	277	117	9	4	105	41463	5287	3977	473	0	0	0	0	0
10	2	0	100	100	dwell	11	512	0	0	0	0	202.019663417849	364.864126801067	230.335345442234	194.939357496974	769.176471297479	1203.08829761644	-593.869040576804	688.831218819029	0	0	0	0	0	273	141	2	0	96	41562	5302	3852	484	0	0	0	0	0
10	2	0	100	100	dwell	12	512	0	0	0	0	256.895051620351	1054.79727574826	238.17274007291	251.1969490804	787.886701655169	1262.66823869646	-593.852398977803	688.792707273259	0	0	0	0	0	277	110	6	6	113	41607	5067	4073	453	0	0	0	0	0
10	2	0	100	100	dwell	13	512	0	0	0	0	218.351222898161	540.888433700361	227.367137411045	208.43520618501	771.494805703353	1212.11034234037	-593.761889434834	688.58283267952	0	0	0	0	0	278	129	2	4	99	41678	5179	3901	442	0	0	0	0	0
10	2	0	100	100	dwell	14	512	0	0	0	0	252.348710398791	989.542039146168	255.91482177011	381.771653144375	760.462713386436	1182.52656837764	-593.847706502719	688.781738946142	0	0	0	0	0	260	123	7	2	120	41481	5296	3948	475	0	0	0	0	0
10	2	0	100	100	dwell	15	512	0	0	0	0	178.781082940979	437.049661601251	211.556338764946	194.90496734713	775.351391153783	1223.26907197353	-593.673410369903	688.377646947693	0	0	0	0	0	295	103	3	0	111	41292	5350	4061	497	0	0	0	0	0
10	2	0	100	100	dwell	16	512	0	0	0	0	279.756987645034	1297.30167930736	254.749299713751	434.357856524001	767.315701996127	1200.82858322792	-593.611012646881	688.233179879996	0	0	0	0	0	292	102	7	9	102	41429	5294	4002	475	0	0	0	0	0
10	2	0	100	100	dwell	17	512	0	0	0	0	230.163048952229	808.268508651877	232.047191724965	245.293225559323	777.520531443423	1228.44612150257	-593.733053121131	688.515773690726	0	0	0	0	0	271	114	5	3	119	41570	5105	4045	480	0	0	0	0	0
10	2	0	100	100	dwell	18	512	0	0	0	0	218.101999303165	598.779123451012	230.910048658717	221.700065509379	770.773066054223	1213.75408584327	-593.64498459707	688.311982518548	0	0	0	0	0	270	124	3	3	112	41303	5263	4134	500	0	0	0	0	0
10	2	0	100	100	dwell	19	512	0	0	0	0	230.261052954412	691.617923869113	221.639323238403	197.327750406856	781.09150457695	1238.46630134964	-593.750776562447	688.556975795403	0	0	0	0	0	278	123	3	5	103	41467	5184	4088	461	0	0	0	0	0
10	2	0	100	100	dwell	20	512	0	0	0	0	268.327424162539	1145.11642769709	251.317784598067	329.611707885079	766.196376487425	1199.697984735	-593.83654845505	688.756084157651	0	0	0	0	0	264	122	8	3	115	41595	5202	3916	487	0	0	0	0	0
10	2	0	100	100	dwell	21	512	0	0	0	0	281.491799372849	1238.97044470636	264.29713715547	416.102834789964	774.937307040121	1219.39350151063	-593.811399490441	688.697432879252	0	0	0	0	0	269	122	8	5	108	41524	5238	3965	473	0	0	0	0	0
10	2	0	100	100	dwell	22	512	0	0	0	0	244.107320862228	1000.96451665624	237.372124469255	283.903278075506	756.175898745242	1163.56503385039	-593.777015617131	688.618012569949	0	0	0	0	0	279	103	6	5	119	41603	5301	3853	443	0	0	0	0	0
10	2	0	100	100	dwell	23	512	0	0	0	0	239.884408502225	859.043450361221	235.631485999244	264.615490020736	765.512284863784	1192.05983323743	-593.779646414595	688.623881757031	0	0	0	0	0	279	118	5	4	106	41374	5345	3993	488	0	0	0	0	0
10	2	0	100	100	dwell	24	512	0	0	0	0	234.481156254723	893.034246777139	221.993928466393	249.668811855446	776.178075209914	1224.81071929585	-593.732155425007	688.513965388981	0	0	0	0	0	299	105	5	5	98	41664	5173	3932	431	0	0	0	0	0
10	2	0	100	100	dwell	25	512	0	0	0	0	260.865931325665	1058.84597450382	253.318771347072	335.683755055436	771.733918233153	1215.62701247648	-593.60967946484	688.229701145883	0	0	0	0	0	266	114	6	6	120	41365	5300	4060	475	0	0	0	0	0
10	2	0	100	100	dwell	26	512	0	0	0	0	222.298303867853	760.259361705777	228.314117894895	283.34389171175	782.388681014732	1247.40223699697	-593.799907736935	688.670984595613	0	0	0	0	0	277	113	5	2	115	41632	5092	4018	458	0	0	0	0	0
10	2	0	100	100	dwell	27	512	0	0	0	0	239.030306535975	916.788128802158	228.072499272547	243.952744816381	765.38066954199	1200.14705953913	-593.811902567547	688.698568841143	0	0	0	0	0	283	113	6	3	107	41659	5236	3888	417	0	0	0	0	0
10	2	0	100	100	dwell	28	512	0	0	0	0	249.786404500042	948.247250734616	242.034243233947	298.375726040947	776.057802086344	1226.98752920642	-593.742893228152	688.538753966082	0	0	0	0	0	264	113	5	6	124	41621	5137	3982	460	0	0	0	0	0
10	2	0	100	100	dwell	29	512	0	0	0	0	260.714711732852	1214.61490320607	246.790169826954	337.538731261908	777.103731256649	1230.69797793021	-593.887323395223	688.873728807668	0	0	0	0	0	273	113	10	0	116	41603	5111	3983	503	0	0	0	0	0
10	2	0	100	100	dwell	30	512	0	0	0	0	214.054105271598	634.642174130426	223.180433987298	228.902640579882	775.845648472234	1226.43500304669	-593.683258519721	688.400509295149	0	0	0	0	0	297	113	3	4	95	41263	5266	4165	506	0	0	0	0	0
10	2	0	100	100	dwell	31	512	0	0	0	0	256.088547125346	916.791064508228	247.020125847215	267.905483192067	769.709884633692	1204.48747235592	-593.882095807614	688.861573826547	0	0	0	0	0	277	129	5	5	96	41592	5186	4003	419	0	0	0	0	0
10	2	0	101	99	down	0	512	1042.87509164218	7234.08133135022	1096.18422791549	4059.57862539098	240.762309204097	762.146719284485	259.856715671759	302.664383899228	764.15579292259	1196.29944643777	-593.74115024821	688.534879544002	95	69	41	46	261	277	131	4	4	96	41103	5203	3919	463	184	0	0	0	0
10	2	0	101	99	down	1	512	1069.7317061078	7500.20577323378	1115.81383863112	4315.72890867775	240.409463487533	703.338153815801	265.863825432988	342.255802159808	758.684253292062	1174.13765730754	-593.806844759381	688.687119439607	105	56	42	48	261	280	135	3	5	89	41090	5220	3926	452	187	0	0	0	0
10	2	0	101	99	down	2	512	1107.04478841155	8167.27872225065	1101.13749203838	4390.98810260855	232.648340524725	713.304869884351	254.284003173814	284.55046118066	766.374463706117	1196.26602179232	-593.879011823134	688.854385852231	97	70	33	58	254	271	129	4	3	105	41122	5231	3916	419	168	0	0	0	0
10	2	0	101	99	down	3	512	1075.49061313156	7878.96287415477	1094.87904800521	4353.13461306332	257.998377181597	977.52055467698	264.705653949332	351.017244602204	764.869609988887	1193.88199465914	-593.832195402634	688.745798553491	109	92	44	51	216	277	127	6	4	98	41197	5092	3941	458	187	0	0	0	0
10	2	0	102	98	down	0	512	1088.19852050374	8264.72536506507	1024.45256703648	4046.72344515736	245.688103937537	708.475074817396	259.076037389157	316.249033985267	768.23643701918	1204.64698139718	-593.791499829638	688.651592366984	140	55	31	60	226	260	140	3	5	104	40699	5113	3958	406	293	0	0	0	0
10	2	0	102	98	down	1	512	1054.23325891781	7912.41564325225	1028.55021941105	4072.51782452929	309.430749723785	1466.19835374612	309.531858617936	606.666643637659	772.722089088746	1217.63684138468	-593.797683692164	688.665679550812	125	80	33	56	218	260	130	10	5	107	40735	4994	3949	498	325	0	0	0	0
10	2	0	102	98	down	2	512	1047.69726425405	7513.1328242169	1040.20460269915	3898.79127624559	269.199706745026	853.228503738561	296.329115394901	420.327940744165	765.201204386369	1194.15468661324	-593.831746867564	688.744799383014	113	56	33	52	258	276	160	5	3	68	40881	5049	3818	428	332	0	0	0	0
10	2	0	102	98	down	3	512	965.63902366468	7007.21802579989	966.408603547896	3578.42686001451	303.348413838469	1204.8365726868	309.945977501363	505.804273212226	764.96113604501	1192.4906818731	-593.761377107583	688.581603332598	131	55	20	53	253	255	151	7	6	93	40806	5019	3914	437	299	0	0	0	0
10	2	0	103	97	down	0	512	922.326237921249	6509.48579815801	926.240561360599	3336.10809163477	279.000889680967	883.684576688985	301.964387498179	476.988501188339	737.617281180319	1112.26121255423	-593.693111263186	688.423257556498	136	76	31	44	225	259	159	4	6	84	40118	5285	3810	451	494	0	0	0	0
10	2	0	103	97	down	1	512	953.981226263118	6818.19072655654	945.564281933766	3412.84181597194	258.953292209722	978.523603659013	276.276150152413	432.869372714309	766.657241805104	1196.60692593352	-593.773659263492	688.610170335581	130	57	23	50	252	275	128	6	4	99	40234	4965	4016	449	454	0	0	0	0
10	2	0	103	97	down	2	512	917.625868047183	6600.77135466648	882.740788961414	2969.00392465501	266.71441517253	830.745358096718	294.085616432239	421.116912755706	771.97265909144	1213.98675090094	-593.744467769719	688.542342729624	143	61	21	49	238	268	153	4	5	82	40265	4995	3947	457	453	0	0	0	0
10	2	0	103	97	down	3	512	927.068587147175	6474.50970859143	911.869195493912	3269.35079785037	236.31397198472	697.687682309	275.97255582402	318.074651793238	765.455668196388	1194.75454888414	-593.790340854466	688.648497254976	143	32	20	48	269	275	145	5	0	87	40247	5069	3932	416	453	0	0	0	0
10	2	0	104	96	down	0	512	923.954618467803	6529.39125139598	902.216930975002	3215.79699267257	349.377534133154	1648.4170308828	337.089764385348	670.569778509212	762.824583306149	1183.95796105229	-593.764182742473	688.588020029084	141	42	19	49	261	246	156	11	6	93	39678	5021	3997	456	538	0	0	0	0
10	2	0	104	96	down	1	512	936.11367211905	6428.06597316409	934.21046167514	3481.95159037593	322.343092279406	1422.18000321594	307.519290644834	493.89017496172	740.870549589037	1122.69110311525	-593.737260036901	688.525876502697	149	35	31	43	254	254	149	9	6	94	39733	5032	3885	502	546	0	0	0	0
10	2	0	104	96	down	2	512	980.541019662497	7005.98113972798	1000.17992590226	3760.27947900241	268.099190243472	1243.71506650932	253.637095779203	319.423904713205	751.930657540914	1154.2359829142	-593.733772165814	688.517678262502	120	76	32	48	236	287	111	9	3	102	39852	5064	3778	458	612	0	0	0	0
10	2	0	104	96	down	3	512	1002.84848384686	7325.06899382713	930.049195072476	3401.44044017935	281.488990313156	1219.37756403031	284.119307091647	426.708025016799	754.424076348901	1163.69976568195	-593.610936703894	688.232519018048	138	52	27	53	242	278	134	9	2	89	39648	5022	4012	470	511	0	0	0	0
10	2	0	105	95	down	0	512	894.381669450928	6220.33653963332	898.967030269798	3091.90780297802	323.194385185963	1541.37736579737	308.766715192378	520.550208188742	739.793748002204	1116.24604870523	-593.704404324945	688.449528742363	135	35	12	49	281	279	143	11	4	75	39551	4926	3719	444	627	0	0	0	0
10	2	0	105	95	down	1	512	949.283665448745	6676.18169288641	928.02157212022	3306.314425768	267.520919667534	948.386824252372	270.408883577919	324.626122802006	740.194415022418	1119.78493623956	-593.748035799645	688.550563832164	124	63	27	47	251	260	145	6	3	98	39369	5028	3844	399	755	0	0	0	0
10	2	0	105	95	down	2	512	1089.93333223155	8538.3697386078	983.133444438073	3865.11083038484	270.359056956595	736.061574339476	282.906233345121	318.318979157458	731.757845118586	1091.96624132828	-593.562006069861	688.119541522673	133	60	18	68	233	245	168	3	5	91	39366	4996	3839	439	615	0	0	0	0
10	2	0	105	95	down	3	512	995.081742764671	7081.32112480921	954.010405409956	3480.38439733739	265.987734063471	966.037239121191	279.034853392098	357.379829715424	736.663969259597	1101.90899719807	-593.6344636665	688.287177630912	139	31	26	51	265	263	147	7	1	94	39294	5076	3821	449	596	0	0	0	0
10	2	0	106	94	down	0	512	912.172209268743	6438.21506177483	892.431607433467	3049.78683309453	304.250113275963	1186.23457338364	303.746895208602	468.419920319128	745.063756694898	1131.13540262714	-593.77558083236	688.61450138048	144	51	22	47	248	263	164	8	3	74	39121	4812	3765	430	799	0	0	0	0
10	2	0	106	94	down	1	512	1010.06075308874	7448.86539168668	968.48245339592	3538.0050702571	281.112345860969	1061.90952170368	289.845147102196	397.289751003382	736.634643378659	1115.14585492753	-593.783122223541	688.631925774399	120	59	20	57	256	263	149	7	3	90	38972	4949	3752	455	787	0	0	0	0
10	2	0	106	94	down	2	512	771.09268244312	4927.46445528377	819.191560882535	2724.06787720588	244.252922335656	530.38676761439	273.455371730883	307.252561880787	714.185019533468	1043.41532069592	-593.744257156207	688.541883475055	166	35	20	34	257	258	166	2	3	83	39051	5040	3634	403	732	0	0	0	0
10	2	0	106	94	down	3	512	918.551366220301	6034.87151796973	938.254312043693	3336.64734819385	269.377534133154	1009.8760112203	284.166104818558	402.820161024823	735.471961607888	1110.33083081089	-593.703347403935	688.447077625328	125	34	29	40	284	278	144	7	2	81	39074	4915	3715	424	797	0	0	0	0
10	2	0	107	93	down	0	512	949.432075981866	6756.07819741122	952.855233571684	3732.50652341686	299.854991647217	1240.83346706679	295.662840647786	486.951908993999	739.694669777334	1117.68779523533	-593.738536713658	688.528922696805	150	49	29	47	237	271	140	7	7	87	38757	4675	3737	447	1006	0	0	0	0
10	2	0	107	93	down	1	512	867.02098967593	5974.45516674272	855.421745819292	2768.17822227085	300.231636099404	1298.84862701998	297.062318956298	411.640951438504	727.502549398362	1079.08865987389	-593.645748121589	688.31335742131	143	39	14	46	270	266	151	10	1	84	38455	4915	3827	419	930	0	0	0	0
10	2	0	107	93	down	2	512	903.503768749055	6271.79258426475	907.888068637899	3266.96663183797	357.014045298464	1815.38956172551	320.735682261922	578.581088732352	735.897624209388	1105.43648309868	-593.728583142554	688.505534424715	141	49	23	45	254	271	135	11	10	85	38671	4801	3700	444	930	0	0	0	0
10	2	0	107	93	down	3	512	875.870066643439	5752.61969849656	911.49739562462	3296.29430682619	329.579160256905	1665.0006230178	306.664541629423	495.196986341021	743.932847371804	1126.18155449446	-593.754656700719	688.56585818493	127	77	38	34	236	262	141	13	2	94	38761	4679	3767	409	967	0	0	0	0
10	2	0	108	92	down	0	512	862.952105968433	5775.44618971056	904.05874491376	3104.21974431077	328.069773388465	1546.41694592583	307.391654722856	502.929083429809	722.145119312695	1068.1764545015	-593.599887563317	688.207030957251	139	50	24	40	259	267	148	11	4	82	38067	4839	3746	452	1057	0	0	0	0
10	2	0	108	92	down	1	512	992.02098967593	7117.44906877865	975.27416331194	3702.08146138512	295.205028304089	1372.86068135316	276.675063106279	386.879866075649	731.580628783408	1098.2494232938	-593.605014539382	688.218593985578	131	62	32	49	238	293	131	10	3	75	37942	4837	3857	468	1104	0	0	0	0
10	2	0	108	92	down	2	512	830.461196276551	5367.05998847599	835.326540393464	2822.13250381343	296.738213908152	1217.3987369906	294.000349926	477.518114738026	733.784549663858	1100.21306583993	-593.635787751672	688.290291288769	157	22	22	37	274	274	148	8	4	78	38315	4683	3699	407	1043	0	0	0	0
10	2	0	108	92	down	3	512	885.288987007808	6056.20910540572	897.643129613216	3316.27972832512	331.035331534716	1432.00364368084	326.100083561594	528.969349468244	715.417571792978	1048.96678002189	-593.666603772082	688.361576264851	145	56	28	41	242	251	159	9	6	87	37987	4978	3668	471	1108	0	0	0	0
10	2	0	109	91	down	0	512	895.464005336244	6280.89288916296	915.799497386462	3204.96280493336	400.178420508773	2039.0612061926	366.561624102078	671.481789390674	722.70203214846	1070.06011175885	-593.708576013105	688.459182237678	136	49	16	48	263	240	171	14	7	80	37702	4704	3746	440	1192	0	0	0	0
10	2	0	109	91	down	1	512	874.909533495928	5965.31835901708	895.632184741393	3122.87699912605	322.236661098145	1265.52312223617	339.476960621284	532.167612721489	707.481393638672	1029.9555263614	-593.702900944519	688.44607301633	151	36	21	43	261	266	181	9	2	54	37661	4904	3591	436	1154	0	0	0	0
10	2	0	109	91	down	2	512	802.350036656872	5078.72288246285	853.691101345446	2655.22014652569	310.154621773151	1094.41392526278	353.302548209986	550.579662864872	724.546027105365	1076.23455137943	-593.759261637173	688.576478842714	130	45	18	36	283	246	182	7	3	74	37845	4654	3672	421	1142	0	0	0	0
10	2	0	109	91	down	3	512	985.71322893124	7089.35474856855	953.23082185537	3516.19128141829	283.019366857527	1123.41087628075	305.79528563453	428.673214686546	726.257023476993	1081.41408106071	-593.73771738355	688.526685163221	128	51	24	52	257	280	148	8	2	74	37872	4662	3647	411	1215	0	0	0	0
10	2	0	110	90	down	0	512	682.652475842499	4120.98435862396	691.353325278572	2004.31445950866	283.772655761901	948.195078212157	317.295569723872	533.632242149674	697.60470043015	1001.85265533446	-593.714396112648	688.472851788397	172	33	12	30	265	270	161	5	5	71	37517	4655	3492	416	1164	0	0	0	0
10	2	0	110	90	down	1	512	703.355358215935	4399.00860888527	711.652575631278	2121.16451415329	310.303032306272	1212.6690769079	313.94938981663	423.747275272651	699.770106470724	1007.50198423454	-593.740877021575	688.534030469728	175	32	11	33	261	268	175	9	1	59	37483	4677	3534	386	1211	0	0	0	0
10	2	0	110	90	down	2	512	751.09268244312	4864.91123969314	752.391767167254	2459.91948299892	331.157134272521	1452.37118287633	329.128546159138	541.434520069078	695.695231717679	998.818548243349	-593.714128615726	688.471864466358	174	31	14	36	257	272	164	10	4	62	37039	4904	3686	451	1163	0	0	0	0
10	2	0	110	90	down	3	512	654.061049649064	4127.71997507577	646.943882932317	1825.17663110321	405.024391856267	2005.70843048443	373.936252575737	711.719966528639	717.951551188431	1061.7710025244	-593.616953484469	688.246644589793	193	39	8	32	240	248	185	14	6	59	37269	4643	3712	456	1197	0	0	0	0
10	2	0	111	89	down	0	512	759.357870715305	4855.06619971602	753.775840294243	2312.19380502441	386.557577460331	1690.61123120624	390.962870383294	719.589341068864	696.164740397566	1000.34687584693	-593.749181818545	688.553310743203	173	25	16	35	263	237	199	11	6	59	36873	4681	3585	429	1336	0	0	0	0
10	2	0	111	89	down	1	512	765.846267907816	5097.75955520422	770.298067878074	2564.79322995254	383.669033640332	1844.20092130531	395.298015736654	824.570763115883	709.787299979416	1040.65681421289	-593.685865549074	688.406338747303	165	67	22	35	223	249	180	13	5	65	36820	4705	3630	413	1473	0	0	0	0
10	2	0	111	89	down	2	512	663.809016994375	3962.40082312694	693.086376314235	1917.52762381756	452.610496490639	2372.12167609143	446.640333435802	923.398576051815	688.150667006549	976.945392038378	-593.715623119605	688.475571769478	174	35	11	29	263	230	207	18	4	53	36940	4745	3482	401	1277	0	0	0	0
10	2	0	111	89	down	3	512	781.318107302493	5289.9719361439	749.978152161186	2256.83326467027	415.57605463689	2017.52600130426	418.194432762021	910.492368267237	693.169192142153	988.830363643201	-593.736639752926	688.524031840097	172	30	9	42	259	242	197	14	6	53	36985	4627	3528	428	1229	0	0	0	0
10	2	0	112	88	down	0	512	676.899186938124	4212.84150957224	690.210803394352	2175.12312584221	399.873172263454	1822.86039816325	412.094446039197	799.94898477391	693.890526903008	990.376830293176	-593.764616012388	688.588943491472	186	36	12	31	247	235	206	13	4	54	36685	4532	3445	394	1366	0	0	0	0
10	2	0	112	88	down	1	512	634.387287570313	3597.03006503547	634.930473332225	1757.08429076488	423.915448175636	2203.43464511922	417.570686617859	830.671351260213	693.502647708898	995.024238336067	-593.661959632036	688.351187280101	181	34	15	24	258	258	195	17	3	39	36453	4619	3573	411	1456	0	0	0	0
10	2	0	112	88	down	2	512	619.817147613131	3736.18519497229	625.10859208199	1772.86310209181	490.06918026782	2670.44060148833	489.558042339988	1256.0900259713	672.377901302777	934.742719442742	-593.704450977469	688.449463677809	186	49	9	28	240	241	208	19	8	36	36484	4653	3491	428	1303	0	0	0	0
10	2	0	112	88	down	3	512	617.079823385946	3695.6473092488	632.924423463669	1817.89878003939	446.507170929393	2266.58686766896	435.779460785316	888.517735511354	687.671294973077	978.690934682409	-593.780366135212	688.625541393549	195	60	18	24	215	214	211	17	4	66	36579	4645	3447	385	1393	0	0	0	0
10	2	0	113	87	down	0	512	625.896674438754	3566.89034992276	643.136625572862	1814.73060785512	476.783002319705	2635.30718257262	447.826603252315	1020.95290752863	676.549520532205	943.813395032842	-593.769051076544	688.599318963173	172	44	12	25	259	227	188	18	10	69	36205	4566	3343	430	1512	0	0	0	0
10	2	0	113	87	down	1	512	641.700369874066	3879.02707269142	627.15732903891	1856.43432795504	457.73791734783	2377.22209426559	453.945998356439	1001.46299854439	663.095707848542	912.185999508611	-593.538466496682	688.064874132314	185	45	12	28	242	213	212	18	4	65	36023	4643	3486	392	1446	0	0	0	0
10	2	0	113	87	down	2	512	619.315891363446	3755.65639955692	632.020543024907	1819.29496675021	444.244495156578	2205.77220423621	433.618197444008	880.140331375032	695.619501630794	996.913437826609	-593.643640562351	688.308737992812	187	58	12	27	228	221	213	16	5	57	36127	4473	3553	391	1612	0	0	0	0
10	2	0	113	87	down	3	512	567.581079635631	2991.28253584544	609.190118395185	1586.53371713037	426.178123948451	2088.07913193791	428.979918349666	908.964585781295	667.04173380676	918.695077324727	-593.687908434909	688.411125309702	178	41	9	21	263	239	205	15	5	48	35808	4671	3654	411	1463	0	0	0	0
10	2	0	114	86	down	0	512	556.501552810008	3135.94212597935	549.197373846858	1436.41678090836	433.592019314079	2017.76012158404	477.093290479125	1069.25359120143	674.566992678659	945.106510498813	-593.585511104687	688.173616728312	200	46	8	23	235	217	213	13	8	61	35553	4590	3473	416	1587	0	0	0	0
10	2	0	114	86	down	1	512	540.469623455629	3001.49217931198	568.308781301736	1500.36133841376	388.589210254387	1712.9848683658	421.098275310246	819.889724392114	671.734595903104	928.536810186322	-593.668195680249	688.365511757684	222	33	10	21	226	254	206	12	4	36	35544	4567	3499	422	1568	0	0	0	0
10	2	0	114	86	down	2	512	556.676571138443	3214.27336058035	549.921743519838	1299.29329314715	403.942055970951	1906.79343383448	419.722440887036	879.194782473796	680.583338297479	954.836514092432	-593.704731456476	688.450197553362	207	40	5	25	235	251	196	13	6	46	35514	4588	3516	414	1607	0	0	0	0
10	2	0	114	86	down	3	512	603.159350211569	3542.8873858977	634.011301784692	1956.42678022017	383.692832375955	1725.96073138045	399.407052892788	715.082225622195	661.272282592116	904.319578517169	-593.791760609767	688.652304433359	201	52	17	23	219	239	203	13	2	55	35684	4598	3330	420	1439	0	0	0	0
10	2	0	115	85	down	0	512	715.968070645622	4747.21523168878	657.93030201142	2026.67245207931	496.928603793132	2697.06978675888	480.091709605814	1144.66470920859	667.176739596312	917.900982758355	-593.847844635327	688.78193700485	198	33	12	36	233	230	219	20	6	37	35361	4311	3446	402	1703	0	0	0	0
10	2	0	115	85	down	1	512	610.291796067501	3687.00265251616	596.135997672561	1615.48783992234	422.536291224079	1985.45612958841	435.013722215364	856.287570068552	656.172550096104	897.689619540127	-593.702828673099	688.445590721445	208	30	8	28	238	225	212	14	5	56	35331	4412	3345	432	1545	0	0	0	0
10	2	0	115	85	down	2	512	630.21759080094	3806.68965516938	603.560454691861	1535.22400047082	444.392905689699	2382.75074808601	441.931195014842	858.836971581419	657.772326921199	896.673216114809	-593.508456204188	687.995176229285	187	40	8	29	248	247	202	19	2	42	35182	4507	3417	414	1577	0	0	0	0
10	2	0	115	85	down	3	512	608.586401194694	3607.55606633973	598.503413469909	1701.91582276569	370.10140618252	1494.99124951977	404.167872613472	702.550221351577	660.994363152416	904.800853387125	-593.675695088325	688.382504824673	199	52	16	24	221	228	207	10	4	63	35322	4415	3364	419	1661	0	0	0	0
10	2	0	116	84	down	0	512	605.695048315003	3700.82338559399	591.241783067893	1585.15712199819	392.183445507514	1735.73570140878	426.002893759509	829.506942677574	655.506701008439	893.221239963731	-593.594344429052	688.194146998371	204	37	6	29	236	240	213	13	2	44	34738	4422	3416	432	1734	0	0	0	0
10	2	0	116	84	down	1	512	574.692535815633	3411.04240255856	576.414505194608	1490.3494658014	404.093275563765	1769.01840716816	421.059113604418	812.212446016781	661.394675738211	904.027058854672	-593.741018471716	688.534330781227	202	49	7	26	228	232	215	12	5	48	34989	4272	3338	409	1808	0	0	0	0
10	2	0	116	84	down	2	512	649.790539817815	3908.29758252267	634.772274433141	1842.81217452237	407.210053302829	1772.08839215998	431.635261448212	834.195079931327	664.368168864522	911.690923522163	-593.769131419037	688.599819352296	185	45	15	27	240	221	218	12	5	56	34907	4372	3344	385	1825	0	0	0	0
10	2	0	116	84	down	3	512	567.204435183444	3323.96637624066	555.490399103018	1352.16693122111	528.663415520947	3026.18533656725	507.13826022851	1273.89716399918	662.214859018309	913.575617423955	-593.644084790762	688.309437952887	203	43	5	26	235	215	219	23	6	49	34829	4326	3444	409	1771	0	0	0	0
10	2	0	117	83	down	0	512	662.530673104693	4293.32191774095	630.169118428199	1789.55631967419	358.215374861892	1422.55649112459	391.218213198469	619.200983996369	639.917859557855	848.832314123027	-593.706140389462	688.453714886097	183	55	7	34	233	238	213	11	0	50	34348	4357	3374	417	1800	0	0	0	0
10	2	0	117	83	down	1	512	610.644641784065	3569.64104137079	613.068682482371	1744.88714760955	467.506874369071	2487.50446019709	437.040671075877	923.471285711988	638.183953153277	848.437224677714	-593.677477602152	688.387160452616	193	37	10	26	246	241	213	19	4	35	34445	4394	3263	394	1804	0	0	0	0
10	2	0	117	83	down	2	512	600.395418189069	3754.43139790425	582.055582578978	1609.05451650134	419.748560465956	2118.70540982138	431.118570529848	835.037346689468	663.872072940458	916.785559344439	-593.722144830156	688.490434983394	213	50	10	28	211	227	204	17	1	63	34422	4310	3350	414	1766	0	0	0	0
10	2	0	117	83	down	3	512	664.538507163126	4199.04217600663	649.098269689311	1963.26484179363	427.210053302829	2049.17043148497	427.587172587109	846.594096752225	654.650150801195	883.875294482097	-593.747972739611	688.550278365038	194	42	12	31	233	221	213	15	4	59	34427	4358	3326	385	1831	0	0	0	0
10	2	0	118	82	down	0	512	579.992165941567	3339.44048821237	570.166671802141	1518.16592488705	390.57605463689	1595.99107960583	440.921871447445	766.097937052083	646.368971809068	871.204848368837	-593.67404059949	688.379076073579	205	38	10	24	235	222	230	12	1	47	34000	4295	3313	376	1934	0	0	0	0
10	2	0	118	82	down	1	512	430.095788063135	1817.26446850516	463.159469047507	833.581199391662	484.369106954076	2565.00313393901	490.751410344541	1236.74788902524	646.525999510962	861.510299589947	-593.820986635643	688.719718006084	214	34	3	13	248	217	212	18	8	57	34106	4235	3296	347	1842	0	0	0	0
10	2	0	118	82	down	2	512	655.466814395937	4247.05118135778	601.753616499665	1598.98696932995	547.933925352196	3263.16094471098	515.826141634294	1295.81770109381	622.557086679137	813.956646996358	-593.602394523383	688.213083904666	207	31	6	34	234	215	221	26	4	46	33719	4499	3322	444	1974	0	0	0	0
10	2	0	118	82	down	3	512	565.469623455629	3224.12133626354	573.9160793779	1448.48723574418	521.453955338763	3095.78115294937	487.045789218307	1112.22601069151	632.177752304955	834.217121031263	-593.576456968416	688.152709950528	202	35	5	25	245	216	210	25	3	58	33782	4426	3356	420	1825	0	0	0	0
10	2	0	119	81	down	0	512	585.294605127193	3599.04231760159	541.063173931214	1422.1612502751	632.527864045	3985.73513502896	605.38792308316	1600.14182812183	638.21589952617	845.947912707548	-593.66384284815	688.355420432201	207	44	4	29	228	204	239	32	5	32	33364	4276	3440	392	1931	0	0	0	0
10	2	0	119	81	down	1	512	604.793348877508	3660.70199269247	584.105665151411	1563.10377110402	604.68972675594	3464.91460018407	619.161657797808	1655.00010681381	616.02201119366	789.563479843809	-593.609818683975	688.230229522142	192	56	10	27	227	191	251	25	10	35	33590	4320	3161	401	2048	0	0	0	0
10	2	0	119	81	down	2	512	693.859423525313	4408.58316735014	659.511286589611	2076.92096317521	545.721656110318	3105.27640956238	561.893065270449	1463.75197473023	642.494931035559	853.017260467198	-593.571081987273	688.140281987403	185	42	14	32	239	221	220	22	10	39	33417	4341	3337	377	2088	0	0	0	0
10	2	0	119	81	down	3	512	592.302439185627	3588.12122298757	566.242112423491	1505.33651887861	609.538507163126	3489.51335227227	616.157593869519	1610.63578405659	630.862642638315	822.96197028891	-593.709925149133	688.462084594584	214	31	6	28	233	186	260	26	8	32	33507	4298	3286	381	1879	0	0	0	0
10	2	0	120	80	down	0	512	434.419513485014	2331.91496833095	435.274929662997	919.030377978753	377.313675424398	1797.32866704181	370.182602265697	678.605533473604	636.016477544033	841.651995538629	-593.725058799909	688.497234350507	244	50	1	19	198	242	180	13	4	73	33282	4079	3260	339	2162	0	0	0	0
10	2	0	120	80	down	1	512	451.252329215011	2174.48636453782	472.854716538141	1063.22780807075	396.103918681891	1956.67189933801	386.435351836755	753.992120453994	618.661918697879	797.67396715055	-593.670030222335	688.369459489034	220	43	4	16	229	258	183	14	5	52	32954	4296	3284	426	2087	0	0	0	0
10	2	0	120	80	down	2	512	447.835921350013	2190.93625456721	435.009962078675	872.382897832935	303.443608780959	1048.22836214361	345.449835802213	517.263063727241	626.355435909076	814.002385971755	-593.802878678384	688.678205833281	228	48	7	15	214	263	183	7	2	57	33318	4107	3184	351	1954	0	0	0	0
10	2	0	120	80	down	3	512	444.695344875325	2265.3769693315	435.06001671897	867.709692025263	353.040356533457	1574.84831551108	356.177951918078	634.921493659814	612.372534862297	782.615238062984	-593.76845991894	688.598118817416	233	48	4	17	210	263	177	11	4	57	33063	4279	3264	354	2005	0	0	0	0
10	2	0	121	79	down	0	512	761.395121628747	5013.70763755268	764.300158543071	2431.98365527143	534.517517487197	3327.42236423411	479.144127329816	1203.59584674134	610.190477948637	781.076233326646	-593.668401633087	688.365960827631	172	39	15	37	249	239	191	26	6	50	32736	4169	3167	376	2107	0	0	0	0
10	2	0	121	79	down	1	512	721.172505829066	4674.04525330766	739.639466374263	2352.90096347112	433.262972333137	2037.24628788893	465.807750524259	988.242325820473	623.605674884713	807.82367617796	-593.693951704786	688.425119533616	169	56	15	34	238	230	217	14	6	45	32724	4074	3281	369	2103	0	0	0	0
10	2	0	121	79	down	2	512	742.676274578121	4619.46146293972	745.313286273066	2209.97999676737	450.398227248762	2252.59578806313	446.044556576917	878.295316628482	602.861564811071	757.263443780492	-593.652064529425	688.328363965788	154	33	13	34	278	232	213	16	6	45	32821	4138	3152	337	2092	0	0	0	0
10	2	0	121	79	down	3	512	657.100813061876	3915.44339559945	679.742613283546	1855.39538806468	562.331856040635	3573.413245607	521.483163666876	1353.12800830044	625.411745725772	817.495016132704	-593.734207841662	688.518719418614	174	36	10	29	263	222	202	29	4	55	32761	4175	3139	373	2135	0	0	0	0
10	2	0	122	78	down	0	512	554.467110956259	3114.34035322811	548.903825896272	1437.42528606315	452.005618119385	2175.44074308328	479.145459584032	991.799375630515	599.241009472372	751.271599618505	-593.661125775592	688.349049852594	200	51	10	22	229	222	230	16	4	40	32311	4241	3040	344	2233	0	0	0	0
10	2	0	122	78	down	1	512	565.368810393754	3047.9268244312	579.119002644992	1471.90095309215	490.270806391571	2611.76587972022	482.493908544434	1144.27085043816	604.373796771832	759.99617227627	-593.763574507677	688.587013239603	192	33	8	22	257	233	212	18	9	40	32423	4005	3128	380	2308	0	0	0	0
10	2	0	122	78	down	2	512	609.917960675006	3607.85088307027	611.436603206621	1659.31282367838	422.936734411888	2024.68398199018	439.093820044528	838.124130391496	603.173668790996	765.144890215271	-593.580799226458	688.162665525526	188	50	11	26	237	230	220	16	1	45	32392	4060	3072	412	2388	0	0	0	0
10	2	0	122	78	down	3	512	506.201922684074	2863.63827557867	525.374201967103	1303.15793147136	430.270806391571	1857.23705598585	468.936734462282	933.036983752361	599.795183671376	748.920544491338	-593.739875858667	688.531957240325	221	51	5	22	213	225	241	13	4	29	32315	4200	3059	362	2252	0	0	0	0
10	2	0	123	77	down	0	512	501.652772402821	2643.34947185522	513.981175618885	1237.13332333975	492.809313554697	2536.40728923789	498.21194725557	1273.51224924978	590.72030240906	734.7903606228	-593.571554696139	688.141503853922	217	41	7	19	228	223	215	16	12	46	31845	4132	3086	361	2329	0	0	0	0
10	2	0	123	77	down	1	512	535.973688765007	3132.78403201746	515.724925915898	1273.18711969555	524.642129284695	2925.04243087755	523.193427831484	1345.08921323326	590.386266771394	729.587956038768	-593.748133178112	688.550704677795	224	42	6	24	216	227	212	20	11	42	31666	4294	3085	379	2350	0	0	0	0
10	2	0	123	77	down	2	512	530.570436517505	2891.15176944589	526.846930475041	1266.68319211131	443.337177599698	1970.6596184529	504.607115719899	1183.87240392486	610.925893544479	775.8851443711	-593.730363956773	688.509695551101	212	32	5	22	241	223	229	12	9	39	31995	3957	3107	365	2389	0	0	0	0
10	2	0	123	77	down	3	512	576.175314888758	3196.84489838217	581.719866686829	1481.3520278186	489.994975001259	2630.49234922593	471.107805935688	1020.93351129765	598.66417344057	752.165909103774	-593.570357772165	688.138521095759	180	51	9	23	249	228	215	19	7	43	31928	3978	3140	378	2488	0	0	0	0
10	2	0	124	76	down	0	512	460.071989327512	2164.77516826127	497.870722384	1072.21838364519	429.846564468139	2268.22500165267	432.504255596071	865.202621247531	579.023996537238	708.243087357414	-593.568367892875	688.134030158483	208	48	6	15	235	246	197	18	2	49	31405	4148	2971	388	2581	0	0	0	0
10	2	0	124	76	down	1	512	511.652772402821	2712.98472677084	529.719313432371	1274.86335324995	544.114265239694	3182.43145454223	525.250196058693	1381.82356150584	587.058842701586	721.365329437172	-593.739425751442	688.530683238143	209	42	6	20	235	231	203	22	12	44	31452	4075	2996	389	2428	0	0	0	0
10	2	0	124	76	down	2	512	523.209756742507	2687.45886706154	550.192534872114	1404.55947859537	400.979306884393	1744.81181268365	448.309455695039	881.377917116779	589.88282707799	725.376718906489	-593.711381959088	688.465375121229	204	39	10	18	241	218	222	13	2	57	31498	4023	3041	350	2487	0	0	0	0
10	2	0	124	76	down	3	512	595.594235253127	3531.71091308664	564.391101397516	1350.0979220353	492.708500492822	2750.91177775397	467.767420793206	1098.57526837146	588.435764892232	722.367809120974	-593.663546125735	688.35466347271	194	32	2	29	255	233	210	21	5	43	31459	3981	3097	375	2270	0	0	0	0
10	2	0	125	75	down	0	512	551.501552810008	3249.11840055747	543.344570464243	1514.3118881201	533.562602459072	2836.26743253022	535.944884612997	1379.61337510619	570.199092097168	691.956535952276	-593.578779752269	688.158058470652	224	47	11	23	207	201	233	19	11	48	30992	4070	2955	383	2646	0	0	0	0
10	2	0	125	75	down	1	512	547.756097964067	3126.87818231362	550.793859856476	1406.27364897124	415.851886027202	1978.43478671417	442.699087137407	950.940104374785	592.545267617092	739.215192247587	-593.769936602661	688.601645858494	221	34	8	23	226	239	205	14	5	49	31436	3780	2858	326	2642	0	0	0	0
10	2	0	125	75	down	2	512	548.535994663756	3264.07882042902	529.355665632652	1302.97283290253	394.345308218454	1816.89077470762	433.387326964524	893.985870890363	572.070838509216	690.014099064519	-593.698415119859	688.435394995486	220	40	4	26	222	243	200	13	4	52	30988	4051	3020	341	2564	0	0	0	0
10	2	0	125	75	down	3	512	476.403548807825	2399.52286736525	496.6842014497	1184.01405951013	439.342499158761	1926.67483504408	491.913465793913	1115.55043734323	572.737565064379	690.954627498276	-593.680685843002	688.394317742087	217	51	9	16	219	220	232	12	8	40	31137	3942	2970	351	2504	0	0	0	0
10	2	0	126	74	down	0	512	494.416704425321	2438.88749917366	512.991985911222	1144.0016092968	372.035034974393	1320.03376535429	447.573373659056	781.690713849651	584.073034328396	715.133820394385	-593.705129658706	688.451208649378	205	40	7	17	243	210	236	9	2	55	30749	3756	3047	336	2555	0	0	0	0
10	2	0	126	74	down	1	512	518.737620787507	2858.68680442028	513.369032500201	1239.00867745646	537.005618119385	3211.32211597389	496.574546363702	1174.19595031505	566.355783031731	674.510962853718	-593.776309556968	688.615968869925	220	40	7	21	224	214	216	26	3	53	30699	3924	2922	343	2670	0	0	0	0
10	2	0	126	74	down	2	512	457.408870366888	2358.34961345017	480.426829535025	1179.64174355451	408.865041644698	1578.27059478822	456.769090076895	870.19292469528	568.463774538901	685.764910575112	-593.69376038409	688.425149764425	230	50	6	17	209	219	244	10	5	34	30680	3852	3032	324	2620	0	0	0	0
10	2	0	126	74	down	3	512	534.390096630006	2974.25210266308	536.447146327096	1280.59953523797	480.496231250945	2324.48622294287	483.149897770315	936.988539332413	577.445729244516	705.326038186704	-593.647821686394	688.318094183696	216	37	7	22	230	207	254	18	2	31	30773	3790	2999	326	2592	0	0	0	0
10	2	0	127	73	down	0	512	486.225721419696	2606.12757582256	511.342203307818	1173.19406933745	559.793348877508	3219.7141886206	553.409446770388	1534.55307280097	570.589293129226	691.362113853131	-593.701340022241	688.442395438979	227	39	4	20	222	216	209	21	15	51	29992	3941	3092	351	2621	0	0	0	0
10	2	0	127	73	down	1	512	529.063858708757	2830.51962015028	522.231397030603	1256.87911602616	470.923282234069	2353.60778575833	474.136663337545	1004.15062096743	568.227765733391	679.410964442053	-593.757229090103	688.572035633518	204	38	6	21	243	225	236	18	3	30	30294	3836	2923	323	2709	0	0	0	0
10	2	0	127	73	down	2	512	505.193792065318	2843.03017831143	505.332674202845	1186.82860255625	519.366297894383	2957.49229258794	508.868746334697	1270.54583340584	557.481763639157	656.252136181473	-593.670146567508	688.370231538564	233	30	2	23	224	226	213	22	7	44	30173	3959	2919	325	2687	0	0	0	0
10	2	0	127	73	down	3	512	499.040059973134	2561.31302566577	530.489997640442	1255.83225001158	428.337177599698	2011.82979506696	455.194353415466	899.893065190482	570.647034206842	686.888107387108	-593.623511662432	688.261906230473	206	42	5	19	240	235	223	15	3	36	30333	3795	2866	382	2805	0	0	0	0
10	2	0	128	72	down	0	512	383.111752740324	1451.7690986162	435.788560821208	759.350940594165	574.265484832508	3312.28558482747	568.098957899497	1435.19342835618	554.835602301627	654.243659362976	-593.793043050838	688.655145995181	237	34	5	9	227	192	239	25	7	49	29798	3791	2910	365	2717	0	0	0	0
10	2	0	128	72	down	1	512	455.549446841575	2335.99093801087	469.45934136824	922.034120441739	636.095491502812	4109.5041203692	596.497087329087	1772.41060300949	534.107788666653	611.157303810341	-593.645927952423	688.313473134718	225	48	3	18	218	229	206	30	13	34	29855	3902	2784	323	2787	0	0	0	0
10	2	0	128	72	down	2	512	525.146194594073	2943.15800900491	503.922754613339	1161.18057609339	561.851589466879	3240.52255585635	541.417072966813	1408.60463154761	548.027302763631	631.190917242361	-593.735457322819	688.521351221883	205	50	4	23	230	214	230	24	8	36	29954	3782	2801	327	2781	0	0	0	0
10	2	0	128	72	down	3	512	543.411382866258	3140.75975343716	540.962232856817	1405.93280009572	438.538803723449	2022.79032821447	456.080653474763	861.638530628355	558.570694637111	657.253953651818	-593.739023761015	688.529896049113	212	46	6	24	224	219	234	15	3	41	29933	3704	2902	325	2757	0	0	0	0
10	2	0	129	71	down	0	512	505.169993329695	2647.28866212849	518.574080354214	1197.35270729116	644.790539817815	3725.48605302892	659.501903230249	1901.27501951814	547.808620483283	629.732722946983	-593.580587047047	688.16238852243	215	39	7	19	232	169	261	26	13	43	29350	3703	2958	341	2918	0	0	0	0
10	2	0	129	71	down	1	512	442.082632445639	2224.07001331081	466.63390626514	1098.69319020107	772.148410533121	4987.21523168878	756.380695317183	2534.57684836488	537.175951374122	612.628410728623	-593.737234370512	688.525699637765	238	51	8	15	200	166	254	35	19	38	29425	3870	2726	331	2835	0	0	0	0
10	2	0	129	71	down	2	512	525.445824720007	3023.09101635715	492.368787662175	1150.25194496133	638.506577808748	3581.52238594241	662.383119444419	1820.93860402688	549.340848657587	641.480115805369	-593.622997173304	688.260814541197	228	39	6	23	216	176	274	25	12	25	29365	3834	2809	344	2808	0	0	0	0
10	2	0	129	71	down	3	512	530.973688765007	2949.97250252372	521.486715609574	1224.96711753382	504.517517487197	2684.71726592163	529.748587908915	1180.63666030282	552.24925693694	648.648324492478	-593.767882639662	688.596509715175	208	40	4	23	237	207	238	21	3	43	29563	3667	2815	307	2985	0	0	0	0
10	2	0	130	70	down	0	512	484.093275563765	2642.4529956494	457.574638483205	1035.83343691884	395.10140618252	2072.33160274788	359.999210976369	634.386444551857	539.165704852203	624.022653102493	-593.724093689624	688.494929240034	216	60	5	20	211	252	173	16	3	68	29149	3701	2687	303	3025	0	0	0	0
10	2	0	130	70	down	1	512	451.353142276887	2488.49240586391	418.356105671685	913.38284490292	371.35595133658	1810.82087467278	368.180985028484	656.606525868376	537.839556967901	618.903663090068	-593.661587074522	688.350162310694	246	46	2	20	198	265	178	14	2	53	28863	3839	2817	321	2901	0	0	0	0
10	2	0	130	70	down	2	512	363.669033640332	1684.56566638968	365.233222936469	679.884910755005	378.918257235329	1858.75701596402	370.48587571726	690.557328193345	536.604648396253	609.709373192951	-593.802486434937	688.677213176927	257	62	4	12	177	265	179	14	3	51	29209	3599	2713	319	2907	0	0	0	0
10	2	0	130	70	down	3	512	379.546934342205	1702.30419022857	389.614344544094	676.231583215189	422.485884693141	2299.42566808706	389.357863946109	804.878102869289	534.303679058857	611.516635899014	-593.646499750167	688.315088238313	247	54	4	12	195	254	181	18	3	56	28927	3726	2816	371	2991	0	0	0	0
10	2	0	131	69	down	0	512	810.814041993116	5519.12076988372	771.030738516609	2395.99035658547	365.528457165645	1410.93653775712	408.457182926238	673.845688371164	526.144747177814	586.830203839461	-593.577833176807	688.155846034617	166	24	9	44	269	222	217	10	2	61	28723	3600	2673	332	3086	0	0	0	0
10	2	0	131	69	down	1	512	745.490613131559	4916.0754033001	706.953406487116	2171.59498494412	494.920769734699	2752.99088137289	479.36789059956	1050.18851529211	527.159995093902	595.187791909857	-593.833504941913	688.748767714439	169	35	8	39	261	223	212	21	5	51	28658	3672	2686	312	3113	0	0	0	0
10	2	0	131	69	down	2	512	809.811529493745	5499.33978684829	785.33556981502	2616.83692361565	476.252329215011	2634.37993335656	463.062410194933	1083.40584218173	537.451964517258	612.160366872591	-593.637072866477	688.293528794871	164	42	16	41	249	236	203	20	5	48	28391	3668	2914	355	3141	0	0	0	0
10	2	0	131	69	down	3	512	713.758610463437	4450.74730263811	738.379431388812	2255.59404091891	445.448633779699	2266.33134787696	441.607492039434	903.369809195225	550.339405899845	643.281449558518	-593.696000845101	688.429963458297	171	43	17	31	250	235	211	17	4	45	28630	3524	2831	343	3069	0	0	0	0
10	2	0	132	68	down	0	512	502.106431181261	2740.5410196625	507.130802112272	1136.39714228325	514.292092627823	2892.90878540992	497.92422671037	1139.02372336239	530.305237934979	592.75586117523	-593.707925669881	688.457698641928	208	49	2	22	231	221	211	21	8	51	27983	3681	2833	319	3081	0	0	0	0
10	2	0	132	68	down	1	512	580.795861376879	3437.48907369197	543.955965593602	1315.90437355611	561.098300562505	3298.29156951557	534.70742324482	1360.01767975602	534.180093811591	608.645948219125	-593.654076496378	688.332722886578	206	35	5	27	239	216	225	25	7	39	28120	3543	2809	344	3059	0	0	0	0
10	2	0	132	68	down	2	512	465.875684762824	2445.63528323462	496.349855536087	1117.40958238914	531.652772402821	2834.26133456616	537.972496444389	1277.7185655672	520.883032739465	580.896273359617	-593.759604498174	688.577379909438	225	47	3	19	218	205	231	19	11	46	28134	3634	2687	361	3214	0	0	0	0
10	2	0	132	68	down	3	512	561.528160605323	3240.47109130866	563.09589449419	1520.86629886473	539.642129284695	3078.03633291348	515.229512097408	1277.20508079979	530.548236075412	600.004604278943	-593.670009344064	688.369977084881	205	58	13	22	214	215	224	23	7	43	28190	3510	2791	325	3165	0	0	0	0
10	2	0	133	67	down	0	512	451.453955338763	2115.81164276971	479.485168656691	951.557930643628	476.302735745949	2496.58057147196	484.449977184894	1017.69721584006	516.6931377573	567.6364678768	-593.742334660725	688.53705856947	212	47	5	15	233	219	222	19	4	48	27834	3448	2741	281	3168	0	0	0	0
10	2	0	133	67	down	1	512	535.395418189069	2975.26731925426	532.853131482951	1330.84582311943	459.241686096885	2321.17932356015	482.266840467297	1057.74094718385	515.652539825507	570.871958158476	-593.726698680369	688.501193713101	213	39	7	22	231	230	219	17	5	41	27820	3536	2620	328	3318	0	0	0	0
10	2	0	133	67	down	2	512	513.36097633532	2538.77197768428	525.3804114643	1252.1727402063	454.191279565947	2041.27358713227	497.936927988	1131.74837615671	533.903079729595	611.404674059213	-593.56655920291	688.129864871057	197	40	9	17	249	215	237	13	8	39	27659	3503	2800	342	3414	0	0	0	0
10	2	0	133	67	down	3	512	539.766741082193	3215.07879211002	521.03340031774	1296.58678430451	533.236364537822	3089.87530324553	504.957897579256	1201.27209957716	524.690374439475	591.306287058558	-593.650278121632	688.324016346101	227	36	3	26	220	213	220	24	5	50	27538	3631	2824	311	3292	0	0	0	0
10	2	0	134	66	down	0	512	534.040059973134	2973.39506499076	529.833874673419	1228.17575967003	477.809313554697	2439.7659363582	478.399538274803	1062.60050102398	511.39083358385	559.759653611041	-593.66858814193	688.366245965473	206	48	7	22	229	219	228	18	5	42	27385	3490	2610	307	3395	0	0	0	0
10	2	0	134	66	down	1	512	573.384775070943	3272.14265081878	561.004587044284	1370.50349143689	591.750776405004	3824.47992674587	546.006997347847	1657.03568843634	508.822848899945	552.948519682383	-593.615542152172	688.243440684468	195	40	6	25	246	244	187	28	12	41	27443	3399	2637	313	3429	0	0	0	0
10	2	0	134	66	down	2	512	445.321212922509	2109.69600800437	478.041048619834	998.309543065522	448.488397192511	2171.50155281001	484.147043517765	1085.45528924034	506.189503278724	545.195699844378	-593.645088694403	688.311931309136	232	33	5	15	227	224	226	16	4	42	27309	3530	2655	298	3362	0	0	0	0
10	2	0	134	66	down	3	512	512.331856040635	2694.35559813828	497.18962707895	1091.13612018711	505.422025984384	2843.88442187264	488.124458181641	1128.66623349333	509.806712019536	552.376397123317	-593.741561639943	688.535459271224	206	47	8	19	232	230	209	21	7	45	27291	3569	2604	328	3223	0	0	0	0
10	2	0	135	65	down	0	512	521.353142276887	2939.95138620141	510.275890018049	1262.91105290256	571.97901032407	3270.25822894614	552.601260284698	1380.27807998284	499.031698678038	537.030606647861	-593.764285902347	688.588403063504	214	57	9	21	211	189	244	25	6	48	26887	3422	2646	325	3386	0	0	0	0
10	2	0	135	65	down	1	512	519.692535815633	2938.77799069138	503.886342999484	1248.44828287577	527.732299228444	2986.03023494942	509.532389259527	1190.75671634858	499.35912072142	537.072495018611	-593.608731505042	688.227545510482	230	42	9	21	210	219	226	23	5	39	26910	3410	2635	325	3489	0	0	0	0
10	2	0	135	65	down	2	512	633.533185604064	3751.8567828014	599.604950664371	1629.97679522952	588.458980337503	3720.34311902023	516.088084259782	1233.66629884878	505.018960032087	545.789961936068	-593.624945967813	688.264955502902	185	34	9	28	256	220	224	31	2	35	26793	3512	2648	327	3414	0	0	0	0
10	2	0	135	65	down	3	512	514.567924018134	2657.2826491214	516.923589839251	1204.36030434206	541.199113624381	3138.68064981823	525.410915772013	1310.23096809502	485.822317852147	516.000255967582	-593.607644166188	688.225263978291	198	46	7	19	242	222	222	24	6	38	26918	3510	2517	335	3340	0	0	0	0
10	2	0	136	64	down	0	512	524.843755408446	2983.81449351881	511.768110935531	1305.43191850444	462.281449509697	2167.62613628851	479.363937083861	986.979446775164	503.634289183826	542.003189265525	-593.543133337845	688.075618386554	227	46	10	21	208	215	238	15	6	38	26530	3302	2624	312	3595	0	0	0	0
10	2	0	136	64	down	1	512	455.899483498447	2316.48323059882	469.273540934117	921.398038286926	625.443015660314	3998.20933195764	556.561819618176	1471.76123755145	488.199157984885	514.27646597099	-593.620940294645	688.256133660025	227	36	0	19	230	217	220	31	8	36	26543	3413	2538	274	3645	0	0	0	0
10	2	0	136	64	down	2	512	489.618330549072	2570.10634622429	486.826617844656	1028.61018204073	591.700369874066	3528.47995506486	558.702793543935	1514.32184756371	502.630659556319	540.695062800455	-593.816761945121	688.709893741489	213	43	3	20	233	205	236	27	7	37	26680	3258	2532	298	3532	0	0	0	0
10	2	0	136	64	down	3	512	536.575758076568	3113.33716265112	522.842116032499	1187.90167163914	507.607687430946	2768.44065812631	493.493666560968	1189.71956600321	501.972885670482	539.736938412229	-593.664938506328	688.357678989397	221	35	3	25	228	227	212	19	10	44	26529	3307	2631	301	3567	0	0	0	0
10	2	0	137	63	down	0	512	490.095788063135	2298.54107630048	528.314284223007	1346.28001304664	543.034738414071	3238.55002501364	512.07124169302	1302.64346698619	477.635870805573	496.026383147517	-593.530433773114	688.046091529696	210	46	16	12	228	221	212	25	6	48	26106	3325	2538	287	3716	0	0	0	0
10	2	0	137	63	down	1	512	548.737620787507	3264.12749086559	518.743962006096	1245.75936470799	517.782705759382	2857.68375543825	501.37429923862	1180.24432250047	488.647353621266	515.108308968422	-593.628902316849	688.2742300886	216	44	4	26	222	222	223	21	7	39	26222	3240	2476	318	3645	0	0	0	0
10	2	0	137	63	down	2	512	460.875684762824	2341.91189102993	471.80709076328	1044.36800622337	471.703178933759	2452.44977675342	498.100219011652	1137.97196226875	485.162125289777	511.79441700633	-593.653026326718	688.330318681181	221	46	3	18	224	228	225	19	3	37	26044	3454	2455	303	3595	0	0	0	0
10	2	0	137	63	down	3	512	475.499040310637	2436.89063311267	476.799822110864	1019.0322451343	472.910126616573	2473.87840886554	492.12290400789	1156.26017691458	488.101856001232	512.690543281585	-593.724093493061	688.494994338317	214	50	5	18	225	229	215	18	6	44	26108	3296	2539	313	3567	0	0	0	0
10	2	0	138	62	down	0	512	485.647450843758	2468.97560814373	490.196544327599	1172.77990615407	538.185958006884	3096.50448851608	535.338988174459	1464.31906266207	486.962786548264	515.748697540908	-593.663255353376	688.354143161125	224	37	8	17	226	218	211	22	10	51	25595	3306	2549	294	3876	0	0	0	0
10	2	0	138	62	down	1	512	494.114265239694	2556.26127792818	495.178518688076	1052.91264481832	580.795861376879	3358.4009364029	547.528473189834	1237.59507989671	484.940614118066	513.659293687737	-593.608890989004	688.228047522635	219	34	5	19	235	194	254	27	3	34	25625	3321	2453	345	3823	0	0	0	0
10	2	0	138	62	down	2	512	600.493422191252	3734.86285244648	549.276291829383	1478.09024635827	480.546637781882	2776.29162615356	479.732022043283	1094.15702512495	470.693841249812	481.073142615746	-593.717737151563	688.480309231644	220	33	7	29	223	250	204	23	1	34	25641	3348	2444	311	3665	0	0	0	0
10	2	0	138	62	down	3	512	560.798670436571	3414.89348386177	520.969780091505	1313.34886213236	690.594235253127	4639.59838394131	614.112383479393	1792.38458147771	475.417902306897	492.458939820125	-593.600467492557	688.208364216402	213	51	5	27	216	198	219	36	10	49	25533	3394	2509	308	3778	0	0	0	0
10	2	0	139	61	down	0	512	480.398227248762	2599.31308230375	470.0508496283	1041.62296398864	616.798373876249	3458.2883506196	654.973298408611	1747.45984064078	472.551388682068	481.977397772195	-593.66098045312	688.348490473214	224	49	4	20	215	180	276	26	7	23	25393	3150	2420	269	3908	0	0	0	0
10	2	0	139	61	down	1	512	371.557577460331	1555.61123120624	406.748330978387	756.190688412171	772.827494170934	5280.19696611557	727.881234491625	2195.54024143053	476.10686982692	486.096452918652	-593.735928109666	688.522698391348	237	56	3	11	205	171	249	42	9	41	25355	3135	2469	273	3914	0	0	0	0
10	2	0	139	61	down	2	512	550.872875703132	3227.03020663043	517.491861715377	1252.8124322287	528.132742416254	2731.64112632776	592.435482313828	1410.3056645991	484.498536933093	514.181951361019	-593.660894903544	688.348594019687	210	41	3	26	232	204	254	20	6	28	25132	3249	2595	256	3995	0	0	0	0
10	2	0	139	61	down	3	512	445.674058639073	2306.3161029668	449.308476333208	979.162124196738	779.535698103434	5071.89607973995	775.796202321671	2488.17381847399	467.519019001091	481.303683224809	-593.768934286563	688.599124668389	245	41	5	17	204	147	276	39	11	39	25282	3265	2375	310	3808	0	0	0	0
10	2	0	140	60	down	0	512	324.273912011586	1227.6296383744	356.643466935757	578.584579969872	373.040356533457	1714.11882534233	368.61709491293	618.698241094976	447.491452719968	442.744460229208	-593.656513649269	688.33823389075	245	67	1	9	190	247	191	13	2	59	24620	3294	2506	300	3892	0	0	0	0
10	2	0	140	60	down	1	512	322.966151266896	1246.90616121274	349.811221065548	533.789657450151	435.801479496264	2314.22805063471	423.634957436124	902.923091542918	464.688933410373	468.518493458432	-593.715224880711	688.474590760875	262	60	4	8	178	244	196	18	3	51	24852	3140	2440	288	4042	0	0	0	0
10	2	0	140	60	down	2	512	404.849373527831	1965.73584300374	398.951206415301	844.382823668189	348.417000985644	1432.0580439346	368.850634185748	615.115450805336	465.188459602939	473.141947571235	-593.717666672624	688.479942054675	237	64	5	14	192	254	191	10	3	54	24826	3135	2466	293	3887	0	0	0	0
10	2	0	140	60	down	3	512	263.796454497523	729.043025576358	320.442508418392	382.888564304334	389.294901687516	1830.60199930317	379.520123926034	687.911363463358	474.306241785193	489.609387780817	-593.73984629833	688.531509529526	272	58	0	5	177	248	198	14	2	50	24864	3154	2409	293	3989	0	0	0	0
10	2	0	141	59	down	0	512	656.371322893124	3974.78984679162	671.166436432553	2052.1462110077	520.623652108135	2841.12156281546	499.97367651782	1151.51768664528	454.460524862035	453.541191428634	-593.66582789603	688.360085283874	194	32	14	28	244	210	222	20	9	51	24276	3237	2413	282	3896	0	0	0	0
10	2	0	141	59	down	1	512	692.100813061876	4268.80204271975	712.18943169341	2220.00252578107	469.695344875325	2646.18240086118	475.748745496225	1119.12953371051	463.562538965257	471.118286222112	-593.688589567452	688.412869196387	170	42	13	31	256	237	199	21	3	52	24315	3166	2438	289	3964	0	0	0	0
10	2	0	141	59	down	2	512	714.989356881874	4550.4706665238	706.95775579659	2275.21440190872	568.209756742507	3424.43447520527	531.379987594337	1433.41154541125	456.957716462403	461.942710785846	-593.664508480262	688.356733162217	182	41	17	32	240	220	210	25	10	47	24570	3067	2256	315	4086	0	0	0	0
10	2	0	141	59	down	3	512	665.793052317186	4239.24874217215	646.279576617075	1808.00044866323	464.493718751574	2366.24016160587	492.728823536745	1162.85079887314	463.998678208022	467.075346180779	-593.683011611648	688.399979965228	199	30	8	33	242	225	217	17	6	47	24525	3069	2345	269	4100	0	0	0	0
10	2	0	142	58	down	0	512	610.14338553438	3724.55293240072	583.513474917919	1490.26582811135	475.146194594073	2416.44071476429	479.823521254451	1009.51766011438	448.529682429085	444.469931998206	-593.682451353322	688.398677912398	190	44	4	30	244	213	236	19	2	42	23821	3160	2413	302	4353	0	0	0	0
10	2	0	142	58	down	1	512	515.52283904626	2972.26740421123	499.06289232155	1161.62064438961	515.472432515322	2951.89049151771	513.575400018597	1227.41452520815	446.580063343976	447.482153554938	-593.749921501646	688.554962163984	224	48	5	23	212	217	223	24	2	46	23935	3124	2323	314	4106	0	0	0	0
10	2	0	142	58	down	2	512	456.955211588448	2200.06383038977	494.261553873986	1068.88081837588	504.517517487197	2646.35861880132	503.731437605227	1201.21012230658	442.412616468648	426.6614836424	-593.680664856855	688.394439852822	215	39	2	17	239	211	231	19	7	44	24115	2985	2334	262	4243	0	0	0	0
10	2	0	142	58	down	3	512	597.856911025942	3380.36759583347	568.578453654285	1537.67614250752	585.795861376879	3423.76568148728	558.670042350794	1391.30230279836	446.23559086579	441.590363597675	-593.81765629159	688.7120587692	199	45	18	21	229	202	241	26	7	36	24011	3062	2328	295	4165	0	0	0	0
10	2	0	143	57	down	0	512	586.474945014692	3640.03012167345	543.569173906911	1387.31200124823	503.764228582823	2665.76898534023	502.159533852651	1316.89578244134	441.197761148384	428.916121683888	-593.597324331191	688.201318206463	215	41	5	29	222	217	219	18	10	48	23637	3019	2277	251	4330	0	0	0	0
10	2	0	143	57	down	1	512	485.345011658131	2527.62599469356	497.746943995426	1181.3617595391	515.445824720007	2894.73236923684	504.464855013272	1193.9403066184	433.521873185483	412.076949444546	-593.739949862176	688.53173761817	234	31	7	18	222	232	213	21	8	38	23675	3035	2216	258	4121	0	0	0	0
10	2	0	143	57	down	2	512	543.68721425657	3042.94514664239	543.538749973324	1251.30302679736	477.056024650323	2497.53495001742	464.2022879909	949.305780281469	450.067326769945	445.762551802615	-593.712905163711	688.469280032336	205	42	6	23	236	221	223	19	4	45	23715	2887	2345	237	4242	0	0	0	0
10	2	0	143	57	down	3	512	413.087954004702	1720.19166108324	461.312623349848	956.531920917414	598.183148947192	3576.18211767127	578.754596040063	1642.3658233795	433.778879143396	412.856614943792	-593.722914799469	688.492212713682	219	47	6	11	229	211	221	25	13	42	23617	3075	2246	246	4293	0	0	0	0
10	2	0	144	56	down	0	512	579.315891363446	3730.0028507491	527.894097967608	1306.07957298757	447.658093961884	2013.92400200109	485.529512061603	956.570185847437	436.308962275106	421.83264922869	-593.633411626454	688.284957705912	223	52	5	30	202	218	241	14	5	34	23321	2876	2231	244	4196	0	0	0	0
10	2	0	144	56	down	1	512	473.138360535639	2571.81469175174	483.939999914266	1122.63736224187	582.281449509697	3477.77801901037	571.405952018075	1449.53299003064	434.03803301404	420.208715165381	-593.578810355847	688.158044138352	226	58	6	19	203	191	232	27	6	56	23137	3008	2267	260	4193	0	0	0	0
10	2	0	144	56	down	2	512	628.660606461254	4001.30365216774	553.769151196643	1505.82504308495	609.941759410629	3744.86900704853	583.073379292397	1579.52331288678	436.986389850608	428.827371352589	-593.712986547011	688.469234491149	204	46	8	31	223	202	233	29	7	41	23115	3043	2273	241	4315	0	0	0	0
10	2	0	144	56	down	3	512	577.90731755688	3532.35537158635	534.542137702341	1341.56619883537	400.071989327512	1627.14601130971	437.092197240739	812.537220406681	438.973995415958	428.122289404622	-593.698783260739	688.436587164977	214	41	5	28	224	228	230	11	4	39	23199	2912	2274	287	4463	0	0	0	0
10	2	0	145	55	down	0	512	572.631486166569	3350.27640956238	561.919109158053	1538.48739722004	549.416704425321	3245.49836223302	516.559224738145	1292.88373515196	428.330434124147	406.548518226233	-593.696808918573	688.431560309727	205	44	8	25	230	213	219	25	6	49	22796	2908	2165	291	4394	0	0	0	0
10	2	0	145	55	down	1	512	550.169993329695	3226.08799569411	526.451825519974	1244.5236404519	542.631486166569	3159.36454685144	528.701542026832	1289.49669621313	416.215456243178	382.432119743063	-593.660513778471	688.347759259303	207	45	3	26	231	217	227	25	4	39	22866	2926	2124	244	4428	0	0	0	0
10	2	0	145	55	down	2	512	589.968367205944	3859.29154119658	535.586445133329	1444.35410566234	535.19660112501	3112.25831390311	529.355555105309	1344.71244421086	422.247192942962	395.98238203574	-593.711855780312	688.466615621673	223	48	3	32	206	216	211	23	8	54	22845	2811	2238	266	4369	0	0	0	0
10	2	0	145	55	down	3	512	350.602662432206	1218.80275069453	415.552923090595	742.298180173122	506.427347543447	2727.45285405445	516.541852466938	1274.86082406432	418.438591450829	387.424722016873	-593.597711728221	688.201671330138	235	52	5	7	213	219	218	19	9	47	22727	3022	2139	272	4499	0	0	0	0
10	2	0	146	54	down	0	512	465.324021982201	2386.00618292104	462.626491304147	958.897435699615	552.45365877844	3033.99364716502	555.132055983494	1339.90321476784	403.489152552191	367.870976854589	-593.691407551792	688.419273015641	215	54	4	18	221	211	243	22	8	28	22338	2909	2125	276	4461	0	0	0	0
10	2	0	146	54	down	1	512	559.040059973134	3139.67167278608	560.606171473743	1479.28609022466	585.018773736882	3520.6867477823	550.241699354571	1454.88666496752	418.454646273329	391.635091476535	-593.697517646145	688.433251483124	202	53	13	21	223	202	228	27	7	48	22382	2841	2194	231	4428	0	0	0	0
10	2	0	146	54	down	2	512	436.252329215011	2256.38603132063	468.707449580002	991.732284059414	532.456467838133	2952.67466513013	528.452028802813	1337.84743629415	411.432646585632	378.85691341295	-593.673092104117	688.376881718869	248	42	4	17	201	214	224	21	9	44	22293	2903	2196	256	4360	0	0	0	0
10	2	0	146	54	down	3	512	477.257650774074	2576.67175774305	478.866322065856	1193.85791696723	671.14589803375	4284.33391543615	625.74290375817	1753.1153760203	408.513109834017	382.999214148525	-593.518879892462	688.01919213419	229	50	6	19	208	192	240	33	9	38	22080	2981	2273	314	4675	0	0	0	0
10	2	0	147	53	down	0	512	526.323725421879	2808.74750087104	540.455540491478	1314.82657339717	546.400739748132	3125.00592805012	534.740092495155	1432.49475250912	405.830621370087	379.076252872087	-593.624360576619	688.263770009303	218	29	8	20	237	214	224	23	8	43	21874	2920	2094	248	4620	0	0	0	0
10	2	0	147	53	down	1	512	588.562602459072	3681.23694270989	525.011034255417	1315.11017162361	652.252032654689	4322.27313402842	593.979930368515	1722.92464324901	405.733510548746	377.154415200744	-593.658935798568	688.344243093628	205	56	6	29	216	215	215	34	8	40	21715	3014	2134	273	4560	0	0	0	0
10	2	0	147	53	down	2	512	499.063858708757	2621.61385540341	515.814192377979	1224.25840600062	516.225721419696	2717.95130124444	515.350387296043	1169.73034865646	405.260302093983	376.357609138569	-593.627809341135	688.271712094529	228	35	9	18	222	203	240	20	6	43	21793	2914	2166	263	4713	0	0	0	0
10	2	0	147	53	down	3	512	532.106431181261	3069.26441186718	529.310345255345	1386.32915772207	468.788027318445	2194.17014829506	504.922765233628	1092.51432123511	408.556589567446	375.543004585911	-593.782437767184	688.629998260241	212	55	7	23	215	211	249	16	4	32	21825	2890	2170	251	4492	0	0	0	0
10	2	0	148	52	down	0	512	552.053215590631	3150.57122629292	527.215179634939	1250.52305768605	512.331856040635	2811.80238254765	506.823170268446	1218.69436352965	385.163979081233	340.635017837708	-593.735639903147	688.522011018983	210	38	6	24	234	214	224	21	6	47	21484	2765	2096	279	4703	0	0	0	0
10	2	0	148	52	down	1	512	481.329343541264	2562.75088968097	514.58578346491	1419.8130196676	608.082335885316	3587.06964516392	595.98561613465	1687.41643591983	404.501503885967	368.211535509897	-593.682894570965	688.399336874109	228	61	13	16	194	201	232	25	13	41	21643	2677	2059	245	4792	0	0	0	0
10	2	0	148	52	down	2	512	464.618330549072	2385.83583639304	475.014624931109	969.315728421	490.14338553438	2531.84783408824	511.208113783161	1121.70417104031	402.830456071555	370.360461362013	-593.684072089707	688.402516986482	229	40	4	18	221	222	242	20	2	26	21478	2783	2101	262	4744	0	0	0	0
10	2	0	148	52	down	3	512	438.363785395013	2179.35266243221	440.868220455875	829.605562197133	568.132742416254	3364.89334226681	546.84471070101	1365.5826437533	404.082251805899	373.922785134956	-593.708801079648	688.459779026202	228	47	2	17	218	216	229	26	6	35	21290	2903	2169	262	4820	0	0	0	0
10	2	0	149	51	down	0	512	518.989653442196	2917.47103467068	512.691483554738	1205.9592552289	742.323428861557	5050.80478019289	696.230417533472	2201.98795337355	390.892547233323	348.075596488205	-593.633065983866	688.284155080171	219	45	6	22	220	197	239	40	9	27	21021	2777	2063	251	4791	0	0	0	0
10	2	0	149	51	down	1	512	455.926091293762	2317.28880372345	489.215902772836	1163.41187691567	617.578270575938	3577.49508669906	655.284000798928	1864.16595752748	389.458160055418	345.24231867225	-593.658216056285	688.342268820444	228	47	5	17	215	191	254	26	10	31	20972	2766	2096	278	4767	0	0	0	0
10	2	0	149	51	down	2	512	432.883518821258	2036.35554150029	451.36672792216	865.717998953572	629.185661446562	3786.87496341764	637.877571369279	1812.95875612301	390.248781164966	349.252614525824	-593.727727049342	688.503411625316	236	27	1	16	232	201	244	28	10	29	21047	2732	2111	222	4706	0	0	0	0
10	2	0	149	51	down	3	512	545.445824720007	3221.08491839308	523.736229589746	1329.88834066322	631.297117626564	3709.84159452922	645.954258957947	1705.3693370172	403.947239432363	367.621790014921	-593.594096868771	688.193620036949	216	41	3	26	226	181	261	28	8	34	21078	2724	2060	250	4952	0	0	0	0
10	2	0	150	50	down	0	512	344.724761730333	1467.23440346969	364.812755256476	676.10682209035	421.806801055327	2182.61411027433	408.058212416472	1001.23720336529	394.40287205381	355.011737160253	-593.809452877374	688.693209437715	257	62	4	10	179	261	174	14	10	53	20562	2749	2025	264	4799	0	0	0	0
10	2	0	150	50	down	1	512	393.366594454706	2051.57470005982	383.0000826222	754.336951031075	404.822765732516	2005.65976004786	411.966599579461	842.642743747093	383.454461554245	339.76431675985	-593.735166500887	688.521232527118	263	61	5	15	168	252	185	14	6	55	20726	2584	2049	241	4879	0	0	0	0
10	2	0	150	50	down	2	512	344.674355199396	1270.68731416212	365.242213165121	595.418219766062	363.769846702208	1546.77847211422	389.845401256098	720.415064777844	384.740660881332	336.027668709221	-593.615483275547	688.243372107572	238	60	4	8	202	239	196	11	3	63	20572	2677	2099	252	4944	0	0	0	0
10	2	0	150	50	down	3	512	389.873172263454	1811.94853545231	378.240539594998	672.283858493875	444.268293892201	2421.87846550353	423.868952408855	939.388121144077	386.107398500735	342.623737369357	-593.672388931349	688.375263621798	247	53	4	13	195	247	194	19	3	49	20620	2684	2054	242	4997	0	0	0	0
10	2	0	151	49	down	0	512	584.037250913441	3283.9845568569	627.708124590981	1586.28321051126	421.026904355638	1905.23109961674	439.957707198649	779.242155104812	373.362132751824	323.087424455421	-593.594173753384	688.193497702941	187	36	6	25	258	226	226	14	3	43	20080	2807	1948	253	4912	0	0	0	0
10	2	0	151	49	down	1	512	665.190983005625	4159.24272916506	646.012926512283	1778.44892514363	598.058537149694	3712.39187441378	548.994905866727	1493.31372128012	379.751293028004	325.447095043496	-593.70695552079	688.455636612872	182	35	6	33	256	211	216	28	9	48	20303	2552	1988	245	4905	0	0	0	0
10	2	0	151	49	down	2	512	617.729490168752	3363.00276579213	666.883337697469	1905.38055583217	448.2125658022	2113.5107280751	481.615401037579	1098.44628929927	380.989395578542	339.256899507182	-593.684712368607	688.403821796691	180	35	17	21	259	227	215	13	10	47	20117	2699	2057	215	5141	0	0	0	0
10	2	0	151	49	down	3	512	646.421729424062	3923.16066152107	630.497398511229	1672.47590325428	531.299926686256	2951.62294571153	532.845329320459	1381.7785599072	386.924938725228	342.431964821382	-593.717422630647	688.479546894403	189	30	8	30	255	220	223	21	9	39	20247	2581	2041	219	5025	0	0	0	0
10	2	0	152	48	down	0	512	454.143682094702	2099.21294731949	481.169510737433	962.25774487725	462.610496490639	2245.22200930862	493.414387038376	1041.97035125288	356.729989206876	300.212779421091	-593.780792014535	688.626554649493	203	56	7	14	232	202	237	17	3	53	19936	2569	1851	220	5101	0	0	0	0
10	2	0	152	48	down	1	512	506.127717417513	2764.96663111158	499.435572472286	1156.88792851764	605.493422191252	3818.22149956679	551.563755470054	1368.32269199129	376.081257649272	322.389773469457	-593.714214316495	688.472033635725	204	58	5	21	224	216	228	31	4	33	19888	2596	1887	205	5016	0	0	0	0
10	2	0	152	48	down	2	512	501.878197262195	2565.88744253568	517.52843565513	1329.49186707418	645.116777739065	4079.47684944484	605.936269701715	1817.32132139746	373.755101568278	322.940757737075	-593.765906448788	688.591941172715	219	37	10	17	229	205	223	30	12	42	19863	2580	1907	226	4864	0	0	0	0
10	2	0	152	48	down	3	512	541.901995997817	2925.09403702019	551.659451721222	1495.73547524583	543.663415520947	3023.3738070735	540.390457186822	1345.65423389597	365.036804958176	309.373998403336	-593.675064465604	688.381014750535	217	35	13	19	228	199	232	22	8	51	19782	2654	1907	233	5008	0	0	0	0
10	2	0	153	47	down	0	512	499.66873708001	2601.39512162875	521.342008488484	1162.7946854978	480.371619453446	2383.97868544476	516.339099975828	1241.55589691129	365.943346327992	311.560184329428	-593.620058709946	688.253904533054	208	46	6	19	233	215	235	17	6	39	19543	2434	1855	232	5308	0	0	0	0
10	2	0	153	47	down	1	512	572.077014326253	3408.86595806649	544.133198609105	1357.29252509107	536.201922684074	3092.90878540992	507.643283618028	1212.43635971752	369.788010766707	318.716577697649	-593.842638005963	688.770030619293	220	33	7	26	226	205	223	24	5	55	19632	2297	1942	193	5200	0	0	0	0
10	2	0	153	47	down	2	512	513.989653442196	2892.83577975506	499.914407068087	1174.05924891064	508.888840380321	2886.17009165708	516.750777389367	1219.66538331012	363.809589263733	306.154123238705	-593.536257639161	688.059714195886	227	45	8	21	211	225	220	23	3	41	19296	2585	1924	259	5247	0	0	0	0
10	2	0	153	47	down	3	512	540.872875703132	2942.86612798044	563.109141185696	1512.35959042623	523.236364537822	2902.79326392054	544.691254928375	1397.34678315575	373.770993118671	324.446102100289	-593.705766544669	688.452787715733	210	41	11	20	230	213	221	21	8	49	19554	2389	1906	215	5171	0	0	0	0
10	2	0	154	46	down	0	512	595.220399860633	3807.2703399173	562.271103674303	1575.24970286948	499.642129284695	2562.2309013838	521.586050186297	1232.97395478162	352.584102317776	295.915458826345	-593.648400451598	688.31971889607	218	55	9	29	201	211	241	19	5	36	19009	2464	1851	228	5386	0	0	0	0
10	2	0	154	46	down	1	512	489.369106954076	2413.46821224058	502.308802105169	1101.02775563619	584.639320225002	3619.24888376711	546.378079924529	1439.94758989683	368.618209605668	313.258081212341	-593.58543370824	688.173529683141	197	57	9	16	233	228	217	28	7	32	18973	2478	1899	202	5376	0	0	0	0
10	2	0	154	46	down	2	512	474.719143610948	2455.49542652695	490.163083422443	1079.87193700984	551.726977669381	3051.83874378012	549.108722166747	1339.10591876756	346.934649393774	287.095248163395	-593.630553168697	688.27787128869	219	43	3	19	228	198	245	23	6	40	19001	2520	1820	211	5405	0	0	0	0
10	2	0	154	46	down	3	512	437.735108288137	2159.63531155361	453.331297308718	933.40817896264	431.101109622198	1917.73256746978	481.83855451941	1034.68702191436	365.239196126412	314.6498249794	-593.765420772863	688.590707877896	234	44	4	16	214	231	223	12	8	38	18908	2439	1962	243	5333	0	0	0	0
10	2	0	155	45	down	0	512	514.090466504072	2813.77197768428	514.684148292425	1228.9738499495	446.201922684074	2012.02741251931	478.952337841928	1006.11660281193	360.965669780752	302.134564954399	-593.619176898681	688.251644328529	213	46	6	21	226	213	239	14	5	41	18543	2375	1905	217	5400	0	0	0	0
10	2	0	155	45	down	1	512	519.517517487197	2840.082011006	497.437995391366	1192.91956420104	616.474945014692	3733.8599450594	594.155432885115	1738.7477515876	347.332510086275	289.035174898625	-593.716308074899	688.477087319539	215	47	9	20	221	203	222	26	14	47	18536	2395	1899	210	5209	0	0	0	0
10	2	0	155	45	down	2	512	548.838433849383	3322.87521828856	506.847282693182	1208.95167969557	487.180636447821	2607.13062480459	480.019224767081	1044.54530033794	342.564602950802	279.354240070967	-593.661716522957	688.350554626975	218	46	3	27	218	225	223	20	4	40	18494	2427	1890	229	5341	0	0	0	0
10	2	0	155	45	down	3	512	519.544125282512	2879.24623125094	522.305017045042	1336.58873892992	519.541316222819	2821.29470345458	545.654560869472	1479.72316309751	345.338252383326	280.646225300116	-593.694040048881	688.425408575676	212	57	10	20	213	225	218	19	11	39	18543	2430	1838	229	5368	0	0	0	0
10	2	0	156	44	down	0	512	548.183148947192	3146.54686275565	536.95074891311	1361.0756960484	562.631486166569	3183.55911532176	573.495023942768	1666.10267907858	339.337635042793	273.491000518999	-593.662459262068	688.352168396765	219	33	6	24	230	213	220	21	14	44	18164	2375	1790	199	5368	0	0	0	0
10	2	0	156	44	down	1	512	508.663415520947	2807.82668944694	509.446720073729	1266.49471772045	535.220399860633	2876.57133956889	537.968500597321	1300.76673834834	335.110108014806	271.670056424982	-593.639841006095	688.299941585972	219	46	6	21	220	198	242	21	7	44	18039	2468	1801	220	5383	0	0	0	0
10	2	0	156	44	down	2	512	528.912639115943	2850.84786240723	529.785421637141	1274.83382379064	487.43266910251	2548.46807064562	501.414982396285	1152.6982583099	345.890047706542	283.433851071886	-593.669037447883	688.367429839071	215	36	9	20	232	216	227	19	5	45	18152	2341	1812	223	5563	0	0	0	0
10	2	0	156	44	down	3	512	515.424835044077	2874.38916525963	515.522207586026	1261.58259971828	542.305248245319	3060.63206433864	532.884956867713	1282.49197915829	348.646910884079	294.390802069425	-593.691294482957	688.419283001409	209	65	10	20	208	205	238	24	4	41	18162	2351	1784	231	5471	0	0	0	0
10	2	0	157	43	down	0	512	558.912639115943	3217.92990173222	543.602678363782	1400.89352934851	598.435181601881	3770.40703436697	552.387138985986	1349.6491943837	341.72005868332	275.177633103442	-593.726389878367	688.500252409736	215	41	10	23	223	206	227	31	3	45	17827	2311	1701	177	5566	0	0	0	0
10	2	0	157	43	down	1	512	531.528160605323	2853.02430689929	526.74935183299	1284.24582937757	490.973688765007	2592.34334557216	495.7291738585	1175.47907766489	320.52654363503	253.664929675686	-593.674064978583	688.379296533256	197	52	9	20	234	228	224	19	6	35	17700	2449	1661	206	5511	0	0	0	0
10	2	0	157	43	down	2	512	542.355654776257	3277.54389873059	518.641299090058	1374.04831426452	561.273318890941	3338.26415699626	524.040535305967	1377.07219769141	328.934682362517	259.943024950064	-593.665535240412	688.35932971183	232	44	7	25	204	227	218	25	8	34	17841	2288	1710	177	5622	0	0	0	0
10	2	0	157	43	down	3	512	430.9764978247	1857.40740251385	454.96863607055	835.706852380398	604.68972675594	3758.5315612075	571.397628844233	1535.47825723948	332.706894363854	263.002000701205	-593.533309774502	688.052485063504	211	43	4	13	241	211	231	30	5	35	17747	2267	1791	211	5619	0	0	0	0
10	2	0	158	42	down	0	512	494.541316222819	2713.74148786395	484.357913447804	1105.084025155	569.313082303753	3405.88114633868	545.421222791455	1358.05874955587	319.731053213085	252.588449417618	-593.715260159965	688.474283692167	233	34	4	21	220	224	223	26	7	32	17421	2216	1641	226	5552	0	0	0	0
10	2	0	158	42	down	1	512	502.530673104693	2643.53478010348	489.887188793523	1024.74718504328	417.987140942826	1862.24936518995	479.408177978308	914.620260773219	330.298563200353	262.876593992374	-593.700635279396	688.440717323265	215	30	2	21	244	221	230	14	2	45	17385	2239	1687	193	5586	0	0	0	0
10	2	0	158	42	down	2	512	497.506874369071	2696.41022494396	469.422695007322	928.080941043108	537.655284902191	3036.85384709533	528.949122973997	1277.46810488004	329.125872040985	263.640859787314	-593.720686016162	688.487228748644	217	38	1	22	234	223	230	23	6	30	17538	2155	1628	183	5734	0	0	0	0
10	2	0	158	42	down	3	512	529.642129284695	2988.03633291348	525.981497811336	1315.11777870838	613.132742416254	3729.16385209806	553.59253079575	1444.97421513986	317.134776803861	243.405238302703	-593.603206069748	688.21480536108	215	41	5	23	228	200	233	28	9	42	17349	2235	1707	213	5558	0	0	0	0
10	2	0	159	41	down	0	512	409.268293892201	1774.90285735979	440.484431080665	861.238486666756	658.281152949375	4132.60137628537	643.841700323429	1741.72339711069	317.098359422861	245.296960112182	-593.660071372919	688.346752173663	231	43	5	12	221	194	245	32	8	33	16915	2215	1654	208	5654	0	0	0	0
10	2	0	159	41	down	1	512	470.472432515322	2196.92098133805	501.716680613811	1199.52668353289	674.586104634372	4307.82011006003	677.794400476991	2025.21916263383	298.394428025781	221.603953905764	-593.712897587362	688.469193331201	213	40	9	14	236	198	248	34	7	25	16874	2340	1547	231	5711	0	0	0	0
10	2	0	159	41	down	2	512	356.833408850642	1343.16136949584	420.7631356165	785.754723278353	681.798373876249	4061.28225265553	701.145054261928	1964.64818743172	311.228919299087	242.492316816163	-593.684369138201	688.402965703324	238	50	3	9	212	168	268	29	13	34	16992	2134	1667	199	5687	0	0	0	0
10	2	0	159	41	down	3	512	534.74294234657	2798.16709931303	533.125657570263	1279.02498193179	751.344715097809	5138.2242936779	694.914065934709	2075.06234478657	338.573010453391	276.826265073512	-593.624854429427	688.265127343787	197	44	10	19	242	181	248	42	6	35	16724	2270	1785	213	5780	0	0	0	0
10	2	0	160	40	down	0	512	346.080119946268	1351.65987332382	373.495963332419	642.491395776843	367.438287221896	1806.01247911804	371.686527437642	686.788279283999	316.315644916479	245.543032566415	-593.797732865123	688.665761626026	256	53	6	8	189	258	173	14	2	65	16601	2077	1623	179	5614	0	0	0	0
10	2	0	160	40	down	1	512	391.255138274704	2029.1551865748	387.464927637335	821.934343549784	393.390393190328	2012.42264742402	384.143685640405	787.952316826418	312.592221323432	240.290375646069	-593.718953934287	688.482951303514	263	54	2	16	177	265	176	15	4	52	16502	2193	1591	194	5819	0	0	0	0
10	2	0	160	40	down	2	512	321.833408850642	1147.97899695366	352.999579309432	581.854232973286	372.035034974393	1713.10360875115	374.864013382535	652.519814859308	285.562877204658	206.144717158445	-593.58829146842	688.180097258445	266	46	4	7	189	250	190	13	2	57	16384	2307	1592	197	5705	0	0	0	0
10	2	0	160	40	down	3	512	402.183445507514	2080.9940153119	382.703334809706	779.063099337015	436.857207586265	2373.97882703971	400.556063676299	762.004727806864	320.573476200613	249.242217112767	-593.728473969769	688.505090003082	264	47	3	16	182	244	193	19	2	54	16566	2171	1569	174	5851	0	0	0	0
10	2	0	161	39	down	0	512	573.233555478129	3134.29461849761	609.379957215142	1481.09290891742	453.915448175636	2118.72344884267	458.586921549831	915.542680241235	296.232097819292	223.273783300945	-593.787761156525	688.642745168516	182	36	5	24	265	214	236	15	5	42	16098	2045	1678	147	5834	0	0	0	0
10	2	0	161	39	down	1	512	639.135254915624	3915.22144292881	655.063344376122	1805.34861668226	427.106431181261	1991.19456847032	456.597340908192	898.371489307511	300.426491699769	221.403675246024	-593.670910139501	688.371671318715	198	29	8	30	247	236	218	14	5	39	16142	2067	1572	187	5977	0	0	0	0
10	2	0	161	39	down	2	512	614.387287570313	3651.92363385421	609.006905877339	1552.78360025327	543.764228582823	3199.56831890584	519.004931779419	1281.53649347642	303.337728870484	231.897861306876	-593.680332837713	688.393775217314	197	30	7	28	250	209	220	25	5	53	16031	2113	1649	175	5764	0	0	0	0
10	2	0	161	39	down	3	512	698.607390870624	4295.3460547263	682.413994401297	1983.17829108079	456.024095295945	2376.80839555474	458.643539637741	1056.14692662676	298.382163232758	219.038472789445	-593.738490099875	688.528578828957	166	36	11	32	267	247	212	18	4	31	16067	2167	1528	206	5725	0	0	0	0
10	2	0	162	38	down	0	512	469.567924018135	2430.8236687839	488.101480920198	1123.42615047574	552.981522823441	3132.77480011439	572.630138060289	1566.25048141267	300.467581904301	229.744117072875	-593.779152864144	688.62276159082	230	40	5	18	219	219	232	23	8	30	15823	1908	1537	188	5997	0	0	0	0
10	2	0	162	38	down	1	512	538.260163273445	2919.55307399568	526.202615095389	1242.00259849569	554.941759410629	3193.51645789228	535.624099053037	1277.75282458131	302.967551942175	221.594099833362	-593.707019846453	688.455472077216	203	42	8	21	238	218	230	24	7	33	15697	2015	1562	182	5974	0	0	0	0
10	2	0	162	38	down	2	512	587.705691433129	3504.85991674041	572.460039521913	1549.29080159015	493.512195928134	2772.24306899295	499.969990894593	1231.0197649589	296.599277257577	218.256267736302	-593.632506401492	688.282831358407	210	39	9	26	228	242	200	20	8	42	15690	2037	1529	200	6065	0	0	0	0
10	2	0	162	38	down	3	512	456.703178933759	2220.36773742843	470.12642820814	905.784313265459	532.029416855008	3030.0880240131	534.150968120281	1325.41997398729	298.266590822924	221.408990292876	-593.755688802023	688.568080932376	228	35	5	16	228	216	223	23	6	44	15566	2072	1604	214	5898	0	0	0	0
10	2	0	163	37	down	0	512	487.156837712199	2391.02436353728	509.128748620835	1210.54904508929	539.265484832508	3058.3798200806	557.130099106381	1551.46196211785	277.878846348979	202.951326336795	-593.663889310738	688.355444304308	199	48	6	17	242	216	220	22	9	45	15127	2097	1514	206	6094	0	0	0	0
10	2	0	163	37	down	1	512	503.562602459071	2645.35556981928	495.209103375142	1122.50138158222	599.941759410629	3675.2337521329	578.987180638753	1660.89104999236	296.794993724564	220.233406491637	-593.631234769793	688.279349251717	213	43	7	19	230	210	226	28	8	40	15435	1905	1462	142	6010	0	0	0	0
10	2	0	163	37	down	2	512	512.557280900008	2851.78713763748	495.331316218992	1162.09322675847	460.67124957938	2225.18830059231	491.600118214934	1048.37978365567	287.862254879164	220.367570565465	-593.663956470044	688.355767199843	224	43	7	21	217	234	233	16	5	24	15205	2024	1499	216	6012	0	0	0	0
10	2	0	163	37	down	3	512	576.851589466879	3375.52255585635	555.974055982401	1522.02630596807	426.101109622198	1814.00917526509	485.73112093133	1090.47203584475	296.753335359653	226.953951121663	-593.635609372224	688.290220611949	214	39	11	24	224	227	229	11	8	37	15151	2025	1567	201	6309	0	0	0	0
10	2	0	164	36	down	0	512	517.557280900008	2935.14578475779	497.638607921987	1167.47657868039	535.822469172194	2818.76582308223	538.774916180126	1252.19932447088	279.205444248855	202.389534353699	-593.748432995312	688.551627139814	220	43	4	23	222	199	247	20	8	38	14920	1918	1408	186	6140	0	0	0	0
10	2	0	164	36	down	1	512	471.074501826883	2432.73242587482	477.24824168115	1075.34326327191	515.445824720007	2836.00897703216	525.745778854334	1341.69228029372	282.222569727591	204.013960693815	-593.610147580047	688.23078481921	234	34	5	18	221	228	217	20	9	38	14848	1905	1485	194	6305	0	0	0	0
10	2	0	164	36	down	2	512	435.071989327512	1960.13991334565	439.154736479141	842.101428476289	548.912639115943	3069.20650952754	548.727887947613	1257.38231737702	275.670157063842	197.479425315681	-593.587160576376	688.177769996184	216	44	4	14	234	211	231	22	9	39	14819	2002	1428	183	6127	0	0	0	0
10	2	0	164	36	down	3	512	470.071989327512	2627.48026657376	478.529155127096	1200.6692619804	555.872875703132	3233.67155951012	543.307067327565	1367.94056128869	271.009420592163	190.991514818594	-593.683206685952	688.400477564221	240	51	5	20	196	214	223	24	8	43	14887	1974	1371	200	6298	0	0	0	0
10	2	0	165	35	down	0	512	418.064155269079	2018.8725374534	444.114929692333	893.40297394415	495.697857374696	2459.53489337944	514.503630356224	1170.46667628339	282.288104590123	208.031313021557	-593.765814629694	688.59182441194	225	56	1	16	214	203	248	18	5	38	14433	1902	1441	144	6238	0	0	0	0
10	2	0	165	35	down	1	512	553.085144945009	3132.02727092436	546.811830985451	1387.09716143106	461.000296560322	2264.42552649211	478.420714896871	1057.79480003373	267.175114649908	191.394628222698	-593.543449385529	688.07638172304	200	50	8	23	231	225	225	16	6	40	14347	1908	1479	186	6326	0	0	0	0
10	2	0	165	35	down	2	512	475.247007655948	2378.10640286227	471.845216847638	998.177338635889	576.45114627907	3530.45878210457	555.709276566222	1413.81052985406	274.228813767775	193.75400017843	-593.752019441343	688.559895605655	215	45	6	17	229	209	222	28	5	48	14548	1823	1371	178	6126	0	0	0	0
10	2	0	165	35	down	3	512	434.846564468139	2078.33143283394	450.095713486503	928.686862660168	511.024095295945	2693.26737589224	515.785084601087	1188.81084109655	271.659546728097	198.071592822997	-593.640792136441	688.301958535187	230	50	7	14	211	215	231	19	8	39	14507	1812	1423	178	6359	0	0	0	0
10	2	0	166	34	down	0	512	505.422025984384	2608.9908530539	526.543037278969	1297.40161559065	568.509386868441	3443.27324730438	524.988555537093	1229.14403685661	255.023769841794	182.479706131431	-593.794099943565	688.657527557511	214	45	11	17	225	219	229	28	3	33	13862	2055	1339	152	6433	0	0	0	0
10	2	0	166	34	down	1	512	436.628973667198	2002.79032821447	480.027001243269	1060.56670028729	516.249520155319	2620.07585640395	535.930594363604	1213.90682503563	268.386556938763	192.485732238384	-593.496098386	687.966736550741	235	41	10	12	214	201	252	19	6	34	13931	1832	1466	179	6529	0	0	0	0
10	2	0	166	34	down	2	512	475.623652108135	2397.76291569516	486.62294362695	1042.67318338261	487.557280900008	2450.61696102342	510.817604184245	1162.1162294439	262.173926692576	181.942573246017	-593.679071855867	688.390798993006	214	43	4	18	233	212	239	18	5	38	14008	1839	1368	193	6301	0	0	0	0
10	2	0	166	34	down	3	512	558.334368540005	3256.94811066745	534.182514062994	1444.71726074523	418.488397192511	1707.33747416002	477.929419271199	1062.17562633149	260.902213088749	187.871041069683	-593.642074039849	688.304887551648	224	39	11	23	215	224	232	10	8	38	14096	1807	1346	159	6587	0	0	0	0
10	2	0	167	33	down	0	512	541.955211588448	3041.78112463038	543.199389647728	1435.94074929417	548.108943680631	3224.04539490261	508.221583276335	1186.665713767	277.325920031557	199.254665166583	-593.52407179892	688.031350583445	207	54	11	21	219	214	229	26	3	40	13539	1782	1407	168	6468	0	0	0	0
10	2	0	167	33	down	1	512	525.220399860633	2865.65947685795	518.986070476968	1204.29115899816	507.960533147511	2669.07294901688	514.129408641713	1230.00978377529	255.831351131545	178.825697821272	-593.74948288637	688.554224149484	210	43	7	21	231	200	238	20	5	49	13656	1783	1313	144	6492	0	0	0	0
10	2	0	167	33	down	2	512	610.14338553438	3824.00581477416	555.535611004798	1520.25426642938	544.766741082193	3045.54996837566	526.41376154644	1336.82469823106	249.823794909945	171.456488319312	-593.64099989919	688.302473614864	210	46	9	29	218	219	223	21	11	38	13590	1757	1367	182	6500	0	0	0	0
10	2	0	167	33	down	3	512	438.942055970951	2022.88766908761	474.998421303144	948.807332937304	451.827790731257	2194.9634122156	507.152922442577	1098.85309784148	255.38690039734	176.622013546447	-593.69098448445	688.418294991592	211	49	3	15	234	232	234	17	2	27	13543	1831	1347	175	6656	0	0	0	0
10	2	0	168	32	down	0	512	473.461789397196	2219.52580307132	506.547284069375	1190.34101342024	496.878197262195	2597.6047367763	510.297937454554	1105.17902903117	239.341737654691	160.581348088057	-593.583021528331	688.167768945333	211	36	7	15	243	211	245	21	1	34	13065	1848	1301	170	6589	0	0	0	0
10	2	0	168	32	down	1	512	484.517517487197	2486.72336388569	500.859779429385	1153.42797584819	545.095788063135	2906.24617461296	560.056549635687	1360.33925874173	262.285179455869	184.705392809441	-593.684340102619	688.40289537775	219	41	6	18	228	178	256	22	5	51	13155	1807	1261	161	6692	0	0	0	0
10	2	0	168	32	down	2	512	599.968367205944	3852.20950187159	559.714138223202	1586.89511604535	498.337177599698	2522.01216760914	528.573334247921	1294.90517626354	240.310372965426	164.483092521008	-593.73920933032	688.530257648523	223	51	10	29	199	207	232	17	9	47	13127	1778	1301	178	6514	0	0	0	0
10	2	0	168	32	down	3	512	467.106431181261	2290.10033321719	474.857469482982	955.973847252078	511.45114627907	2536.76587972022	543.785197213389	1330.14804721219	249.306976666407	175.671292915212	-593.661991200981	688.351068829284	212	44	4	17	235	201	247	17	9	38	13074	1820	1300	190	6645	0	0	0	0
10	2	0	169	31	down	0	512	423.087954004702	2124.17336719104	443.841738598488	996.167794590413	624.461492836874	3467.89018000882	670.768288966028	1823.82712235189	232.794402702747	155.260882954589	-593.638509355381	688.296407290976	247	50	6	15	194	182	270	24	12	24	12798	1704	1212	158	6743	0	0	0	0
10	2	0	169	31	down	1	512	516.928603793132	2915.42843387919	510.059516445618	1166.95955063434	719.787730758123	4575.05725100285	691.210503228292	2054.01584374394	236.61237240559	161.402129810524	-593.67514281661	688.381551837879	226	40	6	22	218	178	249	33	15	37	12797	1705	1214	156	6576	0	0	0	0
10	2	0	169	31	down	2	512	483.865041644698	2485.79332055852	505.656208825437	1153.87430626006	657.477457514063	3993.82330063702	670.488819854812	1833.71646443522	241.986020585863	166.274537776525	-593.575882581084	688.15154542928	215	46	6	18	227	177	263	31	7	34	12738	1615	1332	187	6827	0	0	0	0
10	2	0	169	31	down	3	512	461.026904355638	2362.31313894173	483.325724005853	1140.02218947562	676.220103300311	4211.10589312044	662.27179570682	1805.96940838695	243.975009414696	159.556107306835	-593.701823046105	688.443594392169	226	50	6	17	213	181	261	33	7	30	12802	1649	1256	165	6693	0	0	0	0
10	2	0	170	30	down	0	512	376.960829707833	1718.15535648875	377.39409110484	651.447721828634	400.700666434388	1667.22810727269	409.924798925466	698.052463828116	237.111493709882	164.832661937376	-593.764658330333	688.589122575276	237	65	2	13	195	230	223	11	5	43	12409	1561	1250	140	6685	0	0	0	0
10	2	0	170	30	down	1	512	374.019070297204	1834.14609626669	379.814762214032	745.487611647871	379.069476828142	1720.98198929771	394.475663394162	790.035246014693	229.225200483883	155.097818013937	-593.601695693942	688.211322750805	271	53	5	13	170	246	198	13	2	53	12211	1773	1219	157	6840	0	0	0	0
10	2	0	170	30	down	2	512	326.432965662833	1368.27996828625	340.442077651409	579.657611944287	415.499040310637	2037.07300565486	415.572006415231	824.92755644066	232.798260423174	153.043860514341	-593.631494852343	688.280342904601	269	57	2	10	174	250	201	15	4	42	12477	1572	1175	136	6694	0	0	0	0
10	2	0	170	30	down	3	512	316.48337219377	1298.65688097977	334.156870261526	547.137404361425	441.530969665016	2144.07616791285	438.4618065131	898.419889885787	227.678424221923	150.628039073025	-593.721941674304	688.490144504715	276	57	3	9	167	220	214	15	6	57	12338	1702	1179	141	6922	0	0	0	0
10	2	0	171	29	down	0	512	679.562305898749	4254.16063320208	653.314844109732	1751.97840347251	521.024095295945	2880.34941521724	507.240853461991	1163.86228613842	218.415356097718	147.292805273233	-593.532440152787	688.05079909519	180	34	8	33	257	215	230	22	5	40	11737	1693	1250	168	6976	0	0	0	0
10	2	0	171	29	down	1	512	490.697857374696	2179.6413245607	578.358878983554	1368.17805002859	510.14338553438	2732.21257917261	507.445599111284	1288.09008596495	218.123833728812	143.303308765849	-593.839389181357	688.762447528367	187	37	8	14	266	230	223	19	9	31	12019	1489	1197	143	6743	0	0	0	0
10	2	0	171	29	down	2	512	737.827494170934	4712.30949526089	724.100531509109	2253.44145677754	477.207244243137	2438.84806064016	480.366688655075	1052.13477359657	218.520074868218	138.133307813963	-593.658607854932	688.343223988519	167	36	13	35	261	214	227	18	5	48	12024	1547	1134	143	7125	0	0	0	0
10	2	0	171	29	down	3	512	646.798373876249	3807.37648790866	624.493090153175	1624.88364690061	552.933925352196	3287.79619962661	510.79940996483	1183.42663426039	227.242835902444	154.390592523794	-593.589190659203	688.182224461092	192	30	15	26	249	207	230	27	2	46	11908	1547	1257	136	7006	0	0	0	0
10	2	0	172	28	down	0	512	593.358167275628	3550.78996006758	548.035166995893	1414.96534181254	572.779896699689	3233.63799238876	568.085514608725	1493.26439607684	209.016926492113	133.120787622101	-593.698580275255	688.435876529506	214	35	10	26	227	211	239	23	10	29	11398	1632	1160	146	6917	0	0	0	0
10	2	0	172	28	down	1	512	543.233555478129	3101.55903036479	523.29098550666	1176.41433845628	452.984331883133	2196.0151316342	484.989447911145	1033.13069285491	230.183067083328	153.661561618589	-593.642209103509	688.305342819352	218	33	5	24	232	226	235	17	2	32	11525	1531	1121	159	6945	0	0	0	0
10	2	0	172	28	down	2	512	545.872875703132	3184.40104967887	536.364844786357	1502.30030751106	526.37694101251	2728.89966678281	544.55510414554	1236.38996760081	212.631318252103	140.145870399386	-593.616385127135	688.245418935334	230	43	12	22	205	188	251	20	6	47	11524	1544	1137	131	7026	0	0	0	0
10	2	0	172	28	down	3	512	511.780193260012	2810.89667443875	499.368728030187	1163.89630124367	556.05070309126	3252.50753749811	547.359824082691	1396.91983926298	220.377571846618	143.139833660802	-593.761180802211	688.581129623293	208	54	6	21	223	200	226	25	6	55	11529	1574	1104	129	6872	0	0	0	0
10	2	0	173	27	down	0	512	507.056024650323	2826.25834222211	492.463647894794	1217.84885957009	593.082335885316	3452.06964516392	584.308366751097	1579.7360462332	192.341150594739	127.381069531597	-593.696839638747	688.432183002895	225	51	9	20	207	201	238	25	10	38	10968	1613	1094	149	7202	0	0	0	0
10	2	0	173	27	down	1	512	507.079823385946	2963.27646620036	463.090674121069	1041.80492109873	567.655284902191	3207.4009647219	565.941119314817	1444.60382212996	197.558513158715	128.098486545208	-593.659366107422	688.345131067513	239	42	5	23	203	203	244	24	7	34	11173	1447	1062	142	7222	0	0	0	0
10	2	0	173	27	down	2	512	496.83059979095	2754.99697933696	491.357298609064	1208.83407143629	528.81463511376	2752.96962345563	563.999969712248	1507.99855643593	216.615329433133	138.909216916334	-593.785867297208	688.638549657924	219	53	5	21	214	200	228	17	14	53	11163	1504	1028	129	7073	0	0	0	0
10	2	0	173	27	down	3	512	558.082335885316	3333.60456686235	503.043562322375	1150.50647468511	630.443015660314	3846.67441025921	604.370834135846	1744.80266329838	209.821150530867	136.52478244446	-593.767284562094	688.595073364032	221	32	3	27	229	197	241	29	9	36	11131	1502	1061	130	7201	0	0	0	0
10	2	0	174	26	down	0	512	471.477754074385	2471.18841386827	456.142338023972	855.976075880803	519.114265239694	2937.06670945785	516.929216109308	1220.77999043215	173.755327171403	112.731921313229	-593.800561786287	688.672310877555	222	41	1	20	228	223	224	23	4	38	10594	1568	1006	144	7097	0	0	0	0
10	2	0	174	26	down	1	512	461.000296560322	2460.96044819054	460.27507275268	1033.04098545123	500.772062641256	2582.84179276215	519.264884058072	1082.34288418367	198.831154683896	124.872228433115	-593.644686168407	688.311094477429	245	41	6	18	202	212	246	20	3	31	10657	1427	1082	146	7225	0	0	0	0
10	2	0	174	26	down	2	512	394.621139608765	1698.71142282848	419.947257289574	757.488623955764	586.575758076568	3484.24902536206	586.994107409972	1658.75082493187	206.079692801252	132.51747144547	-593.654921959325	688.33479701583	228	47	1	13	223	209	223	25	11	44	10705	1405	1046	156	7173	0	0	0	0
10	2	0	174	26	down	3	512	367.936734411888	1414.60804062925	405.723999824995	688.598039080866	558.636807725632	3275.01501835824	560.594355221536	1428.93360605952	206.252274856216	125.917674995795	-593.765701506731	688.591845293127	242	37	2	10	221	206	233	26	4	43	10732	1446	1019	115	7027	0	0	0	0
10	2	0	175	25	down	0	512	489.342499158761	2629.56230589875	500.740119358468	1228.57766850606	477.557280900008	2380.9817061078	504.426494029034	1182.24009257917	198.330745697276	127.48248962342	-593.70469875805	688.450270420265	224	48	7	19	214	220	232	17	6	37	10326	1296	1061	117	7265	0	0	0	0
10	2	0	175	25	down	1	512	420.724465170011	1767.34656446814	472.853032602789	946.776220891868	508.586401194694	2827.37369379754	526.798523337157	1271.16215782781	199.535023468563	126.031339861379	-593.799582793126	688.670224669894	216	36	2	13	245	227	224	22	4	35	10273	1401	1003	123	7350	0	0	0	0
10	2	0	175	25	down	2	512	555.573245577198	3311.914826736	512.96151494792	1328.96689992998	543.159350211569	3043.61687606645	550.278042271142	1488.61624331269	186.145339820299	118.265043789055	-593.659637360036	688.345263286797	215	56	10	24	207	217	221	21	11	42	10216	1478	970	136	7348	0	0	0	0
10	2	0	175	25	down	3	512	552.406061307195	3150.65639955692	542.859453444454	1417.06378063975	553.963045646881	3231.66546154605	530.809803300151	1314.05426958413	189.357253844668	118.169148305681	-593.618787214436	688.250570078902	203	45	6	24	234	218	221	24	8	41	10267	1409	993	131	7333	0	0	0	0
10	2	0	176	24	down	0	512	447.082632445639	2287.06391534674	438.874616719039	829.654182499379	485.647450843758	2507.33425526404	512.305889681794	1173.64286930297	178.380574183436	113.259780394515	-593.775103501589	688.613351447923	226	50	2	18	216	220	233	19	4	36	9889	1277	1000	122	7398	0	0	0	0
10	2	0	176	24	down	1	512	403.363785395013	1787.63536819159	435.625169602697	801.155879737565	450.774871700949	2134.44077140228	492.870595465028	1018.18544946354	190.085843377693	115.111126543756	-593.652795577894	688.329828968205	236	42	3	13	218	215	236	16	3	42	9933	1292	955	108	7628	0	0	0	0
10	2	0	176	24	down	2	512	551.628973667198	3365.02425026131	515.209808389037	1294.05934809713	496.803991995634	2539.66258247796	528.037636375014	1193.77648725553	189.629459721233	119.651642540565	-593.628408172506	688.272947031533	211	57	4	27	213	210	234	18	7	43	9851	1355	958	124	7280	0	0	0	0
10	2	0	176	24	down	3	512	502.002809059693	2741.28854885253	485.421666413307	1043.32450492456	481.854398526572	2463.39814229179	493.425619590809	1039.49773660054	193.416596808294	124.238385567388	-593.722342921757	688.490854540203	227	29	2	22	232	213	236	19	3	41	9953	1242	978	115	7372	0	0	0	0
10	2	0	177	23	down	0	512	409.167480830325	1833.60191434619	429.937133608861	815.340878469732	522.681892697507	2823.5712829309	529.488998327097	1234.2146178856	194.37549756336	121.346550679128	-593.825383785569	688.730108379551	237	41	4	13	217	212	236	21	6	37	9602	1165	901	108	7371	0	0	0	0
10	2	0	177	23	down	1	512	464.944568470322	2308.39814229179	479.919630712719	1142.33159788162	619.387287570313	3834.73516334796	590.774097586973	1632.34488808836	170.572666010466	100.943539768601	-593.668688148737	688.366777436961	229	38	7	16	222	213	229	29	9	32	9434	1262	944	136	7540	0	0	0	0
10	2	0	177	23	down	2	512	453.010939678448	2352.62613628851	456.078917893504	928.292960876391	499.894161939384	2817.55005333263	521.488052717982	1312.40988086667	170.846446312826	107.611380379593	-593.682140028805	688.397932594244	231	42	1	19	219	230	214	22	4	42	9470	1265	936	105	7600	0	0	0	0
10	2	0	177	23	down	3	512	445.172802389388	2305.42256246705	460.38445437674	1010.77790425243	633.106134620939	3928.7230240578	595.670255613323	1681.48983052693	158.811466453999	101.956628182592	-593.78519480797	688.636841701248	238	49	5	17	203	207	229	29	11	36	9438	1346	888	104	7610	0	0	0	0
10	2	0	178	22	down	0	512	431.881006321887	2093.29185270548	439.784297295468	794.483115146962	600.066371208127	3753.55281912476	582.362682006998	1481.37110387868	153.244536462938	98.9941168200997	-593.639922454325	688.29972744372	226	43	0	17	226	218	226	30	5	33	8970	1297	883	114	7436	0	0	0	0
10	2	0	178	22	down	1	512	421.732595788767	2043.21297563849	452.034820478242	952.640245883806	579.740133286878	3357.37355220259	583.642633505399	1475.71035376194	174.280759629515	104.500581634325	-593.639420701149	688.298638586701	228	58	4	15	207	198	253	27	3	31	9065	1190	894	115	7641	0	0	0	0
10	2	0	178	22	down	2	512	601.726977669381	3951.26113633322	520.086246282798	1402.41024443224	600.795861376879	3617.48907369197	604.799137196558	1684.00207438132	165.113334135122	106.583413894811	-593.637748945215	688.295168034446	222	49	5	32	204	206	231	27	9	39	9022	1245	886	111	7392	0	0	0	0
10	2	0	178	22	down	3	512	398.087954004702	1743.36793566136	438.958333905292	941.158549116991	522.684701757199	2881.52281072727	535.004733104958	1212.21383173701	159.390849960251	102.312145595175	-593.616915360757	688.246694638899	243	46	7	11	205	199	231	22	5	55	9044	1244	865	111	7605	0	0	0	0
10	2	0	179	21	down	0	512	625.846267907816	4371.01177114327	527.242430938925	1442.27208422309	675.315594803123	4015.95093309756	718.965068780886	2232.53382371329	163.572113490747	100.438006011031	-593.661269309748	688.34941995852	241	45	5	36	185	182	254	27	17	32	8570	1221	862	99	7569	0	0	0	0
10	2	0	179	21	down	1	512	408.414191925951	1911.73567308979	428.64522784792	914.899905057315	798.052919030308	5563.17562324133	773.621396304824	2442.55067552838	157.306055229499	103.067325793713	-593.639847128959	688.29946071322	247	45	6	13	201	169	250	45	8	40	8634	1199	826	93	7610	0	0	0	0
10	2	0	179	21	down	2	512	452.560089959701	2137.21593966355	477.17410846797	1098.76873366194	747.726681109059	4919.73194445198	701.697515902172	1980.67365721362	163.328851170496	107.568916125943	-593.501911118646	687.980270155796	215	52	8	14	223	177	249	37	13	36	8482	1284	888	98	7851	0	0	0	0
10	2	0	179	21	down	3	512	453.965854706574	2256.54714594555	459.569888949745	1048.15879446332	827.599260251868	5871.42476187936	764.830380399027	2467.90725392591	158.711948866665	97.256190576673	-593.608637217157	688.226944860085	229	44	6	16	217	174	245	47	10	36	8603	1210	832	107	7733	0	0	0	0
10	2	0	180	20	down	0	512	405.451442839392	2045.74185601083	366.600769265065	684.708860114994	467.711309552515	2545.50465843002	461.180683167501	1026.77788025341	135.051141585881	88.2921520337907	-593.693332770601	688.423517162243	254	59	7	14	178	224	208	20	3	57	8087	1270	775	108	7731	0	0	0	0
10	2	0	180	20	down	1	512	404.846564468139	2004.86635453237	376.391990828136	638.098755105599	427.533482164386	2148.6747784061	424.15900779461	828.607264032522	143.916394144885	80.5601362052289	-593.695109055738	688.42801583754	250	45	1	16	200	250	203	16	4	39	8251	1119	784	86	7774	0	0	0	0
10	2	0	180	20	down	2	512	309.502145930652	1152.20727414029	341.388004853418	581.797620191743	454.117074299387	2236.21890368861	456.924239254627	943.308240385713	158.134572564688	101.165827547	-593.637520636907	688.294434251579	246	79	2	8	177	218	228	17	3	46	8160	1136	829	115	7845	0	0	0	0
10	2	0	180	20	down	3	512	354.950186589707	1497.76627618609	371.534959028821	663.882938588813	500.095788063135	2935.04550817857	450.544377441412	940.621290925863	156.886926620793	98.4736027260449	-593.686141060864	688.407287100353	247	58	2	11	194	234	206	24	2	46	8173	1170	792	105	7806	0	0	0	0
10	2	0	181	19	down	0	512	557.581079635631	2903.65337889388	585.961797912293	1544.10677079745	560.119586798757	3277.71718096465	572.106965560511	1477.81626794837	162.597337164953	106.910300516077	-593.547010895261	688.084442239913	198	42	17	17	238	212	220	24	9	47	7665	1147	796	120	7903	0	0	0	0
10	2	0	181	19	down	1	512	686.424538483755	4399.83558152212	646.37259208049	2001.80621742807	610.395418189069	3550.81443688082	626.166998110979	1850.63067188146	141.270710713135	85.3903724597257	-593.668952967366	688.367274777456	180	56	14	32	230	193	227	23	17	52	7679	1189	738	122	7883	0	0	0	0
10	2	0	181	19	down	2	512	740.816851052808	4931.44923869259	677.359122864756	2104.91817315849	514.440503160944	2755.90562315192	537.430788139267	1378.04122630318	153.579105786794	100.498152479915	-593.85859834287	688.807069419897	185	33	11	38	245	219	231	20	7	35	7923	1005	720	80	7755	0	0	0	0
10	2	0	181	19	down	3	512	503.989653442196	2782.47103467068	529.831670965906	1258.57125342071	525.546637781882	2591.68686105827	556.604281291606	1281.25824073067	140.816891768219	91.9004206881935	-593.636952372453	688.293106907962	219	42	3	22	226	190	255	17	10	40	7751	1163	704	110	7818	0	0	0	0
10	2	0	182	18	down	0	512	424.472729075644	2144.07323220678	435.002263327495	920.055371331946	636.827790731257	3796.49833391403	632.397406788379	1814.85684537154	129.380156565856	71.2017437178447	-593.801440595644	688.674402373953	226	68	4	16	198	188	222	24	20	58	7272	1139	708	97	7767	0	0	0	0
10	2	0	182	18	down	1	512	434.671546139703	2076.71749247355	441.80273449757	825.19590609923	593.384775070943	3510.86604302347	590.050114188856	1561.16346630669	131.324079324924	81.0718359297363	-593.694160119749	688.425557789036	215	54	2	16	225	199	234	26	9	44	7375	1046	705	90	7856	0	0	0	0
10	2	0	182	18	down	2	512	406.329343541264	1811.03359544035	431.907816853415	860.092155043726	576.700369874066	3355.12130794455	577.265571883387	1468.02362090663	128.364594016094	84.8573509794819	-593.628430307676	688.273614353068	236	48	6	12	210	209	235	25	8	35	7180	1237	689	110	7936	0	0	0	0
10	2	0	182	18	down	3	512	418.034738414071	2079.93306399022	416.114147411818	849.005337711144	602.85410196625	3482.49200939804	613.039891256177	1610.13482913308	131.685275693702	81.8402924967348	-593.607443288836	688.224688057348	265	30	5	15	197	200	253	26	8	25	7324	1058	726	108	7858	0	0	0	0
10	2	0	183	17	down	0	512	484.59453181345	2525.89975173978	477.762458370408	1107.85437877646	586.59955681219	3307.28544323252	619.115741004796	1704.87484430109	117.920674602648	79.9293573181134	-593.656225758035	688.337896250851	215	52	7	18	220	195	250	24	9	34	6931	1024	660	89	8078	0	0	0	0
10	2	0	183	17	down	1	512	444.066667768449	2266.02436353728	443.40465502336	1053.25258432812	634.437694101251	3831.93580146335	639.52066071341	1819.92353322375	126.900655320749	83.2410476574971	-593.692788919796	688.422723464263	247	46	9	15	195	196	242	28	11	35	6762	1147	690	105	8099	0	0	0	0
10	2	0	183	17	down	2	512	396.857207586265	2075.07306229284	389.365927224963	776.37952738463	568.458980337503	3090.92072646713	595.702102785837	1504.42905439068	115.760273256372	81.4988970037149	-593.761308157897	688.581677658525	268	49	3	16	176	196	253	22	9	32	6854	1083	658	109	8034	0	0	0	0
10	2	0	183	17	down	3	512	348.870659764084	1432.16755241688	405.821070850011	767.195726045873	595.822469172194	3397.12447020254	602.322896914586	1685.82066925463	120.060516901555	80.2904831053689	-593.704825869682	688.450329157212	245	63	3	10	191	195	230	22	16	49	6889	1013	709	93	8116	0	0	0	0
10	2	0	184	16	down	0	512	475.297414186886	2378.11857047141	473.047025721281	1057.67319052884	607.177827388129	3721.51945023634	607.031272708931	1557.35461272786	121.911878191451	79.2318392305022	-593.71147005913	688.465791664305	214	46	6	17	229	198	241	30	4	39	6539	986	571	96	8035	0	0	0	0
10	2	0	184	16	down	1	512	417.81212261439	1980.45305228738	421.472392510633	831.198205646296	564.541316222819	3144.83572311708	581.694453360972	1473.49058161478	103.167407513126	75.3148276325172	-593.662583855341	688.352512211957	234	52	5	14	207	193	244	23	8	44	6330	1155	610	97	8182	0	0	0	0
10	2	0	184	16	down	2	512	445.223208920326	2305.43473007619	434.0267122477	881.005419577657	578.936437851566	3455.85988842142	573.040013631641	1491.8218960292	113.621572604781	74.539264053842	-593.701262625787	688.442231991038	237	50	5	17	203	217	226	26	8	35	6459	989	651	93	8093	0	0	0	0
10	2	0	184	16	down	3	512	339.97398532533	1226.5321842253	387.869784747938	703.554582782008	576.098300562505	3216.39190273277	588.922995110644	1558.84222397533	98.5555722679883	65.491491538097	-593.644134335207	688.30960283812	249	47	3	8	205	188	253	24	7	40	6437	1104	552	99	8170	0	0	0	0
10	2	0	185	15	down	0	512	477.910126616573	2518.87840886554	455.177200234025	1058.5294443874	573.76141952313	3174.3523792423	580.43061464267	1513.03663248368	114.78714437388	72.378941428441	-593.683562496568	688.400872687032	229	45	7	18	213	186	258	24	6	38	6053	929	601	97	8113	0	0	0	0
10	2	0	185	15	down	1	512	415.952699089077	2095.90590634183	420.479553438232	826.263001820915	582.053215590631	3400.20648120855	579.707259449156	1509.42361490146	114.709648698887	76.7842521731576	-593.701012940294	688.441855563452	245	51	3	16	197	202	233	25	9	43	6009	1040	549	82	8119	0	0	0	0
10	2	0	185	15	down	2	512	411.860016645958	2247.65984500483	396.461562974606	751.417496569668	668.583592135001	4360.48591143397	636.832398135261	1901.4474558366	103.73822725866	73.1886038413568	-593.466658191665	687.898108946715	247	69	2	18	176	204	222	33	11	42	5890	1024	655	111	8264	0	0	0	0
10	2	0	185	15	down	3	512	437.583888695324	2335.76898534023	413.815166087372	839.512994549055	637.427050983125	3892.89927031693	634.455136978623	1737.77274086257	106.214432359736	70.2610650211066	-593.686695626094	688.408264743835	249	41	1	19	202	190	256	31	5	30	6085	902	600	93	8295	0	0	0	0
10	2	0	186	14	down	0	512	401.204731743766	1746.43792065318	411.543794298843	742.827813815852	626.196304564688	3664.81725931093	638.116339736878	1803.80915508221	100.863126052033	75.5799299352626	-593.720975093094	688.487915313027	232	54	7	11	208	183	263	28	7	31	5528	926	601	113	8262	0	0	0	0
10	2	0	186	14	down	1	512	483.639616785325	2603.98484004681	475.372254987398	1239.11125376951	542.856911025942	3120.26116465221	549.389039221179	1346.94167724578	104.495461693991	69.788425536438	-593.591581194141	688.187905138623	229	52	9	18	204	215	235	25	3	34	5508	974	593	93	8376	0	0	0	0
10	2	0	186	14	down	2	512	462.385071631265	2343.04878371253	456.430324121175	1001.85291475292	736.973392204685	4869.50705607527	692.981686396234	2177.25583589335	100.372979980717	71.7386191593345	-593.714363742416	688.472898449187	208	58	3	18	225	191	230	35	17	39	5527	987	575	79	8301	0	0	0	0
10	2	0	186	14	down	3	512	410.851886027202	1815.9880023048	436.593269124269	930.334261291034	558.912639115943	2962.67158782911	593.430035194492	1544.59689606912	96.788791569163	63.0198230101211	-593.858518600897	688.806782635898	231	48	6	12	215	191	250	20	11	40	5648	925	522	73	8192	0	0	0	0
10	2	0	187	13	down	0	512	453.66622458064	2413.8785504605	446.913976094038	1082.08277227026	617.37945351188	3655.76268914323	636.086045494813	1822.48332352306	80.71411710982	66.0017971358751	-593.554340364016	688.101691428987	242	58	10	16	186	190	238	26	12	46	5084	968	498	106	8654	0	0	0	0
10	2	0	187	13	down	1	512	485.347820717824	2644.30091469461	459.15919800207	1074.80984998572	578.633998665939	3356.33400039312	575.580909416187	1422.0514668918	95.9668705911631	62.3461176565166	-593.742703091054	688.538553515531	225	49	5	20	213	203	252	27	3	27	5213	829	530	84	8351	0	0	0	0
10	2	0	187	13	down	2	512	460.472432515322	2479.62607965053	423.641593414853	866.757421914416	574.464301896566	3234.0179823833	607.1255376615	1544.71076203364	85.1516724028372	59.8742534024119	-593.695066027309	688.427653880571	245	39	4	19	205	193	255	25	5	34	5167	878	519	92	8504	0	0	0	0
10	2	0	187	13	down	3	512	357.79113293846	1363.75729915393	399.5855613886	742.071062850275	640.09016994375	3819.14245258584	634.49605140596	1763.21872001911	85.479786077961	61.5491535033607	-593.701810022803	688.443502639034	227	70	6	8	201	196	245	27	13	31	5062	922	564	108	8418	0	0	0	0
10	2	0	188	12	down	0	512	363.995271561582	1448.95169771031	389.776548652253	664.597315520879	627.756097964067	3745.05445689174	650.486137495349	1800.60518130786	98.5079189230293	71.7005126255032	-593.65401477322	688.332616976795	233	58	3	10	208	181	249	28	9	45	4723	864	471	86	8554	0	0	0	0
10	2	0	188	12	down	1	512	379.271102951893	1486.13709091554	402.582416278471	706.274421197979	618.613008990009	3537.8145218378	665.447181088435	1741.12554566339	71.0469118961534	59.6521735119981	-593.610609818512	688.231897158117	226	57	6	9	214	156	261	26	9	60	4607	975	481	81	8543	0	0	0	0
10	2	0	188	12	down	2	512	455.9764978247	2455.11250082634	422.038639347936	813.122292002474	574.716334551255	3292.8022126337	603.511415339586	1583.12622810625	71.6515338572881	61.2541142456123	-593.672293328267	688.375027177109	243	49	6	18	196	192	251	26	4	39	4690	917	440	97	8494	0	0	0	0
10	2	0	188	12	down	3	512	399.597340873143	2096.84518157208	383.652757933096	677.55561064327	753.453362218118	4906.15735766812	714.899864925441	2236.53651592357	91.2084670483022	68.8315734495214	-593.717657329622	688.480127223425	254	58	1	17	182	174	267	38	10	23	4716	868	487	73	8380	0	0	0	0
10	2	0	189	11	down	0	512	396.453955338763	1740.62927022752	421.610660171604	768.514344027319	768.453362218118	5079.51600478843	773.400682904463	2320.15709280174	61.8798740529393	56.4767297501631	-593.621010084353	688.256015024825	240	39	2	13	218	170	268	40	9	25	4223	889	426	94	8807	0	0	0	0
10	2	0	189	11	down	1	512	425.753882025019	2126.36197929225	418.109281480219	800.149503220558	704.262675772815	4381.23372381391	750.353771390832	2307.30392745667	62.1200552125499	55.2062661979307	-593.853522399288	688.795362299352	228	67	6	15	196	169	243	30	18	52	4180	903	434	115	8551	0	0	0	0
10	2	0	189	11	down	2	512	345.753882025019	1291.28603793132	380.240900102144	615.12026515146	832.172209268743	5426.96894379985	840.674972595789	2844.49801677999	94.5403502156786	66.2433308967402	-593.760287710547	688.578728287721	240	54	2	9	207	144	271	38	21	38	4348	796	418	70	8620	0	0	0	0
10	2	0	189	11	down	3	512	328.016557797834	1133.74205424377	370.114943718833	561.531699677734	817.350036656872	5369.52831399253	833.119477411157	2773.9955319113	75.8663965305334	58.6002711976788	-593.9216071493	688.953314126685	237	60	1	8	206	134	276	40	15	47	4156	991	390	95	8218	0	0	0	0
10	2	0	190	10	down	0	512	282.592315874402	848.483881935606	307.786140055271	452.678427949513	726.220103300311	4426.2123243017	751.271440396828	2455.53402743144	72.6788992739594	62.6579027307599	-593.775076882746	688.613454782331	258	74	5	4	171	165	257	29	21	40	3877	775	406	62	8594	0	0	0	0
10	2	0	190	10	down	1	512	353.093572124087	1770.62354041034	323.837385799875	547.224682870321	804.636511165309	5355.64380716292	777.858659441365	2518.91313821423	48.7956927008557	50.428677018064	-593.742927961007	688.538691027465	265	77	4	13	153	149	262	40	15	46	3755	909	361	95	8612	0	0	0	0
10	2	0	190	10	down	2	512	370.907910677525	1770.80899025355	366.472252400523	785.095431887392	610.846267907816	3452.24292739799	661.529096064385	1840.4733132666	64.5861606704285	65.2520069060667	-593.785724726313	688.637926415977	244	81	6	12	169	181	254	24	12	41	3903	779	365	73	8811	0	0	0	0
10	2	0	190	10	down	3	512	299.955804709092	1141.40491991164	315.031866873723	473.905993628354	661.472135955	3999.44943692553	675.880418493049	1941.93263479543	64.4042104047539	61.1314511731543	-593.66875162355	688.366486330034	249	87	2	8	166	184	253	29	12	34	3793	805	440	82	8786	0	0	0	0
10	2	0	191	9	down	0	512	384.623948668458	2041.73889198577	352.058284085815	629.97558721064	894.084848384686	6182.73200108996	896.216184640776	3102.3524520414	54.7232110995692	58.8007557104351	-593.511541806218	688.002248048338	267	67	5	15	158	131	243	43	26	69	3326	861	338	83	8723	0	0	0	0
10	2	0	191	9	down	1	512	341.082929005961	1326.25275399987	334.671003909849	499.577077602646	999.630893045924	7087.0811047983	976.008097243389	3636.86039713615	53.4009369153602	54.1941941989583	-593.720563910848	688.486922028081	247	71	8	7	179	135	255	49	31	42	3341	848	333	86	8730	0	0	0	0
10	2	0	191	9	down	2	512	424.371916013769	2281.86042648224	391.690917022203	844.752854047589	876.819363552179	6005.68310410146	872.823932781762	2986.28066958	58.3126683852391	59.1989661594587	-593.777584596616	688.619009027079	244	67	5	17	179	143	270	45	17	37	3456	715	365	72	8613	0	0	0	0
10	2	0	191	9	down	3	512	360.555064960961	1739.44720919423	342.840902747422	575.497734755519	851.371322893124	5625.5952783213	898.496240246088	3059.25846253264	60.897062326063	57.6995783487762	-593.570376086686	688.138578450396	255	72	3	13	169	134	250	37	28	63	3322	819	372	95	8907	0	0	0	0
10	2	0	192	8	down	0	512	290.030009975653	1170.4413094631	283.684258510758	359.437403391816	983.121506177483	6950.94421211569	943.346858275293	3401.95530258962	42.6678461185908	55.8924402443564	-593.729279563986	688.506942817577	274	79	3	8	148	148	260	49	28	27	2948	755	294	99	8746	0	0	0	0
10	2	0	192	8	down	1	512	276.71441517253	959.104005217027	291.612780316055	397.511568610665	910.111159619679	6239.6375392849	927.78691381537	3255.06075037706	49.0659976074122	52.3800164546158	-593.733943478663	688.517954514357	264	83	3	6	156	131	269	45	22	45	3052	682	304	58	8863	0	0	0	0
10	2	0	192	8	down	2	512	327.064451829401	1427.95494492528	303.022531671882	448.146055864945	828.604581810931	5149.76536997838	886.628843289085	3100.91129962373	54.0640141495034	61.2540016644756	-593.787200271835	688.641425937651	262	80	6	9	155	135	276	32	29	40	3056	690	282	68	8708	0	0	0	0
10	2	0	192	8	down	3	512	254.425131604399	758.213258828394	280.706375669211	324.449229762662	870.235771417177	5625.98099813303	909.838451620402	3022.56055014736	36.4432324962927	54.9925607986474	-593.637657642134	688.294623111506	286	61	1	5	159	123	298	40	20	31	2941	815	275	65	8948	0	0	0	0
10	2	0	193	7	down	0	512	301.913232236588	1282.00657938691	297.39486121447	436.611745048565	988.148113972798	7170.54911880593	922.11477647254	3244.66608357236	46.5218389672714	55.1380201659818	-593.789690530784	688.647145973786	277	73	3	9	150	141	260	54	21	36	2689	577	269	49	8946	0	0	0	0
10	2	0	193	7	down	1	512	264.377534133154	1043.96414850936	269.750813315171	365.40059163432	869.959940026866	5861.60713442154	863.649779549557	2971.01933521575	35.1905539678943	54.757147104583	-593.691897953359	688.420658477157	290	81	3	7	131	146	267	42	21	36	2646	562	302	74	8921	0	0	0	0
10	2	0	193	7	down	2	512	272.924171915037	1248.74247902863	264.357694938011	381.880945420547	966.140279914365	6831.94138968558	976.114791270421	3573.14647815247	27.8389445233397	50.6091891578447	-593.696743580035	688.431524743132	276	108	3	9	116	126	266	50	23	47	2535	690	293	66	8900	0	0	0	0
10	2	0	193	7	down	3	512	345.706284553774	1507.40167269667	321.628163177292	509.025567772292	910.18536488624	6552.83800748636	893.492684727327	3149.17384548384	54.7574460936495	52.1285557988993	-593.784579754826	688.635472005764	252	73	5	10	172	156	253	51	15	37	2645	606	278	55	8905	0	0	0	0
10	2	0	194	6	down	0	512	266.337770720343	987.259021877886	257.274980106647	279.440734366596	921.570139957182	6683.10261758647	906.957729603449	3171.01364107842	18.9184253436623	54.8688565925844	-593.839276870483	688.762297340707	281	84	4	6	137	143	242	51	18	58	2270	530	216	56	9001	0	0	0	0
10	2	0	194	6	down	1	512	262.672139260348	982.511464368861	257.312664248053	279.982781641156	898.981226263118	5797.05103976282	944.541734079601	3344.73268140427	26.5642108658388	50.4120583256715	-593.757021880377	688.571535504043	269	101	4	6	132	114	281	37	31	49	2173	627	213	59	9062	0	0	0	0
10	2	0	194	6	down	2	512	267.921362855344	949.256029533835	274.700533600488	360.591315493313	867.09519494249	5779.50985018638	870.291948133029	2969.88100411117	22.6854189247389	50.364783961477	-593.79171333087	688.651963065909	269	88	3	6	146	140	279	42	19	32	2228	569	221	54	8885	0	0	0	0
10	2	0	194	6	down	3	512	315.608280551591	1394.78174764818	315.897692861168	568.044859536435	924.005024998741	6452.6861247645	926.614053424901	3337.44374130956	16.2115824763325	54.5812653734357	-593.866825816726	688.825892615458	261	85	3	10	153	148	247	45	27	45	2277	535	202	58	8912	0	0	0	0
10	2	0	195	5	down	0	512	244.430749723785	707.399020180506	261.527053105156	324.834741739903	956.768957021241	6723.30009344388	929.805469506191	3297.02789977068	43.7950609933645	53.8893801308908	-593.764958154165	688.589904615553	268	97	5	3	139	124	267	49	23	49	1859	433	219	49	9294	0	0	0	0
10	2	0	195	5	down	1	512	295.886921001595	1215.64815881853	282.164289433717	327.497835984765	763.907020996558	4858.45533665666	816.295908390147	2525.25125674971	22.0577076788814	45.7017862339754	-593.778724144923	688.622139470279	257	97	4	8	146	149	282	37	11	33	1883	427	198	52	9094	0	0	0	0
10	2	0	195	5	down	2	512	329.027497476283	1546.64813049954	290.176086793737	395.697792594433	931.56733089749	6597.70430538074	928.209791470243	3380.2610009383	35.1733349344284	54.4440135355151	-593.724649684591	688.496350961932	248	101	4	11	148	148	251	48	23	42	1927	394	195	44	9156	0	0	0	0
10	2	0	195	5	down	3	512	267.597933993787	987.563212106457	272.787372395808	340.47340033196	999.40546818655	7302.35466361158	952.375469099091	3529.64221762871	37.2678974376092	51.9236790444061	-593.76771517121	688.596539221197	256	109	4	6	137	149	235	52	29	47	1833	491	188	48	9064	0	0	0	0
10	2	0	196	4	down	0	512	335.584481815969	1711.01583960898	315.138328348259	618.141239062483	897.501256249685	6127.92346394026	903.593644843996	3050.90273994228	18.2873170460624	46.8471649912075	-593.745582740258	688.544897102435	259	97	3	13	140	127	251	42	27	65	1446	446	122	34	9065	0	0	0	0
10	2	0	196	4	down	1	512	323.473025635967	1463.15563967866	304.296522634413	473.856020156812	941.896377878432	6589.13000178679	944.101916027559	3415.62015379852	19.4874954807547	45.1683701808776	-593.714761948829	688.473473407147	263	90	7	9	143	123	258	47	25	59	1484	376	151	37	9455	0	0	0	0
10	2	0	196	4	down	2	512	252.746344526908	912.09497154689	267.679086187783	347.00357297469	888.554175279993	6039.7227125489	898.344628577743	3172.42933185565	21.409425475116	55.0358493837791	-593.773294591329	688.609100820894	274	91	0	7	140	140	257	42	25	48	1486	365	171	26	9133	0	0	0	0
10	2	0	196	4	down	3	512	288.247600776593	1207.62376696226	260.878868934864	319.211322685987	919.360679774998	6309.91739429519	938.372952083235	3316.63903395108	10.8847938441366	47.8877510520051	-593.811004262188	688.696679830528	273	89	4	8	138	124	245	42	31	70	1456	441	115	36	9025	0	0	0	0
10	2	0	197	3	down	0	512	244.027497476282	686.936934222987	257.210640317752	267.484586356988	990.962452526236	7153.18135305852	946.364902527817	3351.41825247072	19.9322329584278	49.7327354416832	-593.582853906594	688.167810562198	268	88	2	4	150	128	274	55	18	37	1107	299	111	19	9475	0	0	0	0
10	2	0	197	3	down	1	512	304.226314540341	1284.11001822412	288.842780872438	422.584954984194	959.055431529678	6961.86237102363	933.016464356328	3438.84998404185	-9.18490870767659	54.2823572074661	-593.785442145843	688.637176796044	265	83	3	9	152	147	239	51	24	51	1058	343	97	38	9520	0	0	0	0
10	2	0	197	3	down	2	512	242.345901339098	782.867119145118	259.981081241637	302.374152779459	1020.63902366468	7366.77733935459	999.357053097874	3821.01830221695	13.6909458993939	54.9064076713801	-593.687278263621	688.409786667928	269	100	2	5	136	135	221	48	40	68	1086	318	98	34	9277	0	0	0	0
10	2	0	197	3	down	3	512	255.910719737218	760.143557026488	268.501896526119	300.091281891837	840.262379212493	5670.76827736546	856.802310776964	2752.14704459745	10.1472967690857	47.1015406481512	-593.74903799704	688.552830987483	275	83	6	3	145	152	264	42	17	37	1130	284	98	24	9339	0	0	0	0
10	2	0	198	2	down	0	512	311.990246562841	1390.81822215662	300.496232312713	478.186525260957	1045.36038321468	7764.71026174985	978.510254755916	3537.17065239837	-5.69673992400339	49.4780192140953	-593.882473736307	688.862652447202	265	85	3	10	149	131	243	57	27	54	739	194	75	16	9365	0	0	0	0
10	2	0	198	2	down	1	512	286.364378515658	1127.33510483377	274.541952578208	356.912783513541	1062.54604466124	7824.26649800353	1040.37829222827	3950.02896471914	9.74989674526925	46.4858907178615	-593.782726075309	688.630840514095	266	97	7	6	136	128	240	55	33	56	687	245	71	21	9377	0	0	0	0
10	2	0	198	2	down	2	512	267.998377181597	1105.87920179729	265.726513448386	358.37729330802	909.461492836874	6337.38851392284	932.275693551205	3272.08171987967	4.92073991961597	50.323826019052	-593.738191505035	688.527798473428	273	99	2	8	130	130	241	44	27	70	654	271	79	20	9394	0	0	0	0
10	2	0	198	2	down	3	512	288.704068614726	1227.3261561206	283.988178242272	443.123132217616	1003.35254915624	7090.29710109982	1018.98006275099	3849.63840003831	-1.02811941280826	48.6492499818629	-593.777185055424	688.618250342841	255	117	7	7	126	112	258	49	31	62	719	235	50	20	9380	0	0	0	0
10	2	0	199	1	down	0	512	238.176204569726	836.72127774935	256.759660323122	333.303607078819	1099.20665112249	7905.54632469482	1133.22360066004	4446.74568727328	6.53002033732277	48.4784669286301	-593.771006676509	688.603848919721	271	107	1	6	127	96	243	51	44	78	318	140	40	14	9604	0	0	0	0
10	2	0	199	1	down	1	512	292.019663417849	1289.94006816199	269.448440090126	442.821973169323	1140.96245252624	8324.64033339602	1151.63879995033	4577.63956834568	-6.35848967507403	49.5213570204376	-593.731121684496	688.511347549337	261	111	6	8	126	96	255	56	41	64	326	145	29	12	9563	0	0	0	0
10	2	0	199	1	down	2	512	289.581969316598	1209.51756233293	261.316396374698	339.003792762586	1283.62276242717	9915.60659636072	1240.30173506375	5051.189060158	-8.87001563713528	51.269747982419	-593.802260547566	688.676139366235	265	108	9	6	124	87	248	71	40	66	338	135	32	7	9364	0	0	0	0
10	2	0	199	1	down	3	512	259.454548459407	841.605614665016	289.602946562892	427.554101064346	997.145601473428	7062.22711610801	1048.80703527969	3894.89019822764	-1.56992258452208	47.7918481458981	-593.817977153595	688.712830230236	266	90	3	5	148	107	277	52	23	53	346	97	49	20	9648	0	0	0	0
# final_twist	1
# completion	PASS
