# format	twist_snake_blocks_v1
# status	NON-CANONICAL floating-point engineering diagnostic
# L	8
# k	2
# chain	3
# base	0
# seed	202609288203
# seam_size	64
# start_twist	64
# chain_initial	hotT
# warmup_sweeps	512
# dwell_sweeps	16384
# visit_sweeps	2048
# equilibration_sweeps	32
# block_length	512
# segments	128
# seam_order	x2_fastest_then_x3
# action_density	minus_sum_logW_divided_by_6L4
# sampling	every_production_sweep_after_full_heatbath_sweep
L	k	chain	segment	n	phase	block	count	sumFn	sumFn2	sumFi	sumFi2	sumBn	sumBn2	sumBi	sumBi2	sumY	sumY2	sumS	sumS2	hF0	hF1	hF2	hF3	hF4	hB0	hB1	hB2	hB3	hB4	sec0	secMinus	secPlus	secOther	secUntwisted	pure0	pureMinus	purePlus	flips
8	2	3	0	64	dwell	0	512	0	0	0	0	257.873765384099	1075.37166429918	241.495759521323	293.368816019352	765.762174311922	1192.97474107082	-593.788030558209	688.646297102508	0	0	0	0	0	281	115	7	4	105	28389	2574	1670	135	0	0	0	0	0
8	2	3	0	64	dwell	1	512	0	0	0	0	289.706581114096	1170.38984491541	261.597288689568	301.713323928175	768.57443392971	1203.16974579834	-593.384075198837	687.710140669762	0	0	0	0	0	265	132	6	8	101	28529	2448	1659	132	0	0	0	0	0
8	2	3	0	64	dwell	2	512	0	0	0	0	205.186847687852	584.84594618483	213.31170803114	182.319186001194	767.400919007207	1200.91134333369	-593.732755485549	688.518958426675	0	0	0	0	0	289	110	3	3	107	28570	2502	1564	132	0	0	0	0	0
8	2	3	0	64	dwell	3	512	0	0	0	0	276.942649091596	1253.57520980165	248.129589801417	292.860762627871	779.937388841608	1241.68590804615	-593.75839474487	688.577852840092	0	0	0	0	0	281	121	9	3	98	28545	2426	1672	125	0	0	0	0	0
8	2	3	0	64	dwell	4	512	0	0	0	0	225.86031320628	589.584271790782	234.727216935822	205.885905602157	768.498438544204	1202.65222121132	-593.808652876132	688.69431961269	0	0	0	0	0	296	131	2	5	78	28485	2575	1603	105	0	0	0	0	0
8	2	3	0	64	dwell	5	512	0	0	0	0	220.361866016288	622.007004171774	222.975730766582	190.504440178951	784.311572207245	1253.68235473844	-593.619179678517	688.255620008622	0	0	0	0	0	284	116	2	6	104	28397	2468	1771	132	0	0	0	0	0
8	2	3	0	64	dwell	6	512	0	0	0	0	314.807394175972	1551.21961166338	278.882499127942	499.559671342184	790.873387592999	1269.82130780763	-593.816284970484	688.712344222183	0	0	0	0	0	267	121	10	7	107	28660	2333	1662	113	0	0	0	0	0
8	2	3	0	64	dwell	7	512	0	0	0	0	243.653662083788	783.955341391151	255.320424247519	300.676070728231	766.766899284985	1196.93757288198	-593.863623085761	688.82186992846	0	0	0	0	0	260	137	5	2	108	28566	2449	1632	121	0	0	0	0	0
8	2	3	0	64	dwell	8	512	0	0	0	0	262.322102603476	1119.46595619029	242.793053219223	299.70156801812	779.215880484066	1232.66079411402	-593.655154488924	688.338545936143	0	0	0	0	0	275	112	7	5	113	28420	2553	1668	127	0	0	0	0	0
8	2	3	0	64	dwell	9	512	0	0	0	0	249.353735397532	909.757554024851	238.859969779352	251.938122240993	772.396900727691	1215.32617566141	-593.712384785853	688.472058219961	0	0	0	0	0	292	122	5	5	88	28491	2467	1676	134	0	1	0	0	2
8	2	3	0	64	dwell	10	512	0	0	0	0	236.441392841911	619.429453362858	251.135963402264	255.411268806353	780.030438518208	1237.03714906484	-593.665989168773	688.363727386817	0	0	0	0	0	262	145	3	3	99	28522	2421	1688	137	0	0	0	0	0
8	2	3	0	64	dwell	11	512	0	0	0	0	214.934815033163	536.97357864537	237.956610811469	244.220675567728	763.828051857671	1194.43667649461	-593.885402193771	688.87245542412	0	0	0	0	0	278	125	2	4	103	28532	2545	1583	108	0	0	0	0	0
8	2	3	0	64	dwell	12	512	0	0	0	0	257.298303867853	1113.61800882609	249.451184909112	401.053015612977	781.725276454863	1241.71296894106	-593.816965415435	688.714196600777	0	0	0	0	0	273	106	7	5	121	28493	2457	1702	116	0	0	0	0	0
8	2	3	0	64	dwell	13	512	0	0	0	0	230.160239892536	671.228843566452	237.443732294305	238.58707053764	775.322427502814	1225.03242522361	-593.670509733781	688.374989383037	0	0	0	0	0	272	134	4	2	100	28416	2503	1721	128	0	0	0	0	0
8	2	3	0	64	dwell	14	512	0	0	0	0	200.640506466292	422.508670257745	225.364960409517	218.035929382329	771.056933483459	1213.0119358439	-593.628095025849	688.275854290674	0	0	0	0	0	272	120	1	4	115	28456	2508	1660	144	0	0	0	0	0
8	2	3	0	64	dwell	15	512	0	0	0	0	238.680269879103	915.931091129838	239.686560976759	311.149622292677	778.108634875702	1236.25025289771	-593.968309983317	689.065679044158	0	0	0	0	0	273	112	6	3	118	28596	2369	1664	139	0	0	0	0	0
8	2	3	0	64	dwell	16	512	0	0	0	0	236.141762715977	873.842897202796	232.576625100522	241.127463606055	782.340493317764	1246.02225231997	-593.628576216852	688.276842486881	0	0	0	0	0	275	117	6	2	112	28525	2440	1672	131	0	0	0	0	0
8	2	3	0	64	dwell	17	512	0	0	0	0	223.223802040971	722.870054851188	230.898995377434	230.823156069304	783.299106233491	1248.33296992671	-593.698455396961	688.438984471243	0	0	0	0	0	295	123	5	1	88	28404	2497	1725	142	0	0	0	0	0
8	2	3	0	64	dwell	18	512	0	0	0	0	244.834001971287	883.666537667703	255.331421377481	327.569080918353	769.381487465609	1205.10173761676	-593.905035887045	688.918037410387	0	0	0	0	0	272	127	6	2	105	28626	2405	1607	130	0	0	0	0	0
8	2	3	0	64	dwell	19	512	0	0	0	0	249.00369874066	1026.3473007619	234.819373174233	295.682269108495	776.211960471797	1221.43437989903	-593.652994626978	688.333800564689	0	0	0	0	0	290	113	7	3	99	28479	2510	1672	107	0	0	0	0	0
8	2	3	0	64	dwell	20	512	0	0	0	0	277.823358853161	1117.54796719629	244.640524163259	255.600244750242	770.379964893541	1208.15870614907	-594.012601424502	689.167380221828	0	0	0	0	0	266	126	6	7	107	28681	2420	1547	120	0	1	0	0	2
8	2	3	0	64	dwell	21	512	0	0	0	0	278.176204569726	1176.35653266497	251.850151598949	308.185707983477	770.536102084421	1204.86909322066	-593.770985300434	688.607394067258	0	0	0	0	0	263	122	7	6	114	28645	2408	1592	123	0	0	0	0	0
8	2	3	0	64	dwell	22	512	0	0	0	0	254.706581114096	1131.01290390291	232.473330271148	259.759723050084	781.796851697616	1247.44391726934	-593.603717574971	688.219226693579	0	0	0	0	0	297	108	8	3	96	28451	2475	1709	133	0	0	0	0	0
8	2	3	0	64	dwell	23	512	0	0	0	0	243.226611100663	902.098190442868	253.416982390951	385.689103187307	770.3823813554	1204.37215289505	-593.952794323843	689.028729754011	0	0	0	0	0	278	114	5	5	110	28577	2457	1633	101	0	0	0	0	0
8	2	3	0	64	dwell	24	512	0	0	0	0	210.990543123164	610.447747255059	232.230399586186	255.281413155011	774.649447664465	1219.63871032647	-593.756826707864	688.574115833916	0	0	0	0	0	282	120	4	1	105	28606	2421	1597	144	0	0	0	0	0
8	2	3	0	64	dwell	25	512	0	0	0	0	226.367187575351	765.104260087944	234.528655137404	254.56947246749	771.32350858885	1218.37437966721	-593.785050991421	688.640879293545	0	0	0	0	0	281	118	5	2	106	28416	2570	1650	132	0	0	0	0	0
8	2	3	0	64	dwell	26	512	0	0	0	0	264.860609766602	1082.46601282827	254.307459597521	297.534413086768	763.12693725938	1187.18582518883	-593.690324205377	688.420331245871	0	0	0	0	0	261	122	7	4	118	28429	2617	1594	128	0	0	0	0	0
8	2	3	0	64	dwell	27	512	0	0	0	0	230.688103937537	790.374741600202	221.538995924053	197.649006490852	775.710265878897	1226.26606134637	-593.933932453011	688.98439035102	0	0	0	0	0	288	112	4	5	103	28583	2423	1631	131	0	2	0	0	4
8	2	3	0	64	dwell	28	512	0	0	0	0	256.741022967845	899.727205799471	246.059359877942	325.927452782862	777.505147765063	1231.25469191193	-593.760406040498	688.582784386493	0	0	0	0	0	293	112	2	12	93	28552	2450	1632	134	0	0	0	0	0
8	2	3	0	64	dwell	29	512	0	0	0	0	230.688103937537	731.651349395517	245.969000865786	266.131674396619	755.232482849121	1166.49706177489	-593.620910966911	688.258556582426	0	0	0	0	0	284	116	3	6	103	28483	2606	1533	146	0	0	0	0	0
8	2	3	0	64	dwell	30	512	0	0	0	0	261.215967982537	1039.33826709176	239.62500403701	260.284199778632	764.720669182145	1191.71738791464	-593.805627187995	688.687442368481	0	0	0	0	0	268	126	7	3	108	28510	2473	1649	136	0	0	0	0	0
8	2	3	0	64	dwell	31	512	0	0	0	0	230.966744387541	712.153015481488	226.587986907669	250.638940297569	779.841431088034	1232.1436034031	-593.910061760682	688.929236812348	0	0	0	0	0	272	112	2	8	118	28596	2367	1681	124	0	0	0	0	0
8	2	3	1	63	down	0	512	954.485291572496	6371.26085314331	1021.71773229656	3739.2786774611	291.643018965662	1191.19541804005	292.045932420781	480.98374027067	762.783910409073	1181.4950114139	-593.742911956283	688.541890780877	116	71	44	37	244	250	137	7	6	112	28059	2465	1602	130	161	1	0	0	2
8	2	3	1	63	down	1	512	1075.53540154311	7525.807574304	1114.16442905916	4284.50265898746	286.515598108471	1224.45364698619	277.968752102292	434.679350270658	760.090673878635	1177.05268627106	-593.868124500036	688.832518274285	98	54	40	49	271	263	139	9	2	99	28151	2410	1575	120	130	1	0	0	2
8	2	3	1	63	down	2	512	1051.64434522374	7438.88679119889	1109.12652203994	4260.89224442197	308.627054288473	1444.86706250714	283.455083759987	430.254316403547	769.95603089986	1207.91999505484	-593.858494640116	688.809656939359	92	72	36	50	262	251	140	11	2	108	28108	2449	1566	133	145	0	0	0	0
8	2	3	1	63	down	3	512	1067.0923858828	7769.7041071478	1084.5194695078	4229.68598093131	294.427940664092	1155.80004154038	287.745974765134	374.076618290692	756.839394401263	1170.63295503959	-593.863707366228	688.822666721257	117	46	29	56	264	265	149	7	5	86	28206	2396	1546	108	122	0	0	0	0
8	2	3	2	62	down	0	512	841.392312569054	5359.40356060008	899.904815048015	3017.5605275737	263.950483150029	866.119193489212	285.588899256686	358.580634022506	757.737941969536	1172.43770252116	-593.573537328976	688.149349586173	137	33	24	36	282	268	157	6	1	80	27603	2422	1592	127	221	0	0	0	0
8	2	3	2	62	down	1	512	1004.33126291999	7131.23623473512	978.726426017094	3589.27880469096	274.780786380657	1113.69674429813	282.201175541668	385.962416069893	757.969485486441	1173.90771945044	-593.619270734676	688.255738211176	124	55	32	49	252	274	138	8	2	90	27690	2359	1581	114	233	0	0	0	0
8	2	3	2	62	down	2	512	839.962749086559	5455.39458356792	887.702147578908	3008.9537282889	321.435774722525	1519.04302557636	309.060417109203	496.650317608564	755.909679618744	1158.95297405645	-593.595450165684	688.199777329825	133	50	24	37	268	272	152	12	1	75	27602	2470	1544	128	228	0	0	0	0
8	2	3	2	62	down	3	512	990.484995012174	7115.50660297141	969.239130958327	3516.84204074286	290.33244916128	1053.06753070859	296.20615772324	507.855275859561	764.074795330332	1192.09657497011	-593.652546338395	688.331907343511	143	39	27	51	252	260	156	6	5	85	27622	2396	1588	138	261	0	0	0	0
8	2	3	3	61	down	0	512	888.500959689363	5981.7590171434	903.475998621336	3158.93128644114	293.977090945345	1213.64206085446	286.440168525357	370.518927215884	743.912151180844	1130.46202555879	-593.761727162797	688.585348796538	154	29	26	41	262	261	144	8	4	95	27211	2323	1564	134	324	0	0	0	0
8	2	3	3	61	down	1	512	867.222615799681	6015.23332734804	856.324561932245	3087.15773117865	314.902589118462	1159.71783230144	324.468944933018	521.489695220252	747.39513184342	1138.18842299	-593.719885930308	688.488373930614	155	45	20	44	248	259	169	6	7	71	27251	2343	1540	98	306	0	0	0	0
8	2	3	3	61	down	2	512	796.042275912182	5111.72279750588	827.371775287952	2582.73120828542	308.271399512216	1249.01883195303	309.122747823202	486.28289647472	750.81070229333	1148.67602912386	-593.731657809009	688.515986217158	151	37	19	36	269	255	164	9	2	82	27150	2413	1546	123	357	0	0	0	0
8	2	3	3	61	down	3	512	746.172505829066	5014.12119466858	800.656484904976	2503.8739858742	281.438583782218	1081.55386692742	287.019900502128	402.336272024212	760.371289431037	1180.25788179599	-593.63706665506	688.296718992524	157	58	8	40	249	263	153	8	1	87	27215	2292	1604	121	328	0	0	0	0
8	2	3	4	60	down	0	512	862.649666782806	5813.73183117601	885.302481325464	3017.59638937889	315.40665442784	1394.73307721161	292.99663353874	402.13579315812	737.589145343057	1118.5595691597	-593.764561738197	688.593351932041	141	43	20	42	266	265	153	10	3	81	26706	2373	1537	104	486	0	0	0	0
8	2	3	4	60	down	1	512	839.432075981866	5454.46733435186	891.793678208039	3035.28387609016	282.215671422215	1004.99754571677	293.913212336231	373.00014660163	723.351590026872	1076.38375183602	-593.64604278748	688.317525792669	142	29	19	39	283	271	155	6	4	76	26823	2307	1453	137	414	1	0	0	2
8	2	3	4	60	down	2	512	1026.76614796155	7430.78925209281	991.61871032405	3715.99181830895	285.809906675342	1106.83651604882	280.70724285097	365.422128930005	726.367671182586	1083.96421273872	-593.794470228996	688.661564822213	133	43	29	53	254	269	147	7	4	85	26850	2341	1424	105	448	0	0	0	0
8	2	3	4	60	down	3	512	987.317810742171	7092.05970528608	939.066318121335	3452.63996406349	337.390689750651	1420.15250573965	336.241296919892	632.213339258792	737.151618939034	1111.95735176636	-593.752341549595	688.563427237587	147	29	24	52	260	254	163	8	8	79	26966	2176	1475	103	406	0	0	0	0
8	2	3	5	59	down	0	512	811.572949016875	5247.65004672194	889.257689093022	3198.54645085086	298.022175917219	1237.27426678805	292.454643642865	473.497736839099	748.552646216463	1153.81522237845	-593.678248855599	688.392747831893	142	61	27	34	248	255	152	9	2	94	26343	2166	1587	112	605	0	0	0	0
8	2	3	5	59	down	1	512	868.779600139367	6055.51289916842	853.100856059685	2888.85067976032	354.852182587524	1772.59313554697	327.675399421848	545.327020849594	728.78063443018	1089.01181968292	-593.473889977463	687.918072921288	154	39	16	46	257	264	155	13	4	76	26268	2261	1571	108	587	0	0	0	0
8	2	3	5	59	down	2	512	895.487804071866	6282.47032669591	896.307156123545	3311.71309663557	274.929196913777	997.058327124507	274.07553681952	340.379439195182	738.388571968117	1116.34491357427	-593.70331914269	688.450920313449	154	42	21	46	249	280	147	6	4	75	26221	2281	1589	117	549	0	0	0	0
8	2	3	5	59	down	3	512	891.368513833431	6180.53122137961	899.675382626543	3278.76055342127	304.128310538158	1303.67856368189	295.921523647371	513.065106030984	707.704118379333	1028.01990602389	-593.729693372903	688.511425983692	151	51	26	43	241	258	140	8	6	100	26387	2310	1385	126	531	0	0	0	0
8	2	3	6	58	down	0	512	964.657500841239	6851.97481521199	939.467233758177	3491.58784784385	288.247600776593	1031.45359034821	300.096706286939	499.551746699437	709.508682758421	1034.19884901752	-593.466153296901	687.900127716547	148	47	31	47	239	261	150	5	7	89	25808	2281	1489	118	623	0	0	0	0
8	2	3	6	58	down	1	512	870.09016994375	5726.22449191084	894.943005812523	3129.84666561521	300.510276549408	1220.62690090127	295.498537675843	452.427662671775	704.079515942517	1022.77138998603	-593.563208869815	688.125426555266	132	69	35	35	241	250	151	8	4	99	25694	2341	1533	128	671	0	0	0	0
8	2	3	6	58	down	2	512	797.278640450004	5171.54378545462	867.891606844584	2916.14134550991	299.054105271598	1218.73031141949	292.011989274691	371.19750773332	727.359224849013	1083.47839759776	-593.740227724467	688.535554088359	132	72	23	35	250	245	149	8	4	106	25886	2193	1515	102	691	0	0	0	0
8	2	3	6	58	down	3	512	1020.7874341978	7385.57960862627	973.10926368678	3759.15919883703	300.658687082529	1183.07662101671	303.260389382415	465.08483579182	717.329400576735	1056.86930487169	-593.735782760848	688.525217076388	137	51	33	51	240	268	145	6	8	85	25921	2231	1439	105	694	0	0	0	0
8	2	3	7	57	down	0	512	845.69223925531	5716.67119136324	830.445670843752	2781.40420956231	470.10140618252	2686.23736749475	436.926587648935	1014.29254136058	706.918512344321	1034.59492516324	-593.564634810167	688.1286202928	145	57	23	40	247	228	176	19	9	80	25421	2206	1448	109	743	0	0	0	0
8	2	3	7	57	down	1	512	921.143088974058	6369.81697612102	914.732807162488	3200.9888621211	394.048487152212	2070.53235413924	365.117738741469	705.164158174447	710.824460415834	1037.43091706996	-593.75031401418	688.55867696863	125	59	25	45	258	239	171	16	3	83	25551	2094	1437	102	682	1	0	0	2
8	2	3	7	57	down	2	512	960.309976683738	6767.17536837041	920.543509063638	3255.01763359233	324.223505480648	1247.98221584963	333.269854656504	446.822549672019	713.082253057291	1039.64089245567	-593.823472715174	688.729106275541	136	39	24	49	264	254	179	8	4	67	25601	2027	1437	119	714	0	0	0	0
8	2	3	7	57	down	3	512	735.140576474687	4551.96614968873	789.306240870535	2369.82066224175	379.825574792209	1858.9760329286	378.673706492122	728.996875299237	708.458214930542	1033.41813025009	-593.81444495154	688.707516195702	147	45	14	33	273	247	179	14	3	69	25502	2175	1394	113	751	0	0	0	0
8	2	3	8	56	down	0	512	679.461492836874	3980.88408204475	697.229246632378	2027.9799600579	351.008723739401	1728.64485496558	330.995599811884	546.349604365794	680.643053852698	953.65425379497	-593.517096449604	688.018620807471	170	33	16	27	266	258	158	13	3	80	24833	2241	1494	104	706	0	0	0	0
8	2	3	8	56	down	1	512	794.132445855931	5421.32756260117	749.045406312209	2369.22885219274	302.767334202838	1224.26190094597	309.432653523524	459.982536584289	684.301976405923	963.518982019094	-593.42871881095	687.813368047808	163	33	7	44	265	273	155	8	4	72	24629	2402	1524	117	743	0	0	0	0
8	2	3	8	56	down	2	512	650.416407864999	4084.59222933927	623.788214636922	1716.51707254369	300.279233570649	985.650952929645	327.796346622669	400.030625066782	687.01177561234	971.405709642194	-593.470628921995	687.910355179	200	29	7	32	244	254	183	6	3	66	24896	2210	1446	120	636	2	0	0	4
8	2	3	8	56	down	3	512	724.787730758123	4717.13929032785	726.285066628812	2271.16661138271	311.385368191588	1194.13728914848	330.462499075141	492.396801063335	699.677249718126	1000.99865774349	-593.69034968343	688.419956158332	178	37	11	36	250	257	172	8	3	72	25009	2115	1433	115	814	0	0	0	0
8	2	3	9	55	down	0	512	733.554175279993	4667.45830068172	743.411797841822	2232.45915606126	403.716631111578	2042.9788553587	416.385575622096	869.818181024516	684.900744682697	969.342387704811	-593.573096786096	688.148550720294	168	21	7	37	279	253	191	16	2	50	24466	2136	1465	93	794	0	0	0	0
8	2	3	9	55	down	1	512	702.92830723281	4320.61653623856	742.672365295008	2246.51269585142	394.419513485014	1777.75088968097	393.853191329267	698.561253411745	670.615013404351	929.581521305152	-593.807973369668	688.692371924944	173	33	14	31	261	244	208	13	3	44	24527	2102	1433	98	817	0	0	0	0
8	2	3	9	55	down	2	512	756.220103300311	4696.2123243017	788.916009532866	2664.56550782665	434.11988335908	2213.62331385841	432.209788940719	917.746185868484	676.615622653529	945.290841826755	-593.602823918973	688.217516401294	165	46	27	29	245	225	205	17	3	62	24540	2115	1399	106	801	0	0	0	0
8	2	3	9	55	down	3	512	761.59955681219	4836.81426696688	801.505521399003	2539.80793124348	437.788323878768	2158.87561475443	423.101922693554	860.777365303072	679.711353999504	956.82480401661	-593.710937195547	688.467710157185	139	61	18	34	260	216	213	16	4	63	24510	2148	1394	108	931	0	0	0	0
8	2	3	10	54	down	0	512	577.782705759382	3512.75969679918	561.778088068327	1399.94049258286	465.949890029385	2388.50149617203	472.752129499742	1091.85072460443	657.339505951684	889.901463084537	-593.498762634402	687.976490360053	210	48	7	27	220	238	208	16	9	41	24035	2172	1341	100	837	0	0	0	0
8	2	3	10	54	down	1	512	729.212269241877	4820.75037993913	692.307531110463	2171.55821591712	382.138657095962	1547.09776565801	421.898759184261	788.569284603581	664.560822855296	917.031536787155	-593.549870973412	688.094507202365	178	55	16	35	228	207	212	10	5	78	23927	2243	1378	100	879	0	0	0	0
8	2	3	10	54	down	2	512	623.986844382504	3799.77782077743	615.254944047982	1717.27282642218	382.408870366888	1588.63841717362	412.186265462478	824.483352628521	668.898226064219	923.332102922188	-593.405597442125	687.760044334968	192	42	8	29	241	250	207	10	6	39	23960	2146	1444	98	951	0	0	0	0
8	2	3	10	54	down	3	512	571.976201264377	3212.30670114978	589.852970081672	1575.68327087937	469.947377530014	2372.99102296784	467.376977333953	1055.90356543108	648.6872732525	873.293736248098	-593.569192675099	688.139050428273	202	30	7	24	249	220	208	15	11	58	24041	2090	1400	117	801	1	0	0	2
8	2	3	11	53	down	0	512	639.111456180002	3992.73214268491	619.85397505752	1777.10202880122	465.525648105953	2602.95452014042	442.747041779816	1031.29212970029	640.700217202309	855.473838642766	-593.466133239213	687.901206243055	192	37	5	32	246	239	187	19	7	60	23439	2113	1442	142	850	0	0	0	0
8	2	3	11	53	down	1	512	626.875388202502	3998.52848390647	577.597469440051	1539.7709322715	383.844051968768	1687.63858708757	413.676067598422	801.299012169882	650.604279226992	877.768037684946	-593.753135834338	688.564997441126	204	36	3	33	236	240	196	11	6	59	23630	2024	1366	116	877	0	0	0	0
8	2	3	11	53	down	2	512	546.676571138443	2988.83267413504	604.578627516585	1663.15463386614	493.010939678448	2671.89664611976	468.774727565859	1040.63087349405	641.54181071158	855.714046292634	-593.546191415427	688.08669048775	211	40	12	20	229	215	225	21	3	48	23498	2163	1368	107	975	0	0	0	0
8	2	3	11	53	down	3	512	562.806504495005	3044.99068313995	593.466004482295	1487.26719147833	416.981819383763	2019.4104231769	426.497996138328	881.125845635078	660.616538982844	902.357294246272	-593.675814480964	688.386806439193	192	36	8	22	254	248	199	14	6	45	23653	2001	1376	106	985	0	0	0	0
8	2	3	12	52	down	0	512	607.90731755688	3664.5438420926	595.687682768159	1673.94264081212	520.06918026782	2840.98771911489	498.073313270843	1185.10800376123	637.221260547007	845.949805122002	-593.787059402525	688.64439863606	198	46	10	27	231	221	222	20	9	40	23223	1918	1380	103	929	0	0	0	0
8	2	3	12	52	down	1	512	654.336881039375	4167.71689777475	619.234837754504	1816.17430933751	449.66873708001	2271.21274908656	457.512169338894	968.586646384428	626.379215868295	814.21065264279	-593.797559744407	688.668811591657	202	36	9	32	233	236	216	17	4	39	23112	2066	1345	101	890	0	0	0	0
8	2	3	12	52	down	2	512	576.148707093443	3471.66238424503	579.928926445624	1573.98822775117	460.525648105953	2420.14299064667	467.658130988848	1050.08231235324	639.608706743262	849.105520262303	-593.827592589295	688.737946924799	211	42	6	27	226	223	208	18	5	58	23256	2044	1239	85	935	0	0	0	0
8	2	3	12	52	down	3	512	514.366297894383	2677.5987237692	557.869182453891	1472.40619787424	411.02971341533	2051.7236470756	421.987849923214	929.612129199987	649.775039785168	875.437948597718	-593.524971588811	688.035959627655	210	43	10	18	231	245	184	14	7	62	23094	2003	1438	89	1045	0	0	0	0
8	2	3	13	51	down	0	512	516.427347543447	2817.45285405445	523.354111553817	1267.284398514	453.491206252204	2236.09443348606	482.113271266171	1160.47630547982	623.813506799166	810.093818438224	-593.653287578646	688.334260920728	219	49	11	19	214	215	212	15	8	62	22811	1975	1226	100	937	0	0	0	0
8	2	3	13	51	down	1	512	521.353142276887	2998.6747784061	547.978122643148	1470.53216820313	443.417000985644	2126.51092630803	493.714025240175	1165.5771207546	612.236160105825	780.879652850217	-593.572986921864	688.14843067805	218	57	8	22	207	210	212	14	8	68	22710	2060	1248	94	1034	0	0	0	0
8	2	3	13	51	down	2	512	554.766741082193	3173.90861549597	555.934185968741	1503.26334841415	505.546637781882	2687.30992004576	501.950060257206	1244.40161668088	620.791767157804	804.634509401131	-593.632654762636	688.286580123754	215	39	9	23	226	222	225	19	8	38	22699	1942	1349	122	997	0	0	0	0
8	2	3	13	51	down	3	512	569.28928356813	3151.41623795105	617.77252694175	1757.59066499128	428.262972333137	2130.05781738267	451.550705105081	1064.17855784233	625.516674795994	815.362014567311	-593.772476064503	688.610874465843	202	41	13	21	235	246	200	15	6	45	22779	1952	1283	98	1019	0	0	0	0
8	2	3	14	50	down	0	512	565.045381532197	3458.9391053163	539.506575626104	1347.01321060024	525.220399860633	3120.91779076106	504.049077186285	1260.20074490854	612.067563080388	785.742905446534	-593.571806926208	688.145356495125	211	55	6	27	213	234	204	24	6	44	22261	1977	1260	102	1102	0	0	0	0
8	2	3	14	50	down	1	512	566.626164607506	3069.36762415246	591.378359974922	1567.39708581601	500.398227248762	2935.11851383343	469.06417381827	1105.22879782893	603.031146809875	759.525828322168	-593.468105732149	687.904912528381	192	41	11	21	247	228	206	24	2	52	22250	1936	1295	119	1100	0	0	0	0
8	2	3	14	50	down	2	512	499.793348877508	2641.35554150029	510.329206772968	1205.56533371874	498.790836378138	2815.73863711485	477.061074201405	1032.11511933324	613.481345750715	785.773869721809	-593.524500948751	688.035272671269	220	40	7	19	226	218	212	22	4	56	22118	2017	1353	112	1020	0	0	0	0
8	2	3	14	50	down	3	512	504.339690099068	2586.79315064457	528.821080214267	1242.10343873091	501.124908357821	2799.82663280896	504.934831602848	1249.46202825005	604.80164618522	770.785716639575	-593.566385048987	688.132556637335	209	30	3	20	250	233	212	21	6	40	22175	2006	1322	97	1001	0	0	0	0
8	2	3	15	49	down	0	512	656.07169276719	4091.39176113781	599.601478943302	1637.24268126875	623.031929354378	3760.41612467509	590.126192563834	1571.64350073873	604.88714778513	767.210414195461	-593.590781160482	688.189283087527	191	44	12	30	235	198	233	27	12	42	21753	1927	1304	104	1038	0	0	0	0
8	2	3	15	49	down	1	512	551.249520155319	2835.62297403052	562.225226318066	1322.14853473201	484.191279565947	2270.54409696352	545.564268946383	1227.08908647342	603.045741060664	761.25615532828	-593.448299654934	687.858770173192	181	39	8	20	264	199	247	15	8	43	21766	1939	1275	108	1161	0	0	0	0
8	2	3	15	49	down	2	512	460.52283904626	2145.2917960675	483.051990276458	981.244730088646	537.429860042818	2782.34026827114	582.486085605721	1541.25480601861	588.1604325891	725.621313882479	-593.658852174773	688.347062801268	208	38	3	16	247	205	242	18	12	35	21781	1947	1259	101	1075	0	0	0	0
8	2	3	15	49	down	3	512	590.294605127193	3644.04231760159	543.601586286829	1334.8916709435	528.713822051885	2770.93919027328	562.821467759718	1394.01095888893	596.128465923006	748.512298432803	-593.54609978987	688.085372633771	207	45	5	29	226	190	246	20	7	49	21720	1958	1321	89	1079	0	0	0	0
8	2	3	16	48	down	0	512	535.973688765007	3408.40709100495	479.977001989788	1303.77679054098	397.058833710016	1898.95155611536	389.944822626009	763.101070013041	589.054323512172	730.191715787578	-593.603162427704	688.218308209556	256	44	8	26	178	252	188	13	6	53	21354	1876	1249	97	1247	0	0	0	0
8	2	3	16	48	down	1	512	366.35595133658	1569.28595297435	386.145162654136	688.399342106436	354.97398532533	1164.99726252687	391.215761024333	680.665225799272	585.621267379985	718.232003761618	-593.494940758129	687.967668105097	245	51	1	12	203	229	222	6	6	49	21277	1962	1240	97	1094	0	0	0	0
8	2	3	16	48	down	2	512	542.634295226261	3355.12760414155	480.759468739887	1192.16081318401	381.910423176895	1763.14318887961	388.641659188527	737.270456866848	583.019999851551	717.53422148137	-593.586276682704	688.178158418625	220	58	4	27	203	238	193	13	3	65	21347	1895	1244	90	1094	0	0	0	0
8	2	3	16	48	down	3	512	403.162159271262	1728.86330555033	421.270715638913	729.135022696953	355.777680760641	1597.39229919864	357.362392088107	628.043554611853	584.828281224057	718.501701042821	-593.640617129902	688.305008683322	236	38	4	12	222	266	184	12	2	48	21301	1922	1248	105	1172	0	0	0	0
8	2	3	17	47	down	0	512	778.681596137184	5326.17567987931	740.305561174317	2351.53225135484	429.040059973134	2033.13675108765	461.375638679819	1029.20050457608	555.143420993506	653.467604758202	-593.578846167636	688.161571709151	171	41	10	42	248	246	213	14	6	33	20812	1963	1196	93	1192	0	0	0	0
8	2	3	17	47	down	1	512	692.726681109059	4368.37939529573	684.763185971864	2055.72465915367	543.159350211569	2984.89348386177	540.570279093708	1415.5438954541	565.428248287212	684.264346684454	-593.5592771242	688.116393893652	193	28	13	32	246	213	225	20	12	42	20740	1962	1255	107	1250	0	0	0	0
8	2	3	17	47	down	2	512	629.61552148938	3512.15481842792	658.278876376392	1811.9558282189	543.613008990009	3102.44977675342	524.842028872924	1342.14574678214	559.032138495407	657.491153876729	-593.542458812953	688.077371120153	162	46	13	24	267	212	217	22	10	51	20934	1849	1169	112	1194	0	0	0	0
8	2	3	17	47	down	3	512	609.413895365628	3469.9176774851	665.606437874969	1891.06511541055	429.093275563765	2149.82383869784	440.603238826694	884.151107047711	572.779807805104	688.24314973596	-593.756365764643	688.572777603042	182	39	10	25	256	236	204	16	4	52	20793	1906	1247	118	1155	0	0	0	0
8	2	3	18	46	down	0	512	516.703178933759	2816.72028658467	534.11790799631	1271.87080604808	515.496231250945	2894.74453684598	486.452998120525	1100.55360780464	561.580256115148	667.450879254397	-593.672863629619	688.379816967836	212	44	6	21	229	231	213	21	8	39	20473	1838	1148	93	1250	0	0	0	0
8	2	3	18	46	down	1	512	606.323725421879	3664.18818731635	595.313762610513	1721.90094399012	478.915448175636	2499.52888037235	490.695312082889	1138.39574101706	564.079160676579	669.998961289828	-593.729010423631	688.509508645123	214	43	15	25	215	218	225	19	4	46	20453	1791	1207	101	1289	0	0	0	0
8	2	3	18	46	down	2	512	488.085144945009	2431.95132956343	516.756708820561	1145.32814091865	553.310569804383	3368.54694771262	530.188648753694	1466.23084600185	562.111578923553	665.586833141527	-593.755542342517	688.571194096693	212	40	7	17	236	230	201	25	9	47	20391	1814	1252	95	1283	0	0	0	0
8	2	3	18	46	down	3	512	641.448337219377	4034.77166617538	604.076581795955	1636.6811863459	513.437990661573	2871.56532656179	486.097730454229	1072.62763188722	559.55683623342	662.294488909715	-593.502629783035	687.985542632996	194	39	6	32	241	213	221	22	5	51	20489	1805	1172	86	1334	0	0	0	0
8	2	3	19	45	down	0	512	515.445824720007	2657.46795736966	519.75841470584	1090.69487889664	467.785514819075	2447.64138119868	471.277058628053	1032.00720370069	554.845187058755	655.434448420038	-593.515790560441	688.015232123573	196	35	2	21	258	221	220	19	3	49	20032	1787	1147	74	1390	0	0	0	0
8	2	3	19	45	down	1	512	589.262675772815	3486.4160963561	553.6184491634	1359.37259121719	521.878197262195	2881.32812898098	496.163337109202	1104.75243078871	534.467703091157	612.918086156738	-593.481715589158	687.936225801733	205	33	6	27	241	215	231	22	5	39	20024	1776	1138	102	1398	0	0	0	0
8	2	3	19	45	down	2	512	534.793348877508	3091.7962279456	520.795615919674	1208.66899505221	430.12239585845	1915.15208095479	478.503519091519	946.826802732765	557.464353050431	655.055863856793	-593.474577403518	687.919448032602	216	45	5	24	222	215	236	14	3	44	19990	1812	1174	64	1261	0	0	0	0
8	2	3	19	45	down	3	512	564.817147613131	3223.19129293636	563.147923564503	1433.22478582238	444.318700423138	2166.63231920955	476.193319471792	1027.66876104381	544.970832083726	630.95899745174	-593.56072538961	688.119572527789	198	40	5	25	244	222	221	16	4	49	20000	1767	1189	84	1299	0	0	0	0
8	2	3	20	44	down	0	512	539.716334551255	3038.89644788683	522.417815363601	1238.87084004564	548.209756742507	3106.62294571153	520.481716560834	1219.33822380468	550.80643888829	650.761799282594	-593.483077195907	687.939632993313	216	35	6	23	232	204	237	24	5	42	19488	1720	1221	99	1383	0	0	0	0
8	2	3	20	44	down	1	512	513.636807725632	2813.662469202	513.875987314729	1178.60281644225	565.520029986567	3400.30368048673	532.904565890455	1281.83460294393	529.1954368394	599.107092587922	-593.569048400563	688.138857557283	222	37	6	21	226	213	233	28	2	36	19627	1684	1110	107	1407	0	0	0	0
8	2	3	20	44	down	2	512	461.981819383763	2324.95754080346	476.066272984008	1152.05232816898	482.583888695324	2424.41643618399	518.458930360329	1218.7772607487	530.526327295678	598.12124519146	-593.567150939623	688.134494698839	228	52	10	15	207	201	244	19	2	46	19543	1742	1162	81	1352	0	0	0	0
8	2	3	20	44	down	3	512	550.570436517505	3423.492122674	521.552805022693	1309.17461086196	643.408573806565	4174.60146124234	559.359402986116	1482.4624441412	542.227687668386	625.186805875223	-593.702984556661	688.449422171798	236	36	3	28	209	205	224	33	7	43	19616	1738	1079	95	1409	0	0	0	0
8	2	3	21	43	down	0	512	559.440503160944	3355.06970180191	526.368224156934	1327.67562619596	530.59704431282	3009.40412697989	533.831488606838	1353.15653546405	538.258274557331	619.393533060394	-593.695582915598	688.431852313185	219	42	6	26	219	221	218	22	8	43	19146	1664	1131	75	1490	0	0	0	0
8	2	3	21	43	down	1	512	518.636807725632	2917.38586140668	495.589349926323	1166.10087673064	530.846267907816	2872.42529994018	516.595083868748	1168.45197972687	522.432409301581	584.209205820409	-593.511977700802	688.007476274031	226	38	6	22	220	217	238	21	7	29	19048	1723	1155	90	1464	0	0	0	0
8	2	3	21	43	down	2	512	449.496527811267	2250.83304228192	480.142225538193	1057.93153215474	521.350333217194	2861.63511332067	533.031332781722	1332.4539285074	525.016367426253	588.798093905526	-593.456578780376	687.879217904932	216	63	6	16	211	219	227	21	7	38	19076	1720	1120	100	1549	0	0	0	0
8	2	3	21	43	down	3	512	403.064155269079	1648.97896863467	455.602732825423	801.335722588232	547.806504495005	3244.33713433213	530.066932786151	1315.23986332461	514.860289291265	571.392908677143	-593.520474856734	688.027446462984	209	53	2	12	236	228	218	25	6	35	19074	1748	1099	95	1416	0	0	0	0
8	2	3	22	42	down	0	512	540.345011658131	2882.44362215137	558.889237414091	1417.13200298732	545.822469172194	3437.2763529244	526.065878269938	1349.17026582417	511.320740417691	561.879488806494	-593.691259168393	688.422185525125	198	38	7	21	248	235	207	29	1	40	18752	1632	1056	64	1457	0	0	0	0
8	2	3	22	42	down	1	512	512.859720085635	2851.86014329233	522.689050831767	1294.50842350783	519.517517487197	2840.082011006	524.644270332352	1357.00035886739	526.937951211797	590.942432569448	-593.449776519861	687.862691293382	218	49	7	21	217	215	221	20	9	47	18704	1597	1128	75	1623	0	0	0	0
8	2	3	22	42	down	2	512	564.14087303501	3184.69600800437	565.691238544914	1497.32166394677	527.204435183444	3004.69586640941	504.348513520786	1123.77058167343	512.54584960466	566.65537469039	-593.464492532182	687.89627978472	200	56	14	21	221	219	229	24	3	37	18745	1638	1030	91	1599	0	0	0	0
8	2	3	22	42	down	3	512	524.692535815633	2766.87832390857	512.732764441261	1174.88413993471	543.334368540005	3083.58946354714	530.589133486635	1423.51261867193	514.477968378017	574.06479084833	-593.642630534334	688.309606595298	202	41	7	20	242	228	214	21	12	37	18625	1692	1102	85	1482	0	0	0	0
8	2	3	23	41	down	0	512	434.366297894383	2097.78109631139	452.426195492674	912.729392972476	665.594235253127	4179.70481512258	648.996425036016	1790.70567640035	496.194512950156	538.677651634378	-593.465427738153	687.899342200509	246	31	5	15	215	182	245	32	9	44	18049	1731	1128	84	1601	0	0	0	0
8	2	3	23	41	down	1	512	477.506874369071	2380.96953849866	495.480235388987	1091.26175017448	707.124611797498	4637.902206023	662.243921524932	1891.11688006793	487.79645771047	513.781177769965	-593.500029831678	687.978763396455	221	36	6	17	232	184	249	37	7	35	18042	1752	1113	85	1502	0	0	0	0
8	2	3	23	41	down	2	512	552.355654776257	3112.28558482747	539.526723504986	1394.86724896056	644.915151615314	3842.16376714109	645.701987269484	1747.02587908255	516.640408970867	570.233388888545	-593.868273830962	688.832306874393	208	45	10	22	227	173	268	30	6	35	18291	1590	1027	84	1479	1	0	0	2
8	2	3	23	41	down	3	512	432.408870366888	1939.18553480018	478.134820756417	1129.62735363735	620.795861376879	3618.94805402947	636.89956887728	1670.63369400398	484.804170006095	512.169908353105	-593.558147963627	688.113224388674	230	47	11	11	213	174	264	28	6	40	18214	1706	979	93	1594	0	0	0	0
8	2	3	24	40	down	0	512	322.162455831584	1166.85147776908	352.883845985429	509.502508974395	409.947377530014	1873.7205131366	406.208081878516	728.018277943617	469.655484874484	486.946275343466	-593.614111653983	688.243565023543	249	61	2	8	192	236	210	13	5	48	17752	1624	1008	96	1634	0	0	0	0
8	2	3	24	40	down	1	512	480.071989327512	2658.75687436907	444.17840569886	1027.53968954803	330.854695086894	1255.76325552305	361.999091932378	607.317980180667	487.043018765417	515.164661837798	-593.48360199283	687.940905706294	236	53	8	19	196	258	187	8	4	55	17808	1616	977	79	1674	0	0	0	0
8	2	3	24	40	down	2	512	366.382559131895	1549.72678101461	372.157780579084	600.647238047491	373.544421842834	1772.96389363844	367.804007312429	594.110748904773	475.442704182667	489.404070106579	-593.470959516247	687.911796128169	238	61	3	11	199	241	187	14	1	69	17892	1522	983	83	1754	0	0	0	0
8	2	3	24	40	down	3	512	441.836217910335	2260.82409356876	424.877351600733	850.771612480623	449.469920015952	2408.20374373541	423.700851820166	965.607560172812	498.819451517333	536.554690353488	-593.592587512407	688.192990016671	205	81	4	17	205	239	196	18	5	54	17795	1546	1069	70	1580	0	0	0	0
8	2	3	25	39	down	0	512	701.395121628747	4437.71983348082	676.306668796749	2053.26938850537	558.862232585005	3373.72316565276	528.140648501955	1361.55116482449	467.946517369193	474.315575136878	-593.721602265157	688.492273882968	196	31	17	31	237	220	222	27	4	39	17324	1526	1040	78	1722	0	0	0	0
8	2	3	25	39	down	1	512	614.413895365628	3553.27632460541	646.94123171805	1716.92555636938	465.849076967509	2388.47716095374	467.068517765773	1016.68877140718	471.527046685272	486.382365907506	-593.833044115335	688.750879147335	178	39	7	27	261	240	208	16	9	39	17428	1520	952	68	1664	0	0	0	0
8	2	3	25	39	down	2	512	689.511899367811	4323.78372050856	678.046686968944	1966.43666343626	517.631486166569	2954.72929193582	503.979731521575	1070.55797199626	464.643722461504	476.734698933454	-593.6675280684	688.366891868271	173	34	7	34	264	225	226	24	2	35	17303	1598	998	69	1764	0	0	0	0
8	2	3	25	39	down	3	512	558.082335885316	3039.98760583893	612.420223901341	1587.47607132754	455.674058639073	2258.50457347305	482.929165995577	1130.29810302129	485.790811914656	510.562895528907	-593.429024475219	687.814884145669	201	32	8	22	249	229	219	16	6	42	17328	1516	1049	75	1783	0	0	0	0
8	2	3	26	38	down	0	512	557.90731755688	3334.36146955042	565.392165959332	1550.38464677544	476.703178933759	2635.26130624717	497.741254711811	1303.72593262468	454.476520279221	452.467657855521	-593.331515077439	687.588484269846	226	39	8	25	214	244	204	20	5	39	16786	1555	1011	104	1800	0	0	0	0
8	2	3	26	38	down	1	512	456.679380198136	2180.43165277517	490.410664443217	1025.04877194363	534.74294234657	2856.89049151771	561.670049889318	1448.89192964469	459.457019998321	461.293635372283	-593.654213799517	688.336875714339	214	43	4	16	235	201	238	20	9	44	16920	1434	1017	85	1685	0	0	0	0
8	2	3	26	38	down	2	512	609.188470506255	3764.27937358744	578.714481165254	1604.24867655662	557.506874369071	3333.49226426895	518.514243349038	1305.09272749401	464.048090441409	470.598871311308	-593.468782322562	687.906793048524	208	45	10	28	221	217	213	25	8	49	16910	1489	982	75	1796	0	0	0	0
8	2	3	26	38	down	3	512	479.117074299387	2264.68398199018	517.884289696786	1116.60794159594	537.506874369071	3115.13361714864	536.189945490394	1399.44316245636	468.647235832005	487.421255438556	-593.257110143789	687.416273574714	198	50	8	15	241	221	214	23	8	46	16670	1639	1040	107	1895	0	0	0	0
8	2	3	27	37	down	0	512	468.185958006884	2331.06380207077	499.588525566309	1180.34645941599	464.366297894383	2444.49839055201	456.699887647944	888.405084417462	448.285092842976	441.36285853504	-593.775803636561	688.618567518775	222	39	5	17	229	238	217	19	3	35	16383	1493	986	82	1746	0	0	0	0
8	2	3	27	37	down	1	512	537.681892697507	2920.2126358106	561.411750169633	1584.46396825757	452.308057305012	2292.96053314751	475.476636408497	1040.50424550459	436.699337255312	422.303223692707	-593.504172826998	687.988230908863	216	41	13	19	223	224	222	18	2	46	16314	1542	1011	77	1782	0	0	0	0
8	2	3	27	37	down	2	512	454.920769734699	2374.99697933696	489.579821452939	1153.02414497258	578.886031320628	3555.30060318571	568.589916457422	1697.71429859672	455.494248603144	451.837776474799	-593.556677853061	688.109555908341	235	45	4	18	210	238	200	25	13	36	16376	1550	927	91	1793	0	0	0	0
8	2	3	27	37	down	3	512	525.973688765007	2945.70199269247	523.108533466593	1412.82622249417	542.957724087818	3023.2034605455	518.944079327239	1234.50339142781	453.843774155597	449.116001330664	-593.49918394726	687.976631734527	224	41	9	21	217	213	232	22	8	37	16552	1402	934	56	1908	0	0	0	0
8	2	3	28	36	down	0	512	501.302735745949	2759.93921859227	516.186680706229	1310.00817114533	506.90480505751	2629.68691769625	534.109315024855	1351.44711033375	431.277515304621	413.037617484715	-593.579091516512	688.162181603333	215	52	5	21	219	208	230	18	9	47	15988	1461	914	69	1904	0	0	0	0
8	2	3	28	36	down	1	512	570.67124957938	3289.53475178448	543.131597099457	1442.32980011782	562.127420857191	3377.60151788032	525.719873433614	1282.42174415468	428.47891028584	407.447282002807	-593.623481100672	688.264497657368	206	41	9	24	232	223	226	27	4	32	15913	1502	950	67	1944	0	0	0	0
8	2	3	28	36	down	2	512	587.228233919066	3640.98450021892	545.377708371724	1433.71551916972	533.236364537822	3207.3220876549	511.436339957919	1277.10455334963	440.249429439441	432.309071795445	-593.584516662652	688.174411544328	217	38	5	29	223	221	212	26	3	50	15849	1480	1026	77	1856	1	0	0	2
8	2	3	28	36	down	3	512	516.501552810008	2934.11840055747	493.640937000883	1110.26786069277	668.281152949375	4222.60137628537	636.042972570754	1860.2505490731	423.525622320385	395.498647624495	-593.545643613241	688.084275991309	224	40	4	23	221	194	241	32	10	35	15974	1498	887	73	1863	0	0	0	0
8	2	3	29	35	down	0	512	417.35846383595	1822.16726922698	445.947716572062	859.288234195582	534.241686096885	3208.33730424608	536.649269480355	1366.00979701631	419.857069175426	399.469159920468	-593.63644217065	688.295398294197	219	41	1	14	237	218	213	26	3	52	15537	1405	901	77	1906	0	0	0	0
8	2	3	29	35	down	1	512	503.912639115943	2684.57125461191	518.29062364043	1121.90557039324	518.790836378138	2702.12167609143	539.815361455546	1416.6570097044	430.4780617466	416.31076394547	-593.878640987103	688.856977544119	219	31	3	21	238	198	224	17	13	60	15631	1348	883	58	1895	0	0	0	0
8	2	3	29	35	down	2	512	488.085144945009	2725.56829058685	470.516109037001	1045.89704109435	637.124611797498	3913.19100974645	579.994035549063	1540.23589503083	425.906796003281	410.390249118971	-593.602268001996	688.215599169615	232	40	2	22	216	204	245	30	8	25	15519	1392	953	56	1996	0	0	0	0
8	2	3	29	35	down	3	512	590.846267907816	3527.50124130111	536.599791692922	1316.250917791	475.045381532197	2339.69908530539	504.631438459819	1184.16912502879	417.587880728523	393.929147189934	-593.524618331952	688.03583284489	205	38	7	27	235	223	222	15	10	42	15510	1397	933	80	1979	0	0	0	0
8	2	3	30	34	down	0	512	439.796157937201	2200.03655946541	451.888168264537	869.859932037764	496.400739748132	2519.20049652044	545.058967914265	1352.9389036056	398.256751459905	366.970465737675	-593.716772645027	688.481632754979	223	48	0	18	223	210	245	19	4	34	15139	1402	805	62	1926	0	0	0	0
8	2	3	30	34	down	1	512	491.854398526572	2808.6564561949	475.276006267718	1086.85676550797	595.570436517505	3435.42227927714	591.296391546755	1614.44430799202	411.860031941201	381.689392654906	-593.450930220012	687.865016647869	237	44	4	22	205	196	237	24	12	43	15082	1353	900	73	2172	1	0	0	2
8	2	3	30	34	down	2	512	396.353142276887	1544.07001331081	449.399953694762	823.323512005295	517.856911025942	2680.73234091785	540.696159000054	1240.46021268561	404.533601661911	372.150376662582	-593.644338363985	688.313689344255	222	36	2	11	241	207	250	20	5	30	15110	1387	846	65	2008	0	0	0	0
8	2	3	30	34	down	3	512	497.708500492822	2599.37685605554	499.631045783566	1196.58926956786	534.817147613131	2993.92078310511	550.162183554335	1465.91072946623	412.924013345272	378.963601344025	-593.826039025934	688.734807463725	213	43	6	19	231	214	234	23	5	36	15137	1329	880	62	1953	0	0	0	0
8	2	3	31	33	down	0	512	485.472432515322	2684.26133456616	486.360355744653	1128.07983824532	729.007834058433	4545.85051492339	720.083485058741	2147.74782549453	386.235077013632	347.557541281999	-593.551432166561	688.097748516102	237	43	6	20	206	167	267	33	14	31	14632	1387	797	80	2076	0	0	0	0
8	2	3	31	33	down	1	512	447.634295226261	2170.52283904626	463.388710976373	1001.23856367537	630.67124957938	3748.07577144698	653.567685948872	1834.29006298502	394.921947130555	351.522471826932	-593.553210883876	688.102161704113	224	43	4	16	225	174	252	28	9	49	14658	1297	882	59	2111	0	0	0	0
8	2	3	31	33	down	2	512	426.981819383763	2068.68093300814	435.940717527374	867.188711407332	721.922985673747	4519.96606473176	724.675934848793	2358.02779801602	391.113705380843	353.556782093981	-593.439667726102	687.838825239247	232	45	2	16	217	184	241	30	21	36	14529	1418	862	87	2104	1	0	0	2
8	2	3	31	33	down	3	512	527.483075633448	3123.00906198913	494.47390685465	1157.07933773755	773.85661446562	5086.25469854126	755.141020265199	2358.58300074404	396.878958640065	360.136053314419	-593.468014417719	687.904487441027	223	53	6	24	206	166	259	38	14	35	14566	1363	911	56	2039	0	0	0	0
8	2	3	32	32	down	0	512	365.326831041894	1724.86957342834	365.599624266998	592.559401625596	549.894161939384	3402.99073977794	492.017320175074	1311.5449562974	384.774549648041	341.378704823463	-593.521549043003	688.028331642904	254	58	0	14	186	226	204	27	5	50	14058	1371	882	73	2109	0	0	0	0
8	2	3	32	32	down	1	512	387.085441505331	1906.83916856498	375.94095190553	726.888138121632	437.109240240954	2218.23423355575	426.9928376882	950.840926957807	400.19434411765	361.703138377547	-593.753398109217	688.565610966522	253	61	4	14	180	235	194	15	8	60	14273	1201	853	57	2162	0	0	0	0
8	2	3	32	32	down	2	512	350.353438837209	1649.39853875766	350.091989377141	592.570362504803	439.345308218454	2357.33146115293	421.370800547621	843.316097590944	381.341669794371	333.113143795825	-593.756631487429	688.573365089914	259	66	1	13	173	239	192	18	4	59	14186	1322	820	56	2108	0	0	0	0
8	2	3	32	32	down	3	512	277.462085957518	765.067190880699	328.905920648528	441.273063600734	483.891649440013	2897.66263911594	426.547583235521	931.028984617813	382.818873925794	339.104450876678	-593.789841787533	688.651191000134	280	43	3	4	182	244	184	23	4	57	14173	1318	838	55	1997	0	0	0	0
8	2	3	33	31	down	0	512	596.222912360003	3298.54079311057	660.077603331338	1853.08594225484	415.347820717824	1723.05479671963	452.752448566492	868.809885055681	377.79404597329	330.400061665743	-593.742481937917	688.541159056158	184	37	11	23	257	225	232	11	6	38	13745	1322	742	63	2193	0	0	0	0
8	2	3	33	31	down	1	512	638.809016994375	3778.13031329569	630.92888207056	1789.75910637724	509.591722753757	2534.77194936529	538.872697006642	1312.81826459267	379.573779804888	334.432999940221	-593.725710254349	688.501953034717	190	32	12	27	251	204	245	17	9	37	13655	1320	838	59	2077	0	0	0	0
8	2	3	33	31	down	2	512	749.761122962807	4941.33371720322	688.582664160088	2102.53108232568	462.560089959701	2441.74476339791	488.536663786978	1055.86572823815	375.345752446097	331.83267622424	-593.425449956922	687.806855358333	177	31	11	38	255	223	214	19	3	53	13666	1278	863	65	2217	0	0	0	0
8	2	3	33	31	down	3	512	762.551662780623	4994.39461188691	734.72164557784	2256.90830530266	512.735108288137	2791.53497833641	507.709037158221	1138.5787002468	380.077733191348	327.003360374116	-593.641568233005	688.306877684765	158	43	12	38	261	198	235	22	3	54	13824	1235	757	56	2290	0	0	0	0
8	2	3	34	30	down	0	512	553.384775070943	3370.13655285471	537.013384065992	1523.50994423519	511.803991995634	2654.29783739359	545.293512157654	1414.33019725624	356.794877740697	309.065070149868	-593.363265506787	687.661496736973	247	41	14	23	187	202	239	19	7	45	13244	1243	808	65	2339	0	0	0	0
8	2	3	34	30	down	1	512	479.040059973134	2401.67777075015	511.269489407141	1177.05307231064	542.607687430946	3081.06981507787	539.281708596546	1307.44634062038	346.115630578962	293.000123133324	-593.55348774832	688.102231166448	214	39	4	18	237	207	227	23	7	48	13217	1317	767	59	2352	0	0	0	0
8	2	3	34	30	down	2	512	481.703178933759	2248.83281573	531.509325357449	1227.16258112355	449.443312220636	2251.5927390811	470.297115016167	1055.9646331819	369.487897546943	317.693143386382	-593.549474305836	688.093260680197	208	39	10	14	241	234	212	16	6	44	13322	1190	783	65	2234	0	0	0	0
8	2	3	34	30	down	3	512	487.079823385946	2627.47103467068	493.359269106628	1211.4274516638	543.085144945009	2845.49234922593	554.814004600205	1299.36293928471	355.502771122028	297.930513994483	-593.659002122842	688.347506067307	235	39	7	19	212	180	258	21	6	47	13306	1246	750	58	2306	0	0	0	0
8	2	3	35	29	down	0	512	426.228530479389	1812.46824055957	457.175993859593	870.830369443846	562.933925352196	3319.07280742192	554.73518828835	1440.70092585675	350.317483280258	285.36980342164	-593.653852232665	688.335427241961	206	47	3	13	243	203	230	26	5	48	12823	1216	766	43	2322	0	0	0	0
8	2	3	35	29	down	1	512	502.156837712199	2722.55928523571	502.800030521793	1222.50334446389	508.061346209386	2689.46202931954	527.008875571229	1267.44781186601	372.896253866979	325.833063532223	-593.353831890166	687.640203776316	219	52	9	19	213	206	227	19	8	52	12849	1159	785	55	2512	0	0	0	0
8	2	3	35	29	down	2	512	539.366297894383	2999.6807630942	557.043429616626	1415.13560254826	487.883518821258	2490.62605133154	509.0233417553	1184.04634189901	357.630926854173	303.405952519195	-593.438531447181	687.836278303768	210	47	10	21	224	220	232	18	6	36	12857	1116	834	41	2470	0	0	0	0
8	2	3	35	29	down	3	512	504.870363203761	3019.1488903778	466.559766311946	1058.5791812572	547.957724087818	2930.39193105176	570.866893193974	1450.84811278028	335.619178557973	267.001026079137	-593.546568526543	688.08623880121	236	52	4	24	196	197	249	21	8	37	12738	1275	773	62	2274	0	0	0	0
8	2	3	36	28	down	0	512	538.989653442196	3214.91781908005	514.236524701981	1356.74421964766	501.928603793132	2604.25825726513	514.131615162617	1205.9668237904	346.432043057849	288.024662989086	-593.442421796286	687.845921030256	227	49	8	24	204	214	236	19	6	37	12339	1091	837	69	2456	0	0	0	0
8	2	3	36	28	down	1	512	458.414191925951	2359.36483004135	470.113750384255	1005.47872791121	460.146194594073	2322.17020493305	487.552615497169	1069.46273555575	335.435609756485	268.820721671285	-593.578284777441	688.160081202415	227	52	6	17	210	229	220	17	5	41	12405	1147	719	65	2380	0	0	0	0
8	2	3	36	28	down	2	512	416.628973667198	1861.14897533477	454.929476817049	881.875269538495	451.602365871883	2116.62001000546	482.86415163435	975.964097181315	337.857948483145	273.655902647592	-593.325647463707	687.57495612985	231	36	2	14	229	226	234	15	5	32	12387	1155	728	66	2455	0	0	0	0
8	2	3	36	28	down	3	512	494.265484832508	2459.21574143061	508.377878951514	1131.32329229613	482.557280900008	2660.87527492654	478.378439533946	1036.83980052856	333.248232849034	274.405546319195	-593.466072475445	687.900707065615	216	38	10	16	232	236	214	21	3	38	12360	1168	745	63	2525	0	0	0	0
8	2	3	37	27	down	0	512	452.35846383595	2292.97270075665	469.670647929647	958.860040296391	517.581079635631	2837.2703399173	537.420838916296	1311.00876671883	321.058102400137	250.378646244044	-593.54742278403	688.089160832902	223	47	2	18	222	218	234	22	4	34	11798	1219	743	64	2528	0	0	0	0
8	2	3	37	27	down	1	512	414.644938344388	1898.28276239736	446.218776706	892.68716810417	552.933925352196	3073.26737589224	535.33108481558	1201.95247616235	314.36478744699	250.890665918118	-593.576174079023	688.154796688202	234	42	3	14	219	199	235	22	9	47	11839	1215	710	60	2484	0	0	0	0
8	2	3	37	27	down	2	512	488.989653442196	2688.20052483943	481.163922404035	1055.90628261399	648.936437851566	4259.65922198703	602.487118788143	1745.13885314953	316.719048067354	245.872025462785	-593.525090706628	688.036976736595	235	41	6	20	210	209	215	33	9	46	11950	1163	652	59	2498	0	0	0	0
8	2	3	37	27	down	3	512	580.14338553438	3653.45869714759	543.649867251524	1545.92911401773	534.14087303501	3070.50143953404	531.314967001868	1265.87595371854	320.455538295796	249.993733449247	-593.549312557222	688.093032096504	230	42	8	28	204	204	232	25	2	49	11848	1183	740	53	2498	0	0	0	0
8	2	3	38	26	down	0	512	535.119586798757	3111.44057316934	498.599334156882	1140.01392948891	550.949890029385	3383.65337889388	528.321428071131	1215.06884765651	318.190373856166	248.51328612039	-593.45451661303	687.874009612356	216	42	3	25	226	214	216	28	2	52	11480	1050	732	50	2469	0	0	0	0
8	2	3	38	26	down	1	512	470.448633779699	2550.05474008165	484.178454198416	1177.92413643148	602.554471840316	3619.4586688286	586.906587580043	1574.06292478951	322.803410348216	251.530214164107	-593.746634118642	688.550931193184	239	50	8	18	197	205	233	27	9	38	11521	1080	654	57	2503	0	0	0	0
8	2	3	38	26	down	2	512	408.013748738141	1773.05493831458	445.216380676348	918.483426541631	666.122099298128	4298.85071315633	616.275613396837	1796.95924331428	305.470712745538	231.898060495196	-593.540015332192	688.071862433406	222	54	5	12	219	198	223	32	12	47	11360	1219	657	76	2573	0	0	0	0
8	2	3	38	26	down	3	512	532.331856040635	3285.41934357107	495.176477054492	1261.46447435599	599.817147613131	3676.00282243011	606.308093433748	1861.76009223899	320.587230787191	255.116169234361	-593.528731114154	688.045096090273	234	51	5	26	196	214	211	26	13	48	11461	1134	659	58	2607	0	0	0	0
8	2	3	39	25	down	0	512	404.369106954076	1711.93329054215	455.936874657967	1110.69316226972	694.182852386869	4115.0176708744	731.939970472679	2210.32919702899	296.835648427301	223.8559169325	-593.602199070584	688.216189323971	241	46	11	9	205	174	275	29	14	20	10995	1105	629	71	2466	0	0	0	0
8	2	3	39	25	down	1	512	533.058537149694	3012.31593305285	527.763400702736	1349.51779160595	559.440503160944	3041.08799569411	613.407725617277	1599.45551792934	282.681416716349	206.189825510246	-593.523689585441	688.033956226217	223	38	8	22	221	191	250	22	8	41	10960	1108	663	69	2536	0	0	0	0
8	2	3	39	25	down	2	512	385.825278231887	1748.35870375829	402.131393620901	630.60049676359	698.355358215935	4256.92656956028	723.97403211386	2173.06753398967	297.428486460275	222.462418740981	-593.478264111379	687.928545651659	254	34	0	14	210	175	260	30	15	32	11035	1075	633	57	2623	0	0	0	0
8	2	3	39	25	down	3	512	435.098597122828	2372.00923190307	424.37805445355	913.70663987997	662.376644452187	3980.07557321405	707.55799634933	2051.94692574344	304.813092495978	231.369422101616	-593.762351220157	688.587137147251	245	55	2	19	191	175	265	30	9	33	11069	989	695	47	2598	0	0	0	0
8	2	3	40	24	down	0	512	407.085441505331	2145.56256076967	382.856555630099	793.706710420623	416.631782726891	2056.91203262488	414.551409850722	772.047227052342	291.324941830097	221.158831649486	-593.692239287852	688.424363389757	257	65	7	15	168	234	205	16	2	55	10628	987	626	47	2699	0	0	0	0
8	2	3	40	24	down	1	512	403.390393190328	2023.33451013496	392.489749299644	768.032424515194	390.653068963143	1890.42578136303	387.320846021356	702.496763114777	293.988805257696	219.702146358316	-593.612951795292	688.240719425648	253	53	4	15	187	242	195	15	1	59	10738	934	576	40	2741	0	0	0	0
8	2	3	40	24	down	2	512	441.631782726891	2399.35881703425	406.699501922185	851.152404349089	383.33998665939	1667.15216591176	396.753061204406	693.199280044551	288.205829813748	211.611687239185	-593.364096500733	687.664172754897	242	60	5	18	187	242	207	12	3	48	10524	1025	684	55	2667	0	0	0	0
8	2	3	40	24	down	3	512	381.960829707833	1783.52010157313	362.738176671542	650.412901566675	418.440799721266	2079.25854045504	418.766771376863	846.760094462015	274.416626257768	199.196385744031	-593.646664208381	688.318965014643	245	67	6	12	182	240	196	15	5	56	10578	1005	652	53	2667	0	0	0	0
8	2	3	41	23	down	0	512	573.509386868441	3194.65628628096	597.881108223484	1551.74512815324	533.435181601881	3031.97244588574	530.66865745105	1348.49371680055	278.001258415269	200.698201040589	-593.353683840388	687.640577486031	199	34	9	23	247	222	225	23	6	36	10165	949	607	55	2699	0	0	0	0
8	2	3	41	23	down	1	512	657.931116292503	3996.30365216774	664.151054437896	1977.49364786789	550.419216924691	3247.28544323252	540.516875328535	1438.09441541857	266.450710694609	187.123077622914	-593.688044576935	688.415600707577	188	46	17	27	234	227	221	25	6	33	10141	974	615	46	2656	0	0	0	0
8	2	3	41	23	down	2	512	686.095491502812	4398.95700274263	642.228314565639	1711.42705376465	601.801182935942	3774.30972181282	549.801925740684	1381.34009986419	276.022438525096	193.626012721083	-593.58004361095	688.164080242754	185	39	9	34	245	207	231	31	3	40	10081	1006	626	63	2783	0	0	0	0
8	2	3	41	23	down	3	512	583.811826054068	3264.36454685144	584.656356084071	1404.7636494881	522.406061307195	2921.38588972567	531.56956772711	1320.86631163108	269.719044463076	190.938763058842	-593.763651804864	688.589950154951	185	41	8	24	254	219	224	22	6	41	10196	967	554	59	2743	0	0	0	0
8	2	3	42	22	down	0	512	551.45114627907	3404.911664478	504.24369866757	1271.217576417	629.437694101251	4021.82937028209	565.134627987132	1585.67368590069	255.451149459309	180.20879332941	-593.524962767381	688.037120251301	229	45	5	27	206	212	228	32	6	34	9711	928	581	44	2827	0	0	0	0
8	2	3	42	22	down	1	512	544.164671770632	2906.82056316388	551.407618550819	1394.07158737755	456.628973667198	2200.7842302504	496.955892694578	1107.75663919151	258.110847856821	179.328767678029	-593.574794655532	688.152156879827	198	43	10	20	241	223	224	15	7	43	9661	963	580	60	2802	0	0	0	0
8	2	3	42	22	down	2	512	475.724465170011	2280.34046650407	485.283189448264	989.935145555705	513.912639115943	2833.2946468166	508.582936135143	1109.27760970376	264.46002002936	187.172306841064	-593.633816319306	688.289279439805	204	45	6	16	241	223	230	22	4	33	9754	906	566	38	2838	0	0	0	0
8	2	3	42	22	down	3	512	565.422025984384	3322.79018661951	555.397254011324	1525.03370190175	537.002809059693	2898.11227427441	540.827097224691	1239.58166570584	267.345761126427	188.770910663226	-593.642752003909	688.310326577585	206	54	10	24	218	203	248	22	5	34	9761	866	576	61	2826	0	0	0	0
8	2	3	43	21	down	0	512	405.398227248762	1633.06696432877	457.200296514761	855.263391292614	564.138063975317	3399.99669614705	528.409186385203	1306.95356168719	269.770788073099	191.12483441887	-593.61792283697	688.253111147089	224	37	4	11	236	225	217	26	7	37	9345	810	559	38	2812	0	0	0	0
8	2	3	43	21	down	1	512	592.429860042818	3823.84470014923	521.62623798935	1416.62047663873	524.74294234657	2904.70202101146	532.66966080642	1285.68338738918	276.505303325713	198.889164455968	-593.505718955788	687.992238509937	229	44	7	30	202	217	223	21	8	43	9183	939	572	58	2998	0	0	0	0
8	2	3	43	21	down	2	512	479.66873708001	2285.95443518344	496.09481386967	1111.00248848096	444.947377530014	1989.81474838972	510.96423679379	1030.72165435894	250.253700474093	171.192142619437	-593.724851720386	688.499516634172	212	44	11	14	231	196	248	15	2	51	9243	937	523	49	2718	0	0	0	0
8	2	3	43	21	down	3	512	423.2125658022	1888.5107280751	460.066368829601	948.846165895013	580.99748750063	3457.90248921291	549.19385243447	1399.5324882588	242.474438067913	158.872418540527	-593.609945205032	688.233700442949	227	42	5	13	225	210	228	26	8	40	9211	951	537	53	2866	0	0	0	0
8	2	3	44	20	down	0	512	476.074501826883	2595.17921028419	455.957696146272	956.055197817523	564.087657444379	2948.19129293636	586.007820388066	1458.20282416865	238.81969719026	159.824191819947	-593.707507526284	688.460307794055	242	35	4	20	211	182	267	21	8	34	8706	942	553	39	2891	0	0	0	0
8	2	3	44	20	down	1	512	471.225721419696	2412.40418361787	470.570520881944	993.752131426451	523.485588132818	2686.72629959176	541.944431442712	1299.67754511296	244.333936179624	172.006709395842	-593.759869590484	688.581918834529	223	36	2	19	232	197	256	20	5	34	8901	806	479	54	2868	0	0	0	0
8	2	3	44	20	down	2	512	514.265484832508	2853.74456516497	506.399578211824	1312.2055622748	453.737620787507	2196.96951017967	478.428248066118	981.897407052835	231.885446595657	160.298009149352	-593.586036495931	688.178366790214	224	41	7	21	219	228	236	17	2	29	8851	835	510	44	2872	0	0	0	0
8	2	3	44	20	down	3	512	351.857207586265	1220.65066973974	409.168055627896	761.914759353501	626.045084971875	3782.22754089287	598.279716252357	1579.12169380214	240.782288351269	162.269215121149	-593.793806177293	688.65982874218	244	41	5	7	215	194	255	30	5	28	8793	883	528	36	2797	0	0	0	0
8	2	3	45	19	down	0	512	534.315891363446	3248.28555650848	481.958539823467	1092.63437011222	523.512195928134	2667.16712763202	538.435995731809	1195.39811794442	201.789427542579	133.774529323397	-593.602492191034	688.21664920477	231	45	4	26	206	190	252	19	7	44	8204	985	499	40	3023	0	0	0	0
8	2	3	45	19	down	1	512	401.43015660314	1824.78132286332	442.404277748368	938.599627051877	640.318403862816	4014.16077479704	612.543036877883	1782.61529732141	242.037061009446	162.794253464668	-593.518596884085	688.022838267535	238	49	4	13	208	193	236	31	8	44	8440	733	509	46	2917	2	0	0	4
8	2	3	45	19	down	2	512	548.037547473764	3341.50155281001	533.411728848264	1466.15191307421	497.032225914701	2617.23412027978	517.71725380404	1241.54380956618	231.984092569241	159.062185517792	-593.503589876341	687.98640026735	208	67	6	26	205	199	233	20	4	56	8288	894	505	41	3067	0	0	0	0
8	2	3	45	19	down	3	512	560.573245577198	3336.55008165162	517.825934702863	1326.03128436848	594.766741082193	3355.36759583347	585.343074304491	1585.70245666001	233.52163380627	157.900482406107	-593.516545979425	688.016906660217	207	56	8	25	216	183	251	24	10	44	8254	910	514	50	3009	0	0	0	0
8	2	3	46	18	down	0	512	432.637104285954	2330.73877870981	446.619565126904	1037.24003661583	584.992165941567	3481.52252753736	610.046465423875	1649.4125668448	220.486176209198	148.651013514402	-593.563507321139	688.126193842304	247	61	6	17	181	205	236	27	6	38	7903	767	508	38	3037	0	0	0	0
8	2	3	46	18	down	1	512	350.928900353455	1297.17048812295	397.913910572286	683.664638577118	553.209756742507	2916.72937689279	590.099319318594	1538.13947372666	224.682747950107	149.16123855943	-593.525789137094	688.038518273819	239	49	2	9	213	188	251	20	10	43	7881	798	505	32	3056	0	0	0	0
8	2	3	46	18	down	2	512	478.764228582823	2382.04559313555	475.956328022493	1075.47563191155	534.440503160944	2757.36460348942	539.377108631783	1218.5601280808	211.169687902587	143.20155380443	-593.717485744339	688.482409023365	213	43	6	17	233	187	264	21	4	36	7867	830	465	54	2971	0	0	0	0
8	2	3	46	18	down	3	512	496.074501826883	2716.45581807951	483.905975146957	1149.12202556499	620.870066643439	3658.89630629187	628.425651940148	1740.30915249333	211.4967763921	131.534529950627	-593.491796094526	687.960113540212	238	39	9	19	207	187	257	28	7	33	7935	780	466	35	2979	0	0	0	0
8	2	3	47	17	down	0	512	495.347820717824	2655.21277740555	476.970199996199	1035.8593569798	828.076717765931	5676.57678619616	777.897463372136	2539.13606167605	193.996070823466	123.562123410405	-593.698614451156	688.439352175014	213	50	5	20	224	163	254	43	15	37	7487	736	444	37	3045	0	0	0	0
8	2	3	47	17	down	1	512	513.411382866258	2911.48924360591	485.158103890895	1134.92724370585	748.453362218118	4861.15735766812	710.256015066678	2053.15982521501	200.644117891426	125.417686836659	-593.573791161725	688.149799484866	228	42	6	22	214	174	269	38	9	22	7487	728	455	34	3010	0	0	0	0
8	2	3	47	17	down	2	512	478.844051968768	2851.87860709848	453.358228036053	1040.90574933181	672.45365877844	4344.14552988687	670.900709487487	1970.9633433256	222.60268102323	147.611442428195	-593.37202327116	687.682273804793	228	73	3	23	185	187	237	34	8	46	7457	740	471	36	3358	0	0	0	0
8	2	3	47	17	down	3	512	414.318700423138	1878.63841717362	426.292070270401	756.90523819797	669.663118960625	4067.10292909537	695.542562000331	2011.23785246777	192.256535450889	126.72507757113	-593.553798880712	688.10345344402	234	45	5	13	215	178	258	30	11	35	7392	839	430	43	3051	1	0	0	2
8	2	3	48	16	down	0	512	387.639913345647	1986.06114955461	361.006087951075	685.931987796058	519.618330549072	3036.64126792272	489.507751097511	1248.38646156525	165.675050122636	110.897033598397	-593.481770336736	687.937661417207	254	73	6	14	165	233	198	22	9	50	6841	879	416	56	3148	0	0	0	0
8	2	3	48	16	down	1	512	339.775168261271	1304.79978666947	373.117109555142	674.004943843736	398.515004987826	1880.48340051276	395.121790713911	705.003736008366	179.947145412193	113.343963346667	-593.639807274466	688.302422483043	248	62	5	8	189	249	201	14	3	45	6949	766	438	39	3073	1	0	0	2
8	2	3	48	16	down	2	512	340.42764410377	1502.26475169507	355.114254654178	685.149491766044	434.544125282512	1999.17028989002	449.549767901305	899.061902726077	190.896130868959	125.44172755327	-593.525104094332	688.036890406236	272	58	5	10	167	224	226	14	5	43	6987	717	445	43	3238	1	0	0	2
8	2	3	48	16	down	3	512	357.462085957518	1835.03670106036	323.774914014693	500.090806773248	460.172802389388	2223.52289568424	475.193255118796	1044.45009929014	167.514708278874	107.652396787279	-593.556060296898	688.108171406608	284	56	3	14	155	210	231	16	5	50	7044	726	391	31	3201	0	0	0	0
8	2	3	49	15	down	0	512	645.116777739065	4059.11210436046	619.726978190208	1766.05173633747	546.249520155319	3045.88128793363	546.310046183559	1376.21370534247	182.714821683911	119.697545945138	-593.63786394024	688.299047140521	197	41	9	31	234	205	239	23	6	39	6558	717	382	23	3209	0	0	0	0
8	2	3	49	15	down	1	512	608.984035322811	3606.82629298107	596.421656870506	1586.98894914541	590.419216924691	3449.1091686544	601.958310906057	1666.6186889466	177.324262427099	112.103518518449	-593.697455504519	688.437040340143	205	21	6	28	252	203	235	25	10	39	6559	689	396	36	3139	0	0	0	0
8	2	3	49	15	down	2	512	592.100813061876	3373.54372881664	599.788412885654	1730.81977763441	621.774575140626	3562.80514833977	604.461240084361	1640.778412922	166.379854781384	97.2397154840458	-593.412505743878	687.776200057056	210	28	13	23	238	186	255	25	12	34	6512	704	424	40	3237	0	0	0	0
8	2	3	49	15	down	3	512	529.191279565947	2948.79631290257	556.839154506774	1440.95260858086	566.424538483755	3166.40099304089	563.710195951604	1319.65925789168	174.971495262296	115.75693563152	-593.739629150263	688.534213097221	211	51	9	21	220	196	250	24	6	36	6424	854	356	46	3151	0	0	0	0
8	2	3	50	14	down	0	512	469.369106954076	2116.02142783121	493.702907443487	993.761853193005	650.61803398875	3928.83546824616	632.403010523264	1860.63599675336	153.401060874946	92.3052317351314	-593.669159020624	688.371540388825	189	53	7	14	249	192	245	28	13	34	6139	648	340	41	3291	0	0	0	0
8	2	3	50	14	down	1	512	489.241686096885	2629.53797068046	476.165559141965	1128.81195528217	527.429860042818	2437.08195436802	567.591701949588	1308.35518626131	154.967738712364	104.727842619437	-593.698820080171	688.439364595964	226	46	7	19	214	181	273	15	11	32	6092	648	396	32	3401	0	0	0	0
8	2	3	50	14	down	2	512	490.247007655948	2689.27657947632	461.976489136066	1054.63215786839	582.782705759382	3302.50138289606	593.663887201245	1514.23625717733	172.042172659606	111.492347813117	-593.416554640848	687.785088337691	227	48	6	20	211	186	245	24	9	48	6061	726	335	46	3332	0	0	0	0
8	2	3	50	14	down	3	512	365.226017980019	1431.22827718663	410.408457939939	763.550125289884	619.793348877508	3736.97860048778	656.235689231805	2036.9157022547	158.652045616857	107.215905585328	-593.624415721028	688.267274970133	236	56	5	9	206	188	225	26	14	59	5996	778	344	50	3384	0	0	0	0
8	2	3	51	13	down	0	512	418.013748738141	2177.03664442238	425.866573629127	952.284442493647	704.488100632189	4597.3886555178	674.246665698967	2111.54081188018	138.385860381402	86.8173671990539	-593.543461679402	688.08006205489	250	57	5	16	184	191	224	33	16	48	5488	796	330	42	3404	0	0	0	0
8	2	3	51	13	down	1	512	508.414191925951	3003.52890869134	455.687257684592	983.038081847418	665.318403862816	4160.07263750798	650.620456097812	1994.42106591647	137.623995896541	90.3301586255386	-593.59861721741	688.206689475061	227	60	6	23	196	181	241	31	11	48	5543	723	348	42	3318	0	0	0	0
8	2	3	51	13	down	2	512	438.615818049702	2141.05485335761	457.637774829056	1035.07886574578	556.649963343128	3057.66235592603	572.95812615629	1427.97539263027	147.512005470577	94.516790941042	-593.48189518094	687.937183440292	227	53	6	15	211	202	251	23	6	30	5647	653	332	24	3535	0	0	0	0
8	2	3	51	13	down	3	512	471.453955338763	2589.42860379313	455.789631541282	1004.42374908815	629.538507163126	3845.68352888632	625.352328451648	1804.81861693495	151.295275649985	93.6682596885168	-593.850779604394	688.792381837181	232	51	4	20	205	198	240	29	9	36	5669	605	339	43	3336	0	0	0	0
8	2	3	52	12	down	0	512	432.88632788095	2214.12469675447	421.863694355352	951.194837126984	588.485588132818	3368.80833891676	601.954300927519	1621.17341214856	138.300253014382	86.9185362289947	-593.577663509097	688.158901204453	251	48	8	15	190	197	233	23	13	46	5158	658	298	30	3413	0	0	0	0
8	2	3	52	12	down	1	512	473.414191925951	2670.5350066554	463.134692999917	1123.3426475667	564.013452177819	3104.77796237239	596.877298172073	1469.43957249807	144.448924506933	94.3995786818744	-593.660500374347	688.350657336578	239	55	6	20	192	189	251	23	7	42	5151	642	318	33	3314	0	0	0	0
8	2	3	52	12	down	2	512	499.947377530014	2760.43780737721	479.511666529444	1264.15391386348	657.459276897826	4289.06078140773	660.171157034832	2144.15805256551	88.7878229497378	91.2235401928005	-593.535117028712	688.06021360269	228	64	15	17	188	185	197	30	17	83	4560	1269	255	60	3369	0	0	0	0
8	2	3	52	12	down	3	512	394.345308218454	1816.89077470762	418.110671176786	858.825320434712	658.408573806565	4171.78993174859	654.652519209722	1964.97793719256	146.732277778176	89.4910766633227	-593.82428237541	688.730705176842	243	52	4	13	200	189	237	32	9	45	5227	547	347	23	3221	0	0	0	0
8	2	3	53	11	down	0	512	382.035034974393	1744.38021654647	392.320215893288	829.48438034551	637.026607795315	3950.75345724016	637.07391752262	1675.4745583775	126.106801707546	78.0394703398416	-593.884842965236	688.871161857818	246	59	5	12	190	185	251	32	4	40	4678	588	335	31	3387	0	0	0	0
8	2	3	53	11	down	1	512	426.631782726891	1950.37711092645	432.307399812109	862.876708113009	612.403252247502	3630.33402871211	628.411361645191	1760.56286353401	115.040875678473	75.8418918366296	-593.608814389128	688.231594305438	214	56	4	14	224	196	244	27	9	36	4730	632	234	36	3464	0	0	0	0
8	2	3	53	11	down	2	512	419.997784060952	2022.45607295042	414.994122854549	869.558089415596	629.588913694064	3710.25501005016	623.830436648086	1877.15584146341	109.337137643821	73.3463574352293	-593.597778504186	688.205961631775	239	51	6	14	202	201	230	24	18	39	4665	654	287	26	3400	0	0	0	0
8	2	3	53	11	down	3	512	437.788323878768	2296.68714424817	421.686371965706	912.687886088812	627.427050983125	3746.54672116069	647.055528781931	1944.0364330183	111.231474420016	76.9860196401699	-593.770867574576	688.606867760417	232	64	5	17	194	206	235	26	14	31	4660	628	315	29	3389	0	0	0	0
8	2	3	54	10	down	0	512	397.159646771892	1761.1643618399	421.184571701156	870.758842555065	691.623355547813	4228.75644958421	690.698906335412	2010.70658491567	111.033838238556	77.7012550609239	-593.640803027682	688.304629277322	234	54	5	12	207	165	263	31	12	41	4307	494	292	27	3556	1	0	0	2
8	2	3	54	10	down	1	512	449.469920015952	2173.31017491667	444.499333938827	946.903127857165	605.167184270003	3504.96019331962	621.950054512414	1738.9606911479	101.586773370849	71.112891465544	-593.485831492829	687.946214575144	223	54	9	14	212	196	244	25	11	36	4204	595	284	37	3583	0	0	0	0
8	2	3	54	10	down	2	512	373.669033640332	1636.75413689594	404.27248256787	822.703212298183	729.411086305936	4780.84142461527	705.741101765667	2130.77980021066	109.429712350792	75.8437735034679	-593.768823429384	688.602033176488	241	63	5	11	192	175	251	37	10	39	4242	587	250	41	3489	0	0	0	0
8	2	3	54	10	down	3	512	440.801479496264	2300.50465843002	444.923767087228	921.94399243551	621.095491502812	3719.24580646608	663.375565869664	2019.5108845023	109.89046175689	69.8337216960196	-593.678403085243	688.392504582984	240	52	5	17	198	205	239	27	11	30	4314	512	265	29	3515	0	0	0	0
8	2	3	55	9	down	0	512	380.727274229704	1722.92724921606	394.198365180441	721.179567793704	725.09016994375	4561.40686445303	751.661247818527	2345.50844268604	98.5887047682307	71.8708043025224	-593.896496949298	688.898566276116	247	50	2	13	200	168	251	32	17	44	3801	537	233	37	3595	0	0	0	0
8	2	3	55	9	down	1	512	341.382559131895	1306.73287897868	375.724220287065	625.10682564595	843.32875042062	5811.63762424188	870.447829835683	3124.85010362438	72.1609837474446	70.0302757768129	-593.729730335272	688.51173855343	250	58	5	8	191	158	248	43	18	45	3617	746	198	47	3562	0	0	0	0
8	2	3	55	9	down	2	512	421.631782726891	2377.53509161238	379.136381119697	800.226942349368	850.63902366468	5565.89596646398	882.688473676032	3069.0529203522	86.4364973393084	66.7970315806818	-593.55409792786	688.103829850878	266	58	5	18	165	143	269	38	24	38	3803	554	207	44	3687	0	0	0	0
8	2	3	55	9	down	3	512	424.899780058769	2301.55344214256	409.984110911279	837.187653346055	899.734515167492	6265.42171289732	881.62538070478	2949.00938030459	99.7437321680083	74.0875378859255	-593.652218464991	688.331048141341	240	68	3	18	183	128	279	49	13	43	3667	667	238	36	3633	0	0	0	0
8	2	3	56	8	down	0	512	288.17058645034	1148.0826340238	299.586927399967	400.776749797239	649.588913694064	3829.16077479704	690.801028982079	2002.44197762771	75.9399664841706	58.1570868481538	-593.660992828027	688.3528816933	269	77	0	9	157	177	255	27	13	40	3279	606	176	35	3630	0	0	0	0
8	2	3	56	8	down	1	512	314.828383851902	1375.02789394215	307.027711959615	467.444110125784	833.429563482495	5742.02670454454	772.354186753981	2510.310679225	57.054245643081	55.7860274111871	-593.694644867754	688.430053745859	270	79	5	9	149	164	241	42	19	46	3254	633	174	35	3786	0	0	0	0
8	2	3	56	8	down	2	512	297.31648448409	1237.10392026005	299.241069294923	488.04485063352	783.78240919906	5429.92340730228	751.58095477978	2356.47730720083	63.8367791895569	60.9959433784882	-593.418385696014	687.78962230414	269	80	2	9	152	173	242	43	10	44	3168	703	181	44	3701	0	0	0	0
8	2	3	56	8	down	3	512	283.523432166905	1064.80916016749	311.570959216679	486.130379065808	673.432372542188	3876.93887876438	720.597924231912	2127.45619953128	80.7914619318864	62.7782970464638	-593.520787829452	688.027553575829	266	84	3	7	152	171	256	24	21	40	3291	563	215	27	3704	0	0	0	0
8	2	3	57	7	down	0	512	362.690319876585	1663.99127783876	365.926910988471	670.326511432963	805.116777739065	5239.11210436047	873.151580199246	2991.90893609439	47.4659717820992	57.1039649244036	-593.688013915456	688.415065559927	253	70	6	11	172	133	255	36	22	66	2786	600	162	36	3688	0	0	0	0
8	2	3	57	7	down	1	512	294.075094947528	1076.62673098732	308.206238650051	404.631033027667	946.623355547813	6575.36731264356	973.34195340957	3586.92162389835	45.586783060472	59.4317127863622	-593.765659477803	688.595033329478	260	78	3	7	164	109	244	44	32	83	2773	624	145	42	3744	0	0	0	0
8	2	3	57	7	down	2	512	296.764821703467	1118.75142774179	319.662529728205	486.573244126267	708.034738414071	4305.37375043552	804.417099896185	2410.27003965618	61.3264166340161	57.759731021033	-593.921132482968	688.95528645009	255	87	4	7	159	133	261	30	16	72	2718	681	154	31	3572	0	0	0	0
8	2	3	57	7	down	3	512	313.470216576274	1118.66919018386	339.193464133629	532.013329045015	1053.14530491311	7656.86810084082	1007.72590505451	3903.58265688992	63.1652492283242	61.0016878016448	-593.52308153092	688.031869726609	256	69	6	6	175	138	261	55	29	29	2793	620	144	27	3729	0	0	0	0
8	2	3	58	6	down	0	512	296.414785046596	1158.62388023823	302.673060867921	547.130496961516	863.38196601125	6069.96606473176	868.147355327588	3132.71855759237	32.6020755557183	56.3372052720011	-593.643471488501	688.311437783472	261	100	10	5	136	152	224	43	24	69	2099	795	129	49	3856	0	0	0	0
8	2	3	58	6	down	1	512	253.173395510033	893.405004868609	265.709814046623	354.839950134255	900.615224929057	6052.67717605134	929.133427701446	3221.08081003843	42.3387808625921	50.1468438701851	-593.614965279006	688.245818415334	276	91	2	6	137	121	270	42	25	54	2421	485	147	19	3865	0	0	0	0
8	2	3	58	6	down	2	512	323.446417840652	1561.80294892746	294.844922477176	509.040150723548	970.837840728738	6818.14499182604	961.455630554053	3479.33914371983	49.7526811669837	56.3176021037605	-593.894869856705	688.894724760667	282	81	7	10	132	128	268	49	25	42	2475	419	146	32	3630	0	0	0	0
8	2	3	58	6	down	3	512	314.051296211905	1471.94896023718	284.32237796602	431.253912342146	1040.0131556175	7485.55863389892	1036.27352058014	3974.23277005784	45.7100666575439	59.9178150228682	-593.912472813814	688.93524078428	270	91	5	10	136	108	230	49	40	85	2212	687	131	42	3649	0	0	0	0
8	2	3	59	5	down	0	512	269.128310538158	1029.40805385064	276.542719796995	344.899476426757	860.389800069683	5792.87479350369	883.099469666849	3042.76567733922	39.353188740016	48.4317283413343	-593.90394076768	688.915754966011	274	95	5	6	132	147	245	39	27	54	1940	469	121	30	3701	0	0	0	0
8	2	3	59	5	down	1	512	289.327127602216	1052.05231411741	305.872445062623	490.065678175423	994.530079984048	6904.24524008626	979.749879549648	3561.57342538947	44.1894572990146	51.5372279537101	-593.670065864025	688.372891810193	263	83	5	6	155	121	276	48	29	38	1975	432	132	21	3838	0	0	0	0
8	2	3	59	5	down	2	512	269.178717069096	1088.14361366447	256.159590325035	322.704665234006	1010.63621460499	7099.00818410041	995.081365901813	3667.58778924395	52.6864758136155	53.5409345168234	-593.774139265371	688.614969337448	277	96	4	7	128	120	267	49	31	45	2009	410	121	20	3826	0	0	0	0
8	2	3	59	5	down	3	512	252.544718403157	853.322908905634	275.832566001001	392.768328237176	816.09268244312	5133.5586905369	910.431508312726	3051.36759912236	43.3859797337206	52.7989878535008	-593.63735539933	688.296878239822	274	87	1	6	144	126	291	36	19	40	2002	382	151	25	3807	0	0	0	0
8	2	3	60	4	down	0	512	268.902885678784	1147.59957333893	256.99772909166	327.190668951795	964.182852386869	6790.79261258375	975.113752737515	3459.03401356828	10.2790463954625	52.1965950136265	-593.50577461031	687.991892935005	288	101	8	6	109	118	256	48	27	63	1385	524	107	32	4029	0	0	0	0
8	2	3	60	4	down	1	512	251.844645089413	754.526794236001	274.376355646786	433.107863253058	787.201626123751	5062.73214268491	841.595126838966	2731.49184796066	30.1507681844418	58.7063477338503	-593.917495671706	688.94690928598	254	110	6	3	139	144	251	34	23	60	1551	381	89	27	4021	0	0	0	0
8	2	3	60	4	down	2	512	299.40414192847	1298.67548638087	295.563689941683	444.235355415909	890.16437521031	6002.52529332949	906.284560717082	3167.61190292142	30.230242096185	49.0033237773645	-593.718511104628	688.485209175096	267	96	6	8	135	129	251	40	29	63	1560	374	94	20	3779	0	0	0	0
8	2	3	60	4	down	3	512	264.804585116279	1025.27418183108	280.659096145402	457.661945537085	995.538210602804	7180.11165125661	973.003280379517	3695.63050206333	34.5440095220674	54.5270817610724	-593.892462663211	688.888887724799	292	81	5	6	128	133	238	50	31	60	1591	351	89	17	3901	0	0	0	0
8	2	3	61	3	down	0	512	291.186551127529	1191.85777396608	306.645429178046	548.329710231415	901.294308566871	6386.38840064688	893.617820643413	3121.72668837173	9.89672548221393	53.8778970846867	-593.587840259148	688.182548164425	276	85	6	7	138	142	243	47	21	59	1159	312	45	20	4104	0	0	0	0
8	2	3	61	3	down	1	512	286.364378515658	1165.69375195408	277.088558536472	375.558228897199	944.986547822181	6711.21204111179	930.280763400392	3382.81400865065	33.9892438546248	49.3980025422535	-593.949954697152	689.022534464319	262	96	3	8	143	139	239	47	28	59	1225	211	85	15	3771	0	0	0	0
8	2	3	61	3	down	2	512	272.070069948787	954.146804241458	290.361873086058	445.683061773982	1002.12180273781	7207.47340399694	964.254557767195	3694.12437450914	18.9477981921801	50.6964272383885	-593.806960026455	688.690407836984	256	109	8	4	135	129	234	49	34	66	1117	343	64	12	3917	0	0	0	0
8	2	3	61	3	down	3	512	333.14959677441	1571.0980771669	308.482613672013	540.524740720184	1056.11648117874	7757.810736562	1035.45953279235	3865.33988594228	19.7213924293034	47.0209303515822	-593.814180594281	688.70703375542	242	112	7	10	141	116	236	54	34	72	1113	340	68	15	3946	0	0	0	0
8	2	3	62	2	down	0	512	260.83932353035	823.146832560449	265.226757436231	303.090368474133	1084.53569810343	8200.48255094304	1054.04953751733	4231.22940453075	19.4531040113883	51.2684905063564	-593.889696418293	688.882680104638	249	109	5	4	145	107	224	59	32	90	731	242	36	15	3980	0	0	0	0
8	2	3	62	2	down	1	512	251.770439822853	969.836855876711	256.022303967721	355.118618078366	1011.69475175468	7060.9050567721	1017.92736205205	3744.67618099008	15.2841568050895	49.6081526092216	-593.755246279593	688.570759947416	265	118	4	6	119	103	260	47	35	67	736	231	47	10	3930	0	0	0	0
8	2	3	62	2	down	2	512	283.47583469566	1201.83665764377	278.372074026546	377.65173229239	986.819363552179	7070.02955529364	988.296113981158	3519.92714175995	11.7484037590835	49.9158987918305	-593.822587116	688.726968329272	266	102	4	8	132	115	269	53	21	54	753	197	55	19	4070	0	0	0	0
8	2	3	62	2	down	3	512	258.804881676602	977.715236423265	255.611625325208	293.269903392917	998.40295568718	7377.2848768527	970.792795287267	3567.34863954366	15.8731637547919	53.7348812647514	-593.572564955224	688.146891337342	261	114	4	6	127	127	247	56	21	61	763	202	44	15	4137	0	0	0	0
8	2	3	63	1	down	0	512	239.406950988162	622.462935527244	266.17589283981	316.389048658801	1121.64153616405	8360.90477358219	1106.13626340475	4328.78198428128	18.7746586113938	54.9961535769425	-593.892203267742	688.888388665362	254	104	3	3	148	109	244	59	35	65	361	119	23	9	4048	0	0	0	0
8	2	3	63	1	down	1	512	289.53156278566	1189.14064963941	288.445244596268	434.171444174468	978.981226263118	6905.3791970628	1016.28127546269	3655.26911940878	4.28734597846384	45.7477893109147	-593.817678883832	688.715267081887	258	106	6	7	135	114	261	49	27	61	375	100	30	7	3938	0	0	0	0
8	2	3	63	1	down	2	512	248.902885678784	850.152788929561	253.304031850371	295.261653224604	1018.50657780875	7145.47360222987	1104.83441057171	4194.61362638633	4.98054329754629	47.4238833627956	-593.658748690715	688.346861780038	280	97	6	4	125	80	266	49	32	85	358	133	16	5	4135	0	0	0	0
8	2	3	63	1	down	3	512	230.865931325665	809.210719588196	246.945332696637	328.937211437888	1278.8005898153	9930.17206451746	1237.27614441931	5110.37292111122	12.9609742773456	44.7975951369041	-593.891962743419	688.887684242637	274	115	3	5	115	89	231	70	43	79	359	124	21	8	4024	0	0	0	0
8	2	3	64	0	dwell	0	512	309.908207237847	1623.69073129103	270.020341741568	485.291015868792	0	0	0	0	10.8164840489262	45.0765962133874	-593.846561777396	688.782291516287	273	108	4	12	115	0	0	0	0	0	0	0	0	0	4041	0	0	0	0
8	2	3	64	0	dwell	1	512	237.322102603476	973.554093479347	228.741990616525	268.434592774653	0	0	0	0	-6.76805338553935	53.2016052625659	-593.83452945393	688.753956826055	287	109	2	7	107	0	0	0	0	0	0	0	0	0	4197	0	0	0	0
8	2	3	64	0	dwell	2	512	207.977387505667	568.271585952901	227.468786939054	247.088139582613	0	0	0	0	-8.53672535850684	49.8813725856745	-593.508724823188	687.99943131349	278	118	5	2	109	0	0	0	0	0	0	0	0	0	4272	0	0	0	0
8	2	3	64	0	dwell	3	512	197.324911663169	594.788327035094	219.644613538722	244.860867825277	0	0	0	0	3.72100822705819	48.2235992977048	-593.875319679304	688.849107684185	282	121	1	4	104	0	0	0	0	0	0	0	0	0	4105	0	0	0	0
8	2	3	64	0	dwell	4	512	317.672139260348	1475.14062132042	287.557591988519	452.307763218464	0	0	0	0	-5.77582350273753	49.0450215161045	-593.760485127333	688.582807791298	249	109	5	10	139	0	0	0	0	0	0	0	0	0	4306	0	0	0	0
8	2	3	64	0	dwell	5	512	230.31145948535	691.630091478256	230.016982437349	243.002770588662	0	0	0	0	0.516842647467801	49.5432663584837	-593.875228849884	688.848699057715	277	104	5	3	123	0	0	0	0	0	0	0	0	0	4012	0	0	0	0
8	2	3	64	0	dwell	6	512	251.441392841911	930.599629976913	253.983253064116	331.605513581698	0	0	0	0	1.36867245343913	50.479744579328	-593.790903572327	688.65268250092	274	102	3	6	127	0	0	0	0	0	0	0	0	0	4123	0	0	0	0
8	2	3	64	0	dwell	7	512	269.558170580976	1127.39300717341	247.655647896529	324.411730025586	0	0	0	0	-1.5728279381811	47.244003466924	-593.44020888984	687.839725788815	267	113	5	7	120	0	0	0	0	0	0	0	0	0	4314	0	0	0	0
8	2	3	64	0	dwell	8	512	196.921659415666	418.520809547897	221.479217162791	181.988071997877	0	0	0	0	-9.92445578393446	48.6087472485059	-593.88319450739	688.867453931317	278	113	4	1	116	0	0	0	0	0	0	0	0	0	4231	0	0	0	0
8	2	3	64	0	dwell	9	512	244.813012295357	1118.58164759361	232.484992643068	285.30809283418	0	0	0	0	4.72323790411219	47.0204715805965	-593.935969142303	688.989642447428	273	133	3	8	95	0	0	0	0	0	0	0	0	0	3950	0	0	0	0
8	2	3	64	0	dwell	10	512	219.157727393166	678.894644940392	221.053295722009	232.884077305923	0	0	0	0	-2.69498509866502	50.2198300122393	-593.917159103	688.946121088416	278	116	5	3	110	0	0	0	0	0	0	0	0	0	4155	0	0	0	0
8	2	3	64	0	dwell	11	512	244.53156278566	903.958277097221	234.562763733757	260.894537052046	0	0	0	0	2.02966742685926	50.6373008977554	-593.687025486009	688.412068333744	286	100	5	5	116	0	0	0	0	0	0	0	0	0	4187	0	0	0	0
8	2	3	64	0	dwell	12	512	179.863418826295	418.517873841827	208.124650340369	188.331152557876	0	0	0	0	8.67146694968899	49.831761405522	-593.944782877433	689.01125432086	284	124	2	2	100	0	0	0	0	0	0	0	0	0	4009	0	0	0	0
8	2	3	64	0	dwell	13	512	222.372509134414	565.314045149442	229.25578962237	241.426162234687	0	0	0	0	-0.683707750162897	48.6792872930616	-593.720521271669	688.48995801569	274	108	7	1	122	0	0	0	0	0	0	0	0	0	4171	0	0	0	0
8	2	3	64	0	dwell	14	512	240.059426830661	781.569253432542	232.258470498604	235.039359383768	0	0	0	0	-10.3772879108245	52.1526224854357	-593.82783685734	688.739162597449	282	101	7	3	119	0	0	0	0	0	0	0	0	0	4039	0	0	0	0
8	2	3	64	0	dwell	15	512	291.592612434724	1387.71817212933	259.807865407243	389.961136430927	0	0	0	0	-10.0229876676661	49.5457251413151	-593.816857850106	688.71358449851	271	112	6	9	114	0	0	0	0	0	0	0	0	0	4035	0	0	0	0
8	2	3	64	0	dwell	16	512	217.07287900848	578.19256729095	237.007858018241	277.457040839512	0	0	0	0	-6.28325541543513	45.8379845091001	-593.941924801541	689.004509487764	267	119	5	2	119	0	0	0	0	0	0	0	0	0	4113	0	0	0	0
8	2	3	64	0	dwell	17	512	237.298303867853	816.171224416716	231.51320054339	263.443670882715	0	0	0	0	-10.0408072967595	51.665048469787	-593.760871407639	688.584100728405	265	117	3	5	122	0	0	0	0	0	0	0	0	0	4220	0	0	0	0
8	2	3	64	0	dwell	18	512	229.231932659726	847.201544323105	230.948823394384	291.309628824118	0	0	0	0	3.50013239803748	46.9489550380984	-593.838867384973	688.76418297593	287	110	4	5	106	0	0	0	0	0	0	0	0	0	4118	0	0	0	0
8	2	3	64	0	dwell	19	512	236.017150918479	795.52383021094	228.933038609377	240.964972516711	0	0	0	0	-8.46139786663236	52.8944196198302	-593.962865728186	689.051835556728	267	119	5	4	117	0	0	0	0	0	0	0	0	0	4065	0	0	0	0
8	2	3	64	0	dwell	20	512	232.07287900848	810.274606615944	227.822763672768	231.848785841598	0	0	0	0	2.54409361246793	47.1192710345545	-593.781112644001	688.631176334809	267	121	3	5	116	0	0	0	0	0	0	0	0	0	4091	0	0	0	0
8	2	3	64	0	dwell	21	512	213.152405834103	750.326212758585	221.617181746857	239.171865883164	0	0	0	0	-14.9488087668095	50.1129480317728	-593.871393301205	688.839808253667	289	113	2	5	103	0	0	0	0	0	0	0	0	0	4082	0	0	0	0
8	2	3	64	0	dwell	22	512	207.348710398791	586.91288219461	214.803158173185	209.336588310239	0	0	0	0	0.866899026389872	49.8122459534845	-593.706034721303	688.456766064473	280	114	3	3	112	0	0	0	0	0	0	0	0	0	4301	0	0	0	0
8	2	3	64	0	dwell	23	512	233.478643755352	891.247165777643	224.965024633487	222.13794827889	0	0	0	0	9.03916667918746	51.4202315725584	-593.940456715403	689.000157451876	285	114	5	5	103	0	0	0	0	0	0	0	0	0	4082	0	0	0	0
8	2	3	64	0	dwell	24	512	190.966744387541	569.052682264294	201.711111001553	161.976780196266	0	0	0	0	-2.72137129038025	49.5918751372157	-593.765087078085	688.593018549095	300	112	3	3	94	0	0	0	0	0	0	0	0	0	4151	0	0	0	0
8	2	3	64	0	dwell	25	512	248.953292209722	1026.33513315276	232.082063246673	289.893278878233	0	0	0	0	1.32839516026933	49.7184179848198	-593.876282382639	688.851515378634	291	98	3	7	113	0	0	0	0	0	0	0	0	0	4092	0	0	0	0
8	2	3	64	0	dwell	26	512	229.104511802536	749.289596655193	231.474215941333	230.957295508899	0	0	0	0	-3.76030228999914	49.8611360027299	-593.701824613578	688.447121772425	288	98	4	4	118	0	0	0	0	0	0	0	0	0	4231	0	0	0	0
8	2	3	64	0	dwell	27	512	237.69593799597	759.088901901814	232.685083597754	261.058154283703	0	0	0	0	-15.8121318225944	48.8826482999565	-593.79689498096	688.668068913833	287	89	4	4	128	0	0	0	0	0	0	0	0	0	4200	0	0	0	0
8	2	3	64	0	dwell	28	512	304.178717069096	1382.77886858009	267.910262347615	477.721769008122	0	0	0	0	5.0577334475013	45.7429906020105	-593.731880352922	688.517100172499	269	102	8	8	125	0	0	0	0	0	0	0	0	0	4226	0	0	0	0
8	2	3	64	0	dwell	29	512	238.00118624129	954.924964846781	231.430599489996	279.156290645483	0	0	0	0	-1.99129637021597	46.2936574400437	-593.826549691868	688.736238607509	284	114	4	6	104	0	0	0	0	0	0	0	0	0	4030	0	0	0	0
8	2	3	64	0	dwell	30	512	187.701556115356	389.004153422677	217.433798464863	194.577806396025	0	0	0	0	-2.69074123442876	51.2032191599251	-593.819905489104	688.721123362864	285	119	6	0	102	0	0	0	0	0	0	0	0	0	4036	0	0	0	0
8	2	3	64	0	dwell	31	512	225.714711732852	705.450824556083	231.007033911194	268.290919286696	0	0	0	0	-8.157374710896	46.9781270200439	-593.91504907969	688.941397607916	273	111	3	4	121	0	0	0	0	0	0	0	0	0	4094	0	0	0	0
8	2	3	65	1	up	0	512	273.274208571908	1053.06459500252	278.880093523012	395.175483890882	1048.97841720343	7357.61004180862	1122.19694776925	4416.00992801504	11.3627619878964	49.5355867713931	-593.647460075179	688.320960163811	266	96	3	7	140	99	275	50	34	54	383	105	16	8	4198	0	0	0	0
8	2	3	65	1	up	1	512	231.263565453782	731.763651988918	247.294326000137	300.934765699749	1149.98373876249	8646.95341569977	1152.88615534058	4578.55683248438	9.87007585508979	54.3199478595712	-593.611669623144	688.238672496111	288	86	1	5	132	96	248	62	34	72	354	129	21	8	4334	0	0	0	0
8	2	3	65	1	up	2	512	230.76511826379	612.651462671481	256.941540937308	278.769001922689	1162.72106298967	8779.86214447171	1142.61738346947	4602.43034213674	4.82116408287668	51.0264053245392	-593.896972155633	688.899590989115	256	112	3	3	138	107	240	62	37	66	373	119	17	3	4018	0	0	0	0
8	2	3	65	1	up	3	512	274.380343192847	1112.82753901667	276.235137756733	428.239769128458	1042.42143286374	7642.66472525229	1063.50133878722	4024.40866136295	7.34604205505739	47.586376301833	-593.84657459571	688.782933745688	265	100	2	8	137	112	262	57	24	57	384	96	23	9	4078	0	0	0	0
8	2	3	66	2	up	0	512	221.942649091596	564.411131151667	259.00335620947	331.811229171054	1019.18004332718	7381.27567326862	1008.06929780496	3733.44762840028	14.5681492648967	52.8556257167843	-593.721367641105	688.491919577339	281	89	2	3	137	115	267	55	23	52	737	220	50	17	4026	0	0	0	0
8	2	3	66	2	up	1	512	283.176204569726	1259.71517978528	285.926386775373	450.202063537206	1096.86696102342	8272.97156799702	1036.96953950339	3914.91463614855	3.41359370197646	55.7423248132242	-593.860136739107	688.813930681112	259	114	3	9	127	119	250	62	26	55	764	205	44	11	4045	0	0	0	0
8	2	3	66	2	up	2	512	252.847157588784	794.672522355806	271.862175385088	329.377477737113	941.270509831248	6571.01162954832	954.054085456124	3502.57094097726	28.9038236838489	54.6233187290701	-593.69790370871	688.437288212026	264	93	2	5	148	132	224	42	37	77	723	254	36	11	4170	0	0	0	0
8	2	3	66	2	up	3	512	242.019663417849	880.669558330745	252.692692841671	298.968192933884	1020.48780407187	7734.70424874276	996.347965518266	3894.3166806148	7.41557836121257	49.2577276207327	-593.975791982142	689.082439199331	277	103	2	6	124	130	244	61	17	60	764	210	39	11	3942	0	0	0	0
8	2	3	67	3	up	0	512	264.454548459407	965.693751954076	270.600367948074	330.511814540737	952.145601473428	6564.8867628799	962.247671704564	3570.60700117021	9.7305282731502	46.3046300382722	-593.701728047555	688.446714795363	278	92	6	5	131	147	234	41	39	51	1163	298	58	17	3882	0	1	0	2
8	2	3	67	3	up	1	512	338.523432166905	1636.52645440811	304.909711366851	487.32565018494	968.09770744186	6893.4549118718	940.520413062568	3403.75828020979	17.8015924676907	54.5171671517302	-593.890622813039	688.884992666744	258	93	6	11	144	142	265	51	22	32	1196	272	61	7	4012	0	0	0	0
8	2	3	67	3	up	2	512	300.181229568466	1260.47781229053	287.703433765545	422.287272267383	1092.99689437998	8133.50651801444	1017.71638026964	3850.83368291648	30.6583930211415	54.9004051754386	-593.743324416183	688.54281506104	271	84	5	8	144	132	236	57	35	52	1199	249	76	12	3932	0	0	0	0
8	2	3	67	3	up	3	512	334.401332868777	1553.35311553606	308.101862096629	442.782355982567	977.16940020905	7001.25133805033	944.563435405007	3470.67563000995	25.3906879349511	47.6181363070639	-593.639654742796	688.303470994589	260	82	4	11	155	133	263	52	22	42	1184	260	70	22	4034	2	0	0	4
8	2	3	68	4	up	0	512	261.138953656284	941.438487032995	274.931936916969	339.034304961917	862.448040659055	5813.68316073944	908.095676858256	3145.19031210336	24.0695069045558	53.2215354614498	-593.774366971385	688.615408908657	268	97	3	6	138	145	266	42	20	39	1630	311	89	18	3872	0	0	0	0
8	2	3	68	4	up	1	512	251.488990313156	655.760603006885	280.646097006412	339.635120655449	890.487804071866	6196.74083652716	901.257702336011	3170.74506424513	43.2044934472754	54.255875170739	-593.689489810375	688.417495195453	258	83	1	4	166	138	273	48	14	39	1666	248	116	18	3882	0	0	0	0
8	2	3	68	4	up	2	512	269.579160256905	1089.01281894593	285.997272878887	416.181393221112	944.283665448745	6631.18169288641	976.361405186403	3493.47802888678	24.5953288956105	56.4200951397245	-593.740920623742	688.538096520215	286	86	4	7	129	124	253	47	26	62	1471	448	99	30	3964	0	0	0	0
8	2	3	68	4	up	3	512	252.722545791285	833.800239773319	282.303720828148	431.53082136652	995.434588481236	7101.77104315759	969.901003524697	3583.93162944168	34.3053928981027	55.7021416337085	-593.855271712236	688.802838351705	264	100	3	5	140	140	254	50	29	39	1565	352	111	20	3864	0	0	0	0
8	2	3	69	5	up	0	512	310.107024301906	1448.34108952187	299.035792793872	596.017847277462	1071.29149950718	7874.05993183801	1036.39653167895	4086.31103117846	43.9478351537089	53.9827206865306	-593.651095289077	688.329617641537	274	94	7	9	128	123	227	53	39	70	1871	549	112	28	3923	0	0	0	0
8	2	3	69	5	up	1	512	237.971769386282	661.274295107044	260.673994517606	288.407997670303	862.347227597179	5520.04186449773	898.973601483909	3086.20366745335	56.7483059633425	54.7446956486356	-593.666211201251	688.364456712721	280	85	4	3	140	127	286	37	25	37	2014	397	129	20	3845	0	0	0	0
8	2	3	69	5	up	2	512	265.157430832844	867.183080516959	288.896644669395	395.357738177801	735.793052317186	4534.90229097998	805.913310572092	2612.03186063103	65.1870698873815	57.230627028997	-593.575625596626	688.154222554526	261	86	1	6	158	163	256	30	21	42	2027	341	171	21	3979	0	0	0	0
8	2	3	69	5	up	3	512	236.468000637226	717.317065812485	259.104060467097	314.798768073284	922.299630125934	6391.233440624	943.916783165031	3371.56881630501	34.1568826180614	56.5784195158035	-593.695345623553	688.431804135975	263	109	3	4	133	127	248	44	28	65	1898	508	117	37	3791	0	0	0	0
8	2	3	70	6	up	0	512	276.31397198472	1213.49311383868	271.460645622728	369.084326219815	968.729193608429	6991.48853563114	978.163004755038	3715.32980281174	46.9904435239516	56.4858588436897	-593.55156287951	688.098939345686	279	94	2	9	128	131	253	52	22	54	2344	533	163	32	3801	0	0	0	0
8	2	3	70	6	up	1	512	296.566004639409	1314.46581459533	294.341420244767	427.478864081617	992.676274578121	7137.97199278188	985.489577407362	3728.36504742923	39.2391395991974	58.0513579435895	-593.56091834777	688.120313266688	262	102	4	9	135	126	227	48	35	76	2284	591	166	31	3856	0	0	0	0
8	2	3	70	6	up	2	512	286.263565453782	1106.94602453111	305.621028464707	463.948809476286	894.159053651247	6084.86872385862	899.427589562722	3055.7645848774	54.001770178657	54.4212080975143	-593.710854676121	688.467716934931	260	94	4	7	147	128	255	42	26	61	2400	520	136	16	3667	0	0	0	0
8	2	3	70	6	up	3	512	312.672139260348	1567.95215081416	286.216544226052	467.907710041213	1086.56733089749	8399.02636471665	1017.13047137039	3935.83321824033	41.2991819693418	50.5240998910442	-593.752142237681	688.563043117376	265	109	5	11	122	136	219	63	27	67	2304	581	162	25	3652	0	0	0	0
8	2	3	71	7	up	0	512	278.900076619092	863.295496386324	321.818707637284	503.790508739246	1101.76614796155	8299.9533307428	1025.82867105457	4066.89202028728	63.9949367068165	60.3370374791685	-593.426938875559	687.809657902942	253	81	3	5	170	133	230	59	34	56	2702	653	183	46	3776	0	0	0	0
8	2	3	71	7	up	1	512	354.04567809252	1634.58692430694	344.234612885845	557.304894017908	886.843162287801	6020.5432473938	906.089948872451	3335.11349341231	73.5295690439917	64.7421772326658	-593.61827067346	688.252576362345	264	59	3	12	174	169	238	39	32	34	2888	505	157	34	3638	0	0	0	0
8	2	3	71	7	up	2	512	405.629270227521	2222.75410857695	384.76275841023	867.306209672544	960.867257583746	6886.35497512048	934.224593680297	3393.57511743838	65.6585741382557	60.4122529968786	-593.829805126653	688.74325221451	264	73	9	15	151	136	226	47	32	71	2815	560	178	31	3651	0	0	0	0
8	2	3	71	7	up	3	512	320.279233570649	1321.45638445932	337.527423268153	548.012289857938	864.835328229368	5952.81689116405	895.394819374379	3117.30482249226	77.0728079780232	65.3232665618081	-593.628250816229	688.275898575773	258	69	1	10	174	146	264	45	16	41	2937	434	185	28	3786	0	0	0	0
8	2	3	72	8	up	0	512	243.923875354714	549.872933919277	292.143773231873	341.789567882926	690.315594803123	4286.39161954286	698.115933701978	1978.82312608288	70.4933928201388	64.1272126435386	-593.686918964871	688.411877578215	271	67	1	3	170	178	258	32	11	33	3286	573	196	41	3612	0	0	0	0
8	2	3	72	8	up	1	512	265.359056956595	867.231750953531	277.736773360404	305.0450086872	752.40044318781	4906.72895210793	733.890941018991	2336.84044393944	78.6296270440029	61.218018683911	-593.716139708278	688.479887398039	257	90	1	6	158	181	236	34	20	41	3295	577	201	23	3667	0	0	0	0
8	2	3	72	8	up	2	512	376.183742067836	1776.71777566346	341.075381523792	565.384722762257	747.477457514063	4997.987379287	723.160794377448	2283.76326471984	81.7088745481464	65.0888663918792	-593.79556126709	688.664152765484	241	78	6	12	175	177	233	37	15	50	3316	549	207	24	3679	0	0	0	0
8	2	3	72	8	up	3	512	320.4808596944	1400.59319218496	329.778316078354	617.310622919804	810.514411867182	5344.47656625493	788.977568592652	2716.81488519394	86.4655717510342	68.360925526096	-593.646044743725	688.316962653747	266	74	3	10	159	163	251	37	22	39	3292	593	188	23	3608	0	0	0	0
8	2	3	73	9	up	0	512	373.71944017127	1754.21308891445	379.998681801489	738.153695398242	852.649666782806	5723.73183117601	836.560896191806	2706.64616055157	84.1143602304576	64.0508266405103	-593.565408899981	688.130746009445	248	64	3	13	184	141	270	42	18	41	3706	672	187	43	3634	0	0	0	0
8	2	3	73	9	up	1	512	370.95550814877	1633.78149277726	372.705126716805	701.874505063577	772.85410196625	4987.38557821677	800.372045806683	2552.44416321208	84.6168201613564	64.3202663304831	-593.789289413962	688.649496907982	244	63	5	11	189	152	254	35	19	52	3753	581	237	37	3400	0	0	0	0
8	2	3	73	9	up	2	512	393.289580128453	1815.8633905073	402.863765780314	803.411541356708	862.421432863739	5833.24233269919	841.540303632979	2885.17552380358	82.1536150820437	63.2392210325442	-593.68021595459	688.397211290883	247	49	4	13	199	152	270	43	18	29	3757	575	238	38	3593	0	0	0	0
8	2	3	73	9	up	3	512	394.64774740408	1816.96378036248	394.629433718579	692.056025159648	766.217294240618	4978.77742431156	793.211097702105	2577.2257798734	93.6271841869695	72.2269116901755	-593.818433880879	688.716583743605	237	58	4	13	200	162	277	39	9	25	3793	558	224	33	3502	1	0	0	2
8	2	3	74	10	up	0	512	461.154325212828	2518.94847881433	431.781735352199	991.014899548877	787.753288904374	5239.80802740786	771.462834497837	2550.54751861281	98.3082821398314	71.0432582131113	-593.601860139908	688.214823113469	229	62	5	19	197	162	240	37	20	53	4191	644	249	36	3564	0	0	0	0
8	2	3	74	10	up	1	512	425.602662432206	2146.6902215492	427.374335142838	1003.79432308609	690.567627457812	4385.90533996201	673.29108572371	2074.29615779632	104.695825369014	67.6198823427728	-593.677482369136	688.390518409493	239	65	9	14	185	193	232	31	16	40	4284	553	242	41	3605	1	0	0	2
8	2	3	74	10	up	2	512	404.623948668458	1925.7510879139	419.002020307166	843.869204496407	731.445528159684	4547.18488346339	708.066714378234	2036.92734339144	111.111739860588	75.1993254450817	-593.712952150502	688.472361404749	227	68	4	14	199	151	284	35	9	33	4327	502	269	22	3545	0	0	0	0
8	2	3	74	10	up	3	512	436.507170929393	2255.67500495802	412.376177871445	800.340986684926	642.403252247502	3938.69267583242	632.252784564992	1740.79027353102	105.662258119583	70.7818923232563	-593.643390672156	688.311636259789	226	65	4	17	200	192	239	29	11	41	4188	617	276	39	3481	0	0	0	0
8	2	3	75	11	up	0	512	426.228530479389	2167.17943683612	449.699631761831	1019.08634640162	517.931116292503	2759.03924030056	533.687413561705	1122.05754785784	120.150379668958	80.2614862620491	-593.662716001638	688.355117581611	250	50	7	15	190	216	250	22	2	22	4828	487	282	35	3501	0	0	0	0
8	2	3	75	11	up	1	512	427.210053302829	2107.89382368966	423.525664310502	821.635536755169	578.458980337503	3063.47394205776	631.251163098347	1705.76913192544	110.236239015873	71.2030944347728	-593.670533904265	688.374191426129	225	59	3	16	209	188	257	20	13	34	4749	557	302	24	3390	0	0	0	0
8	2	3	75	11	up	2	512	402.81212261439	1865.81779737176	420.970275137145	863.900716927575	782.525054985308	5234.68327401541	731.045428797995	2375.44515153311	112.568770089723	76.0393505758104	-593.53655942538	688.062700761331	242	50	5	13	202	181	235	37	20	39	4625	700	264	43	3555	0	0	0	0
8	2	3	75	11	up	3	512	416.103918681891	2213.38919357863	405.948833331941	803.086493595243	725.466814395937	4581.06337728591	695.489149929709	2111.56894968851	120.163190095816	68.4061577687577	-593.67399726698	688.382417533296	250	54	1	18	189	167	255	33	15	42	4687	617	297	31	3405	0	0	0	0
8	2	3	76	12	up	0	512	395.629270227521	1994.9425790832	405.416754864533	874.602922967069	771.196304564688	5376.13931864684	709.357378874509	2250.42004451475	125.934479365947	86.8523674177986	-593.708219745075	688.460602093038	248	70	6	14	174	171	235	43	9	54	4901	912	287	44	3321	0	0	0	0
8	2	3	76	12	up	1	512	412.512492488456	2052.05496663357	391.980771355989	646.711118074855	587.37945351188	3209.59251252917	612.203083064656	1551.05315566094	123.233089053853	80.2065138871042	-593.558332722609	688.113656157303	231	63	2	16	200	178	262	23	9	40	5067	694	340	43	3423	0	0	0	0
8	2	3	76	12	up	2	512	388.817444173453	1869.64454345668	406.595875365108	815.948475726064	630.920473174377	3945.44339559945	635.135133597685	1819.46070246283	127.247647637499	83.9727345381174	-593.872994093182	688.843568454803	255	50	3	14	190	206	230	30	9	37	5089	750	266	39	3295	0	0	0	0
8	2	3	76	12	up	3	512	346.937030972211	1586.76029149799	357.332100528496	579.160020780554	567.75890702376	3206.65343553186	618.453988109586	1678.1826012871	132.467668376644	81.1554913602973	-593.496132896988	687.970202506147	255	70	2	12	173	184	243	24	7	54	5119	673	315	37	3367	0	0	0	0
8	2	3	77	13	up	0	512	376.507170929393	1738.41059309084	399.205640419527	787.170996323881	699.840946348753	4552.4738287818	677.724744941007	2046.44754893985	146.130091199096	99.5118762098291	-593.687947056216	688.414934956011	254	57	5	12	184	184	226	33	15	54	5553	677	387	39	3381	0	0	0	0
8	2	3	77	13	up	1	512	444.042869032827	2205.72353379964	454.375471988514	1028.41923412175	539.941759410629	2941.06967348291	566.92423262622	1420.43033361683	153.784848310795	91.0546129728364	-593.733553171351	688.520536286623	225	53	5	16	213	210	244	22	6	30	5644	640	332	40	3308	0	0	0	0
8	2	3	77	13	up	2	512	411.077310886575	1894.33140451494	420.943529373762	763.559983205208	573.082335885316	3409.88117465767	584.552421762149	1578.56590861872	142.59034940152	93.3545524594126	-593.997057845717	689.131883148061	237	43	3	14	215	217	227	26	7	35	5709	599	315	33	3260	0	0	0	0
8	2	3	77	13	up	3	512	492.509683428763	2849.54412528251	468.405454234778	1173.46021397083	690.870066643439	4541.78377714654	626.829706388175	1808.14693741588	154.470893688667	98.1632584147795	-593.629878562601	688.279662418687	240	59	10	20	183	191	231	35	10	45	5654	618	357	27	3415	0	0	0	0
8	2	3	78	14	up	0	512	486.854398526572	2646.20967178553	469.321097544005	1095.18805927116	637.151219592813	3893.63183778671	623.732619741217	1788.37964239469	165.08302932885	100.832732578545	-593.648639670216	688.323792476494	229	43	5	20	215	197	241	29	10	35	6079	707	352	30	3283	0	0	0	0
8	2	3	78	14	up	1	512	380.727274229704	1488.03368039732	429.791996879202	835.271135567984	649.840946348753	4181.56196607086	616.056190899051	1817.19792341926	165.771236055915	105.131129774988	-593.505881790338	687.991867040451	231	50	6	9	216	196	231	33	7	45	6040	702	388	38	3271	0	0	0	0
8	2	3	78	14	up	2	512	389.271102951893	1811.03065973428	417.752628720725	810.273961032303	691.848780407187	4503.63477349278	665.884741929201	1932.34795137063	173.193624088779	105.924095449903	-593.675133382232	688.384231642649	242	59	4	13	194	191	240	35	9	37	6047	733	339	49	3260	0	0	0	0
8	2	3	78	14	up	3	512	387.183445507514	1573.28891699941	438.467114970397	869.368434015076	653.533185604064	4049.30356721077	625.703927682869	1816.96350393836	167.521262837859	99.379412328274	-593.703603330893	688.450805695845	232	43	3	11	223	193	240	30	11	38	6098	680	358	32	3276	0	0	0	0
8	2	3	79	15	up	0	512	507.533482164386	2687.76291569516	527.03701298054	1174.77159177673	551.05070309126	3227.87228258249	547.865871181965	1348.22046279536	167.419690177083	108.572535422909	-593.669487516286	688.371748252616	198	49	3	21	241	208	217	24	8	55	6394	808	428	50	3170	0	0	0	0
8	2	3	79	15	up	1	512	595.899483498447	3650.82968179099	599.988906341445	1711.59152230095	640.190983005625	4054.06035662287	599.727167149336	1737.22038746675	181.704104278384	109.54078109724	-593.678100521115	688.3918986328	199	59	10	27	217	210	229	31	9	33	6519	735	385	41	3196	0	0	0	0
8	2	3	79	15	up	2	512	499.917960675006	2446.4223925531	545.125470591689	1397.92352159317	563.586401194694	3240.91471346004	554.637453084285	1301.54065846174	178.765256851071	117.459562291717	-593.666446136433	688.364696469716	216	34	12	15	235	195	246	26	3	42	6531	717	391	41	3227	0	0	0	0
8	2	3	79	15	up	3	512	582.554471840316	3459.82341391298	564.998630825618	1489.29628153694	543.535994663756	3139.99068313995	544.260738541469	1206.54570202235	176.496147238317	112.050002291343	-593.532181916827	688.052891204535	213	35	8	26	230	208	239	26	1	38	6489	738	416	37	3317	0	0	0	0
8	2	3	80	16	up	0	512	279.425131604399	825.036984250273	314.026815521349	411.096378390031	403.841242909076	1789.32231420683	435.621883475261	912.18785672227	190.016323971344	119.46350342164	-593.550800990859	688.096354870667	262	64	2	5	179	245	204	11	8	44	7102	667	387	36	3279	0	0	0	0
8	2	3	80	16	up	1	512	330.053808711275	1312.74823716481	347.004549722983	503.992923551831	539.692535815633	3215.86003001637	518.625293574642	1338.40691031759	191.955279349313	135.859846906129	-593.52305497714	688.032333278841	244	75	3	9	181	230	205	24	8	45	6833	868	442	49	3071	0	0	0	0
8	2	3	80	16	up	2	512	317.539100283771	1161.87273568634	346.806626719899	527.087842120336	480.247007655948	2657.99997168101	465.901546974638	1018.35040781916	195.39548742271	124.432188070284	-593.633716921619	688.288903451273	256	59	2	8	187	231	211	21	3	46	7045	720	393	34	3255	0	0	0	0
8	2	3	80	16	up	3	512	328.141169595332	1173.70247411531	351.644872553218	557.248886811831	360.952699089077	1171.8482588731	417.574882973433	761.719922646079	192.165014485554	122.92596277188	-593.594446819331	688.19773507103	249	54	2	8	199	229	229	6	6	42	7028	716	416	32	3034	0	0	0	0
8	2	3	81	17	up	0	512	346.607983991269	1312.62949677945	391.416249507927	729.514507298491	741.572949016875	4893.27310570943	741.043762547248	2376.68235690225	206.808192551212	131.818540244371	-593.539686889389	688.070794568784	248	54	5	8	197	174	238	36	15	49	7407	789	470	38	3017	0	0	0	0
8	2	3	81	17	up	1	512	499.315891363446	2797.84487006318	476.300702965203	1112.87824554036	819.835328229368	5550.18773421249	781.61181551524	2499.18948590164	197.430541577066	124.167233813259	-593.600887001555	688.212668088318	235	40	6	21	210	166	253	41	17	35	7520	729	419	36	3083	0	0	0	0
8	2	3	81	17	up	2	512	475.801479496264	2809.66873708001	438.290684277305	1007.24469639695	765.665631459995	5115.68324569641	737.334199879049	2263.66692186784	192.448372123887	127.717296590724	-593.462331077965	687.891371563064	240	57	2	23	190	172	257	40	10	33	7399	807	451	47	3179	0	0	0	0
8	2	3	81	17	up	3	512	434.59453181345	2175.35263411321	441.890002838575	896.424626048059	774.007834058433	5242.09663289837	742.954197341689	2265.82033771474	206.63490362487	137.860200780358	-593.549582129439	688.093622221096	235	44	2	17	214	167	258	42	8	37	7378	800	476	50	3110	0	0	0	0
8	2	3	82	18	up	0	512	480.52283904626	2580.55010997062	482.182294358388	1105.12133242763	531.276127950634	3087.85703767232	535.438763904095	1280.03963438092	212.341533091011	138.20536060713	-593.402527277763	687.752717892188	232	43	6	19	212	218	218	24	5	47	7887	824	463	42	3113	0	0	0	0
8	2	3	82	18	up	1	512	448.162159271262	2289.66873708001	449.803690951337	973.362088718762	565.923282234069	3264.96033491457	593.530626127387	1620.98291742149	209.074103718623	141.646347483593	-593.495492757504	687.968657208825	240	46	7	16	203	209	223	23	11	46	7842	859	467	48	3011	0	0	0	0
8	2	3	82	18	up	2	512	558.209756742507	3255.34633791621	520.258684837818	1280.50962454333	576.222912360003	3294.71096972462	560.148827370936	1317.22595766367	230.138556070392	147.144863291476	-593.375928067479	687.691166930274	208	44	6	25	229	196	253	26	4	33	7940	770	468	38	3041	0	0	0	0
8	2	3	82	18	up	3	512	496.477754074385	2675.8236687839	484.182817967228	1109.18860792748	517.483075633448	2639.93921859227	542.313632470389	1268.3475034512	207.365198401997	139.51716313209	-593.756594177298	688.573851611693	214	45	3	21	229	183	256	20	4	49	7934	791	456	35	3044	0	0	0	0
8	2	3	83	19	up	0	512	485.90229255814	2585.7113661905	475.212682866041	1148.47562380409	705.291796067501	4480.90841726303	644.582653351385	1951.59056174543	215.441885826483	141.146643502796	-593.287670991456	687.487270997052	210	60	6	19	217	184	233	31	18	46	8182	986	502	58	3036	0	0	0	0
8	2	3	83	19	up	1	512	472.735108288137	2492.62921358954	487.990642771645	1138.71064426929	597.406061307195	3594.01504667723	571.814444665851	1527.43119740208	216.571705153509	143.445909563367	-593.634051317552	688.289399250596	222	49	4	19	218	199	223	26	11	53	8368	885	438	37	2933	0	0	0	0
8	2	3	83	19	up	2	512	437.331856040635	2100.81457847578	458.522640652028	1043.22271844352	593.132742416254	3569.52859718244	576.471399261876	1519.46143050921	232.834762866467	159.543105483711	-593.4906707092	687.956746832992	238	36	5	15	218	208	230	27	8	39	8274	886	518	50	3039	0	0	0	0
8	2	3	83	19	up	3	512	453.087954004702	2450.52591634728	472.868123614978	1106.22850735459	486.350333217194	2390.82968179099	515.312646139432	1217.52192054794	237.598867123231	163.691593341164	-593.693731523158	688.427997375198	231	53	1	20	207	215	242	17	6	32	8405	760	521	42	2914	0	0	0	0
8	2	3	84	20	up	0	512	514.867554144069	2795.93904867832	505.901944418514	1174.00866452186	568.384775070943	3403.31282743284	529.939172817065	1269.00682025201	251.356834918292	174.23406980414	-593.570043130903	688.140941947171	225	35	8	20	224	207	236	28	2	39	8845	796	546	53	2949	0	0	0	0
8	2	3	84	20	up	1	512	519.74294234657	2977.14880542083	492.31394364058	1188.32277007682	481.175314888758	2384.94523159936	515.49910247012	1195.69813612943	237.301881818852	165.782235588656	-593.678986800501	688.393831639149	225	42	5	23	217	216	236	17	6	37	8788	862	538	52	2831	0	0	0	0
8	2	3	84	20	up	2	512	473.838433849383	2415.35249251826	482.305209420185	1032.26764682042	533.862232585005	2934.19434191839	535.993626303335	1330.07813565861	232.697077942608	158.307902795276	-593.715515228981	688.479393033298	222	34	2	19	235	212	237	22	6	35	8856	842	491	51	2884	0	0	0	0
8	2	3	84	20	up	3	512	498.085144945009	2815.56829058685	495.940704745525	1201.25604885425	548.334368540005	3029.13658117371	556.632489108023	1400.0278518549	240.631554533371	163.562124734391	-593.441642860598	687.843707047498	232	42	4	22	212	208	238	22	8	36	8769	904	513	54	2917	0	0	0	0
8	2	3	85	21	up	0	512	492.583888695324	2593.50457347305	504.056013819986	1154.22495310166	519.238877037193	2938.66848220909	507.098857432832	1264.15472087921	242.274113666442	166.518431470982	-593.629938614627	688.279805156629	213	49	6	19	225	239	210	21	9	33	9350	864	504	34	2870	0	0	0	0
8	2	3	85	21	up	1	512	419.066667768449	1844.48944183885	442.403347988824	865.833614805024	591.397930688439	3666.21847890374	568.848530415036	1488.90160741323	264.620181227514	192.377513938868	-593.549077110609	688.092282090823	227	40	4	13	228	227	217	28	8	32	9227	882	600	43	2853	0	0	0	0
8	2	3	85	21	up	2	512	469.318700423138	2429.99096632986	470.183547036754	999.502652394266	610.695048315003	3648.741346269	592.500318184863	1677.78322154022	257.050635347356	182.515319625707	-593.627978665516	688.275670087663	218	53	5	18	218	204	231	26	12	39	9216	869	616	51	2787	0	0	0	0
8	2	3	85	21	up	3	512	487.408870366888	2391.08520158299	506.583947824229	1146.75670406399	569.891352879691	3405.22158452376	550.960953485315	1322.82977706827	259.880793428387	180.690860044982	-593.666404238701	688.364845261233	194	53	6	17	242	211	238	28	2	33	9335	854	513	50	2828	0	0	0	0
8	2	3	86	22	up	0	512	517.305248245319	2935.08494671207	498.481035726234	1136.35710585419	547.83311229032	3028.24304067396	550.791687318078	1382.52689376815	261.411560249467	185.421793689125	-593.51347444953	688.009807819217	225	38	4	23	222	201	237	22	8	44	9784	893	535	52	2805	0	0	0	0
8	2	3	86	22	up	1	512	460.647450843758	2264.34035322811	462.670177417469	959.695742265074	598.206947682814	3692.83549656515	570.709352558411	1500.36466697865	263.355919000418	186.177190733317	-593.50509056399	687.989846412659	232	33	6	16	225	217	228	29	6	32	9784	915	528	37	2901	0	0	0	0
8	2	3	86	22	up	2	512	599.490909691881	3694.71712432667	561.060183043398	1556.94534159105	549.315891363446	3128.02724260536	536.508198698681	1404.00288302597	255.421934024769	178.496498243903	-593.733126981088	688.519964447851	210	50	11	27	214	207	227	23	8	47	9782	904	539	39	2784	1	0	0	2
8	2	3	86	22	up	3	512	547.180636447821	3106.40113463584	564.066886091922	1525.9149672044	544.238877037193	3043.85085475128	514.816334526748	1127.0506866726	268.54690058354	182.70787801039	-593.469098305932	687.907443470553	209	50	10	22	221	211	237	23	6	35	9708	899	605	52	2892	0	0	0	0
8	2	3	87	23	up	0	512	570.872875703132	3269.21867713668	589.978089685315	1521.16114515341	552.658093961884	3171.08198268701	534.707642486818	1380.6742253374	285.609333020369	212.199630098386	-593.71489032773	688.477388122971	194	44	6	25	243	206	223	23	9	51	10235	923	579	39	2720	0	0	0	0
8	2	3	87	23	up	1	512	591.92579473344	3331.20029828751	605.882624917436	1470.0505096628	571.199113624381	3230.13963015574	568.091113515521	1439.77913544326	259.886891627961	182.569829784961	-593.693468531429	688.427275208604	179	30	2	27	274	190	251	25	5	41	10182	990	568	36	2656	0	0	0	0
8	2	3	87	23	up	2	512	592.604878371253	3509.10609135337	596.711099556078	1524.41651232175	427.910126616573	2050.88450682961	463.791278253829	1008.22482891954	271.875967593092	199.024039028239	-593.578002977633	688.158868275812	196	36	4	28	248	241	215	15	4	37	10179	958	580	59	2760	0	0	0	0
8	2	3	87	23	up	3	512	687.477457514063	4419.62873216669	649.100465327582	1795.66062936067	586.299926686256	3561.69888707245	565.659250857739	1523.55423725672	286.296871853803	208.532340408102	-593.898299267698	688.902665548291	181	39	7	35	250	208	222	27	8	47	10182	945	599	50	2586	0	0	0	0
8	2	3	88	24	up	0	512	407.939543471581	2087.81788232873	390.979465527358	844.784796945895	455.52283904626	2434.63824725968	431.741369684782	880.594329393154	286.059398093099	213.226403485886	-593.547560277768	688.089329788114	253	64	8	14	173	244	207	19	3	39	10611	968	654	55	2715	0	0	0	0
8	2	3	88	24	up	1	512	303.268590452523	1204.79069636135	327.55719493894	481.420138484371	480.095788063135	2678.32821393796	451.992999677763	1008.7438475754	295.747064655446	221.970354599894	-593.719992477871	688.489305360358	272	63	1	9	167	242	200	20	6	44	10597	1019	627	45	2585	0	0	0	0
8	2	3	88	24	up	2	512	356.157134272521	1577.9183005029	360.064847370225	643.883342023446	420.653068963143	2198.78442848333	419.170271293528	863.333845130232	292.491541313837	225.768223503786	-593.478647096341	687.929476885281	252	65	4	11	180	238	190	17	3	64	10564	1028	643	53	2615	0	0	0	0
8	2	3	88	24	up	3	512	384.196897685333	1981.34072137499	379.98402305805	718.658788009144	408.844051968768	2244.6141952313	380.866118720068	703.921315490242	304.598717360021	234.638558265262	-593.840350176605	688.768589577454	253	66	1	16	176	256	173	18	2	63	10627	978	624	59	2691	0	0	0	0
8	2	3	89	25	up	0	512	457.684701757199	2457.06992835383	438.099069891424	925.231499051711	741.042275912182	4795.26381716837	748.780114352395	2281.19637497339	307.971479965049	231.034110234615	-593.71156765951	688.469019468145	243	47	6	18	198	183	250	35	15	29	11036	1032	668	64	2556	0	0	0	0
8	2	3	89	25	up	1	512	418.716631111578	2098.89071806964	440.958880795514	897.054624705387	747.47464845437	5016.75314573126	726.227880155679	2193.19934934574	310.127656367284	234.7969462675	-593.47453209962	687.920255859331	241	52	3	16	200	182	252	40	8	30	10993	1097	653	57	2761	2	0	0	4
8	2	3	89	25	up	2	512	506.151516153136	3001.43763746327	462.428862943926	1095.96423416478	757.652475842499	5008.14233930988	745.853368796322	2250.14142051024	299.610617663042	225.575623107891	-593.549790325844	688.094101615692	238	51	6	23	194	160	259	39	10	44	11038	1065	639	58	2648	0	0	0	0
8	2	3	89	25	up	3	512	438.188767066577	2159.74482003589	455.69906080461	945.651366080857	784.609903369994	5138.85042996642	738.009833162359	2392.72709864973	305.411825517048	235.738430938067	-593.415523174875	687.784079555185	225	53	4	16	214	172	249	36	20	35	10972	1078	694	56	2640	0	0	0	0
8	2	3	90	26	up	0	512	447.936734411888	2190.96058978549	458.217417911066	1018.47728559472	610.419216924691	3705.82646289501	591.970328419468	1575.65811935869	324.664208991486	261.716863275173	-593.637269420884	688.296911806104	226	50	7	15	214	195	241	29	6	41	11545	1077	633	57	2460	0	0	0	0
8	2	3	90	26	up	1	512	461.780193260012	2501.07904698094	467.010023233169	1095.09829076811	525.949890029385	2944.12455515952	527.56193977096	1274.41507382407	303.362730915681	227.933971261915	-593.743188335719	688.543347862433	244	48	7	18	195	206	231	23	4	48	11539	1049	669	55	2423	1	0	0	2
8	2	3	90	26	up	2	512	527.43266910251	3043.90875709092	502.339023102914	1105.54486002368	597.607687430946	3594.0637171138	568.058792080937	1543.71011732417	319.226299334443	248.641926234668	-593.549171056394	688.092672527892	212	51	4	24	221	195	223	26	11	57	11529	1061	668	54	2666	0	0	0	0
8	2	3	90	26	up	3	512	487.082632445639	2744.14595467173	465.638348857996	1146.39810502482	651.973392204685	3792.89619301591	645.466774514484	1778.03763148801	321.448471327932	251.719228449861	-593.470822702719	687.91122647772	226	57	5	21	203	183	266	27	12	24	11457	1090	697	68	2609	0	0	0	0
8	2	3	91	27	up	0	512	525.193792065318	3140.4769627208	492.126483930565	1188.42810742137	541.703178933759	3138.80232590966	533.354200727008	1325.13534852199	331.612844267391	267.43899936524	-593.661690098379	688.354174549523	241	34	4	25	208	212	222	24	6	48	12066	1025	678	55	2443	0	0	0	0
8	2	3	91	27	up	1	512	525.9764978247	3024.01826557321	495.456290080632	1173.56338788639	458.310569804383	2066.49539820796	514.206946137652	1198.2376534382	320.235979643819	251.589758753916	-593.619522806385	688.255140277334	219	60	11	21	201	226	231	12	11	32	11888	1183	700	53	2493	0	0	0	0
8	2	3	91	27	up	2	512	547.406061307195	3164.37979176161	532.917303650707	1317.52579741929	563.610199930317	3086.68671946331	562.320386378086	1483.99818202222	329.149894300744	261.745485402668	-593.683528725655	688.404626845111	207	44	4	25	232	209	233	20	14	36	11919	1145	707	53	2539	0	0	0	0
8	2	3	91	27	up	3	512	546.45114627907	3045.9299583702	540.498816789926	1357.70105808635	560.947080969692	3318.61981177252	541.789550798126	1423.78726817651	320.147428944122	253.416338482623	-593.649677579433	688.325787923232	201	43	6	23	239	227	214	24	10	37	11933	1144	682	65	2335	0	0	0	0
8	2	3	92	28	up	0	512	470.949890029385	2530.58353549702	466.99437083199	1029.13611560608	498.515004987826	2658.29493000651	519.980840864611	1215.96985090983	331.066338148715	264.903618663365	-593.560062450271	688.118183682965	238	41	5	19	209	201	227	20	5	59	12427	1140	701	68	2478	0	0	0	0
8	2	3	92	28	up	1	512	529.467110956259	2968.42849051717	494.479261852234	1173.03121843944	518.509386868441	2781.11526661846	523.993479306185	1315.72230375028	336.07646608332	269.995051997638	-593.69627303607	688.433694246443	212	47	7	22	224	231	225	19	10	27	12427	1174	684	51	2422	0	0	0	0
8	2	3	92	28	up	2	512	572.681892697507	3370.6533222559	541.284426475437	1390.7723937286	521.854398526572	2999.56831890584	511.379098693868	1290.2104153134	336.600303003699	269.862972811546	-593.667051607345	688.366985482127	212	46	11	24	219	225	208	22	8	49	12385	1173	718	60	2239	0	0	0	0
8	2	3	92	28	up	3	512	570.570436517505	3406.95720097557	550.969971928983	1522.2262385892	496.703178933759	2695.44367878935	499.649580617521	1094.48724808187	359.682850698364	306.467766310465	-593.452867053036	687.869662146961	216	39	7	26	224	216	233	22	1	40	12500	1018	763	55	2433	0	0	0	0
8	2	3	93	29	up	0	512	467.183445507514	2329.27672107128	464.518314057149	954.674766312255	610.445824720007	3921.16085975401	549.208126077428	1398.12353030277	353.802133676911	296.438125062318	-593.66663731223	688.365051323998	208	55	5	17	227	204	221	32	4	51	12988	1086	729	45	2292	1	0	0	2
8	2	3	93	29	up	1	512	516.602365871883	2816.69595136638	524.678053912048	1314.14905943044	476.427347543447	2457.45285405445	486.676176375647	1063.9600920988	350.019197444319	293.762320332528	-593.501801567893	687.982858858878	214	42	6	21	229	219	230	19	3	41	12806	1186	801	55	2274	0	0	0	0
8	2	3	93	29	up	2	512	505.297414186886	2765.56535488078	515.443493638927	1278.11486251394	553.034738414071	3211.10324060427	545.727232759517	1426.55817324407	354.180482484075	297.198209674559	-593.512570495753	688.008755303264	222	52	10	19	209	213	216	23	10	50	12759	1240	788	61	2437	0	0	0	0
8	2	3	93	29	up	3	512	481.803991995634	2425.02732756234	500.88274565119	1164.46920917836	444.016261237512	1852.5776074469	497.161291986379	1036.16219716693	362.877667731848	311.507534854655	-593.632972301632	688.287586420545	218	41	7	17	229	200	252	12	6	42	12918	1149	735	46	2344	0	0	0	0
8	2	3	94	30	up	0	512	641.774575140626	4153.86889377256	574.038549415198	1679.92172966103	535.772062641256	2915.83569479809	521.825261000182	1118.25055044951	350.835626459285	290.980480980751	-593.695883333382	688.433341431616	214	38	9	32	219	200	250	23	3	36	13381	1194	720	65	2164	0	0	0	0
8	2	3	94	30	up	1	512	503.337177599698	2801.90573642788	513.751203902887	1204.69202917701	495.923282234069	2382.0728640599	538.26365718734	1300.34291270484	370.191331162726	318.263123172711	-593.515994691791	688.016471924173	223	48	6	21	214	205	249	16	8	34	13320	1232	741	67	2346	0	0	0	0
8	2	3	94	30	up	2	512	514.968367205944	2854.68677610129	524.989892994743	1335.21830602155	506.199113624381	2512.06978675888	541.327717673387	1372.78617411963	362.845764077298	305.873192015194	-593.64869598363	688.323668259722	227	37	7	21	220	214	238	16	11	33	13358	1153	784	65	2327	0	0	0	0
8	2	3	94	30	up	3	512	573.886031320628	3410.84772081227	546.378227525654	1381.8532174918	501.427347543447	2585.37081472945	499.765300658516	1246.99389731142	355.619043800703	295.263497347187	-593.543994222023	688.081373410248	218	33	7	26	228	219	217	16	13	47	13285	1229	785	61	2272	0	0	0	0
8	2	3	95	31	up	0	512	580.21759080094	3103.80218431471	634.33057112893	1669.97186167235	432.607687430946	1937.63522659663	458.0181656073	852.397577725063	374.656622712734	328.437155254554	-593.602581517679	688.217152270627	183	32	9	22	266	223	243	15	1	30	13695	1322	785	70	2257	0	0	0	0
8	2	3	95	31	up	1	512	540.748263905634	2706.37078641046	607.625757841905	1520.41570859587	454.443312220636	2276.22799399673	472.404840610991	982.19808258915	361.118846207577	303.557518442944	-593.687388893188	688.413395908642	178	46	10	18	260	226	221	17	4	44	13762	1273	776	61	2294	0	0	0	0
8	2	3	95	31	up	2	512	725.69223925531	4736.12407373667	693.135969520876	1957.24249354061	402.910126616573	1846.24925191399	444.595179234713	874.037067219589	392.246327017733	360.716815822943	-593.724296088113	688.499081811522	165	35	4	39	269	249	214	14	2	33	13773	1171	862	66	2286	0	0	0	0
8	2	3	95	31	up	3	512	605.99748750063	3445.63807734573	626.165746991323	1588.61651578063	547.130229916884	3124.38286906263	532.701035508782	1275.18177606883	370.770813287806	319.762221953338	-593.702217047327	688.446874930977	174	42	7	26	263	198	239	25	3	47	13728	1281	783	80	2297	0	0	0	0
8	2	3	96	32	up	0	512	324.650556463773	1150.20411188229	347.428398558976	532.16656321518	314.623948668458	962.316499432667	354.983530280155	511.943590036361	375.647166215972	325.632527518051	-593.71808442936	688.485360892156	244	66	4	7	191	243	207	6	2	54	14218	1295	806	65	2081	0	0	0	0
8	2	3	96	32	up	1	512	390.374428513139	1733.753938663	384.014198441499	671.491021792473	398.241982657208	2056.61428018827	387.152270587047	841.972455707029	392.144754356957	351.927654555165	-593.623060842214	688.263882827879	242	44	2	13	211	251	173	15	5	68	14192	1274	852	66	2064	0	0	0	0
8	2	3	96	32	up	2	512	349.674355199396	1315.68731416212	374.976705980463	681.055344504773	458.061346209386	2418.00304898203	426.765008058579	877.645616453538	379.933290497026	338.817512444684	-593.463465173911	687.894509949979	238	61	5	8	200	238	206	18	5	45	14221	1304	791	68	2319	0	0	0	0
8	2	3	96	32	up	3	512	324.422322544707	1131.35596628516	348.493934505766	550.757842053639	385.828087291579	1847.03972172341	392.135881631815	752.365608985025	392.047303147822	351.695025558039	-593.640050266473	688.303491406458	259	53	6	6	188	257	183	13	5	54	14125	1303	880	76	2138	0	0	0	0
8	2	3	97	33	up	0	512	471.703178933759	2610.62605133154	475.033888135506	1173.10012536278	693.580783075309	4231.54657956574	680.982682062979	1875.28866172261	387.545160929693	343.788353749039	-593.483846403222	687.941290847339	252	39	7	19	195	177	266	31	12	26	14603	1345	870	78	2036	0	0	0	0
8	2	3	97	33	up	1	512	549.843755408446	3265.16704267505	522.612278009665	1248.03873642896	667.175018328436	4162.83843227122	658.972594363273	1923.6932300796	388.331250257077	345.654451970664	-593.658707388803	688.346166780896	211	48	4	26	223	195	244	31	11	31	14623	1386	821	66	2096	0	0	0	0
8	2	3	97	33	up	2	512	488.790836378138	2432.12167609143	502.94373438311	1161.73437395849	673.583592135001	4326.39777414491	649.254469658393	1831.0164691944	391.515611136898	349.05027418708	-593.597814021744	688.205806163698	198	54	7	17	236	192	235	33	10	42	14557	1401	864	74	2111	0	0	0	0
8	2	3	97	33	up	3	512	581.172505829066	3360.06354719986	556.047215244795	1444.86015370823	733.055728090001	4941.41595476115	708.566727782363	2074.53412958538	399.193925197488	366.47660267901	-593.59304722734	688.194030947204	205	34	8	25	240	176	239	39	9	49	14601	1341	880	74	1949	0	0	0	0
8	2	3	98	34	up	0	512	477.509683428763	2538.37394866846	495.46950252174	1225.30343456302	599.642129284695	3577.30684274473	566.480732367025	1521.42530399314	412.834205692461	385.924524730249	-593.17395715282	687.222878970291	228	56	10	17	201	199	222	25	13	53	14999	1438	887	84	2115	0	0	0	0
8	2	3	98	34	up	1	512	505.347820717824	2745.21277740555	506.241614896148	1238.9747678533	580.520029986567	3476.58028828205	571.961288664071	1511.79199957951	428.382591652489	414.788276327446	-593.516672980189	688.018001615077	213	52	7	20	220	209	231	27	6	39	14992	1372	971	73	2016	0	0	0	0
8	2	3	98	34	up	2	512	557.382262571572	3214.44370710835	542.005330343935	1344.1779061798	511.074501826883	2752.00293570607	526.911796298927	1247.45805017886	415.031995175129	384.606616911551	-593.69146026267	688.423106536887	193	54	5	25	235	218	227	20	7	40	14995	1447	885	81	1955	0	0	0	0
8	2	3	98	34	up	3	512	556.851589466879	3098.44051653136	552.868416921685	1503.61772901236	489.467110956259	2590.43458848124	525.056687989245	1254.65035963051	427.851505346533	408.238470354616	-593.656363479613	688.341684436091	214	36	12	21	229	224	222	19	6	41	15087	1386	869	66	1887	0	0	0	0
8	2	3	99	35	up	0	512	440.952699089077	1927.83606294497	485.148415117366	1074.88237708591	600.647450843758	3813.21562815465	584.297710980793	1714.75280076603	426.304202782434	402.507250652562	-593.766709889099	688.597393332215	205	54	8	12	233	212	207	29	9	55	15545	1420	877	78	1913	0	0	0	0
8	2	3	99	35	up	1	512	506.703178933759	2923.2552082831	486.733403647719	1116.89156520913	516.551959340945	2737.59564646818	529.894631025205	1253.39123424674	431.427852987039	412.858554951076	-593.495304028063	687.967692936879	232	43	4	23	210	203	244	21	4	40	15545	1354	959	62	1934	0	0	0	0
8	2	3	99	35	up	2	512	549.063858708757	3069.24301235497	544.985353742886	1312.72880940149	511.427347543447	2907.89354049975	496.669342019394	1162.09658436303	440.595100931314	430.532145513978	-593.581013353348	688.166114725419	208	42	9	22	231	215	226	24	1	46	15542	1395	923	60	1982	0	0	0	0
8	2	3	99	35	up	3	512	560.119586798757	3198.62904367559	552.837389770572	1451.06171795315	483.437990661573	2504.4832872368	496.752756913559	1161.30853435284	427.880782969737	402.079772483845	-593.58626286285	688.179726431494	200	46	7	24	235	213	230	19	4	46	15504	1438	918	60	2022	0	0	0	0
8	2	3	100	36	up	0	512	593.334368540005	3648.66540490807	536.304210436883	1458.65965490558	566.575758076568	3362.97241756675	530.364028469022	1337.26416766259	442.480757055034	435.561315140391	-593.546033974818	688.085620560749	216	44	10	27	215	213	227	26	6	40	15983	1443	928	78	1915	0	0	0	0
8	2	3	100	36	up	1	512	570.59704431282	3446.12142122051	512.584588054287	1255.99272564988	558.660606461254	3373.67449521619	539.627539182377	1367.77570934044	432.571862106633	421.953264410465	-593.574343361408	688.150866747993	213	49	8	26	216	224	222	27	4	35	15963	1490	905	74	1910	0	0	0	0
8	2	3	100	36	up	2	512	514.567924018134	2853.81757081983	524.761757502145	1317.59280085872	457.809313554697	2280.13068144257	489.930783314493	1026.54534299171	425.713764565834	404.255066888102	-593.576636382662	688.156367159369	218	47	7	21	219	227	225	17	4	39	15987	1463	905	77	1918	0	0	0	0
8	2	3	100	36	up	3	512	518.862232585005	2878.28247920746	495.661861423231	1084.68584382356	567.355654776257	3168.19744753841	574.06061798143	1610.82127935007	429.044851901765	418.966520732336	-593.422482253748	687.800007535927	224	33	5	22	228	196	236	22	11	47	16047	1449	853	83	1956	0	0	0	0
8	2	3	101	37	up	0	512	548.963045646881	3048.8539320523	542.088963282802	1290.6161931016	596.021286236252	3691.56196607086	552.920543375291	1523.64666783329	444.771894905414	446.542490378307	-593.59874659636	688.207804246924	202	39	6	23	242	228	211	27	11	35	16424	1534	926	60	1842	1	0	0	2
8	2	3	101	37	up	1	512	564.766741082193	3263.90861549597	564.328530903793	1489.22508020875	472.506874369071	2415.05767578772	487.945827884951	1167.62594096193	448.255543461621	443.495708775184	-593.659954359632	688.349810903052	215	41	11	23	222	233	219	17	7	36	16436	1511	914	83	1855	0	0	0	0
8	2	3	101	37	up	2	512	545.469623455629	3105.21557151667	531.48828343047	1309.51082236934	506.124908357821	2765.7384955199	505.782024233769	1187.04879923848	441.837546455004	435.357134158611	-593.363747219435	687.662664679442	226	34	10	22	220	221	225	21	5	40	16399	1514	969	62	1930	0	0	0	0
8	2	3	101	37	up	3	512	575.99748750063	3530.34927362228	537.100005635775	1385.30300777703	418.111752740324	1784.76300065213	473.558008319057	962.506262327517	454.311596668756	446.687722278311	-593.479519191892	687.931218689565	218	39	5	28	222	225	231	12	5	39	16442	1422	1000	80	1737	0	0	0	0
8	2	3	102	38	up	0	512	533.636807725632	3111.10925361137	519.058532804752	1343.3840846002	477.658093961884	2419.36468844639	506.719873375953	1136.47939859321	466.532927622868	478.980644086326	-593.544573935293	688.082020428252	230	41	8	23	210	214	239	19	2	38	16789	1551	1058	58	1842	0	0	0	0
8	2	3	102	38	up	1	512	610.167184270003	3843.57715434304	568.551499777372	1506.15066868071	502.382262571573	2545.64437354273	525.423440868155	1218.42469931026	467.511266404216	477.899553606921	-593.676633558451	688.388126255497	216	37	7	30	222	201	240	18	7	46	16856	1499	1006	95	1739	0	0	0	0
8	2	3	102	38	up	2	512	580.721656110318	3417.90556651394	591.745399099379	1600.97335342346	461.077310886575	2244.87852214151	476.831091402592	1121.75112201824	465.910303706091	469.512031361875	-593.269971135874	687.44616824575	201	43	7	26	235	217	221	15	8	51	16829	1526	1034	67	1847	0	0	0	0
8	2	3	102	38	up	3	512	561.602365871883	3415.86003001637	534.648916672452	1318.61364165008	478.437990661573	2342.03650282743	499.273507057309	1173.44421314468	458.217588318715	460.13473483667	-593.453079752655	687.869927653707	214	49	5	27	217	205	240	17	5	45	16916	1526	924	90	1750	0	0	0	0
8	2	3	103	39	up	0	512	610.695048315003	3549.28846389556	646.238819442808	1788.55315571688	521.05070309126	2802.06685105281	513.268876160643	1280.30009168156	474.143049487308	491.326716915241	-593.835226070497	688.756328592423	184	37	7	27	257	204	230	20	8	50	17424	1483	988	73	1626	0	0	0	0
8	2	3	103	39	up	1	512	665.843458848124	3966.00869384225	681.023594856275	1991.29872337642	531.578567136261	3087.93004332718	508.681726335387	1290.69038695065	462.935229925843	473.908148312426	-593.451312783031	687.865871847517	186	32	16	27	251	212	218	24	5	53	17051	1709	1128	80	1654	0	0	0	0
8	2	3	103	39	up	2	512	700.668440519688	4455.56493009592	688.738795533225	2154.08348158583	419.695344875325	1943.29493000651	458.758394275595	988.845951664841	461.373876627257	465.073137029116	-593.618111619263	688.252247630892	183	43	15	32	239	233	217	14	4	44	17105	1738	1048	77	1600	0	0	0	0
8	2	3	103	39	up	3	512	664.663118960625	3943.01479180631	663.465869969476	1817.01477632543	494.793348877508	2616.72028658467	499.303011013763	1250.12199492022	459.894098365676	465.436911220022	-593.695704242828	688.431948911705	166	33	8	30	275	228	217	18	9	40	17282	1581	1023	82	1575	0	0	0	0
8	2	3	104	40	up	0	512	447.536291224079	2680.24326722588	400.73345600183	834.181081058381	313.746047966586	1158.66611288284	355.900661038684	675.530493773554	486.727265857419	517.648109535534	-593.614979641834	688.245284517712	257	61	2	22	170	265	168	6	7	66	17795	1517	1083	85	1634	0	0	0	0
8	2	3	104	40	up	1	512	378.316187923768	1661.30421854756	373.256797842502	619.815053664058	424.721952670641	2262.35271907019	405.395282271174	827.987884573333	474.993605694681	488.482413009164	-593.508931190378	687.999383899613	240	56	3	12	201	246	191	18	2	55	17809	1640	950	81	1736	0	0	0	0
8	2	3	104	40	up	2	512	359.096084623457	1444.70552309735	364.141995558636	572.112318004365	386.003105620015	1749.20077971035	393.951338671626	797.273797398848	477.037753282477	495.694519147103	-593.686076001601	688.410270077942	247	61	8	8	188	252	195	12	5	48	17791	1593	1022	74	1596	0	0	0	0
8	2	3	104	40	up	3	512	448.817444173453	2486.3618376973	395.083792039974	803.918557987486	408.33998665939	1989.23420523676	405.998424808017	748.450913702599	470.036328977656	483.866663962344	-593.716812554984	688.481837978932	247	60	7	18	180	242	200	15	3	52	17772	1644	985	79	1676	1	0	0	2
8	2	3	105	41	up	0	512	487.75890702376	2412.30698433969	517.916800399216	1271.36830838368	580.342202598438	3182.12125130657	613.388043619226	1580.08643486995	509.436498915383	557.224779149369	-593.593458131611	688.195338253722	212	43	9	16	232	191	266	24	6	25	18247	1573	1086	86	1579	0	0	0	0
8	2	3	105	41	up	1	512	370.350629777517	1554.54734417849	419.759676580475	838.314650743509	760.742645786248	4856.97216269583	747.798479154576	2385.64625135912	493.916326549448	536.635447101672	-593.37311524263	687.684326188484	244	50	3	11	204	164	249	33	21	45	18108	1697	1106	81	1644	0	0	0	0
8	2	3	105	41	up	2	512	467.936734411888	2350.59584470112	483.873935572328	1098.46265027427	663.883222260935	4040.70772250966	677.369835811548	1947.98669162536	496.477493063228	530.94735115737	-593.750164635505	688.558904859737	218	53	8	16	217	183	263	31	8	27	18299	1528	1073	92	1534	0	0	0	0
8	2	3	105	41	up	3	512	490.071989327512	2570.21585470657	489.391484233379	1050.78477774384	721.445528159684	4556.63776583683	719.861307498773	2224.75301121332	513.30582449848	566.441300663391	-593.506169063369	687.993367508737	204	52	3	20	233	171	262	34	12	33	18253	1545	1105	89	1652	0	0	0	0
8	2	3	106	42	up	0	512	446.026904355638	2227.31313894173	469.853390949783	1059.37037199264	568.559793399379	3267.11523829947	556.260992820511	1391.20783326756	520.502723635569	577.010288857015	-593.646249075386	688.317702712018	226	47	3	17	219	206	241	25	6	34	18614	1612	1185	93	1484	0	0	0	0
8	2	3	106	42	up	1	512	469.241686096885	2469.90271576484	469.308701014111	997.208696797618	583.260163273445	3304.1883289113	582.64678995114	1596.31874781317	491.690051714536	527.665821276513	-593.668280624184	688.369124504096	234	43	6	18	211	195	231	22	14	50	18650	1705	1043	106	1478	0	0	0	0
8	2	3	106	42	up	2	512	573.663415520947	3331.73245419381	548.288944793603	1468.70954223091	550.018773736882	3128.96945354168	530.549057701539	1349.13142710091	502.126693500737	541.920802028204	-593.659019823662	688.347470487823	195	56	10	24	227	210	228	23	8	43	18749	1667	1000	88	1513	0	0	0	0
8	2	3	106	42	up	3	512	448.437990661573	2230.21277740555	463.49828619718	959.825439449101	496.928603793132	2794.15182608387	517.407002156706	1242.75996488538	510.700611796923	555.830072272178	-593.547425615688	688.088584311398	229	41	3	17	222	230	222	23	1	36	18732	1618	1077	77	1523	0	0	0	0
8	2	3	107	43	up	0	512	551.074501826883	3247.44362215137	531.228170679761	1346.68905105605	466.602365871883	2231.25526492108	506.595179501174	1128.38241979442	527.661251716013	596.787378290496	-593.605821155041	688.224551719956	214	46	6	25	221	218	239	16	5	34	19051	1716	1173	76	1442	0	0	0	0
8	2	3	107	43	up	1	512	462.684701757199	2422.98179106477	472.585757168521	1020.41090533088	588.283962009067	3603.65323729893	553.510322392985	1478.12872136762	515.646202340132	565.102485927311	-593.651468461267	688.330424418985	231	47	5	18	211	217	217	27	9	42	19022	1787	1115	92	1343	2	0	0	4
8	2	3	107	43	up	2	512	458.790836378138	2261.57455846486	466.363938557357	988.03044330231	541.074501826883	3098.72022994669	526.719364323556	1297.2622735331	529.428253954902	601.435509884109	-593.445373586114	687.852368202089	218	50	6	16	222	210	229	24	5	44	18929	1781	1220	86	1519	0	0	0	0
8	2	3	107	43	up	3	512	463.992462501889	2424.07001331081	496.736315896255	1122.50269881808	470.095788063135	2333.06990003484	488.326959497928	1113.52197720203	514.562671348958	565.059822432433	-593.557778619532	688.113143324174	222	55	5	18	212	218	231	17	5	41	19036	1754	1132	94	1455	0	0	0	0
8	2	3	108	44	up	0	512	385.525648105952	1433.53212758731	439.857853305165	765.016755481741	432.509683428763	1936.83902697003	475.280235342164	950.567859730506	539.608855623525	619.840258040829	-593.732512203737	688.517366313854	215	45	2	10	240	208	242	15	1	46	19530	1741	1168	89	1345	0	0	0	0
8	2	3	108	44	up	1	512	499.063858708757	2777.41928693309	484.133948421082	1048.77390650831	490.270806391571	2591.40113463584	504.122894168695	1230.26252176904	535.818178390241	615.229890533656	-593.435182514981	687.828003539906	232	34	3	22	221	225	223	19	6	39	19431	1833	1144	120	1449	1	0	0	2
8	2	3	108	44	up	2	512	446.528160605323	2110.75989503211	475.742812100748	1109.29102178464	559.541316222819	3217.28250752645	530.149581979105	1297.19594518597	534.999886717195	611.471895523857	-593.621175324171	688.25967155838	225	39	5	15	228	201	238	25	5	43	19605	1737	1107	79	1399	0	0	0	0
8	2	3	108	44	up	3	512	437.735108288137	2100.91191934892	457.683063217452	953.575056278246	514.591722753757	2893.75365547309	505.898641393801	1158.61195097596	538.66189362591	613.375681975801	-593.577963542479	688.160428747703	230	44	5	15	218	232	212	21	8	39	19547	1737	1163	81	1412	0	0	0	0
8	2	3	109	45	up	0	512	466.703178933759	2172.55620793468	526.153785015281	1226.5649603062	513.965854706574	2832.53495001742	501.704022106083	1182.34889923219	546.189791169932	635.873031654073	-593.673808089168	688.382239577077	212	36	6	15	243	205	229	22	4	52	20234	1633	1088	85	1391	0	0	0	0
8	2	3	109	45	up	1	512	568.512195928134	3286.69595136638	535.81328098176	1356.77132760724	519.493718751574	2976.3161029668	498.696158374599	1149.09778565485	551.573434987982	641.632837706956	-593.613360996477	688.241674830811	198	52	9	24	229	213	216	23	5	55	20091	1696	1170	83	1401	0	0	0	0
8	2	3	109	45	up	2	512	526.074501826883	2787.55005333263	522.342420364629	1271.28860368777	541.750776405004	3139.58635792713	525.594411659221	1312.62395265027	533.32690073965	603.658689412755	-593.671534529776	688.377081533353	198	41	5	21	247	228	223	24	6	31	19982	1844	1136	78	1293	0	0	0	0
8	2	3	109	45	up	3	512	450.825278231887	2154.81768409579	483.130086325014	1066.72353589355	410.12239585845	1834.60496332823	454.278165133886	925.416758034565	543.354642496885	627.882602451205	-593.642849756475	688.309699302304	222	44	6	15	225	235	218	13	4	42	20091	1778	1089	82	1364	0	0	0	0
8	2	3	110	46	up	0	512	560.395418189069	3317.71410366363	565.122250423573	1596.07638142606	490.650259903451	2689.37392034947	469.748969730627	998.160501904277	570.141363984476	692.388525473556	-593.62407372685	688.266648590051	221	44	10	24	213	219	211	20	6	56	20527	1779	1162	84	1519	0	0	0	0
8	2	3	110	46	up	1	512	576.124908357821	3452.09104467614	551.503179928634	1450.62966060686	643.583592135001	4352.38557821677	557.478298934063	1526.71982896064	556.533426857979	653.325854330925	-593.834359706446	688.754304946427	205	51	8	26	222	232	198	34	9	39	20495	1796	1170	91	1206	0	0	0	0
8	2	3	110	46	up	2	512	484.517517487197	2545.44675609038	505.285139152196	1238.6671457327	498.135551475947	2815.580458196	493.819736711001	1116.83972400067	551.561669980017	644.14545686187	-593.531719391558	688.051486774561	223	41	5	19	224	231	212	22	4	43	20343	1904	1203	102	1251	0	0	0	0
8	2	3	110	46	up	3	512	494.21507830157	2497.56222094178	512.214228820075	1154.34993185352	456.127717417513	2376.0608663647	456.14857399296	910.699042430626	564.396838431322	675.26205692674	-593.579880180577	688.164708771876	213	36	6	18	239	228	211	18	4	51	20444	1797	1204	107	1317	0	0	0	0
8	2	3	111	47	up	0	512	792.296821066241	5341.82293249013	739.815612541813	2331.15964037752	455.475241575015	2316.40743083284	483.796137752115	1105.1513590469	583.054987861592	718.650017000677	-593.502677696958	687.98579855845	172	24	10	42	264	220	214	17	5	56	20917	1807	1244	96	1287	0	0	0	0
8	2	3	111	47	up	1	512	633.482779073126	3593.66834061414	686.583449779362	1805.85487303826	525.923282234069	3180.58339390207	486.727973425542	1174.01344149697	576.945257874947	706.226755947114	-593.436333236016	687.83045588062	162	31	5	28	286	241	201	25	5	40	20823	1891	1252	98	1224	0	0	0	0
8	2	3	111	47	up	2	512	693.631189606246	4583.89910040299	671.523272871267	2004.10950833233	503.488397192511	2763.583592135	496.961380679324	1292.8405307397	568.801124982093	683.772757370677	-593.518279028861	688.020868866285	200	27	6	37	242	224	207	19	10	52	20922	1794	1245	103	1238	0	0	0	0
8	2	3	111	47	up	3	512	602.278640450004	3265.48004002183	669.361589853436	1862.98019246033	478.81463511376	2440.78115294937	482.247748026564	1027.54889835215	567.693703095212	683.789299849334	-593.416306339288	687.783750789185	168	40	10	23	271	216	229	18	5	44	20814	1885	1267	98	1190	0	0	0	0
8	2	3	112	48	up	0	512	378.316187923768	1602.58082634288	410.633196840404	798.152823105227	387.133038976576	1828.53506329338	385.120570144707	692.383171972445	593.704905498935	738.211817765119	-593.507796013608	687.996890993454	236	56	4	11	205	257	196	14	2	43	21425	1809	1251	91	1177	0	0	0	0
8	2	3	112	48	up	1	512	496.427347543447	2775.26438354819	460.829202463732	1061.00585154472	382.562899019394	1764.07323220678	381.510332848988	728.579699758701	564.579880361993	676.511607129975	-593.67517803234	688.385023072953	235	46	8	20	203	242	194	13	3	60	21403	1931	1156	86	1111	0	0	0	0
8	2	3	112	48	up	2	512	414.846564468139	1898.33143283394	439.055693403538	840.662800344999	377.260459833767	1818.45310892536	343.152980728568	550.333244901097	584.287056065768	722.560230615144	-593.602119272001	688.215904129551	230	46	3	14	219	268	170	12	7	55	21289	1906	1277	104	1073	0	0	0	0
8	2	3	112	48	up	3	512	508.939246911259	2906.5470043506	463.806291544063	1070.73966425399	396.557577460331	1898.05801561561	396.690142422023	810.450647045457	573.862909369828	690.947828616564	-593.68260485655	688.401749785272	232	43	6	22	209	245	187	13	6	61	21387	1843	1259	87	1129	0	0	0	0
8	2	3	113	49	up	0	512	579.490909691881	3417.63508500168	567.986418135451	1554.42947134884	650.267997331878	4025.06046989883	646.157186733254	1872.88155104387	585.020337754019	724.681380756538	-593.5384495097	688.068179722166	210	47	12	24	219	182	247	31	8	44	21512	2108	1352	116	1130	0	0	0	0
8	2	3	113	49	up	1	512	512.581079635631	2850.99373212199	501.557065155266	1083.39712810986	541.424538483755	2961.76573812526	565.401517038387	1395.76172559875	584.446655137401	720.428538920308	-593.457047464192	687.879152904684	222	33	2	23	232	204	249	23	4	32	21739	2017	1228	104	1032	1	0	0	2
8	2	3	113	49	up	2	512	526.326534481572	3042.86920528146	518.593783867951	1270.23606380224	611.498743750315	3394.44957852049	633.721367040568	1727.9781075919	598.069582650168	747.840693958177	-593.690606405802	688.420206657567	217	47	4	24	220	181	259	23	13	36	21908	1845	1237	98	1027	0	0	0	0
8	2	3	113	49	up	3	512	580.018773736882	3437.32810066199	557.397657211105	1417.88928409525	533.236364537822	2913.70512663148	561.312880595357	1369.95519407864	588.886755260142	724.430877481384	-593.614858762975	688.244864482164	206	48	10	25	223	201	232	21	8	50	21851	1949	1202	86	1097	0	0	0	0
8	2	3	114	50	up	0	512	547.504065309378	3086.08785409915	531.995689348991	1208.33444943528	493.562602459071	2672.80235422865	473.549449798315	1013.70366893511	607.444781906752	771.661737086568	-593.61884925304	688.254259565746	210	27	2	25	248	221	226	21	3	41	22157	2000	1353	90	978	0	0	0	0
8	2	3	114	50	up	1	512	580.116777739065	3359.03616299954	582.880707597657	1479.55242201075	487.809313554697	2588.48932856288	486.522912413817	1063.61532639452	597.233357258175	751.736731867112	-593.527356061738	688.042100012481	209	31	8	25	239	223	220	19	6	44	22073	2093	1329	105	1087	0	0	0	0
8	2	3	114	50	up	2	512	627.981522823441	3667.5924275722	635.309652179244	1784.30784530013	480.371619453446	2442.70207764944	483.991820578974	1083.86273706052	611.722928684666	782.843562040753	-593.557578147509	688.111638013316	183	41	12	26	250	219	231	18	5	39	22317	1894	1285	104	1091	0	0	0	0
8	2	3	114	50	up	3	512	563.862232585005	3242.5529890387	563.655533058911	1405.76996180308	419.042869032827	1883.64149447465	446.603147411821	865.614502496901	583.625675244344	716.204189826764	-593.74047868891	688.536351405934	208	40	8	24	232	225	220	13	5	49	22189	2082	1233	96	1050	0	0	0	0
8	2	3	115	51	up	0	512	579.464301896566	3358.10611967236	574.641864354861	1510.70046612925	528.764228582823	3105.2978090746	470.958961967091	1098.38919853521	622.393063802744	809.723347885892	-593.475125943876	687.921880554942	205	36	8	25	238	225	204	23	8	52	22647	2029	1354	82	971	0	0	0	0
8	2	3	115	51	up	1	512	525.119586798757	3041.80531825372	512.334851857047	1228.86936234397	515.270806391571	2992.5713112499	476.654442404605	1123.6112200423	615.970567819224	791.63100873368	-593.602552163769	688.216404090218	224	41	4	24	219	237	201	22	8	44	22694	1991	1326	101	1012	0	0	0	0
8	2	3	115	51	up	2	512	511.652772402821	2654.26133456616	560.590183859637	1328.73581814365	498.310569804383	2679.38286906263	478.313749835702	1129.64979925156	622.039097506401	808.471352020709	-593.73061873968	688.513315049947	205	42	7	19	239	230	217	19	8	38	22751	2001	1252	108	1034	0	0	0	0
8	2	3	115	51	up	3	512	521.90480505751	2723.9574275275	551.008001373143	1327.03104154478	462.509683428763	2324.2858113794	461.053725268608	997.243277518702	631.109974916136	824.346563333125	-593.508187086932	687.997303692602	192	48	6	20	246	216	222	17	5	52	22625	1995	1400	92	981	0	0	0	0
8	2	3	116	52	up	0	512	554.238877037193	3289.65628628096	521.320842512432	1190.23610850142	555.99748750063	3449.80215599572	472.442963878311	1046.09510574787	622.826074584379	806.801908543504	-593.642969580929	688.310173789207	215	36	2	27	232	238	204	27	6	37	23116	2044	1353	111	887	0	0	0	0
8	2	3	116	52	up	1	512	564.591722753757	3282.65942021996	572.630350441496	1508.7501749672	399.04567809252	1978.49268905382	419.572357945344	897.270283912806	630.574962047274	828.506936886117	-593.491853652439	687.96032835517	208	46	9	24	225	240	189	15	3	65	23065	2052	1377	130	938	0	0	0	0
8	2	3	116	52	up	2	512	629.965558146251	3671.18813067836	642.063450075934	1970.79506559015	424.093275563765	2125.18858378222	432.03710523701	999.090012364622	628.122327211478	821.802673640925	-593.400796954277	687.749497382545	196	37	17	24	238	244	195	15	6	52	23022	2170	1343	89	917	0	0	0	0
8	2	3	116	52	up	3	512	578.031929354378	3317.05747755478	588.752074580798	1467.12569861587	483.992462501889	2701.1520526358	459.310627978811	1018.76505449964	643.657647631981	858.167403549499	-593.549045479118	688.092505888572	202	34	7	25	244	222	207	21	4	58	23305	1926	1303	90	958	0	0	0	0
8	2	3	117	53	up	0	512	620.291796067501	3677.54977014273	617.194865991953	1581.18982141812	406.984628443456	1987.36195097326	422.833923120563	826.397267044652	649.043102206923	875.607915595448	-593.62506723401	688.269196506841	188	30	5	29	260	235	198	15	3	61	23646	2086	1309	95	932	0	0	0	0
8	2	3	117	53	up	1	512	673.708203932499	4287.2700567274	642.424972098324	1831.7057406966	471.178123948451	2569.79642617853	466.142289269756	1142.13552022786	659.147075852112	899.169297144706	-593.599852920448	688.21041930724	192	35	9	33	243	231	201	19	6	55	23549	2091	1400	96	918	1	0	0	2
8	2	3	117	53	up	2	512	686.747967345311	4576.05722268386	645.242509400862	1981.72397978375	393.615818049702	1697.6962062373	404.769469620064	737.812983169488	639.548176713654	847.720456976298	-593.616297184088	688.248356805312	201	34	6	37	234	231	222	13	1	45	23597	2092	1334	113	826	0	0	0	0
8	2	3	117	53	up	3	512	590.695048315003	3310.56507169087	588.901142477143	1418.40159260651	432.459276897826	2036.27974173432	447.820781785011	1004.13293674905	647.96829544667	874.791025265868	-593.721579913673	688.492874503479	180	33	4	26	269	229	216	14	6	47	23583	2105	1339	109	875	0	0	0	0
8	2	3	118	54	up	0	512	627.127420857191	3842.78389042251	634.501484312847	1800.359381348	350.979306884393	1238.45926352741	410.048032933506	777.602613371507	668.529190547458	929.989939566181	-593.721987095547	688.493454256017	195	42	9	29	237	234	217	8	3	50	24017	2113	1423	95	883	0	0	0	0
8	2	3	118	54	up	1	512	608.859423525313	3822.12418701264	591.748927867984	1551.12347159007	444.923578794392	2363.3132522177	439.380224237384	1009.26937273738	665.78243490581	914.572070621458	-593.410718822279	687.771719001685	217	28	4	31	232	230	198	18	4	62	23969	2101	1465	113	777	0	0	0	0
8	2	3	118	54	up	2	512	612.655284902191	3747.8416511672	589.00820303618	1528.20129348915	376.130526477206	1757.11272737826	401.752516031593	707.489469822286	672.091742566144	932.435853650276	-593.579409656439	688.162591041874	199	41	7	29	236	251	187	13	3	58	24107	2073	1370	98	902	0	0	0	0
8	2	3	118	54	up	3	512	568.559793399379	3149.6684538901	603.786587408121	1621.1668610788	364.271102951893	1488.94862040929	382.874093408706	647.439967317598	668.001619988176	922.837832322073	-593.628364740415	688.276341072067	198	34	8	23	249	242	201	10	4	55	24071	2044	1431	102	911	0	0	0	0
8	2	3	119	55	up	0	512	837.999703439678	5413.41869223428	827.61762211132	2803.93099271467	337.889136940643	1243.27689098522	375.33204609864	620.824627454316	678.13485264635	947.901910200888	-593.297205113014	687.508962076606	139	27	18	39	289	246	206	9	1	50	24423	2172	1456	109	764	1	0	0	2
8	2	3	119	55	up	1	512	788.809016994375	5376.27609805348	776.21454382608	2441.72871257462	411.783002319705	2091.03667274137	397.365442979577	726.339160548306	667.888062462471	925.102753300098	-593.791165145667	688.654760922892	154	54	11	42	251	243	192	16	3	58	24476	2163	1403	118	786	0	0	0	0
8	2	3	119	55	up	2	512	724.986547822181	4521.42490347431	754.54764971923	2269.54079221089	442.058833710016	2419.02749747628	427.416511800279	939.003454121271	680.95559999261	956.388369768233	-593.63013880195	688.280811199457	171	22	11	34	274	240	191	19	3	59	24400	2158	1479	123	784	0	0	0	0
8	2	3	119	55	up	3	512	706.697560814373	4207.16978014818	722.763314199487	2080.63471888853	420.172802389388	2159.51069975611	413.141289665318	748.930024519649	696.575895142207	999.842422053165	-593.681069790131	688.398523941664	158	36	16	29	273	250	198	17	2	45	24517	2061	1468	114	835	0	0	0	0
8	2	3	120	56	up	0	512	771.397930688439	5102.93577314436	766.593203197662	2529.99233239895	289.202515804718	1012.09189424587	307.429632096625	391.931566715355	705.551781383112	1027.25538219171	-593.675374275643	688.385009461348	155	59	17	37	244	251	162	6	4	89	25047	2063	1445	117	774	0	0	0	0
8	2	3	120	56	up	1	512	682.628677106876	4063.05437193477	710.67951485732	2091.3459809102	311.536587784401	1311.62057638527	321.951759602683	492.061345686996	699.506298419493	1008.73950987017	-593.770542569471	688.606508257128	170	43	18	27	254	262	164	10	1	75	25001	2105	1457	109	717	0	0	0	0
8	2	3	120	56	up	2	512	678.304951684997	4038.55575483083	695.028245080234	2080.82201816406	332.438287221896	1531.74196928679	318.64127010865	450.102582462074	701.290610062143	1014.32955417554	-593.583950105248	688.173592157252	180	28	15	28	261	274	165	12	1	60	24838	2210	1510	114	745	0	0	0	0
8	2	3	120	56	up	3	512	899.684108636554	6482.30921207098	814.236065637122	2859.05809491683	332.488693752834	1473.03074469125	332.981289124939	584.215928440531	692.896798686693	984.914343471808	-593.869324948887	688.834831361474	157	44	16	50	245	269	169	11	2	61	25031	2123	1418	100	793	0	0	0	0
8	2	3	121	57	up	0	512	836.469326895307	5606.46741930883	808.340061093696	2557.30675442477	413.016557797834	2034.18274068907	390.943631117489	769.94709861323	700.937452682245	1008.38829305802	-593.563183423292	688.125373773334	137	41	13	43	278	233	182	13	9	75	25388	2181	1476	139	709	0	0	0	0
8	2	3	121	57	up	1	512	714.334071979683	4274.68942861745	773.296770384736	2287.84227202066	428.013748738141	2422.84207595206	389.431766846431	751.10777089341	693.672361349007	991.899503632571	-593.665096815236	688.361975534091	163	26	15	30	278	254	179	20	1	58	25330	2272	1475	107	593	0	0	0	0
8	2	3	121	57	up	2	512	934.959940026866	6502.95968357778	905.931771103152	3144.29484550967	350.982115944085	1572.03385031127	351.526516145332	613.042968011904	705.43331209954	1024.09952205139	-593.637779749262	688.298793440012	130	46	23	47	266	253	174	11	4	70	25332	2255	1487	110	656	0	0	0	0
8	2	3	121	57	up	3	512	833.45617127781	5643.37939529573	853.283206958511	2838.45943910293	322.992759062211	1383.15242078268	342.411129489786	537.372104111508	714.310683102199	1041.89433312356	-593.630009169835	688.279925215771	145	55	19	41	252	259	173	11	0	69	25426	2147	1499	112	720	1	0	0	2
8	2	3	122	58	up	0	512	862.676274578121	6067.42487515532	849.332538913148	2917.39183748027	281.210349863152	945.258936920914	306.843180905032	476.579968930184	717.812862759576	1059.34364647944	-593.535479507617	688.061120082428	146	52	14	47	253	270	158	5	5	74	25860	2274	1436	126	636	0	0	0	0
8	2	3	122	58	up	1	512	880.288987007808	6205.3731840557	859.43019589116	2844.40749507436	270.080416506591	952.094829951935	296.278021731672	445.009019110696	725.225269608407	1085.92674934972	-593.833599115153	688.752742699294	145	53	17	47	250	277	149	6	3	77	25953	2131	1505	107	580	0	0	0	0
8	2	3	122	58	up	2	512	710.766444521871	4367.82011006003	757.043762752638	2251.40170857407	330.632079287214	1470.26494992801	323.786755928394	517.473578807307	713.493024067081	1044.38227320932	-593.968942456382	689.066096002718	166	26	10	33	277	255	166	11	2	78	25922	2226	1435	113	549	0	0	0	0
8	2	3	122	58	up	3	512	961.691942694988	7022.74066661321	893.249579307762	3264.55396669309	320.205028304089	1301.87287728129	332.233929874899	546.583737967316	709.738556541247	1036.03167957836	-593.563613019712	688.12555570696	148	39	18	54	253	253	170	9	3	77	25795	2271	1516	114	599	0	0	0	0
8	2	3	123	59	up	0	512	868.153732092184	5741.40672285807	918.594430910454	3189.86726440782	311.666817701285	1546.57218913861	294.972738761929	469.619753039072	733.787088949812	1108.99086516719	-593.866449266783	688.828919067557	123	54	23	40	272	260	132	12	2	106	26441	2268	1399	100	556	0	0	0	0
8	2	3	123	59	up	1	512	846.922985673747	5913.47659457392	833.043479239976	2826.60972434294	323.825871352531	1521.96420514734	312.763655290295	544.417012915769	746.303007356663	1139.0326318937	-593.896469266936	688.89766120387	156	54	18	44	240	260	139	10	6	97	26475	2107	1519	107	561	0	0	0	0
8	2	3	123	59	up	2	512	969.355061655612	6973.61910379775	926.951369409682	3410.06802074939	264.401332868777	808.277174175132	280.457266059925	309.450944581841	737.475148103427	1115.22997458343	-593.621708431084	688.261472524327	146	40	24	51	251	272	162	5	2	71	26094	2384	1607	123	554	0	0	0	0
8	2	3	123	59	up	3	512	793.40295568718	5049.24552327617	847.291816239637	2557.61725323599	346.560386520024	1646.19191595416	323.209178840559	585.035893108152	738.642415480799	1113.69491240525	-593.621203006532	688.259706788352	147	28	15	37	285	268	154	11	6	73	26220	2298	1563	127	550	0	0	0	0
8	2	3	124	60	up	0	512	757.978713763748	4871.98125300395	794.806104932843	2434.30306115893	314.602958992528	1197.23160935858	307.709687601257	400.863017634944	731.90238276535	1102.79307722635	-593.577746192197	688.158909748902	156	42	14	36	264	244	175	8	3	82	26871	2241	1477	131	394	1	0	0	2
8	2	3	124	60	up	1	512	895.060753088742	5813.37925370078	942.678347657811	3286.96302287146	279.878790382839	983.32276731068	293.042216296694	416.532267034633	733.168024358155	1102.66846864247	-593.720992085614	688.491222075057	132	44	34	36	266	277	149	5	6	75	26705	2336	1532	147	455	0	0	0	0
8	2	3	124	60	up	2	512	774.986547822181	4910.33066822118	804.894869739896	2407.97974858498	327.767334202838	1663.79072468034	287.845507817512	428.935618157475	734.867440105861	1099.09005721343	-593.880747087708	688.861916810764	147	29	12	37	287	281	140	13	2	76	26886	2243	1497	94	368	0	0	0	0
8	2	3	124	60	up	3	512	933.254545154059	6522.96597977479	961.304177735023	3591.96295860176	277.396307870036	1194.96132607925	290.385020996496	479.319439837839	736.37576590835	1112.73993846576	-593.661216479204	688.353095636111	141	70	36	42	223	268	125	8	4	107	26775	2359	1450	136	476	0	0	0	0
8	2	3	125	61	up	0	512	864.71071643187	5641.9750984019	897.392094919262	3150.422115541	267.16807395097	889.578258783688	284.112539580536	347.355539786566	748.347005598902	1150.69524006623	-593.887152601365	688.876576255771	142	51	33	35	251	263	149	5	4	91	27338	2320	1463	111	372	0	0	0	0
8	2	3	125	61	up	1	512	893.678787077491	6063.58889716732	905.981280237049	3089.74580941015	289.377534133154	1228.23465834061	296.994150994847	444.971145712342	772.957526127527	1214.29555905826	-593.562684642286	688.12423617929	128	40	18	45	281	274	143	9	2	84	27219	2221	1658	134	381	0	0	0	0
8	2	3	125	61	up	2	512	941.068883707497	6823.85042996642	936.30764643107	3552.81728444803	277.420106605659	959.274351745026	287.685330259956	380.617216981962	755.179737398651	1164.42306940172	-593.583977850671	688.173203571828	140	71	26	49	226	250	156	6	3	97	27078	2331	1701	122	435	0	0	0	0
8	2	3	125	61	up	3	512	1088.37072977248	8068.20540508689	1030.53836810436	4071.21986184141	238.247600776593	680.906472721644	270.06858075093	303.555579284607	759.629484758611	1175.19842571356	-593.856366430979	688.804842241003	132	29	26	60	265	281	144	4	2	81	27154	2323	1641	114	331	0	0	0	0
8	2	3	126	62	up	0	512	933.652179282176	6481.50671624738	920.414524447159	3266.63531581857	260.937327532533	862.301679307363	287.259961776845	433.887247544771	773.022994847963	1218.70168481549	-593.953021175765	689.029595094658	131	37	20	48	276	260	153	6	1	92	27780	2255	1598	111	219	0	0	0	0
8	2	3	126	62	up	1	512	893.40295568718	6102.68011175741	880.629523754548	2911.55167692702	273.295198247838	1014.68440677504	282.456592719362	361.375266884094	761.702065797462	1188.18866651926	-593.70776612562	688.460946317194	131	44	19	45	273	285	149	7	2	69	27597	2416	1619	112	168	0	0	0	0
8	2	3	126	62	up	2	512	835.843458848124	5567.98430198598	866.764701183933	2946.23077986987	327.067260889094	1427.18308051696	318.75586615191	523.855770209656	759.544474773815	1177.0161415495	-593.718568520193	688.485178681579	138	58	22	39	255	245	154	9	6	98	27476	2511	1639	118	250	0	0	0	0
8	2	3	126	62	up	3	512	872.249223594996	6020.30941030392	907.240096462079	3165.68604169364	299.125501478465	1062.91550639178	307.792166269847	449.045281386038	758.382708213792	1171.34971497824	-593.693837928373	688.428191299555	140	55	20	44	253	255	166	6	5	80	27603	2400	1618	123	222	0	0	0	0
8	2	3	127	63	up	0	512	1048.82719761061	7475.02032339056	1079.38931848424	4087.77630224248	254.430749723785	894.4810595055	274.038982680588	349.433126899945	760.205689604198	1181.23313804696	-593.700920712658	688.44455955749	110	51	32	52	267	268	138	6	2	98	27943	2544	1640	129	134	0	0	0	0
8	2	3	127	63	up	1	512	1195.18255582655	8973.6858132556	1157.8123740136	4806.76023363953	302.544718403157	1262.59341873688	284.063618578719	355.820524744224	768.403262774114	1201.63441400899	-593.584071432471	688.173450558168	97	66	41	62	246	258	146	8	5	95	27887	2505	1735	129	139	1	0	0	2
8	2	3	127	63	up	2	512	1100.20916362186	8081.13273925993	1111.85845162283	4453.32052208934	230.584481815969	632.945996212115	257.190594021459	272.208951433562	771.180727305864	1200.98928218427	-593.790657854361	688.652488025108	102	59	31	58	262	283	143	4	1	81	28230	2362	1579	85	122	0	0	0	0
8	2	3	127	63	up	3	512	1072.27302233062	7873.49771089623	1092.45543117852	4186.59506620788	288.045974652842	1148.85170432101	286.342438970009	420.355171721055	763.29051675984	1187.92276810678	-593.688653253704	688.416031461946	102	79	34	55	242	273	142	7	5	85	28157	2403	1568	128	149	0	0	0	0
# final_twist	63
# completion	PASS
