# format	twist_snake_blocks_v1
# status	NON-CANONICAL floating-point engineering diagnostic
# L	8
# k	1
# chain	3
# base	0
# seed	202609288103
# seam_size	64
# start_twist	64
# chain_initial	hotT
# warmup_sweeps	512
# dwell_sweeps	16384
# visit_sweeps	2048
# equilibration_sweeps	32
# block_length	512
# segments	128
# seam_order	x2_fastest_then_x3
# action_density	minus_sum_logW_divided_by_6L4
# sampling	every_production_sweep_after_full_heatbath_sweep
L	k	chain	segment	n	phase	block	count	sumFn	sumFn2	sumFi	sumFi2	sumBn	sumBn2	sumBi	sumBi2	sumY	sumY2	sumS	sumS2	hF0	hF1	hF2	hF3	hF4	hB0	hB1	hB2	hB3	hB4	sec0	secMinus	secPlus	secOther	secUntwisted	pure0	pureMinus	purePlus	flips
8	1	3	0	64	dwell	0	512	0	0	0	0	398.723732032575	534.698080025188	406.730171665517	407.212731216669	392.778871523548	354.202130107733	-593.762055795693	688.586902489129	0	0	0	0	0	280	115	3	3	111	28529	2207	1928	104	0	0	0	0	0
8	1	3	0	64	dwell	1	512	0	0	0	0	425.508950291327	654.091875395854	420.277005087384	435.861715306416	387.633334104129	347.65088316424	-593.744791837429	688.54614729712	0	0	0	0	0	272	127	5	4	104	28543	2234	1864	127	0	0	0	0	0
8	1	3	0	64	dwell	2	512	0	0	0	0	406.103665389136	581.871471403536	403.784453420966	405.04816879672	380.495498474048	333.333624253015	-593.879728819344	688.859366603611	0	0	0	0	0	279	114	4	6	109	28704	2186	1740	138	0	0	0	0	0
8	1	3	0	64	dwell	3	512	0	0	0	0	419.663938633196	711.749961094368	416.560878114692	450.966248701448	379.807704527948	328.907979275011	-593.713386550151	688.473403539192	0	0	0	0	0	278	109	7	7	111	28448	2351	1853	116	0	0	0	0	0
8	1	3	0	64	dwell	4	512	0	0	0	0	421.487664055075	608.078126657713	422.424128520272	444.015847754071	378.438776961842	323.886613695678	-593.894246653443	688.892552489863	0	0	0	0	0	280	126	4	4	98	28652	2310	1704	102	0	0	0	0	0
8	1	3	0	64	dwell	5	512	0	0	0	0	402.082379152884	498.802291135716	411.409498188485	401.968099197937	379.573841993552	327.974913089965	-593.722234690471	688.494245769847	0	0	0	0	0	291	117	2	5	97	28639	2206	1798	125	0	1	0	0	2
8	1	3	0	64	dwell	6	512	0	0	0	0	407.1786470607	622.522913416591	416.612691432349	463.552419681746	390.967505795551	345.293624650166	-593.684915631473	688.407598987516	0	0	0	0	0	274	113	5	4	116	28562	2233	1855	118	0	0	0	0	0
8	1	3	0	64	dwell	7	512	0	0	0	0	416.890916302578	677.624467879273	412.305675461127	433.047499327134	388.800680315651	345.28039668483	-593.932967308424	688.982375666026	0	0	0	0	0	268	118	6	3	117	28692	2169	1797	110	0	0	0	0	0
8	1	3	0	64	dwell	8	512	0	0	0	0	392.994241863824	449.644864434558	408.172129498957	394.57711990014	383.277206870034	336.281995811196	-593.932766556806	688.982106686206	0	0	0	0	0	288	117	1	4	102	28641	2208	1793	126	0	0	0	0	0
8	1	3	0	64	dwell	9	512	0	0	0	0	424.213088914449	684.987215313158	420.955921749635	448.023993383208	393.056429653419	353.605284078016	-593.733688650882	688.520701543407	0	0	0	0	0	278	119	6	4	105	28580	2226	1839	123	0	1	0	0	2
8	1	3	0	64	dwell	10	512	0	0	0	0	394.136074588196	559.606278999666	397.059400996489	395.525036076724	393.063345092181	350.674494477017	-593.704895769281	688.454700899973	0	0	0	0	0	282	103	4	8	115	28530	2188	1919	131	0	0	0	0	0
8	1	3	0	64	dwell	11	512	0	0	0	0	395.240473114768	572.586331416549	401.422702251037	408.09211138465	389.016407884356	346.930019430611	-593.731103030826	688.514106981982	0	0	0	0	0	261	114	4	4	129	28536	2224	1888	120	0	0	0	0	0
8	1	3	0	64	dwell	12	512	0	0	0	0	427.734854995383	685.982334462893	417.102031895089	437.287278619107	379.130401991214	327.807339558769	-593.944963091463	689.010165653815	0	0	0	0	0	287	117	6	6	96	28539	2310	1812	107	0	0	0	0	0
8	1	3	0	64	dwell	13	512	0	0	0	0	411.363052257577	631.316707134583	412.105015573818	431.413555891797	379.073562022064	331.637047846162	-593.693726134319	688.428129083941	0	0	0	0	0	272	118	5	2	115	28614	2238	1816	100	0	0	0	0	0
8	1	3	0	64	dwell	14	512	0	0	0	0	403.321552750399	555.275473315215	407.636338793627	418.436236273462	397.914919374046	360.559415816305	-594.006946985188	689.15412699722	0	0	0	0	0	251	129	3	3	126	28668	2138	1848	114	0	0	0	0	0
8	1	3	0	64	dwell	15	512	0	0	0	0	380.145278172278	411.960619912898	394.911873126844	378.73252271075	376.792959159496	328.575992472928	-593.779480268286	688.627022298263	0	0	0	0	0	245	129	0	3	135	28600	2257	1788	123	0	0	0	0	0
8	1	3	0	64	dwell	16	512	0	0	0	0	405.556547762573	690.82933963983	402.108683472589	426.414267304651	386.612380401903	341.43540634574	-593.900351501252	688.906379520022	0	0	0	0	0	276	102	7	3	124	28634	2233	1803	98	0	0	0	0	0
8	1	3	0	64	dwell	17	512	0	0	0	0	424.346791020066	675.438649889179	414.907169668087	424.173019793706	368.93379145039	315.674061740848	-593.836614225922	688.759619668523	0	0	0	0	0	300	111	6	4	91	28514	2331	1785	138	0	0	0	0	0
8	1	3	0	64	dwell	18	512	0	0	0	0	424.404551764755	678.193862303964	416.503318419169	429.210395535537	385.91210997576	345.550148396172	-593.915343133514	688.942062991402	0	0	0	0	0	293	113	6	5	95	28549	2225	1869	125	0	0	0	0	0
8	1	3	0	64	dwell	19	512	0	0	0	0	394.731862651331	535.097196954917	396.623902572474	387.294302165648	387.185650237555	350.951754964893	-593.774961749013	688.61613092142	0	0	0	0	0	260	117	3	7	125	28421	2310	1907	130	0	0	0	0	0
8	1	3	0	64	dwell	20	512	0	0	0	0	406.199933296953	512.370367565697	413.321302439416	407.421311256732	379.800631420887	331.933023999917	-593.846386688828	688.781768678316	0	0	0	0	0	278	126	2	3	103	28524	2303	1829	112	0	0	0	0	0
8	1	3	0	64	dwell	21	512	0	0	0	0	416.38230583914	640.135333417641	411.679842065926	423.990584268779	379.202390014932	330.943757619379	-593.682874180704	688.403081078529	0	0	0	0	0	267	121	5	6	113	28496	2333	1803	136	0	0	0	0	0
8	1	3	0	64	dwell	22	512	0	0	0	0	414.961832664764	635.99431210247	411.898013405825	423.533544696143	398.95742634427	353.59358032205	-593.861374292674	688.817520853286	0	0	0	0	0	273	119	5	4	111	28597	2154	1890	127	0	1	0	0	2
8	1	3	0	64	dwell	23	512	0	0	0	0	408.24346545882	654.717586899506	406.193853257741	412.426353120987	391.374402143623	350.936372333226	-593.574304189629	688.15158516158	0	0	0	0	0	288	105	6	2	111	28513	2270	1859	126	0	0	0	0	0
8	1	3	0	64	dwell	24	512	0	0	0	0	431.391396147259	693.44175964088	425.038076529665	453.047075973016	397.285301184358	358.431379803606	-593.767487464361	688.598557315583	0	0	0	0	0	285	121	6	5	95	28637	2159	1857	115	0	0	0	0	0
8	1	3	0	64	dwell	25	512	0	0	0	0	405.488623744438	568.424456310555	410.029302575133	407.852168943322	380.978469041775	335.463141382746	-593.656933432975	688.341973628279	0	0	0	0	0	310	104	4	3	91	28436	2322	1883	127	0	0	0	0	0
8	1	3	0	64	dwell	26	512	0	0	0	0	418.349896640081	609.482565146505	421.269364171377	442.620596497115	393.518927627746	353.768545653368	-593.854368691839	688.800925595236	0	0	0	0	0	264	129	4	5	110	28660	2165	1840	103	0	0	0	0	0
8	1	3	0	64	dwell	27	512	0	0	0	0	403.416747692889	580.927792614182	408.468013430253	418.935379772902	399.556827258972	362.229299147103	-593.698720803513	688.439930062391	0	0	0	0	0	271	115	4	6	116	28549	2183	1901	135	0	0	0	0	0
8	1	3	0	64	dwell	28	512	0	0	0	0	394.827057593821	486.665260989843	403.267327293789	401.125147545495	394.427597402867	354.369329857488	-593.792529536332	688.657295862847	0	0	0	0	0	292	112	2	4	102	28622	2233	1794	119	0	0	0	0	0
8	1	3	0	64	dwell	29	512	0	0	0	0	397.408617074133	564.666146539125	398.40895355077	392.871621152478	385.578695106967	348.928027685078	-593.846305819628	688.781616871468	0	0	0	0	0	287	106	4	4	111	28616	2225	1779	148	0	0	0	0	0
8	1	3	0	64	dwell	30	512	0	0	0	0	470.959800010075	982.499856081775	443.135703578398	521.437988106505	409.059238640266	382.530180249343	-593.798737836673	688.671953142525	0	0	0	0	0	268	128	12	3	101	28575	2134	1942	117	0	0	0	0	0
8	1	3	0	64	dwell	31	512	0	0	0	0	401.881825994459	550.180570801362	408.819083931186	422.508510913732	381.308544442411	328.492328599231	-593.748939024829	688.555888206865	0	0	0	0	0	254	125	3	6	124	28619	2258	1779	112	0	0	0	0	0
8	1	3	1	63	down	0	512	611.297274170095	1413.78015240366	608.643842314195	896.562532457425	452.197900642264	768.902519340317	448.896606854838	503.069782656083	380.336795475752	330.437527738891	-593.772706486262	688.610912199437	224	45	7	17	219	277	136	7	2	90	28141	2234	1774	107	62	0	0	0	0
8	1	3	1	63	down	1	512	620.145278172278	1533.55708763181	627.486671529267	1011.32826387389	444.923325501637	718.782784261399	446.224688107302	495.376845711929	387.03710470181	336.939003333733	-593.759849221678	688.580760777146	229	47	7	20	209	283	134	6	1	88	28009	2241	1887	119	58	0	0	0	0
8	1	3	1	63	down	2	512	650.730902961968	1548.15221669759	651.96484511285	1034.39390448051	436.477500781631	734.594750332257	433.675993819301	475.403764252592	384.56183592342	345.285032100832	-593.374519458859	687.687906027466	234	19	4	19	236	295	118	7	2	90	27917	2301	1914	124	57	0	0	0	0
8	1	3	1	63	down	3	512	626.853482104777	1506.40365209995	634.742076458208	996.877835861798	431.247530768198	694.560164330033	429.30136304719	460.891235973448	375.681556843788	324.442592580051	-593.811723414693	688.701340784463	237	34	5	19	217	286	123	6	1	96	28094	2228	1810	124	80	0	0	0	0
8	1	3	2	62	down	0	512	621.652928946352	1364.56020564688	619.242696658605	912.795914489188	432.341766021325	661.974801096467	429.986941188676	448.419731659784	380.728728370516	327.278069826595	-594.052909399367	689.260922109425	216	36	4	15	241	280	129	5	4	94	27778	2132	1724	110	115	0	0	0	0
8	1	3	2	62	down	1	512	592.333748678533	1309.71230252561	601.409062711986	899.696532257384	428.723732032575	656.369922725214	432.627499285659	466.912401768247	368.690298324261	311.533203252679	-593.694660380483	688.430371861743	229	49	4	15	215	280	127	5	3	97	27633	2219	1770	122	145	0	0	0	0
8	1	3	2	62	down	2	512	622.51612122072	1432.12028734321	625.197002805554	950.594797360224	407.361019602888	512.066153149821	424.524766405747	448.46304518997	379.216984265721	330.820118017032	-593.614145014982	688.243373379104	226	36	6	17	227	279	124	2	7	100	27748	2138	1735	123	145	1	0	0	2
8	1	3	2	62	down	3	512	592.697420797582	1295.19832310386	603.676083108083	904.062792568861	436.929423465704	599.984562796996	444.951005032802	478.1715059269	370.182984457067	311.314285026781	-593.950202118193	689.023128344663	260	28	7	15	202	278	144	3	2	85	27795	2146	1707	96	145	1	0	0	2
8	1	3	3	61	down	0	512	635.846424451348	1604.0196225615	623.255404992844	989.981669201222	419.971995938209	541.202746718581	437.973046331641	475.250186500096	375.592865121277	322.518140311323	-593.660136303171	688.350003488713	212	51	5	21	223	266	141	2	2	101	27197	2086	1819	130	183	1	0	0	2
8	1	3	3	61	down	1	512	593.52317887415	1376.943337241	593.252278834819	898.718260505036	445.959800010075	720.497640142727	453.174047927208	529.056008100399	352.670109422246	294.589432865491	-593.67837903068	688.392463788879	243	47	4	17	201	280	134	6	4	88	27136	2294	1686	116	208	0	0	0	0
8	1	3	3	61	down	2	512	599.118966937285	1360.37882366657	586.048919575401	854.392448654686	437.515048255394	641.129575281464	450.371147924546	510.401581734369	364.54458244278	312.184579992802	-593.631438305832	688.283535343455	225	52	0	16	219	267	143	4	3	95	27064	2253	1796	119	252	0	0	0	0
8	1	3	3	61	down	3	512	566.920333157586	1184.17482092856	582.97764214484	848.102536548233	435.298233859458	749.931347206366	431.051903524193	473.318191725338	362.160535938613	299.973629065744	-593.675119309211	688.385120757365	256	43	3	13	197	254	131	7	4	116	27165	2193	1767	107	224	0	0	0	0
8	1	3	4	60	down	0	512	617.84235914197	1423.87327968727	614.611727329178	933.740432464952	425.835188212577	653.736220619597	431.9236610792	474.140991190348	360.831578651822	299.614828329692	-593.591924816024	688.192297913242	230	38	3	17	224	272	126	5	6	103	26779	2089	1734	118	280	0	0	0	0
8	1	3	4	60	down	1	512	575.116934282596	1246.51185851146	582.576016474533	841.482241097839	495.047937299135	1092.49320413295	470.722487576406	592.564751018397	353.928194615619	293.44104086739	-593.497159533309	687.972189708403	228	59	2	14	209	271	134	14	4	89	26778	2137	1688	117	284	0	0	0	0
8	1	3	4	60	down	2	512	558.667044253212	1172.12426611746	582.017940901014	873.887547665407	451.929423465704	734.931347206366	449.067780999208	500.634355470738	352.307584886024	291.134030304905	-593.642526058937	688.309442078319	250	52	5	13	192	270	142	6	4	90	26663	2270	1679	108	268	0	0	0	0
8	1	3	4	60	down	3	512	555.500932948535	1106.04667106561	569.098216622111	793.529105180447	473.694315177567	866.549076371423	456.838215274901	518.691574250549	355.433278394319	291.938624372839	-593.670784615549	688.3748795664	229	61	2	11	209	296	133	9	5	69	26863	2083	1656	118	296	0	0	0	0
8	1	3	5	59	down	0	512	592.707584071027	1303.655091634	591.250293822559	866.924909715035	435.307324167576	557.071478840569	447.798088040696	478.560604781112	362.895302759682	307.75344114662	-593.891675407318	688.886768405267	241	40	7	15	209	284	143	2	6	77	26375	1978	1738	117	333	0	0	0	0
8	1	3	5	59	down	1	512	575.413755348837	1273.85420112669	576.378756895331	842.313051150801	461.813901976325	782.312275256487	452.424838117848	497.92861745894	349.989639740221	284.705357550164	-593.653495169024	688.334952538903	248	50	2	15	197	280	140	7	5	80	26240	2155	1702	111	348	0	0	0	0
8	1	3	5	59	down	2	512	607.237480770716	1403.0205039791	592.153351269843	859.595319441398	419.693355488204	498.774806054489	447.301514737084	494.15521890207	359.474899386054	304.951453682711	-593.731859103593	688.517114188318	238	41	2	17	214	278	140	1	4	89	26360	2043	1711	94	332	0	0	0	0
8	1	3	5	59	down	3	512	566.34487164134	1151.45996917891	581.555579143866	847.31277969392	421.449156891949	606.22357985098	433.875352996977	470.695987614723	352.385926221983	292.102071030744	-593.77314987101	688.612418522909	244	46	6	12	204	282	124	4	6	96	26399	2015	1673	121	313	0	0	0	0
8	1	3	6	58	down	0	512	541.594095236336	1107.83202520947	551.52033587158	759.875467219522	459.35695429351	850.54065332403	454.216786468715	536.440902093593	356.997653859731	303.063596371927	-593.821337050141	688.724910008339	252	60	3	12	185	277	129	9	6	91	25936	1942	1704	114	396	0	0	0	0
8	1	3	6	58	down	1	512	593.120999591974	1241.35443594199	599.967301519925	870.268471858437	446.986111245068	824.975237673581	435.267971294734	477.993408875325	349.028539851228	286.852275554346	-593.650234825294	688.327245539143	226	43	3	13	227	292	117	9	2	92	25831	2064	1683	118	377	0	0	0	0
8	1	3	6	58	down	2	512	597.390436457896	1415.61872213815	583.110729459217	851.793324951248	438.004405137268	640.609397014736	449.544289746746	499.942827512523	358.572485478806	301.96489923504	-593.641958030288	688.30790722648	255	42	0	18	197	269	142	4	4	93	25768	2036	1775	117	383	0	0	0	0
8	1	3	6	58	down	3	512	550.106771009151	1087.21916863131	566.928296629303	797.863919267773	462.563718691966	728.112733318363	467.508316253752	546.657602769989	339.199471371604	274.520063918995	-593.969165200605	689.066560414461	247	52	6	11	196	246	164	5	3	94	26109	1943	1548	96	442	0	0	0	0
8	1	3	7	57	down	0	512	569.598160545714	1192.67460264	566.410556142064	775.735351688772	469.386371148518	727.51228269352	490.65754717942	610.914721593044	353.816385658143	297.067266855667	-593.764971935827	688.592549325963	250	46	0	13	203	269	158	5	7	73	25457	1923	1704	100	439	1	0	0	2
8	1	3	7	57	down	1	512	641.891989267904	1717.31584637541	613.747686586197	968.295438920786	447.97498828226	758.280786610908	452.995928169179	508.824388269439	336.941019159257	274.775047833614	-593.713761277974	688.473965462723	219	53	7	24	209	285	130	7	2	88	25430	2052	1605	97	503	0	0	0	0
8	1	3	7	57	down	2	512	573.763312161028	1200.51451515931	573.417745968075	802.506477415466	519.856474448829	1101.84753678281	500.964966723671	635.687841342256	333.931264382823	265.903261737598	-593.784650843504	688.638497604423	245	45	3	13	206	264	160	13	3	72	25529	2033	1528	94	500	0	0	0	0
8	1	3	7	57	down	3	512	547.99531482915	1081.93491006192	562.991838406836	772.342898381604	472.620406471329	804.855074280919	474.673944296888	552.076847232093	358.254816046806	297.779168952256	-593.977905211307	689.087827507938	255	50	2	11	194	272	152	7	3	78	25733	1814	1548	89	422	0	0	0	0
8	1	3	8	56	down	0	512	539.531309492906	1001.63957179729	541.540224298606	699.060495199687	499.635594743515	993.420926508481	480.477533567523	588.38816408079	339.185675749784	277.962533689358	-593.763999583395	688.591317599345	243	56	2	9	202	269	152	11	5	75	24982	1974	1600	116	510	1	0	0	2
8	1	3	8	56	down	1	512	544.856474448829	1178.51937948283	546.159785808888	757.79025132681	467.745018268827	906.110945693059	459.869698425045	549.13048222807	337.668194325191	274.857384666101	-593.716825040842	688.481771213394	264	57	5	14	172	268	136	10	2	96	25043	1909	1625	95	578	0	0	0	0
8	1	3	8	56	down	2	512	584.712609069768	1391.2830190767	565.521194870979	808.840371948333	447.581899308203	652.217821714803	456.92633769032	500.744028426124	319.376883806786	243.221086662811	-593.808502843675	688.69437138603	261	47	1	18	185	282	146	4	1	79	25106	2040	1446	80	564	0	0	0	0
8	1	3	8	56	down	3	512	608.446164547897	1545.28967515721	569.057235356167	830.922603748102	467.120886316011	826.055954872179	464.164806835889	536.408084567596	336.012631841259	273.016755994731	-593.605101897187	688.222564756665	243	52	3	21	193	285	139	8	2	78	24985	1984	1599	104	593	0	0	0	0
8	1	3	9	55	down	0	512	577.823105560407	1174.24533984951	577.498474813433	806.545985312081	470.307324167576	797.854184599951	480.922336463964	580.184023536244	319.903224345916	245.840384936341	-593.858840715563	688.811505549034	239	42	3	12	216	276	147	7	6	76	24545	1999	1527	89	601	0	0	0	0
8	1	3	9	55	down	1	512	563.63870036353	1075.47815392683	574.605108142074	801.780543874619	471.900006610696	868.43865815255	471.749132302814	569.010471683194	342.542253204093	274.276517650259	-593.90026506933	688.907767840392	245	40	5	10	212	286	136	9	4	77	24653	1894	1532	81	546	0	0	0	0
8	1	3	9	55	down	2	512	587.064198536647	1363.02980844409	573.117847024645	825.269535101807	502.255661386953	962.083456480146	502.48106670508	643.962689902878	326.686346951873	255.43877741103	-593.742929888945	688.541851134067	251	47	3	17	194	270	159	10	4	69	24546	1944	1569	101	566	0	0	0	0
8	1	3	9	55	down	3	512	544.75218919822	1012.14822139661	552.06364433248	743.289821367065	509.396534421963	910.585462394008	507.350358590922	628.408869986029	331.158491751978	265.858935909132	-593.583111992956	688.171376694192	238	55	3	9	207	254	181	8	2	67	24449	1991	1617	103	609	0	0	0	0
8	1	3	10	54	down	0	512	562.956807666023	1252.10918698955	556.048399169214	795.40240066916	470.105698043825	833.272808403998	473.881357885721	564.952036316451	316.042492258401	247.910740161284	-593.949963861239	689.021960335827	249	58	3	15	187	280	143	8	2	79	24136	1916	1488	108	584	0	0	0	0
8	1	3	10	54	down	1	512	542.218227189153	1002.58325058664	545.870916812758	726.290410406155	479.587997272269	782.120266684789	495.801118815924	608.875578211303	315.104351936074	243.038769084817	-593.691034383534	688.421007608846	251	49	2	9	201	269	163	6	3	71	24122	1919	1518	89	642	0	0	0	0
8	1	3	10	54	down	2	512	524.866637722274	1007.05597139892	522.270675380721	663.577345748366	511.623512091344	958.488792913276	506.762650960561	638.526922249436	313.199523750512	242.279645694838	-593.774342516204	688.614644957857	257	62	1	10	182	236	185	9	1	81	24069	1967	1511	101	622	0	0	0	0
8	1	3	10	54	down	3	512	563.474508437579	1319.09765005877	544.142634476745	766.694201771772	494.347863985392	950.631128091472	493.209780702804	618.425091795353	325.205830285254	254.459064858469	-593.931326796592	688.979631369799	260	58	4	17	173	267	155	10	3	77	24143	1861	1543	101	679	0	0	0	0
8	1	3	11	53	down	0	512	545.989216865083	1110.70652373101	549.427330195698	776.633748799082	486.411722694148	797.532687512176	501.293616406209	619.398358680061	309.505735599842	240.90729975842	-593.916753756342	688.945530810322	256	52	9	12	183	259	171	6	4	72	23693	1908	1436	99	722	1	0	0	2
8	1	3	11	53	down	1	512	533.215121569138	1155.95174789334	515.065686270842	664.219802955866	533.46541812946	1130.84443942616	515.943938294228	675.50059588581	321.458856970189	254.192791673883	-593.689353988183	688.41770550156	275	60	1	14	162	250	175	13	3	71	23748	1807	1478	103	730	1	0	0	2
8	1	3	11	53	down	2	512	528.887923958526	1053.06972013706	527.851732094521	706.703225618851	521.143245517589	1004.37082893292	514.785777693818	664.675150062798	310.854858466178	237.739698698295	-593.61611994917	688.248638683874	249	68	1	11	183	248	182	10	2	70	23610	1882	1547	97	699	0	0	0	0
8	1	3	11	53	down	3	512	536.920333157586	1062.47637043321	537.48131038699	725.020267568247	486.027724028209	795.133129873648	496.480058159748	597.07353001371	318.422892280556	245.71328674009	-593.824822827398	688.732671478528	252	58	7	11	184	266	170	6	1	69	23764	1801	1491	80	786	0	0	0	0
8	1	3	12	52	down	0	512	566.911242849467	1228.75974758501	554.468918304822	775.431112382976	498.311389476954	919.752193560156	500.788825741749	633.284037200331	312.856320621688	245.114872510941	-593.619785149436	688.2563853892	234	60	5	14	199	270	161	9	4	68	23029	1932	1553	110	771	0	0	0	0
8	1	3	12	52	down	1	512	493.389476768533	709.14378538683	524.22953548578	651.26271511624	455.729829996642	815.436446345187	461.05938755381	531.321631011761	313.185236513578	245.677178581058	-593.678367546365	688.393024601678	245	65	2	3	197	267	138	8	1	98	23240	1817	1483	84	747	0	0	0	0
8	1	3	12	52	down	2	512	516.103665389136	1052.72292085362	518.904098506147	682.788871281069	503.407657384771	969.361952781674	497.107011435205	613.45535942074	304.731579647637	234.589734923213	-593.603153521881	688.218604408109	279	61	4	12	156	261	165	10	1	75	23108	1905	1516	95	767	0	0	0	0
8	1	3	12	52	down	3	512	553.004405137268	1193.5162779945	536.632370619599	723.895149590768	483.493762019142	896.734453652718	482.182767520405	587.112019497882	317.806779344318	246.548217783578	-593.733737302978	688.521214416081	265	52	1	14	180	267	152	9	3	81	23106	1847	1565	106	795	0	0	0	0
8	1	3	13	51	down	0	512	503.033821992276	827.144221963943	519.766956806221	657.424546984616	522.706511105701	1102.62669208169	502.806631900026	626.225335124719	306.544034372973	234.026316833058	-593.617278611109	688.250658089951	257	62	2	6	185	274	159	13	2	64	22689	1821	1509	93	894	1	0	0	2
8	1	3	13	51	down	1	512	548.868670376963	1157.95176028839	531.82475130722	711.688780947453	542.313422131643	1213.56594312463	519.367048760511	691.06165397087	304.091988596658	230.318694356887	-593.632791233507	688.286960880229	246	62	4	13	187	259	169	15	2	67	22792	1811	1416	93	835	0	0	0	0
8	1	3	13	51	down	2	512	507.064198536647	939.739338634667	521.751126801973	684.679691241249	483.897014266644	751.812950780583	497.074371243251	598.823164739483	321.021778602834	243.856110142962	-593.996878623028	689.131254804915	259	69	3	9	172	271	169	5	5	62	22874	1713	1448	77	865	0	0	0	0
8	1	3	13	51	down	3	512	556.49782732852	1164.08479513328	547.014873512042	744.011487684084	490.231382806649	878.938452259048	494.57658217917	601.995678937181	315.069521594332	243.856782946938	-593.784814806633	688.639135343165	265	46	0	13	188	251	167	8	4	82	22756	1788	1462	106	819	0	0	0	0
8	1	3	14	50	down	0	512	525.32657774914	1108.31804578772	516.594537633555	682.053990891584	489.194908298212	766.030693993369	500.187345031447	595.731729084526	303.74651835153	230.097675704591	-593.64000978713	688.30432699682	267	65	6	13	161	262	178	5	2	65	22260	1786	1455	99	953	0	0	0	0
8	1	3	14	50	down	1	512	496.479646712283	861.662629132107	511.608661621781	657.130927489837	544.827057593821	1317.41027925867	511.309937248925	672.346444652056	304.62599130233	236.011473113564	-593.692075213902	688.423694996464	233	85	4	7	183	276	150	18	2	66	22330	1753	1432	85	897	1	0	0	2
8	1	3	14	50	down	2	512	528.551522763832	1044.94199858786	530.528445018216	697.111141745824	490.73892030476	900.414715268451	496.438007479179	622.888007332751	289.312645995662	206.782700331643	-593.750455256739	688.559837624022	264	58	3	11	176	285	150	9	4	64	22348	1741	1432	79	892	0	0	0	0
8	1	3	14	50	down	3	512	521.967930628831	995.965500763162	519.69016280107	670.965796315634	503.550449798506	1026.36814749496	489.443630166727	590.235648784083	290.573041883784	217.057165626033	-593.856713281239	688.806040068777	268	56	4	10	174	289	142	12	6	63	22265	1778	1452	105	955	0	0	0	0
8	1	3	15	49	down	0	512	533.819999940391	1123.8865629265	518.765172436251	681.675154671055	543.52317887415	1075.3247101316	547.868737217915	747.71524325158	304.529295143718	229.686596321163	-593.718473182452	688.484576380718	267	60	3	13	169	251	191	11	4	55	21849	1692	1454	93	1020	0	0	0	0
8	1	3	15	49	down	1	512	544.347863985392	1215.19432367119	521.327266952835	685.516355495614	568.263792005709	1258.77082728025	555.198796202612	777.796267478409	296.477210087017	222.233989455414	-593.68053228061	688.397612145337	263	63	2	15	169	254	189	15	3	51	21932	1676	1391	89	1014	0	0	0	0
8	1	3	15	49	down	2	512	506.670036597263	965.938443995678	505.906795484783	626.850967801543	579.463385474771	1424.43202273046	545.991800383564	769.372563559016	296.327812056381	221.584330019874	-593.695241179691	688.431378390048	281	60	1	10	160	245	181	19	3	64	21896	1734	1372	86	1064	0	0	0	0
8	1	3	15	49	down	3	512	515.077354154143	1059.43822570712	509.721580868945	656.206586784201	543.158433789774	1073.79921030581	548.123041528496	770.656152012905	282.347105774219	205.249438606294	-593.769672883644	688.604485142392	259	74	5	12	162	249	189	11	8	55	21871	1775	1359	83	1019	0	0	0	0
8	1	3	16	48	down	0	512	439.107730698514	563.439107124718	461.367804818684	502.102034049442	463.839253521955	791.470150929815	474.883006984161	579.378114606764	274.52464771042	196.464690850737	-593.634050690191	688.289374371399	285	74	5	2	146	266	146	7	6	87	21352	1831	1303	90	1037	0	0	0	0
8	1	3	16	48	down	1	512	490.471516093527	808.318943732056	493.671818424308	598.858917340689	488.79165605071	836.814726010832	483.587937000716	570.422131517881	292.502190391503	217.506261804435	-593.75082928303	688.56154544958	249	75	5	6	177	262	168	7	2	73	21323	1754	1401	98	1107	0	0	0	0
8	1	3	16	48	down	2	512	484.347863985392	860.657735886787	485.473491971093	584.650345934314	460.489696709764	782.781013162834	458.233955806211	526.617201030351	291.740168238342	217.167851049982	-593.762054324456	688.586433280409	271	74	3	8	156	277	142	7	2	84	21466	1659	1370	81	1155	0	0	0	0
8	1	3	16	48	down	3	512	466.06515822601	823.387217792169	471.106068216534	559.548438575347	447.91722753757	681.388103341451	456.887583462058	507.923599733948	293.570002878845	215.17362650564	-593.800047928129	688.674865192554	285	78	4	8	137	296	135	5	3	73	21475	1647	1357	97	1061	0	0	0	0
8	1	3	17	47	down	0	512	488.8868509932	788.356182250443	517.28886958619	648.666483606405	500.70148610696	856.298098204603	508.000910043444	620.914928744337	281.90719816404	206.184861017839	-593.753368844803	688.565679772664	290	51	3	6	162	262	176	7	3	64	20988	1617	1375	84	1071	0	0	0	0
8	1	3	17	47	down	1	512	565.241546080094	1228.65686686425	554.985775276912	782.475724148589	516.161426133826	1055.47813326841	508.046056148357	653.127673327235	268.315489766706	193.23659664157	-593.897692942692	688.900713907748	232	64	1	14	201	272	158	12	5	65	21012	1649	1302	101	1119	0	0	0	0
8	1	3	17	47	down	2	512	546.872735686341	1084.0404556939	547.42839285313	730.979790339017	479.501892637898	748.911844463733	499.156348286982	608.97240870065	276.288258579963	201.197244837073	-593.881402629105	688.863229675306	244	57	4	11	196	263	170	5	3	71	20971	1705	1300	88	1094	0	0	0	0
8	1	3	17	47	down	3	512	564.578906964151	1257.94023162098	560.625938567298	794.623634070739	506.247530768198	1072.85063413945	493.679597954352	623.880220969737	275.076803992001	193.032553147717	-593.834616602701	688.755166276388	243	61	2	15	191	278	145	13	3	73	20969	1644	1366	85	1150	0	0	0	0
8	1	3	18	46	down	0	512	512.899046921333	1021.84621052473	512.619867651488	670.330231579149	505.845351486022	863.124261985771	512.143658371561	641.148922226377	285.436711987658	207.067277088793	-593.876537660197	688.85187847057	256	74	4	11	167	265	178	7	4	58	20578	1606	1298	70	1111	0	0	0	0
8	1	3	18	46	down	1	512	499.751116232894	887.765056749015	514.759094655152	656.929999605665	479.645758016959	859.012949954246	494.676604597901	624.702873987198	274.62904961402	191.150873926816	-593.761155195227	688.58452091016	267	65	4	8	168	258	158	8	2	86	20668	1577	1227	80	1172	0	0	0	0
8	1	3	18	46	down	2	512	542.150303171019	1213.70385881979	525.900249825434	720.260131252983	523.705551416338	1044.38900954916	518.095298537328	676.068670257641	263.789263728869	182.399524128835	-593.728490055751	688.508380105283	253	69	7	15	168	248	179	11	2	72	20454	1670	1338	90	1193	0	0	0	0
8	1	3	18	46	down	3	512	545.106771009151	1116.3832472813	534.850311551714	707.562856466523	552.246571078835	1308.31361804131	524.234180903537	712.662085777282	273.956403722488	197.528097148703	-593.712532034396	688.472195552529	247	61	2	12	190	244	172	17	2	77	20455	1669	1336	92	1131	0	0	0	0
8	1	3	19	45	down	0	512	524.051042919151	1007.90519664659	521.103704143253	677.170277401066	503.379313495089	901.853311445724	510.157553825485	632.417732093643	269.250659823396	190.581947325362	-593.823983982038	688.730580324872	251	66	2	10	183	252	178	8	1	73	20172	1532	1243	93	1258	0	0	0	0
8	1	3	19	45	down	1	512	472.371182876333	771.811175550333	492.12450712918	597.299984354113	494.587997272269	954.149090419152	499.539524994853	630.60174060237	274.826729373926	197.859024628626	-593.82876001981	688.741184775391	264	79	4	6	159	261	158	10	2	81	20180	1548	1232	80	1236	0	0	0	0
8	1	3	19	45	down	2	512	477.505957947276	712.055971398919	505.038829733979	620.950031549719	467.899046921333	765.227583415332	484.496514469389	581.445958962972	260.304876767624	174.636989164379	-593.719873618324	688.48813786745	257	72	4	4	175	264	157	6	2	83	20147	1545	1265	83	1295	0	0	0	0
8	1	3	19	45	down	3	512	561.699453452271	1321.91450524326	532.4046092457	722.986798685826	513.579866653514	1051.6147185738	509.27488504536	663.015546325864	248.262360525431	166.020245239481	-593.924872035019	688.964494233408	249	67	2	17	177	273	157	12	3	67	20091	1656	1195	98	1228	1	0	0	2
8	1	3	20	44	down	0	512	520.240473114768	1030.13623136198	522.837759033491	700.654434571412	498.705551416338	893.579695994461	509.250193657767	641.861547619529	266.232012860266	188.040347330898	-593.751725886616	688.562298049994	265	63	4	11	169	252	174	8	2	76	19670	1513	1264	81	1350	0	0	0	0
8	1	3	20	44	down	1	512	491.334708367895	838.850201694024	506.519377605704	629.933095034404	516.085484772899	1030.72647957749	522.011997875158	716.428894816965	282.918116816311	211.000778826863	-593.549619777123	688.094125775013	267	68	2	7	168	247	172	11	5	77	19571	1511	1382	64	1337	0	0	0	0
8	1	3	20	44	down	2	512	504.703518761649	864.329142009699	512.790472409828	638.170351341466	504.635594743515	890.172592594452	505.875921237384	619.45267165132	262.170595491504	188.472460116397	-593.851860366041	688.7956441781	259	63	3	7	180	281	167	8	3	53	19682	1553	1212	81	1296	0	0	0	0
8	1	3	20	44	down	3	512	530.384338493829	1119.01782667283	515.531217921494	678.810257023702	524.012535756024	968.995218310178	519.485660882466	651.79164735925	285.49608250852	209.357203464655	-593.630280134004	688.280556609881	264	64	4	13	167	257	185	9	3	58	19664	1493	1290	81	1373	0	0	0	0
8	1	3	21	43	down	0	512	492.073288844766	871.373922157881	499.124025841834	619.729563181831	543.73389530602	1143.59610138045	536.243108704167	722.887140297552	251.192834314125	175.29472408769	-593.753016521323	688.565484443336	277	65	2	8	160	261	179	13	2	57	19144	1547	1242	83	1323	0	0	0	0
8	1	3	21	43	down	1	512	523.206031261019	1073.50785081542	518.782115346909	680.968513376951	516.046977609773	1028.87193277076	516.893132322597	680.786438120167	249.433985856892	171.441868467459	-593.814279227366	688.707316567631	261	68	2	12	169	249	170	11	7	75	19057	1618	1248	93	1349	0	0	0	0
8	1	3	21	43	down	2	512	508.206031261019	938.53445861074	510.096406410022	639.276127640171	497.976061247586	890.581911933509	502.829889858251	620.353968834454	265.241205921619	185.875481383926	-593.756697861667	688.57429101705	265	64	4	9	170	256	172	8	2	74	19296	1448	1197	75	1395	0	0	0	0
8	1	3	21	43	down	3	512	563.810909632273	1327.22537160797	543.160549002568	756.258391173589	487.87979333977	833.054192036985	503.107619444666	642.607277803137	255.185171736142	183.602099998383	-593.770074481478	688.605386021315	245	68	2	17	180	265	165	7	4	71	19225	1490	1210	91	1399	0	0	0	0
8	1	3	22	42	down	0	512	520.212129225086	999.709629351022	513.290671233876	655.232638697559	535.154368480396	1168.93002507997	538.476582474932	780.506420635998	260.839819125079	187.890459547986	-593.88674116434	688.876056321215	256	66	1	10	179	247	170	14	7	74	18795	1445	1193	71	1468	0	0	0	0
8	1	3	22	42	down	1	512	506.343798676014	929.212059446942	506.868914923726	627.678685970475	528.637627398203	1152.28789166359	517.539695256565	693.590693999396	265.875665357768	189.812375333978	-593.84928200157	688.789291168458	281	56	2	9	164	266	162	14	1	69	18768	1405	1241	90	1425	0	0	0	0
8	1	3	22	42	down	2	512	464.088477116951	750.403186601043	476.481790123581	553.8641728365	520.038846991017	991.390776516037	531.358095876459	706.861176033479	267.100853378886	196.773515666329	-593.84509472523	688.779208842086	282	74	3	6	147	269	171	10	6	56	18681	1452	1289	82	1440	0	0	0	0
8	1	3	22	42	down	3	512	505.231382806649	865.636902754389	512.399936286516	639.381201950453	505.422845656956	932.981020599868	515.123824892415	672.546133864695	248.374432918317	171.261330454097	-593.822562376121	688.727086992078	255	64	6	7	180	266	167	9	5	65	18829	1421	1171	83	1373	0	0	0	0
8	1	3	23	41	down	0	512	496.660946289145	957.605409977124	495.876411229266	627.692491463405	570.317487441021	1298.38191275985	557.873963887562	797.88260713626	245.790817063202	170.020905915596	-593.694003821322	688.428486718607	259	80	4	10	159	253	186	16	3	54	18210	1532	1181	69	1473	0	0	0	0
8	1	3	23	41	down	1	512	516.094575081018	1023.19698445072	514.499492197213	669.121540376094	534.358027258837	1059.54022914197	536.854243078079	730.356439557138	252.210817750714	169.058663511483	-593.638270046392	688.299757838693	265	66	4	11	166	252	184	11	4	61	18242	1461	1215	74	1567	0	0	0	0
8	1	3	23	41	down	2	512	557.783525431954	1347.06527586391	523.071655928974	706.294846415677	548.302299168836	1191.84488426665	556.629751857952	804.99216810529	261.071292130577	175.881145683491	-593.994415200505	689.125589913815	254	69	6	18	165	248	181	14	4	65	18301	1413	1205	73	1474	0	0	0	0
8	1	3	23	41	down	3	512	474.549490109143	772.321151407734	486.811511870404	582.32017600996	545.001412793217	1045.1921201272	551.39850433496	739.161504058932	265.74159998296	189.668970315052	-593.745352030881	688.547661856875	267	74	8	6	157	246	200	10	2	54	18346	1374	1198	74	1506	0	0	0	0
8	1	3	24	40	down	0	512	447.696347832256	715.852845946815	459.799483499307	542.8917882148	486.143245517589	874.78102555789	483.649791556328	586.105528195944	225.427074851502	153.974184186247	-593.72506438847	688.500541540439	297	76	4	6	129	248	167	8	1	88	17726	1572	1096	86	1543	0	0	0	0
8	1	3	24	40	down	1	512	480.355994604148	861.083460611831	477.544932010648	574.255274596814	458.600193200403	610.716726140335	481.344548800951	556.529318739405	249.712589405657	166.329667760024	-593.874509170091	688.847905068395	255	87	3	8	159	251	172	2	6	81	17997	1312	1099	72	1504	0	0	0	0
8	1	3	24	40	down	2	512	464.856474448829	792.310948998407	473.309019198907	569.689009528179	465.826097904458	761.744656062045	475.70793466104	568.382866908982	236.024510473785	161.903192679315	-593.721006522617	688.49138793428	272	84	2	7	147	262	155	6	4	85	17753	1476	1184	67	1562	0	0	0	0
8	1	3	24	40	down	3	512	489.328610403829	941.759286217784	478.875540747357	578.434645598606	480.624471780707	857.999201216105	476.940771747393	570.046040583381	240.57005791902	162.284246864456	-593.673767889417	688.382122413028	264	81	7	10	150	266	157	8	0	81	17846	1449	1110	75	1596	0	0	0	0
8	1	3	25	39	down	0	512	581.267857315087	1356.88834642012	570.527896642927	827.104117174748	498.609283508522	926.025368302621	499.315066566607	625.571310108258	224.339976212466	152.250030278285	-593.881325356168	688.863711145772	244	56	2	17	193	257	166	9	4	76	17480	1343	1058	87	1593	0	0	0	0
8	1	3	25	39	down	1	512	552.323585405088	1200.80320147511	539.164621386757	726.133553386391	507.93755408446	904.563286476788	516.142925575326	651.940840653436	221.811030654566	148.197292012498	-593.852463832961	688.79610275901	244	65	3	14	186	258	176	8	6	64	17462	1348	1087	71	1601	0	0	0	0
8	1	3	25	39	down	2	512	549.031789337587	1120.70519747293	547.732529703131	744.766213611935	470.585964617581	692.033791350014	492.248141487332	583.762149756819	241.316703837907	163.913895174704	-593.676434024905	688.388924320694	248	56	6	12	190	276	163	4	4	65	17407	1372	1119	70	1609	0	0	0	0
8	1	3	25	39	down	3	512	581.632602399463	1358.38723845059	555.407562968997	766.383447641528	482.611316163211	754.109627698348	496.577662468694	602.279095003217	226.958219197844	150.857074146627	-593.731551150631	688.515815062374	242	57	2	17	194	262	172	5	4	69	17341	1491	1063	73	1628	0	0	0	0
8	1	3	26	38	down	0	512	485.845351486022	794.370379960753	505.145494970511	627.146584374074	530.672069251952	1116.83423288515	523.307219046001	697.56778633298	237.193798177536	155.442941231917	-593.729753198193	688.511386839102	265	69	3	6	169	270	165	13	4	60	16972	1328	1095	61	1694	0	0	0	0
8	1	3	26	38	down	1	512	507.208063915708	901.592110211151	512.399630339328	644.485802424272	522.495794673831	1034.35530083285	512.40607717336	650.10234891617	234.671846892547	155.233966176099	-593.824895080585	688.732427277952	266	61	2	8	175	264	171	11	4	62	16902	1300	1183	71	1625	0	0	0	0
8	1	3	26	38	down	2	512	553.283045587272	1235.91761086328	536.290689510146	740.49226960446	504.089550082277	866.841782778316	511.780157943211	639.529720171334	222.199545247023	148.394756187007	-593.759910043407	688.580841866619	249	65	3	15	180	249	182	7	5	69	16899	1392	1099	66	1699	0	0	0	0
8	1	3	26	38	down	3	512	546.728870307279	1159.26972344241	531.38197633412	712.09366928121	533.570776345395	1127.89809572559	522.304403935333	706.245451775841	224.479892996924	147.475824624353	-593.794891536749	688.662484097367	237	70	2	13	190	255	172	13	5	67	16972	1336	1064	84	1736	0	0	0	0
8	1	3	27	37	down	0	512	490.461352820082	836.94421452691	499.435869004859	608.836715123736	556.55558807321	1240.95087060742	545.856177817977	772.645644394683	234.412608329626	156.662291712713	-593.821722618703	688.72490704737	268	68	2	7	167	250	182	15	3	62	16537	1236	1093	78	1674	0	0	0	0
8	1	3	27	37	down	1	512	521.881825994459	1036.89454939678	510.259629202004	640.828907893931	552.476541092268	1266.31938030917	520.890590168214	688.358012805914	215.521975730669	143.720569978913	-593.512417141525	688.008179365044	258	67	2	11	174	261	172	16	0	63	16468	1261	1132	83	1898	0	0	0	0
8	1	3	27	37	down	2	512	480.422845656956	782.198314840486	497.70330238959	601.60608635565	522.72683765259	971.291895227943	528.303315068645	693.333086014362	219.277779043765	148.842959261059	-593.719027644409	688.486592997958	274	68	1	6	163	248	188	9	2	65	16527	1320	1026	71	1854	0	0	0	0
8	1	3	27	37	down	3	512	537.908137229452	1165.12602895265	527.743708339282	703.457181510696	553.023658718831	1231.47237513223	538.130901863078	753.399603667936	229.315089204069	146.811825838485	-593.859472492196	688.811903603826	270	59	3	14	166	256	176	15	5	60	16604	1257	1019	64	1834	0	0	0	0
8	1	3	28	36	down	0	512	488.58093961884	768.543334761987	502.014291286837	608.424177708437	500.566711036017	961.026694560702	512.44670173875	673.961545154964	227.529626375416	146.803112865547	-593.705771392018	688.455527401391	252	71	4	5	180	265	159	10	5	73	16061	1266	1040	65	1873	0	0	0	0
8	1	3	28	36	down	1	512	505.106771009151	904.711404581271	511.284640474661	653.975478533606	508.071256190077	932.096760377804	512.83070001392	653.260842788763	209.63914093847	139.654879336387	-593.784017600733	688.638112404088	247	73	6	8	178	280	165	9	3	55	16071	1285	1008	68	1881	0	0	0	0
8	1	3	28	36	down	2	512	542.390436457896	1180.19299741311	518.698133957459	672.863782192227	524.3772808404	1007.52293407502	522.933148206611	682.517454539811	204.725225870105	126.876572497908	-593.777350165966	688.621197588246	255	66	1	14	176	247	181	10	8	66	16161	1241	960	70	1818	0	0	0	0
8	1	3	28	36	down	3	512	494.540399801024	848.657744150157	502.684082877064	628.427888606576	546.785558086643	1146.01206440496	537.151982355462	734.518300257818	222.456332092382	144.425020263071	-593.932919937468	688.98211301719	257	72	2	7	174	263	178	13	6	52	16041	1269	1047	75	1730	0	0	0	0
8	1	3	29	35	down	0	512	496.574841654773	850.286124696711	502.433568982628	623.147149789616	501.430976275712	859.295882265555	517.948153335681	651.588717236795	209.508493865968	136.905607213723	-593.798610124167	688.671347386834	261	68	2	7	174	258	178	7	3	66	15612	1243	1012	53	1758	0	0	0	0
8	1	3	29	35	down	1	512	514.799786669465	921.856861906223	510.154120885228	632.83729886495	472.601152889766	729.816937818195	491.812243387751	581.002370353533	209.717305995911	134.133262466303	-593.852143025043	688.794732807396	250	66	1	8	187	281	159	5	2	65	15722	1183	948	67	1880	0	0	0	0
8	1	3	29	35	down	2	512	499.96290563009	823.774377740746	509.108634811163	621.178118227763	501.133082244144	927.160178377762	506.427339957196	650.879119659899	211.641526100277	137.809354323357	-593.749055870168	688.556799035971	252	67	3	6	184	267	166	9	1	69	15556	1278	1012	74	1936	0	0	0	0
8	1	3	29	35	down	3	512	536.085484772899	1136.56240092751	520.591793150459	689.781270981145	524.856474448829	1072.71006592814	508.029316369213	638.41914958202	211.97651325878	135.810980004598	-593.82606506317	688.735223520959	247	71	3	13	178	268	167	12	3	62	15611	1225	1026	58	1844	1	0	0	2
8	1	3	30	34	down	0	512	479.030716372261	845.539327065949	491.202288321113	610.636766840234	533.993282174461	1095.09676864117	534.566309815314	728.813258557105	201.638430289272	126.328539229536	-593.863613130648	688.821936155696	285	69	3	8	147	250	179	12	5	66	15165	1229	954	60	1880	0	0	0	0
8	1	3	30	34	down	1	512	498.186777679456	958.853303182354	498.896707083667	631.929090678995	514.252669042902	956.65065149253	525.736242470415	687.755126914785	215.261023855223	135.73518223605	-593.81522400315	688.709429329346	266	76	0	10	160	247	181	9	4	71	15187	1156	989	76	1929	0	0	0	0
8	1	3	30	34	down	2	512	538.244538424146	1247.36461356121	513.651314327012	701.618211664152	509.117893971959	979.323816318951	512.683390962334	664.851241810344	199.480681597326	126.191714453709	-593.789571018569	688.650178315437	247	81	3	16	165	254	168	10	7	73	15245	1140	962	61	1881	1	0	0	2
8	1	3	30	34	down	3	512	513.858507103518	982.823149058225	518.971338095624	673.043915116322	517.428943621023	1031.21162286983	516.285959351267	677.885687266225	185.524023879169	111.857748270992	-593.894312690122	688.893155906731	265	63	6	10	168	253	172	11	3	73	15161	1218	958	71	1947	0	0	0	0
8	1	3	31	33	down	0	512	474.290103240702	767.929131267318	490.188062455872	586.635750119323	586.651855981026	1441.36994338364	565.397604588624	820.892279264608	196.239567905247	128.16654281229	-593.821812657096	688.725234054319	282	67	2	6	155	237	191	19	0	65	14700	1197	935	64	2051	0	0	0	0
8	1	3	31	33	down	1	512	504.156401135085	862.094107861643	504.081887774497	609.164923587122	536.248603733524	1099.31583811204	541.10707755987	738.975097445997	207.07444203253	135.278045917793	-593.732529793736	688.517736774128	264	61	1	7	179	249	181	12	5	65	14744	1125	955	72	2076	0	0	0	0
8	1	3	31	33	down	2	512	486.978093902275	837.777034388592	495.870738793983	605.27000645267	611.977020936949	1687.0036330942	560.72004349928	822.71623890175	192.908559403465	121.595779794731	-594.004942576066	689.149589023115	253	80	2	7	170	258	170	25	4	55	14728	1171	932	65	1880	1	0	0	2
8	1	3	31	33	down	3	512	514.616341161951	1016.27414292545	508.342823384632	651.974806850105	538.63870036353	998.806311226809	551.088965565173	749.541562164852	188.898578630871	115.80855959931	-593.902319570259	688.912627160971	274	61	5	11	161	245	200	9	3	55	14826	1079	935	56	2062	0	0	0	0
8	1	3	32	32	down	0	512	442.562645726639	680.428019166109	455.871694441455	522.697518433944	430.096607735707	592.075029301068	454.023886359841	517.058537271779	182.675177028669	115.403868702601	-593.699302837011	688.441145837559	279	88	2	5	138	266	141	3	6	96	14145	1234	950	55	2037	0	0	0	0
8	1	3	32	32	down	1	512	470.365084912266	874.746867869408	461.232731391623	542.20362178429	480.826097904458	822.607185207373	476.643499377379	547.966443104063	192.217610590467	115.664994800342	-593.569950930849	688.141387455902	265	91	5	9	142	266	162	7	0	77	14290	1073	946	75	2073	0	0	0	0
8	1	3	32	32	down	2	512	487.812942286962	911.965945603646	481.077904866356	586.686714538065	473.042912300395	734.998315666822	479.916406056562	558.58471530111	193.312811109972	129.145568519964	-593.63140597281	688.283805056367	250	89	2	9	162	271	163	5	2	71	14219	1132	974	59	2219	0	0	0	0
8	1	3	32	32	down	3	512	496.410649728822	1019.76814997398	476.037837517145	572.79728236392	464.126984280077	752.231125612461	475.061178788588	565.496722466411	185.454724075462	114.948156171118	-593.628676125964	688.277516160894	280	75	3	12	142	276	148	6	5	77	14231	1165	924	64	2180	0	0	0	0
8	1	3	33	31	down	0	512	550.433008930401	1086.89012165037	557.879903641743	773.317255875857	508.196940952901	946.090561532829	506.26330483175	626.306339798616	193.82508426913	124.056729411931	-593.628493987222	688.276792853444	251	50	4	11	196	251	177	9	1	74	13821	1127	875	49	2189	0	0	0	0
8	1	3	33	31	down	1	512	551.027724028209	1194.61650206742	546.910549725952	764.534156531847	592.322512439762	1655.90340902128	530.810094395288	743.835676387305	188.54796844817	120.017691412868	-593.873375126998	688.84461051454	250	61	6	14	181	257	158	25	1	71	13940	1043	831	58	2092	0	0	0	0
8	1	3	33	31	down	2	512	555.730902961968	1175.21872792251	549.996519393749	749.713537785072	522.169556752582	1034.7109556091	512.330627999795	668.648560050674	180.369374416093	111.765760611574	-593.848126634981	688.785607928642	234	65	3	13	197	264	172	11	2	63	13905	1058	857	52	2082	0	0	0	0
8	1	3	33	31	down	3	512	538.196940952901	1104.81783576253	538.803845563123	726.928245990422	502.533228871631	914.387662632652	507.186167632624	630.723303090927	181.497857955856	112.609292163159	-593.695315779537	688.432272957421	247	66	2	12	185	299	154	9	3	47	13780	1164	863	65	2082	0	0	0	0
8	1	3	34	30	down	0	512	508.024731684158	805.536246236045	520.465419210882	648.497910390995	506.353961949459	1011.77969103644	500.38551364282	636.333094162796	176.146424806211	110.047813699325	-593.818822934884	688.7182467869	243	63	3	5	198	254	163	11	4	80	13369	1096	862	33	2198	0	0	0	0
8	1	3	34	30	down	1	512	527.006437791957	1005.7380082449	528.796717573272	682.521431477319	490.989216865083	838.2519752716	506.912023380716	650.467876952013	184.047794655232	113.666551376731	-593.796390125811	688.66604458618	266	54	3	10	179	264	167	7	5	69	13329	1075	892	64	2312	0	0	0	0
8	1	3	34	30	down	2	512	489.521146219461	802.757078542106	503.581437766225	610.025585048853	497.976061247586	816.444441078837	511.14077396816	633.428993860573	181.502699202317	113.130141231467	-593.814202492288	688.707127339133	262	69	1	6	174	260	179	6	4	63	13343	1065	895	57	2164	0	0	0	0
8	1	3	34	30	down	3	512	499.924398466964	859.001870259006	508.239193939668	639.790545656732	533.053075573839	986.798769597013	530.17638848329	689.321700831999	181.851419793976	110.502591123292	-593.738999192631	688.532822607714	254	70	2	7	179	252	194	9	2	55	13274	1123	906	57	2173	0	0	0	0
8	1	3	35	29	down	0	512	501.026651062883	951.149082155782	505.500517446722	646.031242606334	533.542432455713	1097.47149371464	518.771306706503	681.277839906398	159.444944615893	99.9174283064336	-593.766438555838	688.595973068527	291	57	3	10	151	246	182	12	2	70	12913	1035	852	48	2248	0	0	0	0
8	1	3	35	29	down	1	512	539.194908298212	1141.73357636681	530.765204089276	728.356642761422	521.680199870708	1035.23113387583	518.909801962123	677.905795609437	180.30606704485	111.724181084016	-593.761759643273	688.585921585231	242	70	8	13	179	262	173	11	1	65	12852	1069	873	54	2326	0	0	0	0
8	1	3	35	29	down	2	512	489.281012932584	799.239116214426	500.717916072002	612.857067751304	521.890916302578	955.227583415332	529.256193725389	695.477124328017	175.167936679307	106.75024306931	-593.649282335346	688.325245492101	268	65	2	6	171	280	175	9	3	45	12959	1005	834	50	2247	0	0	0	0
8	1	3	35	29	down	3	512	495.230309841323	982.036443866176	494.158495669476	625.092307451984	507.611316163211	904.918941253045	514.976845117258	655.363466820697	187.244737782206	122.886608172832	-593.56613986889	688.131835897728	276	73	7	11	145	258	177	8	4	65	12955	967	873	53	2301	1	0	0	2
8	1	3	36	28	down	0	512	511.296201204769	942.831576237304	513.423408288561	648.151572841956	527.515048255394	1117.33800576589	514.650248977311	680.32752960242	160.89985707428	102.954829357947	-593.694384338602	688.429931425214	269	60	2	9	172	259	168	13	2	70	12557	973	767	39	2436	1	0	0	2
8	1	3	36	28	down	1	512	535.662978943834	1169.36372801192	519.449466774044	683.572118424684	528.004405137268	1079.76239596948	513.072458139892	652.331603547038	176.409204084034	107.980442210627	-593.545633004345	688.084654849004	252	72	3	14	171	265	171	12	2	62	12389	1011	878	58	2307	0	0	0	0
8	1	3	36	28	down	2	512	497.29416855008	955.993434816558	499.624330900901	636.020456348423	499.47247578289	882.392547614602	513.708281533582	654.227894165493	164.090052718267	102.992060175344	-593.872971230261	688.84362582163	264	76	5	10	157	275	163	8	7	59	12475	1016	784	61	2203	0	0	0	0
8	1	3	36	28	down	3	512	519.20399860633	1028.42137548065	511.287960842224	654.439494434785	515.096607735707	949.172596726137	521.732160684469	675.707945905335	163.084325904757	96.2909093740392	-593.955639423753	689.03515753465	268	63	1	11	169	266	174	9	5	58	12527	994	755	60	2280	0	0	0	0
8	1	3	37	27	down	0	512	523.723732032575	1103.41427455965	515.295177981108	686.268859445283	511.977020936949	1046.71094734573	508.500922837023	668.255782224026	169.715739785331	111.958482341812	-593.829982482597	688.743932329637	272	63	6	13	158	278	154	12	3	65	12002	963	810	49	2420	0	0	0	0
8	1	3	37	27	down	1	512	543.502852327261	1317.8524093697	509.227723754823	676.876237569899	488.31246244228	734.59877042335	505.292823573451	606.789463510552	157.616717520804	100.276201582692	-593.794016208922	688.660823994555	269	71	3	18	151	249	187	4	2	70	11889	1033	836	66	2292	0	0	0	0
8	1	3	37	27	down	2	512	525.010503101335	1117.13046909412	508.524536316949	660.97856270355	506.411722694148	940.424040391867	510.302643692163	640.771214022468	157.278901119476	99.6782698837407	-593.540264166512	688.073011704637	248	78	4	13	169	255	173	9	3	72	11968	988	812	56	2480	0	0	0	0
8	1	3	37	27	down	3	512	525.931456120393	1076.2794686162	511.38340019089	655.516952758153	515.787590741332	987.39787330535	521.170235775494	676.410522016564	167.169563657819	103.704349392326	-593.95721120448	689.039982637961	263	64	4	12	169	264	171	10	4	63	11997	985	805	37	2400	0	0	0	0
8	1	3	38	26	down	0	512	497.19897360759	745.037350073883	508.704405786718	610.446890742895	503.532269182269	930.287450954792	507.705292591689	636.26727622675	164.403424420109	103.284561681357	-593.773732568502	688.613411557508	260	57	1	4	190	269	167	9	1	66	11691	867	700	54	2446	0	0	0	0
8	1	3	38	26	down	1	512	492.755181542272	768.880359949838	510.16727140247	625.731571581547	543.445091582571	1315.09719695492	517.212236862053	700.871766029929	159.393551598171	98.5399556974253	-593.798105611668	688.670597634863	269	58	2	5	178	276	149	18	2	67	11557	921	778	56	2523	0	0	0	0
8	1	3	38	26	down	2	512	495.614308507262	910.351746240662	503.49906731199	636.358930009756	501.075321499454	887.296318842668	521.109201516462	684.880283673546	140.642493514114	85.7619961557595	-593.905881006869	688.920067143766	281	63	4	9	155	270	166	8	7	61	11542	994	727	49	2446	0	0	0	0
8	1	3	38	26	down	3	512	481.690363144153	720.823157321596	497.441498617996	595.087954081529	553.311389476954	1229.28878134456	539.954268905882	739.273685441368	149.030075954652	90.4892360958457	-593.677304812884	688.390052421035	251	72	6	4	179	262	174	15	5	56	11606	936	721	49	2451	0	0	0	0
8	1	3	39	25	down	0	512	551.727797341953	1299.44975437453	512.888639113844	675.318684697055	614.31952009571	1592.14244673369	601.706128494491	946.843806562387	159.058415094111	99.903615086665	-593.843940518757	688.77651617704	262	66	2	17	165	234	192	22	9	55	11110	896	763	31	2397	0	0	0	0
8	1	3	39	25	down	1	512	539.894981611955	1172.42935781924	524.387565132947	717.970655889842	525.155441445723	909.665738883807	545.130492225783	719.447478477516	134.217608001696	81.2618444414237	-593.753321120979	688.566005326081	258	64	6	14	170	234	204	7	3	64	11054	934	764	48	2508	0	0	0	0
8	1	3	39	25	down	2	512	531.046977609773	1200.90075650512	508.788004091089	666.895222657342	539.636667708841	1035.77526742171	550.248777408321	746.994631442461	140.070744066984	80.2396965992243	-593.829671998882	688.743106522318	241	85	6	15	165	248	196	10	1	57	11133	883	731	53	2480	0	0	0	0
8	1	3	39	25	down	3	512	513.004405137268	1018.92647461947	498.378459039407	620.597486791942	582.534301836958	1390.71982762866	573.188449373043	839.189395474966	156.075380456208	95.2469458422428	-593.866624381778	688.829993464767	265	69	2	11	165	250	185	18	5	54	11122	823	809	46	2474	1	0	0	2
8	1	3	40	24	down	0	512	440.815934631013	602.505181772523	454.728149849566	487.281678285156	490.067190880699	1011.36504600663	476.905189716942	586.168946826228	150.479259415984	90.7019028558096	-593.837973502238	688.761962604343	289	76	0	3	144	274	139	12	4	83	10717	807	725	39	2612	0	0	0	0
8	1	3	40	24	down	1	512	471.517080910083	733.750422461592	479.026202392427	563.318907240648	516.862572412896	1065.10474684808	498.589000226363	630.621255555646	134.474210245795	81.3241955544738	-593.82709221603	688.737645973329	264	75	6	5	162	255	166	12	3	76	10634	918	696	40	2583	0	0	0	0
8	1	3	40	24	down	2	512	466.171589407271	762.316274689155	475.619009714446	569.873481962782	482.485631400386	925.446199782346	475.428192961662	584.685172920508	132.320450305419	85.3648117822845	-593.942784653279	689.00564427115	261	85	5	6	155	279	142	10	3	78	10726	838	683	41	2567	0	0	0	0
8	1	3	40	24	down	3	512	481.420813002267	930.306957829109	464.783440347726	543.43225433033	464.098640390396	758.859955131183	476.926867388192	577.613874741356	149.831663928904	99.5423474504037	-593.690152248486	688.420153648101	261	89	6	10	146	263	154	6	3	86	10723	858	676	31	2633	0	0	0	0
8	1	3	41	23	down	0	512	568.963865319453	1326.52204026236	557.944258144917	809.515559488646	494.914235193519	842.62714105386	503.933549048555	619.042530173482	151.057370498098	89.961666539504	-593.647755035956	688.321199303902	266	51	2	17	176	273	169	7	1	62	10276	827	643	30	2689	0	0	0	0
8	1	3	41	23	down	1	512	583.033821992276	1361.62759415771	562.18068892805	806.807726672984	520.64372536227	1033.48967019919	517.214881992874	669.45701392466	144.227389107024	88.0761546018945	-593.8074685989	688.691954695512	241	57	1	17	196	261	172	11	2	66	10396	763	581	36	2642	1	0	0	2
8	1	3	41	23	down	2	512	568.810909632273	1223.95042989863	563.989637333803	799.949673815439	537.956807666023	1175.41073649421	519.143003466238	694.676857717273	139.879179152137	91.2268540382414	-593.721360375303	688.491353358849	253	47	4	14	194	245	174	14	5	74	10196	826	694	60	2679	0	0	0	0
8	1	3	41	23	down	3	512	562.1412128629	1252.95841223722	548.928424378426	760.414033474042	516.813901976325	1091.8754708362	514.549752399242	681.878387681316	132.624324115599	79.1444373873547	-593.785721085745	688.641932556806	243	62	4	15	188	276	154	13	2	67	10255	852	620	49	2679	0	0	0	0
8	1	3	42	22	down	0	512	563.330643058517	1431.38234933696	526.906461802282	744.84892857911	544.799786669465	1080.58413613593	537.779090212637	710.465229396985	129.016767647135	83.5396392289101	-593.674257912053	688.382703300082	249	77	3	20	163	246	195	11	2	58	9847	762	612	43	2873	0	0	0	0
8	1	3	42	22	down	1	512	510.624471780707	905.533573061458	518.701393287442	651.372079447997	492.697420797582	877.318049919404	495.187840503126	599.231576439274	125.37207014218	84.4584245078473	-593.918669149941	688.949500227809	270	56	2	8	176	268	165	8	0	71	9808	785	627	44	2744	0	0	0	0
8	1	3	42	22	down	2	512	505.17362206196	899.963729664598	506.943781358167	639.611753035663	514.367117566955	946.201420460501	512.494129671044	637.906260652248	136.661033349467	86.5788191102632	-593.927569206174	688.970551946324	262	65	2	8	175	274	173	9	1	55	9765	794	664	41	2691	0	0	0	0
8	1	3	42	22	down	3	512	484.347863985392	860.657735886787	494.970536413733	605.95851120923	498.062165881958	923.790334154565	506.267525854512	633.855790488925	123.342657827987	81.3302316541433	-593.692216936366	688.424765769695	271	74	3	8	156	262	165	9	2	74	9856	737	623	48	2763	0	0	0	0
8	1	3	43	21	down	0	512	461.38230583914	711.476802878643	472.066571709483	533.384399334425	533.340806331962	984.615175809338	531.457667450485	679.990133666688	117.274883191334	70.1876496371134	-593.70026043621	688.443760693411	279	74	3	5	151	258	192	9	2	51	9219	840	647	46	2829	0	0	0	0
8	1	3	43	21	down	1	512	532.78459839728	1138.13136290677	512.579358596177	664.851102514633	488.244538424146	760.415613212788	509.293762789147	628.715786365396	131.031295342169	80.1869081836545	-593.785621941223	688.641238109284	229	84	5	13	181	267	173	5	6	61	9386	747	570	49	2834	0	0	0	0
8	1	3	43	21	down	2	512	526.364125222903	1088.9903415916	511.68419319707	659.246924843924	541.727797341953	1172.39432284485	530.338703661478	714.449164837279	129.492673430544	82.2444910229319	-593.535130421518	688.059846015084	235	81	5	12	179	266	169	14	5	58	9319	751	639	43	2870	0	0	0	0
8	1	3	43	21	down	3	512	481.401559420704	818.186782041392	496.254860233213	629.779767827786	528.349896640081	1117.38944612627	525.542159617165	715.301827637713	128.868968839171	83.3833499616886	-593.646147115421	688.317176931784	270	71	8	7	156	260	167	13	4	68	9326	761	623	42	2868	0	0	0	0
8	1	3	44	20	down	0	512	522.860539758207	1109.99166371799	506.890276926459	647.48201909096	507.908137229452	969.343323193269	500.836499427264	618.987528124012	112.183128318535	73.695652126891	-594.103413627889	689.379258248575	258	74	2	13	165	278	162	10	1	61	8979	710	519	32	2749	0	0	0	0
8	1	3	44	20	down	1	512	531.862572412896	1200.07813905277	512.544374664788	674.517896788054	540.691322833515	1244.79033002288	523.7971390958	706.706069743509	125.699096443029	80.4431719475761	-593.804869417247	688.685115809148	251	80	1	15	165	261	161	16	4	70	8949	709	546	36	2784	0	0	0	0
8	1	3	44	20	down	2	512	477.188810334145	778.992994107759	481.789522761162	564.691541982312	498.206031261019	885.616497935734	515.19044491651	671.541237699616	115.879341253807	75.0906021987784	-593.885313320593	688.87245442914	267	74	3	6	162	265	167	8	5	67	8804	783	614	39	2838	0	0	0	0
8	1	3	44	20	down	3	512	492.227317497272	878.738893794184	497.576924482932	614.390952686276	531.546497765091	1060.61562064982	525.530887253272	703.906470669502	113.876393965479	74.7729192720851	-593.69011993678	688.419714634097	261	75	2	8	166	240	187	11	3	71	8930	744	550	16	2957	0	0	0	0
8	1	3	45	19	down	0	512	462.524138563513	710.298530650031	476.219842119435	540.259964580426	530.154368480396	1049.84576981593	525.751403398855	681.756088717468	102.93965680905	66.2303339769568	-593.800372021181	688.674559091238	289	68	0	5	150	259	179	11	3	60	8493	701	503	31	2937	0	0	0	0
8	1	3	45	19	down	1	512	531.142172552263	1041.2759181557	522.141954580824	669.970603960816	523.321552750399	1041.96284411532	514.894182056062	646.888777649068	111.980238109649	76.6643920882877	-593.691510243656	688.422311849692	281	45	4	11	171	251	177	11	3	70	8442	667	595	24	2991	0	0	0	0
8	1	3	45	19	down	2	512	556.517080910083	1313.23379465536	522.93300090555	695.351783070695	475.05810057258	772.781462135003	492.104728617864	591.410389028823	128.724930603072	77.6735541574064	-593.862680435003	688.819763442183	248	71	3	17	173	276	159	6	0	71	8391	709	585	43	2925	0	0	0	0
8	1	3	45	19	down	3	512	497.581899308203	916.754409499204	498.607659883102	615.580988802889	584.770369814457	1468.14909455084	557.962557929721	818.478783714502	116.765227740779	73.7807294680929	-593.777535942721	688.621871411593	274	66	4	9	159	246	179	20	4	63	8541	621	531	35	2919	0	0	0	0
8	1	3	46	18	down	0	512	484.616341161951	894.628908020739	483.63594258666	588.191387845891	507.956807666023	794.32426529112	533.610658876587	678.047891435964	99.9395762027947	70.0388367196913	-593.690386872539	688.42006726805	278	74	1	9	150	269	189	5	2	47	7990	634	554	38	3058	0	0	0	0
8	1	3	46	18	down	1	512	458.446164547897	640.433793829025	486.549552472098	573.548194093993	539.444131893208	1100.66661203803	533.07117730023	713.315406891026	112.280202002409	76.5730886951827	-593.579789293196	688.164846012665	267	76	3	3	163	258	180	12	5	57	7986	675	521	34	3106	0	0	0	0
8	1	3	46	18	down	2	512	464.798713704139	789.555736583622	476.166523947541	564.01698407506	533.340806331962	1095.80807819369	523.986765837205	682.30577060145	112.825926137601	74.6454433391797	-593.820143070952	688.720765183601	279	80	1	7	145	250	181	12	1	68	8102	584	503	27	2937	0	0	0	0
8	1	3	46	18	down	3	512	506.996274518512	965.556181424106	508.400934567826	651.23096202503	519.367117566955	991.174812665185	519.889513025352	668.787385527942	95.6603487502843	65.1569258416492	-593.55059501918	688.096214416848	277	60	7	10	158	270	172	10	3	57	8022	673	488	33	3130	0	0	0	0
8	1	3	47	17	down	0	512	465.979053591638	716.067932511756	484.333540370486	575.423817616997	541.891989267904	1077.04976842226	543.387852270757	722.673062816714	109.499503769613	69.4215089688038	-593.825875062802	688.733974706671	287	66	2	5	152	243	194	11	2	62	7656	545	474	29	3084	0	0	0	0
8	1	3	47	17	down	1	512	487.467450784149	874.312287651543	490.800582970189	601.754902726372	579.587997272269	1274.13801072391	582.63422249831	854.18284735669	94.9553511675333	65.9229123226168	-593.733585794178	688.520325130609	251	84	4	8	165	257	193	15	8	39	7646	559	465	34	3182	0	0	0	0
8	1	3	47	17	down	2	512	496.574841654773	924.396987756068	502.487689446073	639.271490753069	555.778500433213	1095.4063087478	555.673938727023	746.11175162623	112.579831948353	79.4050423227217	-593.909595739753	688.929056454269	253	80	4	9	166	254	200	11	2	45	7528	667	472	37	3049	1	0	0	2
8	1	3	47	17	down	3	512	494.223252187894	804.401864474647	503.601165802743	610.108273437254	563.37022318697	1115.67106044287	569.755011519117	779.927970071334	94.2990128393145	63.087432517316	-593.73651784766	688.526847614418	275	57	2	6	172	238	212	11	1	50	7603	602	472	27	3033	0	0	0	0
8	1	3	48	16	down	0	512	448.03274902695	686.925135966335	454.319513177391	504.132843332635	470.682232525397	659.588119041854	487.483779345344	564.86948597671	100.633968286326	72.3533777944659	-593.837917984955	688.761892123748	286	80	1	5	140	271	171	3	2	65	7035	624	499	34	3154	0	0	0	0
8	1	3	48	16	down	1	512	480.259726696331	856.500309185629	479.116536600659	579.059242220407	527.764271850391	1113.29986517148	512.365866665086	669.486685420046	118.650786420132	74.0904565512185	-593.821506544456	688.724290181864	268	80	0	8	156	267	164	13	4	64	7156	548	462	26	3101	0	0	0	0
8	1	3	48	16	down	2	512	513.378240529763	1087.00673458253	493.030858720339	614.486192648965	465.85444179414	755.142434338638	476.210176825035	559.709734148443	97.8787249162053	68.8482232301287	-593.742557001439	688.541155446278	273	71	3	13	152	279	150	6	2	75	7130	538	496	28	3130	0	0	0	0
8	1	3	48	16	down	3	512	450.163458788515	730.218707264085	458.876424296019	527.609573462138	465.393428801948	711.978351556966	485.598635131283	581.306647062662	78.9316651290634	62.1586443670046	-593.728047240397	688.507134947061	277	88	1	6	140	294	149	5	2	62	7093	620	444	35	3009	0	0	0	0
8	1	3	49	15	down	0	512	538.254701697591	1033.46218511796	541.615676469743	724.239308488209	489.252669042902	805.867945733148	503.614277894969	615.425558695487	88.9254642951509	68.0936561455306	-593.565570506249	688.13115784226	248	58	1	10	195	255	177	6	0	74	6710	533	409	28	3372	0	0	0	0
8	1	3	49	15	down	1	512	532.755181542272	943.416947734239	546.696526763408	734.351503469245	525.662978943834	1042.33490427756	524.461231264128	677.043655436198	107.859871323733	70.9299006728124	-593.621802355543	688.261553576871	261	43	9	8	191	260	176	11	2	63	6688	514	451	27	3265	0	0	0	0
8	1	3	49	15	down	2	512	553.840326487281	1098.36107962745	551.455167577155	748.54912423338	501.545424799765	885.902082763204	512.539543060903	653.280000336474	90.2603435029987	60.0525359852173	-593.892055898173	688.888054618471	237	56	5	11	203	281	166	8	1	56	6743	492	426	19	3168	0	0	0	0
8	1	3	49	15	down	3	512	542.976061247586	1221.33800989758	526.873911690481	711.032203374512	507.218227189153	910.022270945976	520.208696381838	686.711712764051	95.5636090132264	66.87280749391	-593.696087459626	688.433325261966	244	76	2	15	175	243	181	8	6	74	6647	530	475	28	3221	0	0	0	0
8	1	3	50	14	down	0	512	535.010503101335	1095.93756670977	525.308682822486	697.381492503388	524.20399860633	1073.39476768533	517.349198420534	673.426402644149	78.0057025956667	59.4441879251192	-593.730984313628	688.514438483499	256	63	1	12	180	264	168	12	3	65	6208	549	384	27	3279	1	0	0	2
8	1	3	50	14	down	1	512	469.53023652758	800.557956654355	479.588065600788	574.608588485855	517.851449450088	850.161961871382	536.805344237165	685.918585296256	77.0400165728789	60.6771199825398	-593.850455274396	688.791300451872	268	82	5	7	150	260	194	6	3	49	6197	561	388	22	3092	1	0	0	2
8	1	3	50	14	down	2	512	484.328610403829	859.730462483421	488.27267627863	595.948250024094	528.053075573839	1015.93624045169	535.243906902353	722.546937816832	88.2472656850802	64.0256021745853	-593.883389759352	688.867883373778	272	73	4	8	155	248	187	10	2	65	6263	493	383	29	3180	0	0	0	0
8	1	3	50	14	down	3	512	465.624471780707	797.136672070777	474.692683873613	575.819087698753	529.251596077576	1038.52913291999	535.913414555828	718.116444411212	78.7981183023304	58.1082392456717	-593.56674913638	688.133259609949	262	89	4	7	150	276	169	11	8	48	6283	476	387	22	3276	0	0	0	0
8	1	3	51	13	down	0	512	463.637627398204	789.806735408868	474.798454581075	576.546237923324	532.889956613215	1135.1850192062	539.681495871031	776.362716843924	81.5952381882928	59.552147471701	-593.929910020326	688.976507713914	270	85	5	7	145	234	178	13	7	80	5783	469	378	26	3192	0	0	0	0
8	1	3	51	13	down	1	512	496.526171218202	914.112280214509	491.803175599664	589.506477978729	507.476541092268	972.618713874782	512.287904040004	643.672393869654	71.8555459702961	61.4538636167855	-593.77284855649	688.611646302378	278	65	2	9	158	269	165	10	1	67	5773	507	344	32	3251	0	0	0	0
8	1	3	51	13	down	2	512	501.545424799765	885.902082763204	500.631384648335	607.52590855318	549.31952009571	1192.68568233524	531.156686075157	694.3117536424	90.5548335113695	64.044825060432	-593.699313677752	688.441533760069	281	56	1	8	166	254	182	14	0	62	5777	464	396	19	3151	1	0	0	2
8	1	3	51	13	down	3	512	515.537294181009	1123.67147636156	501.363168785147	656.485884677357	530.461352820082	1085.6448809613	529.961698851218	699.582188910902	98.4912349488772	71.2262175424995	-593.743735088607	688.543963128359	277	70	5	14	146	260	174	12	3	63	5811	429	398	18	3323	0	0	0	0
8	1	3	52	12	down	0	512	478.73389530602	818.19698445072	478.990382915393	570.491111323936	531.757214196961	1091.80497257367	531.859265027936	726.863182125669	82.0061502208954	65.156480822864	-593.717771488173	688.483673567285	265	78	3	7	159	250	178	12	4	68	5290	457	374	23	3444	0	0	0	0
8	1	3	52	12	down	1	512	525.32657774914	1145.40008511271	512.317977287018	686.643087752787	534.885891303837	1097.93002921166	530.498314473857	711.66951773969	57.6478823050239	55.2172735520443	-593.940390420444	689.000326202696	267	70	3	14	158	248	181	12	4	67	5312	467	337	28	3208	0	0	0	0
8	1	3	52	12	down	2	512	485.998307173201	933.99742185417	481.828030762678	576.416266436689	521.44006658383	994.631132223157	530.22388905013	696.349121061904	67.5817488237286	57.2172082886618	-593.791383940762	688.654590724381	274	79	2	10	147	268	173	10	5	56	5352	408	359	25	3375	0	0	0	0
8	1	3	52	12	down	3	512	487.438033929141	902.010285043029	485.645381132872	584.877897346969	534.328610403829	1050.12957941315	550.339162483189	783.759833254719	74.6409361039968	61.2903890214141	-593.774218868747	688.614755921634	271	76	2	9	154	268	175	11	9	49	5332	434	357	21	3386	0	0	0	0
8	1	3	53	11	down	0	512	488.762239195702	938.596978666361	492.01985551686	630.060911099547	508.551522763832	902.050645708171	527.976804047639	680.496286945404	73.8566222778013	63.98947317072	-593.648151756383	688.322361540005	270	78	6	10	148	268	174	8	4	58	4910	383	318	21	3449	0	0	0	0
8	1	3	53	11	down	1	512	492.82203259508	875.2989796222	491.558813226748	606.200216807262	562.314495096969	1150.08436268785	552.945665209817	749.68657306026	66.99259252847	65.6388582252881	-593.870196564536	688.837261417703	272	68	1	8	163	238	207	12	0	55	4871	421	319	21	3604	0	0	0	0
8	1	3	53	11	down	2	512	497.217154223827	952.337556793722	492.512023625803	616.694675286311	540.068263846025	1069.52870047456	539.376541481076	723.56901662896	73.0423981904744	63.7455215636676	-594.025348508622	689.196998939958	276	70	1	10	155	249	188	11	6	58	4911	405	298	18	3382	0	0	0	0
8	1	3	53	11	down	3	512	530.126024590715	1019.39256000966	514.283535381337	651.225996991399	526.987184210394	1041.89277416653	520.357717811127	662.237645006834	78.974516552391	58.3991742200881	-593.822966330815	688.727117981172	246	64	4	10	188	267	175	11	1	58	4874	415	319	24	3453	0	0	0	0
8	1	3	54	10	down	0	512	493.397494111326	1056.23555749056	478.690673029521	599.167398491816	508.31246244228	840.381476182732	523.757683408355	659.911001562189	66.624075559784	56.8405725746389	-593.791408622683	688.654405744248	268	89	2	13	140	241	191	6	8	66	4446	339	308	27	3404	0	0	0	0
8	1	3	54	10	down	1	512	475.336741022584	778.127363474101	477.149832135857	556.179055431591	585.634635054152	1329.36285072601	566.881239961241	810.640473400151	63.7503193276452	59.1254907226645	-593.72803450137	688.507045699081	264	78	1	6	163	243	202	16	1	50	4473	342	283	22	3590	0	0	0	0
8	1	3	54	10	down	2	512	491.603185544455	946.932236887333	476.42355094038	578.171129197547	584.626504435396	1283.93712600097	572.562154632976	809.637210878826	57.2210402343693	50.5226368395352	-593.806142140621	688.688455845183	266	80	2	10	154	259	199	15	3	36	4426	380	290	24	3518	0	0	0	0
8	1	3	54	10	down	3	512	507.831122903199	1076.85373975947	493.054129781595	630.541794510866	536.6133488179	1063.75929861284	552.386835647617	773.667305924549	61.3008476814884	52.3203790311182	-593.867163162227	688.830141277467	278	73	0	13	148	251	186	11	4	60	4475	340	293	12	3416	0	0	0	0
8	1	3	55	9	down	0	512	531.343798676014	1191.18766759067	506.539801722045	666.917999534733	544.406697695408	1011.54999497419	557.955328153507	750.291552165866	43.045676359127	50.7499376733003	-593.68190756487	688.400725599656	265	70	5	15	157	235	206	9	6	56	4023	333	239	13	3785	0	0	0	0
8	1	3	55	9	down	1	512	501.401559420704	961.078134921083	499.869236579713	637.881370891658	569.704591726975	1205.71452259634	568.411335122356	808.266482129862	45.3865374931506	55.3127184039373	-593.673171582589	688.38117091736	266	71	7	10	158	218	213	13	3	65	3986	329	277	16	3554	0	0	0	0
8	1	3	55	9	down	2	512	479.300266514147	784.303860472464	493.602985667536	610.199068004988	562.459433441357	1053.78592706658	572.62868676113	791.778328630833	64.2163227611698	54.0660875586643	-593.596515646446	688.203117845645	263	75	3	6	165	212	230	9	2	59	4064	295	232	17	3632	0	0	0	0
8	1	3	55	9	down	3	512	497.102705699773	851.593885441401	494.837890756656	604.877934988262	526.334708367895	1005.49543659873	541.145896140739	717.863352116132	49.4597634483237	52.6721593656796	-593.984999912058	689.103791611591	257	69	5	7	174	263	179	10	4	56	4039	334	222	13	3505	1	0	0	2
8	1	3	56	8	down	0	512	462.322512439762	819.774801922804	454.968889683166	531.920465365875	626.641692707581	1681.61384128789	582.074331774014	881.204408146174	60.9306879116848	55.8849051753041	-593.740143391136	688.53582685083	277	85	6	8	136	248	191	24	1	48	3575	317	194	10	3626	0	0	0	0
8	1	3	56	8	down	1	512	463.73389530602	794.416494630386	455.203214433002	514.691195352682	568.993282174461	1187.63114048653	568.44045386403	793.687655946693	43.1748652317709	55.0518276276165	-593.78089440809	688.630178276957	261	91	4	7	149	254	198	13	5	42	3550	310	219	17	3728	0	0	0	0
8	1	3	56	8	down	2	512	463.810909632273	761.043548918858	461.015471821402	528.871093153146	521.027724028209	850.585462394008	545.788957142671	719.690759394122	51.8749585565173	54.4327552883004	-593.658107697135	688.345188375318	257	90	3	6	156	270	192	6	4	40	3533	327	222	14	3864	0	0	0	0
8	1	3	56	8	down	3	512	450.903112230711	704.591220530184	452.227428673075	499.153013444496	581.536334491647	1353.77747922908	567.244433816336	814.245634688712	46.5604735193605	55.2300248029232	-593.770892114145	688.607014208498	254	97	4	5	152	251	190	17	3	51	3537	320	222	17	3719	0	0	0	0
8	1	3	57	7	down	0	512	495.471516093527	927.456414586729	490.478722387135	600.462383758408	595.471516093527	1308.30786403682	595.517875705705	868.999089908782	38.999599968935	50.1330465035177	-593.787202116331	688.644911995347	245	87	1	9	170	245	212	15	3	37	3135	250	185	14	3696	0	0	0	0
8	1	3	57	7	down	1	512	435.019593409454	596.337111953238	450.788431339459	490.806525408862	619.128057245404	1495.68746582886	601.756933317723	904.127229452046	36.236949544938	52.6010900320837	-593.72815186325	688.508101915912	278	86	3	3	142	231	213	19	6	43	3102	259	204	19	3714	0	0	0	0
8	1	3	57	7	down	2	512	477.495794673831	888.929576107801	466.040815557298	554.808703978739	610.394501767274	1439.59877042335	608.82681569812	932.946028831543	50.1391049216549	55.0763128865814	-593.736134346157	688.526487544972	264	88	1	9	150	249	208	18	1	36	3072	256	235	21	3770	0	0	0	0
8	1	3	57	7	down	3	512	516.996274518512	1055.55618142411	496.242294054608	615.582990874838	601.911242849467	1469.54245334439	594.497699272869	902.873800964124	34.7752274148986	53.9095418234622	-593.834075402322	688.753281569826	277	62	3	12	158	226	203	19	5	59	3131	267	176	10	3596	0	0	0	0
8	1	3	58	6	down	0	512	415.815934631013	488.724691952189	444.873518255838	493.102962805758	584.521146219461	1360.9943327609	583.914216249982	860.553610650588	36.2611038760536	54.2379040381135	-593.94827222963	689.018363531982	285	87	5	1	134	246	194	17	3	52	2662	232	167	11	3734	0	0	0	0
8	1	3	58	6	down	1	512	419.635594743515	570.130456699061	434.649740601597	468.116302139294	576.632602399463	1239.27637539124	584.17357024226	855.907193922623	33.7441431830816	48.0303761266765	-593.724066621055	688.498663678793	277	97	5	3	130	250	202	14	2	44	2645	213	203	11	3862	0	0	0	0
8	1	3	58	6	down	2	512	416.545424799765	639.997417722485	417.399667538184	429.134943097561	617.468523749475	1392.84845125389	620.958537622962	941.730763254163	33.363043967243	48.8002544915907	-593.676813977891	688.388627283851	273	111	1	5	122	218	233	16	3	42	2620	240	196	16	3790	0	0	0	0
8	1	3	58	6	down	3	512	425.365084912266	618.128240760013	440.527955415052	483.733415577895	581.748123888842	1215.62272157082	599.840152630067	901.62654926702	49.8334991887321	54.5147801873925	-593.895246319146	688.895829697691	273	100	3	4	132	236	212	13	8	43	2673	214	174	11	3668	1	0	0	2
8	1	3	59	5	down	0	512	469.981086246327	835.265270905887	458.566287713523	530.825328181285	656.286037931324	1942.47902294938	613.233296979139	994.004564993815	24.5028330227889	53.8096506286534	-593.843926392878	688.776569941043	272	83	5	8	144	252	180	30	4	46	2235	184	137	4	3784	0	0	0	0
8	1	3	59	5	down	1	512	452.571736034758	874.06481862837	436.671884802444	491.241674187017	638.926431121652	1673.94422692197	617.058774374564	963.978837652029	21.8178291081578	56.169181742061	-593.951263169914	689.025615893518	285	97	0	10	120	223	209	23	9	48	2276	172	100	12	3864	0	0	0	0
8	1	3	59	5	down	2	512	445.758173886324	792.971695476452	441.239070330165	494.062470090369	601.594095236336	1425.31318146419	584.581322208252	849.281314212495	34.1093559393142	48.1693090763987	-593.842609378281	688.773129229992	280	97	1	8	126	248	202	18	1	43	2249	158	143	10	3866	0	0	0	0
8	1	3	59	5	down	3	512	420.614308507262	606.172139490599	427.351500082307	456.996362637562	599.348936950718	1355.4134096688	601.662220308037	900.80718111027	32.7537490253995	43.9534026439092	-593.913445192674	688.938138349597	281	98	4	4	125	234	214	16	3	45	2221	189	137	13	3847	0	0	0	0
8	1	3	60	4	down	0	512	453.61837381664	773.043540655488	446.602577804817	503.817868860765	586.019706685417	1236.58237743242	589.4926249535	842.750410792544	33.8866610306589	55.5100545622318	-593.771820433615	688.608039407757	271	92	4	7	138	211	228	13	2	58	1788	144	109	7	3907	0	0	0	0
8	1	3	60	4	down	1	512	439.183672059441	773.494526259342	431.953259226798	481.677550301823	628.235448116027	1582.82759746306	611.383587364644	943.102626268044	30.245126715344	52.6778135374241	-593.746423011288	688.550567206071	294	91	6	8	113	229	210	21	7	45	1761	157	123	7	3794	0	0	0	0
8	1	3	60	4	down	2	512	434.702445796323	737.411605516751	432.324525884009	472.371930438344	560.299306824784	1075.24578468999	575.455743199118	796.149777794716	31.8454215198367	55.4520863220678	-593.796285054582	688.665888631703	284	99	0	7	122	237	215	10	1	49	1760	173	104	11	3883	0	0	0	0
8	1	3	60	4	down	3	512	412.908137229452	522.245755768199	434.055162034821	465.824501093064	623.226357807909	1434.21740579612	629.646296151531	980.851455157273	27.3365753971668	48.2267224127547	-593.92494726222	688.964681078827	278	97	6	2	129	227	229	17	3	36	1793	126	122	7	3822	1	0	0	2
8	1	3	61	3	down	0	512	429.060133227269	701.55307580409	433.280472932887	477.970396238976	587.410763004786	1268.42139613908	592.374703754101	867.119002663017	13.5554551114369	46.7242286079996	-593.83016130978	688.744049109353	261	113	2	6	130	225	219	14	2	52	1350	92	86	8	3933	0	0	0	0
8	1	3	61	3	down	1	512	400.172549096634	569.292311146631	409.371177824359	410.729576973884	569.16656440853	1158.86795399652	588.949223087174	854.484322995496	19.3581564210041	50.0254038033777	-593.877436531157	688.854174740346	287	109	4	4	108	241	209	12	3	47	1347	109	73	7	3985	0	0	0	0
8	1	3	61	3	down	2	512	418.204958295693	668.698961442786	421.268083483859	447.450904950189	606.920333157586	1432.87548736294	599.313638005219	882.511500784883	19.3996906672872	47.1109768882133	-593.72718019103	688.505285600115	290	101	6	6	109	248	204	18	4	38	1296	123	113	4	3987	0	0	0	0
8	1	3	61	3	down	3	512	451.919260192259	800.585441735582	440.02195002656	491.400442101886	624.43504158509	1539.43114544455	612.386001837486	948.182519600464	10.5991406120644	45.8651765799537	-593.873485418283	688.844929663063	281	90	6	8	127	236	212	20	3	41	1331	119	82	4	3971	0	0	0	0
8	1	3	62	2	down	0	512	435.882785683822	700.979232974563	431.741945620782	462.448752637371	651.556661038536	1592.81519150974	632.061506855777	980.037008509084	23.1183881995964	48.1030635441931	-593.761211730271	688.58462005827	288	91	2	6	125	217	238	20	4	33	886	76	58	4	4091	0	0	0	0
8	1	3	62	2	down	1	512	437.159393479137	780.349522038244	425.882760734408	462.37705133219	623.456327821342	1540.44489418269	602.383956209571	899.890491060603	17.4965405385465	52.9365456122722	-593.574522958291	688.152073317956	275	106	2	8	121	228	213	20	5	46	876	87	57	4	4109	0	0	0	0
8	1	3	62	2	down	2	512	422.832195868525	587.494102077283	433.085860609461	472.452767135534	649.512055911343	1656.86751328772	629.095888146643	1004.33893439227	11.5189780129261	48.1647961402932	-593.782495489873	688.63360942237	253	111	2	3	143	228	224	22	2	36	909	50	63	2	3939	0	0	0	0
8	1	3	62	2	down	3	512	440.595054925699	711.080787437245	438.87158309317	477.297090439509	649.626504435396	1757.55796904941	625.553155898711	1012.79568749428	9.2911475337889	49.7546716035598	-593.893909336353	688.893359537808	282	91	3	6	130	239	203	25	6	39	891	76	53	4	4095	0	0	0	0
8	1	3	63	1	down	0	512	448.541359490387	798.498525692009	441.075863780739	499.511566357604	615.673142217278	1489.91806396713	623.435288931862	978.512888919926	10.9988228302623	46.1683707376684	-593.95139581268	689.026583969978	275	97	4	8	128	233	211	19	4	45	439	35	37	1	4108	0	0	0	0
8	1	3	63	1	down	1	512	453.551522763832	777.817823367477	446.543221991583	510.921487066313	704.406697695408	2006.40587630237	662.529136187273	1098.28232114496	4.75543192703191	46.0879124816937	-593.781411891459	688.631741035634	260	99	4	7	142	211	236	29	2	34	439	39	32	2	4206	0	0	0	0
8	1	3	63	1	down	2	512	453.646717706322	803.49675046176	448.869764566373	519.16351293006	608.475581402905	1406.37216758606	627.165811964789	983.694771576023	9.28932845415435	42.592740365189	-593.911149392615	688.932363083958	284	88	3	8	129	227	214	17	10	44	446	36	26	4	4010	0	0	0	0
8	1	3	63	1	down	3	512	408.013495445387	622.600961572288	404.942971772831	403.595691677188	689.579979929477	1805.58725828268	685.293645569994	1153.43807941028	-5.16593950141206	51.3674218016468	-593.781738367807	688.632107783301	279	113	2	5	113	202	251	24	5	30	449	34	27	2	4046	0	0	0	0
8	1	3	64	0	dwell	0	512	401.305291512887	538.561494719798	406.35165451475	417.248606870976	0	0	0	0	-8.97857446091584	51.4200709815245	-593.79660061601	688.667038007099	279	109	5	3	116	0	0	0	0	0	0	0	0	0	4284	0	0	0	0
8	1	3	64	0	dwell	1	512	400.32657774914	576.657282782933	402.825157892403	406.137609959277	0	0	0	0	-6.69007292935763	49.7337591263132	-593.749495933139	688.557980374672	271	119	4	4	114	0	0	0	0	0	0	0	0	0	4183	0	0	0	0
8	1	3	64	0	dwell	2	512	409.35695429351	548.922026214635	415.56344904553	423.067517682561	0	0	0	0	-7.36212976140815	46.5566392460062	-593.885503441988	688.872697831211	285	99	6	3	119	0	0	0	0	0	0	0	0	0	3956	0	0	0	0
8	1	3	64	0	dwell	3	512	397.513975290068	524.63776351356	410.938202885676	430.767827741622	0	0	0	0	-3.79916496175685	51.7782911110266	-593.893264999676	688.890616658137	292	102	9	3	106	0	0	0	0	0	0	0	0	0	4016	0	0	0	0
8	1	3	64	0	dwell	4	512	419.337700711947	712.105615870625	412.267531340653	448.147972487726	0	0	0	0	5.04865665954679	50.9229840729552	-593.711326112316	688.468969301958	278	112	5	7	110	0	0	0	0	0	0	0	0	0	4292	0	0	0	0
8	1	3	64	0	dwell	5	512	401.352888984132	532.859938604443	405.687033284271	398.440747285371	0	0	0	0	-8.33131292065152	54.015175362831	-593.894750538581	688.894113071166	291	101	6	3	111	0	0	0	0	0	0	0	0	0	4097	0	0	0	0
8	1	3	64	0	dwell	6	512	418.281972621946	746.492310320294	407.581370959852	436.42205496601	0	0	0	0	5.13954498695423	50.0754323758632	-593.934556932315	688.985939449098	274	118	8	8	104	0	0	0	0	0	0	0	0	0	4053	0	0	0	0
8	1	3	64	0	dwell	7	512	392.476541092268	493.822695954372	399.466198019853	398.614671194586	0	0	0	0	-1.24167186294878	50.950228962494	-593.845857979417	688.78086407891	265	120	6	2	119	0	0	0	0	0	0	0	0	0	4098	0	0	0	0
8	1	3	64	0	dwell	8	512	393.215121569138	526.346416418228	395.064873495971	378.698937455742	0	0	0	0	-1.94186345494229	53.2871433653766	-593.727901236352	688.507708881948	275	117	6	3	111	0	0	0	0	0	0	0	0	0	4171	0	0	0	0
8	1	3	64	0	dwell	9	512	432.811869321636	771.720251810723	416.878171279378	444.673949472376	0	0	0	0	-1.63416688423346	54.0957249147814	-593.701183509186	688.445019117261	275	108	5	8	116	0	0	0	0	0	0	0	0	0	4126	0	0	0	0
8	1	3	64	0	dwell	10	512	418.723732032575	714.644864434558	406.872004358783	420.367591189993	0	0	0	0	2.98154118234192	45.3455787543585	-593.954228062751	689.032274941916	272	117	3	7	113	0	0	0	0	0	0	0	0	0	4157	0	0	0	0
8	1	3	64	0	dwell	11	512	390.556547762573	555.855947435145	392.601657240869	386.568308333977	0	0	0	0	-3.50862012651	46.2972703774184	-593.955183305086	689.033602359661	280	120	5	4	103	0	0	0	0	0	0	0	0	0	4105	0	0	0	0
8	1	3	64	0	dwell	12	512	409.03980668038	652.941088248469	400.970769574399	401.366366367536	0	0	0	0	-0.79640445823363	44.8824885070294	-593.969060408981	689.066757415208	295	106	2	6	103	0	0	0	0	0	0	0	0	0	4053	0	0	0	0
8	1	3	64	0	dwell	13	512	354.586924306943	382.694966141803	374.109901454705	335.03920031102	0	0	0	0	-8.46980676095551	50.859363450933	-593.707456411609	688.460112867024	294	126	4	1	87	0	0	0	0	0	0	0	0	0	4144	0	0	0	0
8	1	3	64	0	dwell	14	512	403.416747692889	543.872361084503	408.673616142088	415.890735448005	0	0	0	0	9.45413797476679	51.9760614490414	-593.785197000571	688.639874316318	275	110	5	3	119	0	0	0	0	0	0	0	0	0	4099	0	0	0	0
8	1	3	64	0	dwell	15	512	420.604145233818	708.908273344809	412.100090092029	431.311312662681	0	0	0	0	-10.5682201877432	49.9876339916556	-593.696579064328	688.435126974066	292	103	3	7	107	0	0	0	0	0	0	0	0	0	4195	0	0	0	0
8	1	3	64	0	dwell	16	512	425.892948957267	619.436001504703	421.463402789846	431.066208109485	0	0	0	0	-3.75047877426391	45.2785567596557	-593.820603893143	688.722739920276	269	101	6	4	132	0	0	0	0	0	0	0	0	0	4213	0	0	0	0
8	1	3	64	0	dwell	17	512	419.942579083201	680.067038699103	411.642264132759	423.021743552819	0	0	0	0	0.264079809382244	45.8730824615902	-593.907633059584	688.924160235684	274	111	3	6	118	0	0	0	0	0	0	0	0	0	4042	0	0	0	0
8	1	3	64	0	dwell	18	512	400.79668104945	501.098968053482	407.597427015609	400.791816564671	0	0	0	0	7.4868901685563	44.8498702937247	-593.804505203726	688.684886635289	282	104	4	2	120	0	0	0	0	0	0	0	0	0	4139	0	0	0	0
8	1	3	64	0	dwell	19	512	401.237367494753	601.486984629546	404.12264741528	415.035909683929	0	0	0	0	-8.27455178565111	51.0132750365668	-593.917333332367	688.946124239548	301	104	2	5	100	0	0	0	0	0	0	0	0	0	4110	0	0	0	0
8	1	3	64	0	dwell	20	512	435.431935965074	777.438213312066	416.308490349412	446.638243392032	0	0	0	0	2.9650573405113	47.6858674585861	-593.856072013172	688.804783435654	272	108	5	8	119	0	0	0	0	0	0	0	0	0	4067	0	0	0	0
8	1	3	64	0	dwell	21	512	410.786517776005	582.588983932711	409.271367358354	406.246666468465	0	0	0	0	4.12916152824339	46.9604688430732	-593.945129495848	689.010691257316	293	96	8	4	111	0	0	0	0	0	0	0	0	0	3995	0	0	0	0
8	1	3	64	0	dwell	22	512	418.71356875913	595.021801315382	417.059163010162	422.500673936905	0	0	0	0	2.69382558991924	48.8971854299434	-593.881459591198	688.863400321787	303	87	0	4	118	0	0	0	0	0	0	0	0	0	4161	0	0	0	0
8	1	3	64	0	dwell	23	512	391.996274518512	486.813379094326	398.309529551904	382.498966937893	0	0	0	0	3.09997521021037	42.5087386112529	-594.094796278408	689.358177279737	281	111	4	2	114	0	0	0	0	0	0	0	0	0	4079	0	0	0	0
8	1	3	64	0	dwell	24	512	408.513015600705	593.455512510706	410.833726356711	429.869361272377	0	0	0	0	-8.24708491933947	49.6814239020457	-593.746292947023	688.550174628447	262	118	6	4	122	0	0	0	0	0	0	0	0	0	4087	0	0	0	0
8	1	3	64	0	dwell	25	512	402.899046921333	513.965937340275	406.749301103923	405.520452282985	0	0	0	0	-4.40764266441282	46.7014438910199	-593.592247838457	688.193010645329	264	115	1	2	130	0	0	0	0	0	0	0	0	0	4209	0	0	0	0
8	1	3	64	0	dwell	26	512	387.927390811015	557.694088855891	390.934031798382	379.72530800554	0	0	0	0	-9.00987241049869	51.2773330635974	-593.767965085527	688.600143181939	269	130	2	4	107	0	0	0	0	0	0	0	0	0	4133	0	0	0	0
8	1	3	64	0	dwell	27	512	433.464345164134	696.871471403536	427.926942410487	459.919539946307	0	0	0	0	4.06141736876196	47.9692545546626	-594.059569257208	689.276885643598	279	95	11	6	121	0	0	0	0	0	0	0	0	0	3977	0	0	0	0
8	1	3	64	0	dwell	28	512	367.264751695072	407.030669203259	379.850455297973	346.954692477818	0	0	0	0	-4.48845236341872	53.6242570853951	-593.678907149373	688.393324137609	288	121	3	1	99	0	0	0	0	0	0	0	0	0	4278	0	0	0	0
8	1	3	64	0	dwell	29	512	390.584891652254	475.089647061751	401.820186379836	400.600933495596	0	0	0	0	-7.81688673504286	46.8298352873001	-594.061503005405	689.280582837366	297	100	9	2	104	0	0	0	0	0	0	0	0	0	4050	0	0	0	0
8	1	3	64	0	dwell	30	512	372.140139897574	416.96770017547	388.845403340411	363.883167182658	0	0	0	0	1.59962691086139	50.3212267158509	-594.032894877687	689.214676249276	284	120	3	1	104	0	0	0	0	0	0	0	0	0	4094	0	0	0	0
8	1	3	64	0	dwell	31	512	424.213088914449	684.960607517842	414.910356015382	440.720575724086	0	0	0	0	-7.45276297614928	51.298783724177	-593.829562778223	688.743693600926	274	106	8	6	118	0	0	0	0	0	0	0	0	0	4085	0	0	0	0
8	1	3	65	1	up	0	512	449.213088914449	687.548194953826	450.29646002792	501.261859087499	627.679240181345	1551.0666269121	634.545348288946	1006.1148683618	16.6590415479555	46.2717287645677	-593.716359014805	688.480692080952	286	78	4	5	139	220	219	20	5	48	442	33	35	2	4255	0	0	0	0
8	1	3	65	1	up	1	512	428.474508437579	623.326023994629	425.812395595852	440.729968262186	639.292249171354	1469.07018563597	653.276705262735	1027.857946855	6.44869757397555	41.3099671417768	-594.010331719638	689.16237132495	272	98	4	4	134	204	246	17	8	37	411	55	42	4	4076	0	0	0	0
8	1	3	65	1	up	2	512	435.374175220385	700.545530042609	437.794034987835	494.165238544604	656.009543411972	1598.49811803669	649.614463004848	1025.67273992159	-7.23755395551952	49.2316648901161	-593.87014331973	688.836697181898	283	93	6	6	124	222	240	20	3	27	439	39	32	2	4052	0	0	0	0
8	1	3	65	1	up	3	512	445.422845656956	726.719374524811	435.219973532104	460.361745665249	676.393542077911	1780.8710678799	657.728796293755	1082.21953426149	6.52942843883207	55.3732996917175	-593.747075178057	688.551721491732	266	98	2	6	140	211	240	24	2	35	449	29	34	0	4214	0	0	0	0
8	1	3	66	2	up	0	512	431.152335825707	668.854629440435	431.467778687957	466.275135350971	629.099713355722	1481.09678516791	638.500408528329	1022.02526691739	1.32154191017182	43.1631967556973	-593.955793231463	689.036622619515	258	108	6	5	135	222	229	18	5	38	882	85	52	5	3948	0	0	0	0
8	1	3	66	2	up	1	512	430.566711036017	627.736224751282	431.807103775956	448.430256046524	587.410763004786	1194.25731748909	612.609104096245	907.62807395779	11.0020565313089	46.0779021069252	-593.896206750005	688.896920378922	273	97	1	4	137	225	225	12	8	42	890	78	48	8	3979	1	0	0	2
8	1	3	66	2	up	2	512	403.876687719755	496.939317149905	417.509089752301	413.182531838343	619.359100224163	1469.67949175363	618.801970123891	950.410817103207	-0.181046572519344	43.8905265774449	-593.807672303204	688.692015508668	305	88	2	2	115	211	226	18	5	52	878	93	46	7	4015	0	0	0	0
8	1	3	66	2	up	3	512	451.296201204769	662.432459307575	453.384065399775	509.536990461996	603.073402120729	1299.94734493704	613.336781681999	924.485815105036	17.548723862495	51.2418405765351	-593.842388284282	688.773298148481	273	82	1	4	152	210	234	14	5	49	881	82	54	7	4127	0	0	0	0
8	1	3	67	3	up	0	512	452.23640780539	733.675026822057	450.714821710543	506.11668219519	560.913275504156	1109.78857545106	569.142355040901	782.628047991435	14.0635549177659	51.2304886301988	-593.761238821917	688.584990160632	275	87	3	6	141	243	209	11	0	49	1325	118	91	2	3966	0	0	0	0
8	1	3	67	3	up	1	512	437.35192929477	641.294098771935	459.696573884101	539.593985477807	587.179720026027	1405.62227259865	572.961236061504	833.502977463135	28.393413182771	50.2232399564249	-593.748681163666	688.555010517254	265	96	4	4	143	237	195	18	2	60	1320	115	95	6	3871	0	0	0	0
8	1	3	67	3	up	2	512	428.397494111326	656.698969706156	429.106936337708	458.854057233556	589.205071571657	1229.44977503296	606.520030918944	903.255870914514	7.8736042915973	45.9972660946027	-593.876351656712	688.851684990637	276	99	5	5	127	235	219	13	6	39	1330	128	74	4	3982	0	0	0	0
8	1	3	67	3	up	3	512	417.131049589455	681.142430206953	415.92757030266	442.25323849562	640.874768341029	1605.3353615131	617.308102706024	944.557771028317	7.34860786247266	45.7527992288904	-593.840607948275	688.769100690763	262	121	2	6	121	229	221	21	4	37	1331	114	88	3	3997	0	0	0	0
8	1	3	68	4	up	0	512	432.35192929477	633.376138096929	431.514925672662	452.500745453587	615.385411459156	1455.04622622513	604.541875513525	916.157732709357	12.1424108461479	51.1200036406834	-593.831035930967	688.746443534124	265	100	3	4	140	231	217	18	3	43	1754	177	108	9	3871	0	0	0	0
8	1	3	68	4	up	1	512	463.723732032575	785.959726100245	451.472360470853	491.788984286779	594.28208589791	1352.26973170578	591.397431396909	865.92612027297	15.7006215562303	48.5576827995721	-593.734258635775	688.521978276018	280	79	4	7	142	223	215	16	2	56	1748	150	136	14	3939	0	0	0	0
8	1	3	68	4	up	2	512	413.694315177567	586.149959441694	422.325427346254	437.886775327382	605.942692359164	1301.65377363929	617.329745565546	948.450151065113	14.6960728616847	53.75634771152	-593.806387257649	688.689892315414	300	91	4	4	113	219	234	14	3	42	1765	177	96	10	3824	1	0	0	2
8	1	3	68	4	up	3	512	448.8868509932	761.988104994125	440.862967662193	500.524568938037	612.246571078835	1477.51983258669	604.475924784319	912.167728054556	25.5127331891279	50.4246457773179	-593.714569351041	688.476507982017	274	92	8	7	131	248	203	19	4	38	1786	131	125	6	4006	1	0	0	2
8	1	3	69	5	up	0	512	426.026651062883	721.106946260391	421.584435162327	446.305723267504	624.627577400722	1511.54201676728	616.489739305349	951.279543215516	37.0718391496676	48.9078414153016	-593.78818204058	688.646709470921	287	103	1	7	114	214	222	19	8	49	2234	194	123	9	3790	0	0	0	0
8	1	3	69	5	up	1	512	408.685224869449	511.650630834105	423.483602812855	441.07178666039	616.479646712283	1496.59833384624	596.161541953417	885.870809682416	26.2437830167784	50.2714769573557	-593.751656443769	688.563523755389	290	94	2	2	124	221	216	19	4	52	2212	206	135	7	3941	0	0	0	0
8	1	3	69	5	up	2	512	450.221219533205	770.029351208549	442.473600172342	504.468980665489	620.778500433213	1531.99832806188	603.608558394467	912.104741509694	40.1253683557272	50.7443342967832	-593.983134272709	689.099054787395	266	98	3	7	138	242	209	20	0	41	2249	166	140	5	3677	0	0	0	0
8	1	3	69	5	up	3	512	435.527130907565	803.090532611033	423.06140116447	458.107452855847	644.473548748216	1721.23247666065	614.938619455521	978.660319728959	26.3604684764191	57.7522644657348	-593.721759141477	688.493005765687	292	98	8	9	105	226	212	24	1	49	2223	183	144	10	3852	0	0	0	0
8	1	3	70	6	up	0	512	412.687257524138	556.737106168879	427.82656536001	452.263276192899	569.587997272269	1258.3020893739	576.981343906644	837.623929665416	42.9871314001954	52.472809343592	-593.746853087616	688.551873841424	283	99	3	3	124	257	187	15	6	47	2652	234	177	9	3627	1	0	0	2
8	1	3	70	6	up	1	512	446.689290178826	760.550855733357	451.758285587973	522.071572334392	603.542432455713	1430.76196352406	595.156373157211	915.334262112047	49.9236407883589	58.7325238951849	-593.704897192773	688.454059108242	272	96	5	7	132	238	204	18	6	46	2709	191	160	12	3900	0	0	0	0
8	1	3	70	6	up	2	512	429.510982946016	662.12291920095	435.86240180633	480.682002617433	640.625544746033	1609.34689431219	630.495556991821	992.067765768906	36.633381416604	55.0838008641337	-593.56578308994	688.131294807923	269	103	4	5	131	217	224	21	6	44	2703	214	145	10	3848	0	0	0	0
8	1	3	70	6	up	3	512	435.758173886324	665.916263946774	446.809905214046	498.088108816029	654.271922624465	1809.51584554907	623.112259734346	1009.74993353734	46.0526454711831	55.0612568171721	-593.722907901153	688.495369369676	284	89	4	5	130	222	209	26	4	51	2676	196	187	13	3778	0	0	0	0
8	1	3	71	7	up	0	512	471.229350151961	810.071487103939	468.816236829566	549.041866850861	603.110836318529	1471.11939353056	595.835999755837	913.098499691543	42.6691902100437	50.441516886298	-594.080665341767	689.325169594801	254	90	4	7	157	229	204	19	3	57	3069	268	227	20	3457	0	0	0	0
8	1	3	71	7	up	1	512	435.470443128201	593.988994675092	452.981332820448	500.152493843674	554.320593061036	1031.28614122345	571.132362282433	774.820859323527	38.8581980516575	50.181689923892	-593.958897700417	689.042922265505	286	81	2	3	140	233	217	9	1	52	3145	238	186	15	3773	0	0	0	0
8	1	3	71	7	up	2	512	486.612275852573	968.540212615231	472.686784092378	566.963041358669	602.295241515406	1360.8023241892	592.595438968666	853.84180464841	54.3219432294083	51.602547505021	-593.868336034433	688.832562087793	280	79	1	11	141	235	217	16	1	43	3102	261	197	24	3663	0	0	0	0
8	1	3	71	7	up	3	512	438.129016934766	564.479463658175	457.303419883084	501.649275106762	579.003445447906	1211.950438162	588.373353750858	837.842081727476	26.8069575785442	50.2270280151915	-593.809946084231	688.697231028035	281	78	3	2	148	239	212	13	3	45	3113	266	190	15	3663	0	0	0	0
8	1	3	72	8	up	0	512	447.188810334145	620.265719878056	456.083354105935	497.090520686345	581.297274170095	1255.07948596927	567.437959345957	800.257374384557	52.3984615300805	54.8869508814791	-593.912024498811	688.933911218842	271	82	2	3	154	232	212	14	2	52	3600	269	218	9	3510	0	0	0	0
8	1	3	72	8	up	1	512	454.367117566955	776.968598119807	453.069878422505	516.352183781524	564.894981611955	1249.1544161099	551.052940331539	750.971512677515	39.2915511028514	51.2282802672786	-593.760707191346	688.582886631237	266	95	3	7	141	266	184	15	0	47	3528	298	257	13	3556	0	0	0	0
8	1	3	72	8	up	2	512	460.998307173201	820.216932033836	453.047567173411	517.165974835644	556.662019254471	1068.71363291537	562.98138105324	773.596174211504	39.5020329668731	48.5394605921719	-593.785519306152	688.641157541257	270	90	7	8	137	238	212	10	1	51	3580	287	213	16	3676	0	0	0	0
8	1	3	72	8	up	3	512	441.459320165393	609.323367346782	455.107318737654	505.544718816843	568.398567076652	1191.09766245383	558.921934210005	786.92976937412	50.0236494821668	55.2415974746526	-593.876199035544	688.851098890979	271	85	5	3	148	247	202	13	2	48	3590	268	225	13	3748	0	0	0	0
8	1	3	73	9	up	0	512	481.747050923516	892.922479318489	479.128888327734	572.812915673918	547.554628383847	1055.68436434053	564.847736477163	792.193385301217	65.5510443007189	62.8874230760563	-593.790934007064	688.653197278031	269	81	3	9	150	232	207	10	2	61	3978	323	286	21	3686	0	0	0	0
8	1	3	73	9	up	1	512	481.871662721014	890.9300168166	480.51582289779	580.899965633044	587.649823326337	1330.0639578692	584.19344448689	853.427225672761	48.1072408898995	52.132648396237	-593.738684258563	688.532541904986	277	77	0	9	149	248	201	16	2	45	4033	297	261	17	3620	0	0	0	0
8	1	3	73	9	up	2	512	455.950709701956	706.83423288515	471.338997635851	550.968467431989	553.321552750399	1126.57925528566	554.93844541015	750.032678054403	53.8747343324632	54.2213553682751	-593.897621743905	688.900836242982	270	84	2	5	151	255	193	12	2	50	3987	349	258	14	3330	0	0	0	0
8	1	3	73	9	up	3	512	489.645758016959	837.79343977458	490.572579042554	593.650270296392	521.920333157586	890.447546698852	559.774115371745	773.451164899744	52.4243291737205	49.232596852168	-593.857948029573	688.809144221968	262	72	3	7	168	260	189	7	8	48	4048	314	239	7	3493	0	0	0	0
8	1	3	74	10	up	0	512	492.976061247586	882.663951258502	495.119541978246	613.102417705015	517.851449450088	850.161961871382	538.804049160698	696.295371816802	60.1415764174745	58.0724323017786	-593.834706836302	688.754866175326	256	78	1	8	169	260	194	6	3	49	4463	358	288	11	3518	0	0	0	0
8	1	3	74	10	up	1	512	521.056067917891	1066.34243764399	507.933256185618	648.138983082737	567.832195868525	1262.04621796176	562.240929579934	799.461003496347	61.0363550911411	60.3271481618062	-593.641848477183	688.307271827682	267	65	4	12	164	245	192	15	3	57	4405	388	303	24	3499	0	0	0	0
8	1	3	74	10	up	2	512	470.077354154143	691.626696213376	487.475954126637	568.670048000666	547.486704365713	1192.72071730963	536.744309296703	728.959174574841	58.9683166076385	62.3887648318782	-593.800558704883	688.675440451929	275	66	4	4	163	246	183	14	1	68	4419	375	308	18	3581	0	0	0	0
8	1	3	74	10	up	3	512	523.79165605071	1040.54200024054	501.302654238536	623.924047771065	536.536334491647	1060.10342059	530.245811111704	685.87468472168	73.8877522716099	61.8871734812654	-593.793536652829	688.65963273649	258	66	1	11	176	263	184	11	0	54	4402	339	353	26	3448	0	0	0	0
8	1	3	75	11	up	0	512	500.010503101335	929.265724009741	489.482435612458	587.725288654604	513.110836318529	883.744668457101	536.74960541478	724.4618198751	70.1564019807412	55.4394524936837	-593.975917369314	689.082505235869	256	76	3	9	168	249	191	7	1	64	4896	391	313	32	3425	0	0	0	0
8	1	3	75	11	up	1	512	481.603185544455	856.958844682648	481.850454911072	586.176873975783	532.544465110402	912.227595810387	551.192927204553	741.035873345071	64.82967696599	53.7059031481306	-593.781912997793	688.632603128307	270	77	2	8	155	251	200	7	8	46	4831	449	320	32	3488	0	0	0	0
8	1	3	75	11	up	2	512	465.124951625388	789.200081807365	479.385952433354	580.079683660382	533.609283508522	1092.69721100265	534.992841848516	729.062244646606	74.3418330288706	61.1706508311088	-593.662964983408	688.357173631936	279	79	3	7	144	257	178	12	2	63	4859	410	332	31	3395	0	0	0	0
8	1	3	75	11	up	3	512	510.278980277895	942.017385964027	509.061423124248	646.134488693586	535.576874309462	1024.96240340652	545.885156745644	742.121547133747	64.2137133753086	55.1659415965711	-593.726737096083	688.505028116482	267	62	2	9	172	254	189	10	4	55	4890	443	281	18	3416	0	0	0	0
8	1	3	76	12	up	0	512	506.594095236336	941.160182509447	500.844115810274	631.647773043924	520.269889969776	965.409410236128	528.529662036385	685.557605244167	64.9901285325135	58.2361250321952	-593.772532399244	688.610263077622	252	73	5	9	173	253	185	9	1	64	5349	443	335	17	3476	0	0	0	0
8	1	3	76	12	up	1	512	492.265824660398	843.511401275923	486.88121101214	577.230273474551	559.789623396021	1244.12958354483	556.476166157283	798.399904797427	78.2424296285901	58.1777294726153	-593.450695786056	687.864850788672	259	72	3	7	171	253	182	15	5	57	5297	469	362	16	3304	0	0	0	0
8	1	3	76	12	up	2	512	484.002372482579	860.086117259678	490.505827114264	615.536100966556	505.308397132903	832.290564838177	516.303012403259	631.064108995839	58.141423116267	58.5307913112978	-593.796113804329	688.665428140755	272	74	2	8	156	255	188	6	1	62	5319	454	354	17	3411	0	0	0	0
8	1	3	76	12	up	3	512	515.787590741332	1061.53534416002	501.118442950644	639.391260557883	537.735927960709	1061.62714518554	544.658181676408	754.679596247467	76.3568356935338	60.6791654199539	-593.6816021853	688.400031264144	260	74	2	12	164	258	183	11	6	54	5351	437	334	22	3325	0	0	0	0
8	1	3	77	13	up	0	512	475.980126556964	710.861293784319	485.256538533918	561.664703603519	558.94461173789	1309.73223771367	533.521195591704	743.151234889376	68.3172976282817	57.2441001889404	-593.949540075597	689.021037531283	258	74	0	4	176	263	168	17	5	59	5815	494	324	23	3271	0	0	0	0
8	1	3	77	13	up	1	512	456.871662721014	703.038663936909	467.945109659287	530.269542024393	529.684265180086	940.100319101673	536.630487871613	697.319934902065	64.1912992896781	53.2624350254853	-593.718276422613	688.484477032367	281	76	3	5	147	264	192	8	2	46	5771	477	388	20	3313	0	0	0	0
8	1	3	77	13	up	2	512	452.888883647889	695.908285739864	468.515424709769	543.212296811083	567.237480770716	1265.48613213374	556.690087610834	801.669165598527	75.6046101231479	58.8108131552078	-593.814333806164	688.707705200774	279	79	6	5	143	234	195	15	4	64	5814	466	352	24	3405	0	0	0	0
8	1	3	77	13	up	3	512	482.909210194778	686.271939381456	503.3666158141	603.823939240102	542.02569137352	1178.66749758732	531.27633811273	715.934996039591	77.3875071443857	59.7813073152805	-593.81372785024	688.706930849914	257	65	2	3	185	253	174	14	5	66	5827	448	365	16	3259	0	0	0	0
8	1	3	78	14	up	0	512	481.641692707581	784.675920634709	495.543164771962	611.101385446191	501.066231191336	820.7415587054	521.501802720174	661.527243463884	94.4943902272143	69.2131520625401	-593.733738041155	688.520921166507	272	68	2	6	164	264	181	6	2	59	6214	501	422	31	3194	0	0	0	0
8	1	3	78	14	up	1	512	506.564678381328	1005.91361143061	499.401540540342	631.904092713255	510.212129225086	946.791668676016	520.567194859125	679.317413779042	86.8537004954873	61.3062702910126	-593.713607586191	688.47411954303	268	71	4	11	158	256	176	9	2	69	6156	502	479	31	3269	0	0	0	0
8	1	3	78	14	up	2	512	453.14827051633	626.242658411554	476.176459571063	537.817994489902	546.862572412896	1149.72115801843	539.146756596964	729.810657411392	88.5899938442755	60.6563896313447	-593.830944700925	688.745513810307	280	72	2	3	155	259	182	13	2	56	6198	484	458	28	3180	0	0	0	0
8	1	3	78	14	up	3	512	492.630569744774	919.121156365756	494.127190957923	608.467947019124	529.194908298212	1051.78679195744	534.262366140866	716.381907491425	84.9598553344066	56.6339426255897	-593.817646688051	688.715858350824	249	85	5	9	164	250	181	11	4	66	6305	463	380	20	3139	0	0	0	0
8	1	3	79	15	up	0	512	519.165491443204	1026.56682867392	515.243818608187	659.774662439912	580.471516093527	1284.5539820118	564.010304925791	798.257039892503	93.4269033639447	66.393345575994	-593.929543059533	688.974466495923	270	61	3	11	167	245	203	15	0	49	6733	542	386	19	3172	0	0	0	0
8	1	3	79	15	up	1	512	588.590029926958	1475.41738844304	558.854623799073	806.671015582147	510.902039265385	1043.14154465767	511.374730198245	665.613681237642	83.2977030357863	65.00137102447	-593.79486456103	688.662032281729	242	62	6	20	182	283	152	12	2	63	6570	616	472	22	3213	0	0	0	0
8	1	3	79	15	up	2	512	528.349896640081	1006.22315153724	528.300420435595	683.926895871399	510.672069251952	1010.99831153514	513.322240660743	664.203457731431	74.0792736080106	63.1282501009605	-593.794256986415	688.661211020219	272	50	1	10	179	270	159	11	6	66	6696	530	427	27	3181	0	0	0	0
8	1	3	79	15	up	3	512	498.023658718831	810.769492758796	516.733459219818	638.817822717367	519.424878311645	993.93002507997	519.414287524934	666.804053912322	96.4204294112147	69.8647269391871	-593.79446035827	688.66167642303	276	54	1	6	175	263	174	10	4	61	6669	540	449	22	3189	0	0	0	0
8	1	3	80	16	up	0	512	486.813901976325	933.1481966065	474.089241924334	564.6040944939	491.171589407271	913.125588243852	488.408750038769	602.078425024167	90.0710726374157	66.2329488144593	-593.697132740359	688.435902439071	280	75	1	10	146	257	160	9	5	81	7071	617	479	25	3019	0	0	0	0
8	1	3	80	16	up	1	512	481.066231191336	974.346873653767	470.038797366601	587.668177923738	500.038846991017	1033.82979687537	495.923370604129	639.686870842231	112.449597656816	77.6424046316759	-593.744100599489	688.545139723282	244	105	3	11	149	261	151	12	4	84	7123	544	494	31	3214	0	0	0	0
8	1	3	80	16	up	2	512	443.694315177567	744.877233671398	444.649844953912	493.126559362262	509.31952009571	906.902976575856	511.477815435235	653.738450536328	94.5851644647689	64.48736241243	-593.885075801811	688.871893140295	296	83	5	7	121	262	178	8	2	62	7118	598	446	30	3151	1	0	0	2
8	1	3	80	16	up	3	512	504.223252187894	1005.54155126837	487.699006387936	602.19177318529	518.810909632273	996.442665848587	519.283286128337	689.200893918668	101.507606472961	68.8541300342056	-593.894269632277	688.894054033682	259	78	5	11	159	253	176	10	6	67	7225	515	425	27	3164	0	0	0	0
8	1	3	81	17	up	0	512	514.568743690706	984.920267511126	505.896854941595	631.394412534723	552.342838986651	1090.51096469881	560.623080884425	769.058430861628	109.202553720937	77.4779617319403	-593.940787420466	689.000640538858	266	63	3	10	170	247	197	11	7	50	7575	590	507	32	3071	0	0	0	0
8	1	3	81	17	up	1	512	493.723732032575	907.63156880027	496.175746195061	622.32513845919	547.72683765259	1085.01916945765	557.923862599521	775.365669759283	97.9913158571659	70.4939621622477	-593.848089667505	688.785988045067	280	65	4	9	154	244	196	11	5	56	7600	638	422	44	3096	0	0	0	0
8	1	3	81	17	up	2	512	515.154368480396	1063.12071152527	505.465280027672	663.645159546538	569.473548748216	1194.66706514189	569.434696740481	802.24896585979	112.024794522759	68.9972869453887	-593.837869928682	688.762101667107	251	79	5	12	165	242	204	13	3	50	7584	557	532	31	3020	0	0	0	0
8	1	3	81	17	up	3	512	484.386371148518	714.237340984176	492.092930059024	566.827556905134	572.581899308203	1369.15574236798	574.574554818174	882.132368772838	109.292106261082	73.2539996330107	-593.699847380486	688.442057429345	277	54	5	4	172	258	173	18	8	55	7553	621	501	29	3014	1	0	0	2
8	1	3	82	18	up	0	512	519.040879645706	1065.6413305008	502.944948799215	637.085259489455	504.712609069768	930.910509942282	507.729636973774	631.013945611716	119.543878714235	82.6489660075476	-593.606944468197	688.226757725639	262	70	3	12	165	269	166	9	4	64	8062	579	540	35	3216	0	0	0	0
8	1	3	82	18	up	1	512	508.023658718831	974.827140227523	505.16837226074	640.081244504918	562.169556752582	1357.54909289816	538.762836657525	744.23292241968	107.616141695156	74.060616924931	-593.853044337258	688.79781058222	260	70	7	10	165	252	172	18	1	69	8090	600	507	19	3003	0	0	0	0
8	1	3	82	18	up	2	512	509.26175935102	941.176587895435	512.159059565281	656.631838400817	528.407657384771	1046.0337954817	520.734488612111	669.415700468973	105.05464123456	71.9020100482781	-593.714869558307	688.477768861131	261	65	6	9	171	261	177	11	3	60	7955	696	530	35	3117	0	0	0	0
8	1	3	82	18	up	3	512	533.167524097893	1161.62669621338	515.052025095849	671.285600481721	560.950709701956	1243.87858471959	544.506293544309	750.150825600644	98.8189124978722	66.2167852180102	-593.927056520925	688.969787847821	259	69	4	14	166	262	182	15	1	52	8067	601	513	35	2931	0	0	0	0
8	1	3	83	19	up	0	512	513.071256190077	940.01472105281	519.517039731813	672.898486282101	502.265824660398	896.42936195093	505.076346522517	623.349465136274	125.974598990818	81.1318060107845	-593.786182993869	688.642577462543	280	51	4	9	168	259	174	8	2	69	8461	653	569	45	2895	0	0	0	0
8	1	3	83	19	up	1	512	508.158433789774	907.180583196417	500.81134911696	610.255512852912	552.160466444463	1163.9122934359	545.027661717944	752.925488930778	122.688111646442	83.8507792126502	-593.63618695105	688.294714374106	257	66	2	8	179	246	190	13	3	60	8438	705	543	42	2955	0	0	0	0
8	1	3	83	19	up	2	512	533.963865319453	1196.93223688733	508.529057694504	657.96238353759	523.244538424146	1038.25375050185	522.284412141164	686.384563585137	122.71267043578	80.5073445497401	-593.856707665661	688.805860655482	266	69	1	15	161	255	173	11	7	66	8413	708	571	36	2850	0	0	0	0
8	1	3	83	19	up	3	512	469.021626064143	763.095429988038	478.060908489213	557.008595783751	531.276947623206	1047.74022418395	525.622991749653	679.376654728439	111.070056268749	68.5694100824213	-593.776888516111	688.62083983457	271	77	4	6	154	270	177	11	1	53	8510	652	527	39	2921	0	0	0	0
8	1	3	84	20	up	0	512	485.355994604148	831.945989757159	490.204909012928	597.568120585393	536.306364478214	1102.09765832214	530.002294526431	707.523434011209	127.241549437925	80.7767466613878	-593.85600832825	688.803859876783	259	77	3	7	166	246	184	12	2	68	8975	697	535	33	2806	0	0	0	0
8	1	3	84	20	up	1	512	473.225284842583	772.816497109397	485.538521210697	582.959684362885	511.920333157586	948.749096203511	516.052570246059	655.676123014829	132.67289621324	83.5179365251921	-593.687826235314	688.413830438319	268	77	1	6	160	256	176	9	4	67	8964	678	563	35	2899	0	0	0	0
8	1	3	84	20	up	2	512	509.098640390396	978.423150710899	504.718045969517	645.349593156865	532.044944955084	1089.621378786	526.122248665675	693.367652835539	137.469123981517	83.266663968148	-593.795606080878	688.663729284602	259	71	4	10	168	256	176	12	4	64	8915	701	593	31	2762	0	0	0	0
8	1	3	84	20	up	3	512	550.460279854756	1286.66083324343	524.041795285742	705.002146185885	515.864605067585	916.942888268829	526.79623934352	690.018335066064	125.883702340668	81.2421022487585	-593.829581986917	688.742569355364	285	52	3	17	155	260	181	8	6	57	8860	740	597	43	2798	0	0	0	0
8	1	3	85	21	up	0	512	474.751116232894	811.09321404899	489.877857243525	610.748797888569	542.6690769079	1074.34599636786	538.228545777424	721.711447873242	130.245716240118	85.4314317037003	-593.834393262653	688.754356326407	267	80	2	7	156	251	191	11	3	56	9345	787	575	45	2755	0	0	0	0
8	1	3	85	21	up	1	512	512.678167216019	982.200090070735	510.406675227212	650.788352568661	526.757214196961	1120.94244342835	515.594419440853	676.454130269931	124.543392826878	78.5946458675706	-593.54236635973	688.076958077879	265	65	3	10	169	246	171	13	4	78	9385	705	624	38	2908	0	0	0	0
8	1	3	85	21	up	2	512	455.221219533205	666.754409499204	478.753337981476	566.354762158137	521.853482104777	1006.44133959051	524.300860872032	691.949082352503	130.895885857356	79.3613393480751	-593.654896516945	688.337824681566	274	77	5	4	152	245	183	10	3	71	9309	778	617	48	2818	0	0	0	0
8	1	3	85	21	up	3	512	511.727797341953	939.529577760475	520.939423081414	667.472908535393	503.272882313828	1037.0351176081	495.985805574764	629.443569103701	127.897448052218	84.5924615595058	-593.83847106516	688.764084485709	274	55	6	9	168	268	152	12	2	78	9349	778	583	42	2779	0	0	0	0
8	1	3	86	22	up	0	512	501.631529434137	956.165936513939	499.270731534756	624.201367229978	517.121959281337	958.330472399465	523.785450761568	680.461697094372	136.502577141095	86.8291745701748	-593.771860496126	688.609624730526	283	62	2	10	155	252	180	9	6	65	9810	770	648	36	2663	0	0	0	0
8	1	3	86	22	up	1	512	502.063125571321	989.919369566789	499.527188914678	629.128548172309	522.716674379146	1074.02802908215	526.639432443985	708.642181573421	138.976176185407	84.2781747250507	-593.867814274592	688.832391879776	284	63	7	11	147	259	170	12	1	70	9785	792	636	51	2700	0	0	0	0
8	1	3	86	22	up	2	512	495.96996328352	845.269270338555	514.444070497629	650.078151528411	514.578906964151	956.321604511588	519.926873177459	676.012384485403	144.532107089353	93.4848676570372	-593.473825238135	687.917725762072	269	63	3	7	170	251	181	9	2	69	9628	860	716	60	2734	0	0	0	0
8	1	3	86	22	up	3	512	514.329683369155	886.222274251325	520.160412861408	650.918572749044	482.745018268827	855.753964658721	490.192754001439	597.96185553883	144.311054981815	88.4493002376087	-593.592700466578	688.193971072151	247	64	2	7	192	276	153	8	3	72	9850	749	623	42	2779	0	0	0	0
8	1	3	87	23	up	0	512	538.734968271346	966.334031123334	551.844556687396	737.299806040853	501.036814336328	959.579242890607	503.31861204072	657.40344990091	149.409136233893	96.2283666514508	-593.754494203703	688.569279548984	236	56	5	8	207	268	157	10	7	70	10311	805	614	46	2646	0	0	0	0
8	1	3	87	23	up	1	512	563.877760685081	1248.31361804131	554.649415667121	776.680940649461	546.585004928218	1086.22404948157	542.867043654255	740.678831809415	143.671271006833	88.8688685013198	-593.751827641167	688.563360326168	260	50	4	15	183	238	198	11	4	61	10258	800	670	48	2637	0	0	0	0
8	1	3	87	23	up	2	512	524.808876977584	1041.35619051381	523.059000941042	671.847727870632	536.363052257577	1088.86660708001	525.041956853054	681.318608342427	139.102421725374	88.4399166743584	-593.768918313649	688.602310143023	260	64	1	11	176	276	173	12	2	49	10243	841	646	46	2641	0	0	0	0
8	1	3	87	23	up	3	512	565.471516093527	1186.63602133679	558.896676473717	779.266583847023	482.592062581647	753.182354294981	499.275008268672	614.587537343877	138.723817805544	85.564961891014	-593.717436354073	688.482623206745	245	51	3	13	200	263	171	5	5	68	10319	760	662	35	2718	0	0	0	0
8	1	3	88	24	up	0	512	466.804811668206	797.786338853583	470.413387754252	560.401360122459	504.26175935102	933.285235015744	495.650085664688	608.109120035894	145.686607618312	91.6962998220298	-593.775235012091	688.617458586645	266	86	3	7	150	265	169	9	1	68	10753	826	665	44	2662	0	0	0	0
8	1	3	88	24	up	1	512	472.044944955084	772.166830326591	477.60680746798	562.630295349704	468.742985614138	794.831567973933	469.159902355527	535.789462782678	139.637135903124	89.0140449018306	-593.743487530323	688.543357378325	264	80	2	6	160	283	147	7	0	75	10677	895	672	44	2528	0	0	0	0
8	1	3	88	24	up	2	512	477.725764687264	883.964162110026	471.942937434486	554.616840734033	459.961832664764	670.253742238479	480.653559163615	569.51170071888	152.852735676635	90.4870167705667	-593.843339382275	688.774787749996	273	81	4	9	145	285	152	4	4	67	10725	859	653	51	2535	0	0	0	0
8	1	3	88	24	up	3	512	473.974028592897	702.577475923728	479.868557676318	552.714469136624	502.197900642264	996.38367559504	488.183624332737	610.135431826545	142.49216811009	95.3100556738126	-593.677723262542	688.391038151516	263	70	6	4	169	273	153	11	4	71	10690	869	673	56	2644	0	0	0	0
8	1	3	89	25	up	0	512	481.641692707581	821.731352164388	485.650883535055	574.309581490131	547.592062581647	1152.69233428407	556.201638652904	782.079109015225	162.602734702739	97.8884065024584	-593.80239912955	688.679924829067	268	74	3	7	160	251	183	13	6	59	11086	909	760	45	2475	0	0	0	0
8	1	3	89	25	up	1	512	495.05810057258	915.646207219379	493.280476305927	613.245328798974	555.212129225086	1203.41029578541	550.428777585065	762.639839096445	152.227608141107	88.8479977372873	-593.675673443817	688.38682294733	268	72	3	9	160	248	186	14	4	60	11142	897	720	41	2547	0	0	0	0
8	1	3	89	25	up	2	512	502.40969003946	932.39299658677	492.926005737732	597.651781920663	584.242505769457	1318.59299989212	570.787583643225	807.737577911801	157.887650580284	96.3572279805695	-593.817381276389	688.714329803871	258	73	3	9	169	262	194	16	1	39	11194	842	714	50	2575	0	0	0	0
8	1	3	89	25	up	3	512	464.837220867266	717.246204740368	481.638312493804	574.967221999474	561.844391796659	1151.47859876732	565.451637557775	793.980941814332	153.022676812078	94.8581330355902	-593.965843080454	689.059175821337	277	72	5	5	153	227	207	12	6	60	11207	849	708	36	2462	0	0	0	0
8	1	3	90	26	up	0	512	554.137147553522	1273.95175615671	529.136615598395	722.240633344925	537.918300502897	1099.44532662812	529.656598580467	716.556381813826	161.417815652048	98.7462938150758	-593.871279198037	688.8392579488	245	70	5	16	176	255	180	12	5	60	11558	878	823	53	2556	0	0	0	0
8	1	3	90	26	up	1	512	467.034781681639	755.765493326129	493.168439217724	613.232286603533	528.954775011334	1122.40630048443	521.340550965885	688.545563705413	154.716170638727	97.734977067853	-593.82150702946	688.72480668179	279	73	5	6	149	252	171	13	3	73	11652	940	684	36	2513	0	0	0	0
8	1	3	90	26	up	2	512	481.075321499454	818.542436817649	492.140930523029	604.926339023057	548.426910966334	1189.82581396944	539.553176442918	739.391675576977	153.931417098606	95.1125604033562	-593.590954851992	688.189950245036	270	72	6	7	157	252	179	14	5	62	11610	965	698	39	2531	0	0	0	0
8	1	3	90	26	up	3	512	463.925358156326	750.567710091514	476.047664696224	552.232296154942	529.002372482579	1042.59388130972	528.739479893286	699.229084830762	143.937881367928	91.1000325656104	-593.834286968252	688.754212703878	280	75	4	6	147	272	174	11	2	53	11641	953	667	51	2540	0	0	0	0
8	1	3	91	27	up	0	512	521.104738354462	1002.51628212619	517.410191834387	666.766247833405	514.828130559147	952.283463917179	522.198118134008	678.332674215507	155.376568229923	95.3075441286778	-593.80226299113	688.680273769054	250	68	4	10	180	259	177	9	4	63	12049	954	770	51	2369	2	0	0	4
8	1	3	91	27	up	1	512	520.720739688523	1000.11672448766	521.841559761971	677.661224483004	480.11586131727	820.510066754473	486.592682873025	580.944415963561	165.018299013452	105.538978572745	-593.69391012871	688.428282959729	257	65	1	10	179	265	160	7	3	77	11981	995	790	58	2444	1	0	0	2
8	1	3	91	27	up	2	512	554.798713704139	1302.79299080241	526.504999253385	728.699953070246	533.292135895391	1159.60762591617	523.577549127268	711.578410956649	161.984240560346	95.9153604537429	-593.703531757916	688.451427719445	263	62	5	17	165	263	164	14	5	66	12047	973	750	54	2399	1	0	0	2
8	1	3	91	27	up	3	512	511.190842988834	982.806743672238	514.061584700412	675.491871768583	512.6690769079	878.563290608473	517.97656557713	638.173087674432	161.335819511336	101.528630148724	-593.699070000429	688.440180339457	256	71	5	10	170	259	187	7	1	58	11949	1001	822	52	2408	0	0	0	0
8	1	3	92	28	up	0	512	523.925358156326	1030.96682702124	522.22053080339	699.881650938843	510.70148610696	946.271490409287	511.011190567108	661.055823215247	168.038026651177	105.615529469598	-593.724411715376	688.499421203659	276	53	5	11	167	258	175	9	3	67	12361	1042	871	62	2276	0	0	0	0
8	1	3	92	28	up	1	512	496.152335825707	957.224922635801	502.996821119467	654.619616624124	522.150303171019	1033.78368220574	520.521874131801	683.205379677199	162.327294343614	102.035268494416	-593.970194715439	689.069303675854	262	80	0	10	160	265	171	11	3	62	12412	1041	834	49	2374	0	0	0	0
8	1	3	92	28	up	2	512	489.098640390396	835.558405626524	492.389300569478	589.097472570814	482.965897974142	784.233790523677	498.236857274421	599.047650223034	181.149672557757	112.630365997824	-593.726000965075	688.502955580641	267	70	1	7	167	279	163	6	1	63	12535	968	786	47	2494	0	0	0	0
8	1	3	92	28	up	3	512	526.373215531022	1044.40541493515	516.303267914801	658.745077003662	486.680199870708	794.421820321134	510.998451096995	647.018889542978	173.305652903218	111.116944542735	-593.779893919827	688.628012058414	257	64	3	11	177	266	168	6	5	67	12518	926	822	70	2415	0	0	0	0
8	1	3	93	29	up	0	512	516.55558807321	955.168164848042	514.047126585591	650.408556881074	481.689290178826	853.111835374026	493.300886917299	603.788611039006	168.559930402069	100.932180111389	-593.872301647381	688.842248366542	258	62	5	9	178	280	152	8	1	71	12920	1048	830	50	2324	0	0	0	0
8	1	3	93	29	up	1	512	520.221219533205	1066.29099728361	511.112735520876	661.027293362888	515.124951625388	1016.68123806209	516.312279617611	660.692717644032	175.227193110316	107.542812474905	-593.823291135615	688.727916451082	266	67	2	12	165	275	161	11	5	60	13004	960	833	51	2217	0	0	0	0
8	1	3	93	29	up	2	512	497.073288844766	879.291882832887	502.035674295949	625.36729116874	490.192875643523	802.973042392958	509.763207590946	634.462033061703	166.824638893728	105.187525301661	-593.747312496528	688.552437530839	277	61	3	8	163	261	173	6	4	68	12986	1003	801	58	2206	1	0	0	2
8	1	3	93	29	up	3	512	473.426910966334	737.424481100665	489.082273424722	591.273233183837	489.444131893208	836.130024253633	511.769783822618	657.120000172765	185.868658274891	116.654747489102	-593.809142645611	688.695868006011	268	73	1	5	165	266	167	7	2	70	12929	1006	873	40	2132	0	0	0	0
8	1	3	94	30	up	0	512	516.114901627907	891.862187596971	525.892084024585	675.732784480588	500.096607735707	925.418714701118	502.243479913401	634.550990836395	171.001397612125	115.092426980198	-593.868659056865	688.833481920395	239	67	4	7	195	266	165	9	2	70	13450	1018	815	77	2236	0	0	0	0
8	1	3	94	30	up	1	512	518.579866653514	1059.53267924881	522.601390130452	706.677564423034	490.96996328352	763.213838808876	510.055845516663	631.261640553273	186.309084433145	116.649056818917	-593.809848331667	688.696948580952	273	63	4	12	160	273	174	5	4	56	13433	1024	860	43	2218	0	0	0	0
8	1	3	94	30	up	2	512	501.401559420704	924.04931118672	502.02066452777	618.191050409761	487.909210194778	731.245331586141	516.153846684865	651.971331218703	176.87691250734	113.3504281108	-593.742717864432	688.541797784475	274	64	2	9	163	253	184	4	4	67	13363	1050	882	65	2185	0	0	0	0
8	1	3	94	30	up	3	512	514.990176554446	1158.49187374318	501.081616421222	662.251572292151	539.022699029469	1112.425379045	532.168826324532	716.992542148678	157.668857266306	96.0836004180584	-593.751432286263	688.562304216961	278	74	4	15	141	234	191	12	1	74	13296	1158	853	53	2252	0	0	0	0
8	1	3	95	31	up	0	512	533.263792005709	1017.98812152087	541.720579836506	734.00352052946	529.386371148518	1082.07547827324	515.789609020828	651.41420262733	189.239417199025	117.838327946981	-593.783508227049	688.636629110663	262	52	3	10	185	265	172	12	2	61	13779	1169	877	47	2250	0	0	0	0
8	1	3	95	31	up	1	512	585.729829996642	1392.07060155466	570.317251257144	817.370415986027	469.47247578289	723.691881180213	482.352086781754	563.36075424404	177.676216719805	112.356125999267	-593.841314356287	688.770574879168	259	46	5	18	184	283	156	5	2	66	13758	1189	852	73	2097	0	0	0	0
8	1	3	95	31	up	2	512	523.590029926958	1001.7965453946	537.362373951873	708.447110964758	484.002372482579	823.004077934684	491.187507366745	589.088343949918	181.956524846911	110.885519616233	-593.668910181201	688.370259082908	262	59	3	10	178	272	159	7	5	69	13926	1005	896	45	2211	0	0	0	0
8	1	3	95	31	up	3	512	568.417820658215	1191.99832806188	568.294941966175	803.67694850227	526.315454786332	1152.84310490471	509.763968601671	675.531901776754	181.53072819515	117.451959615842	-593.838484199704	688.763470056488	242	50	5	13	202	256	164	14	1	77	13738	1149	903	82	2090	0	0	0	0
8	1	3	96	32	up	0	512	450.633562088826	765.826687123669	452.184223244297	511.628364495427	463.234375150701	712.369041307617	475.67573241429	551.6256910855	196.533126584577	121.789952248011	-593.962738722316	689.051990777543	276	91	4	7	134	286	151	5	1	69	14254	1107	956	67	2098	0	0	0	0
8	1	3	96	32	up	1	512	500.096607735707	962.474146230797	488.25882426852	594.664841373624	465.691322833515	866.49986021346	455.272917220171	524.345707931521	185.312988211368	111.221876273793	-593.994505470743	689.126105032304	262	76	3	10	161	269	139	9	2	93	14404	1108	828	44	2038	0	0	0	0
8	1	3	96	32	up	2	512	468.455254856016	834.043985495972	470.712341994712	585.309517464304	489.549490109143	759.072817493705	494.045850996267	573.472159411776	180.872299029145	114.444852115468	-593.796859579328	688.666847944132	269	86	5	8	144	279	172	5	2	54	14354	1137	844	49	2028	0	0	0	0
8	1	3	96	32	up	3	512	487.572809000084	834.337120216608	485.428890550967	572.64540884923	474.693355488204	771.255962309212	475.180208596141	550.870581220891	193.840302835105	126.771238483538	-593.705088247544	688.454228571905	264	73	1	7	167	274	157	6	4	71	14208	1144	958	74	2174	0	0	0	0
8	1	3	97	33	up	0	512	452.495794673831	589.871928639075	475.857061498307	534.818043566613	569.991249519772	1261.65552821111	565.528230990473	810.270202032601	206.123491283345	132.437403942659	-593.762095657898	688.585766130774	280	69	1	2	160	253	190	15	4	50	14715	1160	944	77	2019	0	0	0	0
8	1	3	97	33	up	1	512	512.055108228528	955.186794436447	514.365168976986	666.190369798196	511.651855981026	877.749100335196	541.185541408559	713.068798688847	204.632966499731	132.130177009244	-593.835540493132	688.757185676487	241	76	5	9	181	257	187	7	1	60	14680	1205	953	58	2097	0	0	0	0
8	1	3	97	33	up	2	512	512.111796007892	941.955743194318	510.584663870666	641.939096333784	580.212129225086	1317.16417781043	572.167879161552	821.842650134713	196.804016065611	125.625921150263	-593.919355099651	688.951645466211	271	57	5	9	170	248	195	16	3	50	14727	1164	948	57	1970	0	0	0	0
8	1	3	97	33	up	3	512	483.206031261019	935.973478970071	478.388805228336	586.229881920323	566.461466096046	1024.761539342	574.885707642911	775.999153929166	172.768847887683	114.162890027919	-593.675087883134	688.385115915765	257	91	4	10	150	213	238	8	1	52	14703	1274	861	58	2092	0	0	0	0
8	1	3	98	34	up	0	512	469.079386808832	765.850642402823	493.027793330174	620.302123478373	492.515048255394	876.528692211193	510.27632545226	655.993218614325	200.531342349206	131.453524094744	-593.732483298198	688.518324116621	264	81	5	6	156	263	163	8	6	72	15194	1205	942	67	2029	0	0	0	0
8	1	3	98	34	up	1	512	551.920333157586	1271.58723349257	529.594095054818	732.548743461294	533.73389530602	1090.67814070544	527.150225678633	689.640403109699	221.0243522677	147.313515977937	-593.612665397674	688.240175477932	244	73	3	16	176	261	176	12	3	60	15122	1151	1071	64	2097	0	0	0	0
8	1	3	98	34	up	2	512	496.478573746957	956.869267859543	491.887235052114	602.791163791854	542.265824660398	1108.04798906032	542.694827006197	745.289388292137	212.720585047509	137.279232465257	-593.789455248955	688.650189095338	262	79	2	10	159	251	184	12	6	59	15284	1104	964	56	1973	0	0	0	0
8	1	3	98	34	up	3	512	504.665011598523	936.612066057638	504.641314552797	630.064947876301	532.02569137352	1088.69410538263	530.290311134024	715.317297990591	193.885632908956	120.629609930743	-593.761233744202	688.584716276905	257	72	3	9	171	257	175	12	5	63	15296	1126	930	56	2008	0	0	0	0
8	1	3	99	35	up	0	512	525.087517427588	1046.70209185291	514.903401643543	646.110042722764	508.302299168836	906.062178507264	519.877922817877	679.236474270477	208.163280917052	133.173616889309	-593.709899602566	688.465698285678	248	71	2	11	180	256	177	8	6	65	15725	1177	954	64	1851	0	0	0	0
8	1	3	99	35	up	1	512	512.179720026027	990.249763464237	513.168558757355	660.667549723265	498.446164547897	777.968165674379	511.634122293417	621.005935030142	220.452646399015	140.86522368886	-593.811356707061	688.700267536825	245	78	3	10	176	271	182	5	1	53	15630	1225	1005	60	1900	0	0	0	0
8	1	3	99	35	up	2	512	518.667044253212	997.56107053774	524.019779020544	688.976127565661	495.327650714466	743.244446036859	511.552450763952	618.639121314629	201.422281616859	123.956867601869	-593.537659084593	688.065984657589	254	68	2	10	178	258	190	4	0	60	15544	1298	1005	73	1971	1	0	0	2
8	1	3	99	35	up	3	512	505.921292846948	1073.20628891571	493.199098053764	626.082858164979	493.667044253211	809.696325453364	512.095027950631	643.946183030925	213.897904120322	139.145712012596	-593.678888510074	688.393860581798	278	74	1	13	146	262	177	6	1	66	15609	1202	1048	61	1889	0	0	0	0
8	1	3	100	36	up	0	512	505.845351486022	863.124261985771	510.568609096279	630.955353722041	519.559653382588	963.338899578543	520.984900045773	675.748557619224	212.647068312527	141.006461178933	-593.907672631988	688.923943483505	265	58	4	7	178	256	184	9	0	63	16099	1263	1002	68	1847	0	0	0	0
8	1	3	100	36	up	1	512	506.353961949459	937.668827977082	506.779928260684	629.157480046851	512.274914968517	941.791219703847	509.827858118138	640.609251885402	211.509841931624	135.441829634414	-593.642010995499	688.308114063903	262	68	2	9	171	273	170	9	4	56	16099	1285	979	69	1826	0	0	0	0
8	1	3	100	36	up	2	512	505.240473114768	932.244878482287	510.070624287007	644.691952419333	483.052002608513	780.36017341974	497.450976263243	603.469411069492	228.650624027154	152.365810891662	-593.808838742377	688.695055636072	269	64	3	9	167	285	159	6	4	58	16134	1148	1092	58	1807	0	0	0	0
8	1	3	100	36	up	3	512	559.84738414071	1321.04887460961	530.650545557983	743.323409458292	555.192875643523	1128.37215932269	548.547708539426	752.865351461353	219.213127562517	139.105665399739	-593.884297920531	688.87031552594	246	71	0	17	178	257	193	12	3	47	16076	1266	1027	63	1857	0	0	0	0
8	1	3	101	37	up	0	512	518.244538424146	993.306966092479	509.924024806064	642.982448500659	528.417820658215	1017.43513248216	523.959783494383	676.126308313185	230.737614715535	150.968996351085	-593.691979723602	688.424102159601	263	63	1	10	175	246	188	10	2	66	16634	1209	1031	70	1842	0	0	0	0
8	1	3	101	37	up	1	512	497.87979333977	811.834681857319	502.938880570078	596.209790605791	489.481566091008	859.027131137815	496.640906166077	603.140830471029	242.588864733993	165.161000399962	-593.639935946779	688.303512728632	269	57	5	6	175	293	151	8	4	56	16549	1236	1090	69	1762	0	0	0	0
8	1	3	101	37	up	2	512	528.877760685081	1118.72381466628	519.434595450631	686.571460467753	530.950709701956	1122.20674201956	516.593074441587	674.461874844741	221.201999148131	147.0146131425	-593.558567204312	688.114851347687	260	68	3	13	168	262	170	13	1	66	16530	1280	1063	71	1831	0	0	0	0
8	1	3	101	37	up	3	512	545.998307173201	1251.45197031358	518.860831735811	693.591144322602	520.519113564772	1035.50874049639	511.117391778899	648.06908826717	231.293241200611	152.138030107516	-593.827610627669	688.73894022456	266	63	4	16	163	257	174	11	1	69	16428	1309	1127	80	1800	0	0	0	0
8	1	3	102	38	up	0	512	542.716674379146	1179.83734263685	529.157379558793	711.390917587394	489.021626064143	868.931351338051	492.690776560686	588.000143669391	222.774150869938	144.283674591131	-593.631824760025	688.284060346656	255	65	3	14	175	271	160	8	2	71	16947	1349	1096	64	1737	0	0	0	0
8	1	3	102	38	up	1	512	511.536334491647	983.378362299347	518.019087734452	686.524707616743	505.662978943834	1010.6098459869	507.808693403465	662.649062934654	240.210213280066	160.442201779612	-593.77637063723	688.619795282468	255	71	6	10	170	252	162	11	6	81	16995	1281	1119	61	1776	0	0	0	0
8	1	3	102	38	up	2	512	519.194908298212	887.702536693395	521.484508592153	644.519684044648	498.744058579465	821.296771946522	507.03751963148	625.848675092946	233.38913239843	155.634980708769	-593.795556611321	688.663312409764	262	51	2	7	190	254	183	6	2	67	16955	1344	1068	89	1644	0	0	0	0
8	1	3	102	38	up	3	512	526.104738354462	973.378811271516	530.222001787595	707.189497318853	510.845351486022	1019.29055657481	510.626797478284	680.906198339222	223.910199131877	148.339376569853	-593.657470341564	688.344191478063	254	58	4	9	187	253	166	11	5	77	16909	1398	1077	72	1740	0	0	0	0
8	1	3	103	39	up	0	512	549.175654716649	1082.55796904941	547.738501651305	729.295650213143	486.901079576022	759.957077715769	504.851987725637	623.478689649858	229.114729546895	156.472689216025	-593.631050902049	688.282725360317	255	48	5	11	193	265	174	5	4	64	17385	1409	1105	69	1672	0	0	0	0
8	1	3	103	39	up	1	512	578.187850644782	1286.91052646902	564.629918581493	815.222208589162	562.073288844766	1352.88611808601	540.735393347223	784.096168812569	219.507951517703	144.944764949804	-593.844987212761	688.778806499596	225	61	6	15	205	253	166	18	10	65	17387	1445	1066	70	1556	0	0	0	0
8	1	3	103	39	up	2	512	514.051042919151	917.931804441905	528.688569923771	680.236497566302	516.747050923516	948.401419634164	511.319912057573	631.954920039111	250.815618082746	169.333338545361	-593.860037510195	688.812933419553	255	63	2	8	184	277	173	9	2	51	17452	1305	1144	67	1517	0	0	0	0
8	1	3	103	39	up	3	512	553.446164547897	1161.58900872282	560.681184712142	787.358858657672	496.824065249769	920.385454956974	498.505736749054	614.455842837621	231.135575298466	148.72611139835	-593.776989590449	688.620906138167	251	54	8	13	186	265	163	9	2	73	17368	1392	1138	70	1518	1	0	0	2
8	1	3	104	40	up	0	512	461.44006658383	788.342878352785	472.427466339055	561.721247092309	477.581899308203	922.137998328857	469.780843380032	561.192295716487	245.596748529605	162.940806344795	-593.902977299747	688.913973701294	264	90	6	7	145	270	143	10	1	88	17878	1376	1162	64	1531	0	0	0	0
8	1	3	104	40	up	1	512	431.132009278818	614.912268645791	449.171813890873	482.391123062349	475.047937299135	838.43555666422	469.325458332515	539.883484422244	233.033400888374	154.172147022235	-593.677678385701	688.391369134243	304	77	1	4	126	287	144	8	2	71	17812	1431	1151	86	1609	0	0	0	0
8	1	3	104	40	up	2	512	501.881825994459	1005.19609890144	489.805180947298	606.691619413107	453.877760685081	592.185010942828	474.686872003435	536.649626065232	243.105584968866	168.177499125595	-593.745446667083	688.547634202466	254	84	2	11	161	280	161	2	1	68	17905	1412	1097	66	1649	0	0	0	0
8	1	3	104	40	up	3	512	465.85444179414	755.115826543323	467.286863148255	545.474747388654	500.086444462262	916.961946170978	497.857168194481	615.79777836791	234.585422286339	159.040171972337	-593.766426017124	688.597239906549	275	76	6	6	149	285	158	9	2	58	17858	1428	1120	74	1501	0	0	0	0
8	1	3	105	41	up	0	512	534.732935616657	1069.49588970259	523.81439636442	682.710427319566	545.02066637478	1120.23025658992	541.133764736884	713.849586855675	245.52990044346	167.299585760694	-593.518309089412	688.020563767894	231	74	4	11	192	237	193	12	3	67	18261	1437	1219	75	1499	0	0	0	0
8	1	3	105	41	up	1	512	534.453222201327	1159.35662709093	512.625897454492	656.101446275455	590.634635054152	1411.39167446037	563.56973331127	807.038580394363	267.604068360308	186.580807721126	-593.726380011117	688.503398029586	272	61	1	14	164	235	197	18	4	58	18235	1419	1257	81	1512	0	0	0	0
8	1	3	105	41	up	2	512	525.652815670389	1145.04443033646	516.077410911045	693.951946862369	549.96290563009	1088.33757332046	558.524977461072	772.511224546337	247.32761157245	165.645263228673	-593.960878761611	689.047709667454	267	69	5	14	157	248	198	11	2	53	18455	1383	1079	75	1518	0	0	0	0
8	1	3	105	41	up	3	512	505.950709701956	934.315389139873	508.697697895948	638.078907201476	556.056067917891	1270.06971187369	542.416863441446	749.829858326741	254.678090415746	176.861477175536	-593.60190370919	688.215417990637	266	65	4	9	168	263	172	16	3	58	18157	1501	1261	73	1540	0	0	0	0
8	1	3	106	42	up	0	512	512.696347832256	1004.19653134687	500.743109984806	614.603482206399	510.336741022584	944.772598378811	509.303151028188	637.344531739267	245.968244086671	171.691962333833	-593.92572404645	688.965857446388	297	49	2	11	153	260	174	9	3	66	18767	1501	1168	68	1409	0	0	0	0
8	1	3	106	42	up	1	512	540.662978943834	1140.22625715725	528.33554471093	701.581268253297	491.008470446646	802.123817145288	503.737283590991	615.540628504767	248.780169757643	165.140253329535	-593.623012675126	688.263426022185	256	62	3	13	178	267	172	6	3	64	18694	1508	1218	84	1445	0	0	0	0
8	1	3	106	42	up	2	512	523.916267848208	1038.49632214802	520.458961243598	694.060030883159	510.289143551339	950.474154494167	511.586123452283	661.153924215078	249.196555674634	174.293843668543	-593.624563232946	688.267359855547	258	64	6	11	173	248	179	9	2	74	18717	1496	1186	105	1424	0	0	0	0
8	1	3	106	42	up	3	512	559.694428453531	1144.3397933912	548.290056095214	747.183459976616	510.797754014776	950.85464183549	511.071866564797	654.567727932583	244.357045091846	166.991094833564	-593.819187116879	688.719099469388	237	56	4	12	203	245	178	9	6	74	18852	1428	1142	82	1447	0	0	0	0
8	1	3	107	43	up	0	512	516.161426133826	1055.47813326841	521.198191724394	726.201428181937	491.862572412896	840.184570234029	502.944716234682	612.935955821154	250.432718397491	168.234666779139	-593.749322147034	688.556894860588	272	65	5	12	158	267	169	7	1	68	19223	1509	1212	72	1394	1	0	0	2
8	1	3	107	43	up	1	512	512.237480770716	844.756641964992	531.214120353506	689.335126064726	509.47247578289	972.392547614602	497.450749356548	605.927354409813	268.185535556064	185.271006707944	-593.643568529322	688.31162141774	250	59	4	6	193	275	163	10	3	61	19131	1596	1212	77	1325	1	0	0	2
8	1	3	107	43	up	2	512	479.568743690706	818.275032606416	488.350843920031	588.351565839678	490.749083578205	871.789444473598	516.784357944995	689.340816546592	274.941780355192	198.295265020966	-593.73634786323	688.527130256128	270	75	1	7	159	266	160	8	7	71	19111	1527	1304	74	1353	0	0	0	0
8	1	3	107	43	up	3	512	527.111796007892	1076.90252760369	527.632039473429	709.383744043697	547.841286176644	1222.81827233965	529.22900806719	727.992894006781	262.303026387938	184.071599655951	-593.582431347692	688.170051391798	263	62	7	12	168	259	173	15	2	63	19183	1542	1192	99	1420	0	0	0	0
8	1	3	108	44	up	0	512	500.739993270087	932.263508070693	500.519788377393	635.460615288269	529.328610403829	1042.23822653346	519.12743134542	660.812661877737	276.658497183916	202.883466762417	-593.755723642483	688.57193729476	252	78	3	9	170	272	173	11	4	52	19669	1505	1261	93	1285	0	0	0	0
8	1	3	108	44	up	1	512	517.332675713206	952.464392793638	518.287793006483	653.687866120175	488.600193200403	769.444000370038	507.808659766986	637.044906150261	267.336526670174	192.715164641528	-593.756958132549	688.575132108462	266	56	6	9	175	247	180	5	7	73	19640	1520	1283	85	1247	0	0	0	0
8	1	3	108	44	up	2	512	520.26881700445	1060.58944116825	521.842545327964	691.863808979998	482.341766021325	926.537996676183	477.733439234675	566.10115270261	265.400066588214	182.267524407743	-593.599215333032	688.208504441413	278	59	3	12	160	276	143	10	3	80	19577	1599	1269	83	1259	0	0	0	0
8	1	3	108	44	up	3	512	530.96996328352	1086.05197609794	526.34135394616	692.841146230643	474.981086246327	769.072368521537	486.856827491043	579.813057005718	257.429635402666	180.712574944586	-593.784259996918	688.637484327797	261	62	3	12	174	280	155	6	4	67	19706	1460	1276	86	1319	0	0	0	0
8	1	3	109	45	up	0	512	528.570776345395	1082.92470352091	521.791271576764	690.220780858804	518.599120235077	1060.45995265217	516.614005322253	683.973985287709	265.727559535949	181.364255336552	-593.647446286854	688.321068917254	259	65	3	12	173	272	161	12	3	64	20034	1656	1258	92	1313	1	0	0	2
8	1	3	109	45	up	1	512	508.753148887583	903.740669024433	520.309680831558	664.480763742843	499.002372482579	920.92203860969	501.884537455705	627.491115750976	255.659619319694	178.284195145605	-593.890011948183	688.883032633084	268	59	1	8	176	272	162	9	2	67	20038	1694	1231	77	1207	0	0	0	0
8	1	3	109	45	up	2	512	483.139180208211	755.443996238353	502.476597551531	616.194908176875	497.765344815717	822.310520684663	520.406622629164	662.791535495885	274.54716756316	202.949774619099	-593.650101159662	688.327287499284	262	69	3	5	173	246	184	6	4	72	19983	1645	1326	86	1257	0	0	0	0
8	1	3	109	45	up	3	512	522.390436457896	1074.33046826778	515.649638036104	683.086628009731	529.147310826967	1020.4063087478	522.835611676088	680.816141617698	266.937854615166	184.187347296764	-593.959239588882	689.043928332034	251	73	7	12	169	238	189	10	6	69	20282	1489	1212	57	1139	0	0	0	0
8	1	3	110	46	up	0	512	547.525211528839	1157.49322479137	539.948099671002	738.944130455832	500.365084912266	959.363279039755	507.601967444008	658.003634016854	272.444914730359	197.802942603437	-593.652099241463	688.331486011174	244	65	2	13	188	269	158	10	4	71	20612	1588	1263	89	1201	0	0	0	0
8	1	3	110	46	up	1	512	527.006437791957	968.655968919908	530.698977093995	685.900554928583	510.96996328352	943.160623218246	508.5481263094	636.825763697555	278.22763506164	195.867786311131	-593.609872524797	688.234603771274	266	49	6	9	182	265	172	9	4	62	20488	1677	1306	81	1173	0	0	0	0
8	1	3	110	46	up	2	512	510.345831330703	937.243103252038	512.028308262118	641.25698790351	502.802779013517	890.207627568846	508.612546997874	630.594407008681	274.341000074782	199.335735550788	-593.828878905784	688.741545787521	278	55	2	9	168	273	168	8	4	59	20532	1624	1313	83	1226	1	0	0	2
8	1	3	110	46	up	3	512	496.161426133826	838.502525124676	502.633376963822	603.577764585618	510.797754014776	913.825818101127	513.217846618718	650.470650862668	269.839894952804	195.521898739735	-593.720014433836	688.489149069769	288	52	0	7	165	253	183	8	1	67	20472	1698	1316	66	1132	0	0	0	0
8	1	3	111	47	up	0	512	566.517080910083	1217.87681362102	564.264584824739	808.00315769576	538.686297834775	1141.35308902548	519.194911702096	688.13950563996	282.974166479234	205.612852479251	-593.714014203773	688.47467341579	256	46	6	14	190	245	180	13	4	70	20993	1659	1319	93	1114	0	0	0	0
8	1	3	111	47	up	1	512	531.690363144153	948.330921371633	545.308459776552	715.571587715003	492.823105560407	817.147772424442	505.930660679259	635.125582759826	265.131620502	185.233252774113	-593.827872322045	688.738915149239	251	52	4	8	197	239	183	6	4	80	20963	1733	1282	86	1066	0	0	0	0
8	1	3	111	47	up	2	512	582.860539758207	1353.33534911804	564.247523243853	794.630698192505	476.210096570397	817.088782170894	481.917764161803	573.031735153144	271.336561514438	188.976048923828	-593.734690562635	688.522787810793	258	46	2	17	189	259	160	7	2	84	21087	1632	1268	77	1138	0	0	0	0
8	1	3	111	47	up	3	512	517.639660052892	914.152640879651	529.626241853136	687.252259397133	547.458360476031	1125.21207597368	537.524836764378	733.035974945572	279.11407535239	200.915433311241	-593.947855198354	689.017463513934	275	47	4	8	178	237	196	12	1	66	20978	1677	1331	78	1086	0	0	0	0
8	1	3	112	48	up	0	512	450.729829996642	622.188112431158	467.06668719805	513.56870316516	465.240473114768	757.655075107256	469.342719219295	546.314879874033	285.331405687978	203.417436459264	-593.926178298372	688.967188507649	279	74	3	3	153	269	152	6	4	81	21563	1613	1319	81	1028	0	0	0	0
8	1	3	112	48	up	1	512	516.727797341953	984.556185555791	504.078444946698	618.669450531176	467.955734700697	900.244866087232	455.816602310789	532.498257779301	289.379836351365	214.426415824911	-593.646011155984	688.317124163858	278	55	0	10	169	282	131	10	2	87	21490	1620	1365	101	1045	1	0	0	2
8	1	3	112	48	up	2	512	465.892948957267	719.914941820378	476.363210053433	551.736238804895	491.017560754765	979.871479666906	486.667376224367	615.011392531914	287.734018549019	205.582548067985	-593.705170397887	688.454269987411	277	72	3	5	155	265	146	11	7	83	21463	1639	1386	88	1035	1	0	0	2
8	1	3	112	48	up	3	512	529.558580417262	1222.60318577471	502.88386059683	664.036885019176	445.240473114768	651.819153757243	457.90046060056	517.675992932677	293.313330123339	216.61539262862	-593.925134973888	688.964467104513	269	73	4	16	150	269	146	4	6	87	21384	1689	1398	105	999	0	0	0	0
8	1	3	113	49	up	0	512	537.120886316011	1196.42846400659	526.082610980824	713.541263967402	519.559653382588	963.312291783228	525.249213133881	672.746128294038	312.865185875422	249.091781021312	-593.681955099499	688.400603039891	277	59	3	15	158	252	183	9	4	64	21796	1724	1484	84	982	0	0	0	0
8	1	3	113	49	up	1	512	514.079386808832	1022.46926951222	516.876911237321	677.629667353537	563.225284842583	1323.13579065318	536.123931447278	738.632783386697	295.575849921404	219.117468327442	-594.075573568686	689.314019928113	256	72	7	11	166	252	177	17	2	64	21901	1733	1366	88	954	1	0	0	2
8	1	3	113	49	up	2	512	527.783525431954	1114.20053077953	517.806789142283	682.078162254398	546.027724028209	1149.64310986273	537.471706326027	713.021742672893	283.568796658882	205.512729264614	-593.822777970462	688.727601876352	262	66	7	13	164	254	182	13	4	59	21913	1761	1337	77	981	0	0	0	0
8	1	3	113	49	up	3	512	542.515048255394	1141.09188779091	535.67160347185	738.786462054201	538.821072905718	1036.62449266938	541.506885681511	715.533075231346	301.12861763571	223.34181395522	-593.654133151951	688.336417476038	259	58	5	13	177	242	197	10	2	61	21743	1784	1476	85	1015	0	0	0	0
8	1	3	114	50	up	0	512	557.400599731341	1249.45907949795	543.487816273949	762.142745446052	514.865564756947	1160.51094404038	501.189702179195	667.208643077135	309.841021449458	236.905942797296	-593.940667569584	689.00071537799	232	72	5	15	188	274	143	15	3	77	22474	1676	1369	81	927	0	0	0	0
8	1	3	114	50	up	1	512	517.515048255394	1027.36461356121	513.930391722211	654.057519658612	489.482639056335	875.040002590045	498.674569391869	629.200064294004	296.512233352761	218.472911764401	-593.870090016965	688.836469805321	263	67	2	11	169	260	165	8	1	78	22336	1773	1383	108	889	1	0	0	2
8	1	3	114	50	up	2	512	542.121959281337	1146.22182527916	535.609872081084	729.87558335109	511.468410473512	1083.35928373877	498.804501919744	633.948182079812	288.973159860256	211.844693241902	-593.914039458868	688.938991725749	248	66	3	13	182	273	150	13	4	72	22356	1803	1357	84	887	0	0	0	0
8	1	3	114	50	up	3	512	508.532269182269	901.123372304804	515.91754648098	644.88006707293	490.11586131727	799.290556574807	507.633312014485	646.432542897995	298.164966593868	228.523580744477	-593.747655482042	688.552391054476	269	57	5	8	173	269	170	6	4	63	22231	1787	1481	101	929	0	0	0	0
8	1	3	115	51	up	0	512	520.787590741332	1032.39787330535	520.267343689609	676.894764683505	499.914235193519	850.545101728866	506.451655624376	628.468260929528	297.934987043932	231.392359292251	-593.859282144065	688.81252816333	264	64	2	11	171	273	172	7	2	58	22714	1880	1399	119	853	1	0	0	2
8	1	3	115	51	up	1	512	507.976061247586	869.362401753843	519.073472672925	651.17670558917	491.939586739149	806.811624522502	501.745146923363	603.894061087818	301.354054630298	225.783889863732	-593.597729171878	688.206124494282	260	60	3	7	182	263	176	6	0	67	22723	1816	1458	115	888	1	0	0	2
8	1	3	115	51	up	2	512	524.568743690706	1000.78279665645	528.660997002574	690.270314919474	520.768337159768	1068.52603143166	505.016763666334	640.333717068976	294.663824032641	213.544280224009	-593.811481893924	688.700768655634	270	54	1	10	177	261	166	12	4	69	22836	1783	1388	105	907	1	0	0	2
8	1	3	115	51	up	3	512	508.081419463521	977.608960437623	510.751161142419	662.436932470924	493.14827051633	800.832461786586	503.943209344743	615.355540679155	308.779271905986	236.339092962775	-593.677550905034	688.390295800702	257	73	4	10	168	280	170	6	1	55	22840	1780	1407	85	855	1	0	0	2
8	1	3	116	52	up	0	512	544.281012932584	1145.85774332382	533.896432734367	721.036778578368	518.023658718831	1064.82714022752	497.322332412942	624.074195321031	314.534104267248	237.571293872989	-593.869855108218	688.836923062656	260	58	0	13	181	260	165	12	3	72	23274	1789	1463	98	808	0	0	0	0
8	1	3	116	52	up	1	512	537.093615391655	996.657752413528	542.711057565382	725.144564355426	520.547457454454	1028.87991097767	506.174368690723	645.014762271363	316.204559693081	246.551938202105	-593.801634599333	688.67812032203	243	57	4	9	199	270	168	11	3	60	23207	1857	1476	84	820	0	0	0	0
8	1	3	116	52	up	2	512	526.190842988834	895.420938903537	533.948811987819	672.886396570868	491.49782732852	875.741109733232	491.450575417072	593.46753584614	318.860014226357	244.62152795739	-593.754749934737	688.570060798214	272	40	1	7	192	265	164	8	2	73	23322	1775	1431	96	760	0	0	0	0
8	1	3	116	52	up	3	512	533.388403803207	1127.16195360801	526.552667919948	709.608649042564	496.133082244144	882.160178377762	498.003180367121	607.687410277038	306.456968806094	227.496482007185	-593.984228938604	689.101296053397	258	66	3	13	172	267	166	8	3	68	23278	1828	1417	101	750	0	0	0	0
8	1	3	117	53	up	0	512	553.062165881958	1270.38235346864	533.356317708176	720.708367321219	483.225284842583	825.707849989088	494.045903819567	617.483529444637	323.323407862581	255.966417417271	-593.542878022109	688.078043058038	250	68	4	16	174	264	162	7	4	75	23537	1898	1600	101	714	0	0	0	0
8	1	3	117	53	up	1	512	527.361019602888	1109.97303412959	520.585646801622	683.726156949383	515.077354154143	1022.40940197276	511.341510862467	660.272813308908	315.051017426122	240.900782508921	-593.633342805839	688.288492544532	275	60	2	13	162	267	167	11	0	67	23562	1905	1579	90	741	0	0	0	0
8	1	3	117	53	up	2	512	513.273955279154	994.746439555665	511.644293431356	667.710678110536	531.229350151961	1090.49721182898	521.058817130083	679.453106316002	322.015151348896	255.711165981853	-593.677463107583	688.390715091632	239	81	3	10	179	254	178	12	1	67	23670	1874	1488	104	703	0	0	0	0
8	1	3	117	53	up	3	512	566.603185544455	1362.27813822643	543.992377595796	768.860793244957	490.086444462262	901.09941702565	492.954983635477	630.110744717476	329.998490405669	270.272335309198	-593.888769174551	688.88045405753	254	63	5	18	172	281	151	9	4	67	23780	1818	1451	87	740	0	0	0	0
8	1	3	118	54	up	0	512	552.121959281337	1162.08435442448	539.999020232801	719.239144012748	485.11586131727	828.428027429479	488.371558326163	579.927589424351	317.199602173222	245.919561488701	-593.654682430479	688.337699304375	252	57	1	13	189	265	163	7	4	73	24044	1937	1563	104	712	0	0	0	0
8	1	3	118	54	up	1	512	542.764271850391	1137.08035499182	536.841647143911	725.680152837907	501.59302227101	954.311389707205	498.665372797536	627.676508005712	326.735551687442	257.687693416564	-593.77103550816	688.607040169014	271	51	3	13	174	285	153	10	4	60	24156	1865	1517	110	649	0	0	0	0
8	1	3	118	54	up	2	512	546.564678381328	1254.614277865	532.598601663129	732.608242190222	507.332675713206	899.573039913947	508.944756669565	635.195043082289	324.632894396418	252.576565940862	-593.890039171967	688.883350929346	260	66	5	16	165	270	173	8	3	58	24075	1874	1584	115	578	0	0	0	0
8	1	3	118	54	up	3	512	496.920333157586	813.802311794142	505.670366930134	607.09929905965	508.705551416338	835.304754285117	510.64131712832	621.936014807639	320.832727594214	254.042718843739	-593.720209770192	688.490039957802	264	62	2	6	178	260	188	6	2	56	24005	1938	1591	114	715	0	0	0	0
8	1	3	119	55	up	0	512	573.849416795399	1270.77836891004	571.289230042389	804.792985488834	457.495794673831	597.789889314081	479.264241581729	545.28202181365	337.765338520471	274.095992089901	-593.819950086363	688.721171173199	247	51	4	15	195	280	163	2	2	65	24604	1860	1600	96	621	0	0	0	0
8	1	3	119	55	up	1	512	539.885891303837	994.681695297626	552.910947207076	736.714626667673	489.914235193519	834.682572583538	498.83530691052	616.065697937804	330.43183513412	265.467313677877	-593.731167733515	688.514816915916	260	45	2	9	196	269	165	7	4	67	24643	1849	1560	108	630	0	0	0	0
8	1	3	119	55	up	2	512	584.128057245404	1291.98679939447	580.983820255361	835.537363157925	517.832195868525	1034.53845391172	499.225390128984	622.256552913319	320.696720727176	249.674775533646	-593.693203325182	688.427139989648	239	49	3	15	206	245	174	11	5	77	24522	1952	1564	122	580	0	0	0	0
8	1	3	119	55	up	3	512	600.778500433213	1352.02493585719	587.973734227861	857.657136315354	497.87979333977	1034.22048662602	487.557690448167	617.935790950834	337.213700786965	268.794722810929	-593.774965782534	688.615894017532	246	36	4	16	210	253	153	12	3	91	24571	1913	1592	84	600	1	0	0	2
8	1	3	120	56	up	0	512	559.971995938209	1170.75486260306	562.839202725988	780.274088501912	446.880753029133	679.646639664807	455.980350565519	503.08704850947	346.55263843491	285.489605259165	-593.881408529381	688.863357204596	258	46	5	13	190	295	134	5	4	74	25075	1947	1575	75	559	0	0	0	0
8	1	3	120	56	up	1	512	516.44006658383	912.602308488794	526.753427869844	666.026525999274	433.369150221644	560.079465310849	444.562874855648	469.069573742761	333.061720714869	265.813010919112	-593.723704680006	688.497695540785	276	48	2	8	178	275	148	2	1	86	24938	2025	1582	127	510	0	0	0	0
8	1	3	120	56	up	2	512	566.152335825707	1290.54200024054	549.442525617218	777.398720093067	482.101632734447	885.964602818825	472.33464443394	560.390744777611	324.095956680811	259.125064380313	-593.701740417495	688.446890826064	258	55	0	16	183	286	144	9	3	70	25034	2050	1487	101	568	0	0	0	0
8	1	3	120	56	up	3	512	576.171589407271	1344.36062652359	560.993361839986	797.524716328241	465.11586131727	796.729576934138	460.039949274688	530.573374613716	327.420991360347	254.345067636084	-593.898189519388	688.902052558485	253	54	2	17	186	261	150	7	4	90	25118	1897	1566	91	518	0	0	0	0
8	1	3	121	57	up	0	512	566.076394464781	1117.51540484028	580.72974223992	826.426969840585	481.890916302578	928.88611395433	485.842530111792	627.683346657097	344.071860516428	278.969118709324	-593.812805599824	688.703998965572	241	45	4	11	211	268	145	10	4	85	25625	1921	1531	107	464	0	0	0	0
8	1	3	121	57	up	1	512	570.54853041978	1161.18103630027	577.691872319085	810.974068158669	514.721699377886	1050.40983854987	501.431383581502	647.193602260553	345.049039789029	281.951306684282	-593.818988970188	688.718921943074	241	46	3	12	210	279	155	12	4	62	25477	1949	1631	127	492	0	0	0	0
8	1	3	121	57	up	2	512	589.022699029469	1265.79567224037	586.003065161187	823.202046291852	480.691322833515	853.1983107088	482.879427588282	583.488029394028	344.119466029324	282.343764610943	-593.651782889007	688.330974382814	238	43	1	14	216	273	152	8	4	75	25497	1994	1583	110	441	1	0	0	2
8	1	3	121	57	up	3	512	588.168597063219	1338.90121374066	593.119221478242	905.782086346105	437.648750361011	668.636441387165	455.511669108896	517.769931455372	357.096625457388	297.954029947885	-593.903492563488	688.914942658558	226	57	6	16	207	285	131	5	4	87	25459	1944	1675	106	476	0	0	0	0
8	1	3	122	58	up	0	512	595.49076967509	1420.40143202922	590.282880797066	892.409886936988	441.612275852573	748.9504092402	444.033904375259	497.584772756017	343.814924325513	277.796230580359	-593.767128586818	688.598123146321	232	56	5	18	201	280	126	7	4	95	25994	1983	1589	130	415	0	0	0	0
8	1	3	122	58	up	1	512	583.360059913525	1287.13446852678	592.591103008409	893.160454489447	441.238440460079	680.870149277141	445.724797916187	496.568078449683	357.609707532991	298.520008133147	-593.812733177861	688.703106294304	245	45	5	15	202	272	139	5	3	93	25976	1947	1674	99	397	1	0	0	2
8	1	3	122	58	up	2	512	632.381346149778	1589.79345216964	624.289654403458	1004.12016723459	418.963865319453	606.969924377888	428.00275365161	453.718979604247	347.426083697542	282.779930540546	-593.863008508718	688.820189534189	233	41	3	21	214	274	127	4	3	104	26002	1957	1615	122	416	0	0	0	0
8	1	3	122	58	up	3	512	607.391509423222	1373.30343629041	611.991563126516	946.198016860273	447.610243197884	756.781894580432	443.140949879047	482.394147473205	349.623539233394	281.472716828874	-593.790693429886	688.653038229397	222	46	5	16	223	287	129	7	2	87	25959	1978	1651	108	386	0	0	0	0
8	1	3	123	59	up	0	512	548.869743342289	988.634258501598	577.921464084682	800.99962052894	421.219186878516	648.244425378433	428.296029042823	457.671828074398	375.137888290679	325.885272841177	-593.730467230879	688.513314497071	225	56	4	8	219	269	125	5	4	109	26482	1932	1689	105	339	0	0	0	0
8	1	3	123	59	up	1	512	564.329683369155	1150.78546983104	571.568526926698	807.201016522852	502.054035263202	960.420040959199	486.403158947195	610.507333388552	358.899468201209	299.230816055908	-593.811684923123	688.701434836745	243	50	1	12	206	274	158	10	3	67	26390	2014	1699	105	327	0	0	0	0
8	1	3	123	59	up	2	512	543.524251839476	943.089247669803	565.313785610587	754.142007268881	497.485631400386	1097.44841572139	474.703471970351	613.15419019064	371.310922515795	315.050418886094	-593.801679133525	688.678041070448	230	54	1	7	220	267	136	14	6	89	26410	1968	1714	116	285	0	0	0	0
8	1	3	123	59	up	3	512	620.510023256654	1535.0825874576	607.656100572471	934.317640300596	440.163458788515	640.218707264085	456.743856901577	529.901992604743	354.114970185193	296.041498927079	-593.747692934526	688.552789492748	231	47	3	20	211	277	140	4	5	86	26408	2054	1635	111	369	0	0	0	0
8	1	3	124	60	up	0	512	620.471516093527	1570.28347218055	609.37891089701	960.062629007033	446.842245866006	826.040426772103	435.785457571089	483.952482207812	354.073427616168	295.93079947275	-593.625478728999	688.270027054677	229	51	6	21	205	285	117	9	6	95	26637	2163	1771	149	314	0	0	0	0
8	1	3	124	60	up	1	512	611.412795659475	1493.4280480879	611.855639794326	957.731021507764	439.942579083201	748.820920724122	439.3823021538	492.166527955388	365.70113023108	309.773860072704	-593.835689898234	688.75854186704	206	64	7	19	216	274	127	7	4	100	26771	2100	1720	129	297	0	0	0	0
8	1	3	124	60	up	2	512	576.421885967593	1208.08702346739	580.343735599835	816.983108592592	428.686297834775	559.335344986359	442.062364110968	472.134959224818	369.964462901242	319.222274359426	-593.730927694192	688.514183366169	240	47	1	13	211	257	150	2	3	100	26771	2033	1795	121	226	0	0	0	0
8	1	3	124	60	up	3	512	593.494834984468	1309.43469590505	600.736321150515	904.972947229891	451.180679715389	768.061721271725	450.662959582987	515.445006750443	363.437090044492	303.239931168914	-593.864757271193	688.825226325233	234	45	4	15	214	271	135	7	6	93	27064	2000	1554	102	264	1	0	0	2
8	1	3	125	61	up	0	512	608.878833650407	1372.6967826889	614.67233656034	946.070953210035	455.768337159768	780.208953826927	442.896985139623	487.009060662111	370.306751346511	320.205148068776	-593.924423609194	688.962919321401	231	40	3	16	222	265	143	7	2	95	27287	2133	1703	109	185	0	0	0	0
8	1	3	125	61	up	1	512	630.203038916968	1552.20143698724	611.919850006186	935.415001474761	425.32657774914	579.218262423602	431.610803104859	448.744615603841	377.018632656532	329.940281939958	-593.665786371415	688.364178678201	230	41	2	20	219	279	134	3	4	92	27256	2095	1768	113	199	0	0	0	0
8	1	3	125	61	up	2	512	578.177687371338	1278.45375793888	578.643170185799	830.819385863553	477.706511105701	994.22979109101	455.347812481605	531.214003688173	373.662986531262	320.411403006586	-593.661062529148	688.353197987637	244	49	6	15	198	266	133	12	4	97	27110	2154	1854	114	202	0	0	0	0
8	1	3	125	61	up	3	512	590.692395798842	1302.95398449081	599.212796417115	904.200124477494	486.026651062883	1038.5614947198	458.483919905603	542.268252108482	370.151203215113	314.937568312373	-593.842090402348	688.772224595906	236	45	6	15	210	279	130	13	3	87	27223	2130	1783	96	193	0	0	0	0
8	1	3	126	62	up	0	512	610.029756682898	1401.01783906788	607.468890595409	920.884888152726	431.142172552263	660.42446870561	432.143127569531	455.448930846374	376.274482033654	329.39654092815	-593.676374025735	688.387688258946	251	30	4	17	210	281	129	5	2	95	27768	2122	1741	113	145	0	0	0	0
8	1	3	126	62	up	1	512	582.525211528839	1361.22049902108	573.663279195285	829.638121099492	429.088477116951	620.813383226011	436.535919883607	466.123018028968	387.173858296629	336.877625915767	-593.804160198901	688.684049022372	240	58	1	17	196	282	132	4	2	92	27909	2064	1665	106	114	0	0	0	0
8	1	3	126	62	up	2	512	630.836261177903	1624.72693268135	604.642132218659	926.817876049582	432.783525431954	593.045315885738	443.311629379093	472.404670588112	375.408250900895	323.573027558058	-593.85109692176	688.793118799873	231	48	1	22	210	278	141	3	2	88	27722	2134	1789	99	147	0	0	0	0
8	1	3	126	62	up	3	512	583.600193200403	1253.59699932479	598.717133771336	887.33077468021	456.49782732852	783.206737887879	448.74885248613	509.920537752248	367.329524539812	310.734026422373	-593.721429364678	688.492651395221	243	43	3	14	209	261	145	7	2	97	27581	2315	1748	100	146	0	0	0	0
8	1	3	127	63	up	0	512	675.260799661658	1811.57527651142	662.923410773934	1108.81264486347	399.798713704139	538.26748271325	415.06117073935	430.309235687988	384.569498089963	333.263456864165	-593.802641125115	688.680483039359	215	36	5	25	231	275	117	3	4	113	28126	2182	1855	93	71	0	0	0	0
8	1	3	127	63	up	1	512	641.814974941651	1750.71539988225	619.876859021447	991.444022196561	446.305291512887	758.124690299515	444.789409908257	498.394780960479	392.980952815989	356.952829203514	-593.853221825335	688.798296823973	227	53	4	25	203	275	130	7	6	94	28177	2158	1800	121	96	0	0	0	0
8	1	3	127	63	up	2	512	599.195981263538	1252.84179930506	624.023616068804	952.611223140513	465.335668057258	894.500296790573	447.710856893876	529.245847566318	392.028921392207	354.179729452414	-593.79586556073	688.66526123517	221	41	5	13	232	281	127	10	6	88	28096	2160	1876	124	71	1	0	0	2
8	1	3	127	63	up	3	512	630.923438777601	1451.56242158593	631.194917340572	968.74287641483	424.184745024767	617.505181772523	433.016770280599	459.030188994461	389.909033531572	345.813120050768	-593.807161094302	688.691355696699	220	36	0	17	239	273	133	4	0	102	28156	2132	1849	119	74	2	0	0	4
# final_twist	63
# completion	PASS
